# Convex hull collision mesh — generated by scripts/generate-collision-meshes.mjs
v 3.500000 0.000000 -10.600000
v 3.500000 10.600000 -0.000000
v 3.500000 -9.364230 0.819264
v -3.500000 10.600000 0.000000
v -3.500000 0.000000 -10.600000
v -3.500000 -0.000000 10.600000
v -3.500000 -10.600000 -0.000000
v -3.500000 7.179184 -7.798674
v 3.500000 0.000000 10.600000
v 3.500000 10.025662 -3.441814
v -3.500000 -6.646804 6.646804
v -3.500000 -7.798674 -7.179184
v -3.500000 4.700000 8.140638
v -3.500000 -7.179184 7.798674
v -3.500000 -5.045043 9.322422
v -3.500000 -1.744703 10.455430
v 3.265553 10.955240 -0.441481
v 3.184697 10.990931 0.000000
v 3.265553 10.964132 0.000000
v -3.500000 5.797650 -8.873964
v -3.500000 1.744703 -10.455430
v -3.100000 -10.919798 -1.325904
v 3.100000 -10.777698 -2.200283
v 3.100000 -10.919798 -1.325904
v 3.100000 -9.526279 -5.500000
v -3.100000 -9.937955 -4.715618
v -3.100000 -9.526279 -5.500000
v 3.500000 -10.275642 -2.602146
v 3.500000 -7.798674 -7.179184
v 3.100000 -5.111955 -9.740016
v -3.100000 -4.311633 -10.119774
v 3.100000 -4.311633 -10.119774
v 3.500000 -7.798674 7.179184
v 3.500000 4.257971 -9.707197
v 3.100000 0.885132 10.964331
v 3.100000 1.764524 10.857553
v -3.100000 1.764524 10.857553
v -3.500000 -9.707197 4.257971
v 3.100000 -5.111955 9.740016
v -3.100000 -5.879124 9.297091
v 3.100000 -5.879124 9.297091
v 3.100000 -6.608165 8.793870
v 3.100000 10.991079 0.442925
v 3.100000 10.991079 -0.442925
v 3.184697 10.982017 -0.442560
v 3.338902 10.911964 -0.439737
v 3.100000 10.919798 -1.325904
v -3.100000 10.919798 -1.325904
v -3.100000 10.991079 0.442925
v -3.100000 10.919798 1.325904
v -3.500000 9.707197 -4.257971
v 3.100000 7.294349 -8.233618
v -3.100000 7.933227 -7.619968
v 3.100000 7.933227 -7.619968
v -3.214630 7.283224 -8.221061
v -3.293176 7.261366 -8.196388
v -3.293176 7.897356 -7.585513
v 3.100000 5.111955 -9.740016
v -3.100000 5.879124 -9.297091
v 3.100000 5.879124 -9.297091
v 3.100000 -3.483348 -10.433901
v 3.100000 -10.991079 0.442925
v 3.100000 -10.919798 1.325904
v -3.100000 -10.919798 1.325904
v -3.500000 -9.707197 -4.257971
v -3.100000 -10.565700 -3.060392
v 3.100000 -10.285179 -3.900654
v 3.100000 -10.565700 -3.060392
v -3.100000 -10.285179 -3.900654
v -3.214630 -10.388122 -3.566247
v 3.100000 -9.052822 -6.248712
v 3.100000 -8.520655 -6.956899
v -3.100000 -8.520655 -6.956899
v 3.100000 -7.933227 -7.619968
v 3.500000 -4.257971 -9.707197
v -3.100000 -5.111955 -9.740016
v -3.100000 -5.879124 -9.297091
v -3.214630 -5.227437 -9.659456
v 3.500000 -10.275642 2.602146
v 3.500000 -4.257971 9.707197
v -3.100000 -10.565700 3.060392
v 3.100000 -10.285179 3.900654
v -3.100000 -10.285179 3.900654
v 3.100000 2.632472 10.680360
v -3.100000 8.520655 -6.956899
v 3.500000 8.364889 -6.510655
v 3.500000 1.744703 -10.455430
v 3.100000 6.608165 8.793870
v 3.100000 5.879124 9.297091
v 3.265553 5.996812 9.178803
v 3.500000 5.797650 8.873964
v 3.500000 10.275642 2.602146
v -3.500000 8.364889 6.510655
v -3.100000 10.565700 3.060392
v -3.100000 10.285179 3.900654
v 3.100000 10.285179 3.900654
v -3.214630 10.388122 3.566247
v -3.100000 7.933227 7.619968
v -3.100000 7.294349 8.233618
v 3.100000 7.933227 7.619968
v -3.100000 8.520655 6.956899
v 3.100000 8.520655 6.956899
v 3.100000 9.052822 6.248712
v 3.265553 4.404242 10.040660
v 3.100000 5.111955 9.740016
v 3.100000 4.311633 10.119774
v -3.100000 5.111955 9.740016
v 3.100000 0.000000 11.000000
v 3.184697 0.000000 10.990931
v -3.100000 -0.000000 11.000000
v 3.100000 -0.885132 10.964331
v -3.100000 0.885132 10.964331
v -3.500000 -8.364889 6.510655
v -3.500000 -10.455430 1.744703
v -3.500000 -0.875341 10.563796
v -3.490930 -0.859761 10.650050
v 3.184697 -5.107740 9.731985
v -3.100000 -6.608165 8.793870
v -3.100000 -7.294349 8.233618
v 3.100000 -7.294349 8.233618
v 3.100000 -7.933227 7.619968
v 3.500000 10.455430 -1.744703
v 3.184697 10.953390 -0.907624
v -3.100000 10.991079 -0.442925
v -3.100000 6.608165 -8.793870
v -3.100000 7.294349 -8.233618
v -3.293176 6.578285 -8.754107
v -3.500000 6.510655 -8.364889
v -3.464132 6.467323 -8.606443
v -3.500000 0.875341 -10.563796
v -3.490930 0.859761 -10.650050
v 3.100000 0.885132 -10.964331
v 3.100000 0.000000 -11.000000
v -3.100000 0.000000 -11.000000
v -3.100000 -0.885132 -10.964331
v 3.100000 -10.991079 -0.442925
v -3.100000 -10.991079 -0.442925
v -3.100000 -3.483348 -10.433901
v -3.100000 -2.632472 -10.680360
v 3.100000 -2.632472 -10.680360
v 3.100000 -1.764524 -10.857553
v 3.184697 -2.698114 -10.654611
v -3.100000 -10.777698 -2.200283
v 3.500000 -9.322422 -5.045043
v 3.184697 -9.201239 -6.011469
v 3.184697 -9.045359 -6.243560
v -3.100000 -9.052822 -6.248712
v 3.100000 -9.937955 -4.715618
v -3.100000 -7.933227 -7.619968
v -3.214630 -8.080620 -7.438735
v 3.184697 -8.086290 -7.443954
v 3.184697 -8.673388 -6.750769
v 3.500000 -6.510655 -8.364889
v 3.450262 -7.310019 -7.940797
v 3.483223 -7.256822 -7.883010
v 3.450262 -7.784065 -7.476696
v 3.483223 -6.581062 -8.455349
v -3.500000 -4.257971 -9.707197
v 3.500000 -10.563796 0.875341
v 3.500000 -9.322422 5.045043
v 3.100000 -10.777698 2.200283
v 3.184697 -10.953390 0.907624
v 3.100000 -2.632472 10.680360
v -3.100000 -2.632472 10.680360
v 3.100000 -3.483348 10.433901
v 3.100000 -1.764524 10.857553
v 3.401416 -9.553689 5.170198
v 3.338902 -9.866421 4.681674
v 3.401416 -9.814147 4.656870
v 3.100000 -9.052822 6.248712
v -3.100000 -8.520655 6.956899
v -3.100000 -9.052822 6.248712
v -3.100000 -7.933227 7.619968
v 3.100000 -9.937955 4.715618
v 3.450262 -0.868490 10.758177
v 3.483223 0.000000 10.714630
v 3.450262 0.000000 10.793176
v 3.450262 3.504539 10.208372
v 3.450262 4.335569 9.884103
v 3.401416 3.527198 10.274376
v -3.100000 2.632472 10.680360
v -3.100000 3.483348 10.433901
v 3.100000 3.483348 10.433901
v 3.184697 2.698114 10.654611
v 3.184697 1.809048 10.841028
v 3.483223 9.812173 -4.304018
v 3.483223 9.680138 -4.593282
v 3.450262 9.884103 -4.335569
v -3.214630 8.080620 -7.438735
v 3.100000 2.632472 -10.680360
v -3.100000 2.632472 -10.680360
v 3.100000 3.483348 -10.433901
v 3.184697 2.630302 -10.671554
v 3.100000 1.764524 -10.857553
v 3.265553 2.623888 -10.645535
v 3.338902 3.458274 -10.358797
v 3.338902 2.613523 -10.603481
v 3.500000 2.602146 -10.275642
v 3.401416 6.672169 8.572402
v 3.450262 6.629306 8.517332
v 3.401416 7.357283 7.992140
v -3.100000 6.608165 8.793870
v 3.338902 10.000997 4.386844
v 3.401416 9.948009 4.363602
v 3.338902 10.211145 3.872576
v 3.265553 10.040660 4.404242
v 3.500000 10.455430 1.744703
v 3.500000 10.025662 3.441814
v -3.100000 9.937955 4.715618
v -3.100000 9.052822 6.248712
v -3.500000 5.045043 9.322422
v -3.293176 10.941381 0.440923
v -3.293176 10.950261 0.000000
v -3.362961 10.892575 0.438956
v -3.214630 10.945710 0.906987
v -3.214630 10.903143 1.323881
v -3.214630 10.549584 3.055724
v 3.401416 8.414503 6.870229
v 3.401416 8.572402 6.672169
v 3.338902 8.459322 6.906823
v 3.184697 8.086290 7.443954
v 3.265553 5.218350 9.642667
v 3.338902 4.386844 10.000997
v 3.338902 5.197736 9.604575
v -3.100000 5.879124 9.297091
v -3.214630 6.007254 9.194786
v -3.500000 2.602146 10.275642
v -3.500000 -3.441814 10.025662
v -3.214630 0.000000 10.983223
v -3.100000 -1.764524 10.857553
v -3.490930 -7.860987 7.236548
v -3.464132 -7.920475 7.291311
v -3.464132 -7.764143 7.457561
v -3.420821 -7.187521 8.113034
v -3.420821 -6.511386 8.665081
v -3.464132 -6.467323 8.606443
v -3.420821 -7.817042 7.508371
v -3.464132 -7.138882 8.058132
v -3.500000 -6.510655 8.364889
v -3.214630 -7.283224 8.221061
v -3.293176 -7.261366 8.196388
v -3.293176 -7.897356 7.585513
v -3.293176 -6.578285 8.754107
v 3.184697 10.982017 0.442560
v 3.265553 10.926684 0.905411
v 3.338902 10.883521 0.901834
v 3.338902 10.911964 0.439737
v 3.100000 10.565700 3.060392
v 3.100000 10.777698 2.200283
v -3.100000 10.777698 2.200283
v 3.450262 10.714481 -1.300974
v 3.401416 10.714805 -1.787985
v 3.401416 10.783757 -1.309385
v 3.500000 10.275642 -2.602146
v 3.483223 10.636509 -1.291506
v 3.483223 10.568497 -1.763570
v 3.401416 10.783757 1.309385
v 3.401416 10.714805 1.787985
v 3.450262 10.714481 1.300974
v 3.401416 10.825858 0.897056
v -3.100000 4.311633 -10.119774
v 3.100000 4.311633 -10.119774
v -3.464132 7.138882 -8.058132
v 3.265553 10.926684 -0.905411
v -3.214630 10.945710 -0.906987
v -3.100000 10.777698 -2.200283
v -3.500000 10.455430 -1.744703
v -3.500000 10.025662 -3.441814
v -3.214630 6.598086 -8.780458
v 3.184697 4.308078 -10.111430
v 3.184697 1.763069 -10.848600
v 3.265553 1.758770 -10.822149
v 3.184697 0.884402 -10.955290
v -3.100000 -1.764524 -10.857553
v -3.214630 -1.807779 -10.833426
v -3.214630 -0.906987 -10.945710
v -3.293176 -0.904265 -10.912861
v 3.100000 -0.885132 -10.964331
v 3.184697 -0.907624 -10.953390
v 3.450262 0.868490 -10.758177
v 3.450262 -0.000000 -10.793176
v 3.401416 0.874105 -10.827736
v 3.483223 -0.000000 -10.714630
v 3.338902 1.751823 -10.779399
v 3.184697 -0.000000 -10.990931
v 3.265553 -0.000000 -10.964132
v 3.338902 0.878761 -10.885408
v 3.401416 1.742541 -10.722288
v 3.401416 -0.000000 -10.862961
v 3.483223 -0.884807 -10.678035
v 3.495784 -0.000000 -10.657926
v 3.184697 -3.568749 -10.395411
v 3.184697 -10.990931 0.000000
v -3.100000 -10.991079 0.442925
v 3.338902 -10.911964 0.439737
v 3.338902 -10.920821 0.000000
v 3.401416 -10.862961 0.000000
v 3.401416 -10.854151 0.437407
v 3.265553 -10.964132 0.000000
v 3.265553 -10.955240 -0.441481
v 3.184697 -10.841028 -1.809048
v -3.214630 -3.566247 -10.388122
v -3.293176 -3.555544 -10.356946
v -3.293176 -2.688130 -10.615187
v -3.500000 -8.873964 -5.797650
v -3.500000 -10.455430 -1.744703
v -3.214630 -10.647140 -2.696222
v -3.214630 -10.833426 -1.807779
v 3.500000 -10.025662 -3.441814
v 3.483223 -10.134082 -3.479035
v 3.483223 -10.018353 -3.799460
v 3.500000 -8.873964 -5.797650
v 3.483223 -7.727417 -7.422286
v 3.483223 -7.883010 -7.256822
v 3.500000 -8.364889 -6.510655
v -3.214630 -9.194786 -6.007254
v 3.184697 -7.926686 -7.613685
v 3.338902 -8.034709 -7.396471
v 3.338902 -7.876123 -7.565119
v 3.401416 -7.992140 -7.357283
v 3.338902 -8.459322 -6.906823
v 3.184697 -8.513629 -6.951163
v 3.265553 -8.492871 -6.934215
v 3.500000 -7.179184 -7.798674
v 3.483223 -5.860347 -8.969930
v 3.401416 -7.834394 -7.525037
v 3.450262 -6.629306 -8.517332
v 3.338902 -5.973123 -9.142545
v 3.265553 -5.996812 -9.178803
v 3.265553 -5.218350 -9.642667
v 3.100000 -7.294349 -8.233618
v 3.265553 -6.734309 -8.652241
v 3.338902 -6.707707 -8.618062
v 3.265553 -7.425805 -8.066574
v 3.100000 -6.608165 -8.793870
v 3.100000 -5.879124 -9.297091
v -3.500000 -6.510655 -8.364889
v 3.450262 -10.784423 0.434597
v 3.450262 -10.756311 0.891293
v 3.401416 -10.825858 0.897056
v 3.450262 -10.793176 0.000000
v 3.500000 -8.364889 6.510655
v 3.500000 -10.025662 3.441814
v 3.500000 -6.510655 8.364889
v 3.184697 -10.841028 1.809048
v 3.184697 -2.630302 10.671554
v 3.338902 -2.613523 10.603481
v 3.265553 -2.623888 10.645535
v 3.338902 -3.458274 10.358797
v 3.401416 -2.599677 10.547303
v 3.184697 -3.480476 10.425298
v 3.184697 -1.763069 10.848600
v 3.184697 -0.884402 10.955290
v 3.338902 -9.604575 5.197736
v 3.338902 -9.457708 5.460411
v 3.401416 -9.094107 5.941476
v 3.338902 -9.142545 5.973123
v 3.184697 -8.513629 6.951163
v 3.184697 -8.673388 6.750769
v 3.265553 -8.492871 6.934215
v 3.184697 -8.086290 7.443954
v 3.100000 -8.520655 6.956899
v 3.184697 -10.065201 4.415006
v 3.184697 -10.276698 3.897438
v -3.214630 -10.269492 3.894705
v -3.214630 -10.058143 4.411911
v 3.500000 -1.744703 10.455430
v 3.450262 -1.731347 10.653407
v 3.401416 -1.742541 10.722288
v 3.401416 -0.874105 10.827736
v 3.338902 -0.878761 10.885408
v 3.500000 2.602146 10.275642
v 3.184697 3.568749 10.395411
v 3.265553 3.560048 10.370065
v 3.338902 2.680903 10.586647
v 3.401416 2.666699 10.530557
v 3.401416 1.787985 10.714805
v 3.338902 1.797508 10.771875
v 3.401416 0.897056 10.825858
v 3.450262 0.891293 10.756311
v 3.450262 1.776498 10.645971
v 3.184697 0.907624 10.953390
v 3.265553 0.905411 10.926684
v 3.500000 9.322422 -5.045043
v 3.100000 9.937955 -4.715618
v -3.100000 10.285179 -3.900654
v 3.100000 10.285179 -3.900654
v 3.450262 10.645971 -1.776498
v 3.450262 10.091795 -3.827313
v 3.500000 7.179184 -7.798674
v 3.100000 8.520655 -6.956899
v -3.100000 9.052822 -6.248712
v -3.214630 8.667306 -6.746035
v -3.214630 7.921127 -7.608346
v 3.184697 3.480476 -10.425298
v 3.500000 0.875341 -10.563796
v 3.483223 1.718748 -10.575879
v 3.500000 3.441814 -10.025662
v 3.483223 4.199777 -9.857240
v 3.450262 7.310019 7.940797
v 3.483223 6.581062 8.455349
v 3.401416 7.834394 7.525037
v 3.401416 5.941476 9.094107
v 3.450262 5.903307 9.035685
v 3.100000 7.294349 8.233618
v 3.184697 7.443954 8.086290
v 3.265553 6.734309 8.652241
v 3.450262 9.884103 4.335569
v 3.483223 9.812173 4.304018
v 3.450262 10.091795 3.827313
v 3.483223 10.018353 3.799460
v 3.483223 10.134082 3.479035
v 3.450262 10.575052 2.158912
v 3.401416 10.643428 2.172871
v 3.450262 10.462908 2.649568
v 3.483223 10.291596 2.980997
v 3.483223 10.386765 2.630286
v 3.450262 10.367041 3.002850
v 3.401416 10.434071 3.022265
v 3.401416 10.530557 2.666699
v 3.338902 10.586647 2.680903
v 3.184697 10.395411 3.568749
v 3.338902 10.489646 3.038363
v 3.265553 10.531247 3.050413
v 3.338902 10.329101 3.545985
v 3.401416 10.274376 3.527198
v 3.483223 9.423236 5.099600
v 3.450262 9.492314 5.136984
v 3.483223 9.279142 5.357315
v 3.401416 9.553689 5.170198
v 3.401416 9.407600 5.431480
v 3.450262 9.347164 5.396588
v 3.184697 9.929761 4.711730
v 3.184697 10.065201 4.415006
v 3.500000 10.563796 0.875341
v 3.100000 9.526279 5.500000
v -3.214630 8.667306 6.746035
v -3.464132 10.756823 0.433485
v -3.464132 10.765553 0.000000
v -3.490930 10.676032 0.430229
v -3.464132 10.728784 0.889012
v -3.490930 10.648203 0.882335
v -3.490930 10.606793 1.287898
v -3.420821 10.830112 0.436439
v -3.420821 10.801881 0.895069
v -3.362961 10.864182 0.900232
v -3.500000 9.707197 4.257971
v -3.500000 10.455430 1.744703
v -3.293176 9.483205 5.475131
v -3.214630 9.194786 6.007254
v -3.214630 9.511750 5.491611
v -3.214630 8.507659 6.946289
v -3.214630 7.438735 8.080620
v -3.420821 10.759873 1.306485
v -3.214630 10.983223 0.000000
v -3.293176 10.912861 0.904265
v -3.214630 -8.667306 -6.746035
v -3.214630 -10.269492 -3.894705
v 3.401416 7.992140 7.357283
v 3.184697 7.926686 7.613685
v 3.401416 4.363602 9.948009
v -3.500000 3.441814 10.025662
v -3.500000 -2.602146 10.275642
v -3.490930 -3.383502 10.134825
v -3.500000 -4.257971 9.707197
v -3.100000 -3.483348 10.433901
v 3.100000 -4.311633 10.119774
v -3.100000 -5.111955 9.740016
v -3.293176 0.000000 10.950261
v -3.214630 -0.883782 10.947608
v -3.214630 0.906987 10.945710
v -3.293176 0.904265 10.912861
v -3.100000 -0.885132 10.964331
v -3.214630 -1.761833 10.840993
v -3.100000 -10.777698 2.200283
v -3.420821 -10.830112 0.436439
v -3.420821 -10.801881 0.895069
v -3.464132 -10.728784 0.889012
v -3.464132 -10.765553 0.000000
v -3.420821 -10.838902 0.000000
v -3.500000 -7.798674 7.179184
v -3.500000 -9.322422 5.045043
v -3.100000 -9.937955 4.715618
v -3.362961 -7.228976 8.159827
v -3.500000 -5.797650 8.873964
v -3.464132 -5.753820 9.098939
v 3.338902 -7.876123 7.565119
v 3.401416 -7.203475 8.131042
v 3.338902 -7.241844 8.174352
v -3.214630 -7.921127 7.608346
v -3.214630 -6.598086 8.780458
v -3.293176 -5.852540 9.255053
v 3.338902 10.920821 0.000000
v 3.265553 10.955240 0.441481
v 3.184697 10.556988 3.057869
v 3.450262 10.756311 0.891293
v 3.483223 10.678035 0.884807
v 3.450262 10.784423 0.434597
v 3.401416 10.825858 -0.897056
v 3.483223 10.498095 -2.143201
v 3.500000 10.563796 -0.875341
v 3.483223 10.705940 -0.431435
v 3.401416 10.643428 -2.172871
v 3.338902 10.700118 -2.184445
v 3.338902 10.771875 -1.797508
v -3.500000 5.045043 -9.322422
v -3.362961 7.228976 -8.159827
v -3.100000 10.565700 -3.060392
v -3.214630 10.647140 -2.696222
v 3.184697 10.910794 -1.324810
v 3.265553 10.884192 -1.321580
v 3.184697 10.841028 -1.809048
v 3.265553 10.814595 -1.804637
v -3.214630 10.388122 -3.566247
v -3.214630 10.833426 -1.807779
v -3.293176 10.870421 -1.319908
v -3.293176 10.800914 -1.802354
v 3.100000 10.777698 -2.200283
v 3.184697 10.768810 -2.198468
v -3.464132 10.728784 -0.889012
v -3.420821 10.801881 -0.895069
v -3.420821 10.759873 -1.306485
v -3.490930 10.676032 -0.430229
v -3.490930 10.648203 -0.882335
v -3.500000 10.563796 -0.875341
v -3.500000 10.275642 -2.602146
v -3.490930 10.468766 -2.137214
v -3.490930 10.262845 -2.972669
v -3.490930 9.990365 -3.788846
v -3.490930 9.784760 -4.291994
v -3.362961 9.440903 -5.450708
v -3.293176 9.483205 -5.475131
v -3.362961 9.126300 -5.962510
v -3.362961 9.587509 -5.188500
v -3.293176 9.630467 -5.211749
v -3.214630 9.659456 -5.227437
v -3.214630 9.511750 -5.491611
v -3.100000 9.526279 -5.500000
v -3.464132 9.726144 -4.615112
v -3.420821 9.792410 -4.646556
v -3.420821 9.532530 -5.158747
v -3.100000 0.885132 -10.964331
v -3.214630 1.761833 -10.840993
v -3.214630 0.883782 -10.947608
v -3.293176 -0.000000 -10.950261
v 3.184697 5.107740 -9.731985
v 3.483223 0.862170 -10.679886
v 3.265553 0.882246 -10.928578
v 3.338902 -0.000000 -10.920821
v 3.184697 -1.809048 -10.841028
v 3.500000 -1.744703 -10.455430
v 3.450262 -2.649568 -10.462908
v 3.450262 -3.504539 -10.208372
v 3.401416 -3.527198 -10.274376
v 3.265553 -2.691535 -10.628633
v 3.265553 -1.804637 -10.814595
v 3.338902 -2.680903 -10.586647
v 3.265553 -3.560048 -10.370065
v 3.184697 -10.982017 0.442560
v 3.265553 -10.926684 0.905411
v 3.338902 -10.883521 0.901834
v 3.338902 -10.841196 1.316360
v 3.184697 -10.953390 -0.907624
v 3.184697 -10.982017 -0.442560
v 3.265553 -10.814595 -1.804637
v 3.265553 -10.884192 -1.321580
v 3.184697 -10.910794 -1.324810
v -3.214630 -2.696222 -10.647140
v -3.214630 -4.411911 -10.058143
v -3.293176 -4.398670 -10.027957
v -3.490930 -8.793333 -6.069600
v -3.490930 -8.944870 -5.843976
v -3.420821 -8.395867 -6.855013
v -3.420821 -7.974439 -7.340988
v -3.362961 -8.020432 -7.383328
v -3.500000 -10.025662 -3.441814
v -3.490930 -9.990365 -3.788846
v -3.420821 -10.507234 -2.660793
v -3.362961 -10.567836 -2.676139
v -3.420821 -10.619854 -2.168059
v -3.464132 -10.547988 -2.153387
v -3.420821 -10.691073 -1.784025
v -3.490930 -10.538972 -1.758643
v -3.464132 -10.687060 -1.297644
v -3.490930 -10.606793 -1.287898
v -3.490930 -10.468766 -2.137214
v -3.464132 -10.728784 -0.889012
v -3.500000 -10.563796 -0.875341
v -3.214630 -10.903143 -1.323881
v 3.500000 -9.707197 -4.257971
v 3.450262 -7.940797 -7.310019
v 3.450262 -8.360448 -6.826094
v 3.401416 -8.414503 -6.870229
v 3.401416 -8.572402 -6.672169
v 3.184697 -10.065201 -4.415006
v 3.184697 -10.276698 -3.897438
v 3.265553 -8.652241 -6.734309
v -3.214630 -9.511750 -5.491611
v -3.214630 -7.921127 -7.608346
v -3.293176 -7.897356 -7.585513
v -3.214630 -7.438735 -8.080620
v -3.100000 -6.608165 -8.793870
v 3.265553 -7.907359 -7.595121
v 3.500000 -5.045043 -9.322422
v 3.338902 -7.396471 -8.034709
v 3.265553 -4.404242 -10.040660
v 3.450262 -5.903307 -9.035685
v 3.401416 -5.170198 -9.553689
v 3.450262 -5.136984 -9.492314
v 3.184697 -7.443954 -8.086290
v 3.500000 -10.563796 -0.875341
v 3.500000 -8.873964 5.797650
v 3.500000 -9.707197 4.257971
v 3.483223 -10.018353 3.799460
v 3.483223 -9.279142 5.357315
v 3.483223 -8.969930 5.860347
v 3.450262 -9.347164 5.396588
v 3.450262 -9.492314 5.136984
v 3.483223 -9.423236 5.099600
v 3.483223 -9.812173 4.304018
v 3.450262 -9.751100 4.626954
v 3.450262 -9.884103 4.335569
v 3.500000 -10.455430 1.744703
v 3.483223 -10.498095 2.143201
v 3.483223 -10.291596 2.980997
v 3.401416 -10.783757 1.309385
v 3.338902 -10.700118 2.184445
v 3.401416 -10.643428 2.172871
v 3.338902 -10.586647 2.680903
v 3.483223 -4.199777 9.857240
v 3.483223 -4.979337 9.487334
v 3.500000 -5.045043 9.322422
v 3.483223 -5.726604 9.055900
v 3.500000 -7.179184 7.798674
v 3.483223 -7.727417 7.422286
v 3.401416 -6.525840 8.684316
v 3.338902 -6.560599 8.730571
v 3.100000 -10.565700 3.060392
v 3.265553 -10.531247 3.050413
v 3.265553 -10.628633 2.691535
v 3.184697 -10.910794 1.324810
v 3.401416 -3.439952 10.303914
v 3.450262 -3.417853 10.237720
v 3.450262 -2.582976 10.479546
v 3.184697 -4.308078 10.111430
v 3.265553 -1.758770 10.822149
v 3.265553 0.000000 10.964132
v 3.401416 -10.530557 2.666699
v 3.450262 -10.462908 2.649568
v 3.401416 -10.434071 3.022265
v 3.338902 -10.329101 3.545985
v 3.338902 -10.211145 3.872576
v 3.265553 -10.370065 3.560048
v 3.338902 -10.000997 4.386844
v 3.401416 -8.940042 6.170865
v 3.450262 -8.517332 6.629306
v 3.401416 -8.572402 6.672169
v 3.450262 -9.035685 5.903307
v 3.401416 -9.407600 5.431480
v 3.265553 -7.270565 8.206771
v 3.265553 -7.907359 7.595121
v 3.265553 -6.586617 8.765196
v 3.265553 -8.066574 7.425805
v 3.338902 -8.034709 7.396471
v 3.100000 -9.526279 5.500000
v 3.184697 -9.518425 5.495465
v 3.184697 -9.201239 6.011469
v 3.401416 -7.992140 7.357283
v 3.483223 -8.299605 6.776418
v 3.483223 -8.455349 6.581062
v 3.265553 -8.652241 6.734309
v 3.265553 -9.023304 6.228337
v 3.265553 -9.178803 5.996812
v 3.184697 -9.045359 6.243560
v 3.265553 -10.040660 4.404242
v -3.293176 -10.238672 3.883016
v 3.500000 -2.602146 10.275642
v 3.483223 -2.564179 10.403282
v 3.483223 -0.862170 10.679886
v 3.483223 5.099600 9.423236
v 3.450262 5.136984 9.492314
v 3.483223 0.884807 10.678035
v 3.450262 2.649568 10.462908
v -3.214630 2.696222 10.647140
v -3.214630 3.566247 10.388122
v -3.293176 2.688130 10.615187
v 3.265553 2.691535 10.628633
v 3.338902 3.545985 10.329101
v 3.265553 1.804637 10.814595
v 3.500000 9.707197 -4.257971
v 3.184697 10.065201 -4.415006
v -3.100000 9.937955 -4.715618
v 3.401416 10.434071 -3.022265
v 3.450262 10.367041 -3.002850
v 3.450262 10.208372 -3.504539
v 3.401416 10.274376 -3.527198
v 3.338902 10.489646 -3.038363
v 3.401416 10.157044 -3.852059
v 3.500000 5.797650 -8.873964
v 3.401416 4.257918 -9.993701
v 3.450262 3.417853 -10.237720
v 3.401416 3.439952 -10.303914
v 3.338902 4.280597 -10.046930
v 3.483223 8.299605 -6.776418
v 3.483223 8.455349 -6.581062
v 3.100000 6.608165 -8.793870
v 3.184697 6.602716 -8.786619
v 3.265553 7.270565 -8.206771
v 3.265553 7.907359 -7.595121
v 3.338902 7.876123 -7.565119
v 3.500000 8.873964 -5.797650
v 3.483223 9.279142 -5.357315
v 3.483223 8.969930 -5.860347
v 3.100000 9.526279 -5.500000
v 3.401416 9.948009 -4.363602
v 3.401416 9.814147 -4.656870
v 3.401416 9.553689 -5.170198
v 3.450262 9.492314 -5.136984
v 3.401416 9.407600 -5.431480
v 3.450262 9.751100 -4.626954
v 3.184697 9.045359 -6.243560
v 3.184697 9.201239 -6.011469
v 3.265553 9.023304 -6.228337
v 3.265553 3.471990 -10.399879
v 3.483223 3.392981 -10.163218
v 3.450262 2.582976 -10.479546
v 3.450262 8.360448 6.826094
v 3.500000 7.798674 7.179184
v 3.483223 7.256822 7.883010
v 3.401416 5.170198 9.553689
v 3.265553 7.425805 8.066574
v 3.338902 6.707707 8.618062
v 3.338902 7.396471 8.034709
v 3.450262 10.645971 1.776498
v 3.483223 10.498095 2.143201
v 3.483223 10.568497 1.763570
v 3.450262 10.208372 3.504539
v 3.184697 10.953390 0.907624
v 3.184697 10.910794 1.324810
v 3.338902 10.771875 1.797508
v 3.184697 10.276698 3.897438
v 3.401416 10.157044 3.852059
v 3.483223 9.680138 4.593282
v 3.500000 9.322422 5.045043
v 3.401416 9.814147 4.656870
v 3.338902 8.987659 6.203733
v 3.401416 8.940042 6.170865
v 3.401416 9.094107 5.941476
v 3.184697 8.673388 6.750769
v 3.265553 8.066574 7.425805
v 3.265553 9.905550 4.700242
v 3.100000 9.937955 4.715618
v -3.100000 9.526279 5.500000
v -3.214630 9.039016 6.239182
v -3.362961 10.892575 -0.438956
v -3.293176 10.941381 -0.440923
v -3.500000 10.563796 0.875341
v -3.500000 10.025662 3.441814
v -3.500000 9.322422 5.045043
v -3.420821 9.386765 5.419451
v -3.420821 9.532530 5.158747
v -3.464132 9.468021 5.123837
v -3.214630 10.269492 3.894705
v -3.214630 7.921127 7.608346
v -3.500000 7.179184 7.798674
v -3.214630 10.833426 1.807779
v -3.214630 10.761259 2.196927
v -3.464132 10.687060 1.297644
v -3.214630 10.974316 0.442250
v -3.293176 10.870421 1.319908
v -3.293176 10.800914 1.802354
v -3.214630 10.647140 2.696222
v -3.293176 10.356946 3.555544
v -3.293176 10.728964 2.190334
v -3.362961 10.752735 1.794314
v -3.293176 10.615187 2.688130
v -3.362961 -7.862128 -7.551676
v -3.420821 -7.817042 -7.508371
v -3.420821 -7.340988 -7.974439
v -3.362961 -7.383328 -8.020432
v -3.293176 -10.356946 -3.555544
v -3.293176 -10.517924 -3.046554
v -3.362961 -10.310747 -3.539684
v -3.214630 -10.058143 -4.411911
v -3.293176 -10.027957 -4.398670
v -3.293176 -9.893019 -4.694296
v -3.214630 -9.922797 -4.708426
v 3.450262 7.940797 7.310019
v 3.483223 7.883010 7.256822
v -3.100000 4.311633 10.119774
v -3.214630 4.411911 10.058143
v -3.214630 5.227437 9.659456
v -3.293176 5.211749 9.630467
v -3.293176 4.398670 10.027957
v -3.362961 4.379049 9.983226
v -3.500000 1.744703 10.455430
v -3.490930 2.622938 10.357748
v -3.490930 1.758643 10.538972
v -3.500000 4.257971 9.707197
v -3.362961 0.900232 10.864182
v -3.362961 0.000000 10.901416
v -3.100000 -4.311633 10.119774
v -3.490930 -2.557015 10.374219
v -3.420821 0.000000 10.838902
v -3.362961 -0.877200 10.866066
v -3.420821 0.895069 10.801881
v -3.293176 -0.881130 10.914753
v -3.214630 -2.628457 10.664070
v -3.420821 -1.738682 10.698541
v -3.362961 -1.748710 10.760245
v -3.214630 -10.647140 2.696222
v -3.214630 -10.761259 2.196927
v -3.214630 -10.388122 3.566247
v -3.214630 -10.833426 1.807779
v -3.293176 -10.870421 1.319908
v -3.214630 -10.903143 1.323881
v -3.420821 -10.759873 1.306485
v -3.464132 -10.687060 1.297644
v -3.362961 -10.821933 1.314021
v -3.464132 -10.756823 0.433485
v -3.500000 -10.025662 3.441814
v -3.293176 -8.482127 6.925442
v -3.293176 -8.641295 6.725790
v -3.214630 -8.507659 6.946289
v -3.362961 -8.444291 6.894550
v -3.214630 -8.080620 7.438735
v -3.362961 -8.602749 6.695788
v -3.420821 -8.395867 6.855013
v -3.362961 -8.020432 7.383328
v -3.214630 -8.667306 6.746035
v -3.214630 -9.039016 6.239182
v -3.420821 -9.386765 5.419451
v -3.420821 -9.073965 5.928317
v -3.464132 -9.012560 5.888199
v -3.464132 -9.323242 5.382777
v -3.490930 -8.276420 6.757487
v -3.500000 -8.873964 5.797650
v -3.490930 -9.253219 5.342349
v -3.490930 -8.793333 6.069600
v -3.362961 -6.548941 8.715058
v -3.420821 -5.793023 9.160933
v -3.420821 -5.037089 9.597371
v -3.464132 -5.003002 9.532424
v -3.214630 -5.870157 9.282911
v -3.293176 -5.088840 9.695975
v 3.401416 10.862961 0.000000
v 3.450262 10.793176 0.000000
v 3.401416 10.854151 -0.437407
v 3.184697 10.654611 2.698114
v 3.483223 10.636509 1.291506
v 3.483223 10.714630 0.000000
v 3.483223 10.705940 0.431435
v 3.450262 10.784423 -0.434597
v 3.338902 10.841196 -1.316360
v 3.483223 10.291596 -2.980997
v 3.483223 10.678035 -0.884807
v 3.338902 10.586647 -2.680903
v 3.401416 10.530557 -2.666699
v 3.450262 10.575052 -2.158912
v -3.214630 5.870157 -9.282911
v -3.100000 3.483348 -10.433901
v -3.362961 7.862128 -7.551676
v -3.362961 8.020432 -7.383328
v -3.420821 7.817042 -7.508371
v -3.420821 7.187521 -8.113034
v -3.464132 7.764143 -7.457561
v -3.293176 8.056369 -7.416410
v -3.293176 8.482127 -6.925442
v -3.214630 8.507659 -6.946289
v -3.293176 8.641295 -6.725790
v 3.265553 10.531247 -3.050413
v 3.265553 10.628633 -2.691535
v 3.265553 10.370065 -3.560048
v 3.184697 10.395411 -3.568749
v 3.184697 10.556988 -3.057869
v 3.265553 10.742554 -2.193108
v -3.214630 10.974316 -0.442250
v -3.362961 10.681106 -2.180563
v -3.362961 10.567836 -2.676139
v -3.420821 10.619854 -2.168059
v -3.214630 10.761259 -2.196927
v -3.293176 10.912861 -0.904265
v -3.362961 10.864182 -0.900232
v -3.214630 10.903143 -1.323881
v -3.362961 10.821933 -1.314021
v 3.100000 10.565700 -3.060392
v -3.490930 10.684697 0.000000
v -3.464132 10.756823 -0.433485
v -3.490930 10.357748 -2.622938
v -3.464132 10.436131 -2.642787
v -3.420821 10.507234 -2.660793
v -3.490930 10.105771 -3.469316
v -3.362961 8.971689 -6.192710
v -3.362961 8.602749 -6.695788
v -3.420821 8.920241 -6.157198
v -3.293176 9.893019 -4.694296
v -3.293176 9.011889 -6.220458
v -3.214630 9.194786 -6.007254
v -3.420821 9.386765 -5.419451
v -3.464132 9.858807 -4.324473
v -3.490930 9.653094 -4.580450
v -3.464132 9.468021 -5.123837
v -3.464132 9.323242 -5.382777
v -3.500000 8.364889 -6.510655
v -3.464132 8.339051 -6.808624
v -3.464132 8.495534 -6.612339
v -3.420821 8.395867 -6.855013
v -3.490930 7.860987 -7.236548
v -3.464132 8.859877 -6.115531
v -3.362961 8.444291 -6.894550
v -3.420821 8.553416 -6.657391
v -3.214630 2.628457 -10.664070
v -3.214630 3.478035 -10.417987
v -3.100000 1.764524 -10.857553
v -3.214630 -0.000000 -10.983223
v -3.464132 1.726916 -10.626143
v -3.464132 2.576365 -10.452725
v -3.420821 2.593919 -10.523943
v -3.420821 1.738682 -10.698541
v -3.293176 1.756545 -10.808458
v -3.293176 3.467597 -10.386723
v 3.265553 5.095286 -9.708257
v 3.401416 2.599677 -10.547303
v 3.450262 1.731347 -10.653407
v 3.265553 -0.905411 -10.926684
v 3.500000 -0.875341 -10.563796
v 3.450262 -0.891293 -10.756311
v 3.401416 -1.787985 -10.714805
v 3.401416 -0.897056 -10.825858
v 3.500000 -3.441814 -10.025662
v 3.338902 -3.545985 -10.329101
v 3.401416 -2.666699 -10.530557
v 3.483223 -2.630286 -10.386765
v 3.483223 -3.479035 -10.134082
v 3.265553 -10.955240 0.441481
v 3.265553 -10.926684 -0.905411
v -3.420821 -3.519386 -10.251620
v -3.464132 -4.324473 -9.858807
v -3.464132 -3.495569 -10.182246
v -3.464132 -7.920475 -7.291311
v -3.464132 -8.339051 -6.808624
v -3.490930 -8.276420 -6.757487
v -3.464132 -7.764143 -7.457561
v -3.464132 -7.291311 -7.920475
v -3.500000 -7.179184 -7.798674
v -3.500000 -8.364889 -6.510655
v -3.464132 -8.859877 -6.115531
v -3.214630 -9.039016 -6.239182
v -3.420821 -8.553416 -6.657391
v -3.362961 -8.602749 -6.695788
v -3.420821 -8.920241 -6.157198
v -3.500000 -9.322422 -5.045043
v -3.362961 -9.848889 -4.673356
v -3.362961 -9.587509 -5.188500
v -3.293176 -9.630467 -5.211749
v -3.362961 -9.126300 -5.962510
v -3.420821 -9.073965 -5.928317
v -3.500000 -10.275642 -2.602146
v -3.490930 -10.262845 -2.972669
v -3.490930 -10.357748 -2.622938
v -3.490930 -10.105771 -3.469316
v -3.490930 -9.653094 -4.580450
v -3.490930 -9.396911 -5.085354
v -3.464132 -9.726144 -4.615112
v -3.464132 -10.436131 -2.642787
v -3.464132 -10.340508 -2.995165
v -3.464132 -10.618725 -1.771952
v -3.420821 -10.759873 -1.306485
v -3.420821 -10.801881 -0.895069
v -3.490930 -10.676032 -0.430229
v -3.464132 -10.756823 -0.433485
v -3.490930 -10.684697 0.000000
v -3.293176 -10.870421 -1.319908
v -3.214630 -10.945710 -0.906987
v -3.293176 -10.912861 -0.904265
v -3.362961 -10.681106 -2.180563
v -3.293176 -10.728964 -2.190334
v -3.362961 -10.752735 -1.794314
v -3.214630 -10.761259 -2.196927
v 3.450262 -8.517332 -6.629306
v 3.483223 -8.455349 -6.581062
v 3.483223 -8.299605 -6.776418
v 3.338902 -10.489646 -3.038363
v 3.338902 -10.586647 -2.680903
v 3.265553 -10.531247 -3.050413
v 3.184697 -9.518425 -5.495465
v 3.184697 -9.929761 -4.711730
v 3.338902 -9.142545 -5.973123
v 3.338902 -8.987659 -6.203733
v 3.401416 -9.094107 -5.941476
v 3.401416 -8.940042 -6.170865
v 3.338902 -8.618062 -6.707707
v -3.214630 -9.659456 -5.227437
v -3.362961 -6.695788 -8.602749
v -3.100000 -7.294349 -8.233618
v -3.214630 -6.746035 -8.667306
v 3.265553 -8.066574 -7.425805
v 3.500000 -5.797650 -8.873964
v 3.483223 -5.099600 -9.423236
v 3.401416 -7.357283 -7.992140
v 3.401416 -6.672169 -8.572402
v 3.338902 -5.197736 -9.604575
v 3.401416 -5.941476 -9.094107
v -3.500000 -5.045043 -9.322422
v -3.293176 -5.211749 -9.630467
v -3.293176 -5.989225 -9.167192
v -3.362961 -5.962510 -9.126300
v -3.420821 -5.928317 -9.073965
v -3.420821 -5.158747 -9.532530
v -3.464132 -6.612339 -8.495534
v -3.464132 -5.888199 -9.012560
v 3.483223 -10.636509 1.291506
v 3.483223 -10.705940 -0.431435
v 3.483223 -10.678035 -0.884807
v 3.483223 -10.714630 0.000000
v 3.483223 -10.705940 0.431435
v 3.338902 -10.771875 -1.797508
v 3.338902 -10.841196 -1.316360
v 3.450262 -10.784423 -0.434597
v 3.338902 -10.911964 -0.439737
v 3.483223 -10.291596 -2.980997
v 3.483223 -10.386765 -2.630286
v 3.450262 -10.208372 -3.504539
v 3.483223 -9.680138 4.593282
v 3.483223 -10.386765 2.630286
v 3.450262 -10.714481 1.300974
v 3.338902 -10.771875 1.797508
v 3.265553 -10.742554 2.193108
v 3.265553 -10.814595 1.804637
v 3.500000 -5.797650 8.873964
v 3.483223 -6.436731 8.565734
v 3.184697 -10.654611 2.698114
v 3.184697 -10.395411 3.568749
v 3.265553 -3.471990 10.399879
v 3.265553 -5.095286 9.708257
v 3.338902 -5.075159 9.669907
v 3.338902 -4.280597 10.046930
v 3.338902 -5.836805 9.230169
v 3.338902 -1.751823 10.779399
v 3.265553 -0.882246 10.928578
v 3.338902 0.000000 10.920821
v 3.401416 -9.948009 4.363602
v 3.401416 -10.157044 3.852059
v 3.401416 -10.274376 3.527198
v 3.450262 -10.208372 3.504539
v 3.338902 -10.489646 3.038363
v 3.450262 -8.882609 6.131223
v 3.184697 -7.288335 8.226830
v 3.184697 -9.929761 4.711730
v -3.100000 -9.526279 5.500000
v 3.184697 -9.666235 5.231104
v 3.401416 -7.834394 7.525037
v 3.450262 -7.940797 7.310019
v 3.450262 -7.784065 7.476696
v 3.450262 -7.157199 8.078808
v 3.483223 -7.883010 7.256822
v 3.338902 -8.987659 6.203733
v 3.265553 -10.251641 3.887935
v -3.214630 -9.659456 5.227437
v -3.214630 -9.511750 5.491611
v -3.214630 -9.922797 4.708426
v -3.293176 -9.483205 5.475131
v -3.293176 -9.630467 5.211749
v -3.293176 -10.027957 4.398670
v -3.362961 -10.193001 3.865695
v -3.420821 -10.134549 3.843528
v -3.362961 -10.310747 3.539684
v 3.483223 -3.392981 10.163218
v 3.450262 -4.230565 9.929500
v 3.500000 -0.875341 10.563796
v 3.483223 -1.718748 10.575879
v 3.483223 4.304018 9.812173
v 3.483223 5.860347 8.969930
v 3.500000 1.744703 10.455430
v -3.214630 1.807779 10.833426
v -3.293176 1.802354 10.800914
v -3.362961 1.794314 10.752735
v 3.338902 10.211145 -3.872576
v 3.483223 4.979337 -9.487334
v 3.500000 7.798674 -7.179184
v 3.483223 7.727417 -7.422286
v 3.450262 7.157199 -8.078808
v 3.483223 6.436731 -8.565734
v 3.450262 6.483917 -8.628527
v 3.338902 8.034709 -7.396471
v 3.338902 8.459322 -6.906823
v 3.401416 7.992140 -7.357283
v 3.401416 8.414503 -6.870229
v 3.184697 8.086290 -7.443954
v 3.184697 8.513629 -6.951163
v 3.184697 7.288335 -8.226830
v 3.265553 6.586617 -8.765196
v 3.483223 8.817967 -6.086604
v 3.450262 8.882609 -6.131223
v 3.401416 9.094107 -5.941476
v 3.401416 8.940042 -6.170865
v 3.450262 9.347164 -5.396588
v 3.483223 9.423236 -5.099600
v 3.184697 9.666235 -5.231104
v 3.265553 9.642667 -5.218350
v 3.265553 9.495217 -5.482066
v 3.100000 9.052822 -6.248712
v 3.338902 10.000997 -4.386844
v 3.265553 10.040660 -4.404242
v 3.338902 9.866421 -4.681674
v 3.265553 9.905550 -4.700242
v 3.338902 9.604575 -5.197736
v 3.265553 8.492871 -6.934215
v 3.265553 8.652241 -6.734309
v 3.338902 8.618062 -6.707707
v 3.184697 8.673388 -6.750769
v 3.483223 2.564179 -10.403282
v 3.483223 8.299605 6.776418
v 3.483223 8.455349 6.581062
v 3.483223 8.969930 5.860347
v 3.450262 8.517332 6.629306
v 3.500000 6.510655 8.364889
v 3.483223 7.727417 7.422286
v 3.338902 5.973123 9.142545
v 3.100000 10.919798 1.325904
v 3.184697 10.841028 1.809048
v 3.338902 10.700118 2.184445
v 3.265553 10.742554 2.193108
v 3.265553 10.884192 1.321580
v 3.265553 10.251641 3.887935
v 3.500000 9.707197 4.257971
v 3.500000 8.364889 6.510655
v 3.483223 8.817967 6.086604
v 3.450262 9.751100 4.626954
v 3.338902 9.866421 4.681674
v 3.338902 9.604575 5.197736
v 3.338902 9.457708 5.460411
v 3.338902 8.618062 6.707707
v 3.265553 8.652241 6.734309
v 3.184697 9.201239 6.011469
v 3.184697 9.518425 5.495465
v 3.184697 8.513629 6.951163
v 3.265553 8.492871 6.934215
v 3.338902 8.034709 7.396471
v 3.338902 7.876123 7.565119
v 3.265553 7.907359 7.595121
v 3.265553 9.642667 5.218350
v 3.184697 9.666235 5.231104
v -3.420821 10.830112 -0.436439
v -3.490930 9.990365 3.788846
v -3.490930 9.784760 4.291994
v -3.500000 10.275642 2.602146
v -3.490930 10.262845 2.972669
v -3.490930 10.468766 2.137214
v -3.500000 8.873964 5.797650
v -3.464132 9.323242 5.382777
v -3.490930 9.396911 5.085354
v -3.214630 9.659456 5.227437
v -3.214630 9.922797 4.708426
v -3.214630 10.058143 4.411911
v -3.214630 8.080620 7.438735
v -3.293176 8.482127 6.925442
v -3.293176 8.056369 7.416410
v -3.293176 7.897356 7.585513
v -3.500000 7.798674 7.179184
v -3.500000 6.510655 8.364889
v -3.362961 8.020432 7.383328
v -3.362961 7.862128 7.551676
v -3.362961 8.444291 6.894550
v -3.464132 10.182246 3.495569
v -3.464132 10.065967 3.817518
v -3.420821 10.134549 3.843528
v -3.420821 10.691073 1.784025
v -3.464132 10.618725 1.771952
v -3.490930 10.538972 1.758643
v -3.362961 10.821933 1.314021
v -3.293176 10.517924 3.046554
v -3.362961 10.681106 2.180563
v -3.420821 10.619854 2.168059
v -3.214630 -8.507659 -6.946289
v -3.293176 -8.482127 -6.925442
v -3.293176 -8.056369 -7.416410
v -3.362961 -8.444291 -6.894550
v -3.464132 -9.858807 -4.324473
v -3.464132 -10.065967 -3.817518
v -3.420821 -10.134549 -3.843528
v -3.420821 -10.410961 -3.015572
v -3.214630 -10.549584 -3.055724
v -3.293176 -10.615187 -2.688130
v -3.293176 -10.238672 -3.883016
v 3.450262 7.784065 7.476696
v -3.420821 5.158747 9.532530
v -3.362961 5.962510 9.126300
v -3.420821 5.928317 9.073965
v -3.464132 5.123837 9.468021
v -3.464132 4.324473 9.858807
v -3.362961 7.383328 8.020432
v -3.214630 6.746035 8.667306
v -3.293176 6.725790 8.641295
v -3.293176 5.989225 9.167192
v -3.490930 0.000000 10.684697
v -3.464132 0.000000 10.765553
v -3.464132 0.889012 10.728784
v -3.464132 1.771952 10.618725
v -3.490930 0.882335 10.648203
v -3.500000 0.875341 10.563796
v -3.490930 3.469316 10.105771
v -3.464132 3.495569 10.182246
v -3.464132 2.642787 10.436131
v -3.214630 -5.104158 9.725161
v -3.490930 -1.713946 10.546333
v -3.464132 -1.726916 10.626143
v -3.464132 -2.576365 10.452725
v -3.420821 -0.872169 10.803754
v -3.362961 -4.272991 10.029078
v -3.420821 -4.248487 9.971566
v -3.293176 -4.292137 10.074016
v -3.362961 -3.452130 10.340390
v -3.214630 -3.478035 10.417987
v -3.293176 -2.620569 10.632067
v -3.293176 -10.728964 2.190334
v -3.293176 -10.356946 3.555544
v -3.293176 -10.517924 3.046554
v -3.214630 -10.549584 3.055724
v -3.490930 -10.468766 2.137214
v -3.490930 -10.538972 1.758643
v -3.464132 -10.547988 2.153387
v -3.464132 -10.618725 1.771952
v -3.362961 -10.892575 0.438956
v -3.500000 -10.275642 2.602146
v -3.490930 -10.357748 2.622938
v -3.293176 -8.056369 7.416410
v -3.362961 -8.971689 6.192710
v -3.420821 -8.920241 6.157198
v -3.464132 -8.859877 6.115531
v -3.420821 -7.974439 7.340988
v -3.362961 -7.862128 7.551676
v -3.490930 -8.944870 5.843976
v -3.490930 -9.396911 5.085354
v -3.362961 -9.587509 5.188500
v -3.362961 -9.848889 4.673356
v -3.420821 -9.532530 5.158747
v -3.464132 -9.726144 4.615112
v -3.420821 -9.792410 4.646556
v -3.490930 -8.431727 6.562677
v -3.362961 -5.066141 9.652724
v -3.362961 -5.826434 9.213769
v -3.464132 -4.219738 9.904088
v 3.401416 10.854151 0.437407
v 3.265553 10.628633 2.691535
v 3.184697 10.768810 2.198468
v 3.450262 10.756311 -0.891293
v 3.338902 10.883521 -0.901834
v 3.483223 10.018353 -3.799460
v 3.483223 10.386765 -2.630286
v 3.450262 10.462908 -2.649568
v -3.100000 5.111955 -9.740016
v -3.214630 5.104158 -9.725161
v -3.293176 5.852540 -9.255053
v -3.362961 5.826434 -9.213769
v -3.464132 5.753820 -9.098939
v -3.420821 5.793023 -9.160933
v -3.464132 5.003002 -9.532424
v -3.362961 6.548941 -8.715058
v -3.464132 3.409106 -10.211519
v -3.420821 3.432333 -10.281093
v -3.490930 3.383502 -10.134825
v -3.490930 2.557015 -10.374219
v -3.500000 3.441814 -10.025662
v -3.464132 4.219738 -9.904088
v -3.420821 4.248487 -9.971566
v -3.420821 7.974439 -7.340988
v 3.184697 10.276698 -3.897438
v -3.490930 10.606793 -1.287898
v -3.464132 10.547988 -2.153387
v -3.420821 10.691073 -1.784025
v -3.464132 10.618725 -1.771952
v -3.293176 10.356946 -3.555544
v -3.293176 10.517924 -3.046554
v -3.293176 10.615187 -2.688130
v -3.214630 10.549584 -3.055724
v -3.362961 10.752735 -1.794314
v 3.184697 10.654611 -2.698114
v -3.362961 10.471007 -3.032964
v -3.464132 10.340508 -2.995165
v -3.362961 9.983226 -4.379049
v -3.420821 10.134549 -3.843528
v -3.362961 10.193001 -3.865695
v -3.214630 9.922797 -4.708426
v -3.293176 9.167192 -5.989225
v -3.214630 9.039016 -6.239182
v -3.420821 9.073965 -5.928317
v -3.490930 9.396911 -5.085354
v -3.500000 7.798674 -7.179184
v -3.490930 8.276420 -6.757487
v -3.464132 7.920475 -7.291311
v -3.157926 -0.000000 -10.995784
v -3.420821 0.872169 -10.803754
v -3.420821 -0.000000 -10.838902
v -3.464132 -0.000000 -10.765553
v -3.293176 2.620569 -10.632067
v -3.362961 2.608880 -10.584641
v -3.362961 3.452130 -10.340390
v 3.338902 5.075159 -9.669907
v 3.401416 5.048270 -9.618674
v 3.401416 5.805882 -9.181267
v 3.265553 4.297574 -10.086776
v 3.184697 5.874277 -9.289425
v 3.338902 -0.901834 -10.883521
v 3.450262 -1.776498 -10.645971
v 3.500000 -2.602146 -10.275642
v 3.184697 -10.395411 -3.568749
v 3.265553 -10.370065 -3.560048
v 3.184697 -10.556988 -3.057869
v 3.184697 -10.768810 -2.198468
v 3.184697 -10.654611 -2.698114
v 3.401416 -10.643428 -2.172871
v 3.338902 -10.700118 -2.184445
v -3.500000 -1.744703 -10.455430
v -3.490930 -3.469316 -10.105771
v -3.420821 -4.353937 -9.925977
v -3.464132 -5.123837 -9.468021
v -3.490930 -5.843976 -8.944870
v -3.362961 -3.539684 -10.310747
v -3.490930 -7.860987 -7.236548
v -3.490930 -8.431727 -6.562677
v -3.464132 -9.012560 -5.888199
v -3.293176 -8.641295 -6.725790
v -3.362961 -10.193001 -3.865695
v -3.362961 -9.983226 -4.379049
v -3.293176 -9.483205 -5.475131
v -3.362961 -8.971689 -6.192710
v -3.362961 -10.892575 -0.438956
v -3.362961 -10.864182 -0.900232
v -3.362961 -10.821933 -1.314021
v -3.490930 -10.648203 -0.882335
v -3.293176 -10.800914 -1.802354
v -3.214630 -10.974316 -0.442250
v 3.483223 -8.817967 -6.086604
v 3.483223 -8.969930 -5.860347
v 3.265553 -10.251641 -3.887935
v 3.483223 -9.680138 -4.593282
v 3.483223 -9.423236 -5.099600
v 3.265553 -9.023304 -6.228337
v 3.265553 -9.178803 -5.996812
v 3.265553 -9.905550 -4.700242
v 3.265553 -9.642667 -5.218350
v 3.338902 -9.866421 -4.681674
v 3.184697 -9.666235 -5.231104
v 3.483223 -9.279142 -5.357315
v 3.450262 -9.347164 -5.396588
v 3.450262 -9.035685 -5.903307
v 3.401416 -9.407600 -5.431480
v 3.265553 -9.495217 -5.482066
v -3.214630 -6.007254 -9.194786
v -3.293176 -6.725790 -8.641295
v 3.483223 -4.304018 -9.812173
v 3.450262 -4.335569 -9.884103
v 3.401416 -4.363602 -9.948009
v 3.338902 -4.386844 -10.000997
v -3.500000 -5.797650 -8.873964
v -3.490930 -6.562677 -8.431727
v -3.362961 -5.188500 -9.587509
v -3.420821 -6.657391 -8.553416
v 3.483223 -10.678035 0.884807
v 3.500000 -10.600000 0.000000
v 3.338902 -10.883521 -0.901834
v 3.401416 -10.825858 -0.897056
v 3.401416 -10.854151 -0.437407
v 3.483223 -10.636509 -1.291506
v 3.450262 -10.091795 -3.827313
v 3.401416 -10.274376 -3.527198
v 3.401416 -9.948009 -4.363602
v 3.450262 -9.884103 -4.335569
v 3.450262 -10.367041 3.002850
v 3.483223 -10.134082 3.479035
v 3.450262 -10.091795 3.827313
v 3.450262 -10.575052 2.158912
v 3.450262 -10.645971 1.776498
v 3.265553 -10.884192 1.321580
v 3.184697 -10.556988 3.057869
v 3.184697 -10.768810 2.198468
v 3.450262 -5.015839 9.556883
v 3.401416 -4.257918 9.993701
v 3.401416 -5.048270 9.618674
v 3.265553 -4.297574 10.086776
v 3.184697 -5.874277 9.289425
v 3.401416 -5.805882 9.181267
v 3.265553 -5.859954 9.266776
v 3.401416 0.000000 10.862961
v 3.338902 0.901834 10.883521
v 3.483223 -8.817967 6.086604
v 3.184697 -7.926686 7.613685
v 3.184697 -6.602716 8.786619
v 3.265553 -9.905550 4.700242
v 3.265553 -9.495217 5.482066
v 3.450262 -8.360448 6.826094
v 3.401416 -8.414503 6.870229
v 3.483223 -7.105114 8.020016
v 3.450262 -6.483917 8.628527
v 3.338902 -8.459322 6.906823
v 3.338902 -8.618062 6.707707
v -3.293176 -9.893019 4.694296
v -3.362961 -9.983226 4.379049
v 3.500000 -3.441814 10.025662
v 3.483223 3.479035 10.134082
v 3.500000 4.257971 9.707197
v 3.500000 0.875341 10.563796
v 3.483223 1.763570 10.568497
v -3.420821 3.519386 10.251620
v -3.420821 2.660793 10.507234
v -3.362961 3.539684 10.310747
v -3.293176 3.555544 10.356946
v -3.420821 1.784025 10.691073
v -3.362961 2.676139 10.567836
v 3.338902 10.329101 -3.545985
v 3.500000 5.045043 -9.322422
v 3.450262 5.015839 -9.556883
v 3.483223 5.726604 -9.055900
v 3.500000 6.510655 -8.364889
v 3.483223 7.883010 -7.256822
v 3.483223 7.105114 -8.020016
v 3.401416 6.525840 -8.684316
v 3.450262 7.784065 -7.476696
v 3.401416 7.834394 -7.525037
v 3.401416 8.572402 -6.672169
v 3.184697 7.926686 -7.613685
v 3.338902 8.987659 -6.203733
v 3.450262 9.035685 -5.903307
v 3.184697 9.518425 -5.495465
v 3.184697 9.929761 -4.711730
v 3.338902 9.457708 -5.460411
v 3.265553 8.066574 -7.425805
v 3.450262 9.035685 5.903307
v 3.500000 7.179184 7.798674
v 3.338902 10.841196 1.316360
v 3.265553 10.814595 1.804637
v 3.265553 10.370065 3.560048
v 3.500000 8.873964 5.797650
v 3.184697 9.045359 6.243560
v 3.338902 9.142545 5.973123
v 3.265553 9.495217 5.482066
v -3.420821 10.838902 0.000000
v -3.490930 9.653094 4.580450
v -3.293176 9.167192 5.989225
v -3.293176 9.011889 6.220458
v -3.293176 9.893019 4.694296
v -3.490930 9.253219 5.342349
v -3.490930 8.944870 5.843976
v -3.293176 8.641295 6.725790
v -3.362961 8.971689 6.192710
v -3.490930 6.562677 8.431727
v -3.490930 10.105771 3.469316
v -3.362961 10.310747 3.539684
v -3.420821 10.251620 3.519386
v -3.420821 10.410961 3.015572
v -3.362961 10.567836 2.676139
v -3.490930 -9.784760 -4.291994
v -3.464132 -10.182246 -3.495569
v -3.362961 -10.471007 -3.032964
v -3.490930 4.291994 9.784760
v -3.362961 5.188500 9.587509
v -3.420821 4.353937 9.925977
v -3.420821 6.657391 8.553416
v -3.420821 7.340988 7.974439
v -3.464132 7.291311 7.920475
v -3.293176 7.416410 8.056369
v -3.214630 -4.305057 10.104340
v -3.464132 -0.866267 10.730643
v -3.293176 -1.756545 10.808458
v -3.362961 -2.608880 10.584641
v -3.293176 -3.467597 10.386723
v -3.420821 -10.251620 3.519386
v -3.464132 -10.436131 2.642787
v -3.420821 -10.507234 2.660793
v -3.420821 -10.410961 3.015572
v -3.293176 -10.800914 1.802354
v -3.293176 -10.615187 2.688130
v -3.362961 -10.681106 2.180563
v -3.490930 -10.676032 0.430229
v -3.490930 -10.648203 0.882335
v -3.490930 -10.606793 1.287898
v -3.420821 -10.619854 2.168059
v -3.214630 -10.945710 0.906987
v -3.214630 -10.974316 0.442250
v -3.362961 -10.864182 0.900232
v -3.293176 -10.941381 0.440923
v -3.293176 -10.950261 0.000000
v -3.490930 -10.262845 2.972669
v -3.490930 -10.105771 3.469316
v -3.293176 -9.011889 6.220458
v -3.362961 -9.126300 5.962510
v -3.420821 -8.553416 6.657391
v -3.490930 -9.653094 4.580450
v -3.490930 -9.784760 4.291994
v -3.464132 -9.858807 4.324473
v -3.464132 -10.065967 3.817518
v -3.490930 -9.990365 3.788846
v -3.464132 -9.468021 5.123837
v -3.420821 -3.432333 10.281093
v 3.483223 10.134082 -3.479035
v -3.420821 5.037089 -9.597371
v -3.362961 5.066141 -9.652724
v -3.293176 5.088840 -9.695975
v -3.420821 6.511386 -8.665081
v -3.490930 1.713946 -10.546333
v -3.500000 4.257971 -9.707197
v -3.500000 2.602146 -10.275642
v 3.265553 10.251641 -3.887935
v -3.464132 10.687060 -1.297644
v -3.490930 10.538972 -1.758643
v -3.214630 10.269492 -3.894705
v -3.293176 10.728964 -2.190334
v -3.420821 9.925977 -4.353937
v -3.464132 10.065967 -3.817518
v -3.420821 10.410961 -3.015572
v -3.420821 10.251620 -3.519386
v -3.362961 10.310747 -3.539684
v -3.362961 9.848889 -4.673356
v -3.500000 9.322422 -5.045043
v -3.362961 -0.900232 -10.864182
v -3.362961 -0.000000 -10.901416
v -3.293176 0.881130 -10.914753
v -3.490930 -0.000000 -10.684697
v -3.464132 0.866267 -10.730643
v 3.265553 5.859954 -9.266776
v 3.338902 -1.797508 -10.771875
v 3.483223 -1.763570 -10.568497
v 3.265553 -10.742554 -2.193108
v 3.265553 -10.628633 -2.691535
v 3.401416 -10.434071 -3.022265
v -3.362961 -2.676139 -10.567836
v -3.500000 -3.441814 -10.025662
v -3.490930 -4.291994 -9.784760
v -3.490930 -7.705830 -7.401550
v -3.464132 -8.495534 -6.612339
v -3.420821 -9.386765 -5.419451
v -3.293176 -9.167192 -5.989225
v -3.362961 -9.440903 -5.450708
v -3.420821 -10.830112 -0.436439
v -3.293176 -10.941381 -0.440923
v -3.362961 -10.901416 0.000000
v -3.214630 -10.983223 0.000000
v 3.338902 -10.211145 -3.872576
v 3.338902 -10.000997 -4.386844
v 3.401416 -9.814147 -4.656870
v 3.401416 -9.553689 -5.170198
v 3.483223 -9.812173 -4.304018
v 3.450262 -9.751100 -4.626954
v 3.265553 -10.040660 -4.404242
v 3.338902 -9.604575 -5.197736
v 3.450262 -8.882609 -6.131223
v -3.293176 -7.416410 -8.056369
v -3.362961 -4.379049 -9.983226
v 3.500000 -10.455430 -1.744703
v 3.483223 -10.568497 -1.763570
v 3.450262 -10.714481 -1.300974
v 3.483223 -10.568497 1.763570
v 3.401416 -10.714805 1.787985
v 3.450262 -5.768584 9.122285
v 3.265553 -9.642667 5.218350
v -3.420821 -9.925977 4.353937
v 3.483223 2.630286 10.386765
v 3.500000 5.045043 9.322422
v 3.500000 3.441814 10.025662
v 3.450262 4.230565 -9.929500
v 3.450262 5.768584 -9.122285
v 3.338902 7.241844 -8.174352
v 3.450262 7.940797 -7.310019
v 3.450262 8.517332 -6.629306
v 3.265553 9.178803 -5.996812
v 3.450262 8.882609 6.131223
v 3.265553 9.023304 6.228337
v -3.362961 10.901416 0.000000
v -3.464132 9.858807 4.324473
v -3.420821 9.925977 4.353937
v -3.293176 10.238672 3.883016
v -3.362961 9.587509 5.188500
v -3.362961 9.440903 5.450708
v -3.490930 8.276420 6.757487
v -3.490930 8.793333 6.069600
v -3.420821 8.553416 6.657391
v -3.420821 8.920241 6.157198
v -3.464132 8.495534 6.612339
v -3.362961 9.126300 5.962510
v -3.420821 9.073965 5.928317
v -3.464132 9.012560 5.888199
v -3.490930 7.236548 7.860987
v -3.490930 5.085354 9.396911
v -3.490930 5.843976 8.944870
v -3.490930 10.357748 2.622938
v -3.464132 10.436131 2.642787
v -3.464132 10.547988 2.153387
v -3.464132 10.340508 2.995165
v -3.420821 10.507234 2.660793
v -3.362961 10.471007 3.032964
v -3.420821 -9.925977 -4.353937
v -3.420821 -9.792410 -4.646556
v -3.420821 -10.251620 -3.519386
v -3.464132 6.612339 8.495534
v -3.362961 6.695788 8.602749
v -3.420821 7.974439 7.340988
v -3.420821 -2.593919 10.523943
v -3.464132 -10.340508 2.995165
v -3.362961 -10.471007 3.032964
v -3.500000 -10.563796 0.875341
v -3.420821 -10.691073 1.784025
v -3.293176 -10.912861 0.904265
v -3.214630 -9.194786 6.007254
v -3.362961 -9.440903 5.450708
v -3.293176 -9.167192 5.989225
v -3.464132 -8.495534 6.612339
v -3.464132 -3.409106 10.211519
v -3.214630 4.305057 -10.104340
v -3.293176 4.292137 -10.074016
v -3.362961 4.272991 -10.029078
v -3.293176 10.027957 -4.398670
v -3.464132 10.182246 -3.495569
v -3.490930 8.793333 -6.069600
v -3.490930 8.944870 -5.843976
v -3.464132 9.012560 -5.888199
v -3.500000 8.873964 -5.797650
v -3.490930 9.253219 -5.342349
v -3.293176 -1.802354 -10.800914
v -3.362961 0.877200 -10.866066
v -3.500000 -0.875341 -10.563796
v -3.490930 -1.758643 -10.538972
v 3.338902 6.560599 -8.730571
v 3.450262 -10.367041 -3.002850
v 3.483223 -10.498095 -2.143201
v -3.464132 -0.889012 -10.728784
v -3.420821 -1.784025 -10.691073
v -3.464132 -1.771952 -10.618725
v -3.420821 -2.660793 -10.507234
v -3.500000 -2.602146 -10.275642
v -3.490930 -5.085354 -9.396911
v -3.490930 -7.236548 -7.860987
v -3.464132 -9.468021 -5.123837
v -3.293176 -9.011889 -6.220458
v 3.401416 -10.157044 -3.852059
v 3.338902 -10.329101 -3.545985
v 3.450262 -9.492314 -5.136984
v 3.338902 -9.457708 -5.460411
v 3.450262 -10.756311 -0.891293
v 3.401416 -10.783757 -1.309385
v 3.401416 7.203475 -8.131042
v 3.450262 8.360448 -6.826094
v 3.338902 9.142545 -5.973123
v 3.265553 9.178803 5.996812
v -3.464132 9.726144 4.615112
v -3.420821 9.792410 4.646556
v -3.362961 10.193001 3.865695
v -3.293176 9.630467 5.211749
v -3.490930 8.431727 6.562677
v -3.464132 8.339051 6.808624
v -3.362961 8.602749 6.695788
v -3.464132 8.859877 6.115531
v -3.464132 7.764143 7.457561
v -3.500000 5.797650 8.873964
v -3.464132 5.888199 9.012560
v -3.420821 8.395867 6.855013
v -3.464132 -10.182246 3.495569
v -3.362961 -10.567836 2.676139
v -3.362961 -10.752735 1.794314
v -3.464132 -8.339051 6.808624
v -3.214630 10.058143 -4.411911
v -3.293176 10.238672 -3.883016
v -3.490930 8.431727 -6.562677
v -3.362961 -1.794314 -10.752735
v -3.362961 1.748710 -10.760245
v 3.338902 5.836805 -9.230169
v 3.401416 -10.530557 -2.666699
v 3.450262 -10.462908 -2.649568
v 3.450262 -10.575052 -2.158912
v -3.490930 -0.882335 -10.648203
v -3.420821 -0.895069 -10.801881
v -3.464132 -2.642787 -10.436131
v -3.420821 -9.532530 -5.158747
v -3.464132 -9.323242 -5.382777
v 3.401416 -10.714805 -1.787985
v -3.362961 9.983226 4.379049
v -3.490930 7.705830 7.401550
v -3.464132 7.920475 7.291311
v -3.420821 7.817042 7.508371
v -3.490930 -2.622938 -10.357748
v -3.490930 -9.253219 -5.342349
v 3.450262 -10.645971 -1.776498
v -3.293176 10.027957 4.398670
v -3.362961 9.848889 4.673356
v -3.490930 7.860987 7.236548
f 1 2 3
f 4 5 6
f 7 6 5
f 8 5 4
f 9 3 2
f 10 2 1
f 11 6 7
f 12 7 5
f 13 4 6
f 14 6 11
f 14 11 7
f 15 6 14
f 16 6 15
f 17 18 19
f 20 5 8
f 21 5 20
f 22 23 24
f 25 26 27
f 28 1 3
f 29 1 28
f 30 31 32
f 33 28 3
f 33 3 9
f 34 10 1
f 35 36 37
f 38 14 7
f 39 40 41
f 42 41 40
f 43 18 44
f 45 44 18
f 45 18 17
f 46 17 19
f 47 48 44
f 49 50 43
f 49 43 44
f 51 8 4
f 52 53 54
f 55 56 57
f 58 59 60
f 61 32 31
f 62 63 64
f 65 7 12
f 66 67 68
f 66 68 23
f 69 26 67
f 69 67 66
f 69 66 70
f 71 25 27
f 72 71 73
f 72 73 74
f 75 1 29
f 76 30 77
f 76 77 78
f 76 31 30
f 79 28 33
f 80 33 9
f 81 82 83
f 84 37 36
f 85 54 53
f 86 10 34
f 87 34 1
f 88 89 90
f 91 9 2
f 92 91 2
f 93 13 6
f 93 4 13
f 94 95 96
f 97 95 94
f 98 99 100
f 98 100 101
f 102 103 101
f 102 101 100
f 104 105 106
f 107 106 105
f 107 105 89
f 108 109 35
f 108 35 110
f 108 110 111
f 108 111 109
f 112 110 35
f 112 35 37
f 113 14 38
f 114 38 7
f 115 116 6
f 115 6 16
f 117 39 41
f 118 119 42
f 118 42 40
f 120 42 119
f 120 119 121
f 122 2 10
f 123 47 44
f 123 44 45
f 124 49 44
f 124 44 48
f 125 60 59
f 126 52 125
f 126 55 53
f 126 53 52
f 127 56 55
f 128 129 20
f 128 20 8
f 130 131 5
f 130 5 21
f 132 133 134
f 135 134 133
f 136 22 24
f 137 22 136
f 137 136 62
f 138 139 61
f 138 61 31
f 140 61 139
f 140 139 141
f 140 142 61
f 143 66 23
f 143 23 22
f 144 29 28
f 145 25 71
f 145 71 146
f 147 73 71
f 147 71 27
f 148 67 26
f 148 26 25
f 149 73 150
f 149 74 73
f 151 72 74
f 152 146 71
f 152 71 72
f 153 75 29
f 154 155 156
f 154 157 155
f 158 12 5
f 159 28 79
f 160 79 33
f 161 64 63
f 162 63 62
f 163 164 165
f 163 166 164
f 167 168 169
f 170 171 172
f 173 171 121
f 173 121 119
f 174 83 82
f 175 176 177
f 178 179 180
f 181 37 84
f 181 84 182
f 183 182 84
f 183 84 184
f 183 106 182
f 185 184 84
f 185 84 36
f 186 187 188
f 189 85 53
f 190 191 192
f 190 192 193
f 190 194 191
f 195 196 197
f 198 34 87
f 199 200 201
f 202 89 88
f 202 88 99
f 203 204 205
f 206 203 205
f 207 92 2
f 208 91 92
f 209 96 95
f 210 101 103
f 211 93 6
f 212 213 214
f 215 216 50
f 215 50 49
f 217 97 94
f 218 219 220
f 221 102 100
f 222 105 104
f 222 90 89
f 222 89 105
f 223 224 222
f 223 222 104
f 225 107 89
f 225 89 202
f 225 202 226
f 227 211 6
f 228 16 15
f 229 110 112
f 230 166 111
f 230 164 166
f 231 232 233
f 234 235 236
f 234 233 237
f 238 233 234
f 238 234 236
f 238 14 231
f 238 231 233
f 239 14 238
f 239 238 236
f 239 15 14
f 240 241 242
f 240 173 119
f 243 241 240
f 244 18 43
f 245 246 247
f 248 249 94
f 248 94 96
f 250 94 249
f 250 249 50
f 251 252 253
f 254 122 10
f 255 122 256
f 257 258 259
f 257 259 260
f 261 58 262
f 261 262 192
f 263 129 128
f 263 128 8
f 264 123 45
f 264 45 17
f 264 17 46
f 265 124 48
f 266 48 47
f 267 51 4
f 268 51 267
f 269 125 59
f 269 127 55
f 269 55 126
f 269 126 125
f 270 262 58
f 270 192 262
f 271 194 190
f 271 190 193
f 271 193 195
f 271 195 272
f 271 272 273
f 271 273 132
f 271 132 194
f 274 135 141
f 274 141 139
f 274 139 275
f 276 135 274
f 276 274 275
f 276 275 277
f 278 279 141
f 278 141 135
f 278 135 133
f 280 281 282
f 280 283 281
f 284 272 195
f 284 195 197
f 285 133 132
f 285 132 273
f 285 273 286
f 285 279 278
f 285 278 133
f 287 272 284
f 287 284 288
f 287 288 282
f 289 282 281
f 290 283 291
f 290 281 283
f 292 61 142
f 292 32 61
f 293 62 136
f 294 137 62
f 294 62 64
f 295 296 297
f 295 297 298
f 295 299 296
f 300 299 293
f 301 24 23
f 302 303 304
f 302 138 31
f 305 65 12
f 306 7 65
f 307 66 143
f 308 143 22
f 309 144 28
f 309 310 311
f 312 29 144
f 313 29 314
f 313 314 156
f 313 156 155
f 315 29 312
f 316 147 27
f 317 151 74
f 318 319 320
f 318 320 321
f 322 151 323
f 322 323 152
f 322 152 72
f 322 72 151
f 324 155 157
f 324 157 153
f 324 153 29
f 324 29 313
f 324 313 155
f 325 153 157
f 326 320 319
f 326 154 156
f 327 157 154
f 327 325 157
f 328 329 330
f 331 74 149
f 332 333 334
f 332 331 335
f 332 335 329
f 332 329 328
f 332 328 333
f 336 30 330
f 336 330 329
f 336 329 335
f 336 335 77
f 336 77 30
f 337 12 158
f 338 339 340
f 338 340 298
f 338 298 297
f 338 297 341
f 342 160 33
f 343 79 160
f 344 33 80
f 345 161 63
f 346 163 165
f 347 348 349
f 347 349 350
f 351 348 346
f 351 346 165
f 352 166 163
f 352 163 346
f 352 346 348
f 352 111 166
f 353 111 352
f 353 109 111
f 354 168 167
f 354 167 355
f 356 357 355
f 358 359 360
f 358 360 361
f 362 171 170
f 362 170 359
f 362 359 358
f 362 358 361
f 362 361 121
f 362 121 171
f 363 174 82
f 363 82 364
f 365 83 366
f 367 80 9
f 368 369 350
f 370 371 369
f 370 369 368
f 370 368 175
f 370 175 177
f 372 9 91
f 373 374 104
f 373 104 106
f 373 106 183
f 373 183 184
f 375 376 180
f 377 376 375
f 377 375 378
f 377 379 380
f 377 380 381
f 382 35 109
f 382 109 383
f 382 383 185
f 382 185 36
f 382 36 35
f 384 10 86
f 385 386 387
f 388 252 251
f 388 251 255
f 388 255 256
f 389 186 188
f 390 86 34
f 391 54 85
f 392 391 85
f 392 85 393
f 394 55 57
f 394 57 189
f 394 189 53
f 394 53 55
f 395 192 270
f 395 195 193
f 395 193 192
f 396 87 1
f 396 1 291
f 396 397 87
f 398 34 198
f 398 399 34
f 400 201 200
f 400 200 401
f 400 402 201
f 403 404 200
f 403 200 199
f 405 99 88
f 405 406 100
f 405 100 99
f 407 406 405
f 407 405 88
f 407 88 90
f 408 409 410
f 408 410 204
f 411 410 409
f 411 208 412
f 413 414 415
f 416 412 208
f 416 208 92
f 416 92 417
f 416 417 415
f 418 416 415
f 418 415 419
f 420 419 415
f 420 415 414
f 420 414 421
f 420 421 419
f 422 248 96
f 423 421 424
f 423 424 425
f 423 419 421
f 426 419 423
f 426 423 425
f 426 425 205
f 427 428 429
f 430 431 428
f 432 428 431
f 432 429 428
f 433 206 434
f 435 207 2
f 436 210 103
f 437 101 210
f 438 439 440
f 438 440 441
f 442 443 441
f 442 441 440
f 444 439 438
f 444 438 441
f 444 441 445
f 444 445 446
f 444 446 214
f 447 4 93
f 448 4 447
f 449 450 451
f 452 101 437
f 453 99 98
f 454 445 441
f 455 49 124
f 456 215 212
f 456 212 214
f 456 214 446
f 457 73 147
f 458 69 70
f 459 218 220
f 460 221 100
f 460 100 406
f 461 223 180
f 461 180 179
f 462 211 227
f 463 228 464
f 463 16 228
f 465 464 228
f 465 228 15
f 466 467 165
f 466 165 164
f 468 39 467
f 468 40 39
f 469 470 229
f 471 472 469
f 471 469 229
f 471 229 112
f 471 112 37
f 473 230 111
f 473 111 110
f 473 110 229
f 473 229 470
f 474 230 473
f 474 473 470
f 474 164 230
f 475 161 81
f 475 64 161
f 476 477 478
f 476 479 480
f 481 231 14
f 481 14 113
f 482 113 38
f 483 366 83
f 483 83 174
f 484 242 241
f 484 241 243
f 484 234 237
f 485 15 239
f 485 239 236
f 486 15 485
f 486 485 236
f 487 488 489
f 490 173 240
f 490 240 242
f 491 118 40
f 491 243 240
f 491 240 119
f 491 119 118
f 492 243 491
f 493 46 19
f 493 19 247
f 494 19 18
f 494 18 244
f 494 244 245
f 494 245 247
f 494 247 19
f 495 248 422
f 495 422 424
f 496 259 497
f 496 497 498
f 496 498 260
f 496 260 259
f 499 251 253
f 500 122 254
f 500 388 256
f 500 256 122
f 501 2 122
f 501 122 255
f 501 502 2
f 503 252 388
f 503 504 505
f 503 505 252
f 506 21 20
f 507 56 127
f 507 57 56
f 508 509 266
f 508 387 386
f 510 511 512
f 510 512 47
f 510 47 123
f 510 123 264
f 510 264 511
f 513 512 511
f 513 511 505
f 514 508 386
f 515 48 266
f 516 515 517
f 518 508 266
f 518 266 47
f 518 47 512
f 518 512 519
f 520 521 522
f 523 520 524
f 525 267 4
f 525 4 523
f 525 523 524
f 526 267 527
f 526 528 268
f 526 268 267
f 529 530 51
f 529 51 268
f 531 532 533
f 531 534 532
f 535 536 532
f 535 532 534
f 537 532 536
f 537 536 538
f 539 540 541
f 542 194 132
f 542 132 134
f 543 542 544
f 545 276 277
f 546 270 58
f 546 58 60
f 547 283 280
f 547 280 397
f 547 397 396
f 547 396 291
f 547 291 283
f 548 273 272
f 548 272 287
f 548 287 286
f 548 286 273
f 549 286 287
f 549 287 282
f 549 282 289
f 550 142 140
f 550 140 141
f 550 141 279
f 551 1 75
f 552 553 554
f 555 142 550
f 555 550 556
f 555 557 558
f 555 558 292
f 555 292 142
f 559 162 62
f 559 62 293
f 560 162 559
f 561 295 298
f 561 298 340
f 561 340 562
f 561 560 295
f 563 136 24
f 564 136 563
f 564 300 293
f 564 293 136
f 565 566 301
f 567 24 301
f 567 301 566
f 567 563 24
f 568 139 138
f 568 138 302
f 568 302 304
f 568 304 275
f 568 275 139
f 569 570 303
f 569 303 302
f 569 302 31
f 569 31 76
f 569 76 78
f 571 572 305
f 573 574 575
f 576 306 65
f 577 576 65
f 578 579 580
f 581 580 582
f 583 584 585
f 583 585 306
f 583 306 586
f 583 586 581
f 587 585 584
f 588 7 306
f 588 306 585
f 589 308 22
f 590 144 309
f 590 309 311
f 591 314 592
f 591 592 320
f 591 320 326
f 591 326 156
f 591 156 314
f 593 594 321
f 593 321 320
f 593 320 592
f 593 592 594
f 595 596 67
f 595 67 148
f 597 152 323
f 598 316 27
f 599 150 600
f 599 600 601
f 599 601 149
f 599 149 150
f 602 77 335
f 602 335 331
f 603 317 334
f 603 334 319
f 604 75 153
f 605 334 333
f 605 319 334
f 606 32 292
f 606 292 558
f 606 330 30
f 606 30 32
f 607 325 327
f 607 608 609
f 607 609 325
f 610 331 332
f 610 332 334
f 610 334 317
f 610 317 74
f 610 74 331
f 611 28 159
f 612 160 342
f 613 614 343
f 613 343 160
f 615 616 617
f 615 617 618
f 615 618 619
f 615 619 160
f 615 160 612
f 615 612 616
f 620 614 613
f 621 619 618
f 621 618 167
f 621 167 169
f 621 169 622
f 623 79 624
f 623 159 79
f 625 79 343
f 626 562 340
f 627 628 629
f 630 631 80
f 632 344 80
f 632 80 631
f 632 631 633
f 634 33 344
f 634 635 33
f 636 637 489
f 636 489 488
f 638 82 81
f 638 81 161
f 639 640 629
f 641 162 560
f 641 345 63
f 641 63 162
f 642 643 350
f 642 350 349
f 644 350 643
f 644 368 350
f 645 467 39
f 645 39 117
f 645 351 165
f 645 165 467
f 646 353 352
f 646 352 348
f 647 109 353
f 647 383 109
f 648 628 649
f 648 649 650
f 648 650 629
f 648 629 628
f 651 652 653
f 651 653 639
f 654 169 168
f 655 656 657
f 658 617 616
f 659 617 658
f 659 658 356
f 659 356 355
f 659 355 167
f 659 167 618
f 659 618 617
f 660 661 487
f 660 487 489
f 660 489 637
f 660 637 662
f 663 664 487
f 663 487 661
f 663 361 360
f 665 483 174
f 665 666 667
f 665 667 170
f 665 170 172
f 668 487 664
f 669 670 342
f 669 342 33
f 671 360 359
f 671 359 672
f 673 357 672
f 673 672 667
f 674 667 672
f 674 672 359
f 674 359 170
f 674 170 667
f 675 652 654
f 675 654 168
f 675 363 364
f 676 365 366
f 677 80 367
f 677 367 678
f 679 176 175
f 679 9 176
f 680 681 179
f 682 176 9
f 682 381 380
f 682 380 177
f 682 177 176
f 683 178 180
f 683 180 376
f 683 376 377
f 683 377 381
f 684 181 182
f 684 182 685
f 684 685 686
f 687 184 185
f 687 378 375
f 687 375 374
f 687 374 373
f 687 373 184
f 688 374 375
f 688 375 180
f 688 180 223
f 688 223 104
f 688 104 374
f 689 185 383
f 689 383 378
f 689 378 687
f 689 687 185
f 690 10 384
f 690 384 187
f 690 187 186
f 691 385 387
f 692 386 385
f 692 385 538
f 692 538 536
f 693 694 695
f 696 697 693
f 696 693 695
f 696 695 389
f 696 389 698
f 699 390 34
f 700 701 702
f 700 702 196
f 700 196 703
f 704 705 86
f 706 125 52
f 706 707 60
f 706 60 125
f 708 709 710
f 711 384 86
f 712 384 711
f 712 711 713
f 714 392 538
f 714 538 385
f 715 698 389
f 715 389 188
f 715 188 716
f 717 718 719
f 720 718 717
f 720 717 716
f 720 716 188
f 720 188 187
f 721 722 723
f 724 196 195
f 724 195 395
f 724 395 270
f 725 399 398
f 725 398 198
f 725 726 701
f 727 218 459
f 727 219 218
f 728 91 208
f 729 400 401
f 730 681 404
f 730 404 403
f 730 224 223
f 730 223 461
f 730 461 179
f 730 179 681
f 731 406 407
f 731 460 406
f 732 733 731
f 732 731 407
f 732 403 199
f 732 199 201
f 732 201 733
f 734 259 258
f 734 258 414
f 734 414 413
f 735 417 92
f 735 92 207
f 735 207 736
f 735 736 734
f 735 734 413
f 735 413 415
f 735 415 417
f 737 412 416
f 737 416 418
f 737 418 419
f 737 419 426
f 737 426 410
f 737 410 411
f 737 411 412
f 738 244 43
f 738 739 245
f 738 245 244
f 740 414 258
f 741 434 206
f 741 422 96
f 741 96 434
f 742 204 410
f 742 410 426
f 742 426 205
f 742 205 204
f 743 409 408
f 744 743 427
f 744 427 429
f 744 728 208
f 745 408 204
f 745 204 203
f 746 747 748
f 749 103 102
f 750 221 460
f 751 206 433
f 752 209 436
f 752 433 434
f 752 434 96
f 752 96 209
f 753 451 450
f 753 450 210
f 753 210 436
f 753 436 209
f 754 437 210
f 754 210 450
f 755 213 756
f 757 442 440
f 757 440 4
f 757 4 448
f 757 448 443
f 757 443 442
f 758 448 447
f 759 447 93
f 760 761 762
f 763 95 97
f 764 453 98
f 765 93 211
f 766 767 250
f 766 250 50
f 766 50 216
f 768 454 441
f 768 441 443
f 769 212 215
f 769 215 49
f 769 49 455
f 769 455 213
f 769 213 212
f 770 771 766
f 770 766 216
f 770 216 215
f 770 215 456
f 772 217 94
f 772 94 250
f 772 250 767
f 773 763 97
f 774 771 775
f 774 776 772
f 774 772 767
f 774 767 766
f 774 766 771
f 777 778 779
f 777 779 780
f 777 780 600
f 777 600 575
f 777 575 574
f 777 574 778
f 781 458 70
f 781 70 782
f 781 782 783
f 784 785 786
f 784 786 787
f 784 787 26
f 784 26 69
f 784 69 458
f 788 789 727
f 788 727 459
f 788 459 402
f 790 106 107
f 790 107 791
f 790 791 685
f 790 685 182
f 790 182 106
f 792 793 791
f 792 791 107
f 792 107 225
f 792 225 226
f 792 226 793
f 794 791 793
f 794 793 795
f 796 227 6
f 797 227 796
f 797 796 798
f 799 211 462
f 800 801 469
f 800 469 472
f 802 468 467
f 802 467 466
f 803 463 464
f 803 16 463
f 804 805 801
f 804 801 800
f 804 800 806
f 807 470 469
f 807 469 801
f 807 801 805
f 808 164 474
f 808 466 164
f 809 810 805
f 811 812 475
f 811 475 81
f 813 81 83
f 813 83 365
f 814 475 812
f 814 815 816
f 814 816 64
f 814 64 475
f 817 818 478
f 817 478 477
f 817 477 819
f 820 479 476
f 820 476 478
f 821 38 114
f 822 823 824
f 822 825 823
f 826 173 490
f 826 490 242
f 826 822 824
f 826 824 171
f 826 171 173
f 827 823 825
f 828 827 825
f 829 828 825
f 829 825 822
f 830 171 824
f 830 824 823
f 830 823 831
f 830 831 172
f 830 172 171
f 832 833 834
f 832 834 835
f 836 231 481
f 836 481 113
f 836 232 231
f 837 482 838
f 837 839 113
f 837 113 482
f 840 235 234
f 840 234 484
f 840 484 243
f 841 235 840
f 841 842 486
f 841 486 236
f 841 236 235
f 843 465 15
f 843 15 486
f 843 486 842
f 844 40 468
f 844 845 492
f 844 492 491
f 844 491 40
f 846 498 847
f 846 848 46
f 846 46 493
f 846 493 247
f 849 248 495
f 849 249 248
f 850 207 435
f 850 435 497
f 850 497 259
f 850 259 734
f 850 734 736
f 850 736 207
f 851 847 498
f 851 2 502
f 852 2 851
f 852 851 498
f 852 498 497
f 852 497 435
f 852 435 2
f 853 499 848
f 853 848 846
f 853 846 847
f 853 847 851
f 853 851 502
f 854 499 253
f 854 253 252
f 854 252 505
f 854 505 511
f 855 695 694
f 855 254 10
f 856 502 501
f 856 501 255
f 856 255 251
f 856 853 502
f 857 504 503
f 857 503 858
f 857 858 693
f 857 693 697
f 859 503 388
f 859 388 500
f 860 269 59
f 861 192 191
f 861 261 192
f 862 863 57
f 862 57 507
f 864 862 507
f 865 129 263
f 865 263 866
f 865 866 864
f 865 864 507
f 867 57 863
f 867 863 868
f 867 868 189
f 867 189 57
f 869 189 868
f 869 868 870
f 869 870 393
f 869 393 85
f 869 85 189
f 871 872 857
f 871 857 697
f 871 873 874
f 871 874 875
f 871 875 872
f 876 504 857
f 876 857 872
f 876 872 519
f 876 519 512
f 876 512 513
f 876 513 505
f 876 505 504
f 877 455 124
f 877 124 265
f 877 265 756
f 877 756 213
f 877 213 455
f 878 879 880
f 881 515 266
f 881 266 509
f 882 756 265
f 882 265 516
f 882 883 755
f 882 755 756
f 884 515 516
f 884 516 265
f 884 265 48
f 884 48 515
f 885 522 521
f 885 521 883
f 885 883 882
f 885 882 516
f 885 516 517
f 886 508 518
f 886 875 874
f 886 874 387
f 886 387 508
f 887 439 523
f 887 523 4
f 887 4 440
f 887 440 439
f 888 520 523
f 888 523 439
f 889 528 526
f 889 526 527
f 889 527 890
f 889 890 528
f 891 890 880
f 891 880 879
f 892 529 268
f 892 268 528
f 893 870 894
f 893 894 895
f 893 895 533
f 896 536 535
f 897 870 893
f 897 893 533
f 898 532 537
f 898 537 538
f 898 538 392
f 899 531 533
f 899 541 534
f 899 534 531
f 900 530 529
f 901 530 900
f 901 900 539
f 901 51 530
f 902 539 541
f 902 541 899
f 902 899 903
f 904 8 51
f 905 906 907
f 908 866 263
f 908 263 8
f 909 895 906
f 910 863 907
f 910 907 894
f 910 894 870
f 910 870 868
f 910 868 863
f 911 907 906
f 911 906 895
f 911 895 894
f 911 894 907
f 912 191 543
f 912 913 861
f 912 861 191
f 914 194 542
f 914 542 543
f 914 543 191
f 914 191 194
f 915 276 545
f 915 545 544
f 916 917 918
f 916 918 919
f 920 543 544
f 921 913 912
f 922 270 546
f 923 197 196
f 923 196 702
f 923 702 701
f 923 701 726
f 923 288 284
f 923 284 197
f 924 288 923
f 924 923 726
f 924 726 397
f 924 397 280
f 924 280 282
f 924 282 288
f 925 286 549
f 925 556 550
f 925 550 279
f 925 279 285
f 925 285 286
f 926 291 1
f 926 1 551
f 926 551 290
f 926 290 291
f 927 281 290
f 927 928 929
f 927 929 289
f 927 289 281
f 930 551 75
f 931 557 554
f 931 606 558
f 931 558 557
f 932 557 928
f 932 928 552
f 932 552 554
f 932 554 557
f 933 930 934
f 933 934 553
f 933 553 552
f 935 299 295
f 935 295 560
f 935 560 559
f 935 559 293
f 935 293 299
f 936 300 564
f 936 564 563
f 936 563 567
f 936 567 566
f 937 938 939
f 940 941 942
f 940 574 573
f 940 573 941
f 943 778 574
f 943 574 940
f 943 944 779
f 943 779 778
f 945 12 337
f 946 571 305
f 946 305 12
f 946 12 942
f 947 572 571
f 948 457 147
f 948 147 316
f 949 573 950
f 949 950 951
f 952 65 305
f 953 954 955
f 953 955 786
f 956 957 951
f 958 306 576
f 958 576 959
f 958 959 960
f 958 960 586
f 958 586 306
f 961 959 576
f 961 576 577
f 962 963 964
f 962 65 952
f 962 952 963
f 965 960 959
f 965 959 966
f 965 578 580
f 965 580 581
f 965 581 586
f 965 586 960
f 967 584 583
f 967 583 581
f 967 581 582
f 967 582 584
f 968 969 587
f 968 587 584
f 968 584 582
f 970 587 971
f 970 971 479
f 970 479 972
f 970 972 7
f 970 7 588
f 973 308 589
f 974 975 973
f 974 973 589
f 974 589 22
f 974 22 137
f 976 977 978
f 976 978 582
f 976 582 580
f 976 580 579
f 979 308 977
f 979 977 307
f 979 307 143
f 979 143 308
f 980 592 981
f 980 594 592
f 982 314 29
f 982 29 315
f 982 315 981
f 982 981 592
f 982 592 314
f 983 984 985
f 986 25 145
f 987 595 148
f 988 989 990
f 991 594 980
f 991 990 989
f 992 321 594
f 992 594 991
f 992 991 989
f 992 989 597
f 992 597 323
f 992 323 321
f 993 26 787
f 993 787 786
f 993 786 955
f 993 598 27
f 993 27 26
f 994 780 779
f 995 601 996
f 995 996 602
f 995 602 331
f 995 331 149
f 995 149 601
f 997 318 321
f 997 321 323
f 997 323 151
f 997 151 317
f 997 317 603
f 997 603 319
f 997 319 318
f 998 325 604
f 998 604 153
f 998 153 325
f 999 604 325
f 999 325 609
f 1000 1001 327
f 1000 327 154
f 1000 154 326
f 1000 326 319
f 1000 319 605
f 1000 605 333
f 1000 333 1001
f 1002 608 328
f 1002 328 330
f 1003 1001 333
f 1003 333 328
f 1003 328 608
f 1003 608 607
f 1003 607 327
f 1003 327 1001
f 1004 337 158
f 1005 1006 1007
f 1005 570 569
f 1005 569 78
f 1008 1009 1007
f 1008 1010 1011
f 1012 159 623
f 1013 1014 611
f 1015 1016 338
f 1015 338 341
f 1017 1018 566
f 1017 566 565
f 1019 341 297
f 1019 1014 1013
f 1019 1013 1015
f 1019 1015 341
f 1020 296 299
f 1020 299 300
f 1020 300 936
f 1020 297 296
f 1021 309 28
f 1021 28 1022
f 1021 310 309
f 1023 311 310
f 1023 310 1021
f 1024 620 613
f 1024 613 160
f 1024 160 619
f 1024 619 621
f 1024 621 622
f 1024 622 620
f 1025 624 79
f 1025 79 625
f 1025 625 649
f 1025 649 624
f 1026 626 340
f 1026 340 339
f 1027 628 627
f 1028 345 1029
f 1028 1029 1027
f 1028 1027 627
f 1028 627 629
f 1028 629 640
f 1030 344 632
f 1030 632 633
f 1030 633 1031
f 1030 1031 344
f 1032 638 161
f 1033 639 653
f 1033 364 82
f 1033 82 638
f 1034 349 348
f 1034 348 351
f 1034 351 645
f 1035 645 117
f 1035 1036 1037
f 1038 637 636
f 1039 369 371
f 1039 371 646
f 1039 646 348
f 1039 348 347
f 1039 347 350
f 1039 350 369
f 1040 353 646
f 1040 646 371
f 1040 371 647
f 1040 647 353
f 1041 383 647
f 1041 647 371
f 1041 371 370
f 1042 169 654
f 1042 654 652
f 1042 652 1043
f 1042 622 169
f 1044 1043 652
f 1044 652 651
f 1044 650 1045
f 1046 629 650
f 1046 650 1044
f 1046 1044 651
f 1046 651 639
f 1046 639 629
f 1047 656 655
f 1047 655 356
f 1047 356 658
f 1047 658 616
f 1047 670 656
f 1048 42 120
f 1048 120 121
f 1049 363 675
f 1049 174 363
f 1050 483 665
f 1050 665 172
f 1051 666 665
f 1051 665 174
f 1051 174 1049
f 1052 668 1053
f 1052 1053 1054
f 1052 488 487
f 1052 487 668
f 1055 636 488
f 1055 488 1052
f 1055 1052 1054
f 1055 1054 635
f 1056 635 1054
f 1056 1054 1053
f 1056 669 33
f 1056 33 635
f 1057 671 672
f 1057 672 357
f 1057 357 356
f 1057 356 655
f 1058 653 652
f 1058 652 675
f 1058 675 364
f 1058 364 1033
f 1058 1033 653
f 1059 483 1050
f 1059 1050 1060
f 1061 366 483
f 1061 483 1059
f 1062 1063 1059
f 1062 1059 1060
f 1064 676 366
f 1065 1066 1067
f 1065 1067 676
f 1068 677 678
f 1068 678 644
f 1068 644 643
f 1068 643 1069
f 1068 1069 630
f 1070 9 679
f 1070 367 9
f 1071 368 644
f 1071 644 678
f 1071 678 367
f 1071 367 1070
f 1071 1070 679
f 1071 679 175
f 1071 175 368
f 1072 680 179
f 1072 179 178
f 1073 401 200
f 1073 200 404
f 1073 404 681
f 1073 681 680
f 1074 9 372
f 1075 471 37
f 1075 37 181
f 1075 181 684
f 1075 684 686
f 1075 686 1076
f 1075 1076 472
f 1075 472 471
f 1077 800 472
f 1077 472 1076
f 1077 1076 686
f 1078 696 698
f 1078 698 715
f 1079 34 399
f 1080 704 86
f 1080 86 390
f 1080 390 1081
f 1082 1083 1084
f 1085 1086 1087
f 1085 1087 710
f 1088 1087 1086
f 1089 54 391
f 1089 391 1090
f 1091 52 54
f 1091 708 707
f 1091 707 706
f 1091 706 52
f 1092 707 708
f 1093 705 1094
f 1093 1094 713
f 1093 713 711
f 1093 711 86
f 1093 86 705
f 1095 1094 1096
f 1097 719 718
f 1097 718 712
f 1097 712 713
f 1098 187 384
f 1098 384 712
f 1098 712 718
f 1098 718 720
f 1098 720 187
f 1099 1100 1101
f 1099 714 385
f 1102 392 714
f 1102 714 722
f 1102 722 721
f 1102 391 392
f 1103 1104 1078
f 1103 1078 715
f 1103 715 716
f 1105 716 717
f 1105 1100 1106
f 1105 1106 1104
f 1105 1104 1103
f 1105 1103 716
f 1107 1100 1105
f 1107 1105 717
f 1108 1109 1110
f 1108 1110 1086
f 1108 1089 1090
f 1111 1109 1108
f 1111 1108 1090
f 1111 1090 391
f 1111 391 1102
f 1111 1102 721
f 1111 721 723
f 1111 723 1109
f 1112 397 726
f 1112 726 725
f 1112 725 198
f 1112 198 87
f 1112 87 397
f 1113 1114 727
f 1113 727 789
f 1113 789 728
f 1115 429 432
f 1116 727 1114
f 1116 747 219
f 1116 219 727
f 1117 91 728
f 1117 401 1073
f 1117 1073 91
f 1118 728 789
f 1119 90 222
f 1119 222 224
f 1119 224 730
f 1119 730 403
f 1119 403 732
f 1119 732 407
f 1119 407 90
f 1120 50 249
f 1120 249 1121
f 1120 1121 739
f 1120 739 738
f 1120 738 43
f 1120 43 50
f 1122 421 414
f 1122 414 740
f 1122 740 1123
f 1122 1123 421
f 1124 245 739
f 1124 739 1121
f 1124 246 245
f 1125 422 741
f 1125 741 206
f 1125 206 205
f 1126 409 743
f 1126 743 744
f 1126 744 208
f 1126 208 411
f 1126 411 409
f 1127 728 744
f 1127 1128 1114
f 1127 1114 1113
f 1127 1113 728
f 1129 428 427
f 1129 427 743
f 1129 743 408
f 1129 408 745
f 1129 745 430
f 1129 430 428
f 1130 1131 430
f 1130 430 745
f 1130 745 203
f 1130 203 206
f 1130 206 751
f 1132 431 430
f 1132 430 1131
f 1132 748 431
f 1133 220 219
f 1133 219 747
f 1133 747 746
f 1133 746 1134
f 1135 1136 436
f 1135 436 103
f 1137 749 102
f 1137 102 221
f 1138 1134 749
f 1138 749 1137
f 1138 1137 221
f 1138 221 750
f 1138 750 220
f 1138 220 1133
f 1138 1133 1134
f 1139 459 220
f 1139 220 750
f 1140 733 201
f 1140 201 402
f 1140 402 459
f 1140 459 1139
f 1140 1139 750
f 1140 731 733
f 1141 731 1140
f 1141 1140 750
f 1141 750 460
f 1141 460 731
f 1142 1132 1131
f 1142 1131 1130
f 1142 1130 751
f 1142 751 433
f 1143 1142 433
f 1143 433 752
f 1143 752 436
f 1143 436 1136
f 1144 521 520
f 1144 520 888
f 1144 888 439
f 1144 755 883
f 1144 883 521
f 1145 758 447
f 1145 447 1146
f 1147 448 758
f 1147 758 1148
f 1147 1149 448
f 1150 759 93
f 1151 760 762
f 1151 762 1152
f 1153 451 753
f 1153 753 209
f 1153 209 1154
f 1153 449 451
f 1155 1154 209
f 1155 209 95
f 1155 95 763
f 1156 452 1157
f 1156 1157 1158
f 1156 764 98
f 1156 98 101
f 1156 101 452
f 1159 453 764
f 1159 764 1156
f 1159 1156 1158
f 1160 93 765
f 1161 765 211
f 1162 1163 1159
f 1162 1159 1158
f 1162 1158 1157
f 1162 1157 1164
f 1165 1166 1167
f 1165 1145 1166
f 1168 454 768
f 1168 768 1169
f 1170 443 448
f 1170 448 1149
f 1170 1169 768
f 1170 768 443
f 1171 771 770
f 1171 770 456
f 1171 456 446
f 1171 446 445
f 1171 445 454
f 1171 454 1168
f 1171 1168 775
f 1171 775 771
f 1172 217 772
f 1172 772 776
f 1172 773 97
f 1172 97 217
f 1173 776 774
f 1173 774 775
f 1173 775 1168
f 1173 1168 1174
f 1175 1176 150
f 1175 150 73
f 1175 73 457
f 1177 600 150
f 1177 150 1176
f 1177 1176 575
f 1177 575 600
f 1178 575 1176
f 1178 950 573
f 1178 573 575
f 1179 962 964
f 1180 577 1179
f 1180 1179 1181
f 1182 578 965
f 1182 965 966
f 1182 579 578
f 1183 307 782
f 1183 782 70
f 1183 70 66
f 1183 66 307
f 1184 977 976
f 1184 976 579
f 1184 782 307
f 1184 307 977
f 1185 785 784
f 1185 784 458
f 1185 458 781
f 1185 781 783
f 1186 400 729
f 1186 729 1118
f 1186 1118 789
f 1186 789 788
f 1186 788 402
f 1186 402 400
f 1187 1188 1189
f 1187 1189 1190
f 1187 1190 1191
f 1192 1159 1163
f 1193 202 99
f 1193 99 453
f 1193 453 1194
f 1193 1194 226
f 1193 226 202
f 1195 226 1194
f 1195 1194 1188
f 1195 1188 793
f 1195 793 226
f 1196 116 1197
f 1196 6 116
f 1198 1199 798
f 1198 798 1200
f 1198 1200 1196
f 1198 1196 1197
f 1198 1197 804
f 1198 804 806
f 1201 1200 798
f 1201 798 796
f 1201 796 6
f 1201 6 1196
f 1201 1196 1200
f 1202 462 227
f 1202 227 797
f 1202 1203 1191
f 1202 799 462
f 1204 1203 1202
f 1204 1202 797
f 1204 797 798
f 1204 798 1199
f 1205 845 844
f 1205 844 468
f 1206 116 115
f 1206 115 16
f 1206 16 803
f 1206 803 1207
f 1206 1207 116
f 1208 1207 803
f 1208 803 464
f 1209 1207 809
f 1209 809 805
f 1209 805 804
f 1209 804 1197
f 1210 1211 842
f 1210 845 1212
f 1210 1213 1211
f 1214 466 808
f 1215 808 474
f 1216 812 811
f 1216 814 812
f 1217 676 1067
f 1217 1067 1218
f 1217 1218 813
f 1217 813 365
f 1217 365 676
f 1219 811 81
f 1219 81 813
f 1219 813 1218
f 1219 1218 811
f 1220 114 1221
f 1220 1221 1222
f 1223 1222 1221
f 1223 1221 818
f 1224 476 480
f 1225 821 114
f 1225 114 1220
f 1225 1220 1226
f 1227 822 826
f 1227 826 242
f 1227 242 829
f 1227 829 822
f 1228 823 827
f 1229 1228 827
f 1229 1230 834
f 1229 834 833
f 1231 828 829
f 1231 237 233
f 1231 233 232
f 1231 232 828
f 1232 484 237
f 1232 237 1231
f 1232 1231 829
f 1232 829 242
f 1232 242 484
f 1233 839 837
f 1233 837 838
f 1233 838 835
f 1233 835 834
f 1233 834 1230
f 1233 1230 839
f 1234 838 482
f 1234 835 838
f 1235 1063 1062
f 1235 1236 1063
f 1237 1238 1239
f 1237 1239 1236
f 1237 1236 1235
f 1237 1235 832
f 1240 839 1230
f 1240 836 113
f 1240 113 839
f 1241 845 1210
f 1241 1210 842
f 1242 492 845
f 1242 845 1241
f 1242 1241 842
f 1242 842 841
f 1242 841 840
f 1242 840 243
f 1242 243 492
f 1243 464 465
f 1243 465 843
f 1243 843 842
f 1243 842 1211
f 1244 260 498
f 1244 498 846
f 1244 846 247
f 1244 247 246
f 1244 246 260
f 1245 424 421
f 1245 421 1123
f 1245 849 495
f 1245 495 424
f 1246 1121 249
f 1246 249 849
f 1246 849 1245
f 1246 1245 1123
f 1246 1123 1121
f 1247 499 853
f 1247 853 856
f 1247 856 251
f 1247 251 499
f 1248 264 46
f 1248 46 848
f 1248 848 499
f 1248 499 854
f 1248 854 511
f 1248 511 264
f 1249 186 389
f 1249 389 695
f 1249 10 690
f 1249 690 186
f 1250 500 254
f 1250 254 855
f 1251 858 503
f 1251 503 859
f 1251 859 500
f 1251 500 1250
f 1251 1250 855
f 1251 855 694
f 1251 694 693
f 1251 693 858
f 1252 58 261
f 1252 1253 860
f 1252 860 59
f 1252 59 58
f 1254 1255 127
f 1254 127 269
f 1254 269 860
f 1256 129 1257
f 1256 1258 506
f 1256 506 20
f 1256 20 129
f 1259 127 1255
f 1259 1255 1257
f 1259 865 507
f 1259 507 127
f 1260 1261 918
f 1260 918 917
f 1260 917 1262
f 1263 1262 917
f 1263 917 916
f 1264 21 506
f 1265 1266 1261
f 1265 1261 1260
f 1265 1260 1262
f 1267 907 863
f 1267 863 862
f 1267 862 864
f 1267 864 866
f 1268 1104 691
f 1268 691 387
f 1268 387 874
f 1269 524 520
f 1269 267 525
f 1269 525 524
f 1270 890 527
f 1270 880 890
f 1271 880 1270
f 1271 1270 1272
f 1271 522 885
f 1271 878 880
f 1273 1274 514
f 1275 509 1274
f 1275 879 878
f 1276 514 1274
f 1276 1274 509
f 1276 509 508
f 1276 508 514
f 1277 878 1271
f 1277 1271 885
f 1277 885 517
f 1278 875 886
f 1278 886 518
f 1278 518 519
f 1278 519 872
f 1278 872 875
f 1279 879 1275
f 1279 1275 1274
f 1280 528 890
f 1281 1282 1283
f 1284 692 536
f 1284 536 896
f 1285 532 898
f 1285 897 533
f 1285 533 532
f 1286 393 870
f 1286 870 897
f 1286 897 1285
f 1286 1285 898
f 1286 898 392
f 1286 392 393
f 1287 899 533
f 1287 533 895
f 1288 901 539
f 1288 539 902
f 1288 902 903
f 1289 904 1290
f 1289 1290 908
f 1289 908 8
f 1289 8 904
f 1291 905 907
f 1291 907 1267
f 1291 1267 866
f 1291 866 908
f 1291 908 1290
f 1291 1290 905
f 1292 135 276
f 1292 276 915
f 1292 915 544
f 1292 544 542
f 1292 542 134
f 1292 134 135
f 1293 1294 1295
f 1293 916 919
f 1296 912 543
f 1296 543 920
f 1296 1297 921
f 1296 921 912
f 1298 1261 1266
f 1298 921 1297
f 1298 1297 918
f 1298 918 1261
f 1299 1300 700
f 1299 700 703
f 1299 703 922
f 1299 1301 1300
f 1302 270 922
f 1302 922 703
f 1302 703 196
f 1302 196 724
f 1302 724 270
f 1303 60 707
f 1303 546 60
f 1304 929 928
f 1304 925 549
f 1304 549 289
f 1304 289 929
f 1305 552 928
f 1305 928 927
f 1305 927 290
f 1305 933 552
f 1306 930 933
f 1306 933 551
f 1306 551 930
f 1307 67 596
f 1307 1308 985
f 1307 985 1309
f 1307 1309 68
f 1307 68 67
f 1310 301 23
f 1311 68 1309
f 1311 1310 23
f 1311 23 68
f 1312 1017 1313
f 1312 1313 984
f 1314 158 5
f 1315 939 938
f 1316 1009 938
f 1316 938 937
f 1317 1011 1318
f 1317 938 1009
f 1317 1009 1008
f 1317 1008 1011
f 1319 304 303
f 1320 942 12
f 1320 943 940
f 1320 940 942
f 1321 571 946
f 1321 946 942
f 1321 942 941
f 1321 947 571
f 1322 572 947
f 1322 947 951
f 1322 951 957
f 1323 1176 1175
f 1323 1175 457
f 1323 457 948
f 1323 950 1178
f 1323 1178 1176
f 1324 1185 783
f 1324 783 1181
f 1325 785 1185
f 1325 1185 1324
f 1325 1324 1181
f 1325 953 786
f 1325 786 785
f 1326 598 993
f 1326 993 955
f 1326 955 954
f 1326 316 598
f 1327 950 1323
f 1327 956 951
f 1327 951 950
f 1328 1329 975
f 1330 973 975
f 1330 975 1329
f 1330 1329 969
f 1330 969 968
f 1330 968 582
f 1330 582 978
f 1331 587 970
f 1331 970 588
f 1331 588 585
f 1331 585 587
f 1332 977 308
f 1332 308 973
f 1332 973 1330
f 1332 1330 978
f 1332 978 977
f 1333 974 137
f 1334 981 315
f 1334 315 312
f 1334 312 1335
f 1336 1308 1307
f 1336 1307 596
f 1337 1338 144
f 1337 144 590
f 1339 146 152
f 1339 152 597
f 1339 597 989
f 1339 989 988
f 1339 988 1340
f 1339 1340 145
f 1339 145 146
f 1341 987 1342
f 1341 1342 1343
f 1344 1342 987
f 1344 987 148
f 1344 148 25
f 1344 25 986
f 1345 1346 1335
f 1345 1335 312
f 1345 312 144
f 1345 144 1338
f 1347 1335 1346
f 1347 1346 1348
f 1347 1348 990
f 1349 1340 988
f 1349 1342 1344
f 1349 1344 986
f 1349 986 145
f 1349 145 1340
f 1350 77 602
f 1350 602 996
f 1350 1006 1005
f 1350 1005 78
f 1350 78 77
f 1351 1006 1350
f 1351 1350 996
f 1351 996 601
f 1351 780 994
f 1351 994 1007
f 1351 1007 1006
f 1352 553 934
f 1352 934 930
f 1352 930 75
f 1352 75 604
f 1352 604 999
f 1353 553 1352
f 1353 1352 999
f 1353 999 609
f 1353 609 608
f 1353 608 1354
f 1353 1354 554
f 1353 554 553
f 1355 1002 330
f 1355 330 606
f 1355 606 931
f 1355 931 554
f 1355 554 1354
f 1355 1354 608
f 1355 608 1002
f 1356 337 1004
f 1356 1004 1318
f 1356 1318 337
f 1357 337 1318
f 1357 1318 1011
f 1357 1011 1010
f 1357 1010 944
f 1357 945 337
f 1358 1005 1007
f 1358 1007 1009
f 1359 994 779
f 1359 779 944
f 1359 944 1010
f 1359 1010 1008
f 1359 1008 1007
f 1359 1007 994
f 1360 1016 159
f 1360 159 1012
f 1360 1012 1026
f 1360 1026 339
f 1360 339 338
f 1360 338 1016
f 1361 611 159
f 1361 159 1016
f 1361 1016 1015
f 1361 1015 1013
f 1361 1013 611
f 1362 1018 1363
f 1362 1020 936
f 1362 936 566
f 1362 566 1018
f 1364 297 1020
f 1364 1020 1362
f 1364 1362 1363
f 1364 1363 1019
f 1364 1019 297
f 1365 611 1014
f 1366 311 1023
f 1366 1023 1367
f 1366 1368 1369
f 1370 649 625
f 1370 625 1045
f 1370 1045 650
f 1370 650 649
f 1371 614 1045
f 1371 1045 625
f 1371 625 343
f 1371 343 614
f 1372 622 1042
f 1372 1042 1043
f 1372 1043 1044
f 1372 1044 1045
f 1372 1045 614
f 1372 614 620
f 1372 620 622
f 1373 624 649
f 1373 649 628
f 1374 624 1373
f 1374 1373 628
f 1374 1026 1012
f 1375 641 560
f 1375 560 561
f 1375 561 562
f 1375 562 1027
f 1375 1027 1029
f 1375 1029 345
f 1375 345 641
f 1376 639 1033
f 1376 1033 638
f 1376 638 1032
f 1376 1032 640
f 1376 640 639
f 1377 345 1028
f 1377 1028 640
f 1377 640 1032
f 1377 1032 161
f 1377 161 345
f 1378 631 630
f 1378 630 1069
f 1378 633 631
f 1379 1037 1036
f 1379 1036 1380
f 1379 1380 1378
f 1379 1378 1069
f 1379 1069 643
f 1379 643 642
f 1379 642 349
f 1379 349 1037
f 1381 645 1035
f 1381 1035 1037
f 1381 1037 349
f 1381 349 1034
f 1381 1034 645
f 1382 117 41
f 1383 1378 1380
f 1383 1380 1036
f 1383 1036 1038
f 1383 1038 636
f 1384 1035 117
f 1384 117 1382
f 1384 662 637
f 1384 637 1038
f 1384 1038 1036
f 1384 1036 1035
f 1385 177 380
f 1385 380 379
f 1385 1041 370
f 1385 370 177
f 1386 383 1041
f 1386 1041 1385
f 1386 1385 379
f 1386 379 377
f 1386 377 378
f 1386 378 383
f 1387 670 1047
f 1387 1047 616
f 1387 616 612
f 1387 612 342
f 1387 342 670
f 1388 661 660
f 1388 660 1048
f 1388 1048 121
f 1388 121 361
f 1388 361 663
f 1388 663 661
f 1389 662 1384
f 1389 1384 1382
f 1389 1382 41
f 1389 41 42
f 1389 42 1048
f 1389 1048 660
f 1389 660 662
f 1390 1049 675
f 1390 675 168
f 1391 355 357
f 1391 357 673
f 1391 673 667
f 1391 667 666
f 1391 666 1051
f 1392 1053 668
f 1392 668 1393
f 1392 1393 657
f 1392 657 656
f 1392 656 670
f 1392 670 669
f 1392 669 1056
f 1392 1056 1053
f 1394 1031 1055
f 1394 1055 635
f 1394 635 634
f 1394 634 344
f 1394 344 1031
f 1395 636 1055
f 1395 1055 1031
f 1395 1031 633
f 1395 1383 636
f 1396 657 1393
f 1396 1393 668
f 1396 668 664
f 1396 664 663
f 1396 663 360
f 1397 657 1396
f 1397 1396 360
f 1397 360 671
f 1397 671 1057
f 1397 1057 655
f 1397 655 657
f 1398 1061 1059
f 1398 1059 1063
f 1398 1063 1236
f 1398 1064 366
f 1398 366 1061
f 1399 1064 1398
f 1399 1398 1236
f 1399 1066 1065
f 1399 1065 676
f 1399 676 1064
f 1400 80 677
f 1400 677 1068
f 1400 1068 630
f 1400 630 80
f 1401 1072 178
f 1402 372 91
f 1403 9 1074
f 1403 1074 682
f 1403 682 9
f 1404 381 682
f 1404 682 1074
f 1405 1203 1204
f 1405 1204 1406
f 1405 1407 795
f 1405 1191 1203
f 1408 685 791
f 1408 791 794
f 1408 794 795
f 1408 795 1407
f 1408 1407 686
f 1408 686 685
f 1409 1199 1198
f 1409 1198 806
f 1409 806 800
f 1409 800 1077
f 1409 1406 1204
f 1409 1204 1199
f 1410 1406 1409
f 1410 1409 1077
f 1410 1077 686
f 1410 686 1407
f 1410 1407 1405
f 1410 1405 1406
f 1411 697 696
f 1411 696 1078
f 1411 1078 873
f 1411 873 871
f 1411 871 697
f 1412 34 1079
f 1412 699 34
f 1413 700 1300
f 1413 1300 1301
f 1413 1079 399
f 1414 1079 1413
f 1414 1084 1083
f 1414 1083 699
f 1414 699 1412
f 1414 1412 1079
f 1415 699 1083
f 1415 390 699
f 1416 704 1080
f 1416 1080 1081
f 1417 1083 1082
f 1417 1082 1081
f 1417 1081 390
f 1417 390 1415
f 1417 1415 1083
f 1418 1082 1084
f 1418 1084 1301
f 1419 1081 1082
f 1419 1416 1081
f 1420 710 1087
f 1420 1419 1082
f 1421 1088 1086
f 1421 1086 1110
f 1421 1110 1096
f 1422 709 708
f 1422 708 1091
f 1422 1091 54
f 1422 54 1089
f 1423 1095 1096
f 1423 1096 1110
f 1423 1110 1109
f 1423 1109 723
f 1424 1095 719
f 1424 719 1097
f 1424 1097 713
f 1424 713 1094
f 1424 1094 1095
f 1425 722 714
f 1425 714 1099
f 1425 1099 1101
f 1425 1101 722
f 1426 691 1104
f 1426 1104 1106
f 1426 1106 1100
f 1426 1100 1099
f 1426 1099 385
f 1426 385 691
f 1427 719 1095
f 1427 1101 1100
f 1427 1100 1107
f 1427 1107 717
f 1427 717 719
f 1428 1085 710
f 1428 710 709
f 1428 709 1422
f 1428 1422 1089
f 1428 1089 1108
f 1428 1108 1086
f 1428 1086 1085
f 1429 1115 432
f 1429 432 431
f 1429 431 748
f 1430 729 401
f 1430 401 1117
f 1430 1117 728
f 1430 728 1118
f 1430 1118 729
f 1431 246 1124
f 1431 1124 740
f 1431 740 258
f 1431 258 257
f 1431 257 260
f 1431 260 246
f 1432 1123 740
f 1432 740 1124
f 1432 1124 1121
f 1432 1121 1123
f 1433 425 424
f 1433 424 422
f 1433 422 1125
f 1433 1125 205
f 1433 205 425
f 1434 1115 1128
f 1434 1128 1127
f 1434 1127 744
f 1434 744 429
f 1434 429 1115
f 1435 1135 103
f 1435 103 749
f 1436 746 748
f 1436 748 1132
f 1437 1132 1142
f 1437 1142 1143
f 1437 1143 1136
f 1437 1136 1135
f 1437 1436 1132
f 1438 444 214
f 1438 755 1144
f 1438 1144 439
f 1438 439 444
f 1439 1146 447
f 1439 447 759
f 1439 759 1152
f 1440 1441 754
f 1440 754 450
f 1440 450 449
f 1442 1154 1155
f 1442 1153 1154
f 1443 1444 1151
f 1443 1151 1152
f 1443 1152 759
f 1443 759 1150
f 1443 1150 1444
f 1445 437 754
f 1445 754 1441
f 1445 1441 1446
f 1445 1164 1157
f 1445 1157 452
f 1445 452 437
f 1447 765 1161
f 1448 1145 1165
f 1448 1165 1148
f 1448 1148 758
f 1448 758 1145
f 1449 773 1172
f 1450 1167 1449
f 1450 1451 1165
f 1450 1165 1167
f 1452 776 1173
f 1452 1173 1174
f 1453 962 1179
f 1453 1179 577
f 1453 577 65
f 1453 65 962
f 1454 966 959
f 1454 959 961
f 1454 961 577
f 1454 577 1180
f 1454 1180 1181
f 1454 1182 966
f 1455 579 1182
f 1455 783 782
f 1455 782 1184
f 1455 1184 579
f 1456 211 799
f 1456 799 1202
f 1456 1202 1191
f 1457 1188 1187
f 1457 1187 795
f 1457 795 793
f 1457 793 1188
f 1458 795 1187
f 1458 1187 1191
f 1458 1191 1405
f 1458 1405 795
f 1459 1189 1188
f 1460 1461 1459
f 1460 1192 1163
f 1462 453 1159
f 1462 1159 1192
f 1462 1192 1194
f 1462 1194 453
f 1463 802 466
f 1463 466 1214
f 1463 1212 845
f 1463 845 1205
f 1463 1205 468
f 1463 468 802
f 1464 116 1207
f 1464 1207 1209
f 1464 1209 1197
f 1464 1197 116
f 1465 810 1215
f 1465 1215 474
f 1465 474 470
f 1465 470 807
f 1465 807 805
f 1465 805 810
f 1466 1215 810
f 1467 1214 808
f 1467 808 1215
f 1467 1215 1466
f 1467 1466 1213
f 1467 1213 1210
f 1467 1210 1212
f 1467 1212 1463
f 1467 1463 1214
f 1468 1067 1066
f 1469 1226 1220
f 1469 1220 1222
f 1469 1470 1471
f 1472 815 814
f 1472 814 1216
f 1472 819 815
f 1473 1474 1216
f 1473 1216 811
f 1473 811 1218
f 1475 972 479
f 1475 479 820
f 1475 820 478
f 1475 478 1476
f 1475 7 972
f 1477 818 1221
f 1477 1221 114
f 1477 1476 478
f 1477 478 818
f 1478 1470 1469
f 1478 1469 1222
f 1479 1480 294
f 1479 294 64
f 1479 64 816
f 1479 816 815
f 1481 477 476
f 1481 476 1224
f 1481 819 477
f 1482 1480 1479
f 1482 1224 1483
f 1482 1483 1480
f 1484 1485 821
f 1484 821 1225
f 1484 1225 1226
f 1484 1226 1469
f 1486 823 1228
f 1486 831 823
f 1487 1486 1228
f 1487 1228 1229
f 1487 1229 833
f 1487 833 832
f 1488 1229 827
f 1488 827 828
f 1489 1238 1234
f 1489 1234 482
f 1489 482 38
f 1489 38 1490
f 1491 1238 1489
f 1491 1489 1490
f 1491 1492 1066
f 1493 1492 1491
f 1493 1491 1490
f 1493 1490 38
f 1493 38 821
f 1493 821 1485
f 1494 835 1234
f 1494 1234 1238
f 1494 1238 1237
f 1494 1237 832
f 1494 832 835
f 1495 1243 1211
f 1495 1211 1213
f 1496 855 10
f 1496 10 1249
f 1496 1249 695
f 1496 695 855
f 1497 1258 1256
f 1497 1256 1257
f 1497 1257 1255
f 1497 1255 1498
f 1497 1266 1265
f 1497 1265 1258
f 1499 1498 1255
f 1499 1255 1254
f 1499 1254 860
f 1499 860 1253
f 1500 129 865
f 1500 865 1259
f 1500 1259 1257
f 1500 1257 129
f 1501 131 130
f 1501 130 21
f 1501 21 1263
f 1501 1263 916
f 1501 916 131
f 1502 1262 1264
f 1502 1264 506
f 1502 506 1258
f 1502 1258 1265
f 1502 1265 1262
f 1503 1263 21
f 1503 21 1264
f 1503 1264 1262
f 1503 1262 1263
f 1504 873 1078
f 1504 1078 1104
f 1504 1104 1268
f 1504 1268 874
f 1504 874 873
f 1505 1269 520
f 1505 520 522
f 1505 522 1271
f 1505 1271 1272
f 1506 527 267
f 1506 267 1269
f 1506 1269 1505
f 1506 1505 1272
f 1506 1272 1270
f 1506 1270 527
f 1507 1273 514
f 1507 514 386
f 1508 517 515
f 1508 515 881
f 1508 881 509
f 1508 509 1275
f 1508 1275 878
f 1508 878 1277
f 1508 1277 517
f 1509 900 1282
f 1509 1282 1281
f 1509 540 539
f 1509 539 900
f 1510 1282 900
f 1510 900 529
f 1511 891 879
f 1511 879 1279
f 1511 1279 1512
f 1511 1280 890
f 1511 890 891
f 1513 1283 1282
f 1513 1282 1512
f 1513 1512 1279
f 1513 1279 1274
f 1513 1274 1273
f 1514 534 541
f 1514 541 540
f 1514 540 1509
f 1514 1509 1281
f 1514 1281 896
f 1514 896 535
f 1514 535 534
f 1515 51 901
f 1515 901 1288
f 1515 904 51
f 1516 1294 1517
f 1516 1517 545
f 1516 545 277
f 1518 545 1517
f 1518 920 544
f 1518 544 545
f 1519 5 131
f 1519 131 1295
f 1520 131 916
f 1520 916 1293
f 1520 1293 1295
f 1520 1295 131
f 1521 1299 922
f 1521 922 546
f 1521 546 1303
f 1521 1303 707
f 1521 707 1092
f 1522 556 925
f 1522 925 1304
f 1522 1304 928
f 1522 928 557
f 1522 557 555
f 1522 555 556
f 1523 933 1305
f 1523 1305 290
f 1523 290 551
f 1523 551 933
f 1524 301 1310
f 1524 984 1313
f 1524 1313 1017
f 1524 1017 565
f 1524 565 301
f 1525 985 984
f 1525 984 1524
f 1525 1524 1310
f 1525 1310 1311
f 1525 1311 1309
f 1525 1309 985
f 1526 983 1367
f 1526 1367 1023
f 1526 984 983
f 1527 304 1319
f 1527 1319 937
f 1528 1315 158
f 1528 158 1314
f 1529 158 1315
f 1529 1315 938
f 1529 1004 158
f 1530 943 1320
f 1530 1320 12
f 1530 12 945
f 1531 947 1321
f 1531 1321 941
f 1531 941 573
f 1531 573 949
f 1531 949 951
f 1531 951 947
f 1532 1322 957
f 1532 957 956
f 1533 316 1326
f 1533 1326 956
f 1533 948 316
f 1534 956 1326
f 1534 1326 954
f 1534 954 1532
f 1534 1532 956
f 1535 1329 1328
f 1535 1328 480
f 1535 480 479
f 1535 479 971
f 1535 971 587
f 1535 587 969
f 1535 969 1329
f 1536 1483 1328
f 1536 1328 975
f 1536 975 974
f 1536 974 1333
f 1536 1333 1483
f 1537 1224 480
f 1537 480 1328
f 1537 1328 1483
f 1537 1483 1224
f 1538 1480 1483
f 1538 1483 1333
f 1538 1333 137
f 1538 137 294
f 1538 294 1480
f 1539 1308 1336
f 1539 1540 1368
f 1541 1343 1542
f 1541 1369 1368
f 1541 1368 1540
f 1541 1540 1343
f 1543 1369 1337
f 1543 1337 590
f 1543 590 311
f 1543 311 1366
f 1543 1366 1369
f 1544 1338 1337
f 1544 1337 1369
f 1544 1369 1541
f 1544 1541 1542
f 1545 1540 1539
f 1545 1539 1336
f 1545 1336 596
f 1545 596 595
f 1545 595 987
f 1545 987 1341
f 1545 1341 1343
f 1545 1343 1540
f 1546 1542 1343
f 1546 1343 1342
f 1547 991 980
f 1547 980 981
f 1547 981 1334
f 1547 1334 1335
f 1547 1335 1347
f 1547 1347 990
f 1547 990 991
f 1548 780 1351
f 1548 1351 601
f 1548 601 600
f 1548 600 780
f 1549 1316 937
f 1549 937 1319
f 1549 1319 303
f 1549 303 570
f 1549 570 1005
f 1549 1005 1358
f 1549 1358 1009
f 1549 1009 1316
f 1550 611 1365
f 1550 1365 1551
f 1550 28 611
f 1552 1365 1014
f 1553 624 1374
f 1553 1374 1012
f 1553 1012 623
f 1553 623 624
f 1554 626 1026
f 1554 1026 1374
f 1554 1374 628
f 1554 628 1027
f 1554 1027 562
f 1554 562 626
f 1555 1378 1383
f 1555 1383 1395
f 1555 1395 633
f 1555 633 1378
f 1556 354 355
f 1556 355 1391
f 1556 1391 1051
f 1556 1051 1049
f 1556 1049 1390
f 1556 1390 168
f 1556 168 354
f 1557 1239 1238
f 1557 1238 1491
f 1557 1491 1066
f 1557 1066 1399
f 1557 1399 1236
f 1557 1236 1239
f 1558 683 381
f 1558 381 1404
f 1558 1404 1074
f 1558 1074 372
f 1558 1401 178
f 1558 178 683
f 1559 680 1072
f 1559 1072 1402
f 1559 1402 91
f 1559 91 1073
f 1559 1073 680
f 1560 1401 1558
f 1560 1558 372
f 1560 372 1402
f 1560 1402 1072
f 1560 1072 1401
f 1561 700 1413
f 1561 1413 399
f 1561 399 725
f 1561 725 701
f 1561 701 700
f 1562 1301 1084
f 1562 1084 1414
f 1562 1414 1413
f 1562 1413 1301
f 1563 708 710
f 1564 1416 1419
f 1564 1419 1420
f 1564 1420 1087
f 1565 1421 1096
f 1565 1096 1094
f 1565 1094 705
f 1566 723 722
f 1566 722 1101
f 1567 747 1116
f 1567 1116 1114
f 1567 1114 1128
f 1567 1128 1115
f 1567 1115 1429
f 1567 1429 748
f 1567 748 747
f 1568 1134 746
f 1568 746 1436
f 1568 1135 1435
f 1568 1435 749
f 1568 749 1134
f 1569 755 1438
f 1569 1438 214
f 1569 214 213
f 1569 213 755
f 1570 1146 1439
f 1570 1571 1167
f 1570 1167 1166
f 1570 1166 1145
f 1570 1145 1146
f 1572 763 773
f 1572 773 1449
f 1572 1155 763
f 1573 761 760
f 1573 760 1574
f 1573 1574 449
f 1575 93 1160
f 1576 1444 1150
f 1576 1150 93
f 1577 1578 1579
f 1580 1440 449
f 1580 449 1574
f 1580 1574 760
f 1580 760 1581
f 1580 1581 1578
f 1580 1578 1446
f 1580 1446 1441
f 1580 1441 1440
f 1582 1578 1581
f 1582 1581 760
f 1582 760 1151
f 1582 1151 1444
f 1583 765 1447
f 1583 1447 1461
f 1584 211 1456
f 1584 1456 1191
f 1584 1191 1190
f 1585 211 1584
f 1585 1584 1190
f 1585 1447 1161
f 1586 1148 1587
f 1586 1587 1149
f 1586 1149 1147
f 1586 1147 1148
f 1588 1169 1170
f 1588 1170 1149
f 1588 1149 1587
f 1588 1587 1174
f 1588 1174 1168
f 1588 1168 1169
f 1589 1165 1451
f 1589 1451 1587
f 1589 1587 1148
f 1589 1148 1165
f 1590 1451 1452
f 1590 1452 1174
f 1590 1174 1587
f 1590 1587 1451
f 1591 1449 1172
f 1591 1172 776
f 1591 776 1452
f 1591 1452 1451
f 1591 1451 1450
f 1591 1450 1449
f 1592 1325 1181
f 1592 1181 1179
f 1592 1179 964
f 1592 964 1593
f 1592 1593 953
f 1592 953 1325
f 1594 1182 1454
f 1594 1454 1181
f 1594 1181 783
f 1594 783 1455
f 1594 1455 1182
f 1595 1189 1459
f 1595 1459 1461
f 1595 1461 1447
f 1596 1194 1192
f 1596 1192 1460
f 1596 1460 1459
f 1596 1459 1188
f 1596 1188 1194
f 1597 1163 1162
f 1598 1495 1213
f 1598 1213 1466
f 1598 1466 810
f 1598 810 809
f 1598 809 1207
f 1598 1207 1208
f 1599 1484 1469
f 1599 1469 1471
f 1600 1473 1218
f 1600 1218 1067
f 1600 1067 1468
f 1600 1468 1471
f 1601 7 1475
f 1601 1475 1476
f 1601 1476 1477
f 1601 1477 114
f 1601 114 7
f 1602 1223 818
f 1602 818 817
f 1602 817 819
f 1602 1474 1478
f 1602 1478 1222
f 1602 1222 1223
f 1603 815 819
f 1603 819 1481
f 1603 1481 1224
f 1603 1224 1482
f 1603 1482 1479
f 1603 1479 815
f 1604 1062 1060
f 1604 1060 1050
f 1604 1050 172
f 1604 172 831
f 1605 1235 1062
f 1605 1062 1487
f 1605 1487 832
f 1605 832 1235
f 1606 1486 1487
f 1606 1487 1062
f 1606 1062 1604
f 1606 1604 831
f 1606 831 1486
f 1607 1240 1230
f 1607 1230 1229
f 1607 1229 1488
f 1607 1488 828
f 1608 464 1243
f 1608 1243 1495
f 1608 1495 1598
f 1608 1598 1208
f 1608 1208 464
f 1609 261 861
f 1609 861 913
f 1609 913 921
f 1609 921 1610
f 1609 1610 1499
f 1609 1499 1253
f 1609 1253 1252
f 1609 1252 261
f 1611 1298 1266
f 1611 1266 1497
f 1611 1497 1498
f 1611 1498 1499
f 1611 1499 1610
f 1611 1610 921
f 1611 921 1298
f 1612 896 1281
f 1613 892 528
f 1613 528 1280
f 1613 1280 1511
f 1613 1511 1512
f 1613 1512 1282
f 1613 1282 1510
f 1613 1510 529
f 1613 529 892
f 1614 1615 909
f 1616 909 1615
f 1616 1615 903
f 1616 903 899
f 1616 899 1287
f 1616 1287 895
f 1616 895 909
f 1617 904 1515
f 1617 1615 1614
f 1617 1614 904
f 1618 1615 1617
f 1618 1617 1515
f 1618 1515 1288
f 1618 1288 903
f 1618 903 1615
f 1619 275 304
f 1619 277 275
f 1620 1293 919
f 1620 920 1518
f 1620 1518 1517
f 1620 1517 1294
f 1620 1294 1293
f 1621 1314 5
f 1621 5 1519
f 1621 1622 1314
f 1623 1521 1092
f 1623 1092 708
f 1623 708 1563
f 1623 1563 1418
f 1624 1526 1023
f 1624 1023 1021
f 1625 1022 28
f 1625 28 1550
f 1625 1550 1551
f 1626 1519 1295
f 1626 1295 1294
f 1626 1627 1628
f 1626 1628 1622
f 1629 1627 1527
f 1629 1527 937
f 1630 1315 1528
f 1630 1528 1314
f 1631 1317 1318
f 1631 1318 1004
f 1631 1004 1529
f 1631 1529 938
f 1631 938 1317
f 1632 1357 944
f 1632 944 943
f 1632 943 1530
f 1632 1530 945
f 1632 945 1357
f 1633 964 963
f 1634 1327 1323
f 1634 1323 948
f 1634 948 1533
f 1634 1533 956
f 1634 956 1327
f 1635 1367 1539
f 1635 1539 1368
f 1635 1368 1366
f 1635 1366 1367
f 1636 983 985
f 1636 985 1308
f 1636 1308 1539
f 1636 1539 1367
f 1636 1367 983
f 1637 1338 1544
f 1637 1544 1542
f 1637 1542 1348
f 1637 1348 1346
f 1637 1346 1345
f 1637 1345 1338
f 1638 1349 988
f 1638 988 990
f 1638 990 1348
f 1638 1348 1542
f 1638 1542 1546
f 1638 1546 1342
f 1638 1342 1349
f 1639 1363 1552
f 1639 1552 1014
f 1639 1014 1019
f 1639 1019 1363
f 1640 1552 1363
f 1640 1363 1018
f 1641 1418 1563
f 1641 1563 710
f 1641 710 1420
f 1641 1420 1082
f 1641 1082 1418
f 1642 704 1416
f 1642 1416 1564
f 1642 1564 1087
f 1642 1087 1088
f 1642 1088 1421
f 1642 1421 1565
f 1642 1565 705
f 1642 705 704
f 1643 1427 1095
f 1643 1095 1423
f 1643 1423 723
f 1643 723 1566
f 1643 1566 1101
f 1643 1101 1427
f 1644 1437 1135
f 1644 1135 1568
f 1644 1568 1436
f 1644 1436 1437
f 1645 762 761
f 1645 761 1646
f 1645 1646 1571
f 1645 1571 1570
f 1645 1570 1439
f 1645 1439 1152
f 1645 1152 762
f 1647 1572 1449
f 1647 1449 1167
f 1648 1573 449
f 1648 449 1153
f 1648 1153 1442
f 1649 1575 1650
f 1649 1650 1579
f 1649 1576 93
f 1649 93 1575
f 1651 1446 1578
f 1651 1578 1577
f 1651 1164 1445
f 1651 1445 1446
f 1652 1576 1649
f 1652 1649 1579
f 1652 1579 1578
f 1652 1578 1582
f 1652 1582 1444
f 1652 1444 1576
f 1653 1583 1461
f 1653 1461 1460
f 1654 211 1585
f 1654 1585 1161
f 1654 1161 211
f 1655 1189 1595
f 1655 1595 1447
f 1655 1447 1585
f 1655 1585 1190
f 1655 1190 1189
f 1656 1164 1651
f 1656 1651 1577
f 1656 1577 1579
f 1656 1579 1650
f 1656 1597 1162
f 1656 1162 1164
f 1657 1485 1484
f 1657 1484 1599
f 1657 1599 1471
f 1657 1471 1468
f 1657 1468 1066
f 1657 1066 1492
f 1657 1492 1493
f 1657 1493 1485
f 1658 1470 1478
f 1658 1478 1474
f 1658 1474 1473
f 1658 1473 1600
f 1658 1600 1471
f 1658 1471 1470
f 1659 1474 1602
f 1659 1602 819
f 1659 819 1472
f 1659 1472 1216
f 1659 1216 1474
f 1660 232 836
f 1660 836 1240
f 1660 1240 1607
f 1660 1607 828
f 1660 828 232
f 1661 1284 896
f 1661 896 1612
f 1661 1507 386
f 1661 386 692
f 1661 692 1284
f 1662 1283 1513
f 1662 1513 1273
f 1662 1273 1507
f 1662 1507 1661
f 1662 1661 1612
f 1662 1612 1281
f 1662 1281 1283
f 1663 904 1614
f 1663 1614 909
f 1663 909 906
f 1663 906 905
f 1663 905 1290
f 1663 1290 904
f 1664 1527 1627
f 1664 1627 1516
f 1664 1516 277
f 1664 277 1619
f 1664 1619 304
f 1664 304 1527
f 1665 920 1620
f 1665 1620 919
f 1665 919 918
f 1665 918 1297
f 1665 1297 1296
f 1665 1296 920
f 1666 1301 1299
f 1666 1299 1521
f 1666 1521 1623
f 1666 1623 1418
f 1666 1418 1301
f 1667 1312 984
f 1667 984 1526
f 1668 1022 1625
f 1668 1625 1669
f 1668 1669 1312
f 1668 1312 1667
f 1668 1667 1526
f 1668 1526 1624
f 1668 1624 1021
f 1668 1021 1022
f 1670 1519 1626
f 1670 1626 1622
f 1670 1622 1621
f 1670 1621 1519
f 1671 1516 1627
f 1671 1627 1626
f 1671 1626 1294
f 1671 1294 1516
f 1672 1628 1627
f 1672 1627 1629
f 1672 1629 937
f 1672 937 939
f 1672 939 1315
f 1672 1622 1628
f 1673 1593 964
f 1673 964 1633
f 1673 1633 1532
f 1673 1532 954
f 1673 954 953
f 1673 953 1593
f 1674 572 1322
f 1674 1322 1532
f 1674 1532 1633
f 1674 1633 963
f 1675 1017 1312
f 1675 1552 1640
f 1675 1640 1018
f 1675 1018 1017
f 1676 1572 1647
f 1676 1647 1167
f 1676 1167 1571
f 1677 1583 1653
f 1677 1160 765
f 1677 765 1583
f 1678 1650 1575
f 1678 1653 1597
f 1678 1597 1656
f 1678 1656 1650
f 1679 1597 1653
f 1679 1653 1460
f 1679 1460 1163
f 1679 1163 1597
f 1680 1622 1672
f 1680 1672 1315
f 1680 1315 1630
f 1680 1630 1314
f 1680 1314 1622
f 1681 572 1674
f 1681 1674 963
f 1681 963 952
f 1681 952 305
f 1681 305 572
f 1682 1669 1625
f 1682 1625 1551
f 1682 1551 1365
f 1682 1365 1552
f 1682 1552 1675
f 1682 1675 1312
f 1682 1312 1669
f 1683 1572 1676
f 1683 1676 1442
f 1683 1442 1155
f 1683 1155 1572
f 1684 1646 761
f 1684 761 1573
f 1684 1573 1648
f 1684 1648 1442
f 1684 1442 1676
f 1684 1676 1571
f 1684 1571 1646
f 1685 1677 1653
f 1685 1653 1678
f 1685 1678 1575
f 1685 1575 1160
f 1685 1160 1677
