# Convex hull collision mesh — generated by scripts/generate-collision-meshes.mjs
v 2.553237 0.598429 -7.660000
v 2.875889 0.006315 -7.660000
v -2.644109 -0.583961 -7.660000
v 2.575000 -0.600000 -7.660000
v 8.517786 5.333837 3.665000
v -0.216237 10.047673 3.665000
v -3.289036 -7.078155 3.665000
v -9.901462 1.721496 3.665000
v -2.783767 0.432104 -7.660000
v 2.801200 -0.395682 -7.660000
v 2.282656 -10.049006 3.410000
v 1.428406 -10.199066 3.466743
v 1.429293 -10.205398 3.410000
v -6.551585 7.620974 3.665000
v -2.866910 -9.898174 3.410000
v -3.689336 -9.621945 3.410000
v -3.689336 -9.621945 -3.410000
v -2.024163 -10.104246 -3.410000
v -2.024163 -10.104246 3.410000
v 3.187773 -9.531034 3.665000
v -8.280426 -5.695353 3.665000
v 4.773258 8.844123 3.665000
v 0.664347 10.277156 -3.466743
v 1.429293 10.205398 -3.410000
v 1.545362 10.182001 -3.466743
v -9.908517 2.830957 3.410000
v -9.635275 3.654380 3.410000
v -9.908517 2.830957 -3.410000
v -10.111527 1.987468 -3.410000
v -2.863634 -0.169599 -7.660000
v -2.401845 0.490704 -7.660000
v 2.826895 0.328211 -7.660000
v -2.575000 -0.600000 -7.660000
v -0.297478 -10.156284 -3.639747
v 2.857165 -0.208438 -7.660000
v 2.645013 -0.583533 -7.660000
v 10.151233 0.437133 -3.639747
v 10.208990 0.000000 -3.609367
v 10.151233 -0.437133 -3.639747
v 6.371453 -8.091099 -3.466743
v 6.857461 -7.683523 -3.466743
v 6.861719 -7.688293 -3.410000
v 6.861719 -7.688293 3.410000
v 0.565799 -10.289455 3.410000
v -2.865131 -9.892034 3.466743
v 7.478245 -6.714042 3.665000
v 10.040695 -0.432373 3.665000
v -4.485612 -9.277516 -3.410000
v -3.594867 -9.385064 3.665000
v -7.299950 7.273497 3.410000
v -6.662269 7.861756 3.410000
v -7.299950 7.273497 -3.410000
v -7.885890 6.633683 3.410000
v -5.977365 8.394292 3.410000
v -5.973657 8.389084 3.466743
v -5.250095 8.867330 3.410000
v -5.977365 8.394292 -3.410000
v 7.484103 7.083871 3.410000
v 7.484103 7.083871 -3.410000
v 7.043417 7.513426 -3.466743
v 2.356638 9.769788 3.665000
v 0.655447 10.139478 3.639747
v -0.218617 10.158288 3.639747
v -0.217458 10.104403 3.658607
v 3.462806 9.705771 3.304327
v 3.119840 9.821386 3.410000
v 3.934910 9.524154 3.410000
v 1.112821 10.244738 -1.395673
v 0.761181 10.276849 -3.145673
v 0.761181 10.276849 1.554327
v -10.227926 0.662605 -3.568990
v -10.211426 0.881085 -3.568990
v -10.187634 0.659995 -3.609367
v -10.208990 -0.000000 -3.609367
v -9.902369 2.829201 -3.466743
v -9.629297 3.652113 -3.466743
v -9.816201 2.804581 -3.609367
v -9.855024 2.815674 -3.568990
v -9.583258 3.634651 -3.568990
v -10.111527 1.987468 3.410000
v -2.564213 0.599614 -7.660000
v -7.885890 6.633683 -3.410000
v -2.875345 0.036600 -7.660000
v -9.635275 3.654380 -3.410000
v -9.293739 4.451901 -3.410000
v -9.611664 3.645425 -3.520640
v -9.957186 -2.629783 -3.466743
v -10.111527 -1.987468 3.410000
v -10.111527 -1.987468 -3.410000
v -7.885890 -6.633683 -3.410000
v -7.299950 -7.273497 -3.410000
v -7.299950 -7.273497 3.410000
v 9.926321 2.169509 -3.639747
v 9.884905 2.551888 -3.609367
v 9.703074 3.014792 -3.639747
v 2.618210 0.593782 -7.660000
v 1.524659 10.045597 -3.639747
v 2.382583 9.877343 -3.639747
v 4.058511 9.367602 -3.609367
v 4.848771 8.984035 -3.609367
v 4.825807 8.941487 -3.639747
v 4.039289 9.323237 -3.639747
v 3.251010 9.720106 -3.568990
v 4.074562 9.404652 -3.568990
v 2.282656 -10.049006 -3.410000
v 3.119840 -9.821386 3.410000
v -2.609788 -0.595977 -7.660000
v -2.826748 -9.759514 -3.639747
v -3.637653 -9.487154 -3.639747
v 8.226315 -6.195889 -3.466743
v 8.565696 -5.729039 3.410000
v 8.053440 -6.429240 3.410000
v 2.610249 -0.595869 -7.660000
v 3.076135 -9.683802 -3.639747
v 2.741001 -0.500437 -7.660000
v 8.611559 -5.392557 -3.639747
v 8.116110 -6.112886 -3.639747
v 10.172810 0.858730 -3.609367
v -1.150721 -10.095269 -3.639747
v -0.298894 -10.204614 -3.609367
v 7.009741 7.477503 3.568990
v 7.414374 7.017872 3.609367
v 7.443699 7.045628 3.568990
v 7.465763 7.066512 3.520640
v 7.560573 6.787957 3.639747
v 7.596550 6.820257 3.609367
v 8.027733 6.046322 3.665000
v -8.886331 5.217868 3.410000
v -8.886331 5.217868 -3.410000
v -8.739373 4.962444 3.665000
v -2.022908 -10.097977 3.466743
v -2.019203 -10.079485 3.520640
v -1.166346 -10.232347 3.466743
v -1.164210 -10.213610 3.520640
v 9.017238 -4.988231 3.410000
v 9.017238 -4.988231 -3.410000
v 9.166044 -4.695204 -3.466743
v 9.404867 -4.212067 3.410000
v 10.152874 -1.726397 3.466743
v 10.262109 -0.866269 3.466743
v 10.134281 -1.723236 3.520640
v 9.971677 -2.574289 3.466743
v 10.159177 -1.727469 3.410000
v 10.305000 0.000000 3.410000
v 10.298607 0.000000 3.466743
v 10.243316 -0.864682 3.520640
v 10.164064 -1.319587 3.568990
v 10.213044 -0.862127 3.568990
v 2.261389 -9.955380 3.609367
v 3.090773 -9.729881 3.609367
v 3.076135 -9.683802 3.639747
v 8.048444 -6.425251 3.466743
v 7.484103 -7.083871 3.410000
v 6.190700 -8.238220 3.410000
v 6.190700 -8.238220 -3.410000
v 5.475801 -8.729755 3.410000
v 3.898249 -9.435419 3.609367
v -4.485612 -9.277516 3.410000
v -5.250095 -8.867330 -3.410000
v -9.460239 -3.392105 3.665000
v -9.635275 -3.654380 3.410000
v -9.908517 -2.830957 3.410000
v -9.635275 -3.654380 -3.410000
v -2.851433 -9.844738 3.568990
v -3.654963 -9.532299 3.609367
v -3.669418 -9.570000 3.568990
v -2.859885 -9.873919 3.520640
v -6.551585 -7.620974 3.665000
v -9.957186 -2.629783 3.466743
v -10.086749 -1.982597 3.520640
v -9.938951 -2.624967 3.520640
v -10.243771 -1.118542 2.194480
v -10.244672 -1.109436 2.454483
v -10.243467 -1.121898 -0.023394
v -10.243472 -1.121909 -2.323327
v -10.283443 -0.666202 -3.410000
v -10.290822 -0.533115 3.275488
v -10.293010 -0.491949 -1.302988
v -10.292995 -0.492008 0.996950
v -10.297949 -0.369084 1.221678
v -10.301900 -0.255266 -1.217499
v -6.658135 7.856878 3.466743
v -5.246838 8.861828 3.466743
v -1.100591 10.190104 -3.568990
v -1.103853 10.220308 -3.520640
v -0.221180 10.277368 -3.520640
v -2.024163 10.104246 -3.410000
v -1.167070 10.238700 -3.410000
v -1.981983 10.106090 -3.466743
v -1.978354 10.087583 -3.520640
v -3.689336 9.621945 -3.410000
v -4.485612 9.277516 -3.410000
v -3.758377 9.595187 -3.145673
v -3.689336 9.621945 3.410000
v -4.258233 9.384054 -1.602723
v -4.237560 9.393408 -2.303290
v -5.250095 8.867330 -3.410000
v -4.503819 9.268691 3.304327
v -5.246838 8.861828 -3.466743
v -4.482829 9.271760 -3.466743
v -4.474620 9.254782 -3.520640
v -3.683794 9.617222 -3.466743
v -3.246306 9.780313 3.304327
v -2.866910 9.898174 3.410000
v -4.485612 9.277516 3.410000
v -4.482829 9.271760 3.466743
v -4.473182 9.283516 -2.096240
v 6.861719 7.688293 3.410000
v 6.857461 7.683523 3.466743
v 6.190700 8.238220 3.410000
v 8.048444 6.425251 3.466743
v 8.053440 6.429240 3.410000
v 7.626595 6.847232 3.568990
v 8.033705 6.413485 3.520640
v -1.091063 10.101891 3.639747
v -1.934138 9.862130 3.665000
v -4.388345 9.041290 3.665000
v -0.219658 10.206627 3.609367
v -1.096255 10.149961 3.609367
v -0.301705 10.300583 3.410000
v -0.301705 10.300583 -3.410000
v -0.347055 10.299154 3.066078
v 0.144974 10.303980 -1.395673
v 0.144974 10.303980 3.304327
v 0.510653 10.292340 -3.145673
v 0.510653 10.292340 1.554327
v 1.195495 10.235419 -1.395673
v 1.278092 10.225434 -1.395673
v -10.123028 -0.873457 -3.639747
v -10.206415 1.414744 -3.410000
v -10.277063 0.665788 -3.466743
v -10.279747 -0.000000 -3.520640
v -10.298607 -0.000000 -3.466743
v -3.677047 9.599610 -3.520640
v -3.666181 9.571240 -3.568990
v -4.461396 9.227430 -3.568990
v -3.651738 9.533535 -3.609367
v -4.443820 9.191079 -3.609367
v -5.221751 8.819458 -3.568990
v -2.674491 0.566254 -7.660000
v -0.218617 10.158288 -3.639747
v -0.219658 10.206627 -3.609367
v 0.655447 10.139478 -3.639747
v -1.091063 10.101891 -3.639747
v -6.662269 7.861756 -3.410000
v -7.295421 7.268984 -3.466743
v -6.658135 7.856878 -3.466743
v -6.568939 7.751623 -3.639747
v -5.893630 8.276698 -3.639747
v -2.677504 -0.564114 -7.660000
v -8.761845 5.144773 -3.639747
v -8.298040 5.863544 -3.639747
v -9.163547 4.389536 -3.639747
v -9.243567 4.427867 -3.568990
v -9.545505 3.620333 -3.609367
v -9.884235 2.824019 -3.520640
v -10.086749 1.982597 -3.520640
v -9.870540 -2.606899 -3.609367
v -9.823792 -2.594553 -3.639747
v -9.564386 -3.429449 -3.639747
v -9.676504 -3.469650 -3.520640
v -9.909578 -2.617210 -3.568990
v -9.647906 -3.459396 -3.568990
v -9.342416 -4.288645 -3.520640
v -9.694257 -3.476016 -3.466743
v -9.908517 -2.830957 -3.410000
v -7.360140 -7.203446 -3.466743
v -7.346662 -7.190255 -3.520640
v -6.701357 -7.795192 -3.520640
v -7.324950 -7.169005 -3.568990
v -7.914116 -6.512779 -3.568990
v -5.250095 -8.867330 3.410000
v -5.977365 -8.394292 3.410000
v 8.565696 5.729039 3.410000
v 7.663234 6.880127 -3.466743
v 8.053440 6.429240 -3.410000
v 8.048444 6.425251 -3.466743
v 8.033705 6.413485 -3.520640
v 8.226315 6.195889 -3.466743
v 8.565696 5.729039 -3.410000
v 2.859154 0.197405 -7.660000
v 10.076077 1.308164 -3.639747
v 10.124023 1.314389 -3.609367
v 9.973556 2.179833 -3.609367
v 9.635221 3.374314 -3.609367
v 9.407989 3.837755 -3.639747
v 9.166044 4.695204 -3.466743
v 9.017238 4.988231 -3.410000
v 9.017238 4.988231 3.410000
v 1.542531 10.163356 -3.520640
v 0.658566 10.187726 -3.609367
v 0.661171 10.228020 -3.568990
v 2.585787 0.599614 -7.660000
v 2.650127 0.580998 -7.660000
v 3.238203 9.681814 -3.609367
v 2.403388 9.963596 -3.568990
v 0.565799 -10.289455 -3.410000
v -0.301705 -10.300583 3.410000
v 7.663234 -6.880127 -3.466743
v 9.011643 -4.985136 -3.466743
v 8.565696 -5.729039 -3.410000
v 7.560573 -6.787957 -3.639747
v 10.199537 0.439214 -3.609367
v 10.136201 -1.857542 1.478801
v 10.106367 -2.013546 1.968063
v 10.136201 -1.857542 -0.871199
v 10.068427 -2.195406 3.228801
v 10.213044 -0.862127 -3.568990
v 10.270229 -0.442258 -3.520640
v 10.243316 -0.864682 -3.520640
v 10.064526 -1.711374 -3.609367
v 9.973556 -2.179833 -3.609367
v 9.926321 -2.169509 -3.639747
v 10.076077 -1.308164 -3.639747
v 5.475801 -8.729755 -3.410000
v 4.722091 -9.159415 3.410000
v 3.879787 -9.390733 -3.639747
v 9.381820 -4.201745 -3.520640
v 9.399032 -4.209454 -3.466743
v -0.300076 -10.244973 3.568990
v -0.300965 -10.275340 3.520640
v 0.565448 -10.283072 3.466743
v 1.425791 -10.180389 3.520640
v -1.167070 -10.238700 3.410000
v -0.301517 -10.294191 3.466743
v -1.160769 -10.183425 3.568990
v -0.298894 -10.204614 3.609367
v -1.156197 -10.143308 3.609367
v -1.156197 -10.143308 -3.609367
v -1.160769 -10.183425 -3.568990
v -2.013236 -10.049697 -3.568990
v -1.167070 -10.238700 -3.410000
v -1.166346 -10.232347 -3.466743
v 9.971677 2.574289 3.466743
v 9.977867 2.575887 3.410000
v 9.719801 3.403935 3.466743
v -9.293739 4.451901 3.410000
v 4.655940 -9.031104 3.639747
v 4.678095 -9.074079 3.609367
v 5.515872 -8.401052 3.665000
v 10.262109 -0.866269 -3.466743
v 10.303273 -0.188648 -3.221200
v 10.303273 -0.188648 0.636297
v 10.301212 -0.279386 3.228801
v 10.268479 -0.866806 3.410000
v 10.202243 -1.451642 3.228801
v 10.177548 -1.615716 -0.871199
v 10.202243 -1.451642 0.878801
v 10.279747 0.000000 3.520640
v 10.104331 -1.718143 3.568990
v 10.064526 -1.711374 3.609367
v 10.013001 -2.188454 3.568990
v 10.239878 -0.440951 3.568990
v 10.249367 0.000000 3.568990
v 10.208990 0.000000 3.609367
v 10.172810 -0.858730 3.609367
v 2.281240 -10.042770 3.466743
v 3.117904 -9.815292 3.466743
v 3.112195 -9.797318 3.520640
v 2.277062 -10.024380 3.520640
v 1.421577 -10.150303 3.568990
v 1.415977 -10.110315 3.609367
v 0.560528 -10.193590 3.609367
v -1.150721 -10.095269 3.639747
v -1.995808 -9.962699 3.639747
v 2.250679 -9.908232 3.639747
v 0.557873 -10.145313 3.639747
v -0.216237 -10.047673 3.665000
v 7.465763 -7.066512 3.520640
v 7.443699 -7.045628 3.568990
v 7.009741 -7.477503 3.568990
v 6.844904 -7.669452 3.520640
v 6.824675 -7.646786 3.568990
v 6.857461 -7.683523 3.466743
v 6.175529 -8.218032 3.520640
v 5.472404 -8.724339 3.466743
v 4.696598 -9.109967 3.568990
v 3.925268 -9.500814 3.520640
v 4.710519 -9.136970 3.520640
v -3.680295 -9.598366 3.520640
v -2.866910 -9.898174 -3.410000
v -2.865131 -9.892034 -3.466743
v -1.164210 -10.213610 -3.520640
v -0.301517 -10.294191 -3.466743
v -2.005305 -10.010106 -3.609367
v -2.851433 -9.844738 -3.568990
v -2.859885 -9.873919 -3.520640
v -3.669418 -9.570000 -3.568990
v -3.654963 -9.532299 -3.609367
v -10.012796 -0.863946 3.665000
v -1.144617 -10.041718 3.658607
v -0.295900 -10.102410 3.658607
v -9.293739 -4.451901 -3.410000
v -9.647906 -3.459396 3.568990
v -2.013236 -10.049697 3.568990
v -2.826748 -9.759514 3.639747
v -3.637653 -9.487154 3.639747
v -4.475399 -9.220647 3.568990
v -9.909578 -2.617210 3.568990
v -9.870540 -2.606899 3.609367
v -10.017321 -1.968951 3.609367
v -10.292799 -0.486304 -3.329107
v -10.300769 -0.258043 -3.410000
v -10.260483 -0.885318 -3.466743
v -10.269890 -0.837723 -3.410000
v -10.206415 -1.414744 -3.410000
v -10.146395 -1.764081 -3.466743
v -10.127813 -1.760850 -3.520640
v -10.097882 -1.755646 -3.568990
v -10.086749 -1.982597 -3.520640
v -10.105254 1.986235 3.466743
v -10.146395 1.764081 3.466743
v -10.086749 1.982597 3.520640
v -10.127813 1.760850 3.520640
v -10.193820 1.326358 3.520640
v -1.167070 10.238700 3.410000
v -1.095250 10.246632 -2.966985
v -1.611148 10.178272 1.889011
v -2.024163 10.104246 3.410000
v -7.295421 7.268984 3.466743
v -1.611148 10.178272 -3.145673
v -1.096255 10.149961 -3.609367
v -1.964736 10.018147 -3.609367
v -0.220526 10.246994 -3.568990
v -1.887856 10.130598 -3.145673
v -1.795766 10.147327 -3.145673
v -1.795766 10.147327 1.889011
v -2.251818 10.055961 -3.083274
v -2.843414 9.898297 -3.466743
v -2.838207 9.880171 -3.520640
v -2.322340 10.039908 3.304327
v -2.829819 9.850972 -3.568990
v -1.972507 10.057770 -3.568990
v -3.613586 9.650649 -3.145673
v -3.540882 9.677561 -3.145673
v -4.473182 9.283516 -2.303290
v -4.503819 9.268691 -1.602723
v -5.176548 8.743110 -3.639747
v -5.237229 8.845599 -3.520640
v -3.540882 9.677561 3.304327
v -3.999242 9.497320 -2.303290
v -4.187516 9.415824 3.304327
v -4.473182 9.283516 2.603760
v 7.479459 7.079476 3.466743
v 8.009962 6.394531 3.568990
v 4.058581 9.472115 3.304327
v 4.350740 9.341525 3.304327
v -1.100591 10.190104 3.568990
v -1.964736 10.018147 3.609367
v -0.220526 10.246994 3.568990
v -1.085276 10.048305 3.658607
v -5.201180 8.784714 3.609367
v -5.945096 8.348974 3.568990
v -5.921675 8.316083 3.609367
v -2.774775 9.659354 3.665000
v -3.683794 9.617222 3.466743
v -1.981983 10.106090 3.466743
v -1.978354 10.087583 3.520640
v -1.105878 10.239059 3.466743
v -1.972507 10.057770 3.568990
v 3.187773 9.531034 3.665000
v 3.205771 9.584846 3.658607
v 4.017863 9.273782 3.658607
v 1.516571 9.992311 3.658607
v 1.524659 10.045597 3.639747
v 1.531914 10.093400 3.609367
v 3.260646 9.748918 3.520640
v 2.410512 9.993129 3.520640
v 6.844904 7.669452 3.520640
v 6.175529 8.218032 3.520640
v 0.661171 10.228020 3.568990
v 1.537973 10.133320 3.568990
v 1.932529 10.122173 -3.172792
v 2.855492 9.901474 1.889011
v 2.426475 10.015250 3.304327
v 2.282656 10.049006 -3.410000
v 2.049972 10.099042 -3.182545
v 3.453454 9.709103 2.110243
v 2.410512 9.993129 -3.520640
v -0.091852 10.304590 0.954327
v -0.221180 10.277368 3.520640
v 0.663131 10.258336 3.520640
v 1.360605 10.214783 -1.395673
v 1.429293 10.205398 3.410000
v 1.542531 10.163356 3.520640
v 0.565799 10.289455 3.410000
v 0.677714 10.282691 -3.145673
v 4.722091 9.159415 3.410000
v 6.186859 8.233109 3.466743
v 5.475801 8.729755 -3.410000
v 5.475801 8.729755 3.410000
v 6.861719 7.688293 -3.410000
v 1.195495 10.235419 3.304327
v 1.544682 10.188573 -2.892454
v 1.582295 10.182800 -2.954852
v 1.492159 10.196398 -2.749851
v 1.474383 10.198981 -0.239757
v -10.249367 -0.000000 -3.568990
v -10.227926 -0.662605 -3.568990
v -10.160641 -0.000000 -3.639747
v -10.187634 -0.659995 -3.609367
v -10.211426 -0.881085 -3.568990
v -10.146395 1.764081 -3.466743
v -10.127813 1.760850 -3.520640
v -10.193820 1.326358 -3.520640
v -10.258243 0.664569 -3.520640
v -10.218863 1.329616 3.410000
v -2.632614 0.588899 -7.660000
v -3.634443 9.488384 -3.639747
v -2.805322 9.765694 -3.639747
v -2.818671 9.812164 -3.609367
v -7.880998 6.629568 -3.466743
v -2.845675 0.262112 -7.660000
v -10.097882 1.755646 -3.568990
v -10.123028 0.873457 -3.639747
v -2.789125 -0.421549 -7.660000
v -8.877629 -5.040950 -3.609367
v -9.278111 -4.259125 -3.609367
v -8.835585 -5.017076 -3.639747
v -9.314806 -4.275970 -3.568990
v -8.912741 -5.060887 -3.568990
v -7.937574 -6.532084 -3.520640
v -5.206022 -8.725592 -3.639747
v -9.287973 4.449140 -3.466743
v -9.207151 4.410424 -3.609367
v -10.056939 -1.976738 -3.568990
v -9.609899 -3.445768 -3.609367
v -6.662269 -7.861756 -3.410000
v -6.681552 -7.772154 -3.568990
v -5.988687 -8.317761 -3.568990
v -5.276711 -8.844072 3.466743
v -6.662269 -7.861756 3.410000
v 9.011643 4.985136 -3.466743
v 8.560381 5.725484 3.466743
v 8.560381 5.725484 -3.466743
v 8.211250 6.184543 -3.520640
v 10.064526 1.711374 -3.609367
v 8.485890 5.675663 -3.609367
v 8.611559 5.392557 -3.639747
v 8.116110 6.112886 -3.639747
v 9.381820 4.201745 -3.520640
v 9.354094 4.189327 -3.568990
v 9.149259 4.686605 -3.520640
v 9.086283 4.654347 -3.609367
v 9.043250 4.632304 -3.639747
v 8.933226 4.941756 -3.609367
v 8.968557 4.961301 -3.568990
v 9.749246 3.029138 -3.609367
v 9.816816 3.050133 -3.520640
v 9.702002 3.397701 -3.520640
v 9.834826 3.055729 -3.466743
v 9.452757 3.856017 -3.609367
v 9.673328 3.387660 -3.568990
v 9.382569 4.261504 2.701248
v 4.867948 9.019568 -3.568990
v 0.663131 10.258336 -3.520640
v -0.221586 10.296223 -3.466743
v 1.531914 10.093400 -3.609367
v 2.681165 0.561415 -7.660000
v 5.576596 8.493538 -3.639747
v 6.133022 8.161466 -3.609367
v 6.286098 7.982706 -3.639747
v 3.222867 9.635961 -3.639747
v 2.393920 9.924345 -3.609367
v 2.250679 -9.908232 -3.639747
v -0.301705 -10.300583 -3.410000
v 8.048444 -6.425251 -3.466743
v 8.033705 -6.413485 -3.520640
v 7.484103 -7.083871 -3.410000
v 8.560381 -5.725484 -3.466743
v 9.086283 -4.654347 -3.609367
v 9.317243 -4.172823 -3.609367
v 9.354094 -4.189327 -3.568990
v 9.122219 -4.672755 -3.568990
v 8.968557 -4.961301 -3.568990
v 8.485890 -5.675663 -3.609367
v 2.687904 -0.556163 -7.660000
v 5.424784 -8.648421 -3.609367
v 7.978407 -6.369340 -3.609367
v 10.159177 1.727469 3.410000
v 10.159177 1.727469 -3.410000
v 10.061105 2.198968 -3.466743
v 10.132102 1.879769 -3.221200
v 10.101927 2.035707 -2.731937
v 10.132102 1.879769 -0.871199
v 10.239878 0.440951 -3.568990
v 10.280547 0.709493 -3.168771
v 10.287049 0.608038 -3.104751
v 10.268479 0.866806 -3.410000
v 10.150622 -1.777043 1.478801
v 10.159177 -1.727469 -3.410000
v 10.172810 -0.858730 -3.609367
v 10.194192 -1.323499 -3.520640
v 3.119840 -9.821386 -3.410000
v 3.934910 -9.524154 -3.410000
v 3.934910 -9.524154 3.410000
v 4.678095 -9.074079 -3.609367
v 9.404867 -4.212067 -3.410000
v 9.506690 -3.976918 3.228801
v 9.725835 -3.406048 3.410000
v 9.977867 -2.575887 3.410000
v 9.847637 -3.035962 3.228801
v 10.047651 -2.288607 3.228801
v 10.136201 -1.857542 -3.221200
v 10.061105 -2.198968 -3.466743
v 10.055880 -2.252180 2.166605
v 10.055880 -2.252180 -2.533396
v 10.060507 -2.231417 1.968063
v 10.093704 -2.076094 2.166605
v 9.407989 -3.837755 -3.639747
v 9.673328 -3.387660 -3.568990
v 9.787805 -3.041119 -3.568990
v 9.702002 -3.397701 -3.520640
v 9.518272 -3.882742 -3.520640
v 9.425267 4.166222 -2.331132
v 9.444868 4.121588 -2.387326
v 9.404867 4.212067 -3.410000
v 9.516516 3.953343 -2.510389
v 9.548434 3.875618 -2.539841
v 6.217648 7.895781 3.665000
v 6.103976 8.122813 3.639747
v 5.603132 8.533955 3.609367
v 5.576596 8.493538 3.639747
v 6.982126 7.448046 3.609367
v 7.379260 6.984635 3.639747
v -9.629297 3.652113 3.466743
v -7.760174 6.386095 3.665000
v -8.415936 5.946851 3.410000
v 5.399092 -8.607463 3.639747
v 5.424784 -8.648421 3.609367
v 6.133022 -8.161466 3.609367
v 3.879787 -9.390733 3.639747
v 3.859207 -9.340919 3.658607
v 6.217648 -7.895781 3.665000
v 6.071597 -8.079725 3.658607
v 4.773258 -8.844123 3.665000
v 9.305544 -3.795965 3.665000
v 9.719801 -3.403935 3.466743
v 9.702002 -3.397701 3.520640
v 9.381820 -4.201745 3.520640
v 9.399032 -4.209454 3.466743
v 9.953416 -2.569575 3.520640
v 9.924000 -2.561981 3.568990
v 9.490143 -3.871268 3.568990
v 9.354094 -4.189327 3.568990
v 9.452757 -3.856017 3.609367
v 9.305544 3.795965 3.665000
v 9.787805 3.041119 3.568990
v 9.673328 3.387660 3.568990
v 9.635221 3.374314 3.609367
v 9.884905 2.551888 3.609367
v 9.924000 2.561981 3.568990
v 9.953416 2.569575 3.520640
v 10.124023 -1.314389 3.609367
v 10.199537 0.439214 3.609367
v 10.151233 0.437133 3.639747
v 10.160641 0.000000 3.639747
v 10.151233 -0.437133 3.639747
v 10.097385 0.434815 3.658607
v 10.097385 -0.434815 3.658607
v 10.289071 -0.443069 -3.466743
v 10.305000 0.000000 -3.410000
v 10.268479 -0.866806 -3.410000
v 10.284802 -0.644882 -2.739028
v 10.212894 -1.325927 -3.466743
v 10.230544 -1.236523 -3.221200
v 10.230544 -1.236523 0.636297
v 10.229919 -1.241685 3.228801
v 10.221614 -1.308295 -3.221200
v 10.242138 -1.136504 3.228801
v 10.164406 -1.696433 -0.871199
v 10.202243 -1.451642 -3.221200
v 10.212180 -1.380002 -0.871199
v 10.177548 -1.615716 1.478801
v 10.304907 0.043918 -1.471200
v 10.304400 -0.111131 -3.221200
v 10.304945 -0.033607 1.478801
v 10.303571 -0.171633 3.228801
v 10.304400 -0.111131 1.478801
v 10.199537 -0.439214 3.609367
v 3.102997 -9.768364 3.568990
v 2.270333 -9.994754 3.568990
v 0.562745 -10.233907 3.568990
v -0.297478 -10.156284 3.639747
v 1.409271 -10.062433 3.639747
v 1.401795 -10.009057 3.658607
v 8.519452 -5.698110 3.568990
v 8.186983 -6.166266 3.568990
v 8.544704 -5.715000 3.520640
v 8.686758 -5.439647 3.568990
v 7.479459 -7.079476 3.466743
v 6.157278 -8.193745 3.568990
v 6.316010 -8.020692 3.609367
v 6.186859 -8.233109 3.466743
v 4.719161 -9.153732 3.466743
v -3.687047 -9.615975 3.466743
v -2.022908 -10.097977 -3.466743
v -1.995808 -9.962699 -3.639747
v -2.840199 -9.805954 -3.609367
v -3.687047 -9.615975 -3.466743
v -4.496899 -9.264944 -3.466743
v -5.276711 -8.844072 -3.466743
v -4.488664 -9.247978 -3.520640
v -4.436656 -9.140825 -3.639747
v -4.457768 -9.184322 -3.609367
v -5.251482 -8.801787 -3.568990
v -5.230794 -8.767113 -3.609367
v -9.460239 3.392105 3.665000
v -9.133617 -4.192796 3.665000
v -1.934138 -9.862130 3.665000
v -1.079183 -9.991890 3.665000
v -9.359555 -4.296513 -3.466743
v -9.609899 -3.445768 3.609367
v -9.564386 -3.429449 3.639747
v -9.314806 -4.275970 3.568990
v -7.885890 -6.633683 3.410000
v -8.415936 -5.946851 3.410000
v -9.293739 -4.451901 3.410000
v -7.261539 -7.106945 3.639747
v -7.803988 -6.422151 3.658607
v -7.845605 -6.456399 3.639747
v -7.182467 -7.029556 3.665000
v -6.588575 -7.664002 3.658607
v -2.005305 -10.010106 3.609367
v -3.618357 -9.436830 3.658607
v -2.811754 -9.707744 3.658607
v -5.149333 -8.630578 3.665000
v -4.457768 -9.184322 3.609367
v -5.251482 -8.801787 3.568990
v -10.300920 -0.293298 3.372888
v -10.305000 -0.000000 3.410000
v -10.301887 -0.255312 1.082451
v -10.227926 0.662605 3.568990
v -10.208990 -0.000000 3.609367
v -10.187634 0.659995 3.609367
v -10.218863 -1.329616 3.410000
v -10.146395 -1.764081 3.466743
v -10.212523 -1.328791 3.466743
v -10.056939 -1.976738 3.568990
v -10.097882 -1.755646 3.568990
v -10.245933 -1.096088 -2.071668
v -10.253493 -1.015681 -1.832724
v -10.258243 -0.664569 -3.520640
v -10.302965 -0.173340 -3.427363
v -10.305000 -0.000000 -3.410000
v -10.303755 -0.087287 -3.436910
v -9.938951 -2.624967 -3.520640
v -10.105254 -1.986235 -3.466743
v -10.212523 -1.328791 -3.466743
v -10.246116 -1.093053 -2.574495
v -10.303123 0.086120 -3.435884
v -9.816201 2.804581 3.609367
v -9.545505 3.620333 3.609367
v -9.583258 3.634651 3.568990
v -9.855024 2.815674 3.568990
v -9.884235 2.824019 3.520640
v -10.056939 1.976738 3.568990
v -10.123028 0.873457 3.639747
v -10.123654 1.317228 3.609367
v -10.171198 0.877614 3.609367
v -10.139385 0.656869 3.639747
v -10.075709 1.310990 3.639747
v -10.097882 1.755646 3.568990
v -1.703527 10.163219 -0.795673
v -1.703527 10.163219 1.889011
v -0.708190 10.280637 3.310000
v -0.528808 10.291438 3.084457
v -1.198132 10.235111 -0.616985
v -1.095250 10.246632 1.733014
v -0.992258 10.257117 1.733014
v -5.962717 8.373721 3.520640
v -6.600197 7.788509 3.609367
v -1.105878 10.239059 -3.466743
v -1.703527 10.163219 -3.145673
v -1.887856 10.130598 1.889011
v -2.322340 10.039908 -2.297618
v -2.343750 10.034931 -2.880478
v -2.251818 10.055961 1.864903
v -2.866910 9.898174 -3.410000
v -3.686086 9.623191 -0.795673
v -4.422774 9.147551 -3.639747
v -5.973657 8.389084 -3.466743
v -6.600197 7.788509 -3.609367
v -6.626301 7.819313 -3.568990
v -5.945096 8.348974 -3.568990
v -5.201180 8.784714 -3.609367
v -2.941055 9.876397 3.304327
v -3.013012 9.854683 3.098695
v -3.255727 9.777181 -2.589757
v -3.238679 9.782844 -2.749851
v -3.613586 9.650649 1.554327
v -4.187516 9.415824 -1.395673
v -4.009695 9.492911 3.097277
v -4.237560 9.393408 -2.096240
v -3.866414 9.552166 3.304327
v -3.866414 9.552166 0.954327
v -3.866414 9.552166 -1.395673
v -4.258233 9.384054 3.097277
v 8.485890 5.675663 3.609367
v 8.154731 6.141974 3.609367
v 8.445702 5.648783 3.639747
v 8.116110 6.112886 3.639747
v 7.978407 6.369340 3.609367
v 3.762507 9.593569 3.304327
v 3.808346 9.575463 2.624682
v 3.692435 9.620756 3.098695
v 3.999409 9.497250 2.642050
v 4.145311 9.434481 3.098695
v 4.034670 9.482324 0.094927
v 3.999409 9.497250 0.292050
v -1.103853 10.220308 3.520640
v -1.079183 9.991890 3.665000
v -5.221751 8.819458 3.568990
v -5.149333 8.630578 3.665000
v -5.893630 8.276698 3.639747
v -1.955431 9.970702 3.639747
v -2.843414 9.898297 3.466743
v -2.838207 9.880171 3.520640
v 4.800209 8.894057 3.658607
v 3.995305 9.221715 3.665000
v 2.369944 9.824948 3.658607
v 0.651970 10.085692 3.658607
v 3.251010 9.720106 3.568990
v 4.058511 9.367602 3.609367
v 4.074562 9.404652 3.568990
v 6.340990 8.052414 3.568990
v 6.157278 8.193745 3.568990
v 6.316010 8.020692 3.609367
v 0.658566 10.187726 3.609367
v 1.627200 10.175718 -3.010948
v 1.716194 10.161090 -3.087000
v 1.825753 10.141973 -3.143534
v 2.855492 9.901474 -3.145673
v 2.496707 9.997973 -3.083274
v 2.945306 9.875131 -2.810989
v 2.496707 9.997973 1.864903
v 2.366861 10.029508 -3.134643
v 1.966978 10.115534 3.098695
v 1.800134 10.146553 3.304327
v 2.114324 10.085765 3.304327
v 2.282656 10.049006 3.410000
v 3.124197 9.820001 -2.810989
v 3.119840 9.821386 -3.410000
v 3.786724 9.584035 -3.143534
v 3.887512 9.543601 -3.172792
v 3.934910 9.524154 -3.410000
v 3.260646 9.748918 -3.520640
v 3.683073 9.624347 -3.087000
v 3.598700 9.656210 -3.010948
v 3.946537 9.519342 2.439092
v 2.414935 10.011463 -3.466743
v -0.452863 10.295045 2.905827
v -0.452863 10.295045 -2.966985
v -0.347055 10.299154 -3.145673
v -0.631301 10.285645 -3.145673
v -0.915065 10.264292 -3.145673
v -0.664325 10.283565 -2.966985
v -0.091852 10.304590 3.304327
v 0.066034 10.304789 0.954327
v -0.091852 10.304590 -1.395673
v 1.360605 10.214783 3.304327
v 0.565799 10.289455 -3.410000
v 0.629594 10.285749 1.850721
v 0.629594 10.285749 -2.849279
v 4.867948 9.019568 3.568990
v 4.848771 8.984035 3.609367
v 5.652318 8.608868 -3.466743
v 6.175529 8.218032 -3.520640
v 5.641967 8.593102 -3.520640
v 4.891334 9.062900 -3.466743
v 6.190700 8.238220 -3.410000
v 4.722091 9.159415 -3.410000
v 4.416196 9.310760 -3.083274
v 6.371453 8.091099 -3.466743
v 7.479459 7.079476 -3.466743
v 6.949059 7.412772 -3.639747
v 6.316010 8.020692 -3.609367
v 6.157278 8.193745 -3.568990
v 1.112821 10.244738 3.304327
v 1.484207 10.197556 3.304327
v 1.726080 10.159413 3.098695
v 1.652401 10.171657 2.532852
v 1.578619 10.183372 2.461405
v 1.709766 10.162171 2.111661
v 1.523307 10.191786 -2.326121
v 1.578619 10.183372 -2.238595
v 1.474383 10.198981 -2.589757
v -10.017321 -1.968951 -3.609367
v -10.010468 -1.740448 -3.639747
v -10.123654 -1.317228 -3.609367
v -10.105254 1.986235 -3.466743
v -10.212523 1.328791 -3.466743
v -10.241693 0.883696 -3.520640
v -10.260483 0.885318 -3.466743
v -10.283443 0.666202 3.410000
v -10.300079 0.257785 3.378947
v -10.267601 0.876680 2.988217
v -10.212523 1.328791 3.466743
v -10.241693 0.883696 3.520640
v -1.955431 9.970702 -3.639747
v -2.721940 0.523597 -7.660000
v -7.775420 6.540754 -3.639747
v -7.812419 6.571878 -3.609367
v -7.843318 6.597870 -3.568990
v -7.260540 7.234230 -3.568990
v -7.866566 6.617427 -3.520640
v -7.282061 7.255672 -3.520640
v -7.197688 7.171604 -3.639747
v -10.017321 1.968951 -3.609367
v -10.010468 1.740448 -3.639747
v -10.058102 1.748730 -3.609367
v -10.163694 1.322438 -3.568990
v -2.749340 -0.489033 -7.660000
v -7.845605 -6.456399 -3.639747
v -8.371585 -5.758053 -3.639747
v -2.831957 -0.312219 -7.660000
v -9.234169 -4.238954 -3.639747
v -8.444690 -5.808334 -3.568990
v -8.411422 -5.785452 -3.609367
v -7.882939 -6.487122 -3.609367
v -7.261539 -7.106945 -3.639747
v -5.977365 -8.394292 -3.410000
v -6.017457 -8.357721 -3.466743
v -6.713651 -7.809493 -3.466743
v -5.936843 -8.245756 -3.639747
v -6.623711 -7.704873 -3.639747
v -7.296093 -7.140763 -3.609367
v -5.965094 -8.284994 -3.609367
v -4.496899 -9.264944 3.466743
v -6.017457 -8.357721 3.466743
v -5.965094 -8.284994 3.609367
v -5.988687 -8.317761 3.568990
v -5.206022 -8.725592 3.639747
v -5.936843 -8.245756 3.639747
v -6.681552 -7.772154 3.568990
v 8.995141 4.976007 -3.520640
v 8.544704 5.715000 3.520640
v 8.009962 6.394531 -3.568990
v 7.978407 6.369340 -3.609367
v 7.626595 6.847232 -3.568990
v 8.728491 5.465780 -3.466743
v 8.712506 5.455770 -3.520640
v 8.544704 5.715000 -3.520640
v 8.652536 5.418218 -3.609367
v 9.518272 3.882742 -3.520640
v 9.122219 4.672755 -3.568990
v 9.787805 3.041119 -3.568990
v 9.924000 2.561981 -3.568990
v 9.317243 4.172823 -3.609367
v 9.382569 4.261504 -1.998752
v 9.389985 4.245143 -2.144979
v 4.882377 9.046303 -3.520640
v 1.537973 10.133320 -3.568990
v 7.560573 6.787957 -3.639747
v 7.414374 7.017872 -3.609367
v 2.785659 0.428437 -7.660000
v 5.603132 8.533955 -3.609367
v 0.557873 -10.145313 -3.639747
v 0.560528 -10.193590 -3.609367
v -0.300965 -10.275340 -3.520640
v 2.261389 -9.955380 -3.609367
v 1.429293 -10.205398 -3.410000
v 1.428406 -10.199066 -3.466743
v 8.053440 -6.429240 -3.410000
v 7.043417 -7.513426 -3.466743
v 7.479459 -7.079476 -3.466743
v 7.465763 -7.066512 -3.520640
v 8.728491 -5.465780 -3.466743
v 8.211250 -6.184543 -3.520640
v 9.149259 -4.686605 -3.520640
v 9.043250 -4.632304 -3.639747
v 8.652536 -5.418218 -3.609367
v 6.949059 -7.412772 -3.639747
v 6.982126 -7.448046 -3.609367
v 6.797789 -7.616662 -3.609367
v 6.286098 -7.982706 -3.639747
v 5.472404 -8.724339 -3.466743
v 7.009741 -7.477503 -3.568990
v 7.443699 -7.045628 -3.568990
v 6.824675 -7.646786 -3.568990
v 6.844904 -7.669452 -3.520640
v 6.359786 -8.076282 -3.520640
v 8.154731 -6.141974 -3.609367
v 10.152874 1.726397 3.466743
v 10.206799 1.419255 -2.964514
v 10.193487 1.511901 -3.153837
v 10.206799 1.419255 1.735486
v 10.208549 1.406612 0.627788
v 10.146122 1.802561 1.478801
v 10.210857 1.389752 -3.201345
v 10.212894 1.325927 -3.466743
v 10.262109 0.866269 -3.466743
v 10.194192 1.323499 -3.520640
v 10.229014 1.249105 -3.239635
v 9.995654 2.505977 -1.471200
v 9.977867 2.575887 -3.410000
v 10.055589 2.253478 -2.731937
v 9.535735 3.889866 -3.466743
v 9.719801 3.403935 -3.466743
v 9.725835 3.406048 -3.410000
v 9.965297 2.624099 -2.533396
v 9.948854 2.685761 -2.731937
v 9.953416 2.569575 -3.520640
v 10.013001 2.188454 -3.568990
v 10.042681 2.194941 -3.520640
v 10.104331 1.718143 -3.568990
v 9.725835 3.406048 3.410000
v 9.709702 3.451768 -2.370308
v 9.638393 3.646147 3.228801
v 9.550736 3.869938 3.208631
v 10.249367 0.000000 -3.568990
v 10.279747 0.000000 -3.520640
v 10.298607 0.000000 -3.466743
v 10.270229 0.442258 -3.520640
v 10.213044 0.862127 -3.568990
v 10.284079 0.656352 -2.812535
v 10.199537 -0.439214 -3.609367
v 10.164064 -1.319587 -3.568990
v 4.722091 -9.159415 -3.410000
v 4.719161 -9.153732 -3.466743
v 3.898249 -9.435419 -3.609367
v 4.696598 -9.109967 -3.568990
v 3.913667 -9.472736 -3.568990
v 3.925268 -9.500814 -3.520640
v 9.506690 -3.976918 -3.221200
v 9.545628 -3.882528 -2.407180
v 9.535735 -3.889866 -3.466743
v 9.719801 -3.403935 -3.466743
v 9.609977 -3.720400 2.447399
v 9.609977 -3.720400 0.097399
v 9.609977 -3.720400 -2.252601
v 10.003515 -2.474412 3.228801
v 10.003515 -2.474412 -1.471200
v 9.760358 -3.305820 3.228801
v 9.790276 -3.216135 3.228801
v 9.760358 -3.305820 -1.471200
v 9.924000 -2.561981 -3.568990
v 9.953416 -2.569575 -3.520640
v 9.816816 -3.050133 -3.520640
v 9.977867 -2.575887 -3.410000
v 9.971027 -2.602236 2.166605
v 9.912481 -2.817045 1.478801
v 10.047651 -2.288607 -1.471200
v 10.150622 -1.777043 -3.221200
v 10.093704 -2.076094 -2.533396
v 9.703074 -3.014792 -3.639747
v 9.490143 -3.871268 -3.568990
v 8.995141 4.976007 3.520640
v 9.702002 3.397701 3.520640
v 9.381820 4.201745 3.520640
v 9.487286 4.022998 -2.471204
v 9.432932 4.148844 -1.653726
v 9.432932 4.148844 3.046274
v 9.536137 3.905786 -2.304087
v 7.478245 6.714042 3.665000
v 7.898500 6.305548 3.658607
v 6.286098 7.982706 3.639747
v 6.765595 7.580589 3.639747
v 6.133022 8.161466 3.609367
v 6.797789 7.616662 3.609367
v 6.949059 7.412772 3.639747
v -9.902369 2.829201 3.466743
v -8.803538 5.169254 3.609367
v -8.337526 5.891445 3.609367
v -8.838357 5.189699 3.568990
v -8.761845 5.144773 3.639747
v -8.298040 5.863544 3.639747
v -8.370502 5.914746 3.568990
v -8.715367 5.117482 3.658607
v -7.880998 6.629568 3.466743
v -8.410715 5.943161 3.466743
v -7.866566 6.617427 3.520640
v -7.812419 6.571878 3.609367
v -8.415936 5.946851 -3.410000
v 6.286098 -7.982706 3.639747
v 6.765595 -7.580589 3.639747
v 6.797789 -7.616662 3.609367
v 6.982126 -7.448046 3.609367
v 6.949059 -7.412772 3.639747
v 6.873390 -7.332053 3.665000
v 6.729707 -7.540378 3.658607
v 6.912198 -7.373451 3.658607
v 4.631243 -8.983198 3.658607
v 3.995305 -9.221715 3.665000
v 9.884905 -2.551888 3.609367
v 8.995141 -4.976007 3.520640
v 9.787805 -3.041119 3.568990
v 9.749246 -3.029138 3.609367
v 9.966357 1.293919 3.665000
v 10.124632 0.854664 3.639747
v 9.749246 3.029138 3.609367
v 9.703074 3.014792 3.639747
v 10.124632 -0.854664 3.639747
v 10.076077 -1.308164 3.639747
v 9.818232 -2.145885 3.665000
v 9.966357 -1.293919 3.665000
v 9.963725 -1.694234 3.658607
v 10.239878 0.440951 3.568990
v 10.106743 0.000000 3.658607
v 10.284802 -0.644882 1.960972
v 10.301212 -0.279386 -1.471200
v 10.152874 -1.726397 -3.466743
v 10.134281 -1.723236 -3.520640
v 10.229919 -1.241685 -1.471200
v 10.230544 -1.236523 2.986296
v 10.242138 -1.136504 -1.471200
v 10.177548 -1.615716 -3.221200
v 10.216620 -1.346735 3.228801
v 10.212180 -1.380002 -3.221200
v 10.164406 -1.696433 1.478801
v 10.304907 0.043918 -3.221200
v 10.300657 0.299144 2.352382
v 10.296467 0.419399 -2.883588
v 10.304802 -0.063861 -1.471200
v 10.304802 -0.063861 0.878801
v 10.303273 -0.188648 2.986296
v 10.304802 -0.063861 3.228801
v 10.303571 -0.171633 -1.471200
v 3.913667 -9.472736 3.568990
v 0.564413 -10.264240 3.520640
v 2.238740 -9.855673 3.658607
v 0.554914 -10.091497 3.658607
v 1.508057 -9.936210 3.665000
v 8.517786 -5.333837 3.665000
v 7.626595 -6.847232 3.568990
v 6.340990 -8.052414 3.568990
v 5.446239 -8.682627 3.568990
v 3.932469 -9.518245 3.466743
v -2.019203 -10.079485 -3.520640
v -3.680295 -9.598366 -3.520640
v -5.267048 -8.827876 -3.520640
v -4.475399 -9.220647 -3.568990
v -10.010468 1.740448 3.639747
v -10.058102 1.748730 3.609367
v -9.916993 1.949231 3.658607
v -9.957366 1.731216 3.658607
v -9.969878 1.959626 3.639747
v -10.022263 1.304036 3.658607
v -10.069329 0.868824 3.658607
v -8.739373 -4.962444 3.665000
v -8.788716 -4.990462 3.658607
v -9.185186 -4.216468 3.658607
v -9.234169 -4.238954 3.639747
v -8.835585 -5.017076 3.639747
v -9.716821 -2.566301 3.665000
v -10.058102 -1.748730 3.609367
v -10.123654 -1.317228 3.609367
v -10.163694 -1.322438 3.568990
v -10.171198 -0.877614 3.609367
v -10.211426 -0.881085 3.568990
v -2.774775 -9.659354 3.665000
v -1.985221 -9.909851 3.658607
v -9.278111 -4.259125 3.609367
v -7.952137 -6.544067 -3.466743
v -8.485259 -5.836238 -3.466743
v -7.346662 -7.190255 3.520640
v -8.886331 -5.217868 -3.410000
v -8.886331 -5.217868 3.410000
v -7.296093 -7.140763 3.609367
v -7.324950 -7.169005 3.568990
v -7.760174 -6.386095 3.665000
v -7.223020 -7.069245 3.658607
v -2.840199 -9.805954 3.609367
v -5.905351 -8.202017 3.658607
v -4.388345 -9.041290 3.665000
v -4.413122 -9.092338 3.658607
v -4.436656 -9.140825 3.639747
v -10.301275 -0.238389 3.386277
v -10.277063 -0.665788 3.466743
v -10.283443 -0.666202 3.410000
v -10.211426 0.881085 3.568990
v -10.241693 -0.883696 3.520640
v -10.227926 -0.662605 3.568990
v -10.298607 -0.000000 3.466743
v -10.279747 -0.000000 3.520640
v -10.258243 0.664569 3.520640
v -10.258243 -0.664569 3.520640
v -10.249367 -0.000000 3.568990
v -10.105254 -1.986235 3.466743
v -10.127813 -1.760850 3.520640
v -10.260483 -0.885318 3.466743
v -10.218863 -1.329616 -3.410000
v -10.241693 -0.883696 -3.520640
v -10.277063 -0.665788 -3.466743
v -10.283443 0.666202 -3.410000
v -10.291059 0.507588 -3.319054
v -10.275510 0.776369 -3.130044
v -10.269890 0.837723 -3.410000
v -10.300769 0.258043 -3.410000
v -10.017321 1.968951 3.609367
v -0.889166 10.266567 3.310000
v -0.708190 10.280637 0.960000
v -0.768543 10.276301 0.960000
v -0.703175 10.280985 3.269702
v -1.198132 10.235111 -3.145673
v -1.198132 10.235111 1.733014
v -7.182467 7.029556 3.665000
v -7.734175 6.506058 3.658607
v -6.645942 7.842490 3.520640
v -2.268421 10.052228 -2.835097
v -2.471986 10.004113 2.430036
v -2.382017 10.025918 1.565357
v -2.452019 10.009027 1.771305
v -2.541452 9.986693 3.098695
v -2.536718 9.987897 -3.170254
v -2.696440 9.945966 -3.182545
v -3.686086 9.623191 -3.145673
v -5.962717 8.373721 -3.520640
v -5.921675 8.316083 -3.609367
v -3.084358 9.832587 2.532852
v -3.155558 9.809972 2.461405
v -3.208771 9.792689 2.373879
v -3.250371 9.778968 -2.486607
v -3.255727 9.777181 2.110243
v -3.686086 9.623191 1.554327
v -4.009695 9.492911 -1.602723
v -3.758377 9.595187 3.097277
v -3.999242 9.497320 2.603760
v -4.237560 9.393408 2.603760
v 8.890918 4.918352 3.639747
v 8.995280 4.607732 3.658607
v 9.043250 4.632304 3.639747
v 8.400901 5.618818 3.658607
v 8.565878 5.363952 3.658607
v 7.940622 6.339175 3.639747
v 3.622608 9.647265 2.532852
v 3.598700 9.656210 1.689052
v 3.552577 9.673278 2.461405
v 3.867343 9.551789 2.421474
v 3.867343 9.551789 0.071474
v 3.835264 9.564715 -0.588490
v 4.210777 9.405443 2.430036
v 4.149783 9.432515 1.529746
v 4.145311 9.434481 2.632123
v 4.034670 9.482324 2.444927
v 4.113478 9.448403 -2.966276
v -5.237229 8.845599 3.520640
v -5.872197 8.155968 3.665000
v -5.862367 8.232795 3.658607
v -6.534093 7.710504 3.658607
v -5.149088 8.696732 3.658607
v -1.945059 9.917812 3.658607
v -4.474620 9.254782 3.520640
v -3.677047 9.599610 3.520640
v -3.594867 9.385064 3.665000
v -2.818671 9.812164 3.609367
v 4.039289 9.323237 3.639747
v 3.222867 9.635961 3.639747
v 2.382583 9.877343 3.639747
v 1.508057 9.936210 3.665000
v 5.652318 8.608868 3.466743
v 5.641967 8.593102 3.520640
v 1.652401 10.171657 -2.167148
v 1.582295 10.182800 1.745148
v 1.825753 10.141973 1.556466
v 1.807580 10.145229 -2.335908
v 3.034877 9.847972 -2.810989
v 2.945306 9.875131 -3.145673
v 2.945306 9.875131 1.889011
v 2.426475 10.015250 -2.297618
v 2.480193 10.002083 1.864903
v 2.051361 10.098760 2.642050
v 2.296718 10.045801 -0.578695
v 2.366861 10.029508 1.565357
v 2.206766 10.065943 3.098695
v 2.114324 10.085765 -1.395673
v 2.172815 10.073326 -2.966276
v 3.124197 9.820001 1.889011
v 3.124197 9.820001 -3.145673
v 3.908610 9.534977 -2.968404
v 3.786724 9.584035 1.556466
v 3.795511 9.580561 -2.909943
v 3.769548 9.590805 2.364092
v 3.762507 9.593569 -1.395673
v 4.086639 9.432528 -3.520640
v 3.266628 9.766803 -3.466743
v -0.528808 10.291438 -1.615543
v -0.558624 10.289847 -1.794173
v -0.558624 10.289847 -2.966985
v -0.652287 10.284339 -1.548872
v -0.992258 10.257117 -2.966985
v -0.768543 10.276301 -1.390000
v -0.012909 10.304992 3.304327
v 0.066034 10.304789 -1.395673
v 1.278092 10.225434 3.304327
v 0.594203 10.287854 -0.795673
v 0.677714 10.282691 1.554327
v 4.086639 9.432528 3.520640
v 5.625293 8.567707 3.568990
v 4.416196 9.310760 1.864903
v 4.400815 9.318039 -0.485097
v 4.350740 9.341525 2.402382
v 4.295099 9.367239 -3.134643
v 6.857461 7.683523 -3.466743
v 6.186859 8.233109 -3.466743
v 7.649200 6.867527 -3.520640
v 1.474383 10.198981 2.110243
v 1.797806 10.146966 -2.873387
v 1.753384 10.154737 -2.804295
v 1.754191 10.154597 2.302324
v 1.496731 10.195727 -2.397827
v 1.496731 10.195727 -0.047827
v 1.523307 10.191786 2.373879
v 1.479971 10.198176 2.213393
v -10.171198 -0.877614 -3.609367
v -10.163694 -1.322438 -3.568990
v -10.058102 -1.748730 -3.609367
v -10.272044 0.822910 1.517804
v -10.292039 0.485691 3.299346
v -10.255345 1.009781 2.773990
v -10.266851 0.886734 -0.705794
v -10.218863 1.329616 -3.410000
v -10.265232 0.905844 -2.979984
v -10.254571 1.018135 -2.786545
v -2.596763 0.598429 -7.660000
v -8.370502 5.914746 -3.568990
v -8.395312 5.932278 -3.520640
v -8.838357 5.189699 -3.568990
v -7.231938 7.205730 -3.609367
v -8.803538 5.169254 -3.609367
v -8.864554 5.205081 -3.520640
v -10.056939 1.976738 -3.568990
v -10.123654 1.317228 -3.609367
v -2.709524 -0.536701 -7.660000
v -8.469720 -5.825551 -3.520640
v -6.655230 -7.741536 -3.609367
v -4.488664 -9.247978 3.520640
v -5.267048 -8.827876 3.520640
v -6.006437 -8.342416 3.520640
v -5.230794 -8.767113 3.609367
v -6.655230 -7.741536 3.609367
v 8.186983 6.166266 3.568990
v 8.519452 5.698110 -3.568990
v 8.186983 6.166266 -3.568990
v 9.490143 3.871268 -3.568990
v 9.408955 4.202930 -2.266550
v 9.425267 4.166222 2.368868
v 9.385332 4.255430 -1.902501
v 7.596550 6.820257 -3.609367
v 2.748155 0.490704 -7.660000
v 5.625293 8.567707 -3.568990
v 1.409271 -10.062433 -3.639747
v 1.415977 -10.110315 -3.609367
v -0.300076 -10.244973 -3.568990
v 1.421577 -10.150303 -3.568990
v 2.270333 -9.994754 -3.568990
v 2.277062 -10.024380 -3.520640
v 0.565448 -10.283072 -3.466743
v 0.564413 -10.264240 -3.520640
v 2.281240 -10.042770 -3.466743
v 3.112195 -9.797318 -3.520640
v 7.596550 -6.820257 -3.609367
v 8.544704 -5.715000 -3.520640
v 8.519452 -5.698110 -3.568990
v 8.712506 -5.455770 -3.520640
v 8.995141 -4.976007 -3.520640
v 8.686758 -5.439647 -3.568990
v 8.933226 -4.941756 -3.609367
v 7.414374 -7.017872 -3.609367
v 6.316010 -8.020692 -3.609367
v 7.030519 -7.499667 -3.520640
v 8.186983 -6.166266 -3.568990
v 10.264235 0.915709 -0.673352
v 10.264235 0.915709 1.676648
v 10.265867 0.897213 -1.673695
v 10.179776 1.601621 2.831718
v 10.191815 1.523123 0.549789
v 10.179776 1.601621 0.481718
v 10.248248 1.080019 -3.252399
v 10.247951 1.082840 -3.051021
v 10.247951 1.082840 1.648979
v 10.256617 0.997420 -3.044104
v 10.264235 0.915709 -3.023352
v 10.256617 0.997420 1.655896
v 10.220984 1.313208 3.020962
v 10.220984 1.313208 0.670962
v 10.219755 1.322741 -0.658319
v 10.229101 1.248401 -1.452763
v 10.229101 1.248401 0.897237
v 10.247801 1.084250 -1.440000
v 10.233975 1.207803 -1.648941
v 10.233753 1.209680 1.660009
v 10.013001 2.188454 3.568990
v 10.261154 0.949634 3.250293
v 10.261153 0.949634 -1.449707
v 10.101927 2.035707 -0.381937
v 10.089127 2.098227 2.166605
v 10.089127 2.098227 -0.183396
v 10.061446 2.227177 -1.471200
v 10.146122 1.802561 -3.221200
v 10.132102 1.879769 1.478801
v 10.159554 1.725248 -3.221200
v 10.219755 1.322741 -3.008319
v 10.208549 1.406612 -1.722212
v 10.152874 1.726397 -3.466743
v 10.193487 1.511901 1.546163
v 10.193375 1.512661 1.797417
v 10.193375 1.512661 -2.902583
v 10.004557 2.470196 -2.731937
v 10.004557 2.470196 -0.381937
v 10.089127 2.098227 -2.533396
v 9.592214 3.765985 -2.561597
v 9.399032 4.209454 -3.466743
v 9.965297 2.624099 -0.183396
v 9.971677 2.574289 -3.466743
v 9.404867 4.212067 3.410000
v 9.506239 3.978000 3.174140
v 9.466853 4.070837 3.119603
v 9.393578 4.237190 2.883315
v 9.594801 3.759367 3.020127
v 9.709702 3.451768 -3.221200
v 9.641902 3.636861 -2.568849
v 9.689267 3.508720 3.228801
v 9.665879 3.572648 3.027423
v 9.643402 3.632880 3.027423
v 9.655349 3.601010 2.329692
v 10.289071 0.443069 -3.466743
v 10.164064 1.319587 -3.568990
v 10.243316 0.864682 -3.520640
v 10.281006 0.702813 -2.876588
v 10.274716 0.789466 -2.957610
v 10.239878 -0.440951 -3.568990
v 10.124023 -1.314389 -3.609367
v 10.104331 -1.718143 -3.568990
v 3.932469 -9.518245 -3.466743
v 4.710519 -9.136970 -3.520640
v 5.462382 -8.708363 -3.520640
v 9.414519 -4.190447 1.478801
v 9.476502 -4.048325 3.228801
v 9.445778 -4.119503 -3.221200
v 9.445778 -4.119503 -1.471200
v 9.545628 -3.882528 2.292820
v 10.026013 -2.381612 3.228801
v 10.014983 -2.427579 -0.183396
v 10.026013 -2.381612 -1.471200
v 9.790276 -3.216135 -1.471200
v 9.818652 -3.128432 -0.871199
v 9.819369 -3.126180 3.228801
v 9.847637 -3.035962 -1.471200
v 9.768064 -3.282976 1.478801
v 9.884905 -2.551888 -3.609367
v 9.749246 -3.029138 -3.609367
v 9.971677 -2.574289 -3.466743
v 9.834826 -3.055729 -3.466743
v 10.009951 -2.448247 -2.731937
v 9.971027 -2.602236 -2.533396
v 9.954721 -2.663934 -2.731937
v 9.954721 -2.663934 1.968063
v 10.035653 -2.340659 0.640551
v 10.060507 -2.231417 -2.731937
v 10.106367 -2.013546 -0.381937
v 9.635221 -3.374314 -3.609367
v 9.122219 4.672755 3.568990
v 9.273117 4.153061 3.639747
v 9.490143 3.871268 3.568990
v 9.452757 3.856017 3.609367
v 9.317243 4.172823 3.609367
v 9.407989 3.837755 3.639747
v 9.589588 3.358334 3.639747
v 9.490867 4.014530 2.842578
v 9.444868 4.121588 2.312674
v 9.480247 4.039547 -2.005843
v 9.480247 4.039547 2.694157
v 9.548434 3.875618 -0.189841
v 9.529011 3.923133 2.960770
v 5.515872 8.401052 3.665000
v 6.071597 8.079725 3.658607
v 5.547015 8.448483 3.658607
v 6.824675 7.646786 3.568990
v -9.611664 3.645425 3.520640
v -9.287973 4.449140 3.466743
v -9.270965 4.440992 3.520640
v -8.864554 5.205081 3.520640
v -9.243567 4.427867 3.568990
v -8.395312 5.932278 3.520640
v -8.280426 5.695353 3.665000
v -9.114938 4.366252 3.658607
v 6.103976 -8.122813 3.639747
v 7.414374 -7.017872 3.609367
v 7.596550 -6.820257 3.609367
v 6.252753 -7.940361 3.658607
v 5.370452 -8.561804 3.658607
v 9.317243 -4.172823 3.609367
v 9.635221 -3.374314 3.609367
v 9.122219 -4.672755 3.568990
v 8.560381 -5.725484 3.466743
v 8.944777 4.581862 3.665000
v 9.963725 1.694234 3.658607
v 10.022628 1.301225 3.658607
v 10.016860 1.703269 3.639747
v 9.926321 2.169509 3.639747
v 10.040695 0.432373 3.665000
v 9.597416 2.981964 3.665000
v 9.838090 2.539802 3.639747
v 9.785904 2.526330 3.658607
v 10.070925 0.850130 3.658607
v 10.070925 -0.850130 3.658607
v 9.597416 -2.981964 3.665000
v 9.538720 -3.340519 3.658607
v 9.651604 -2.998800 3.658607
v 10.262109 0.866269 3.466743
v 10.268479 0.866806 3.410000
v 10.274954 -0.786354 -2.739028
v 10.278453 -0.739212 -2.739028
v 10.281735 -0.692054 -2.739028
v 10.278453 -0.739212 1.960972
v 10.164406 -1.696433 -3.221200
v 10.221614 -1.308295 1.478801
v 10.212180 -1.380002 1.478801
v 10.216620 -1.346735 -1.471200
v 10.304907 0.043918 3.228801
v 10.297673 0.388567 2.819238
v 10.295341 0.446212 2.924796
v 10.300657 0.299144 -2.347618
v 10.300304 0.311292 -2.540348
v 10.304945 -0.033607 -3.221200
v 3.059817 -9.632433 3.658607
v 0.648310 -10.029067 3.665000
v 2.356638 -9.769788 3.665000
v 8.033705 -6.413485 3.520640
v 8.009962 -6.394531 3.568990
v 5.462382 -8.708363 3.520640
v -6.006437 -8.342416 -3.520640
v -9.716821 2.566301 3.665000
v -10.050000 -0.000000 3.665000
v -10.085601 -0.653385 3.658607
v -10.106743 -0.000000 3.658607
v -10.160641 -0.000000 3.639747
v -10.139385 -0.656869 3.639747
v -8.371585 -5.758053 3.639747
v -8.411422 -5.785452 3.609367
v -9.513652 -3.411257 3.658607
v -9.771682 -2.580790 3.658607
v -9.901462 -1.721496 3.665000
v -10.022263 -1.304036 3.658607
v -9.916993 -1.949231 3.658607
v -9.823792 -2.594553 3.639747
v -9.969878 -1.959626 3.639747
v -10.010468 -1.740448 3.639747
v -10.075709 -1.310990 3.639747
v -10.187634 -0.659995 3.609367
v -10.123028 -0.873457 3.639747
v -8.877629 -5.040950 3.609367
v -8.415936 -5.946851 -3.410000
v -7.937574 -6.532084 3.520640
v -6.701357 -7.795192 3.520640
v -8.955559 -5.085200 -3.466743
v -9.342416 -4.288645 3.520640
v -8.939159 -5.075888 3.520640
v -5.872197 -8.155968 3.665000
v -5.178406 -8.679306 3.658607
v -10.262441 -0.918792 2.932545
v -10.253483 -1.015736 0.467214
v -10.163694 1.322438 3.568990
v -10.304077 -0.037201 3.409996
v -10.277063 0.665788 3.466743
v -10.193820 -1.326358 3.520640
v -0.600207 10.287496 3.110551
v -0.628205 10.285827 3.128249
v -0.678146 10.282676 3.190213
v -0.678146 10.282676 0.840213
v -0.768543 10.276301 3.310000
v -0.915065 10.264292 1.554327
v -0.694884 10.281555 0.883445
v -6.568939 7.751623 3.639747
v -2.262887 10.053475 -2.835097
v -2.268421 10.052228 1.864903
v -2.382017 10.025918 -3.134643
v -2.343750 10.034931 1.819522
v -2.452019 10.009027 -2.928695
v -2.536718 9.987897 1.529746
v -2.778016 9.923490 3.098695
v -2.778016 9.923490 0.748695
v -2.789850 9.920170 -2.968404
v -2.632967 9.962957 3.304327
v -2.632967 9.962957 -1.395673
v -2.658095 9.956283 -2.255073
v -2.695071 9.946337 2.642050
v -2.575109 9.978067 -2.966276
v -6.645942 7.842490 -3.520640
v -3.028830 9.849833 2.111661
v -3.084358 9.832587 0.182852
v -3.234293 9.784294 2.302173
v -2.985726 9.862986 2.302324
v -2.893786 9.890349 2.624682
v -2.907039 9.886464 1.790057
v -2.907039 9.886464 -2.909943
v -3.250371 9.778968 2.213393
v 8.686758 5.439647 3.568990
v 8.652536 5.418218 3.609367
v 8.933226 4.941756 3.609367
v 8.611559 5.392557 3.639747
v 8.843756 4.892263 3.658607
v 8.073058 6.080460 3.658607
v 3.470374 9.703071 -2.749851
v 3.520328 9.685059 -2.892454
v 3.500005 9.692416 2.373879
v 3.556068 9.671993 -2.954852
v 3.676984 9.626672 2.111661
v 3.622608 9.647265 -2.167148
v 3.760307 9.594432 -2.873387
v 3.718284 9.610797 -2.804295
v 3.719048 9.610500 2.302324
v 3.700819 9.617534 -0.085178
v 3.692435 9.620756 -1.601305
v 3.867343 9.551789 -2.278526
v 3.919980 9.530309 3.098695
v 3.835264 9.564715 1.761510
v 3.814212 9.573132 -2.302333
v 4.149783 9.432515 -3.170254
v 4.113478 9.448403 1.733724
v 4.058581 9.472115 0.954327
v -5.176548 8.743110 3.639747
v -4.461396 9.227430 3.568990
v -2.790441 9.713892 3.658607
v -2.829819 9.850972 3.568990
v -3.651738 9.533535 3.609367
v 4.825807 8.941487 3.639747
v 3.238203 9.681814 3.609367
v 0.648310 10.029067 3.665000
v 1.709766 10.162171 -2.588339
v 1.627200 10.175718 1.689052
v 1.877147 10.132588 -2.938490
v 1.807580 10.145229 2.364092
v 1.911143 10.126230 2.421474
v 1.932529 10.122173 -0.822792
v 1.877147 10.132588 -0.588490
v 1.835052 10.140297 -0.559943
v 3.034877 9.847972 -3.145673
v 3.034877 9.847972 1.889011
v 2.491203 9.999347 1.864903
v 2.405106 10.020403 -2.880478
v 2.480193 10.002083 -0.485097
v 1.954912 10.117872 -2.968404
v 1.995175 10.110010 -2.260908
v 2.296718 10.045801 -2.928695
v 2.296718 10.045801 1.771305
v 2.206766 10.065943 -2.067877
v 2.276667 10.050363 2.430036
v 2.172815 10.073326 1.733724
v 2.088871 10.091067 -2.255073
v 3.795511 9.580561 1.790057
v 3.769548 9.590805 0.014092
v 3.690546 9.621481 -0.372666
v 3.700819 9.617534 -2.435178
v 3.994180 9.499450 1.720251
v 3.994180 9.499450 -2.979749
v 3.946537 9.519342 -2.260908
v 3.998102 9.497800 -3.182545
v 4.094137 9.449833 -3.466743
v -0.652287 10.284339 0.801128
v -0.708190 10.280637 -1.390000
v -0.889166 10.266567 -2.966985
v 0.066034 10.304789 3.304327
v -0.012909 10.304992 0.954327
v -0.012909 10.304992 -1.395673
v 0.594203 10.287854 -3.145673
v 0.594203 10.287854 1.554327
v 4.400815 9.318039 1.864903
v 4.405943 9.315616 -0.485097
v 4.295099 9.367239 1.565357
v 4.229537 9.397023 -0.578695
v 4.350740 9.341525 -2.297618
v 6.844904 7.669452 -3.520640
v 7.009741 7.477503 -3.568990
v 6.824675 7.646786 -3.568990
v 7.465763 7.066512 -3.520640
v 6.797789 7.616662 -3.609367
v 6.340990 8.052414 -3.568990
v 1.800134 10.146553 -1.395673
v 1.778409 10.150385 2.335414
v 1.726080 10.159413 -1.601305
v 1.734934 10.157904 -2.435178
v 1.734934 10.157904 2.264822
v 1.724085 10.159752 -2.722666
v 1.713347 10.161570 2.040640
v 1.716194 10.161090 1.613000
v 1.496731 10.195727 2.302173
v 1.544682 10.188573 1.807546
v 1.479971 10.198176 -2.486607
v -10.193820 -1.326358 -3.520640
v -10.258924 0.974536 1.727803
v -8.337526 5.891445 -3.609367
v -9.270965 4.440992 -3.520640
v -8.880817 5.214631 -3.466743
v -10.171198 0.877614 -3.609367
v -6.623711 -7.704873 3.639747
v 8.519452 5.698110 3.568990
v 8.686758 5.439647 -3.568990
v 8.154731 6.141974 -3.609367
v 9.393578 4.237190 -1.816685
v 9.408955 4.202930 2.433450
v 9.385332 4.255430 2.797499
v 2.710961 0.535260 -7.660000
v 0.562745 -10.233907 -3.568990
v 1.425791 -10.180389 -3.520640
v 3.090773 -9.729881 -3.609367
v 3.102997 -9.768364 -3.568990
v 7.626595 -6.847232 -3.568990
v 5.446239 -8.682627 -3.568990
v 6.186859 -8.233109 -3.466743
v 10.172398 1.647835 1.478801
v 10.172398 1.647835 -0.871199
v 10.176894 1.619831 0.762512
v 10.233753 1.209680 -3.039991
v 10.248248 1.080019 1.447601
v 10.210857 1.389752 1.498655
v 10.229014 1.249105 1.460365
v 10.176894 1.619831 3.112512
v 10.191815 1.523123 2.899789
v 10.247801 1.084250 0.910000
v 9.973556 2.179833 3.609367
v 10.233975 1.207803 3.051059
v 10.247801 1.084250 3.260000
v 10.259629 0.965941 -1.651981
v 10.061446 2.227177 3.228801
v 10.040378 2.320313 3.228801
v 10.101927 2.035707 1.968063
v 10.220984 1.313208 -1.679038
v 10.134281 1.723236 -3.520640
v 10.176894 1.619831 -2.824117
v 10.191815 1.523123 -1.800211
v 10.179555 1.603022 -2.824117
v 10.172398 1.647835 -3.221200
v 10.018446 2.413248 3.228801
v 10.030821 2.361284 -1.709449
v 10.018446 2.413248 -1.471200
v 9.995654 2.505977 3.228801
v 9.785128 3.231766 3.228801
v 9.835892 3.073801 -3.221200
v 9.859976 2.995647 -3.221200
v 9.906279 2.838780 -3.221200
v 9.906279 2.838780 1.478801
v 9.883438 2.917305 -0.871199
v 9.556433 3.855857 -2.332894
v 9.638393 3.646147 -1.471200
v 9.948854 2.685761 1.968063
v 9.399032 4.209454 3.466743
v 9.664895 3.575308 -2.568849
v 9.687496 3.513609 -2.568849
v 9.665879 3.572648 -1.672577
v 9.673722 3.551356 2.329692
v 9.709702 3.451768 3.027423
v 9.691840 3.501608 -2.370308
v 9.689267 3.508720 -1.471200
v 9.641902 3.636861 2.131151
v 9.643402 3.632880 -1.672577
v 10.291933 0.518780 -3.022658
v 10.290766 0.541441 -2.347618
v 10.290766 0.541441 2.352382
v 10.285006 0.641671 0.779703
v 10.284079 0.656352 1.887465
v 10.286516 0.616956 -2.739500
v 10.285900 0.627167 -1.928578
v 10.281391 0.697154 0.531353
v 10.042681 -2.194941 -3.520640
v 3.117904 -9.815292 -3.466743
v 9.445778 -4.119503 3.228801
v 9.476502 -4.048325 -3.221200
v 9.414519 -4.190447 -3.221200
v 10.014983 -2.427579 2.166605
v 9.818652 -3.128432 1.478801
v 9.866796 -2.973109 1.478801
v 9.912481 -2.817045 -0.871199
v 9.819369 -3.126180 -1.471200
v 9.768064 -3.282976 -0.871199
v 9.866796 -2.973109 -3.221200
v 9.725835 -3.406048 -3.410000
v 10.035653 -2.340659 -1.709449
v 10.014983 -2.427579 -2.533396
v 10.035653 -2.340659 2.990551
v 10.106367 -2.013546 -2.731937
v 10.068427 -2.195406 -1.471200
v 9.452757 -3.856017 -3.609367
v 8.968557 4.961301 3.568990
v 9.086283 4.654347 3.609367
v 9.354094 4.189327 3.568990
v 9.538720 3.340519 3.658607
v 9.506239 3.978000 0.824140
v 9.499797 3.993356 -1.814594
v 9.511633 3.965087 -1.776689
v 9.506239 3.978000 -1.525860
v 9.484646 4.029213 2.794392
v 9.466853 4.070837 -1.580397
v 9.519855 3.945300 2.942985
v 9.529011 3.923133 -1.739230
v 9.536137 3.905786 2.395913
v 6.912198 7.373451 3.658607
v 7.340117 6.947585 3.658607
v 7.520467 6.751950 3.658607
v -8.880817 5.214631 3.466743
v -8.254023 5.832440 3.658607
v -9.133617 4.192796 3.665000
v -9.449903 3.584074 3.658607
v -9.163547 4.389536 3.639747
v -7.197688 7.171604 3.639747
v -7.231938 7.205730 3.609367
v -7.843318 6.597870 3.568990
v -7.282061 7.255672 3.520640
v -6.626301 7.819313 3.568990
v 8.944777 -4.581862 3.665000
v 9.223927 -4.131031 3.658607
v 9.273117 -4.153061 3.639747
v 9.673328 -3.387660 3.568990
v 9.785904 -2.526330 3.658607
v 10.016860 -1.703269 3.639747
v 9.926321 -2.169509 3.639747
v 9.973556 -2.179833 3.609367
v 9.086283 -4.654347 3.609367
v 8.890918 -4.918352 3.639747
v 8.933226 -4.941756 3.609367
v 9.011643 -4.985136 3.466743
v 9.818232 2.145885 3.665000
v 10.022628 -1.301225 3.658607
v 10.285006 0.641671 3.129703
v 10.265867 0.897213 3.026305
v 10.268571 0.865741 1.473128
v 10.274954 -0.786354 1.960972
v 10.281096 -0.701487 -0.095470
v 10.296467 0.419399 1.816412
v 8.611559 -5.392557 3.639747
v 8.485890 -5.675663 3.609367
v 7.978407 -6.369340 3.609367
v 7.560573 -6.787957 3.639747
v -10.012796 0.863946 3.665000
v -10.085601 0.653385 3.658607
v -10.069329 -0.868824 3.658607
v -8.327178 -5.727509 3.658607
v -9.957366 -1.731216 3.658607
v -7.882939 -6.487122 3.609367
v -8.469720 -5.825551 3.520640
v -8.939159 -5.075888 -3.520640
v -8.912741 -5.060887 3.568990
v -10.250965 -1.042600 2.705182
v -10.260483 0.885318 3.466743
v -10.300967 0.249975 -3.065000
v -10.300967 0.249975 1.535000
v -10.300967 0.249975 3.035000
v -10.295636 0.395741 1.232693
v -10.303663 0.083332 3.035000
v -0.600207 10.287495 -1.589449
v -0.558624 10.289847 2.905827
v -0.694884 10.281555 3.233445
v -0.652287 10.284339 3.151128
v -0.828868 10.271611 3.310000
v -2.257353 10.054719 -2.835097
v -2.262887 10.053475 1.864903
v -2.471986 10.004113 -2.269964
v -2.832719 9.908012 2.421474
v -2.750336 9.931198 -2.260908
v -2.696440 9.945966 1.517455
v -2.700546 9.944852 1.720251
v -2.750336 9.931198 2.439092
v -2.695071 9.946337 -2.057950
v -2.658095 9.956283 2.444927
v -2.541452 9.986693 -2.067877
v -2.575109 9.978067 1.733724
v -3.155558 9.809972 0.111405
v -3.152017 9.811110 -2.954852
v -3.188225 9.799402 -2.892454
v -3.108705 9.824916 1.689052
v -3.084358 9.832587 -2.167148
v -3.004421 9.857305 2.264822
v -2.986511 9.862748 1.895705
v -3.004421 9.857305 -0.085178
v -3.017984 9.853163 -2.478668
v -3.022600 9.851749 -3.087000
v -3.022600 9.851749 1.613000
v -2.986511 9.862748 -2.804295
v -2.943320 9.875722 -2.873387
v -2.962191 9.870080 2.335414
v -2.941055 9.876397 -1.395673
v -2.933805 9.878553 0.014092
v -2.933805 9.878553 2.364092
v -2.887728 9.892122 2.397667
v -2.916102 9.883792 -3.143534
v -3.238679 9.782844 1.950149
v 3.458774 9.707213 2.213393
v 3.453454 9.709103 -0.239757
v 3.453454 9.709103 -2.589757
v 3.520328 9.685058 1.807546
v 3.474724 9.701513 2.302173
v 3.500005 9.692416 -2.326121
v 3.556068 9.671993 1.745148
v 3.552577 9.673278 -2.238595
v 3.683073 9.624347 1.613000
v 3.687580 9.622619 -2.478668
v 3.676984 9.626672 -2.588339
v 3.741962 9.601603 2.335414
v 3.700819 9.617534 2.264822
v 3.808346 9.575463 -2.075318
v 3.835264 9.564715 -2.938490
v 3.919980 9.530309 -1.601305
v 3.908610 9.534977 1.731596
v 3.814212 9.573132 2.397667
v 4.229537 9.397023 -2.928695
v 4.145311 9.434481 -2.067877
v -4.422774 9.147551 3.639747
v -3.666181 9.571240 3.568990
v -2.805322 9.765694 3.639747
v 2.403388 9.963596 3.568990
v 1.932529 10.122173 1.527208
v 1.854849 10.136695 2.397667
v 1.911143 10.126230 -2.278526
v 1.835052 10.140297 -2.909943
v 2.480193 10.002083 -2.835097
v 2.405106 10.020403 1.819522
v 2.485698 10.000716 1.864903
v 1.966978 10.115534 -1.601305
v 2.045802 10.099887 -2.979749
v 2.045802 10.099887 1.720251
v 2.049972 10.099042 1.517455
v 1.995175 10.110010 2.439092
v 2.211537 10.064897 -3.170254
v 2.088871 10.091067 2.444927
v 2.051361 10.098760 -2.057950
v 3.769548 9.590805 -2.335908
v 3.690546 9.621481 -2.722666
v 3.998102 9.497800 1.517455
v 4.034670 9.482324 -2.255073
v -0.703175 10.280985 -1.430298
v 4.411070 9.313189 -0.485097
v 4.405943 9.315616 1.864903
v 4.229537 9.397023 1.771305
v 4.330804 9.350783 1.819522
v 4.411070 9.313189 -2.835097
v 4.330804 9.350783 -2.880478
v 7.030519 7.499667 -3.520640
v 7.443699 7.045628 -3.568990
v 6.982126 7.448046 -3.609367
v 6.359786 8.076282 -3.520640
v 1.778409 10.150385 -2.364586
v 1.787557 10.148777 2.608163
v 1.753384 10.154737 1.895705
v 1.720953 10.160283 2.221332
v 1.713347 10.161570 -2.659360
v 1.718854 10.160639 2.577049
v 1.492159 10.196398 1.950149
v -10.292039 0.485691 -1.300654
v -10.254698 1.016762 -0.489538
v -10.248316 1.075847 1.967038
v -10.246223 1.093616 2.535701
v -10.246505 1.091469 -2.574914
v -8.410715 5.943161 -3.466743
v 9.389985 4.245143 2.555021
v 7.649200 -6.867527 -3.520640
v 8.009962 -6.394531 -3.568990
v 6.340990 -8.052414 -3.568990
v 6.157278 -8.193745 -3.568990
v 10.159554 1.725248 1.478801
v 10.219755 1.322741 1.691681
v 10.208549 1.406612 2.977787
v 10.177858 1.613761 2.831718
v 10.076077 1.308164 3.639747
v 10.134281 1.723236 3.520640
v 10.243316 0.864682 3.520640
v 10.164064 1.319587 3.568990
v 10.064526 1.711374 3.609367
v 10.247951 1.082840 3.061459
v 10.229101 1.248401 3.247236
v 10.259629 0.965941 3.048019
v 10.040378 2.320313 -1.471200
v 10.009635 2.449539 -2.533396
v 10.050916 2.274230 2.166605
v 10.179776 1.601621 -1.868282
v 10.176894 1.619831 -3.102075
v 10.030821 2.361284 2.990551
v 10.009635 2.449539 2.166605
v 9.883438 2.917305 1.478801
v 9.785128 3.231766 -3.221200
v 9.883438 2.917305 -3.221200
v 9.550736 3.869938 -1.491369
v 9.596523 3.754973 -0.010223
v 9.592214 3.765985 2.138403
v 9.596523 3.754973 -2.360223
v 9.965297 2.624099 2.166605
v 9.011643 4.985136 3.466743
v 9.556566 3.855527 -1.702897
v 9.664895 3.575308 2.131151
v 9.687496 3.513609 2.131151
v 9.687980 3.512276 3.027423
v 9.673722 3.551356 -2.370308
v 9.691840 3.501608 2.329692
v 9.655349 3.601010 -2.370308
v 10.289741 0.560637 -2.565383
v 10.288877 0.576199 -2.065307
v 10.295341 0.446212 -1.775204
v 10.291933 0.518780 1.677342
v 10.285006 0.641671 -1.570297
v 10.281391 0.697154 -1.818647
v 10.280547 0.709493 1.531229
v 10.279147 0.729476 0.831783
v 10.268571 0.865741 -3.226872
v 10.271880 0.825529 0.871174
v 10.274716 0.789466 1.742390
v 10.269874 0.850127 1.704761
v 10.013001 -2.188454 -3.568990
v 9.414519 -4.190447 3.228801
v 10.009951 -2.448247 1.968063
v 9.849911 -3.028576 -0.827244
v 9.768064 -3.282976 -3.221200
v 9.912481 -2.817045 -3.221200
v 9.818652 -3.128432 -3.221200
v 9.358084 3.817397 3.658607
v 9.651604 2.998800 3.658607
v 9.499797 3.993356 0.535406
v 9.498485 3.996479 2.500920
v 9.499797 3.993356 2.885406
v 9.487286 4.022998 2.228796
v 9.490661 4.015018 -2.159388
v 9.481481 4.036654 2.635754
v 9.484646 4.029213 -1.905608
v 9.516516 3.953343 2.189611
v 9.519855 3.945300 -1.757015
v 9.548434 3.875618 2.160159
v 6.729707 7.540378 3.658607
v 6.873390 7.332053 3.665000
v -9.769711 2.791299 3.639747
v -9.207151 4.410424 3.609367
v -9.500298 3.603187 3.639747
v -7.775420 6.540754 3.639747
v -7.159507 7.133562 3.658607
v -7.260540 7.234230 3.568990
v 8.843756 -4.892263 3.658607
v 9.589588 -3.358334 3.639747
v 9.358084 -3.817397 3.658607
v 9.838090 -2.539802 3.639747
v 9.873666 -2.158001 3.658607
v 8.968557 -4.961301 3.568990
v 9.873666 2.158001 3.658607
v 10.292005 0.517364 3.018914
v 10.271880 0.825529 3.221174
v 10.271386 0.831658 -1.705469
v 10.281735 -0.692054 1.960972
v 10.281096 -0.701487 -2.445470
v 10.299128 0.347733 -2.711472
v 10.299128 0.347733 1.988528
v 10.299908 0.324029 2.620256
v 10.299908 0.324029 0.270256
v 10.287049 0.608038 1.595249
v 8.445702 -5.648783 3.639747
v 8.652536 -5.418218 3.609367
v 8.154731 -6.141974 3.609367
v 8.116110 -6.112886 3.639747
v 7.379260 -6.984635 3.639747
v 7.940622 -6.339175 3.639747
v 8.027733 -6.046322 3.665000
v 7.898500 -6.305548 3.658607
v 7.520467 -6.751950 3.658607
v -7.914116 -6.512779 3.568990
v -10.303641 0.086022 -3.410000
v -0.631301 10.285645 1.554327
v -0.828868 10.271611 -1.390000
v -2.257353 10.054719 -0.485097
v -2.257353 10.054719 1.864903
v -2.865957 9.898451 1.761510
v -2.811785 9.913977 1.527208
v -2.700546 9.944852 -2.979749
v -2.778016 9.923490 -1.601305
v -3.188225 9.799402 1.807546
v -3.208771 9.792689 -2.326121
v -3.155558 9.809972 -2.238595
v -3.152017 9.811110 1.745148
v -3.108705 9.824916 -0.660948
v -3.108705 9.824916 -3.010948
v -3.028830 9.849833 -2.588339
v -3.020020 9.852538 2.577049
v -3.025360 9.850901 2.040640
v -3.013012 9.854683 0.748695
v -3.014946 9.854092 -0.372666
v -3.013012 9.854683 -1.601305
v -3.017984 9.853163 -0.128668
v -3.004421 9.857305 -2.435178
v -2.962191 9.870080 -2.364586
v -2.953293 9.872745 2.608163
v -2.887728 9.892122 -2.302333
v -2.916102 9.883792 1.556466
v -2.933805 9.878553 -2.335908
v 3.458774 9.707213 -2.486607
v 3.470374 9.703070 1.950149
v 3.474724 9.701513 -2.397827
v 3.680375 9.625378 -0.309360
v 3.687580 9.622619 2.221332
v 3.685592 9.623381 2.577049
v 3.741962 9.601603 -2.364586
v 3.750614 9.598225 2.608163
v 3.718284 9.610796 1.895705
v 3.887512 9.543600 1.527208
v 4.210777 9.405443 -2.269964
v -4.399314 9.099027 3.658607
v -4.443820 9.191079 3.609367
v 2.393920 9.924345 3.609367
v 1.954912 10.117872 1.731596
v 1.877147 10.132588 1.761510
v 1.848640 10.137827 2.624682
v 1.854849 10.136695 -2.302333
v 2.491203 9.999347 -2.835097
v 2.211537 10.064897 1.529746
v 2.276667 10.050363 -2.269964
v 3.999409 9.497250 -2.057950
v 4.058581 9.472115 -1.395673
v -0.694884 10.281555 -1.466555
v 4.411070 9.313189 1.864903
v 4.400815 9.318039 -2.835097
v 1.754191 10.154597 -2.397676
v 1.797806 10.146966 1.826613
v 1.787557 10.148777 -2.091837
v 1.720953 10.160283 -2.478668
v 1.724085 10.159752 1.977334
v 6.133022 -8.161466 -3.609367
v 6.175529 -8.218032 -3.520640
v 10.178819 1.607692 2.831718
v 10.172810 0.858730 3.609367
v 10.104331 1.718143 3.568990
v 10.210857 1.389752 3.214619
v 10.050916 2.274230 -2.533396
v 10.055589 2.253478 1.968063
v 10.178671 1.608626 -2.824117
v 10.004557 2.470196 1.968063
v 9.738182 3.370584 3.228801
v 9.859976 2.995647 1.478801
v 9.760537 3.305288 -3.221200
v 9.738182 3.370584 0.878801
v 9.596523 3.754973 2.339777
v 9.556433 3.855857 2.367106
v 9.687980 3.512276 -1.672577
v 10.289741 0.560637 2.134617
v 10.290309 0.550131 -2.199410
v 10.276898 0.760528 -1.755475
v 10.281006 0.702813 -0.526588
v 10.279147 0.729476 3.181783
v 10.271880 0.825529 -1.478826
v 10.269874 0.850127 -2.995239
v 9.849911 -3.028576 1.522756
v 9.849911 -3.028576 -3.177243
v 9.223927 4.131031 3.658607
v 9.490867 4.014530 -1.857422
v 9.490661 4.015018 2.540612
v 9.481481 4.036654 -2.064246
v 9.511633 3.965087 2.923311
v 9.518721 3.948036 2.434635
v 9.518721 3.948036 -2.265365
v 6.252753 7.940361 3.658607
v -9.717888 2.776492 3.658607
v 9.043250 -4.632304 3.639747
v 9.407989 -3.837755 3.639747
v 9.703074 -3.014792 3.639747
v 10.292005 0.517364 -1.681086
v 10.271386 0.831658 2.994531
v 10.281096 -0.701487 2.254530
v 10.297673 0.388567 -1.880762
v 10.299908 0.324029 -2.079744
v 10.300304 0.311292 2.159652
v 10.285900 0.627167 0.421422
v 8.073058 -6.080460 3.658607
v 8.400901 -5.618818 3.658607
v 7.340117 -6.947585 3.658607
v -8.444690 -5.808334 3.568990
v -2.865957 9.898451 -2.938490
v -2.789850 9.920170 1.731596
v -2.811785 9.913977 -3.172792
v -3.234293 9.784294 -2.397827
v -3.017984 9.853163 2.221332
v -3.025360 9.850901 -2.659360
v -3.014946 9.854092 -2.722666
v -2.985726 9.862986 -2.397676
v -2.943320 9.875722 1.826613
v -2.953293 9.872745 -2.091837
v -2.893786 9.890349 -2.075318
v 3.680375 9.625378 2.040640
v 3.680375 9.625378 -2.659360
v 3.690546 9.621481 1.977334
v 3.719048 9.610500 -2.397676
v 3.760307 9.594432 1.826613
v 3.750614 9.598225 -2.091837
v -3.615164 9.438053 3.658607
v 1.835052 10.140297 1.790057
v 1.848640 10.137827 -2.075318
v 2.485698 10.000716 -2.835097
v -0.678146 10.282676 -1.509787
v 4.405943 9.315616 -2.835097
v 10.124023 1.314389 3.609367
v 10.213044 0.862127 3.568990
v 10.178819 1.607692 -1.868282
v 10.177858 1.613761 -1.868282
v 9.735395 3.378624 1.478801
v 9.835892 3.073801 1.478801
v 9.735395 3.378624 -3.221200
v 9.760537 3.305288 1.478801
v 9.556566 3.855527 2.997103
v 10.288877 0.576199 2.634693
v 10.290309 0.550131 2.500590
v 10.279147 0.729476 -1.518216
v 10.281391 0.697154 2.881353
v 10.276898 0.760528 2.944525
v 9.498485 3.996479 -2.199080
v 8.995280 -4.607732 3.658607
v 10.286516 0.616956 -0.389500
v 8.565878 -5.363952 3.658607
v -2.832719 9.908012 -2.278526
v -3.014946 9.854092 1.977334
v -3.634443 9.488384 3.639747
v 10.177784 1.614228 -2.824117
v 9.738182 3.370584 -1.471200
v 10.285900 0.627167 2.771422
v 10.281006 0.702813 1.823412
v 10.286516 0.616956 1.960500
f 1 2 3
f 4 3 2
f 5 6 7
f 8 7 6
f 9 1 3
f 10 4 2
f 11 12 13
f 14 8 6
f 15 16 17
f 15 18 19
f 20 5 7
f 21 20 7
f 21 7 8
f 22 6 5
f 23 24 25
f 26 27 28
f 29 26 28
f 30 9 3
f 31 1 9
f 32 2 1
f 33 4 34
f 33 3 4
f 35 10 2
f 36 4 10
f 37 38 2
f 39 2 38
f 40 41 42
f 40 42 43
f 44 13 12
f 45 16 15
f 45 15 19
f 46 5 20
f 47 5 46
f 48 17 16
f 49 20 21
f 50 51 52
f 50 52 53
f 54 55 56
f 54 56 57
f 54 57 51
f 54 51 55
f 58 59 60
f 61 6 22
f 62 63 64
f 65 66 67
f 68 24 69
f 68 69 70
f 71 72 73
f 71 73 74
f 75 28 76
f 77 78 79
f 80 26 29
f 81 1 31
f 81 31 9
f 82 53 52
f 83 9 30
f 84 27 85
f 84 85 76
f 84 76 28
f 84 28 27
f 86 79 78
f 86 75 76
f 87 88 89
f 90 91 92
f 93 32 94
f 95 94 32
f 96 97 98
f 96 32 1
f 99 100 101
f 99 101 102
f 103 104 99
f 105 106 11
f 105 11 13
f 107 108 109
f 107 109 3
f 107 3 33
f 110 111 112
f 113 4 36
f 113 36 114
f 115 36 10
f 115 10 116
f 115 116 117
f 118 37 2
f 119 34 120
f 119 107 33
f 119 33 34
f 121 122 123
f 121 123 124
f 125 126 122
f 127 22 5
f 128 129 85
f 130 8 14
f 131 132 45
f 131 45 19
f 131 19 133
f 131 133 134
f 131 134 132
f 135 136 137
f 135 137 138
f 139 140 141
f 139 142 143
f 139 143 140
f 144 145 140
f 146 141 140
f 147 141 146
f 147 146 148
f 149 150 151
f 152 153 112
f 152 112 111
f 154 155 40
f 154 40 43
f 154 156 155
f 157 151 150
f 158 159 48
f 158 48 16
f 160 21 8
f 161 162 163
f 164 165 166
f 167 45 132
f 167 164 166
f 168 49 21
f 169 162 161
f 169 88 87
f 169 87 162
f 170 169 171
f 172 173 174
f 175 174 173
f 176 177 178
f 179 180 178
f 179 178 177
f 181 178 180
f 182 55 51
f 183 56 55
f 184 185 186
f 187 188 189
f 190 185 184
f 191 192 193
f 191 193 194
f 195 196 192
f 197 56 198
f 197 192 199
f 197 57 56
f 200 201 199
f 200 199 192
f 200 192 191
f 200 191 202
f 200 202 201
f 203 194 204
f 205 192 198
f 205 198 56
f 205 56 183
f 205 183 206
f 205 206 194
f 205 207 192
f 208 209 58
f 208 58 60
f 208 210 209
f 211 212 58
f 213 123 122
f 213 122 126
f 213 214 124
f 213 124 123
f 215 64 63
f 216 14 6
f 217 14 216
f 218 63 62
f 218 219 215
f 218 215 63
f 220 221 222
f 223 224 225
f 223 225 221
f 226 225 224
f 227 24 68
f 227 228 24
f 229 83 30
f 230 80 29
f 231 232 233
f 234 235 201
f 234 201 202
f 236 201 235
f 236 235 237
f 236 237 238
f 236 238 239
f 236 239 201
f 240 81 9
f 241 242 243
f 241 244 242
f 245 51 57
f 245 52 51
f 246 52 245
f 246 245 247
f 248 249 240
f 250 30 3
f 251 252 9
f 251 9 253
f 254 79 86
f 255 77 79
f 255 79 254
f 255 253 9
f 256 75 86
f 256 86 78
f 256 78 257
f 256 257 75
f 258 259 260
f 261 262 263
f 261 264 265
f 261 265 87
f 266 162 87
f 266 87 265
f 266 265 163
f 266 163 162
f 267 91 90
f 267 268 269
f 270 268 271
f 270 269 268
f 272 273 159
f 272 159 158
f 274 212 211
f 275 59 58
f 275 58 212
f 275 212 276
f 277 278 275
f 277 275 276
f 279 277 276
f 279 276 212
f 279 212 274
f 279 274 280
f 281 32 93
f 281 282 118
f 281 118 2
f 281 2 32
f 283 118 282
f 284 93 94
f 285 95 32
f 285 32 286
f 287 288 289
f 290 23 25
f 291 243 242
f 291 242 292
f 293 243 97
f 293 97 96
f 293 96 1
f 293 1 81
f 293 81 241
f 293 241 243
f 294 32 96
f 294 96 102
f 294 102 101
f 295 296 103
f 295 103 99
f 295 99 102
f 297 44 298
f 297 13 44
f 299 112 153
f 300 137 136
f 301 111 110
f 302 115 117
f 303 37 118
f 303 38 37
f 304 143 305
f 306 304 305
f 307 305 143
f 308 309 310
f 311 312 313
f 311 313 35
f 311 35 314
f 315 155 156
f 315 156 316
f 317 114 36
f 318 319 137
f 320 134 321
f 322 44 12
f 322 12 323
f 322 298 44
f 324 298 133
f 324 133 19
f 324 19 18
f 325 321 134
f 325 134 133
f 325 133 298
f 325 298 322
f 325 322 321
f 326 134 320
f 326 320 327
f 326 327 328
f 329 330 331
f 329 119 120
f 329 120 330
f 332 298 324
f 332 324 18
f 332 18 333
f 334 335 336
f 337 128 85
f 337 85 27
f 338 157 339
f 340 46 20
f 341 310 309
f 342 343 344
f 345 140 143
f 345 344 144
f 345 144 140
f 346 347 348
f 349 146 140
f 349 140 145
f 350 141 147
f 350 147 351
f 350 351 352
f 350 352 141
f 353 148 146
f 353 146 349
f 353 349 354
f 353 354 355
f 353 356 148
f 357 11 106
f 357 106 358
f 357 358 359
f 357 359 360
f 357 360 323
f 357 323 12
f 357 12 11
f 361 323 360
f 361 149 362
f 361 362 363
f 364 328 327
f 364 365 328
f 366 149 151
f 367 327 363
f 368 20 49
f 369 370 371
f 369 371 372
f 373 372 371
f 374 372 375
f 374 154 43
f 374 43 153
f 376 156 154
f 376 316 156
f 377 339 157
f 377 378 379
f 380 167 166
f 381 15 17
f 381 17 382
f 381 382 18
f 381 18 15
f 383 331 330
f 383 384 333
f 385 329 331
f 385 331 386
f 387 388 386
f 387 386 331
f 389 386 388
f 389 109 108
f 390 160 8
f 391 365 364
f 391 364 392
f 393 161 163
f 394 171 169
f 394 169 161
f 395 164 167
f 395 167 132
f 395 132 134
f 395 134 326
f 395 326 328
f 396 397 165
f 398 166 165
f 399 400 401
f 399 170 171
f 399 171 394
f 402 403 176
f 402 176 178
f 402 178 181
f 402 181 403
f 404 405 176
f 406 407 89
f 406 89 88
f 408 409 410
f 408 410 407
f 411 80 412
f 411 412 413
f 411 26 80
f 414 413 412
f 414 412 415
f 416 417 188
f 416 418 419
f 420 182 51
f 420 51 50
f 421 188 187
f 422 423 184
f 422 184 242
f 422 242 244
f 424 242 184
f 424 184 186
f 424 186 292
f 424 292 242
f 425 426 187
f 425 187 419
f 425 427 426
f 428 419 187
f 429 430 234
f 429 234 202
f 429 187 189
f 429 189 190
f 429 190 430
f 431 204 419
f 432 430 190
f 432 237 235
f 432 235 234
f 432 234 430
f 433 423 432
f 433 432 190
f 433 190 184
f 433 184 423
f 434 435 191
f 436 207 195
f 436 195 192
f 436 192 207
f 437 192 197
f 437 197 198
f 437 198 192
f 438 240 249
f 439 199 201
f 439 201 239
f 440 194 203
f 440 435 434
f 441 193 192
f 441 192 196
f 442 205 194
f 443 207 205
f 443 195 207
f 444 124 214
f 444 214 211
f 444 211 58
f 444 58 209
f 445 214 213
f 446 67 447
f 448 449 219
f 448 219 218
f 448 218 450
f 451 64 215
f 452 453 454
f 455 217 216
f 456 194 206
f 456 204 194
f 457 458 459
f 457 459 416
f 457 416 419
f 460 449 448
f 460 448 458
f 461 462 61
f 461 61 22
f 463 462 461
f 464 465 62
f 466 62 465
f 467 66 468
f 467 67 66
f 469 121 124
f 469 124 444
f 469 444 209
f 469 209 470
f 471 450 218
f 471 466 472
f 473 25 24
f 474 475 66
f 476 25 473
f 476 473 477
f 478 66 65
f 479 296 290
f 480 221 220
f 481 450 471
f 481 471 482
f 481 220 459
f 481 448 450
f 483 484 24
f 483 24 228
f 485 484 482
f 485 482 471
f 485 471 472
f 486 224 220
f 486 220 481
f 486 481 482
f 486 482 484
f 486 225 226
f 486 226 224
f 487 70 69
f 488 447 67
f 489 470 209
f 489 209 210
f 490 488 491
f 492 208 60
f 493 228 227
f 493 227 68
f 494 495 24
f 494 24 496
f 497 24 484
f 498 74 499
f 498 499 232
f 498 232 71
f 498 71 74
f 500 74 73
f 500 73 83
f 501 499 74
f 501 74 500
f 501 500 83
f 501 83 229
f 501 502 499
f 503 257 504
f 503 504 505
f 503 230 29
f 506 232 231
f 506 71 232
f 507 412 80
f 507 80 230
f 508 509 510
f 508 81 240
f 508 240 438
f 511 237 432
f 511 432 423
f 511 510 509
f 511 509 237
f 512 82 52
f 512 52 246
f 513 9 83
f 513 77 255
f 513 255 9
f 514 504 257
f 515 83 73
f 516 30 250
f 517 518 519
f 520 518 517
f 520 517 521
f 520 264 261
f 520 261 263
f 522 271 268
f 522 268 267
f 523 250 3
f 524 86 76
f 524 76 85
f 524 85 129
f 525 253 255
f 525 255 254
f 526 262 410
f 526 410 409
f 527 263 262
f 527 262 258
f 527 258 260
f 527 260 518
f 527 518 520
f 527 520 263
f 528 92 91
f 529 269 270
f 529 530 269
f 531 273 272
f 532 92 528
f 532 528 273
f 533 288 287
f 534 274 211
f 534 211 214
f 535 279 280
f 536 278 277
f 536 277 279
f 536 279 535
f 537 282 281
f 537 281 93
f 537 93 284
f 537 283 282
f 538 539 540
f 541 542 543
f 541 543 287
f 544 545 546
f 544 546 547
f 548 94 95
f 548 95 285
f 549 550 551
f 552 553 285
f 552 285 286
f 554 287 289
f 555 100 99
f 555 99 104
f 556 23 290
f 556 290 292
f 556 292 186
f 556 186 557
f 556 557 23
f 558 97 243
f 558 243 291
f 558 291 292
f 558 98 97
f 559 32 294
f 560 561 562
f 560 562 559
f 560 559 294
f 560 294 101
f 563 96 98
f 563 98 295
f 563 295 102
f 563 102 96
f 564 296 295
f 564 295 98
f 564 98 558
f 564 558 296
f 565 113 114
f 566 297 298
f 566 298 332
f 566 332 333
f 566 333 384
f 567 299 568
f 569 299 153
f 570 301 110
f 571 572 573
f 571 573 574
f 571 574 575
f 576 117 116
f 577 115 302
f 577 578 36
f 577 36 115
f 579 302 117
f 580 335 334
f 581 582 583
f 584 585 583
f 586 38 303
f 586 303 118
f 587 588 589
f 590 143 304
f 590 304 306
f 590 591 143
f 592 314 35
f 592 35 2
f 592 2 39
f 593 308 310
f 593 310 341
f 594 595 106
f 594 106 105
f 596 106 595
f 596 595 316
f 597 317 36
f 597 36 578
f 598 138 137
f 598 137 319
f 599 600 138
f 601 600 602
f 601 603 307
f 601 307 143
f 601 143 142
f 604 590 306
f 604 306 305
f 604 605 591
f 606 603 607
f 606 607 608
f 606 608 307
f 606 307 603
f 609 305 307
f 610 572 10
f 611 612 613
f 614 318 573
f 615 616 617
f 618 619 617
f 620 22 127
f 621 622 623
f 624 122 121
f 625 125 122
f 626 337 27
f 626 27 26
f 627 130 14
f 628 129 128
f 628 53 82
f 629 630 631
f 629 338 339
f 629 339 630
f 632 157 338
f 632 338 633
f 632 633 151
f 632 151 157
f 634 46 340
f 634 340 635
f 636 340 20
f 637 47 46
f 638 142 639
f 638 639 640
f 638 640 641
f 638 641 138
f 638 138 600
f 638 600 601
f 638 601 142
f 642 639 142
f 642 142 139
f 642 139 141
f 642 141 352
f 642 352 643
f 644 645 640
f 644 640 639
f 644 646 645
f 647 5 47
f 648 649 650
f 648 651 652
f 648 652 653
f 654 351 147
f 654 147 148
f 654 148 356
f 655 656 355
f 657 658 355
f 657 355 656
f 657 656 659
f 657 660 658
f 661 662 342
f 661 663 341
f 661 341 309
f 664 663 661
f 664 661 342
f 665 593 341
f 665 341 663
f 666 667 668
f 666 669 665
f 666 665 663
f 670 667 666
f 670 663 345
f 670 345 668
f 671 143 591
f 672 348 347
f 673 346 348
f 673 348 672
f 674 347 346
f 674 346 143
f 674 671 347
f 675 144 662
f 676 342 662
f 677 662 144
f 678 343 342
f 678 676 679
f 678 144 344
f 680 356 353
f 680 353 355
f 680 355 658
f 681 360 359
f 681 157 150
f 681 150 149
f 682 149 361
f 682 361 360
f 682 360 681
f 682 681 149
f 683 323 361
f 683 361 363
f 683 363 327
f 683 327 320
f 683 320 321
f 684 392 364
f 684 364 327
f 684 327 367
f 684 367 392
f 685 362 149
f 685 149 366
f 685 366 686
f 685 686 367
f 685 367 363
f 685 363 362
f 687 688 689
f 687 689 690
f 691 369 372
f 691 372 374
f 691 374 153
f 691 153 152
f 692 693 631
f 694 154 374
f 694 374 375
f 694 375 376
f 694 376 154
f 695 316 376
f 695 376 379
f 695 379 378
f 696 16 45
f 696 45 167
f 696 167 380
f 696 158 16
f 697 18 382
f 697 383 333
f 697 333 18
f 698 108 107
f 698 107 119
f 698 119 329
f 698 329 385
f 698 385 108
f 699 108 385
f 699 385 386
f 699 386 389
f 699 389 108
f 700 17 48
f 700 387 382
f 700 382 17
f 701 702 703
f 701 703 700
f 701 700 48
f 701 48 159
f 701 159 702
f 704 523 3
f 704 3 109
f 705 706 707
f 705 707 523
f 705 523 704
f 705 704 109
f 705 109 389
f 708 8 130
f 709 21 160
f 710 368 49
f 711 368 710
f 711 710 391
f 711 391 392
f 711 392 368
f 712 393 163
f 712 163 265
f 712 265 264
f 713 714 400
f 713 400 399
f 713 399 394
f 713 394 715
f 716 717 90
f 716 90 92
f 718 161 393
f 719 720 721
f 722 168 21
f 722 723 168
f 724 164 395
f 724 395 328
f 724 328 365
f 724 365 396
f 725 397 396
f 725 396 726
f 725 726 49
f 727 49 168
f 728 729 398
f 728 398 165
f 728 165 397
f 730 731 732
f 730 732 181
f 730 181 180
f 730 180 179
f 730 179 177
f 733 734 735
f 736 173 172
f 736 172 174
f 736 174 175
f 736 406 88
f 736 88 737
f 736 737 738
f 739 399 401
f 739 401 740
f 739 740 170
f 739 170 399
f 741 175 173
f 741 742 405
f 741 405 175
f 743 232 499
f 744 176 403
f 744 403 181
f 744 181 732
f 744 732 731
f 744 731 745
f 744 745 746
f 747 87 410
f 747 410 262
f 747 262 261
f 747 261 87
f 748 89 407
f 748 407 410
f 748 410 87
f 748 87 89
f 749 407 406
f 750 175 405
f 751 746 745
f 751 231 233
f 751 233 746
f 752 753 754
f 755 752 754
f 755 756 413
f 755 413 757
f 758 759 760
f 758 760 735
f 758 735 761
f 758 762 759
f 763 757 413
f 763 413 414
f 764 426 427
f 764 418 421
f 765 418 764
f 765 764 427
f 765 427 419
f 765 419 418
f 766 220 767
f 766 459 220
f 768 416 188
f 768 421 418
f 769 417 416
f 769 416 770
f 769 770 417
f 771 183 55
f 772 454 453
f 773 185 190
f 773 190 189
f 773 189 188
f 773 188 221
f 773 221 557
f 773 557 186
f 773 186 185
f 774 426 764
f 774 764 421
f 774 421 187
f 774 187 426
f 775 427 425
f 775 425 419
f 775 419 427
f 776 777 431
f 778 431 419
f 778 419 428
f 779 187 429
f 779 429 202
f 779 202 191
f 779 191 435
f 780 191 194
f 781 238 237
f 781 237 509
f 781 509 508
f 781 508 438
f 781 438 238
f 782 57 197
f 782 197 199
f 782 247 245
f 782 245 57
f 783 784 785
f 783 249 248
f 786 438 249
f 786 785 239
f 786 239 238
f 786 238 438
f 787 788 203
f 787 203 204
f 789 790 435
f 789 435 440
f 791 194 440
f 791 440 434
f 791 434 780
f 792 441 196
f 792 196 442
f 792 442 793
f 794 442 196
f 794 196 195
f 795 793 442
f 795 442 194
f 795 193 796
f 795 796 441
f 797 441 796
f 797 796 193
f 797 193 441
f 798 794 195
f 798 195 443
f 798 443 205
f 798 205 442
f 799 800 801
f 802 801 800
f 803 126 125
f 803 445 213
f 803 213 126
f 804 67 805
f 804 806 65
f 804 65 67
f 807 67 446
f 808 446 447
f 809 810 807
f 811 458 448
f 811 448 481
f 811 481 459
f 811 459 458
f 812 6 64
f 812 64 451
f 812 216 6
f 813 771 453
f 813 453 452
f 814 14 217
f 815 454 772
f 815 452 454
f 816 215 219
f 816 219 449
f 817 204 456
f 817 818 458
f 817 458 457
f 817 457 419
f 817 419 204
f 819 463 22
f 820 22 463
f 820 463 461
f 820 461 22
f 821 464 61
f 821 61 462
f 822 464 62
f 822 62 64
f 822 64 6
f 823 824 825
f 823 825 467
f 826 827 828
f 826 469 470
f 826 470 827
f 829 62 466
f 829 466 471
f 829 471 218
f 829 218 62
f 830 831 24
f 830 24 495
f 832 473 24
f 832 24 831
f 833 834 474
f 833 476 834
f 835 833 474
f 836 475 474
f 836 474 834
f 837 834 476
f 838 839 840
f 841 484 485
f 841 485 468
f 841 468 66
f 841 66 475
f 841 840 839
f 841 839 484
f 842 843 66
f 844 845 846
f 847 103 296
f 847 296 479
f 847 104 103
f 848 844 846
f 848 843 849
f 850 846 67
f 850 67 807
f 851 25 476
f 851 476 833
f 851 833 843
f 851 847 479
f 851 479 290
f 851 290 25
f 852 222 853
f 852 853 767
f 852 767 220
f 852 220 222
f 854 221 853
f 854 853 222
f 854 222 221
f 855 853 221
f 855 221 188
f 856 857 855
f 856 855 188
f 858 480 220
f 859 224 223
f 860 221 480
f 861 484 483
f 861 483 228
f 862 225 486
f 862 487 69
f 862 69 24
f 862 24 23
f 862 23 557
f 862 557 221
f 862 221 225
f 863 487 864
f 865 866 622
f 865 491 488
f 865 825 824
f 865 824 866
f 867 868 869
f 867 869 870
f 867 870 490
f 867 490 491
f 867 210 871
f 872 488 490
f 872 490 870
f 872 873 488
f 874 871 210
f 874 210 208
f 874 208 492
f 875 60 59
f 875 59 275
f 876 559 562
f 877 561 878
f 877 562 561
f 879 70 486
f 879 486 484
f 879 484 493
f 879 493 68
f 879 68 70
f 880 484 839
f 880 839 881
f 880 881 882
f 880 882 883
f 884 882 881
f 885 494 496
f 886 495 494
f 886 494 883
f 886 883 495
f 887 24 497
f 887 496 24
f 888 258 262
f 888 262 526
f 888 526 409
f 888 889 30
f 888 30 259
f 888 259 258
f 890 229 30
f 890 30 889
f 891 257 503
f 891 503 29
f 891 29 28
f 891 28 75
f 891 75 257
f 892 230 503
f 892 503 505
f 893 506 231
f 893 231 894
f 893 894 892
f 893 892 505
f 893 72 71
f 893 71 506
f 895 896 731
f 895 507 897
f 898 412 507
f 898 899 415
f 898 415 412
f 900 423 422
f 900 422 244
f 900 510 511
f 900 511 423
f 901 240 9
f 901 9 252
f 901 252 902
f 901 248 240
f 903 904 905
f 903 902 252
f 906 907 905
f 906 905 904
f 906 512 246
f 906 246 907
f 908 902 903
f 908 783 248
f 908 248 901
f 908 901 902
f 909 77 513
f 909 513 910
f 909 910 911
f 909 911 514
f 909 78 77
f 912 514 911
f 912 72 893
f 912 893 505
f 912 505 504
f 912 504 514
f 913 914 915
f 913 915 519
f 913 519 516
f 913 516 250
f 916 259 30
f 916 30 516
f 916 516 260
f 916 260 259
f 917 518 260
f 917 260 516
f 917 516 519
f 917 519 518
f 918 521 517
f 918 271 522
f 919 915 914
f 919 918 517
f 919 517 519
f 919 519 915
f 920 271 918
f 920 918 919
f 920 919 914
f 920 914 921
f 922 273 528
f 922 528 923
f 922 923 702
f 922 702 159
f 922 159 273
f 924 267 269
f 924 269 923
f 924 923 528
f 924 528 91
f 924 91 267
f 925 926 250
f 925 250 523
f 927 529 270
f 927 270 271
f 927 271 920
f 927 920 921
f 928 530 529
f 928 926 925
f 928 925 523
f 928 523 707
f 928 707 706
f 928 706 530
f 929 158 696
f 929 531 272
f 929 272 158
f 930 532 273
f 930 273 531
f 931 932 729
f 931 933 934
f 931 935 932
f 936 533 287
f 936 287 543
f 936 543 547
f 937 534 214
f 938 939 940
f 938 940 278
f 941 533 936
f 941 936 942
f 941 535 280
f 941 280 274
f 941 274 289
f 941 289 288
f 941 288 533
f 943 536 535
f 943 535 941
f 943 941 942
f 944 546 539
f 944 539 538
f 945 542 541
f 946 543 542
f 946 542 544
f 946 544 547
f 946 547 543
f 947 548 285
f 947 285 553
f 947 553 550
f 947 550 549
f 947 948 94
f 947 94 548
f 949 544 542
f 949 542 552
f 949 552 286
f 949 545 544
f 950 287 554
f 950 951 617
f 950 617 287
f 952 870 869
f 952 869 555
f 953 290 296
f 953 296 558
f 953 558 292
f 953 292 290
f 954 939 540
f 954 876 955
f 956 539 546
f 956 546 545
f 956 545 949
f 956 949 286
f 956 286 32
f 956 32 559
f 957 100 555
f 957 561 560
f 957 560 101
f 957 101 100
f 958 959 120
f 958 120 34
f 958 34 4
f 960 384 383
f 961 565 114
f 962 13 297
f 962 297 963
f 962 963 105
f 962 105 13
f 964 112 299
f 964 299 567
f 964 567 110
f 964 110 112
f 965 569 153
f 965 153 43
f 965 43 42
f 965 42 41
f 966 569 965
f 966 965 967
f 966 299 569
f 968 300 136
f 968 136 135
f 968 135 111
f 968 111 301
f 968 301 570
f 969 570 110
f 969 110 567
f 969 567 568
f 970 318 137
f 970 575 574
f 970 574 573
f 970 573 318
f 971 10 572
f 971 572 571
f 972 576 116
f 973 974 975
f 973 577 302
f 976 578 577
f 976 577 973
f 976 973 975
f 977 155 315
f 978 979 967
f 978 980 975
f 978 975 974
f 981 980 978
f 981 965 41
f 981 41 40
f 981 40 982
f 983 579 117
f 983 117 576
f 984 580 334
f 984 334 653
f 985 986 987
f 985 987 988
f 989 580 581
f 989 583 585
f 990 581 986
f 990 986 985
f 991 589 992
f 991 992 993
f 991 581 990
f 991 990 994
f 991 994 589
f 995 996 335
f 997 582 996
f 997 584 583
f 997 583 582
f 998 550 945
f 998 945 541
f 998 617 619
f 999 550 998
f 999 998 1000
f 999 1000 551
f 999 551 550
f 1001 996 1002
f 1001 335 996
f 1003 948 947
f 1003 947 549
f 1004 284 94
f 1004 94 948
f 1004 948 1003
f 1004 1003 1005
f 1004 1006 537
f 1004 537 284
f 1007 336 335
f 1007 1000 1008
f 1007 1009 1010
f 1011 38 586
f 1011 586 1012
f 1013 662 661
f 1013 661 309
f 1013 309 1012
f 1014 1012 586
f 1014 1013 1012
f 1015 1014 586
f 1015 586 118
f 1015 118 283
f 1016 588 587
f 1017 592 39
f 1017 39 38
f 1018 308 593
f 1019 316 595
f 1019 1020 977
f 1019 977 315
f 1019 315 316
f 1021 317 597
f 1021 597 1022
f 1021 1022 1023
f 1021 114 317
f 1024 1023 1022
f 1025 1026 599
f 1027 1025 598
f 1027 598 319
f 1027 319 318
f 1027 318 614
f 1027 614 613
f 1027 613 1028
f 1029 1026 1030
f 1029 1030 600
f 1029 600 599
f 1031 600 1030
f 1031 1030 1026
f 1031 1026 1025
f 1032 601 1033
f 1034 1035 600
f 1034 600 1036
f 1037 1038 612
f 1039 613 612
f 1039 612 1038
f 1040 1033 601
f 1040 601 1041
f 1042 601 602
f 1043 607 603
f 1044 590 604
f 1044 604 591
f 1044 591 590
f 1045 305 609
f 1045 609 307
f 1046 10 35
f 1047 611 613
f 1047 613 614
f 1047 614 573
f 1048 534 937
f 1049 336 1050
f 1049 649 648
f 1049 648 653
f 1049 653 334
f 1049 334 336
f 1051 618 617
f 1051 617 616
f 1052 616 615
f 1052 615 1053
f 1052 1053 616
f 1054 619 618
f 1055 620 127
f 1055 127 1056
f 1057 1058 828
f 1057 828 621
f 1059 622 621
f 1059 621 828
f 1059 828 827
f 1060 828 1058
f 1060 624 121
f 1061 624 1060
f 1061 1060 1058
f 1061 625 122
f 1061 122 624
f 1062 626 26
f 1062 26 411
f 1062 411 413
f 1062 413 756
f 1063 1064 1065
f 1063 1066 1067
f 1063 1067 1064
f 1068 1065 1064
f 1069 1067 1066
f 1070 1071 1072
f 1070 1072 420
f 1070 420 50
f 1070 50 53
f 1070 53 628
f 1070 628 1071
f 1073 1068 1064
f 1073 1064 1067
f 1074 129 628
f 1074 628 82
f 1074 82 512
f 1075 693 1076
f 1077 1076 693
f 1077 693 373
f 1077 373 371
f 1077 371 1078
f 1079 1076 1077
f 1079 1077 1078
f 1080 46 634
f 1081 1082 1080
f 1081 1080 634
f 1081 1075 1076
f 1081 1076 1079
f 1081 1079 1082
f 1083 338 629
f 1083 633 338
f 1084 633 1083
f 1084 1083 636
f 1084 636 20
f 1084 20 633
f 1085 643 352
f 1086 690 689
f 1086 641 640
f 1087 639 642
f 1087 642 643
f 1087 643 1085
f 1087 1085 1088
f 1089 647 47
f 1090 656 655
f 1090 659 656
f 1091 651 648
f 1091 648 650
f 1091 650 1092
f 1091 1092 651
f 1093 658 660
f 1093 654 356
f 1093 356 680
f 1093 680 658
f 1094 654 1093
f 1094 351 654
f 1095 47 637
f 1096 47 1095
f 1096 1095 1097
f 1098 655 355
f 1098 355 354
f 1098 354 349
f 1099 660 657
f 1099 657 659
f 1099 47 660
f 1100 664 344
f 1101 344 664
f 1101 664 342
f 1101 342 344
f 1102 1103 593
f 1102 593 665
f 1102 665 591
f 1102 591 605
f 1104 669 666
f 1104 666 668
f 1104 668 669
f 1105 667 670
f 1105 670 668
f 1105 668 667
f 1106 663 670
f 1106 670 666
f 1106 666 663
f 1107 591 672
f 1107 672 347
f 1107 347 671
f 1108 668 345
f 1108 345 143
f 1108 143 346
f 1109 1108 673
f 1109 673 672
f 1109 672 591
f 1109 591 665
f 1109 665 669
f 1110 671 674
f 1110 674 143
f 1110 143 671
f 1111 1112 675
f 1111 675 662
f 1111 662 1113
f 1114 679 676
f 1115 679 1114
f 1115 1114 677
f 1116 343 678
f 1116 678 344
f 1116 344 343
f 1117 144 678
f 1117 678 679
f 1117 679 1115
f 1117 1115 677
f 1117 677 144
f 1118 676 678
f 1118 678 342
f 1118 342 676
f 1119 378 377
f 1119 377 157
f 1119 157 681
f 1119 681 359
f 1119 359 378
f 1120 323 683
f 1120 683 321
f 1120 321 322
f 1120 322 323
f 1121 686 366
f 1121 366 151
f 1122 392 367
f 1122 367 686
f 1122 368 392
f 1123 686 1121
f 1123 20 368
f 1124 637 46
f 1125 370 369
f 1126 373 693
f 1126 693 692
f 1126 692 375
f 1126 375 372
f 1126 372 373
f 1127 630 339
f 1127 339 377
f 1127 375 692
f 1127 692 631
f 1127 631 630
f 1128 596 316
f 1128 316 695
f 1128 695 378
f 1128 378 359
f 1128 359 358
f 1128 358 106
f 1128 106 596
f 1129 387 331
f 1129 331 383
f 1129 383 697
f 1129 697 382
f 1129 382 387
f 1130 388 387
f 1130 387 700
f 1130 700 703
f 1130 703 388
f 1131 706 703
f 1131 703 702
f 1132 706 705
f 1132 705 389
f 1132 389 388
f 1132 388 703
f 1132 703 706
f 1133 1134 759
f 1133 759 762
f 1135 1136 8
f 1135 1137 1133
f 1135 1133 1136
f 1138 1136 1133
f 1138 1133 762
f 1138 762 758
f 1138 758 1139
f 1138 8 1136
f 1140 21 709
f 1140 709 1141
f 1142 709 160
f 1142 714 1143
f 1142 1143 1144
f 1142 1144 1141
f 1142 1141 709
f 1145 160 390
f 1146 1147 1148
f 1146 1148 740
f 1146 740 401
f 1149 1150 1148
f 1149 1148 1147
f 1151 710 49
f 1151 49 726
f 1152 365 391
f 1152 391 710
f 1152 710 1151
f 1152 1151 726
f 1152 726 396
f 1152 396 365
f 1153 1143 714
f 1153 714 713
f 1153 713 715
f 1153 1144 1143
f 1154 1155 522
f 1154 522 267
f 1154 267 90
f 1156 716 92
f 1157 718 393
f 1158 718 1157
f 1158 1157 717
f 1159 1160 935
f 1161 720 722
f 1161 722 21
f 1162 719 723
f 1162 723 722
f 1162 722 720
f 1162 720 719
f 1163 164 724
f 1163 724 396
f 1163 396 165
f 1163 165 164
f 1164 934 933
f 1165 49 727
f 1165 727 1166
f 1165 1166 725
f 1165 725 49
f 1167 1166 933
f 1167 933 728
f 1167 728 397
f 1167 397 725
f 1167 725 1166
f 1168 731 730
f 1168 730 1169
f 1170 1169 730
f 1170 730 177
f 1170 177 176
f 1170 176 405
f 1171 899 733
f 1171 733 735
f 1171 735 760
f 1172 1148 1150
f 1172 1150 1173
f 1174 1169 1175
f 1174 895 731
f 1174 1168 1169
f 1176 1175 733
f 1176 733 899
f 1177 1173 1175
f 1177 1175 1169
f 1177 1169 1172
f 1177 1172 1173
f 1178 734 733
f 1178 733 1175
f 1178 1175 1173
f 1178 1173 734
f 1179 170 737
f 1179 737 88
f 1179 88 169
f 1179 169 170
f 1180 740 1148
f 1180 737 170
f 1180 170 740
f 1181 1169 1170
f 1181 1170 736
f 1181 736 738
f 1181 738 1172
f 1181 1172 1169
f 1182 406 736
f 1182 736 175
f 1182 175 750
f 1182 750 405
f 1182 405 404
f 1182 404 749
f 1182 749 406
f 1183 749 404
f 1183 743 499
f 1183 499 502
f 1184 743 1183
f 1184 1183 404
f 1184 404 176
f 1184 176 744
f 1184 744 746
f 1184 746 233
f 1184 233 232
f 1184 232 743
f 1185 1186 895
f 1185 895 1187
f 1185 1187 1188
f 1185 1188 894
f 1185 894 231
f 1189 1186 1185
f 1189 1185 231
f 1189 231 751
f 1190 1134 1133
f 1190 1133 1137
f 1190 752 755
f 1190 755 757
f 1190 757 763
f 1190 763 1134
f 1191 770 416
f 1192 1193 766
f 1192 766 1194
f 1195 421 768
f 1195 768 188
f 1195 188 421
f 1196 416 768
f 1196 768 418
f 1196 418 416
f 1197 1198 627
f 1197 627 14
f 1199 182 420
f 1199 453 771
f 1199 771 55
f 1199 55 182
f 1200 428 777
f 1200 777 776
f 1200 776 431
f 1201 431 1202
f 1201 1202 1203
f 1201 1204 431
f 1205 187 779
f 1205 779 1206
f 1207 191 780
f 1207 780 434
f 1207 434 191
f 1208 439 239
f 1208 239 785
f 1208 782 199
f 1208 199 439
f 1209 785 786
f 1209 786 249
f 1209 249 783
f 1209 783 785
f 1210 1211 203
f 1210 203 788
f 1212 203 1211
f 1213 790 789
f 1214 1213 789
f 1214 789 440
f 1214 440 203
f 1215 194 791
f 1215 791 780
f 1215 780 194
f 1216 441 792
f 1216 792 793
f 1216 793 441
f 1217 193 795
f 1217 795 194
f 1217 194 193
f 1218 793 795
f 1218 795 441
f 1218 441 793
f 1219 794 798
f 1219 798 442
f 1219 442 794
f 1220 1221 1222
f 1223 127 5
f 1223 5 1224
f 1225 802 800
f 1225 800 803
f 1225 803 125
f 1226 849 1227
f 1226 1227 1228
f 1226 1228 65
f 1226 65 806
f 1229 1230 1231
f 1229 845 1230
f 1232 1233 808
f 1232 808 447
f 1234 808 1233
f 1235 446 809
f 1235 809 807
f 1235 807 446
f 1236 808 1234
f 1237 771 813
f 1237 183 771
f 1238 14 814
f 1238 814 1239
f 1238 1239 1240
f 1238 1240 14
f 1241 1239 814
f 1241 814 217
f 1242 216 812
f 1242 812 451
f 1242 451 215
f 1242 215 816
f 1243 206 183
f 1243 183 1237
f 1243 1237 813
f 1243 456 206
f 1244 456 1243
f 1244 818 817
f 1244 817 456
f 1245 217 455
f 1246 816 449
f 1247 463 819
f 1247 1248 462
f 1247 462 463
f 1249 466 465
f 1249 465 464
f 1249 464 821
f 1249 821 462
f 1249 462 1248
f 1250 464 822
f 1250 6 61
f 1250 61 464
f 1251 489 210
f 1251 210 867
f 1251 867 491
f 1251 491 865
f 1251 865 1252
f 1251 1252 470
f 1251 470 489
f 1253 831 830
f 1253 830 882
f 1253 882 884
f 1254 830 495
f 1254 495 883
f 1255 832 1256
f 1257 66 843
f 1258 833 835
f 1258 835 1257
f 1258 843 833
f 1259 1257 835
f 1259 835 474
f 1259 474 66
f 1260 475 1261
f 1262 838 840
f 1263 476 841
f 1264 837 1263
f 1264 841 475
f 1265 840 841
f 1266 840 1267
f 1268 478 842
f 1268 842 66
f 1268 66 478
f 1269 843 842
f 1269 842 478
f 1270 846 845
f 1271 1272 844
f 1273 1271 844
f 1273 1274 804
f 1275 104 847
f 1275 952 555
f 1275 555 104
f 1276 847 851
f 1276 851 843
f 1276 843 848
f 1276 848 846
f 1277 1278 767
f 1277 767 853
f 1279 853 855
f 1279 1278 1277
f 1279 1277 853
f 1280 855 857
f 1281 770 856
f 1281 856 188
f 1281 188 417
f 1281 417 770
f 1282 1193 1192
f 1283 858 220
f 1283 860 480
f 1283 480 858
f 1284 223 221
f 1284 1283 859
f 1284 859 223
f 1285 493 484
f 1285 484 861
f 1285 861 228
f 1285 228 493
f 1286 862 486
f 1286 863 864
f 1287 70 487
f 1287 487 863
f 1287 863 486
f 1287 486 70
f 1288 825 865
f 1288 865 488
f 1288 488 67
f 1288 67 467
f 1288 467 825
f 1289 1252 865
f 1289 865 622
f 1289 622 1059
f 1289 1059 827
f 1289 827 470
f 1289 470 1252
f 1290 488 873
f 1290 447 488
f 1291 1292 447
f 1293 873 872
f 1294 874 492
f 1294 492 60
f 1295 871 874
f 1295 874 868
f 1295 868 867
f 1295 867 871
f 1296 875 275
f 1296 275 278
f 1296 278 940
f 1297 484 880
f 1297 497 484
f 1298 832 831
f 1298 831 1299
f 1298 1256 832
f 1300 881 839
f 1301 1302 885
f 1301 885 496
f 1301 496 1302
f 1303 880 883
f 1303 494 885
f 1303 885 1302
f 1304 887 497
f 1304 497 1297
f 1304 1297 880
f 1305 501 229
f 1305 229 890
f 1305 502 501
f 1306 502 1305
f 1306 1305 890
f 1306 409 408
f 1306 1183 502
f 1307 888 409
f 1307 409 1306
f 1307 1306 890
f 1307 890 889
f 1307 889 888
f 1308 1187 895
f 1308 895 897
f 1309 896 895
f 1309 895 1186
f 1310 897 507
f 1311 1308 897
f 1312 230 892
f 1312 892 894
f 1312 894 1188
f 1312 507 230
f 1313 1187 1308
f 1313 1308 1311
f 1313 1314 1312
f 1313 1312 1188
f 1313 1188 1187
f 1315 81 508
f 1315 508 510
f 1315 510 900
f 1315 900 244
f 1315 244 241
f 1315 241 81
f 1316 1317 906
f 1316 906 904
f 1316 904 903
f 1316 1318 1317
f 1319 905 784
f 1319 784 783
f 1319 783 908
f 1319 908 903
f 1319 903 905
f 1320 525 254
f 1320 254 1318
f 1320 252 251
f 1320 251 253
f 1320 253 525
f 1321 1317 1318
f 1321 1318 254
f 1322 257 78
f 1322 78 909
f 1322 909 514
f 1322 514 257
f 1323 912 911
f 1323 911 910
f 1323 910 513
f 1323 513 83
f 1323 83 515
f 1324 921 914
f 1324 914 913
f 1324 913 250
f 1324 250 926
f 1324 926 921
f 1325 918 522
f 1325 522 1155
f 1326 926 928
f 1326 928 529
f 1326 529 927
f 1326 927 921
f 1326 921 926
f 1327 380 166
f 1327 166 398
f 1327 398 729
f 1327 729 1328
f 1327 1328 531
f 1327 531 929
f 1327 929 696
f 1327 696 380
f 1329 930 531
f 1329 531 1328
f 1329 1328 729
f 1329 729 932
f 1330 933 931
f 1330 931 729
f 1330 729 728
f 1330 728 933
f 1331 935 931
f 1331 719 1159
f 1331 1159 935
f 1332 800 799
f 1332 937 214
f 1332 214 445
f 1332 445 803
f 1332 803 800
f 1333 536 943
f 1334 536 1333
f 1334 1333 538
f 1334 939 938
f 1334 938 278
f 1334 278 536
f 1335 553 552
f 1335 552 542
f 1335 542 945
f 1335 945 550
f 1335 550 553
f 1336 615 617
f 1337 615 1336
f 1337 1053 615
f 1338 951 950
f 1338 950 554
f 1339 939 954
f 1339 954 955
f 1339 955 940
f 1339 940 939
f 1340 954 540
f 1340 540 539
f 1340 539 956
f 1340 956 559
f 1341 869 868
f 1341 868 878
f 1341 878 561
f 1341 561 957
f 1341 957 555
f 1341 555 869
f 1342 113 565
f 1342 565 961
f 1342 961 1343
f 1342 1343 959
f 1342 959 958
f 1342 958 4
f 1342 4 113
f 1344 330 120
f 1344 960 383
f 1344 383 330
f 1345 1343 961
f 1345 961 1346
f 1345 1346 1347
f 1345 959 1343
f 1348 297 566
f 1348 566 384
f 1348 384 960
f 1348 960 1349
f 1348 963 297
f 1350 594 105
f 1350 105 963
f 1351 1023 1024
f 1351 1350 1347
f 1352 302 579
f 1353 570 969
f 1353 969 1354
f 1353 1355 968
f 1353 968 570
f 1356 300 968
f 1356 968 1355
f 1356 575 970
f 1356 970 137
f 1356 137 300
f 1357 1355 1353
f 1357 1353 1354
f 1357 1354 576
f 1357 576 972
f 1357 575 1356
f 1357 1356 1355
f 1358 571 575
f 1358 575 1357
f 1358 1357 972
f 1358 972 116
f 1358 116 10
f 1358 10 971
f 1358 971 571
f 1359 974 973
f 1359 973 302
f 1359 302 1352
f 1359 979 978
f 1359 978 974
f 1360 976 975
f 1360 975 980
f 1361 965 981
f 1361 981 978
f 1361 978 967
f 1361 967 965
f 1362 1354 969
f 1362 969 568
f 1362 579 983
f 1362 983 576
f 1362 576 1354
f 1363 1364 1365
f 1366 1367 1368
f 1369 1370 1371
f 1369 1372 589
f 1369 589 994
f 1373 589 1372
f 1373 1363 1365
f 1373 1365 589
f 1374 1372 1369
f 1375 994 1376
f 1375 1376 1377
f 1378 994 1379
f 1380 1370 1381
f 1380 1371 1370
f 1382 1378 1379
f 1383 652 651
f 1383 653 652
f 1384 1364 1363
f 1384 1363 1373
f 1384 1373 1385
f 1386 584 1387
f 1386 585 584
f 1388 1389 1387
f 1388 1387 584
f 1390 583 989
f 1390 989 581
f 1390 581 583
f 1391 580 989
f 1391 989 585
f 1391 585 1386
f 1392 581 580
f 1393 994 990
f 1393 990 1377
f 1393 1377 1376
f 1394 988 990
f 1394 990 985
f 1394 985 988
f 1395 1005 582
f 1395 582 581
f 1395 581 991
f 1395 991 993
f 1396 986 1397
f 1396 1397 987
f 1396 987 986
f 1398 1367 1397
f 1398 1397 986
f 1399 997 996
f 1399 996 995
f 1399 995 1400
f 1401 584 997
f 1401 997 1389
f 1401 1389 1388
f 1401 1388 584
f 1402 998 619
f 1403 617 998
f 1403 998 541
f 1403 541 287
f 1403 287 617
f 1404 335 1001
f 1404 1001 1002
f 1405 551 996
f 1405 996 582
f 1405 582 1005
f 1405 1005 1003
f 1405 1003 549
f 1405 549 551
f 1406 336 1007
f 1406 1007 1010
f 1406 1010 1407
f 1406 1407 1408
f 1406 1408 1053
f 1406 1053 1337
f 1406 1336 617
f 1406 617 1409
f 1410 1010 1009
f 1411 1008 1000
f 1411 1000 998
f 1411 998 1402
f 1411 1402 1412
f 1413 1414 1009
f 1413 1009 1007
f 1415 1009 1414
f 1415 1414 1416
f 1417 1013 1014
f 1417 1014 992
f 1417 992 589
f 1417 589 588
f 1417 662 1013
f 1418 993 1015
f 1418 1015 283
f 1418 283 537
f 1418 537 1006
f 1418 1006 993
f 1419 992 1014
f 1419 1014 1015
f 1419 1015 993
f 1419 993 992
f 1420 1016 587
f 1421 587 589
f 1422 1011 1012
f 1422 1012 309
f 1422 309 308
f 1422 308 592
f 1422 592 1017
f 1422 1017 38
f 1422 38 1011
f 1423 592 308
f 1423 308 1018
f 1423 1018 311
f 1423 311 314
f 1423 314 592
f 1424 311 1018
f 1424 1018 593
f 1424 593 1103
f 1425 595 594
f 1425 1351 1024
f 1425 1024 1020
f 1425 1020 1019
f 1425 1019 595
f 1426 1020 1024
f 1426 1024 1022
f 1426 1022 1427
f 1426 1427 977
f 1426 977 1020
f 1428 138 598
f 1429 599 138
f 1429 1025 599
f 1430 1429 1431
f 1430 1431 1428
f 1432 1026 1029
f 1432 1029 599
f 1432 599 1026
f 1433 601 1032
f 1433 1434 1435
f 1433 603 601
f 1436 1437 1035
f 1438 602 600
f 1438 600 1035
f 1439 602 1438
f 1440 1035 1034
f 1440 1034 1036
f 1440 1436 1035
f 1441 1442 1046
f 1441 1046 35
f 1441 35 313
f 1441 313 312
f 1441 1037 612
f 1441 612 1442
f 1443 1039 1038
f 1443 605 1040
f 1444 1028 613
f 1444 613 1039
f 1444 1039 1443
f 1444 1443 1040
f 1445 1032 1033
f 1445 1033 1040
f 1446 1447 1040
f 1446 1040 1041
f 1446 1041 1447
f 1448 1041 601
f 1448 601 1042
f 1448 1042 1447
f 1448 1447 1041
f 1449 1043 603
f 1449 1433 1435
f 1450 307 608
f 1450 608 607
f 1450 607 1445
f 1450 1445 1040
f 1450 1040 605
f 1450 605 604
f 1451 305 1045
f 1451 604 305
f 1452 610 10
f 1452 10 1046
f 1452 1046 1442
f 1452 1442 612
f 1452 612 611
f 1453 1050 1048
f 1454 1222 1221
f 1455 649 1049
f 1455 1049 1050
f 1456 650 649
f 1456 649 1455
f 1456 1457 1454
f 1456 1454 1458
f 1459 1092 650
f 1459 650 1456
f 1459 1456 1458
f 1460 1408 1407
f 1461 1053 1408
f 1461 1408 616
f 1461 616 1053
f 1462 1051 616
f 1462 1408 1463
f 1464 619 1054
f 1464 1010 619
f 1465 1407 1010
f 1466 22 620
f 1466 620 1467
f 1466 819 22
f 1468 623 819
f 1468 819 1466
f 1468 1466 1467
f 1468 1467 621
f 1468 621 623
f 1469 826 828
f 1469 828 1060
f 1469 1060 121
f 1469 121 469
f 1469 469 826
f 1470 626 1062
f 1470 1062 756
f 1470 756 755
f 1470 755 754
f 1471 626 1470
f 1471 1470 1472
f 1471 1472 1473
f 1471 128 337
f 1471 337 626
f 1474 1063 1065
f 1474 1065 1473
f 1474 1473 1472
f 1474 1472 1470
f 1474 1470 754
f 1474 754 753
f 1475 1473 1065
f 1475 1065 1068
f 1475 1068 1072
f 1475 1072 1071
f 1475 1071 1473
f 1476 1069 130
f 1476 130 627
f 1477 130 1069
f 1478 629 631
f 1478 631 693
f 1478 693 1075
f 1478 635 629
f 1479 1079 1078
f 1479 1078 371
f 1479 371 370
f 1479 370 1125
f 1479 1125 1480
f 1481 635 1478
f 1481 1478 1075
f 1481 1075 1081
f 1481 1081 634
f 1481 634 635
f 1482 340 636
f 1482 636 1083
f 1482 1083 629
f 1482 629 635
f 1482 635 340
f 1483 645 646
f 1484 1087 1088
f 1485 1086 640
f 1485 640 645
f 1486 1086 689
f 1486 152 111
f 1487 5 647
f 1488 1089 1489
f 1488 1489 1490
f 1488 1490 1491
f 1492 1089 47
f 1492 47 1099
f 1492 1099 659
f 1493 647 1089
f 1494 1495 1491
f 1494 1491 651
f 1494 651 1092
f 1496 659 1090
f 1496 1090 1489
f 1496 1489 1089
f 1496 1089 1492
f 1496 1492 659
f 1497 1093 660
f 1497 660 47
f 1497 47 1096
f 1498 1095 637
f 1498 637 1499
f 1498 1499 1500
f 1501 145 144
f 1501 144 1502
f 1501 1502 580
f 1501 580 984
f 1501 349 145
f 1503 663 1504
f 1503 345 663
f 1505 664 1100
f 1505 1504 663
f 1505 663 664
f 1506 1503 1504
f 1507 591 1107
f 1507 1107 671
f 1507 671 591
f 1508 668 1108
f 1508 1108 669
f 1508 669 668
f 1509 673 1108
f 1509 1108 346
f 1509 346 673
f 1510 1108 1109
f 1510 1109 669
f 1510 669 1108
f 1511 144 675
f 1511 675 1112
f 1512 1513 144
f 1512 144 1511
f 1514 1112 1111
f 1514 1111 1515
f 1514 1515 1112
f 1516 662 677
f 1516 677 1114
f 1516 1114 676
f 1516 676 662
f 1517 1121 151
f 1517 151 633
f 1517 633 20
f 1518 1122 686
f 1518 686 1123
f 1518 1123 368
f 1518 368 1122
f 1519 20 1123
f 1519 1123 1121
f 1519 1121 1517
f 1519 1517 20
f 1520 152 1486
f 1520 1486 689
f 1520 689 688
f 1520 688 1521
f 1520 1521 1125
f 1520 1125 369
f 1520 369 691
f 1520 691 152
f 1522 379 376
f 1522 376 375
f 1522 375 1127
f 1522 1127 377
f 1522 377 379
f 1523 923 269
f 1523 269 530
f 1523 530 706
f 1523 706 1131
f 1523 1131 702
f 1523 702 923
f 1524 1135 8
f 1524 8 708
f 1525 390 8
f 1526 390 1525
f 1526 1525 1527
f 1528 1529 1526
f 1528 1526 1527
f 1528 761 735
f 1528 735 734
f 1530 1144 1531
f 1530 1531 721
f 1532 714 1142
f 1532 1142 160
f 1532 160 1145
f 1532 1145 1533
f 1534 1145 390
f 1534 390 1535
f 1536 1533 1145
f 1536 1145 1534
f 1537 400 714
f 1537 714 1532
f 1537 1532 1533
f 1537 1533 1536
f 1537 1536 1538
f 1537 1538 401
f 1537 401 400
f 1539 1147 1146
f 1539 1146 401
f 1539 401 1538
f 1539 1538 1536
f 1539 1535 1540
f 1539 1540 1147
f 1541 734 1173
f 1541 1173 1150
f 1541 1150 1149
f 1541 1529 1528
f 1541 1528 734
f 1542 1540 1535
f 1542 1526 1529
f 1542 1529 1541
f 1542 1541 1149
f 1542 1149 1147
f 1542 1147 1540
f 1543 1144 1153
f 1543 1153 715
f 1543 1531 1144
f 1544 1155 1154
f 1544 1154 90
f 1544 90 717
f 1544 717 1157
f 1544 1157 1155
f 1545 717 716
f 1545 716 1156
f 1546 532 930
f 1546 930 1329
f 1546 1329 932
f 1546 932 935
f 1546 935 1160
f 1546 1160 1156
f 1546 1156 92
f 1546 92 532
f 1547 712 264
f 1547 1155 1157
f 1547 1157 393
f 1547 393 712
f 1548 715 394
f 1548 394 161
f 1548 161 718
f 1549 715 1548
f 1549 1548 718
f 1549 718 1158
f 1550 168 723
f 1550 723 1164
f 1550 1164 727
f 1550 727 168
f 1551 727 1164
f 1551 1164 933
f 1551 933 1166
f 1551 1166 727
f 1552 405 742
f 1552 742 1553
f 1552 736 1170
f 1552 1170 405
f 1554 759 1134
f 1554 1134 763
f 1554 763 414
f 1554 414 415
f 1554 415 899
f 1554 899 1171
f 1554 1171 760
f 1554 760 759
f 1555 1168 1174
f 1555 1174 731
f 1555 731 1168
f 1556 895 1174
f 1556 1174 1175
f 1556 1175 1176
f 1556 1176 899
f 1557 738 737
f 1557 737 1180
f 1557 1180 1148
f 1557 1148 1172
f 1557 1172 738
f 1558 1278 1279
f 1558 1559 766
f 1558 766 767
f 1560 1280 1561
f 1562 766 1193
f 1562 416 459
f 1562 459 766
f 1563 770 1191
f 1563 1191 856
f 1563 856 770
f 1564 1560 1561
f 1565 815 772
f 1565 1240 1239
f 1565 1239 815
f 1566 428 1200
f 1567 1566 1200
f 1567 1200 431
f 1568 1203 1202
f 1568 1202 777
f 1568 777 428
f 1568 428 187
f 1568 187 1205
f 1569 777 1202
f 1569 1202 431
f 1569 431 777
f 1570 1203 1568
f 1570 1568 1205
f 1570 1201 1203
f 1571 1201 1205
f 1571 1205 1204
f 1571 1204 1201
f 1572 1573 1574
f 1575 1576 1577
f 1575 1578 1572
f 1575 1572 204
f 1575 204 431
f 1575 431 1204
f 1579 1205 1206
f 1579 1206 1577
f 1579 1577 1576
f 1579 1576 1575
f 1580 784 905
f 1580 905 907
f 1580 907 246
f 1580 246 247
f 1580 247 782
f 1580 782 1208
f 1580 1208 785
f 1580 785 784
f 1581 1582 1210
f 1581 1210 788
f 1583 203 1212
f 1584 788 787
f 1585 1586 787
f 1585 787 204
f 1587 1586 1585
f 1588 1213 1214
f 1588 1214 203
f 1588 790 1213
f 1589 1048 937
f 1589 799 1590
f 1589 1590 1591
f 1592 1220 1591
f 1592 1591 1590
f 1592 1590 799
f 1592 799 801
f 1592 801 1223
f 1592 1223 1224
f 1593 1221 1220
f 1593 1220 1592
f 1593 1592 1224
f 1593 1224 5
f 1593 5 1487
f 1593 1487 1221
f 1594 127 1223
f 1594 1223 801
f 1594 801 802
f 1594 802 1225
f 1594 1225 1056
f 1594 1056 127
f 1595 1596 843
f 1597 65 1228
f 1598 849 843
f 1598 843 1596
f 1598 1227 849
f 1599 1226 806
f 1600 849 1226
f 1600 1226 1599
f 1600 848 849
f 1601 844 848
f 1601 848 1602
f 1601 804 1274
f 1603 806 804
f 1604 1605 806
f 1606 1231 1230
f 1606 1230 845
f 1607 67 846
f 1607 1229 805
f 1607 805 67
f 1608 1229 1231
f 1608 1231 1609
f 1610 1293 846
f 1610 1234 1233
f 1610 1233 1232
f 1611 808 1236
f 1611 1236 446
f 1611 446 808
f 1612 446 1236
f 1612 809 446
f 1613 815 1239
f 1613 1239 1241
f 1613 452 815
f 1614 1243 813
f 1615 1245 455
f 1615 455 216
f 1615 216 1242
f 1615 1242 816
f 1616 460 458
f 1616 458 818
f 1616 818 1244
f 1616 1617 1246
f 1616 1246 449
f 1616 449 460
f 1618 866 824
f 1618 824 1247
f 1618 1247 819
f 1618 819 623
f 1618 623 622
f 1618 622 866
f 1619 1249 1248
f 1619 1248 1247
f 1619 1247 824
f 1619 824 823
f 1620 6 1250
f 1620 1250 822
f 1620 822 6
f 1621 831 1253
f 1621 1253 884
f 1622 882 830
f 1622 830 1254
f 1622 1254 883
f 1622 883 882
f 1623 473 832
f 1624 1255 1256
f 1624 1256 839
f 1625 1626 473
f 1625 1623 1627
f 1628 832 1255
f 1629 843 1258
f 1629 1258 1257
f 1629 1257 843
f 1630 1257 1259
f 1630 1259 66
f 1630 66 1257
f 1631 836 834
f 1631 475 836
f 1632 837 1264
f 1632 475 1260
f 1632 834 837
f 1633 1260 1261
f 1634 1635 477
f 1634 477 473
f 1634 473 1626
f 1636 476 1263
f 1636 1263 837
f 1636 837 476
f 1637 841 1264
f 1637 1264 1263
f 1637 1263 841
f 1638 1267 1265
f 1639 1265 841
f 1639 841 476
f 1640 840 1265
f 1640 1265 1267
f 1640 1267 840
f 1641 840 1266
f 1641 1266 1267
f 1641 1267 477
f 1642 1272 1271
f 1642 1271 1273
f 1642 1273 804
f 1642 804 805
f 1642 805 1272
f 1643 1274 1273
f 1643 1273 844
f 1644 806 1605
f 1645 1605 1604
f 1645 1604 1602
f 1646 1647 850
f 1646 850 807
f 1648 850 1647
f 1648 1647 846
f 1648 846 850
f 1649 1236 1610
f 1649 1610 846
f 1649 846 1647
f 1649 1647 1646
f 1649 807 810
f 1650 1275 847
f 1650 847 1276
f 1650 1276 846
f 1650 846 1293
f 1650 1293 872
f 1650 872 870
f 1650 870 952
f 1650 952 1275
f 1651 855 1280
f 1651 1280 1560
f 1652 857 1282
f 1652 1282 1192
f 1652 1192 1194
f 1653 856 1191
f 1653 1282 857
f 1653 857 856
f 1654 224 859
f 1654 859 1283
f 1654 1283 220
f 1654 220 224
f 1655 1283 1284
f 1655 860 1283
f 1656 860 1655
f 1656 1655 1284
f 1656 1284 221
f 1656 221 860
f 1657 862 1286
f 1657 1286 864
f 1657 864 487
f 1657 487 862
f 1658 863 1286
f 1658 1286 486
f 1658 486 863
f 1659 1660 1291
f 1659 1291 447
f 1661 1232 447
f 1661 1293 1662
f 1663 1292 1291
f 1664 1665 1666
f 1664 874 1294
f 1664 1294 60
f 1667 60 875
f 1667 875 1296
f 1668 876 562
f 1668 562 877
f 1668 877 1666
f 1668 1666 1665
f 1669 878 868
f 1669 1664 1666
f 1669 1666 877
f 1669 877 878
f 1670 1256 1298
f 1670 1298 839
f 1670 839 1256
f 1671 1300 839
f 1672 881 1673
f 1674 1299 1673
f 1674 1673 881
f 1674 881 1300
f 1675 881 1672
f 1675 1672 1673
f 1675 1673 1299
f 1675 1299 831
f 1676 1677 831
f 1676 1621 884
f 1678 880 1303
f 1678 1303 1302
f 1678 1302 496
f 1679 494 1303
f 1679 1303 883
f 1679 883 494
f 1680 496 887
f 1680 887 1304
f 1680 1304 496
f 1681 749 1183
f 1681 1183 1306
f 1681 1306 408
f 1681 408 407
f 1681 407 749
f 1682 897 1310
f 1682 1314 1313
f 1682 1313 1311
f 1682 1311 897
f 1683 252 1320
f 1683 1320 1318
f 1683 1318 1316
f 1683 1316 903
f 1683 903 252
f 1684 524 1321
f 1684 1321 254
f 1684 254 86
f 1684 86 524
f 1685 129 1074
f 1685 1321 524
f 1685 524 129
f 1686 73 72
f 1686 72 912
f 1686 912 1323
f 1686 1323 515
f 1686 515 73
f 1687 934 1164
f 1687 1164 723
f 1687 723 719
f 1687 719 1331
f 1687 1331 931
f 1687 931 934
f 1688 937 1332
f 1688 1332 799
f 1688 799 1589
f 1688 1589 937
f 1689 942 936
f 1689 936 547
f 1689 547 546
f 1689 546 944
f 1689 944 538
f 1689 538 1333
f 1689 1333 943
f 1689 943 942
f 1690 939 1334
f 1690 1334 538
f 1690 538 540
f 1690 540 939
f 1691 951 1409
f 1691 1409 617
f 1691 617 951
f 1692 1336 1406
f 1692 1406 1337
f 1692 1337 1336
f 1693 951 1338
f 1693 1338 554
f 1693 554 289
f 1693 289 1406
f 1693 1406 1409
f 1694 954 1340
f 1694 1340 559
f 1694 559 876
f 1694 876 954
f 1695 959 1345
f 1695 1349 960
f 1695 960 1344
f 1695 1344 120
f 1695 120 959
f 1696 963 1348
f 1696 1348 1349
f 1696 1349 1695
f 1696 1695 1345
f 1696 1345 1347
f 1696 1347 1350
f 1696 1350 963
f 1697 961 114
f 1697 114 1021
f 1698 1346 961
f 1698 961 1697
f 1698 1697 1021
f 1698 1021 1023
f 1698 1023 1351
f 1698 1351 1347
f 1698 1347 1346
f 1699 979 1359
f 1699 1359 1352
f 1699 1352 579
f 1700 1427 1022
f 1700 1022 597
f 1700 597 578
f 1701 40 155
f 1701 155 977
f 1702 1703 1392
f 1702 1704 1703
f 1705 1381 1370
f 1705 1370 1369
f 1705 1369 994
f 1705 994 1378
f 1705 1378 1382
f 1705 1382 1381
f 1706 1374 1369
f 1706 1369 1371
f 1707 990 988
f 1707 1377 990
f 1708 994 1375
f 1708 1379 994
f 1709 1704 1702
f 1709 1702 580
f 1710 1397 1367
f 1710 1367 1366
f 1710 1366 1709
f 1710 987 1397
f 1711 1371 1380
f 1711 1380 1381
f 1712 1383 651
f 1712 651 1491
f 1713 1711 1381
f 1713 1381 1382
f 1714 1371 1711
f 1714 1711 1713
f 1714 1502 1384
f 1715 1372 1374
f 1715 1384 1385
f 1715 1385 1373
f 1715 1373 1372
f 1716 1387 1389
f 1716 1389 997
f 1716 1717 335
f 1716 335 580
f 1718 580 1391
f 1718 1391 1386
f 1718 1386 1387
f 1718 1387 1716
f 1718 1716 580
f 1719 994 1393
f 1719 1393 1376
f 1719 1376 994
f 1720 1006 1004
f 1720 1004 1005
f 1720 1005 1395
f 1720 1395 993
f 1720 993 1006
f 1721 1703 1704
f 1722 1367 1398
f 1722 1398 986
f 1722 986 1723
f 1722 1368 1367
f 1724 581 1392
f 1724 1392 1703
f 1724 1703 1721
f 1724 986 581
f 1725 1726 1727
f 1725 335 1717
f 1728 335 1725
f 1728 1400 995
f 1728 995 335
f 1729 1007 335
f 1730 1731 551
f 1730 551 1000
f 1732 1002 996
f 1732 1733 1002
f 1734 1733 1732
f 1735 1402 619
f 1736 1009 1412
f 1737 1733 335
f 1737 1404 1002
f 1737 1002 1733
f 1738 336 1406
f 1738 1048 1050
f 1738 1050 336
f 1739 1740 1411
f 1739 1411 1412
f 1739 1414 1741
f 1742 1741 1414
f 1743 1413 1007
f 1743 1007 1008
f 1744 1411 1740
f 1744 1740 1745
f 1744 1745 1413
f 1744 1743 1008
f 1744 1008 1411
f 1746 1009 1415
f 1746 1415 1412
f 1746 1412 1009
f 1747 1412 1415
f 1747 1415 1416
f 1748 1113 662
f 1748 662 1417
f 1748 1417 588
f 1748 1749 1750
f 1751 1016 1752
f 1753 1016 1754
f 1753 588 1016
f 1755 1752 1016
f 1756 1103 1102
f 1756 1102 605
f 1756 605 1443
f 1756 1443 1038
f 1757 1351 1425
f 1757 1425 594
f 1757 594 1350
f 1757 1350 1351
f 1758 1428 1431
f 1758 1431 1429
f 1758 1429 138
f 1759 1429 1430
f 1759 1430 598
f 1759 598 1025
f 1759 1025 1429
f 1760 598 1430
f 1760 1430 1428
f 1760 1428 598
f 1761 1434 1433
f 1761 1433 1032
f 1761 1445 1434
f 1762 1437 1438
f 1762 1438 1035
f 1762 1035 1437
f 1763 1042 602
f 1764 1042 1763
f 1764 1447 1042
f 1765 1439 1438
f 1765 1438 1437
f 1766 1436 1440
f 1766 1440 1036
f 1767 1764 1763
f 1767 1444 1040
f 1768 1028 1444
f 1768 1036 600
f 1768 600 1031
f 1768 1031 1025
f 1768 1025 1027
f 1768 1027 1028
f 1769 607 1043
f 1769 1043 1449
f 1769 1449 1435
f 1770 1434 1445
f 1770 1445 607
f 1770 607 1769
f 1770 1769 1435
f 1770 1435 1434
f 1771 1433 1449
f 1771 1449 603
f 1771 603 1433
f 1772 1045 1450
f 1772 1450 604
f 1772 604 1451
f 1772 1451 1045
f 1773 307 1450
f 1773 1450 1045
f 1773 1045 307
f 1774 1047 573
f 1774 573 572
f 1774 572 610
f 1774 610 1452
f 1774 1452 611
f 1774 611 1047
f 1775 1453 1048
f 1775 1048 1589
f 1775 1589 1591
f 1776 1453 1775
f 1776 1775 1591
f 1776 1591 1220
f 1776 1220 1222
f 1776 1222 1454
f 1776 1454 1457
f 1777 1457 1456
f 1777 1456 1455
f 1777 1455 1050
f 1777 1050 1453
f 1777 1453 1776
f 1777 1776 1457
f 1778 647 1493
f 1778 1459 1458
f 1779 1780 1407
f 1779 1407 1781
f 1782 1780 1779
f 1782 1779 1781
f 1783 1463 1408
f 1783 1408 1460
f 1784 1408 1462
f 1784 1462 616
f 1784 616 1408
f 1785 1407 1465
f 1786 1785 1465
f 1786 1465 1054
f 1787 1054 1465
f 1787 1465 1010
f 1787 1464 1054
f 1788 1789 625
f 1788 625 1061
f 1790 1056 1225
f 1790 1225 125
f 1790 125 625
f 1790 625 1789
f 1790 1789 1055
f 1790 1055 1056
f 1791 128 1471
f 1791 1471 1473
f 1791 1473 1071
f 1791 1071 628
f 1791 628 128
f 1792 1198 1067
f 1792 1067 1069
f 1792 1069 1476
f 1792 1476 627
f 1792 627 1198
f 1793 130 1477
f 1793 1477 1794
f 1793 1794 708
f 1793 708 130
f 1795 1066 1063
f 1795 1794 1477
f 1795 1477 1069
f 1795 1069 1066
f 1796 1240 1565
f 1796 1565 772
f 1796 772 1797
f 1796 1797 1073
f 1798 1072 1068
f 1798 1068 1073
f 1799 420 1072
f 1799 1199 420
f 1800 1797 772
f 1800 772 453
f 1800 453 1199
f 1801 1802 637
f 1801 637 1124
f 1803 1483 646
f 1804 644 639
f 1804 639 1087
f 1804 1087 1484
f 1804 1484 646
f 1804 646 644
f 1805 1095 1498
f 1805 1498 1500
f 1806 1097 1807
f 1806 1807 351
f 1806 351 1094
f 1808 351 1807
f 1808 1807 1085
f 1808 1085 352
f 1808 352 351
f 1809 1483 1803
f 1809 1810 1811
f 1809 1485 645
f 1809 645 1483
f 1812 135 138
f 1812 138 641
f 1812 641 1086
f 1812 1086 1486
f 1812 1486 111
f 1812 111 135
f 1813 1089 1488
f 1813 1495 1493
f 1813 1493 1089
f 1814 1094 1093
f 1814 1093 1497
f 1814 1497 1096
f 1814 1096 1097
f 1814 1097 1806
f 1814 1806 1094
f 1815 1754 1751
f 1815 1751 1752
f 1815 1502 144
f 1816 1365 1364
f 1816 1364 1384
f 1816 1384 1502
f 1816 1502 1817
f 1816 1817 1365
f 1818 1503 1506
f 1818 1506 345
f 1818 345 1503
f 1819 1506 1504
f 1820 1513 1512
f 1820 1512 1113
f 1820 1113 1513
f 1821 1811 1810
f 1822 687 690
f 1822 688 687
f 1823 1521 688
f 1823 1480 1125
f 1823 1125 1521
f 1824 1479 1480
f 1824 1480 1823
f 1825 1525 8
f 1825 8 1138
f 1825 1138 1139
f 1826 1527 1525
f 1826 1525 1825
f 1826 1825 1139
f 1826 1139 758
f 1826 758 761
f 1826 761 1528
f 1826 1528 1527
f 1827 390 1526
f 1827 1526 1542
f 1827 1542 1535
f 1827 1535 390
f 1828 720 1161
f 1828 1161 21
f 1828 21 1140
f 1828 1140 1141
f 1828 1141 1144
f 1828 1144 1530
f 1828 1530 721
f 1828 721 720
f 1829 1535 1539
f 1829 1539 1536
f 1829 1536 1534
f 1829 1534 1535
f 1830 1159 719
f 1830 719 721
f 1830 721 1531
f 1831 717 1545
f 1831 1549 1158
f 1831 1158 717
f 1832 521 918
f 1832 918 1325
f 1832 1325 1155
f 1832 1155 1547
f 1832 1547 264
f 1832 264 520
f 1832 520 521
f 1833 1543 715
f 1833 715 1549
f 1834 173 736
f 1834 736 1552
f 1834 1552 1553
f 1834 1553 742
f 1834 742 741
f 1834 741 173
f 1835 898 507
f 1835 507 895
f 1835 895 1556
f 1835 1556 899
f 1835 899 898
f 1836 1837 1189
f 1838 896 1309
f 1838 1309 1839
f 1838 1839 1189
f 1838 1189 1837
f 1838 1840 731
f 1838 731 896
f 1841 855 1558
f 1841 1558 1279
f 1841 1279 855
f 1842 1278 1558
f 1842 1558 767
f 1842 767 1278
f 1843 766 1560
f 1843 1560 1564
f 1843 1564 1194
f 1843 1194 766
f 1844 855 1651
f 1844 1651 1560
f 1844 1560 766
f 1844 766 1559
f 1845 1191 416
f 1845 416 1562
f 1845 1562 1193
f 1845 1193 1282
f 1845 1653 1191
f 1846 428 1566
f 1846 778 428
f 1847 1566 1567
f 1847 1567 431
f 1847 1846 1566
f 1848 1201 1570
f 1848 1570 1205
f 1848 1205 1201
f 1849 204 1572
f 1850 1206 1574
f 1850 1573 1572
f 1851 1206 1852
f 1851 1852 1578
f 1851 1578 1206
f 1853 1852 1850
f 1853 1850 1572
f 1853 1572 1578
f 1853 1578 1852
f 1854 1578 1577
f 1854 1577 1206
f 1854 1206 1578
f 1855 1578 1575
f 1855 1575 1577
f 1855 1577 1578
f 1856 1205 1579
f 1856 1579 1204
f 1856 1204 1205
f 1857 1204 1579
f 1857 1579 1575
f 1857 1575 1204
f 1858 1211 1859
f 1860 1211 1858
f 1860 1859 435
f 1860 435 790
f 1861 1210 1582
f 1861 1211 1210
f 1862 1861 1582
f 1862 1582 1581
f 1863 1864 1865
f 1863 1865 788
f 1863 788 1584
f 1863 1584 1864
f 1866 1867 1868
f 1869 1870 1867
f 1869 1865 1864
f 1869 1864 1584
f 1871 1584 787
f 1872 787 1873
f 1872 1870 787
f 1874 1873 787
f 1874 787 1586
f 1875 1585 204
f 1875 204 779
f 1876 1873 1874
f 1876 1586 1587
f 1876 1587 779
f 1876 779 1867
f 1876 1867 1870
f 1877 1583 790
f 1877 790 1588
f 1877 1588 203
f 1877 203 1583
f 1878 478 65
f 1879 478 1878
f 1879 1269 478
f 1880 1269 1879
f 1880 1879 1878
f 1880 1595 843
f 1880 843 1269
f 1881 1596 1597
f 1881 1597 1228
f 1881 1228 1596
f 1882 65 1597
f 1883 1882 1597
f 1883 1597 1596
f 1883 1596 1595
f 1884 1227 1598
f 1884 1598 1228
f 1884 1228 1227
f 1885 1228 1598
f 1885 1598 1596
f 1885 1596 1228
f 1886 1887 848
f 1888 848 1600
f 1888 1600 1599
f 1889 1603 804
f 1890 1602 1604
f 1890 1604 806
f 1890 806 1603
f 1891 805 1609
f 1891 1609 1272
f 1891 1272 805
f 1892 1609 1231
f 1892 1231 1606
f 1892 1606 845
f 1892 845 844
f 1892 844 1272
f 1892 1272 1609
f 1893 1270 1607
f 1893 1607 846
f 1893 846 1270
f 1894 1607 1270
f 1894 1270 845
f 1895 1229 1608
f 1895 1608 1609
f 1895 1609 805
f 1895 805 1229
f 1896 1293 1610
f 1896 1232 1662
f 1896 1662 1293
f 1897 1234 1610
f 1897 1610 1236
f 1897 1236 1234
f 1898 1613 1241
f 1899 1244 1243
f 1899 1243 1614
f 1899 1614 1617
f 1899 1617 1616
f 1899 1616 1244
f 1900 1615 816
f 1900 816 1246
f 1901 468 485
f 1901 485 472
f 1901 472 466
f 1901 1619 823
f 1901 823 467
f 1901 467 468
f 1902 1626 1625
f 1902 1625 838
f 1902 1634 1626
f 1903 1627 1623
f 1904 1623 1625
f 1904 1625 473
f 1904 473 1623
f 1905 832 1628
f 1905 1623 832
f 1906 834 1632
f 1906 1632 1260
f 1906 1260 1633
f 1907 475 1632
f 1907 1632 1264
f 1907 1264 475
f 1908 1906 1633
f 1908 1633 1261
f 1908 1261 475
f 1908 475 1631
f 1909 1635 1634
f 1909 1634 838
f 1909 838 1635
f 1910 1635 1911
f 1910 1911 477
f 1910 477 1635
f 1912 477 1911
f 1912 1911 1262
f 1912 1262 477
f 1913 838 1262
f 1913 1262 1911
f 1913 1911 1635
f 1913 1635 838
f 1914 1638 1265
f 1914 476 477
f 1914 477 1267
f 1914 1267 1638
f 1915 840 1641
f 1915 1641 1262
f 1915 1262 840
f 1916 1262 1641
f 1916 1641 477
f 1916 477 1262
f 1917 1601 1274
f 1917 1274 1643
f 1917 1643 844
f 1917 844 1601
f 1918 848 1887
f 1918 1887 1644
f 1918 1644 1605
f 1918 1605 1645
f 1918 1645 1602
f 1918 1602 848
f 1919 807 1649
f 1919 1649 1646
f 1919 1646 807
f 1920 809 1612
f 1920 1236 1649
f 1920 810 809
f 1921 857 1652
f 1921 1652 1194
f 1921 1194 1564
f 1922 1290 873
f 1923 1660 1659
f 1923 1659 447
f 1923 1922 1660
f 1924 1232 1661
f 1924 1661 1662
f 1924 1662 1232
f 1925 1293 1661
f 1925 1661 447
f 1925 447 1292
f 1925 1292 1663
f 1926 1660 1922
f 1926 1922 873
f 1927 1293 1925
f 1927 1925 1663
f 1927 873 1293
f 1928 1665 1664
f 1928 1664 60
f 1928 60 1667
f 1928 1667 1665
f 1929 940 955
f 1929 955 1665
f 1929 1665 1667
f 1929 1667 1296
f 1929 1296 940
f 1930 955 876
f 1930 876 1668
f 1930 1668 1665
f 1930 1665 955
f 1931 874 1664
f 1931 1664 1669
f 1931 1669 868
f 1931 868 874
f 1932 1300 1671
f 1932 1298 1299
f 1933 1932 1671
f 1933 1671 839
f 1934 1299 1674
f 1934 1674 1300
f 1934 1300 1299
f 1935 831 1677
f 1936 1621 1676
f 1936 1676 831
f 1936 831 1621
f 1937 881 1935
f 1937 1935 1677
f 1937 1677 1676
f 1937 1676 884
f 1937 884 881
f 1938 496 1304
f 1938 1304 880
f 1938 880 1678
f 1938 1678 496
f 1939 1186 1189
f 1939 1189 1839
f 1939 1839 1309
f 1939 1309 1186
f 1940 1310 1941
f 1940 1941 1314
f 1940 1314 1682
f 1940 1682 1310
f 1942 507 1941
f 1942 1941 1310
f 1942 1310 507
f 1943 1312 1314
f 1943 1314 1941
f 1943 1941 507
f 1943 507 1312
f 1944 1317 1321
f 1944 1321 1685
f 1944 1685 1074
f 1944 1074 512
f 1944 512 906
f 1944 906 1317
f 1945 951 1693
f 1945 1693 1409
f 1945 1409 951
f 1946 299 966
f 1946 966 967
f 1946 967 979
f 1946 979 1699
f 1946 1699 568
f 1946 568 299
f 1947 568 1699
f 1947 1699 579
f 1947 579 1362
f 1947 1362 568
f 1948 1360 980
f 1948 980 981
f 1948 981 982
f 1949 1360 1948
f 1950 580 1702
f 1950 1702 1392
f 1950 1392 580
f 1951 1377 1707
f 1951 1375 1377
f 1952 987 1710
f 1952 1707 988
f 1952 988 987
f 1953 1721 1704
f 1953 1704 1709
f 1954 1490 1489
f 1954 1489 1090
f 1955 984 653
f 1955 653 1383
f 1955 1501 984
f 1956 1501 1955
f 1956 1955 1957
f 1956 1098 349
f 1956 349 1501
f 1958 1490 1954
f 1958 1383 1712
f 1958 1712 1491
f 1958 1491 1490
f 1959 1706 1371
f 1959 1371 1714
f 1959 1714 1374
f 1959 1374 1706
f 1960 580 1502
f 1960 1502 1714
f 1960 1714 1713
f 1960 1713 1382
f 1960 1382 1379
f 1960 1379 1708
f 1960 1708 1375
f 1961 1384 1715
f 1961 1715 1374
f 1961 1374 1714
f 1961 1714 1384
f 1962 1726 1717
f 1963 1399 1400
f 1963 1725 1727
f 1963 1727 1726
f 1963 997 1399
f 1964 1717 1716
f 1964 1962 1717
f 1965 1368 1722
f 1965 1722 1723
f 1966 1723 986
f 1966 986 1724
f 1966 1724 1721
f 1966 1721 1953
f 1967 1726 1725
f 1967 1725 1717
f 1967 1717 1726
f 1968 1728 1725
f 1968 1725 1963
f 1968 1963 1400
f 1969 1733 1734
f 1969 1734 1731
f 1969 1729 335
f 1969 335 1733
f 1970 1729 1730
f 1970 1730 1000
f 1971 551 1731
f 1971 1731 1734
f 1971 1734 1732
f 1971 1732 996
f 1971 996 551
f 1972 1010 1735
f 1972 1735 619
f 1972 619 1010
f 1973 1009 1736
f 1973 1402 1974
f 1975 1402 1973
f 1975 1973 1736
f 1975 1736 1412
f 1975 1412 1402
f 1976 1404 1737
f 1976 1737 335
f 1976 335 1404
f 1977 289 274
f 1977 274 534
f 1977 534 1048
f 1977 1048 1738
f 1977 1738 1406
f 1977 1406 289
f 1978 1974 1402
f 1978 1402 1735
f 1979 1414 1739
f 1979 1739 1416
f 1979 1416 1414
f 1980 1740 1742
f 1981 1413 1745
f 1981 1740 1980
f 1981 1980 1742
f 1981 1742 1414
f 1981 1414 1413
f 1982 1739 1741
f 1982 1741 1742
f 1982 1742 1740
f 1982 1740 1739
f 1983 1743 1744
f 1983 1744 1413
f 1983 1413 1743
f 1984 1739 1412
f 1984 1412 1747
f 1984 1747 1416
f 1984 1416 1739
f 1985 1749 1748
f 1985 1748 588
f 1985 588 1986
f 1987 1113 1748
f 1987 1513 1113
f 1988 1748 1750
f 1989 1016 1751
f 1989 1751 1754
f 1989 1754 1016
f 1990 1420 1755
f 1990 1755 1016
f 1990 1016 1420
f 1991 587 1992
f 1991 1420 587
f 1993 589 1365
f 1993 1365 1817
f 1994 1995 1421
f 1996 1993 1817
f 1996 1817 1502
f 1997 1037 1441
f 1997 1441 312
f 1997 312 311
f 1997 311 1424
f 1997 1424 1103
f 1997 1103 1756
f 1997 1756 1038
f 1997 1038 1037
f 1998 1428 1758
f 1998 1758 138
f 1998 138 1428
f 1999 1445 1761
f 1999 1761 1032
f 1999 1032 1445
f 2000 1767 1763
f 2000 602 1439
f 2001 1436 1766
f 2001 1766 1036
f 2001 1036 1768
f 2002 1764 1767
f 2002 1767 1040
f 2002 1040 1447
f 2002 1447 1764
f 2003 1765 1437
f 2003 1437 1436
f 2003 1436 2001
f 2003 2001 1768
f 2003 1768 1444
f 2003 1444 1767
f 2003 1439 1765
f 2004 647 1778
f 2004 1778 1458
f 2004 1458 1454
f 2005 1495 1494
f 2005 1494 1092
f 2005 1092 1459
f 2005 1459 1778
f 2005 1778 1493
f 2005 1493 1495
f 2006 1780 2007
f 2006 1407 1780
f 2008 1407 2006
f 2008 2006 2007
f 2008 2007 1460
f 2008 1460 1407
f 2009 1051 1783
f 2009 1783 1460
f 2009 2010 1051
f 2011 1463 1783
f 2011 1462 1463
f 2012 2011 1783
f 2012 1783 1051
f 2013 618 1781
f 2014 1785 1786
f 2015 1464 1787
f 2015 1787 1010
f 2015 1010 1464
f 2016 1058 1057
f 2016 1788 1061
f 2016 1061 1058
f 2017 1055 1789
f 2017 1789 1788
f 2017 1788 2016
f 2017 2016 620
f 2017 620 1055
f 2018 752 1190
f 2018 1190 1137
f 2018 1137 1135
f 2019 1474 753
f 2019 1795 1063
f 2019 1063 1474
f 2020 1794 1795
f 2020 1795 2019
f 2020 2019 753
f 2020 753 752
f 2020 752 2018
f 2021 1198 1796
f 2021 1796 1073
f 2021 1073 1067
f 2021 1067 1198
f 2022 1197 14
f 2022 14 1240
f 2022 1240 1796
f 2022 1796 1198
f 2022 1198 1197
f 2023 1799 1072
f 2023 1072 1798
f 2023 1798 1073
f 2023 1073 1797
f 2023 1797 1800
f 2023 1800 1199
f 2023 1199 1799
f 2024 1801 1124
f 2024 1821 1810
f 2025 1500 1499
f 2025 646 1484
f 2026 1802 1803
f 2026 1499 637
f 2026 637 1802
f 2027 1085 1807
f 2027 1807 1805
f 2027 1805 1500
f 2028 1097 1095
f 2028 1095 1805
f 2028 1805 1807
f 2028 1807 1097
f 2029 1086 1485
f 2029 1485 1809
f 2029 1809 1811
f 2029 1811 690
f 2029 690 1086
f 2030 1495 1813
f 2030 1813 1488
f 2030 1488 1491
f 2030 1491 1495
f 2031 1815 144
f 2031 144 1513
f 2031 1748 1988
f 2031 1988 1750
f 2032 1995 1994
f 2032 1994 2033
f 2034 1819 1505
f 2034 1505 1100
f 2035 1505 1819
f 2035 1819 1504
f 2035 1504 1505
f 2036 1512 2037
f 2036 1515 1111
f 2036 1111 1113
f 2038 1515 2039
f 2038 2039 2036
f 2038 2036 2037
f 2038 2037 1512
f 2038 1512 1511
f 2038 1511 1112
f 2040 1986 588
f 2040 588 1753
f 2041 1822 1821
f 2042 1811 1821
f 2042 1821 1822
f 2042 1822 690
f 2042 690 1811
f 2043 1822 2041
f 2043 2041 2044
f 2043 1823 688
f 2043 688 1822
f 2045 1079 1479
f 2045 1479 1824
f 2045 1082 1079
f 2046 1824 1823
f 2046 1823 2043
f 2046 2043 2044
f 2047 46 2048
f 2047 1124 46
f 2049 2045 1824
f 2049 1824 2046
f 2049 2046 2048
f 2049 2048 46
f 2050 1545 1156
f 2050 1156 1160
f 2050 1160 1159
f 2050 1159 1830
f 2051 745 731
f 2051 731 1840
f 2051 1840 1838
f 2051 1838 1837
f 2051 1837 1836
f 2051 1836 1189
f 2051 1189 751
f 2051 751 745
f 2052 855 1844
f 2052 1844 1559
f 2052 1559 1558
f 2052 1558 855
f 2053 1653 1845
f 2053 1845 1282
f 2053 1282 1653
f 2054 1846 1847
f 2054 778 1846
f 2055 778 2054
f 2055 2054 1847
f 2055 1847 431
f 2055 431 778
f 2056 204 1849
f 2056 779 204
f 2057 1849 1572
f 2058 1206 1850
f 2058 1850 1852
f 2058 1852 1206
f 2059 1573 1850
f 2059 1850 1574
f 2059 1574 1573
f 2060 1211 1860
f 2060 1860 1212
f 2060 1212 1211
f 2061 1212 1860
f 2061 1860 790
f 2061 1583 1212
f 2062 1859 1860
f 2062 1860 1858
f 2062 1858 1859
f 2063 1211 1861
f 2063 1861 1859
f 2063 1859 1211
f 2064 1861 1862
f 2064 1859 1861
f 2065 1859 2064
f 2065 2064 1862
f 2065 1862 1867
f 2065 1867 779
f 2065 779 435
f 2065 435 1859
f 2066 1867 1862
f 2066 1862 1581
f 2067 1581 788
f 2068 1581 2067
f 2068 2067 1868
f 2068 1868 1867
f 2068 2066 1581
f 2069 2070 788
f 2069 788 1865
f 2071 2070 2069
f 2071 2069 1865
f 2072 2070 1866
f 2072 1866 1868
f 2073 2071 1865
f 2073 1865 1869
f 2074 1584 1871
f 2074 1870 1869
f 2075 2074 1871
f 2075 1871 787
f 2076 1585 1875
f 2076 1875 779
f 2076 779 1587
f 2077 1586 1876
f 2077 1876 1874
f 2077 1874 1586
f 2078 1873 1876
f 2078 1876 1870
f 2078 1870 1872
f 2078 1872 1873
f 2079 1595 1880
f 2079 1880 1878
f 2079 1878 1595
f 2080 1878 65
f 2080 65 1882
f 2080 1882 1595
f 2080 1595 1878
f 2081 1882 1883
f 2081 1883 1595
f 2081 1595 1882
f 2082 1886 848
f 2082 1888 1599
f 2083 1887 1886
f 2083 1644 1887
f 2084 806 2083
f 2084 2083 1886
f 2084 1599 806
f 2085 1603 1889
f 2085 1601 1602
f 2086 2085 1889
f 2086 1889 804
f 2087 1602 1890
f 2087 1890 1603
f 2087 1603 1602
f 2088 1229 1607
f 2088 1607 1894
f 2088 1894 845
f 2088 845 1229
f 2089 1232 1896
f 2089 1896 1610
f 2089 1610 1232
f 2090 1898 1241
f 2090 1241 217
f 2090 217 1245
f 2091 1614 813
f 2091 813 452
f 2091 452 1613
f 2091 1613 1898
f 2091 1898 1617
f 2091 1617 1614
f 2092 1249 1619
f 2092 1619 1901
f 2092 1901 466
f 2092 466 1249
f 2093 1634 1902
f 2093 1902 838
f 2093 838 1634
f 2094 1627 1903
f 2094 1903 1625
f 2094 1625 1627
f 2095 839 838
f 2095 838 1625
f 2095 1625 1903
f 2095 1905 1628
f 2096 1623 1905
f 2096 2095 1903
f 2096 1903 1623
f 2097 1908 1631
f 2097 1631 834
f 2098 1639 1914
f 2098 1914 1265
f 2098 1265 1639
f 2099 476 1914
f 2099 1914 1639
f 2099 1639 476
f 2100 810 1920
f 2100 1920 1649
f 2100 1649 810
f 2101 1236 1920
f 2101 1920 1612
f 2101 1612 1236
f 2102 857 1921
f 2102 1921 1564
f 2102 1564 1561
f 2103 1290 1922
f 2103 1922 1923
f 2103 1923 447
f 2103 447 1290
f 2104 873 1927
f 2104 1927 1663
f 2104 1663 1291
f 2104 1291 1660
f 2105 1300 1932
f 2105 1932 1299
f 2105 1299 1300
f 2106 1298 1933
f 2106 1933 839
f 2106 839 1298
f 2107 1932 1933
f 2107 1933 1298
f 2107 1298 1932
f 2108 831 1935
f 2108 1935 1675
f 2108 1675 831
f 2109 1675 1935
f 2109 1935 881
f 2109 881 1675
f 2110 578 976
f 2110 976 1360
f 2110 1360 1949
f 2110 1949 1700
f 2110 1700 578
f 2111 982 40
f 2111 40 1701
f 2111 1701 977
f 2111 977 1427
f 2111 1427 1700
f 2111 1700 1949
f 2111 1949 1948
f 2111 1948 982
f 2112 1366 1368
f 2112 1368 1965
f 2112 1953 1709
f 2112 1709 1366
f 2113 1090 655
f 2113 655 1098
f 2114 1955 1383
f 2114 1383 1958
f 2114 1958 1957
f 2114 1957 1955
f 2115 1952 1710
f 2115 1710 1709
f 2115 1709 580
f 2115 580 1960
f 2115 1960 1375
f 2115 1375 1951
f 2115 1951 1707
f 2115 1707 1952
f 2116 1726 1962
f 2116 1962 1964
f 2116 1964 997
f 2116 997 1963
f 2116 1963 1726
f 2117 997 1964
f 2117 1964 1716
f 2117 1716 997
f 2118 1723 1966
f 2119 1728 1968
f 2119 1968 1400
f 2119 1400 1728
f 2120 1007 1729
f 2121 1729 1969
f 2121 1969 1731
f 2121 1731 1730
f 2122 2123 2120
f 2122 1729 1970
f 2122 1970 1000
f 2124 1009 1973
f 2124 1973 1974
f 2124 1974 1410
f 2124 1410 1009
f 2125 1978 1735
f 2125 1735 1010
f 2126 1740 1981
f 2126 1981 1745
f 2126 1745 1740
f 2127 1985 1986
f 2128 1749 1985
f 2128 1985 2127
f 2128 1750 1749
f 2129 1421 1995
f 2129 587 1421
f 2130 1420 1991
f 2130 1755 1420
f 2131 2032 1502
f 2131 1502 1815
f 2131 1991 1992
f 2131 1992 2129
f 2132 2033 1994
f 2132 1994 1421
f 2132 1421 2033
f 2133 1993 1996
f 2133 1996 2033
f 2133 2033 1421
f 2133 1421 589
f 2133 589 1993
f 2134 602 2000
f 2134 2000 1763
f 2134 1763 602
f 2135 1767 2000
f 2135 2000 1439
f 2135 1439 2003
f 2135 2003 1767
f 2136 1221 1487
f 2136 1487 647
f 2136 647 2004
f 2136 2004 1454
f 2136 1454 1221
f 2137 2010 1460
f 2137 1460 2007
f 2138 2010 2009
f 2138 2009 1460
f 2138 1460 2010
f 2139 2011 2012
f 2139 2012 1051
f 2139 1051 1462
f 2139 1462 2011
f 2140 1407 1785
f 2140 2013 1781
f 2140 1781 1407
f 2141 618 2013
f 2141 2013 2140
f 2141 2140 1785
f 2141 1785 2014
f 2142 618 2141
f 2142 2141 2014
f 2142 2014 1786
f 2142 1786 1054
f 2142 1054 618
f 2143 1467 620
f 2143 620 2016
f 2143 2016 1057
f 2143 1057 621
f 2143 621 1467
f 2144 1524 708
f 2144 708 1794
f 2144 1794 2020
f 2144 2020 2018
f 2144 2018 1135
f 2144 1135 1524
f 2145 1810 1809
f 2145 1809 1803
f 2146 2025 1499
f 2146 1499 2026
f 2146 2026 1803
f 2146 1803 646
f 2146 646 2025
f 2147 2025 1484
f 2147 1484 1088
f 2147 1088 1085
f 2147 1085 2027
f 2147 2027 1500
f 2147 1500 2025
f 2148 1987 1748
f 2148 1748 2031
f 2148 2031 1513
f 2148 1513 1987
f 2149 1996 1502
f 2149 1502 2032
f 2149 2032 2033
f 2149 2033 1996
f 2150 345 1506
f 2150 1506 1819
f 2150 1819 2034
f 2150 2034 1100
f 2150 1100 344
f 2150 344 345
f 2151 1512 2036
f 2151 2036 1113
f 2151 1113 1512
f 2152 2036 2039
f 2152 2039 1515
f 2152 1515 2036
f 2153 1515 2038
f 2153 2038 1112
f 2153 1112 1515
f 2154 1754 1815
f 2154 1753 1754
f 2155 2047 2048
f 2155 2048 2046
f 2155 2046 2044
f 2155 2044 2041
f 2156 1124 2047
f 2156 2047 2155
f 2156 2155 2041
f 2156 2041 1821
f 2157 2045 2049
f 2157 2049 46
f 2157 46 1080
f 2157 1080 1082
f 2157 1082 2045
f 2158 1531 1543
f 2158 1543 1833
f 2158 1833 1549
f 2158 1549 1831
f 2158 1831 1545
f 2158 1545 2050
f 2158 2050 1830
f 2158 1830 1531
f 2159 779 2056
f 2159 2056 1849
f 2160 1574 2057
f 2160 2057 1572
f 2160 1572 1574
f 2161 1849 2057
f 2161 2057 1574
f 2161 1574 1206
f 2161 1206 779
f 2162 790 1583
f 2162 1583 2061
f 2162 2061 790
f 2163 1868 2067
f 2163 2067 788
f 2163 2070 2072
f 2163 2072 1868
f 2164 2066 2068
f 2164 2068 1867
f 2164 1867 2066
f 2165 2071 2073
f 2165 2073 1869
f 2165 1869 1867
f 2165 1867 1866
f 2165 1866 2070
f 2165 2070 2071
f 2166 1584 2074
f 2166 2074 1869
f 2166 1869 1584
f 2167 1870 2075
f 2167 2075 787
f 2167 787 1870
f 2168 2074 2075
f 2168 2075 1870
f 2168 1870 2074
f 2169 1585 2076
f 2169 2076 1587
f 2169 1587 1585
f 2170 1886 2082
f 2170 2082 1599
f 2170 1599 2084
f 2170 2084 1886
f 2171 1888 2082
f 2171 2082 848
f 2171 848 1888
f 2172 1644 2083
f 2172 2083 806
f 2172 806 1644
f 2173 1603 2085
f 2173 2085 1602
f 2173 1602 1603
f 2174 1601 2086
f 2174 2086 804
f 2174 804 1601
f 2175 2085 2086
f 2175 2086 1601
f 2175 1601 2085
f 2176 1898 2090
f 2176 2090 1245
f 2176 1245 1615
f 2177 1255 1624
f 2177 1624 839
f 2177 839 2095
f 2177 2095 1628
f 2177 1628 1255
f 2178 2095 2096
f 2178 2096 1905
f 2178 1905 2095
f 2179 1906 1908
f 2179 1908 2097
f 2179 2097 834
f 2179 834 1906
f 2180 857 2102
f 2180 2102 1561
f 2180 1561 1280
f 2180 1280 857
f 2181 1926 873
f 2181 873 2104
f 2181 2104 1660
f 2181 1660 1926
f 2182 1958 1954
f 2182 1954 1090
f 2182 1090 2113
f 2182 1957 1958
f 2183 1956 1957
f 2183 1957 2182
f 2183 2182 2113
f 2183 2113 1098
f 2183 1098 1956
f 2184 2112 1965
f 2184 1965 1723
f 2184 1723 2118
f 2184 1953 2112
f 2185 1953 2184
f 2185 2184 2118
f 2185 1966 1953
f 2186 1007 2120
f 2186 2120 2123
f 2186 1000 1007
f 2187 1729 2121
f 2187 2121 1730
f 2187 1730 1729
f 2188 2122 1000
f 2188 1000 2186
f 2188 2186 2123
f 2189 1729 2122
f 2189 2122 2120
f 2189 2120 1729
f 2190 1410 1974
f 2190 1974 1978
f 2190 1978 2125
f 2190 2125 1010
f 2190 1010 1410
f 2191 1815 2031
f 2191 2127 1986
f 2191 1986 2040
f 2192 1750 2128
f 2192 2128 2127
f 2192 2127 2191
f 2192 2191 2031
f 2192 2031 1750
f 2193 587 2129
f 2193 2129 1992
f 2193 1992 587
f 2194 1752 1755
f 2194 1755 2130
f 2194 1991 2131
f 2194 2131 1815
f 2194 1815 1752
f 2195 2032 2131
f 2195 2131 2129
f 2195 2129 1995
f 2195 1995 2032
f 2196 2010 2137
f 2196 2137 2007
f 2196 2007 1780
f 2196 1780 1782
f 2196 1782 1781
f 2196 1781 618
f 2196 618 1051
f 2196 1051 2010
f 2197 1802 1801
f 2197 1801 2024
f 2197 2024 1810
f 2197 1810 2145
f 2197 2145 1803
f 2197 1803 1802
f 2198 1753 2154
f 2198 2040 1753
f 2199 1124 2156
f 2199 2156 1821
f 2199 1821 2024
f 2199 2024 1124
f 2200 2159 1849
f 2200 1849 2161
f 2200 2161 779
f 2200 779 2159
f 2201 2070 2163
f 2201 2163 788
f 2201 788 2070
f 2202 1900 1246
f 2202 1246 1617
f 2202 1617 1898
f 2202 1898 2176
f 2202 2176 1615
f 2202 1615 1900
f 2203 1966 2185
f 2203 2185 2118
f 2203 2118 1966
f 2204 2122 2188
f 2204 2188 2123
f 2204 2123 2122
f 2205 1815 2191
f 2205 2191 2040
f 2205 2198 2154
f 2205 2154 1815
f 2206 1991 2194
f 2206 2194 2130
f 2206 2130 1991
f 2207 2198 2205
f 2207 2205 2040
f 2207 2040 2198
