# Normalized convex hull collision mesh - generated by scripts/generate-collision-meshes.mjs (units: meters)
v -0.038916 -0.005053 0.012500
v 0.032488 0.009491 0.012500
v -0.042052 -0.000648 0.012500
v -0.035137 0.009139 0.012500
v 0.033782 -0.009403 0.012500
v -0.032573 0.009491 0.012500
v 0.032488 0.009524 0.012497
v 0.032488 0.009554 0.012486
v -0.032573 0.009554 0.012486
v 0.038831 0.005053 0.012500
v -0.041009 -0.004367 0.012500
v -0.040335 -0.005473 0.012500
v 0.040250 -0.005473 0.012500
v -0.032574 0.009636 0.012391
v 0.032488 0.009624 0.012421
v 0.032488 0.009636 0.012391
v -0.032574 0.010218 0.010197
v -0.033867 0.009403 0.012500
v -0.033876 0.009465 0.012486
v -0.032573 0.009524 0.012497
v 0.032488 0.009582 0.012470
v -0.039835 -0.010075 -0.004586
v -0.040975 -0.009148 -0.004586
v -0.035877 -0.012057 -0.008154
v -0.035877 -0.011663 -0.009197
v 0.037425 -0.008110 0.012500
v -0.040335 0.005474 0.012500
v -0.032573 0.009606 0.012447
v 0.032488 0.009606 0.012447
v -0.033885 0.009534 0.012421
v -0.033879 0.009493 0.012470
v 0.037058 0.006697 0.012500
v 0.041967 0.000648 0.012500
v 0.042714 0.000211 0.010197
v 0.042111 -0.000658 0.012391
v 0.042962 -0.000683 0.009094
v 0.027939 -0.012496 0.003381
v 0.034302 -0.010415 0.008725
v 0.033849 -0.010127 0.010197
v 0.033390 -0.010178 0.010197
v -0.040404 -0.009515 -0.002939
v 0.033802 0.009546 0.012391
v 0.037500 0.008233 0.012391
v 0.036331 0.008838 0.012391
v 0.036319 0.008810 0.012447
v -0.043578 -0.002097 0.005764
v -0.043754 -0.000703 0.005764
v -0.044147 -0.001653 0.002880
v -0.043856 -0.003062 0.002880
v -0.043395 -0.004423 0.002880
v -0.043228 -0.003459 0.005764
v -0.041997 -0.008093 -0.004586
v -0.041468 -0.008530 -0.002939
v -0.041793 -0.008209 -0.003238
v -0.044270 -0.002158 0.001431
v -0.044582 -0.001188 -0.000023
v -0.044352 -0.002624 -0.000023
v -0.043872 -0.004932 -0.002939
v -0.044225 -0.004315 -0.004586
v -0.043634 -0.005660 -0.004586
v -0.043497 -0.005755 -0.003238
v -0.044373 -0.003572 -0.002939
v -0.043951 -0.004018 -0.000023
v -0.044654 -0.002911 -0.004586
v -0.044711 -0.002163 -0.002939
v -0.041795 -0.007777 -0.000023
v -0.040793 -0.008827 -0.000023
v -0.043385 -0.005355 -0.000023
v -0.043214 -0.006223 -0.002939
v -0.042887 -0.006925 -0.004586
v -0.042720 -0.007034 -0.003238
v 0.032488 -0.009636 0.012391
v -0.032574 -0.009636 0.012391
v 0.026983 -0.012496 0.003606
v 0.036273 -0.008706 0.012500
v 0.038504 -0.007388 0.012497
v 0.037441 -0.008137 0.012497
v 0.039515 -0.006556 0.012447
v 0.038575 -0.007475 0.012391
v 0.039537 -0.006577 0.012391
v -0.038593 0.010861 -0.004586
v -0.039231 0.010368 -0.002939
v -0.038264 0.010950 -0.003238
v -0.035877 0.006173 -0.012500
v 0.034551 -0.006690 -0.012500
v -0.035877 -0.006173 -0.012500
v -0.045000 0.000000 -0.004586
v 0.040405 -0.006470 0.010197
v 0.040368 -0.005557 0.012391
v 0.039476 -0.007462 0.010197
v 0.042098 -0.006487 0.003491
v 0.042839 -0.005226 0.003491
v 0.041947 -0.005997 0.005764
v 0.043692 -0.005473 -0.005698
v 0.044110 -0.004440 -0.004930
v 0.043732 -0.005129 -0.003393
v 0.041072 -0.001586 -0.012329
v 0.041183 -0.000782 -0.012329
v 0.041519 -0.001668 -0.012180
v -0.032573 0.009582 0.012470
v -0.032573 0.009624 0.012421
v 0.033899 0.011408 0.004061
v 0.032488 0.011758 0.002348
v 0.032488 0.011192 0.005764
v -0.033921 0.010890 0.006877
v -0.033940 0.010963 0.006506
v -0.035360 0.010840 0.005764
v -0.033475 0.010178 0.010197
v 0.038006 0.005941 0.012500
v 0.041440 -0.003178 0.012500
v 0.042111 0.000658 0.012391
v 0.042080 0.000656 0.012447
v 0.043500 -0.002982 0.004629
v 0.043814 -0.002494 0.003491
v 0.043493 -0.002097 0.005764
v 0.028941 -0.012496 0.002327
v 0.033679 -0.012291 -0.003393
v 0.033554 -0.012263 -0.002817
v 0.042150 -0.007700 -0.003393
v 0.042200 -0.007339 -0.001090
v 0.041738 -0.007912 -0.001090
v 0.042191 -0.006922 0.001205
v -0.032573 -0.012451 -0.008304
v -0.030562 -0.012500 -0.008004
v -0.032574 -0.012500 -0.008004
v -0.032574 -0.012080 -0.009284
v -0.000043 -0.012451 -0.008304
v -0.033623 -0.012180 -0.008943
v -0.034375 -0.012320 -0.008304
v -0.034690 -0.012041 -0.008944
v -0.033478 -0.012418 -0.008304
v 0.033353 -0.009586 -0.011973
v 0.032488 -0.009516 -0.012030
v 0.033313 -0.009141 -0.012175
v 0.034712 -0.011995 -0.009006
v 0.033587 -0.012150 -0.009006
v 0.033570 -0.011960 -0.009439
v 0.034677 -0.011808 -0.009440
v 0.041212 0.006271 0.007987
v 0.041120 0.007134 0.005764
v 0.040825 0.006370 0.009094
v 0.042425 0.003376 0.009094
v 0.041829 0.004162 0.010197
v 0.041576 0.003227 0.012391
v 0.044590 0.002980 -0.008304
v 0.044187 0.004433 -0.008004
v 0.044636 0.002991 -0.008004
v 0.043788 -0.001576 0.004629
v 0.038410 0.010630 -0.001090
v 0.038949 0.010393 -0.001857
v 0.038649 0.010610 -0.002241
v 0.030937 0.011867 0.001548
v 0.030937 0.012115 -0.000581
v -0.031022 0.011867 0.001548
v 0.036273 0.008706 0.012500
v 0.033786 0.009435 0.012497
v 0.033794 0.009493 0.012470
v 0.033798 0.009516 0.012447
v 0.035090 0.009278 0.012391
v 0.037484 0.008207 0.012447
v 0.040924 0.004367 0.012500
v 0.041052 0.004433 0.012391
v 0.039920 0.007404 0.009094
v 0.040330 0.007343 0.007987
v 0.040157 0.008159 0.005764
v -0.043047 -0.000683 0.009094
v -0.042196 -0.000658 0.012391
v -0.042799 -0.000211 0.010197
v -0.044582 0.001188 -0.000023
v -0.044638 -0.000249 -0.000023
v -0.044446 0.000719 0.001431
v -0.041525 0.003178 0.012500
v -0.042710 -0.004765 0.005764
v -0.043261 -0.001133 0.007987
v -0.042984 -0.001335 0.009094
v -0.043921 -0.003559 0.001431
v -0.043693 -0.004217 0.001431
v -0.040731 -0.009263 -0.003238
v -0.035877 -0.011219 -0.010019
v -0.035877 -0.009067 -0.011963
v -0.044383 -0.001410 0.001431
v -0.044114 -0.004392 -0.003238
v -0.044882 -0.000724 -0.002939
v -0.044562 -0.002964 -0.003238
v -0.042663 -0.006614 -0.000023
v -0.042729 -0.006186 0.001431
v -0.043405 -0.004909 0.001431
v -0.041067 -0.008027 0.002880
v -0.040242 -0.008159 0.005764
v -0.041205 -0.007134 0.005764
v -0.041989 -0.006924 0.002880
v -0.040415 -0.007343 0.007987
v -0.040456 -0.006923 0.009094
v 0.033786 -0.009435 0.012497
v 0.033790 -0.009465 0.012486
v 0.035060 -0.009170 0.012497
v -0.032573 -0.009491 0.012500
v 0.032488 -0.009554 0.012486
v 0.027474 -0.012496 0.003549
v -0.043024 -0.002505 0.007987
v -0.041875 -0.001931 0.012500
v -0.041937 -0.001944 0.012486
v 0.035051 -0.009139 0.012500
v 0.039431 -0.006478 0.012500
v -0.044913 0.001466 -0.004586
v -0.044711 0.002163 -0.002939
v -0.044654 0.002911 -0.004586
v -0.035877 0.007722 -0.012401
v -0.043214 0.006223 -0.002939
v -0.043385 0.005355 -0.000023
v -0.042663 0.006614 -0.000023
v -0.039835 0.010075 -0.004586
v -0.035877 0.012057 -0.008154
v -0.040975 0.009148 -0.004586
v -0.040404 0.009515 -0.002939
v -0.031022 0.012115 -0.000581
v -0.032574 0.012165 -0.001090
v -0.037268 0.011495 -0.004586
v -0.009040 0.012300 -0.008744
v -0.032704 0.012225 -0.008943
v -0.031446 0.012359 -0.008578
v 0.040343 -0.005539 0.012447
v 0.040324 -0.005526 0.012470
v 0.041209 -0.005834 0.009094
v 0.041212 -0.006271 0.007987
v 0.041949 -0.005094 0.007987
v 0.041194 -0.005363 0.010197
v 0.041588 -0.005225 0.009094
v 0.041898 -0.004645 0.009094
v 0.039920 -0.007404 0.009094
v 0.040157 -0.008159 0.005764
v 0.040330 -0.007343 0.007987
v 0.039476 -0.009010 0.004629
v 0.040091 -0.008750 0.003491
v 0.042984 -0.006793 -0.007236
v 0.042785 -0.007101 -0.008004
v 0.043567 -0.005809 -0.008004
v 0.044187 -0.004432 -0.008004
v 0.044142 -0.004415 -0.008304
v 0.044590 -0.002980 -0.008304
v 0.043482 -0.005820 -0.004930
v 0.044381 -0.003398 -0.008582
v 0.044649 -0.001093 -0.009012
v 0.044307 -0.002182 -0.009446
v 0.044459 -0.001076 -0.009446
v 0.044652 -0.002246 -0.008582
v 0.044861 -0.001501 -0.008304
v 0.044719 -0.002607 -0.007236
v 0.044685 -0.002602 -0.005698
v 0.044415 -0.003713 -0.006467
v 0.040729 -0.000741 -0.012427
v -0.036401 0.010775 0.004426
v -0.036698 0.010406 0.005764
v -0.036242 0.010947 0.003756
v -0.036469 0.011101 0.002309
v 0.029963 0.011737 0.002498
v -0.032574 0.010737 0.007987
v 0.032488 0.010737 0.007987
v 0.033898 0.011311 0.004629
v -0.034387 0.010415 0.008725
v -0.035020 0.009922 0.010197
v -0.034638 0.009913 0.010564
v -0.033934 0.010127 0.010197
v -0.033897 0.009847 0.011296
v 0.041967 -0.000648 0.012500
v 0.042080 -0.000655 0.012447
v 0.041790 0.001931 0.012500
v 0.043517 -0.004104 0.002350
v 0.043413 -0.003890 0.003491
v 0.042974 -0.005669 0.001205
v 0.042162 -0.006790 0.001969
v 0.042939 -0.002505 0.007987
v 0.042625 -0.004765 0.005764
v 0.042528 -0.003831 0.007987
v 0.043143 -0.003459 0.005764
v 0.042596 -0.001559 0.010197
v 0.042898 -0.001335 0.009094
v 0.043176 -0.001133 0.007987
v 0.043669 -0.000703 0.005764
v 0.034582 -0.011303 0.004061
v 0.034818 -0.011158 0.004629
v 0.033892 -0.011104 0.005764
v 0.034630 -0.011561 0.002350
v 0.035316 -0.011414 0.002350
v 0.034786 -0.012049 -0.002241
v 0.034665 -0.012221 -0.004545
v 0.033854 -0.010963 0.006506
v 0.028352 -0.012496 0.003111
v 0.034773 -0.011829 0.000059
v 0.030477 -0.012500 -0.008004
v 0.032488 -0.012500 -0.008004
v 0.030255 -0.012500 -0.005687
v 0.032488 -0.012451 -0.008304
v 0.042302 -0.007724 -0.006467
v 0.042942 -0.006795 -0.005698
v 0.043020 -0.006463 -0.003393
v 0.042642 -0.006716 -0.001090
v 0.043029 -0.006090 -0.001090
v 0.038698 -0.009786 0.003491
v 0.039203 -0.009798 0.001492
v 0.040191 -0.009092 0.001205
v 0.040113 -0.009485 -0.001090
v 0.040694 -0.008988 -0.001090
v 0.035363 -0.012076 -0.004545
v 0.033928 -0.012329 -0.004545
v 0.033962 -0.012389 -0.006275
v 0.028910 -0.012500 0.002314
v 0.034676 -0.012283 -0.006275
v 0.034945 -0.012245 -0.006852
v 0.035887 -0.011988 -0.005698
v 0.036049 -0.011892 -0.004545
v 0.035483 -0.012137 -0.008004
v 0.036925 -0.011688 -0.008004
v 0.033996 -0.012409 -0.008004
v 0.035720 -0.011465 0.001205
v 0.035990 -0.011225 0.002350
v 0.037811 -0.011116 -0.003009
v 0.037242 -0.011200 -0.001090
v 0.036322 -0.011698 -0.002817
v 0.037672 -0.011281 -0.004545
v 0.038090 -0.011046 -0.003969
v -0.033524 -0.012464 -0.008004
v -0.034375 -0.012370 -0.008154
v -0.027068 -0.012500 0.003572
v -0.027551 -0.012500 0.003516
v -0.027559 -0.012496 0.003549
v -0.034714 -0.012269 -0.008295
v -0.033630 -0.012338 -0.008509
v -0.034653 -0.011629 -0.009818
v 0.032488 0.008609 -0.012356
v 0.010313 0.008937 -0.012264
v 0.029576 0.009180 -0.012178
v 0.033532 -0.006922 -0.012500
v 0.033829 -0.007248 -0.012496
v 0.033150 -0.007341 -0.012496
v 0.032488 -0.007000 -0.012499
v 0.035797 -0.011545 -0.009441
v 0.036985 -0.011342 -0.009008
v 0.035850 -0.011728 -0.009007
v 0.034586 -0.011319 -0.010293
v 0.033496 -0.011156 -0.010696
v 0.034529 -0.011014 -0.010696
v 0.034465 -0.010671 -0.011074
v 0.032489 -0.012078 -0.009290
v 0.032489 -0.011575 -0.010201
v 0.033549 -0.011733 -0.009870
v 0.039568 0.010247 -0.008304
v 0.039596 0.010287 -0.008004
v 0.040753 0.009320 -0.008304
v 0.040785 0.009356 -0.008004
v 0.039446 0.008981 -0.010505
v 0.039608 0.008290 -0.011005
v 0.038786 0.009114 -0.010843
v 0.038223 0.009805 -0.010505
v 0.039146 0.009784 -0.009785
v 0.038453 0.009154 -0.011005
v 0.037414 0.009196 -0.011450
v 0.037193 0.009859 -0.011005
v 0.037960 0.008883 -0.011450
v 0.035112 0.009075 -0.012062
v 0.036499 0.008418 -0.012117
v 0.035186 0.008554 -0.012252
v 0.035868 0.010352 -0.011039
v 0.034887 0.010073 -0.011508
v 0.034385 0.010762 -0.010998
v 0.039476 0.006742 -0.011932
v 0.039389 0.007094 -0.011825
v 0.040332 0.006037 -0.011825
v 0.039599 0.006039 -0.012118
v 0.040123 0.007115 -0.011450
v 0.040680 0.006467 -0.011451
v 0.037555 0.008499 -0.011825
v 0.039203 0.009798 0.001492
v 0.040191 0.009092 0.001205
v 0.040113 0.009485 -0.001090
v 0.044507 0.000003 -0.009446
v 0.044698 0.000003 -0.009012
v 0.044861 0.001501 -0.008304
v 0.044909 0.001507 -0.008004
v 0.043391 0.005418 -0.001090
v 0.042974 0.005669 0.001205
v 0.043596 0.004328 0.001205
v 0.043732 0.005129 -0.003393
v 0.043020 0.006463 -0.003393
v 0.044110 0.004440 -0.004930
v 0.044275 0.003718 -0.003393
v 0.044312 0.004070 -0.007236
v 0.044415 0.003713 -0.006467
v 0.044719 0.002607 -0.007236
v 0.044779 0.002237 -0.006467
v 0.044839 -0.001502 -0.004930
v 0.044641 -0.002251 -0.003393
v 0.044520 -0.001872 -0.001090
v 0.044614 -0.001110 -0.001090
v 0.044320 -0.001467 0.001205
v 0.044385 -0.002596 -0.001090
v 0.043981 -0.002770 0.001969
v 0.044411 0.000000 0.001205
v 0.043233 -0.000241 0.007987
v 0.043669 0.000703 0.005764
v 0.044086 0.000000 0.003491
v 0.044037 -0.001061 0.003491
v 0.044197 -0.000353 0.002731
v 0.044564 0.002994 -0.004930
v 0.044641 0.002251 -0.003393
v 0.043975 0.004037 -0.001090
v 0.044198 0.003336 -0.001090
v 0.040152 0.009857 -0.006467
v 0.040668 0.009367 -0.004930
v 0.037871 0.010681 0.000823
v 0.037242 0.011200 -0.001090
v 0.044142 0.004415 -0.008304
v 0.043892 0.003917 -0.009361
v 0.043590 0.005050 -0.009041
v 0.043575 0.004676 -0.009414
v 0.034676 0.012283 -0.006275
v 0.033962 0.012389 -0.006275
v 0.034665 0.012221 -0.004545
v 0.038745 0.010461 -0.009041
v 0.038280 0.011025 -0.008304
v 0.036908 0.011642 -0.008304
v 0.036925 0.011688 -0.008004
v 0.036268 0.011442 -0.009355
v 0.035880 0.011815 -0.008768
v 0.035471 0.012089 -0.008304
v 0.036812 0.011687 -0.005698
v 0.037847 0.011251 -0.005698
v 0.032488 0.012165 -0.001090
v -0.029120 0.012302 -0.002717
v 0.033681 0.011852 0.001205
v 0.034630 0.011562 0.002350
v 0.034773 0.011829 0.000059
v 0.033782 0.009403 0.012500
v 0.035060 0.009170 0.012497
v 0.036286 0.008735 0.012497
v 0.033791 0.009465 0.012486
v 0.036964 0.009762 0.007987
v 0.036511 0.009685 0.009094
v 0.037110 0.009414 0.009094
v 0.035082 0.009249 0.012447
v 0.036309 0.008789 0.012470
v 0.036024 0.009588 0.010197
v 0.034901 0.009786 0.010747
v 0.038484 0.007363 0.012500
v 0.037425 0.008110 0.012500
v 0.037441 0.008137 0.012497
v 0.039515 0.006556 0.012447
v 0.040343 0.005539 0.012447
v 0.039537 0.006577 0.012391
v 0.037744 0.009076 0.009094
v 0.038188 0.009103 0.007987
v 0.037885 0.009808 0.005764
v 0.039073 0.009055 0.005764
v 0.041025 0.004419 0.012447
v 0.040651 0.007963 0.004629
v 0.040091 0.008750 0.003491
v 0.041190 0.007660 0.003491
v 0.039397 0.007894 0.009094
v 0.039316 0.008292 0.007987
v -0.043069 0.000028 0.009094
v -0.043047 0.000683 0.009094
v -0.042196 0.000658 0.012391
v -0.044147 0.001653 0.002880
v -0.043754 0.000703 0.005764
v -0.043578 0.002097 0.005764
v -0.044263 0.000226 0.002880
v -0.043261 0.001133 0.007987
v -0.041009 0.004367 0.012500
v -0.042114 -0.000652 0.012486
v -0.042142 -0.000654 0.012470
v -0.041915 -0.004162 0.010197
v -0.041137 -0.004433 0.012391
v -0.041662 -0.003227 0.012391
v -0.044123 -0.002836 0.001431
v -0.035877 -0.009891 -0.011454
v -0.034424 -0.009474 -0.011961
v -0.044913 -0.001466 -0.004586
v -0.035877 -0.007718 -0.012402
v -0.042409 -0.007428 -0.002939
v -0.042347 -0.006771 0.001431
v -0.043098 -0.005535 0.001431
v -0.040490 -0.006470 0.010197
v -0.039622 -0.006577 0.012391
v -0.040453 -0.005557 0.012391
v -0.042032 -0.005997 0.005764
v -0.041294 -0.005834 0.009094
v -0.042035 -0.005094 0.007987
v -0.041279 -0.005363 0.010197
v -0.040911 -0.006370 0.009094
v -0.040937 -0.008448 0.001431
v -0.041902 -0.007372 0.001431
v -0.040005 -0.007404 0.009094
v -0.039482 -0.007894 0.009094
v -0.039561 -0.007462 0.010197
v -0.035131 -0.012236 -0.008154
v -0.035176 -0.009278 0.012391
v -0.036416 -0.008838 0.012391
v -0.036109 -0.009588 0.010197
v 0.032488 -0.009524 0.012497
v -0.032573 -0.009524 0.012497
v -0.042682 -0.001559 0.010197
v -0.042017 -0.001960 0.012391
v -0.042005 -0.001958 0.012421
v -0.041650 -0.003223 0.012421
v -0.041611 -0.003209 0.012470
v -0.041089 -0.004408 0.012470
v -0.041585 -0.003199 0.012486
v -0.041525 -0.003178 0.012500
v 0.039455 -0.006500 0.012497
v 0.038484 -0.007363 0.012500
v 0.039498 -0.006540 0.012470
v 0.038541 -0.007433 0.012470
v 0.038556 -0.007451 0.012447
v 0.037500 -0.008233 0.012391
v 0.038524 -0.007411 0.012486
v 0.039477 -0.006521 0.012486
v -0.041997 0.008093 -0.004586
v -0.042887 0.006925 -0.004586
v -0.042409 0.007428 -0.002939
v -0.041793 0.008209 -0.003238
v -0.041468 0.008531 -0.002939
v -0.035877 0.010609 -0.010804
v -0.044882 0.000724 -0.002939
v -0.035877 0.006917 -0.012488
v -0.035669 0.006939 -0.012491
v -0.044373 0.003572 -0.002939
v -0.044225 0.004316 -0.004586
v -0.043872 0.004932 -0.002939
v -0.043951 0.004018 -0.000023
v -0.043405 0.004909 0.001431
v -0.043098 0.005535 0.001431
v -0.043634 0.005660 -0.004586
v -0.039672 0.009750 -0.000023
v -0.040793 0.008827 -0.000023
v -0.039549 0.010181 -0.003238
v -0.034155 0.012123 -0.008943
v -0.032703 0.012038 -0.009380
v -0.034143 0.011936 -0.009381
v -0.035877 0.011221 -0.010015
v -0.035541 0.006504 -0.012500
v -0.035803 0.012029 -0.008295
v -0.035791 0.011958 -0.008510
v -0.036718 0.011138 0.001431
v -0.035663 0.011596 0.000476
v -0.035861 0.011207 0.002894
v 0.040825 -0.006370 0.009094
v 0.040371 -0.006923 0.009094
v 0.042746 -0.007073 -0.008304
v 0.041817 -0.008257 -0.008304
v 0.042093 -0.007788 -0.008580
v 0.043876 -0.005132 -0.006467
v 0.044312 -0.004070 -0.007236
v 0.043168 -0.006476 -0.006467
v 0.044275 -0.003718 -0.003393
v 0.043975 -0.004037 -0.001090
v 0.044232 -0.001056 -0.009877
v 0.044808 -0.001108 -0.008582
v 0.044495 -0.002217 -0.009012
v 0.044636 -0.002991 -0.008004
v 0.040625 -0.001503 -0.012427
v 0.040180 -0.001421 -0.012480
v 0.040279 -0.000701 -0.012480
v 0.041635 -0.000823 -0.012180
v -0.037510 0.008110 0.012500
v -0.036384 0.008763 0.012486
v -0.037542 0.008163 0.012486
v -0.032574 0.011192 0.005764
v 0.032488 0.010218 0.010197
v 0.033390 0.010178 0.010197
v 0.034582 0.011303 0.004061
v 0.035316 0.011414 0.002350
v 0.034818 0.011158 0.004629
v 0.033835 0.010890 0.006877
v -0.035294 0.010127 0.009094
v -0.033887 0.009546 0.012391
v -0.035172 0.009267 0.012421
v -0.033437 0.011903 0.001023
v -0.033747 0.012057 -0.000567
v 0.041025 -0.004419 0.012447
v 0.040301 -0.005510 0.012486
v 0.040924 -0.004367 0.012500
v 0.042425 -0.003376 0.009094
v 0.042633 -0.002687 0.009094
v 0.042300 -0.002887 0.010197
v 0.041999 0.000650 0.012497
v 0.042029 -0.000652 0.012486
v 0.042029 0.000652 0.012486
v 0.043546 -0.004179 0.001969
v 0.043699 -0.004749 -0.001090
v 0.043596 -0.004328 0.001205
v 0.042916 -0.005451 0.002350
v 0.042781 -0.002050 0.009094
v 0.035274 -0.010840 0.005764
v 0.035209 -0.010127 0.009094
v 0.034935 -0.009922 0.010197
v 0.035666 -0.010257 0.007987
v 0.034552 -0.009913 0.010564
v 0.034901 -0.009786 0.010747
v 0.035090 -0.009278 0.012391
v 0.033898 -0.011311 0.004629
v 0.033835 -0.010890 0.006877
v 0.034841 -0.011936 -0.001090
v 0.036005 -0.011587 -0.000516
v 0.029916 -0.012500 -0.003185
v 0.028692 -0.012496 0.002753
v 0.026983 -0.012500 0.003572
v 0.041136 -0.008822 -0.003393
v 0.040668 -0.009367 -0.004930
v 0.041291 -0.008856 -0.006467
v 0.041853 -0.008289 -0.008004
v 0.042691 -0.007114 -0.004930
v 0.042036 -0.008017 -0.005698
v 0.041120 -0.007134 0.005764
v 0.041190 -0.007660 0.003491
v 0.042144 -0.006722 0.002350
v 0.038962 -0.009914 0.001778
v 0.040028 -0.009028 0.002350
v 0.041258 -0.008069 0.001205
v 0.038237 -0.011090 -0.006852
v 0.038854 -0.010714 -0.005698
v 0.038463 -0.010883 -0.004545
v 0.036812 -0.011687 -0.005698
v 0.035894 -0.011881 -0.008577
v 0.038280 -0.011025 -0.008304
v 0.038303 -0.011068 -0.008004
v 0.033974 -0.012400 -0.006852
v 0.033991 -0.012360 -0.008304
v 0.034741 -0.012152 -0.008576
v 0.036273 -0.011369 0.000632
v 0.037871 -0.010681 0.000823
v 0.036045 -0.011635 -0.001090
v 0.032488 -0.010268 -0.011574
v 0.032488 -0.007875 -0.012473
v -0.033386 -0.007556 -0.012491
v -0.033358 -0.007106 -0.012500
v -0.032573 -0.009512 -0.012030
v -0.000043 -0.009493 -0.012040
v -0.032573 -0.010323 -0.011535
v -0.000043 -0.008432 -0.012395
v 0.033231 -0.008236 -0.012423
v 0.032488 -0.008727 -0.012324
v -0.032573 -0.008731 -0.012325
v -0.027068 -0.012496 0.003606
v -0.034673 -0.011854 -0.009381
v -0.033616 -0.011993 -0.009380
v -0.015877 0.009038 -0.012231
v 0.011485 0.009073 -0.012218
v -0.007634 0.008898 -0.012276
v -0.032573 0.008609 -0.012356
v 0.033489 0.008839 -0.012275
v 0.032488 0.009463 -0.012056
v 0.036654 0.007462 -0.012371
v 0.033860 0.007689 -0.012477
v 0.033886 0.008102 -0.012431
v 0.035066 0.007760 -0.012438
v 0.034241 -0.009464 -0.011973
v 0.035138 -0.009253 -0.011974
v 0.034395 -0.010294 -0.011418
v 0.034635 -0.011584 -0.009871
v 0.035660 -0.011067 -0.010293
v 0.035734 -0.011326 -0.009872
v 0.033524 -0.011465 -0.010292
v 0.035477 -0.010433 -0.011075
v -0.000043 -0.012074 -0.009297
v -0.032574 -0.011599 -0.010167
v -0.000043 -0.011586 -0.010186
v -0.032574 -0.011009 -0.010915
v 0.040333 0.008863 -0.009785
v 0.040551 0.008006 -0.010505
v 0.041406 0.007784 -0.009785
v 0.039991 0.009608 -0.009041
v 0.041122 0.008608 -0.009041
v 0.040750 0.008742 -0.009414
v 0.043567 0.005809 -0.008004
v 0.036901 0.010466 -0.010505
v 0.039926 0.008211 -0.010844
v 0.040773 0.007358 -0.010844
v 0.037535 0.009860 -0.010843
v 0.033221 0.012236 -0.008855
v 0.032488 0.012451 -0.008304
v 0.033991 0.012360 -0.008304
v 0.033942 0.012127 -0.008970
v 0.034740 0.010837 -0.010850
v 0.034438 0.011021 -0.010708
v 0.033113 0.010842 -0.011066
v 0.033814 0.011346 -0.010416
v 0.032489 0.011507 -0.010302
v 0.032350 0.012010 -0.009440
v 0.033409 0.011722 -0.009910
v -0.022315 0.010851 -0.011084
v -0.026386 0.010852 -0.011081
v -0.032574 0.010899 -0.011030
v 0.024264 0.010851 -0.011084
v -0.005853 0.010670 -0.011249
v -0.015066 0.010529 -0.011373
v 0.010130 0.011057 -0.010865
v 0.006891 0.011249 -0.010642
v 0.032488 0.010899 -0.011031
v 0.035963 0.010164 -0.011182
v 0.036135 0.009773 -0.011450
v 0.039679 0.007563 -0.011450
v 0.039102 0.008071 -0.011450
v 0.038602 0.008455 -0.011450
v 0.036347 0.009110 -0.011824
v 0.010707 0.010438 -0.011446
v 0.009836 0.010586 -0.011324
v 0.032488 0.010207 -0.011621
v 0.032358 0.010855 -0.011075
v 0.009980 0.010619 -0.011295
v -0.033785 0.007502 -0.012491
v -0.032675 0.007599 -0.012491
v -0.031692 0.007370 -0.012498
v -0.033742 0.007053 -0.012500
v 0.041947 0.005997 0.005764
v 0.042839 0.005226 0.003491
v 0.042625 0.004765 0.005764
v 0.043413 0.003890 0.003491
v 0.042194 0.003990 0.009094
v 0.042528 0.003831 0.007987
v 0.042596 0.001559 0.010197
v 0.041931 0.001960 0.012391
v 0.042057 0.000654 0.012470
v 0.044646 0.000727 -0.009087
v 0.044952 0.000000 -0.008304
v 0.045000 0.000000 -0.008004
v 0.043029 0.006090 -0.001090
v 0.044276 0.004068 -0.005698
v 0.044909 -0.001507 -0.008004
v 0.044779 -0.002237 -0.006467
v 0.044825 -0.000748 -0.003393
v 0.044888 -0.000364 -0.004161
v 0.044968 0.000000 -0.005955
v 0.044930 0.000000 -0.004930
v 0.044614 0.001110 -0.001090
v 0.044659 0.000377 -0.001090
v 0.044825 0.000748 -0.003393
v 0.044520 0.001872 -0.001090
v 0.043944 -0.002694 0.002350
v 0.044659 -0.000377 -0.001090
v 0.042962 0.000683 0.009094
v 0.044257 0.000000 0.002350
v 0.043143 0.003459 0.005764
v 0.043500 0.002982 0.004629
v 0.043944 0.002694 0.002350
v 0.043814 0.002494 0.003491
v 0.044191 -0.001249 0.002350
v 0.044685 0.002602 -0.005698
v 0.043699 0.004749 -0.001090
v 0.034532 0.011469 -0.010087
v 0.040694 0.008988 -0.001090
v 0.039992 0.009812 -0.003393
v 0.041258 0.008069 0.001205
v 0.039789 0.010085 -0.005314
v 0.039526 0.009928 -0.001090
v 0.039041 0.010163 -0.000324
v 0.041558 0.006848 -0.010505
v 0.042223 0.006738 -0.009785
v 0.042081 0.006095 -0.010505
v 0.043688 0.003653 -0.009892
v 0.043524 0.003463 -0.010232
v 0.042790 0.004803 -0.010505
v 0.042908 0.005623 -0.009785
v 0.042903 0.006024 -0.009414
v 0.044312 0.003388 -0.008777
v 0.044358 0.002378 -0.009257
v -0.032704 0.012382 -0.008509
v -0.032574 0.012451 -0.008304
v 0.033996 0.012409 -0.008004
v 0.032488 0.012500 -0.008004
v 0.034869 0.011866 -0.009238
v 0.033915 0.011987 -0.009307
v 0.035363 0.012076 -0.004545
v 0.034786 0.012049 -0.002241
v 0.035483 0.012137 -0.008004
v 0.039218 0.010520 -0.006659
v 0.039065 0.010476 -0.003681
v 0.038463 0.010884 -0.004545
v 0.038090 0.011046 -0.003969
v 0.036233 0.011768 -0.003393
v 0.036322 0.011698 -0.002817
v 0.036049 0.011892 -0.004545
v 0.033679 0.012291 -0.003393
v -0.020112 0.012302 -0.002717
v -0.032574 0.012413 -0.004543
v 0.033905 0.011672 0.002350
v 0.033566 0.011933 0.000632
v 0.033650 0.012110 -0.001090
v 0.034841 0.011936 -0.001090
v 0.036005 0.011587 -0.000516
v 0.035975 0.011806 -0.002817
v 0.037472 0.008187 0.012470
v 0.036298 0.008763 0.012486
v 0.037457 0.008163 0.012486
v 0.035051 0.009139 0.012500
v 0.035076 0.009227 0.012470
v 0.035837 0.009938 0.009094
v 0.035666 0.010257 0.007987
v 0.035209 0.010127 0.009094
v 0.034302 0.010415 0.008725
v 0.034552 0.009913 0.010564
v 0.039431 0.006478 0.012500
v 0.038541 0.007433 0.012470
v 0.038556 0.007451 0.012447
v 0.038575 0.007475 0.012391
v 0.038423 0.008322 0.010197
v 0.037266 0.009035 0.010197
v 0.040324 0.005526 0.012470
v 0.040371 0.006923 0.009094
v 0.040405 0.006470 0.010197
v 0.041209 0.005834 0.009094
v 0.041898 0.004645 0.009094
v 0.039476 0.007462 0.010197
v -0.043318 0.000241 0.007987
v -0.041875 0.001931 0.012500
v -0.041937 0.001944 0.012486
v -0.042184 -0.000657 0.012421
v -0.044383 0.001410 0.001431
v -0.044467 -0.000022 0.001431
v -0.042866 0.002050 0.009094
v -0.042385 0.002887 0.010197
v -0.042719 0.002687 0.009094
v -0.041585 0.003200 0.012486
v -0.041089 0.004408 0.012470
v -0.041611 0.003209 0.012470
v -0.040386 0.005510 0.012486
v -0.040409 0.005526 0.012470
v -0.042114 0.000652 0.012486
v -0.042510 -0.003376 0.009094
v -0.042719 -0.002687 0.009094
v -0.041065 -0.004396 0.012486
v -0.041126 -0.004428 0.012421
v -0.034519 -0.010322 -0.011392
v -0.035877 -0.010608 -0.010805
v -0.034596 -0.011054 -0.010656
v -0.044833 -0.001493 -0.003238
v -0.035877 -0.006915 -0.012488
v -0.035669 -0.006939 -0.012491
v -0.040409 -0.005526 0.012470
v -0.039614 -0.006569 0.012421
v -0.039583 -0.006540 0.012470
v -0.036358 -0.008706 0.012500
v -0.042769 -0.005717 0.002880
v -0.041983 -0.004645 0.009094
v -0.041298 -0.006271 0.007987
v -0.041452 -0.007907 0.001431
v -0.034706 -0.012198 -0.008510
v -0.032573 -0.009554 0.012486
v -0.032573 -0.009624 0.012421
v -0.032573 -0.009606 0.012447
v -0.033885 -0.009534 0.012421
v 0.032488 -0.009606 0.012447
v 0.033797 -0.009516 0.012447
v 0.033794 -0.009493 0.012470
v -0.034986 -0.009786 0.010747
v -0.035020 -0.009922 0.010197
v -0.034638 -0.009913 0.010564
v -0.033887 -0.009546 0.012391
v 0.032488 -0.009491 0.012500
v -0.042866 -0.002050 0.009094
v -0.041964 -0.001949 0.012470
v 0.039073 -0.009055 0.005764
v 0.038887 -0.008312 0.009094
v 0.038304 -0.008729 0.009094
v 0.037885 -0.009808 0.005764
v 0.037472 -0.008187 0.012470
v 0.035076 -0.009227 0.012470
v -0.041983 0.004645 0.009094
v -0.041673 0.005225 0.009094
v -0.042035 0.005094 0.007987
v -0.042710 0.004765 0.005764
v -0.041915 0.004162 0.010197
v -0.041137 0.004433 0.012391
v -0.042279 0.003990 0.009094
v -0.042613 0.003831 0.007987
v -0.043228 0.003459 0.005764
v -0.038509 0.008322 0.010197
v -0.038389 0.008729 0.009094
v -0.038972 0.008312 0.009094
v -0.038660 0.007475 0.012391
v -0.041294 0.005834 0.009094
v -0.042729 0.006186 0.001431
v -0.040731 0.009263 -0.003238
v -0.041795 0.007777 -0.000023
v -0.042720 0.007034 -0.003238
v -0.044923 0.000000 -0.003238
v -0.044833 0.001493 -0.003238
v -0.044562 0.002964 -0.003238
v -0.044114 0.004392 -0.003238
v -0.043395 0.004423 0.002880
v -0.043497 0.005755 -0.003238
v -0.039158 0.009055 0.005764
v -0.037970 0.009808 0.005764
v -0.038853 0.009853 0.002880
v -0.037595 0.010549 0.002880
v -0.040016 0.009008 0.002880
v -0.039283 0.009812 0.001431
v -0.038448 0.010531 -0.000023
v -0.035765 0.011801 -0.008945
v -0.034375 0.012320 -0.008304
v -0.034375 0.012370 -0.008154
v -0.034166 0.012280 -0.008509
v -0.034849 0.006777 -0.012500
v -0.032891 0.012496 -0.008004
v -0.032574 0.012500 -0.008004
v -0.033208 0.012484 -0.008004
v -0.031022 0.012302 -0.002717
v -0.033247 0.012318 -0.003209
v -0.034225 0.012337 -0.005334
v -0.035716 0.011092 0.003857
v -0.035131 0.012236 -0.008154
v -0.035877 0.011968 -0.004586
v -0.035007 0.012117 -0.003566
v -0.035877 0.012017 -0.005775
v -0.035877 0.012047 -0.006964
v -0.034852 0.012063 -0.002378
v -0.035094 0.011911 -0.001183
v -0.034366 0.012117 -0.002031
v -0.035594 0.011725 -0.000498
v -0.034537 0.011925 -0.000289
v -0.037967 0.011077 -0.002939
v -0.037139 0.011160 -0.000023
v -0.037048 0.011380 -0.001770
v -0.036896 0.011558 -0.003238
v -0.008757 0.012059 -0.009335
v -0.032574 0.012024 -0.009411
v -0.000043 0.012134 -0.009166
v 0.010579 0.012107 -0.009228
v 0.032489 0.012024 -0.009412
v 0.003480 0.012288 -0.008777
v 0.008701 0.012239 -0.008909
v 0.036830 -0.010953 -0.009872
v 0.038010 -0.010666 -0.009442
v 0.037905 -0.010464 -0.009873
v 0.040636 -0.008138 -0.010296
v 0.039921 -0.009145 -0.009874
v 0.039751 -0.008936 -0.010295
v 0.041969 -0.007687 -0.009011
v 0.043512 -0.002036 -0.010702
v 0.043817 -0.002092 -0.010298
v 0.043565 -0.003165 -0.010298
v 0.042930 -0.002984 -0.011079
v 0.043168 -0.001972 -0.011079
v 0.043653 -0.001004 -0.010702
v 0.042912 -0.004121 -0.010701
v 0.043201 -0.004235 -0.010297
v 0.042723 -0.005285 -0.010297
v 0.042447 -0.005143 -0.010701
v 0.043731 -0.005472 -0.007236
v 0.044198 -0.003336 -0.001090
v 0.044276 -0.004068 -0.005698
v 0.044564 -0.002994 -0.004930
v 0.044083 -0.002141 -0.009876
v 0.043305 -0.000973 -0.011079
v 0.043698 0.000003 -0.010702
v 0.042922 -0.000938 -0.011423
v 0.043963 -0.001032 -0.010298
v 0.042119 0.000002 -0.011978
v 0.042080 -0.000863 -0.011978
v 0.042965 0.000002 -0.011423
v 0.042890 0.001140 -0.011432
v 0.043260 0.001206 -0.011100
v -0.037049 0.009762 0.007987
v -0.036596 0.009685 0.009094
v -0.034986 0.009786 0.010747
v -0.035154 0.009200 0.012486
v -0.036358 0.008706 0.012500
v 0.030707 0.011784 0.002167
v 0.030825 0.011807 0.001995
v -0.032574 0.011758 0.002348
v -0.033942 0.011625 0.002717
v -0.030094 0.011737 0.002498
v -0.029503 0.011763 0.002310
v -0.033978 0.011104 0.005764
v -0.033983 0.011311 0.004629
v 0.033892 0.011104 0.005764
v -0.035751 0.010257 0.007987
v -0.033894 0.009748 0.011661
v -0.035176 0.009278 0.012391
v 0.030928 0.011851 0.001675
v 0.041790 -0.001931 0.012500
v 0.041821 -0.001938 0.012497
v 0.041999 -0.000650 0.012497
v 0.042057 -0.000654 0.012470
v 0.041576 -0.003227 0.012391
v 0.041052 -0.004433 0.012391
v 0.040276 -0.005492 0.012497
v 0.041470 0.003189 0.012497
v 0.041499 0.003200 0.012486
v 0.040979 0.004396 0.012486
v 0.041004 0.004408 0.012470
v 0.043391 -0.005417 -0.001090
v 0.042938 -0.005524 0.001969
v 0.036612 -0.010406 0.005764
v 0.036964 -0.009762 0.007987
v 0.036024 -0.009588 0.010197
v 0.033811 -0.009847 0.011296
v 0.033809 -0.009748 0.011661
v 0.033802 -0.009546 0.012391
v 0.029051 -0.012500 0.001850
v 0.028331 -0.012500 0.003085
v 0.039218 -0.010520 -0.006659
v 0.039596 -0.010287 -0.008004
v 0.039992 -0.009812 -0.003393
v 0.042083 -0.008014 -0.007236
v 0.041749 -0.008302 -0.004930
v 0.040651 -0.007963 0.004629
v 0.038473 -0.010124 0.002350
v 0.037928 -0.010019 0.004629
v 0.037697 -0.010353 0.003491
v 0.040083 -0.009051 0.001969
v 0.041223 -0.008476 -0.001090
v 0.037847 -0.011251 -0.005698
v 0.036233 -0.011768 -0.003393
v 0.035975 -0.011806 -0.002817
v 0.035471 -0.012089 -0.008304
v 0.036908 -0.011642 -0.008304
v 0.039259 -0.010343 -0.008579
v 0.038172 -0.010977 -0.008578
v 0.033602 -0.012309 -0.008575
v 0.035924 -0.011479 0.000632
v 0.037663 -0.010560 0.002350
v 0.037744 -0.009076 0.009094
v 0.035774 -0.011904 -0.003393
v 0.036023 -0.011696 -0.001665
v 0.033464 -0.010808 -0.011074
v -0.000043 -0.010993 -0.010932
v 0.033911 -0.007687 -0.012477
v -0.032573 -0.007858 -0.012475
v -0.033413 -0.008011 -0.012455
v 0.034159 -0.009024 -0.012176
v 0.035015 -0.008823 -0.012176
v -0.000043 -0.008891 -0.012278
v -0.033477 -0.009159 -0.012168
v -0.000043 -0.007937 -0.012468
v -0.028751 -0.012500 0.002733
v -0.028995 -0.012500 0.002314
v -0.032891 -0.012496 -0.008004
v -0.033607 -0.011768 -0.009816
v -0.033595 -0.011502 -0.010244
v -0.034627 -0.011363 -0.010245
v -0.033581 -0.011193 -0.010655
v 0.024625 0.009179 -0.012180
v -0.015162 0.009342 -0.012112
v 0.008019 0.008836 -0.012295
v -0.008713 0.008985 -0.012248
v 0.034081 0.009168 -0.012124
v 0.033021 0.009548 -0.012004
v 0.034145 0.009502 -0.011963
v 0.033952 0.008487 -0.012354
v 0.039487 0.004910 -0.012372
v 0.038943 0.004990 -0.012443
v 0.038589 0.005988 -0.012372
v 0.040587 0.004634 -0.012118
v 0.040170 0.003756 -0.012372
v 0.038512 0.005500 -0.012443
v -0.033703 0.006908 -0.012500
v -0.032574 0.007000 -0.012500
v 0.034898 0.006573 -0.012500
v 0.035737 0.007054 -0.012482
v 0.035647 0.007518 -0.012442
v 0.041748 -0.002646 -0.011978
v 0.042230 -0.003851 -0.011422
v 0.041444 -0.003541 -0.011977
v 0.041044 -0.004419 -0.011977
v 0.041795 -0.004806 -0.011422
v 0.040647 -0.004214 -0.012179
v 0.041028 -0.003376 -0.012180
v 0.036034 -0.008948 -0.011974
v 0.035869 -0.008533 -0.012177
v 0.035574 -0.010769 -0.010697
v 0.035371 -0.010064 -0.011418
v 0.036345 -0.009733 -0.011419
v -0.032573 0.010207 -0.011620
v -0.015494 0.010376 -0.011497
v -0.031566 0.010060 -0.011721
v -0.032688 0.009655 -0.011960
v -0.032702 0.011813 -0.009816
v 0.009587 0.011841 -0.009768
v 0.008128 0.011912 -0.009636
v 0.023963 0.012007 -0.009450
v -0.034089 0.011135 -0.010655
v -0.032574 0.011507 -0.010302
v 0.007512 0.011674 -0.010050
v 0.024102 0.011510 -0.010303
v 0.007214 0.011659 -0.010075
v 0.041263 0.008227 -0.009414
v 0.040165 0.009258 -0.009414
v 0.043482 0.005820 -0.004930
v 0.043524 0.005786 -0.008304
v 0.036958 0.011162 -0.009414
v 0.035937 0.011259 -0.009882
v 0.033210 0.012049 -0.009307
v 0.035452 0.010768 -0.010737
v 0.035736 0.011041 -0.010298
v 0.032904 0.010863 -0.011055
v 0.032354 0.011514 -0.010293
v 0.007798 0.011719 -0.009978
v 0.010785 0.010991 -0.010937
v 0.009347 0.011299 -0.010580
v 0.010108 0.011384 -0.010471
v 0.033606 0.009770 -0.011858
v 0.033663 0.010211 -0.011565
v 0.033717 0.010627 -0.011221
v 0.042258 0.005234 -0.010844
v 0.043167 0.003490 -0.010671
v 0.036715 0.009537 -0.011450
v 0.035881 0.009460 -0.011725
v 0.035755 0.009295 -0.011848
v 0.010085 0.009573 -0.012003
v -0.007033 0.009518 -0.012030
v -0.011939 0.009392 -0.012089
v 0.029472 0.010060 -0.011722
v 0.009861 0.010182 -0.011638
v 0.024441 0.010057 -0.011727
v -0.022497 0.010057 -0.011727
v -0.013752 0.009935 -0.011802
v 0.010651 0.009857 -0.011848
v -0.015140 0.009790 -0.011888
v -0.035877 0.009889 -0.011455
v -0.026544 0.010058 -0.011725
v 0.008545 0.010331 -0.011529
v -0.014420 0.010495 -0.011402
v -0.006798 0.010622 -0.011291
v 0.040083 0.009051 0.001969
v 0.040028 0.009028 0.002350
v 0.039476 0.009010 0.004629
v 0.038795 0.010268 0.000059
v 0.038473 0.010124 0.002350
v 0.038962 0.009914 0.001778
v 0.042098 0.006487 0.003491
v 0.042144 0.006722 0.002350
v 0.043517 0.004104 0.002350
v 0.042916 0.005451 0.002350
v 0.043493 0.002097 0.005764
v 0.044684 0.001459 -0.008824
v 0.044582 0.001438 -0.009087
v 0.044279 0.000003 -0.009877
v 0.043898 0.001332 -0.010346
v 0.043604 0.001923 -0.010616
v 0.044053 0.002057 -0.009951
v 0.044731 0.000732 -0.008871
v 0.044858 0.000003 -0.008582
v 0.042642 0.006716 -0.001090
v 0.044926 -0.001104 -0.006211
v 0.044926 0.001104 -0.006211
v 0.044904 0.000249 -0.004417
v 0.042984 -0.000028 0.009094
v 0.044138 0.000407 0.003111
v 0.044037 0.001061 0.003491
v 0.044385 0.002596 -0.001090
v 0.044320 0.001467 0.001205
v 0.044236 -0.001321 0.001969
v 0.033891 0.011789 -0.009709
v 0.035771 0.011161 -0.010113
v 0.042191 0.006922 0.001205
v 0.041738 0.007912 -0.001090
v 0.041223 0.008476 -0.001090
v 0.041291 0.008856 -0.006467
v 0.039735 0.010067 -0.004289
v 0.039601 0.010189 -0.004737
v 0.036612 0.010406 0.005764
v 0.037915 0.009950 0.005008
v 0.041976 0.005430 -0.011005
v 0.043837 0.003120 -0.009911
v 0.044174 0.002079 -0.009736
v 0.043272 0.005337 -0.009414
v 0.042880 0.006382 -0.009041
v 0.044489 0.001427 -0.009304
v 0.043340 0.001850 -0.010927
v 0.043103 0.002658 -0.010997
v 0.043438 0.002210 -0.010747
v 0.008812 0.012413 -0.008420
v 0.009016 0.012451 -0.008304
v 0.008814 0.012475 -0.008230
v 0.008811 0.012489 -0.008179
v -0.033478 0.012418 -0.008304
v -0.033524 0.012464 -0.008004
v 0.003181 0.012319 -0.008692
v 0.003682 0.012307 -0.008726
v -0.008869 0.012341 -0.008630
v 0.008788 0.012348 -0.008609
v 0.003770 0.012326 -0.008671
v 0.033974 0.012400 -0.006852
v 0.035484 0.011422 -0.009825
v 0.035887 0.011988 -0.005698
v 0.034945 0.012245 -0.006852
v 0.038854 0.010714 -0.005698
v 0.038303 0.011068 -0.008004
v 0.037811 0.011116 -0.003009
v 0.012920 0.012302 -0.002717
v 0.032488 0.012413 -0.004543
v 0.035774 0.011904 -0.003393
v 0.036045 0.011635 -0.001090
v 0.036023 0.011696 -0.001665
v 0.035068 0.009200 0.012486
v 0.034935 0.009922 0.010197
v 0.033849 0.010127 0.010197
v 0.040250 0.005474 0.012500
v 0.040276 0.005492 0.012497
v 0.039455 0.006500 0.012497
v 0.038504 0.007388 0.012497
v 0.038887 0.008312 0.009094
v 0.037697 0.010353 0.003491
v 0.036661 0.010811 0.003491
v 0.037928 0.010019 0.004629
v 0.041194 0.005363 0.010197
v 0.041588 0.005225 0.009094
v 0.040368 0.005557 0.012391
v 0.041949 0.005094 0.007987
v -0.041662 0.003227 0.012391
v -0.042184 0.000657 0.012421
v -0.044446 -0.000719 0.001431
v -0.042017 0.001960 0.012391
v -0.042984 0.001335 0.009094
v -0.043024 0.002505 0.007987
v -0.041065 0.004396 0.012486
v -0.041126 0.004428 0.012421
v -0.040443 0.005550 0.012421
v -0.044270 0.002158 0.001431
v -0.044352 0.002624 -0.000023
v -0.044123 0.002836 0.001431
v -0.042052 0.000648 0.012500
v -0.042613 -0.003831 0.007987
v -0.042385 -0.002887 0.010197
v -0.034178 -0.007428 -0.012491
v -0.034858 -0.006618 -0.012500
v -0.034235 -0.007881 -0.012455
v -0.034291 -0.008338 -0.012378
v -0.033546 -0.010460 -0.011391
v -0.040443 -0.005550 0.012421
v -0.040386 -0.005510 0.012486
v -0.039517 -0.006478 0.012500
v -0.035137 -0.009139 0.012500
v -0.041673 -0.005225 0.009094
v -0.038593 -0.010861 -0.004586
v -0.037268 -0.011495 -0.004586
v -0.033934 -0.010127 0.010197
v -0.033897 -0.009847 0.011296
v -0.038660 -0.007475 0.012391
v -0.038972 -0.008312 0.009094
v -0.040016 -0.009008 0.002880
v -0.039158 -0.009055 0.005764
v -0.037970 -0.009808 0.005764
v -0.037595 -0.010549 0.002880
v -0.036698 -0.010406 0.005764
v -0.037049 -0.009762 0.007987
v -0.038273 -0.009103 0.007987
v -0.035751 -0.010257 0.007987
v -0.035360 -0.010840 0.005764
v -0.035294 -0.010127 0.009094
v -0.035923 -0.009937 0.009094
v -0.032573 -0.009582 0.012470
v 0.032488 -0.009624 0.012421
v -0.033894 -0.009748 0.011661
v 0.038423 -0.008322 0.010197
v 0.039397 -0.007894 0.009094
v 0.039316 -0.008292 0.007987
v 0.037484 -0.008207 0.012447
v 0.036319 -0.008810 0.012447
v 0.036286 -0.008735 0.012497
v 0.036298 -0.008763 0.012486
v 0.037457 -0.008163 0.012486
v 0.035082 -0.009249 0.012447
v 0.036309 -0.008789 0.012470
v 0.035068 -0.009200 0.012486
v -0.039563 0.006521 0.012486
v -0.039614 0.006569 0.012421
v -0.039622 0.006577 0.012391
v -0.039561 0.007462 0.010197
v -0.041279 0.005363 0.010197
v -0.042769 0.005717 0.002880
v -0.041989 0.006924 0.002880
v -0.042347 0.006771 0.001431
v -0.041902 0.007372 0.001431
v -0.043693 0.004217 0.001431
v -0.038273 0.009103 0.007987
v -0.039401 0.008292 0.007987
v -0.037366 0.010875 0.001431
v -0.039849 0.009400 0.001431
v -0.038652 0.010213 0.001431
v -0.035877 0.011663 -0.009197
v -0.033585 0.012247 -0.002541
v -0.033766 0.012214 -0.002327
v -0.034636 0.012211 -0.003994
v -0.034375 0.012330 -0.005718
v -0.030786 0.012452 -0.005483
v -0.030632 0.012457 -0.005624
v -0.030906 0.012446 -0.005312
v -0.030043 0.012463 -0.005807
v -0.008596 0.012489 -0.006889
v -0.036128 0.011033 0.003471
v -0.034667 0.011303 0.004061
v -0.035464 0.011995 -0.003238
v -0.036125 0.011586 -0.000603
v -0.034058 0.011811 0.001262
v -0.036627 0.011633 -0.002939
v -0.036228 0.011767 -0.002972
v -0.008925 0.012182 -0.009052
v 0.008559 0.012126 -0.009186
v 0.008008 0.012203 -0.008999
v 0.003273 0.012301 -0.008741
v 0.003584 0.012294 -0.008762
v 0.032347 0.012359 -0.008578
v 0.003374 0.012291 -0.008770
v 0.040785 -0.009356 -0.008004
v 0.040753 -0.009320 -0.008304
v 0.041124 -0.008624 -0.009010
v 0.040186 -0.009469 -0.009010
v 0.036914 -0.011165 -0.009441
v 0.040066 -0.009322 -0.009443
v 0.040989 -0.008490 -0.009444
v 0.038794 -0.009634 -0.010295
v 0.038624 -0.009374 -0.010699
v 0.040416 -0.007919 -0.010700
v 0.041821 -0.007567 -0.009444
v 0.042550 -0.006569 -0.009445
v 0.043524 -0.005786 -0.008304
v 0.042843 -0.006761 -0.008581
v 0.043477 -0.005674 -0.008581
v 0.043335 -0.005601 -0.009011
v 0.043166 -0.005513 -0.009445
v 0.043825 -0.003239 -0.009876
v 0.043842 -0.004488 -0.009012
v 0.043664 -0.004418 -0.009445
v 0.041579 -0.005936 -0.011078
v 0.041872 -0.006127 -0.010701
v 0.042963 -0.005409 -0.009876
v 0.042358 -0.006445 -0.009875
v 0.042133 -0.006297 -0.010297
v 0.041434 -0.007254 -0.010296
v 0.043266 -0.003080 -0.010701
v 0.042587 -0.003992 -0.011079
v 0.044047 -0.002921 0.001205
v 0.040102 0.000578 -0.012492
v 0.039834 -0.000661 -0.012500
v 0.042448 0.001068 -0.011755
v 0.042265 0.000496 -0.011892
v 0.042137 0.001574 -0.011899
v 0.042220 0.000329 -0.011921
v 0.043349 0.000002 -0.011079
v -0.037585 0.008233 0.012391
v -0.037579 0.008223 0.012421
v -0.036416 0.008838 0.012391
v -0.036109 0.009588 0.010197
v -0.037557 0.008187 0.012470
v -0.036395 0.008789 0.012470
v -0.036411 0.008827 0.012421
v -0.035161 0.009227 0.012470
v -0.029350 0.011784 0.002167
v -0.027673 0.011767 0.002282
v 0.017224 0.011789 0.002132
v -0.029232 0.011807 0.001995
v 0.029382 0.011767 0.002282
v -0.020675 0.011748 0.002416
v -0.021294 0.011741 0.002470
v 0.006350 0.011748 0.002416
v 0.020549 0.011751 0.002396
v -0.030999 0.011840 0.001756
v -0.030931 0.011813 0.001954
v -0.029154 0.011834 0.001801
v -0.021990 0.011840 0.001756
v -0.033985 0.011408 0.004061
v 0.033854 0.010963 0.006506
v 0.021920 0.011851 0.001675
v 0.041931 -0.001960 0.012391
v 0.041829 -0.004162 0.010197
v 0.040952 -0.004381 0.012497
v 0.040979 -0.004396 0.012486
v 0.040952 0.004381 0.012497
v 0.041440 0.003178 0.012500
v 0.041902 0.001954 0.012447
v 0.041879 0.001950 0.012470
v 0.041852 0.001944 0.012486
v 0.035770 -0.011113 0.003491
v 0.037915 -0.009950 0.005008
v 0.035837 -0.009937 0.009094
v 0.029096 -0.012500 0.001600
v 0.028665 -0.012500 0.002733
v 0.027924 -0.012500 0.003351
v 0.040152 -0.009856 -0.006467
v 0.038260 -0.011084 -0.007236
v 0.038649 -0.010610 -0.002241
v 0.039526 -0.009928 -0.001090
v 0.039041 -0.010163 -0.000324
v 0.038949 -0.010393 -0.001857
v 0.041196 -0.007910 0.002350
v 0.037044 -0.011490 -0.008577
v 0.040287 -0.009593 -0.008579
v 0.039171 -0.010209 -0.009009
v 0.038162 -0.010391 0.001778
v 0.037266 -0.009035 0.010197
v 0.038188 -0.009103 0.007987
v 0.033430 -0.010426 -0.011417
v -0.000043 -0.010307 -0.011547
v 0.032489 -0.011004 -0.010922
v 0.033190 -0.007786 -0.012476
v -0.000043 -0.007000 -0.012500
v -0.033167 -0.006975 -0.012500
v -0.033501 -0.009610 -0.011961
v -0.033439 -0.008470 -0.012378
v -0.034372 -0.009025 -0.012168
v -0.030265 -0.012500 -0.005068
v -0.029768 -0.012500 -0.001728
v -0.029137 -0.012500 0.001850
v -0.028777 -0.012496 0.002753
v -0.034059 -0.011811 0.001262
v -0.034537 -0.011925 -0.000289
v -0.033208 -0.012484 -0.008004
v -0.034225 -0.012359 -0.005991
v 0.027614 0.009180 -0.012179
v -0.022684 0.009179 -0.012180
v -0.026710 0.009179 -0.012179
v -0.032685 0.009204 -0.012168
v -0.016082 0.009085 -0.012214
v 0.008723 0.008713 -0.012330
v 0.011520 0.008618 -0.012354
v -0.000043 0.008896 -0.012277
v -0.033827 0.007956 -0.012455
v -0.035031 0.007669 -0.012455
v 0.011791 0.008502 -0.012381
v 0.010140 0.008466 -0.012388
v -0.032681 0.008514 -0.012378
v 0.029684 0.008271 -0.012425
v 0.034397 0.009314 -0.012032
v 0.035127 0.008368 -0.012312
v 0.036197 0.007263 -0.012442
v 0.036693 0.006988 -0.012442
v 0.036725 0.006511 -0.012482
v 0.037629 0.007782 -0.012117
v 0.037669 0.006798 -0.012371
v 0.037198 0.006658 -0.012442
v 0.037649 0.006316 -0.012443
v 0.038100 0.005920 -0.012443
v 0.038444 0.004990 -0.012483
v 0.041218 0.000002 -0.012329
v 0.041499 0.000924 -0.012226
v 0.041047 0.000877 -0.012361
v 0.039863 0.000002 -0.012500
v 0.039145 0.002185 -0.012500
v 0.039933 0.001781 -0.012491
v 0.038070 -0.004231 -0.012500
v 0.038633 -0.003364 -0.012500
v -0.034773 0.006646 -0.012500
v -0.000043 0.007000 -0.012500
v 0.029793 0.007370 -0.012498
v 0.033795 0.006877 -0.012500
v 0.035844 0.006145 -0.012500
v 0.036713 0.005585 -0.012500
v -0.032678 0.008054 -0.012455
v -0.031648 0.008271 -0.012425
v 0.042790 -0.001903 -0.011423
v 0.041318 -0.002523 -0.012180
v 0.039966 -0.006065 -0.011977
v 0.039299 -0.006804 -0.011976
v 0.039619 -0.005783 -0.012179
v 0.040176 -0.005021 -0.012179
v 0.040550 -0.005265 -0.011977
v 0.039266 -0.005497 -0.012328
v 0.038913 -0.005211 -0.012426
v 0.039414 -0.004524 -0.012426
v 0.040444 -0.002274 -0.012427
v 0.040182 -0.003042 -0.012427
v 0.039762 -0.002876 -0.012480
v 0.036503 -0.005737 -0.012500
v 0.037302 -0.005086 -0.012500
v 0.037704 -0.005211 -0.012499
v 0.034076 -0.008578 -0.012325
v 0.034765 -0.007950 -0.012423
v 0.034890 -0.008387 -0.012325
v 0.037016 -0.006921 -0.012425
v 0.037419 -0.006068 -0.012479
v 0.037704 -0.006419 -0.012425
v 0.035702 -0.008111 -0.012326
v 0.035534 -0.007688 -0.012424
v 0.036289 -0.007345 -0.012424
v 0.036498 -0.007749 -0.012326
v 0.037266 -0.007301 -0.012327
v 0.037514 -0.007681 -0.012177
v 0.036707 -0.008152 -0.012177
v 0.036912 -0.008548 -0.011975
v 0.037759 -0.008055 -0.011975
v 0.038983 -0.006488 -0.012178
v -0.031530 0.010855 -0.011075
v -0.009147 0.010257 -0.011584
v -0.008234 0.011920 -0.009621
v -0.031469 0.012010 -0.009441
v 0.010016 0.011810 -0.009823
v 0.007214 0.011750 -0.009926
v 0.007541 0.011770 -0.009892
v -0.011260 0.011793 -0.009852
v -0.008277 0.011830 -0.009787
v 0.009600 0.011949 -0.009564
v -0.022150 0.011509 -0.010304
v -0.035660 0.011126 -0.010247
v -0.034111 0.011444 -0.010245
v 0.039592 0.009704 -0.009414
v 0.038946 0.010145 -0.009414
v 0.042519 0.006642 -0.009414
v 0.042134 0.007459 -0.009041
v 0.043692 0.005473 -0.005698
v 0.037402 0.011153 -0.009041
v 0.032967 0.012045 -0.009343
v -0.000043 0.011121 -0.010793
v -0.013150 0.011268 -0.010620
v -0.006578 0.011208 -0.010691
v -0.012262 0.011058 -0.010864
v -0.012867 0.011085 -0.010834
v 0.040856 0.005290 -0.011826
v 0.041499 0.004102 -0.011826
v 0.041151 0.003469 -0.012119
v 0.041724 0.002372 -0.012026
v 0.041221 0.002380 -0.012229
v 0.041002 0.002320 -0.012302
v 0.041951 0.002936 -0.011822
v 0.043288 0.002837 -0.010753
v -0.003972 0.009518 -0.012030
v 0.009642 0.009626 -0.011976
v 0.027464 0.010059 -0.011724
v -0.031606 0.009181 -0.012177
v -0.032573 0.009463 -0.012056
v -0.033965 0.009554 -0.011961
v 0.008983 0.010282 -0.011566
v 0.027913 0.007370 -0.012498
v 0.024978 0.007370 -0.012498
v -0.027035 0.007370 -0.012498
v -0.035794 0.007380 -0.012455
v -0.034941 0.007220 -0.012491
v 0.041219 0.007964 0.001969
v 0.038698 0.009786 0.003491
v 0.038162 0.010391 0.001778
v 0.039072 0.009959 0.001014
v 0.043546 0.004179 0.001969
v 0.042938 0.005524 0.001969
v 0.043788 0.001576 0.004629
v 0.042939 0.002505 0.007987
v 0.043176 0.001133 0.007987
v 0.044009 0.000003 -0.010298
v 0.044127 0.000914 -0.010067
v 0.043489 0.000634 -0.010916
v 0.044839 0.001502 -0.004930
v 0.044174 0.000083 0.002921
v 0.044047 0.002922 0.001205
v 0.044236 0.001321 0.001969
v 0.042162 0.006790 0.001969
v 0.042200 0.007339 -0.001090
v 0.041136 0.008822 -0.003393
v 0.042302 0.007724 -0.006467
v 0.042036 0.008017 -0.005698
v 0.042691 0.007114 -0.004930
v 0.036273 0.011369 0.000632
v 0.035990 0.011225 0.002350
v 0.035770 0.011113 0.003491
v 0.041055 0.005962 -0.011451
v 0.041402 0.005432 -0.011451
v 0.041777 0.004763 -0.011451
v 0.042049 0.004191 -0.011451
v 0.044446 0.000939 -0.009496
v 0.035358 0.011280 -0.010104
v 0.034571 0.011688 -0.009709
v 0.039357 0.010371 -0.005058
v 0.038260 0.011084 -0.007236
v 0.037672 0.011281 -0.004545
v 0.033928 0.012329 -0.004545
v 0.012720 0.012451 -0.005440
v -0.021897 0.012446 -0.005312
v 0.030014 0.012463 -0.005807
v 0.008488 0.012489 -0.006868
v 0.030937 0.012302 -0.002717
v -0.031022 0.012427 -0.004856
v -0.031013 0.012433 -0.004989
v 0.033554 0.012263 -0.002817
v 0.033811 0.009847 0.011296
v 0.039498 0.006540 0.012470
v 0.039477 0.006521 0.012486
v 0.038524 0.007411 0.012486
v 0.040301 0.005510 0.012486
v 0.038304 0.008729 0.009094
v 0.037663 0.010560 0.002350
v -0.042142 0.000654 0.012470
v -0.042005 0.001958 0.012421
v -0.042682 0.001559 0.010197
v -0.042510 0.003376 0.009094
v -0.041650 0.003223 0.012421
v -0.042279 -0.003990 0.009094
v -0.033748 -0.006901 -0.012500
v -0.035794 -0.007380 -0.012455
v -0.033876 -0.009465 0.012486
v -0.035172 -0.009267 0.012421
v -0.035877 -0.012017 -0.005775
v -0.035877 -0.011968 -0.004586
v -0.039231 -0.010368 -0.002939
v -0.037829 -0.009076 0.009094
v -0.037196 -0.009414 0.009094
v -0.036896 -0.011558 -0.003238
v -0.037967 -0.011077 -0.002939
v -0.037048 -0.011380 -0.001770
v -0.036401 -0.010775 0.004426
v -0.036469 -0.011101 0.002309
v -0.035716 -0.011092 0.003857
v -0.035310 -0.011522 0.001737
v -0.034667 -0.011303 0.004061
v -0.035094 -0.011911 -0.001183
v -0.035464 -0.011995 -0.003238
v -0.034852 -0.012063 -0.002378
v -0.033475 -0.010178 0.010197
v -0.034387 -0.010415 0.008725
v -0.033921 -0.010890 0.006877
v -0.036411 -0.008827 0.012421
v -0.035161 -0.009227 0.012470
v -0.036395 -0.008789 0.012470
v -0.037585 -0.008233 0.012391
v -0.039401 -0.008292 0.007987
v -0.038389 -0.008729 0.009094
v -0.040425 -0.008925 0.001431
v -0.036596 -0.009685 0.009094
v 0.032488 -0.009582 0.012470
v -0.038569 0.007363 0.012500
v -0.039583 0.006540 0.012470
v -0.040456 0.006923 0.009094
v -0.040415 0.007343 0.007987
v -0.041205 0.007134 0.005764
v -0.040490 0.006470 0.010197
v -0.040911 0.006370 0.009094
v -0.041298 0.006271 0.007987
v -0.040453 0.005557 0.012391
v -0.042032 0.005997 0.005764
v -0.041067 0.008027 0.002880
v -0.043856 0.003062 0.002880
v -0.043921 0.003559 0.001431
v -0.037351 0.009035 0.010197
v -0.040005 0.007404 0.009094
v -0.038041 0.010553 0.001431
v -0.033668 0.012452 -0.007990
v -0.034225 0.012375 -0.006648
v -0.033990 0.012177 -0.002164
v -0.034600 0.012115 -0.002467
v -0.034326 0.012170 -0.002631
v -0.034225 0.012359 -0.005991
v -0.034375 0.012360 -0.006936
v -0.026208 0.012444 -0.005262
v -0.030985 0.012438 -0.005119
v -0.000994 0.012427 -0.004856
v -0.030451 0.012461 -0.005728
v -0.034903 0.011158 0.004629
v -0.035836 0.011888 -0.003073
v -0.035841 0.011621 -0.000156
v -0.034342 0.011957 -0.000306
v -0.033919 0.011724 0.002044
v -0.035310 0.011522 0.001737
v -0.008094 0.012203 -0.008999
v 0.005585 0.012152 -0.009124
v 0.008949 0.012293 -0.008764
v 0.015861 0.012358 -0.008580
v 0.039092 -0.008126 -0.011420
v 0.039897 -0.007401 -0.011421
v 0.038222 -0.008761 -0.011420
v 0.037301 -0.009298 -0.011419
v 0.041237 -0.008737 -0.008580
v 0.039555 -0.008695 -0.010699
v 0.042709 -0.006673 -0.009011
v 0.044044 -0.003302 -0.009445
v 0.043991 -0.004547 -0.008581
v 0.041643 -0.007424 -0.009875
v 0.041192 -0.007058 -0.010700
v 0.040921 -0.006838 -0.011078
v 0.043452 -0.004334 -0.009876
v 0.042136 -0.004982 -0.011079
v -0.035923 0.009938 0.009094
v -0.030675 0.011767 0.002282
v 0.006685 0.011784 0.002167
v 0.029235 0.011789 0.002132
v -0.030822 0.011789 0.002132
v 0.030554 0.011763 0.002310
v 0.020954 0.011737 0.002498
v -0.030500 0.011751 0.002396
v -0.029684 0.011748 0.002416
v 0.021365 0.011748 0.002416
v 0.029754 0.011741 0.002470
v 0.030373 0.011748 0.002416
v 0.029557 0.011751 0.002396
v 0.030173 0.011739 0.002480
v -0.029884 0.011739 0.002480
v -0.029129 0.011851 0.001675
v 0.020117 0.011813 0.001954
v 0.029126 0.011813 0.001954
v 0.030903 0.011834 0.001801
v 0.029058 0.011840 0.001756
v 0.020050 0.011840 0.001756
v 0.027925 0.011851 0.001675
v 0.041902 -0.001954 0.012447
v 0.041548 -0.003217 0.012447
v 0.041004 -0.004408 0.012470
v 0.041526 -0.003209 0.012470
v 0.042194 -0.003990 0.009094
v 0.041499 -0.003199 0.012486
v 0.041548 0.003217 0.012447
v 0.041821 0.001938 0.012497
v 0.036661 -0.010811 0.003491
v 0.036511 -0.009685 0.009094
v 0.029067 -0.012500 0.001766
v 0.027466 -0.012500 0.003516
v 0.039789 -0.010084 -0.005314
v 0.039735 -0.010067 -0.004289
v 0.039065 -0.010476 -0.003681
v 0.038410 -0.010630 -0.001090
v 0.041219 -0.007964 0.001969
v 0.039568 -0.010247 -0.008304
v 0.038098 -0.010835 -0.009008
v 0.039067 -0.010050 -0.009443
v 0.039072 -0.009959 0.001014
v 0.036331 -0.008838 0.012391
v 0.033993 -0.008131 -0.012423
v -0.032574 -0.007000 -0.012500
v -0.035877 -0.008429 -0.012224
v -0.029181 -0.012500 0.001600
v -0.028437 -0.012496 0.003111
v -0.033942 -0.011625 0.002717
v -0.034366 -0.012117 -0.002031
v -0.034225 -0.012337 -0.005334
v -0.034255 -0.012318 -0.004957
v -0.034225 -0.012375 -0.006648
v -0.034637 -0.012211 -0.003994
v -0.029026 -0.012496 0.002327
v -0.026875 0.008270 -0.012425
v -0.022868 0.008270 -0.012425
v 0.005996 0.008467 -0.012388
v -0.035877 0.008433 -0.012223
v -0.033868 0.008415 -0.012378
v 0.033246 0.008186 -0.012430
v 0.033207 0.007762 -0.012478
v 0.005341 0.008401 -0.012401
v 0.038667 0.007730 -0.011825
v 0.037620 0.005832 -0.012483
v 0.039185 0.003942 -0.012483
v 0.042683 0.002306 -0.011442
v 0.042332 0.003477 -0.011451
v 0.042609 0.004133 -0.011005
v 0.041152 0.001350 -0.012318
v 0.041672 0.000002 -0.012180
v 0.041814 0.001498 -0.012069
v 0.039740 -0.001340 -0.012500
v 0.039579 -0.002027 -0.012500
v 0.039346 -0.002712 -0.012500
v 0.039040 -0.003384 -0.012499
v 0.039413 0.001070 -0.012500
v 0.039389 -0.001210 -0.012500
v 0.037703 -0.004675 -0.012500
v -0.035339 0.006432 -0.012500
v 0.034444 0.007351 -0.012490
v 0.032488 0.007798 -0.012479
v -0.000043 0.008130 -0.012445
v 0.041959 -0.001749 -0.011978
v 0.042561 -0.002878 -0.011422
v 0.040881 -0.002399 -0.012329
v 0.040605 -0.003210 -0.012328
v 0.041258 -0.005727 -0.011422
v 0.038340 -0.005846 -0.012425
v 0.038020 -0.005527 -0.012479
v 0.039796 -0.004772 -0.012328
v 0.040009 -0.002150 -0.012480
v 0.035515 -0.006313 -0.012500
v 0.036524 -0.006169 -0.012498
v 0.037137 -0.005722 -0.012498
v 0.035367 -0.007268 -0.012477
v 0.036081 -0.006944 -0.012478
v 0.036769 -0.006543 -0.012478
v 0.033272 -0.008689 -0.012324
v 0.038277 -0.007124 -0.012178
v 0.038662 -0.006168 -0.012327
v 0.036730 -0.010703 -0.010294
v 0.036616 -0.010414 -0.010698
v 0.037781 -0.010225 -0.010294
v -0.026119 0.012007 -0.009448
v -0.007977 0.011740 -0.009943
v -0.008894 0.011708 -0.009995
v -0.012520 0.011638 -0.010108
v -0.008478 0.011690 -0.010025
v -0.007913 0.011822 -0.009802
v -0.008539 0.011940 -0.009582
v -0.034129 0.011711 -0.009817
v 0.041800 0.007616 -0.009414
v 0.041853 0.008289 -0.008004
v 0.041817 0.008257 -0.008304
v 0.043876 0.005133 -0.006467
v 0.037852 0.010548 -0.009785
v 0.038321 0.010515 -0.009414
v -0.013508 0.011115 -0.010801
v -0.011021 0.011337 -0.010533
v -0.015011 0.010908 -0.011024
v 0.040447 0.005566 -0.011933
v -0.009176 0.009688 -0.011943
v 0.009715 0.009815 -0.011873
v -0.034033 0.010403 -0.011392
v -0.034809 0.010656 -0.011042
v -0.035610 0.010819 -0.010657
v 0.041196 0.007910 0.002350
v 0.042300 0.002887 0.010197
v 0.042898 0.001335 0.009094
v 0.042942 0.006796 -0.005698
v 0.042984 0.006793 -0.007236
v 0.043981 0.002770 0.001969
v 0.044191 0.001249 0.002350
v 0.042150 0.007700 -0.003393
v 0.041749 0.008302 -0.004930
v 0.035720 0.011466 0.001205
v 0.035274 0.010840 0.005764
v 0.040859 0.007027 -0.011005
v 0.044275 0.001402 -0.009736
v 0.044296 0.000928 -0.009783
v -0.008888 0.012500 -0.008075
v -0.008893 0.012497 -0.008127
v 0.008803 0.012500 -0.008075
v -0.000043 0.012500 -0.008075
v 0.002985 0.012497 -0.008125
v -0.000043 0.012475 -0.008230
v -0.008899 0.012475 -0.008230
v -0.008896 0.012489 -0.008179
v 0.002971 0.012489 -0.008177
v 0.003937 0.012497 -0.008125
v 0.003951 0.012489 -0.008177
v 0.008808 0.012497 -0.008127
v 0.008705 0.012499 -0.007695
v 0.008990 0.012498 -0.007598
v 0.008253 0.012492 -0.007061
v 0.008794 0.012494 -0.007221
v 0.038237 0.011090 -0.006852
v -0.029320 0.012451 -0.005440
v 0.030846 0.012444 -0.005262
v -0.027982 0.012438 -0.005119
v 0.007214 0.012479 -0.006380
v -0.012026 0.012463 -0.005807
v 0.007678 0.012480 -0.006437
v 0.033809 0.009748 0.011661
v -0.041964 0.001950 0.012470
v -0.033880 -0.009493 0.012470
v -0.033867 -0.009403 0.012500
v -0.035154 -0.009200 0.012486
v -0.035877 -0.012047 -0.006964
v -0.037351 -0.009035 0.010197
v -0.036627 -0.011633 -0.002939
v -0.036228 -0.011766 -0.002972
v -0.036125 -0.011586 -0.000603
v -0.037139 -0.011160 -0.000023
v -0.038041 -0.010553 0.001431
v -0.038448 -0.010531 -0.000023
v -0.038264 -0.010950 -0.003238
v -0.035836 -0.011888 -0.003073
v -0.035663 -0.011596 0.000476
v -0.039563 -0.006521 0.012486
v -0.038609 -0.007411 0.012486
v -0.038569 -0.007363 0.012500
v -0.038626 -0.007433 0.012470
v -0.037542 -0.008163 0.012486
v -0.038509 -0.008322 0.010197
v -0.039672 -0.009750 -0.000023
v -0.039283 -0.009812 0.001431
v -0.038609 0.007411 0.012486
v -0.039517 0.006478 0.012500
v -0.040937 0.008448 0.001431
v -0.040242 0.008159 0.005764
v -0.037829 0.009076 0.009094
v -0.039482 0.007894 0.009094
v -0.033805 0.012439 -0.007946
v -0.033945 0.012424 -0.007865
v -0.034225 0.012386 -0.007306
v -0.034206 0.012390 -0.007467
v -0.034054 0.012225 -0.002883
v -0.034272 0.012311 -0.004864
v -0.034173 0.012148 -0.002081
v -0.034237 0.012326 -0.005098
v -0.034375 0.012279 -0.004501
v -0.029143 0.012436 -0.005065
v -0.029211 0.012444 -0.005262
v -0.008252 0.012485 -0.006635
v -0.007861 0.012481 -0.006464
v -0.029641 0.012460 -0.005704
v -0.026638 0.012460 -0.005704
v -0.008742 0.012199 -0.009009
v 0.003901 0.012380 -0.008516
v 0.040623 -0.006597 -0.011421
v 0.040169 -0.007672 -0.011078
v 0.038559 -0.007471 -0.011976
v 0.036487 -0.010089 -0.011075
v 0.037477 -0.009639 -0.011076
v 0.038432 -0.009082 -0.011077
v 0.044227 -0.003354 -0.009012
v 0.040827 -0.008329 -0.009875
v 0.040778 0.000417 -0.012423
v 0.040157 0.002790 -0.012444
v 0.040478 0.001245 -0.012454
v 0.040120 0.001186 -0.012487
v 0.021699 0.011784 0.002167
v -0.020341 0.011784 0.002167
v -0.030303 0.011741 0.002470
v -0.021086 0.011737 0.002498
v -0.021491 0.011751 0.002396
v 0.020746 0.011741 0.002470
v 0.006905 0.011851 0.001675
v -0.021922 0.011813 0.001954
v 0.000874 0.011834 0.001801
v 0.041879 -0.001949 0.012470
v 0.041470 -0.003189 0.012497
v 0.041526 0.003209 0.012470
v 0.037110 -0.009414 0.009094
v 0.029081 -0.012500 0.001683
v 0.039357 -0.010371 -0.005058
v 0.038795 -0.010268 0.000059
v 0.038942 -0.009859 -0.009873
v -0.029152 -0.012500 0.001766
v -0.028416 -0.012500 0.003085
v -0.028024 -0.012496 0.003381
v -0.034342 -0.011957 -0.000306
v -0.034225 -0.012386 -0.007306
v -0.034375 -0.012279 -0.004501
v -0.034054 -0.012225 -0.002883
v -0.034326 -0.012170 -0.002631
v -0.035007 -0.012117 -0.003566
v -0.035877 0.009068 -0.011962
v -0.035333 0.009249 -0.011962
v -0.033927 0.009103 -0.012168
v -0.035120 0.008123 -0.012378
v 0.032999 0.008333 -0.012409
v 0.038657 0.006997 -0.012118
v 0.039376 0.004374 -0.012443
v 0.039679 0.003855 -0.012444
v 0.038751 0.003139 -0.012500
v 0.042085 0.003114 -0.011707
v 0.041954 0.001804 -0.011975
v 0.039099 -0.002318 -0.012500
v 0.033147 0.006969 -0.012500
v -0.032573 0.007798 -0.012479
v 0.024807 0.008270 -0.012425
v 0.008103 0.008098 -0.012450
v 0.038214 -0.004645 -0.012499
v 0.040243 -0.004005 -0.012328
v 0.039839 -0.003797 -0.012426
v 0.039437 -0.003589 -0.012480
v 0.039036 -0.004277 -0.012480
v 0.034640 -0.007516 -0.012477
v 0.037991 -0.006772 -0.012327
v -0.022009 0.012006 -0.009451
v -0.007614 0.011769 -0.009894
v 0.009561 0.011596 -0.010172
v -0.032700 0.011547 -0.010244
v 0.042243 0.007041 -0.009414
v 0.042746 0.007073 -0.008304
v 0.042083 0.008014 -0.007236
v 0.043731 0.005472 -0.007236
v 0.037623 0.010873 -0.009414
v -0.000043 0.009671 -0.011952
v 0.042633 0.002687 0.009094
v 0.042781 0.002050 0.009094
v 0.043168 0.006476 -0.006467
v 0.035924 0.011479 0.000632
v 0.044387 0.001415 -0.009521
v -0.000043 0.012489 -0.008179
v -0.008874 0.012494 -0.007214
v -0.008646 0.012496 -0.007412
v -0.009072 0.012498 -0.007591
v -0.008804 0.012499 -0.007730
v 0.008518 0.012496 -0.007350
v 0.003067 0.012500 -0.007971
v 0.003815 0.012500 -0.007926
v 0.003255 0.012499 -0.007823
v -0.026318 0.012451 -0.005440
v -0.003761 0.012452 -0.005483
v -0.007585 0.012479 -0.006401
v -0.037366 -0.010875 0.001431
v -0.036718 -0.011138 0.001431
v -0.035841 -0.011621 -0.000156
v -0.036242 -0.010947 0.003756
v -0.036128 -0.011033 0.003471
v -0.035861 -0.011207 0.002894
v -0.035594 -0.011725 -0.000498
v -0.038653 -0.007465 0.012421
v -0.036384 -0.008763 0.012486
v -0.037510 -0.008110 0.012500
v -0.037557 -0.008187 0.012470
v -0.038652 -0.010213 0.001431
v -0.039849 -0.009400 0.001431
v -0.039549 -0.010181 -0.003238
v -0.038626 0.007433 0.012470
v -0.040425 0.008925 0.001431
v -0.041452 0.007907 0.001431
v -0.037196 0.009414 0.009094
v -0.034062 0.012410 -0.007754
v 0.030914 0.012436 -0.005065
v -0.007695 0.012486 -0.006729
v 0.008105 0.012484 -0.006601
v 0.007214 0.012485 -0.006680
v -0.027629 0.012457 -0.005624
v 0.029425 0.012457 -0.005624
v 0.030591 0.012456 -0.005590
v -0.030252 0.012463 -0.005790
v -0.027448 0.012461 -0.005728
v 0.029606 0.012461 -0.005728
v -0.017825 0.012462 -0.005778
v 0.030221 0.012462 -0.005778
v 0.030416 0.012460 -0.005704
v -0.029236 0.012359 -0.008579
v 0.039335 -0.008424 -0.011077
v 0.037638 -0.009949 -0.010698
v 0.040476 0.000402 -0.012464
v 0.040702 0.001280 -0.012420
v 0.039930 0.003347 -0.012444
v 0.039685 0.002935 -0.012484
v 0.040373 0.002293 -0.012437
v 0.021894 0.011834 0.001801
v -0.020146 0.011834 0.001801
v 0.041852 -0.001944 0.012486
v 0.039601 -0.010189 -0.004737
v -0.029167 -0.012500 0.001683
v -0.028009 -0.012500 0.003351
v -0.034903 -0.011158 0.004629
v -0.033978 -0.011104 0.005764
v -0.033940 -0.010963 0.006506
v -0.033983 -0.011311 0.004629
v -0.034167 -0.012396 -0.007584
v -0.034085 -0.012407 -0.007724
v -0.033686 -0.012450 -0.007986
v -0.033838 -0.012436 -0.007930
v -0.033974 -0.012421 -0.007842
v -0.034304 -0.012300 -0.004726
v -0.034600 -0.012115 -0.002467
v -0.034173 -0.012148 -0.002081
v -0.035485 0.010091 -0.011393
v -0.035250 0.008803 -0.012169
v 0.038220 0.004026 -0.012500
v 0.027765 0.008270 -0.012425
v 0.038662 -0.004032 -0.012499
v 0.038562 -0.004926 -0.012479
v 0.035875 -0.006547 -0.012498
v 0.035203 -0.006853 -0.012497
v 0.034517 -0.007086 -0.012497
v -0.012541 0.011968 -0.009526
v -0.007299 0.011750 -0.009926
v -0.013714 0.011597 -0.010171
v -0.026242 0.011511 -0.010300
v 0.042785 0.007101 -0.008004
v -0.004796 0.009721 -0.011925
v -0.008390 0.012493 -0.007107
v 0.003873 0.012500 -0.007995
v 0.003152 0.012500 -0.007886
v 0.003491 0.012499 -0.007780
v -0.027784 0.012452 -0.005483
v 0.026148 0.012446 -0.005312
v -0.007299 0.012479 -0.006380
v -0.037579 -0.008223 0.012421
v -0.038853 -0.009853 0.002880
v -0.038653 0.007465 0.012421
v -0.034151 0.012398 -0.007619
v 0.030937 0.012427 -0.004856
v 0.029072 0.012438 -0.005119
v -0.008066 0.012489 -0.006875
v 0.007579 0.012486 -0.006722
v -0.007299 0.012485 -0.006680
v -0.029466 0.012456 -0.005590
v 0.029271 0.012452 -0.005483
v 0.026422 0.012457 -0.005624
v -0.027040 0.012463 -0.005807
v -0.029836 0.012462 -0.005778
v 0.026803 0.012463 -0.005790
v 0.040311 0.000002 -0.012480
v 0.040763 0.000002 -0.012427
v 0.040551 0.000612 -0.012454
v -0.034210 -0.012389 -0.007448
v 0.037487 0.004905 -0.012500
v 0.009892 0.011954 -0.009554
v 0.003719 0.012499 -0.007851
v 0.003370 0.012499 -0.007788
v 0.003609 0.012499 -0.007802
v 0.027911 0.012436 -0.005065
v 0.029044 0.012433 -0.004989
v 0.017033 0.012433 -0.004989
v 0.007925 0.012489 -0.006846
v -0.026463 0.012456 -0.005590
v 0.030737 0.012451 -0.005440
v -0.026833 0.012462 -0.005778
v 0.029806 0.012463 -0.005790
v 0.040326 0.000594 -0.012477
v 0.026041 0.012433 -0.004989
v 0.029151 0.012446 -0.005312
f 1 2 3
f 4 3 2
f 5 2 1
f 6 4 2
f 7 8 9
f 7 6 2
f 10 2 5
f 11 1 3
f 12 5 1
f 12 1 11
f 13 10 5
f 14 15 16
f 14 16 17
f 18 19 4
f 18 4 6
f 20 6 7
f 20 7 9
f 20 9 19
f 20 19 18
f 20 18 6
f 21 9 8
f 22 23 24
f 25 24 23
f 26 13 5
f 27 3 4
f 28 29 15
f 28 30 31
f 28 21 29
f 32 2 10
f 33 10 13
f 34 35 36
f 37 38 39
f 37 39 40
f 41 23 22
f 42 16 15
f 43 44 45
f 46 47 48
f 49 50 51
f 49 51 46
f 49 46 48
f 52 23 53
f 52 53 54
f 55 56 57
f 55 49 48
f 58 59 60
f 58 60 61
f 62 63 57
f 62 64 59
f 65 57 56
f 66 54 53
f 66 53 67
f 68 63 58
f 68 58 61
f 69 68 61
f 69 61 60
f 69 60 70
f 69 70 71
f 72 73 74
f 75 26 5
f 76 26 77
f 78 79 80
f 81 82 83
f 84 85 86
f 84 86 87
f 88 89 80
f 90 80 79
f 91 92 93
f 94 95 96
f 97 98 99
f 100 9 21
f 100 21 28
f 100 28 31
f 100 31 19
f 100 19 9
f 101 14 30
f 101 30 28
f 101 28 15
f 101 15 14
f 102 103 104
f 105 106 107
f 108 14 17
f 109 32 10
f 110 33 13
f 111 35 34
f 111 112 35
f 113 114 115
f 116 117 118
f 119 120 121
f 122 121 120
f 123 124 125
f 123 126 127
f 128 129 130
f 128 126 123
f 128 123 131
f 132 133 134
f 135 136 137
f 135 137 138
f 139 140 141
f 142 143 144
f 145 146 147
f 148 115 114
f 149 150 151
f 152 153 154
f 155 2 32
f 155 32 109
f 155 109 10
f 155 10 33
f 156 8 7
f 157 21 8
f 157 29 21
f 158 29 157
f 158 42 15
f 158 15 29
f 159 42 158
f 159 45 44
f 160 43 45
f 161 155 33
f 162 144 143
f 163 164 165
f 166 167 168
f 169 170 171
f 172 3 27
f 173 51 50
f 174 47 46
f 174 175 166
f 174 166 47
f 176 63 177
f 176 177 50
f 176 50 49
f 176 57 63
f 178 41 67
f 178 67 53
f 178 53 23
f 178 23 41
f 179 25 23
f 179 23 52
f 180 60 59
f 181 56 55
f 181 55 48
f 182 58 63
f 182 63 62
f 182 62 59
f 182 59 58
f 183 56 170
f 184 62 57
f 184 57 65
f 184 65 64
f 184 64 62
f 185 186 68
f 185 68 69
f 185 69 71
f 187 50 177
f 187 177 63
f 187 63 68
f 188 189 190
f 188 190 191
f 192 193 190
f 192 190 189
f 194 195 196
f 194 196 5
f 197 5 12
f 198 195 194
f 199 37 40
f 199 72 74
f 200 46 51
f 201 3 202
f 201 11 3
f 203 196 75
f 203 75 5
f 203 5 196
f 204 13 26
f 205 206 207
f 205 207 208
f 209 210 211
f 212 82 81
f 212 81 213
f 212 213 214
f 212 214 215
f 216 153 217
f 216 217 154
f 216 154 153
f 218 81 83
f 218 213 81
f 219 220 221
f 222 223 78
f 222 78 80
f 222 80 89
f 224 225 93
f 224 93 226
f 224 227 89
f 228 227 224
f 228 224 226
f 228 226 229
f 228 229 227
f 230 80 90
f 231 232 230
f 231 233 234
f 235 236 237
f 238 237 239
f 238 239 240
f 241 94 96
f 242 240 239
f 243 244 245
f 246 247 240
f 248 249 250
f 251 98 97
f 252 253 107
f 252 254 255
f 256 104 103
f 257 105 108
f 257 108 17
f 257 17 258
f 257 258 104
f 259 102 104
f 260 261 262
f 260 262 263
f 260 263 108
f 260 108 105
f 260 105 107
f 264 108 263
f 264 263 262
f 265 33 110
f 266 35 112
f 267 161 33
f 268 269 92
f 270 271 122
f 272 113 115
f 273 226 93
f 273 93 92
f 273 92 269
f 273 274 229
f 273 229 226
f 275 113 272
f 275 274 273
f 275 273 269
f 275 269 113
f 276 277 36
f 276 36 35
f 278 36 277
f 278 115 148
f 278 148 279
f 280 281 282
f 280 283 284
f 280 284 281
f 285 116 118
f 285 118 117
f 285 117 286
f 287 288 282
f 287 282 281
f 289 284 283
f 290 291 292
f 290 124 123
f 290 123 127
f 290 127 293
f 290 293 291
f 294 236 235
f 294 235 295
f 296 295 241
f 296 241 96
f 297 298 270
f 297 270 122
f 297 122 120
f 297 120 119
f 297 119 296
f 297 296 298
f 299 300 233
f 301 300 302
f 301 302 303
f 304 285 286
f 305 306 286
f 305 286 117
f 305 117 116
f 305 116 307
f 305 307 306
f 308 309 304
f 308 304 286
f 308 286 306
f 310 311 304
f 310 304 309
f 310 309 312
f 313 310 312
f 314 291 293
f 314 312 309
f 314 309 308
f 315 316 284
f 315 284 289
f 317 318 319
f 317 319 320
f 317 320 321
f 322 323 131
f 324 124 290
f 325 124 324
f 325 324 326
f 327 129 323
f 328 129 128
f 328 128 131
f 328 131 323
f 328 323 129
f 329 25 179
f 330 331 332
f 333 334 335
f 333 335 336
f 337 338 339
f 337 339 135
f 337 135 138
f 340 341 342
f 343 342 341
f 344 345 346
f 344 346 137
f 344 137 136
f 344 136 293
f 344 293 127
f 344 127 126
f 347 348 349
f 350 349 348
f 351 352 353
f 351 353 354
f 351 354 355
f 356 354 353
f 356 353 352
f 357 358 356
f 357 356 359
f 360 361 362
f 363 364 365
f 366 367 368
f 366 368 369
f 370 368 367
f 370 371 368
f 372 357 359
f 373 374 375
f 376 377 243
f 376 243 245
f 378 145 147
f 378 147 379
f 380 381 382
f 380 383 384
f 385 383 386
f 387 388 147
f 387 147 146
f 389 147 388
f 389 390 379
f 389 379 147
f 391 392 249
f 393 394 395
f 393 395 396
f 393 396 392
f 393 392 394
f 397 269 268
f 398 395 394
f 399 36 278
f 399 278 279
f 399 279 400
f 401 400 279
f 402 403 401
f 402 401 279
f 402 279 148
f 404 386 405
f 406 407 386
f 406 386 383
f 408 409 350
f 408 350 348
f 410 149 411
f 412 413 414
f 412 146 145
f 415 414 413
f 416 417 418
f 419 420 347
f 421 422 420
f 421 423 424
f 421 424 425
f 426 427 422
f 428 429 217
f 428 217 153
f 428 153 152
f 428 152 103
f 430 431 432
f 433 2 155
f 433 156 7
f 433 7 2
f 434 155 435
f 436 156 434
f 436 157 8
f 436 8 156
f 437 438 439
f 440 441 45
f 440 45 159
f 440 159 158
f 442 159 44
f 442 44 438
f 443 159 442
f 444 155 161
f 445 155 444
f 445 444 446
f 445 446 435
f 445 435 155
f 447 448 449
f 450 451 452
f 450 452 437
f 450 437 439
f 453 452 451
f 454 144 162
f 455 456 165
f 455 165 164
f 455 164 140
f 455 140 457
f 458 163 165
f 458 165 459
f 460 166 168
f 460 168 461
f 462 461 168
f 462 168 167
f 463 464 465
f 466 47 464
f 466 464 463
f 466 463 171
f 467 465 464
f 468 172 27
f 469 470 202
f 469 202 3
f 471 472 473
f 474 57 176
f 474 176 49
f 474 49 55
f 474 55 57
f 475 70 60
f 475 60 180
f 475 180 476
f 477 183 87
f 477 478 64
f 477 64 65
f 479 66 185
f 479 185 71
f 479 71 70
f 479 70 52
f 479 52 54
f 479 54 66
f 480 191 186
f 480 186 185
f 481 187 68
f 481 68 186
f 482 193 483
f 482 483 484
f 485 486 487
f 485 487 173
f 485 191 190
f 488 486 484
f 488 484 472
f 489 193 482
f 489 482 484
f 489 484 486
f 489 190 193
f 490 66 67
f 491 188 191
f 491 191 480
f 491 480 185
f 491 185 66
f 492 493 494
f 492 494 483
f 492 483 193
f 492 193 192
f 492 192 189
f 492 189 493
f 495 24 25
f 495 25 130
f 495 327 323
f 496 497 498
f 499 197 500
f 499 500 198
f 499 198 194
f 501 502 167
f 501 167 166
f 501 166 175
f 503 167 502
f 503 502 473
f 503 473 504
f 505 504 506
f 505 507 202
f 508 201 202
f 508 202 507
f 508 11 201
f 509 13 204
f 510 76 509
f 510 509 204
f 510 204 26
f 510 26 76
f 511 512 78
f 511 78 223
f 513 79 78
f 513 78 512
f 513 514 79
f 515 512 511
f 515 511 516
f 515 516 509
f 515 509 76
f 517 518 519
f 517 519 520
f 517 520 521
f 517 521 214
f 517 522 518
f 523 205 87
f 523 170 169
f 524 84 87
f 524 87 205
f 524 205 208
f 524 525 84
f 526 527 207
f 528 529 210
f 530 531 210
f 530 210 529
f 532 527 528
f 532 209 518
f 533 215 534
f 535 82 212
f 535 212 215
f 535 215 533
f 535 533 82
f 536 220 537
f 536 537 538
f 539 522 517
f 539 517 214
f 540 84 525
f 541 542 213
f 543 255 544
f 545 544 255
f 546 225 224
f 546 224 89
f 546 89 88
f 547 88 80
f 547 80 230
f 547 230 232
f 547 546 88
f 548 549 550
f 551 95 94
f 551 238 552
f 553 235 237
f 553 94 241
f 553 241 295
f 553 295 235
f 554 392 396
f 554 555 96
f 554 96 95
f 556 376 245
f 556 245 244
f 557 247 243
f 558 243 247
f 558 247 246
f 558 246 240
f 558 244 243
f 559 248 250
f 559 250 552
f 559 552 238
f 559 238 240
f 559 240 247
f 560 561 251
f 560 251 97
f 562 251 561
f 563 99 98
f 564 27 4
f 565 566 564
f 567 106 105
f 567 105 257
f 567 257 104
f 568 16 569
f 568 569 258
f 568 258 17
f 568 17 16
f 570 431 102
f 570 102 259
f 571 432 431
f 571 431 570
f 571 570 572
f 573 104 258
f 573 258 569
f 574 261 260
f 574 260 107
f 575 576 30
f 575 30 14
f 577 217 578
f 579 222 89
f 579 223 222
f 580 509 516
f 580 516 511
f 580 511 223
f 581 110 13
f 582 274 275
f 582 275 272
f 582 272 583
f 582 583 584
f 585 267 33
f 585 33 265
f 585 586 587
f 588 268 92
f 589 96 555
f 589 555 590
f 591 92 91
f 591 590 588
f 591 588 92
f 592 583 272
f 592 272 115
f 592 115 278
f 592 278 277
f 592 277 276
f 592 584 583
f 593 287 281
f 594 595 38
f 594 38 593
f 594 593 596
f 597 598 599
f 597 39 38
f 597 38 595
f 597 595 598
f 600 282 288
f 600 288 280
f 600 280 282
f 601 288 287
f 601 287 593
f 601 593 38
f 601 38 37
f 601 37 288
f 602 603 289
f 604 292 291
f 604 290 292
f 605 116 285
f 605 285 602
f 605 602 289
f 605 289 283
f 605 283 280
f 605 280 288
f 606 199 74
f 606 74 324
f 606 324 290
f 607 119 121
f 607 608 609
f 610 549 548
f 610 548 236
f 611 294 295
f 611 295 296
f 611 296 119
f 612 294 611
f 612 611 119
f 613 93 225
f 613 225 546
f 613 546 547
f 613 547 232
f 613 614 91
f 613 91 93
f 615 91 614
f 615 614 271
f 615 271 270
f 616 300 299
f 617 234 233
f 617 233 300
f 618 301 303
f 618 121 122
f 619 620 621
f 622 311 310
f 622 310 313
f 622 320 319
f 623 339 338
f 624 625 313
f 626 291 314
f 626 314 308
f 626 308 306
f 626 306 307
f 626 307 291
f 627 136 135
f 627 135 628
f 627 314 293
f 629 318 630
f 631 603 602
f 631 319 318
f 631 318 629
f 631 629 603
f 632 133 132
f 633 634 335
f 635 336 335
f 635 335 634
f 636 637 133
f 636 133 632
f 636 632 638
f 639 640 641
f 639 641 642
f 643 73 326
f 643 326 324
f 643 324 74
f 643 74 73
f 644 130 25
f 644 25 329
f 645 126 128
f 645 128 130
f 645 130 644
f 646 647 331
f 648 649 646
f 650 330 332
f 650 332 651
f 652 362 361
f 653 654 655
f 656 657 658
f 659 346 340
f 659 340 660
f 659 660 661
f 659 661 337
f 659 337 138
f 659 138 137
f 659 137 346
f 662 341 340
f 662 340 346
f 662 346 345
f 662 345 341
f 663 343 658
f 664 665 344
f 664 344 126
f 664 126 665
f 666 345 344
f 666 344 665
f 666 665 667
f 666 667 345
f 668 669 351
f 668 351 355
f 668 670 669
f 671 419 347
f 671 347 349
f 671 349 672
f 671 672 673
f 674 146 412
f 675 358 363
f 676 352 351
f 676 351 669
f 676 669 677
f 676 677 370
f 678 354 356
f 678 356 358
f 678 358 675
f 678 675 354
f 679 680 681
f 679 681 682
f 683 363 365
f 684 685 686
f 684 683 365
f 684 365 685
f 687 688 689
f 687 689 686
f 690 691 692
f 690 693 694
f 690 694 695
f 690 695 691
f 696 697 698
f 699 700 364
f 699 364 363
f 699 363 358
f 701 370 367
f 701 367 702
f 701 702 352
f 701 352 676
f 701 676 370
f 703 372 359
f 703 359 356
f 703 356 352
f 703 352 702
f 704 357 372
f 704 372 361
f 705 695 706
f 705 706 707
f 708 693 698
f 708 707 706
f 709 694 693
f 709 693 708
f 709 708 706
f 709 706 695
f 710 711 712
f 710 712 713
f 714 140 139
f 715 714 716
f 715 716 717
f 718 143 142
f 718 142 719
f 720 721 111
f 722 587 586
f 722 266 112
f 723 377 376
f 724 247 557
f 724 378 379
f 724 379 725
f 726 381 380
f 726 380 384
f 727 388 387
f 727 385 386
f 727 386 404
f 727 404 388
f 728 247 724
f 728 724 725
f 728 248 559
f 728 559 247
f 729 248 728
f 729 391 249
f 729 249 248
f 730 394 392
f 730 392 391
f 731 730 391
f 731 732 733
f 734 398 735
f 734 735 736
f 734 736 405
f 734 405 737
f 738 113 269
f 738 269 397
f 738 397 395
f 738 114 113
f 739 735 398
f 739 398 394
f 739 394 730
f 739 730 731
f 739 731 735
f 740 399 400
f 740 720 111
f 740 111 34
f 741 403 398
f 742 719 142
f 742 743 717
f 742 717 716
f 742 716 719
f 744 717 743
f 745 744 743
f 746 403 402
f 746 402 148
f 746 148 114
f 747 390 389
f 747 389 388
f 747 388 404
f 747 404 405
f 748 380 382
f 748 382 406
f 748 406 383
f 748 383 380
f 749 686 689
f 749 684 686
f 750 375 374
f 750 751 375
f 752 750 374
f 753 751 409
f 753 409 408
f 753 408 348
f 754 375 751
f 754 150 755
f 754 373 375
f 756 670 757
f 756 757 758
f 756 677 669
f 756 669 670
f 759 760 761
f 759 761 415
f 759 415 413
f 762 415 761
f 762 761 758
f 762 758 757
f 762 757 763
f 764 145 765
f 764 765 413
f 764 413 412
f 764 412 145
f 766 767 221
f 766 221 220
f 768 425 681
f 768 681 680
f 768 680 769
f 770 771 682
f 770 682 681
f 770 681 425
f 770 425 424
f 770 424 423
f 772 416 418
f 772 418 773
f 774 425 768
f 774 422 421
f 774 421 425
f 775 753 348
f 776 777 151
f 776 151 150
f 776 150 754
f 776 754 751
f 778 151 777
f 778 777 427
f 779 780 426
f 779 426 781
f 782 773 418
f 783 784 429
f 783 429 428
f 785 431 430
f 785 430 103
f 785 103 102
f 785 102 431
f 786 787 428
f 786 428 103
f 786 103 430
f 786 430 432
f 786 432 787
f 788 432 789
f 788 773 787
f 788 787 432
f 790 780 779
f 791 160 45
f 791 45 441
f 791 441 792
f 793 791 792
f 793 792 435
f 793 435 446
f 794 433 155
f 794 155 434
f 794 434 156
f 794 156 433
f 795 441 440
f 795 440 158
f 795 158 157
f 796 797 798
f 796 442 438
f 796 438 797
f 799 573 569
f 800 159 443
f 800 42 159
f 801 444 161
f 802 160 791
f 803 804 43
f 803 43 160
f 803 160 802
f 803 802 447
f 803 447 449
f 803 449 804
f 805 450 43
f 805 43 804
f 806 43 450
f 806 450 439
f 806 439 438
f 806 438 44
f 806 44 43
f 807 448 447
f 807 454 448
f 808 164 163
f 808 163 449
f 808 449 809
f 808 809 141
f 808 141 140
f 808 140 164
f 810 714 139
f 810 139 141
f 811 143 718
f 811 718 719
f 811 719 716
f 811 162 143
f 812 449 163
f 812 163 458
f 812 458 804
f 812 804 449
f 813 464 47
f 813 47 166
f 813 166 460
f 813 460 461
f 813 461 467
f 813 467 464
f 814 172 815
f 814 3 172
f 816 462 167
f 816 167 503
f 816 503 470
f 817 169 171
f 817 171 463
f 818 466 171
f 818 171 170
f 819 820 821
f 819 465 467
f 822 815 172
f 823 824 822
f 823 825 826
f 827 470 469
f 827 469 3
f 828 829 200
f 828 200 51
f 828 471 473
f 830 507 505
f 830 505 506
f 830 12 11
f 830 11 508
f 830 508 507
f 831 472 484
f 831 506 504
f 831 504 473
f 831 473 472
f 832 475 476
f 833 179 52
f 833 52 70
f 833 70 475
f 833 475 832
f 833 832 834
f 833 834 179
f 835 183 477
f 835 477 65
f 835 65 56
f 835 56 183
f 836 86 837
f 836 478 477
f 836 477 87
f 836 87 86
f 838 839 840
f 838 830 506
f 841 197 12
f 842 481 186
f 842 186 191
f 842 191 485
f 842 485 173
f 842 173 50
f 842 50 187
f 842 187 481
f 843 173 487
f 843 488 472
f 843 472 471
f 844 485 190
f 844 190 489
f 844 489 486
f 844 486 485
f 845 66 490
f 845 490 188
f 845 188 491
f 845 491 66
f 846 327 495
f 846 495 130
f 846 130 129
f 846 129 327
f 847 198 500
f 848 73 72
f 848 849 850
f 848 850 73
f 851 849 848
f 851 852 853
f 854 855 856
f 854 856 496
f 854 496 498
f 854 498 855
f 857 850 496
f 857 496 856
f 857 326 73
f 857 73 850
f 858 197 499
f 858 499 194
f 858 194 5
f 858 5 197
f 859 502 501
f 859 501 175
f 859 175 174
f 859 174 46
f 859 46 200
f 859 200 829
f 860 503 504
f 860 504 505
f 860 505 202
f 860 202 470
f 860 470 503
f 861 862 863
f 861 864 299
f 861 299 233
f 865 513 512
f 865 512 515
f 866 195 853
f 867 868 869
f 867 869 870
f 871 872 867
f 871 867 873
f 874 873 867
f 874 867 870
f 874 870 875
f 876 877 878
f 876 878 879
f 880 869 868
f 881 211 210
f 881 210 531
f 882 215 214
f 882 214 521
f 882 521 534
f 882 534 215
f 883 534 521
f 883 521 520
f 883 520 519
f 883 519 211
f 884 209 211
f 884 211 519
f 884 519 518
f 884 518 209
f 885 183 170
f 885 170 523
f 885 523 87
f 885 87 183
f 886 206 205
f 886 205 523
f 886 523 169
f 886 169 206
f 887 526 207
f 887 207 206
f 888 526 529
f 888 529 528
f 888 528 527
f 888 527 526
f 889 875 870
f 890 209 532
f 890 532 528
f 890 528 210
f 890 210 209
f 891 892 893
f 891 878 877
f 894 252 255
f 894 893 892
f 894 892 253
f 894 253 252
f 895 891 893
f 895 893 896
f 897 533 896
f 897 83 82
f 897 82 533
f 898 536 538
f 899 900 901
f 899 901 536
f 902 540 525
f 903 904 767
f 903 905 784
f 903 784 904
f 906 429 784
f 906 784 907
f 906 907 217
f 906 217 429
f 908 907 784
f 909 254 252
f 909 252 107
f 910 900 899
f 910 899 536
f 910 536 898
f 910 898 542
f 910 542 541
f 910 541 213
f 911 912 913
f 911 913 218
f 914 218 913
f 914 913 910
f 914 910 213
f 914 213 218
f 915 916 917
f 918 544 916
f 919 917 916
f 919 916 544
f 920 83 897
f 920 897 921
f 920 921 922
f 920 218 83
f 923 218 920
f 923 920 922
f 923 911 218
f 924 925 537
f 926 927 924
f 926 924 537
f 928 689 688
f 929 930 220
f 929 220 219
f 931 661 660
f 931 337 661
f 932 931 933
f 934 935 936
f 937 548 550
f 937 550 549
f 938 939 940
f 938 941 942
f 938 942 943
f 938 943 939
f 944 945 946
f 944 946 947
f 944 940 945
f 948 237 238
f 948 238 551
f 948 551 94
f 948 94 553
f 948 553 237
f 949 555 554
f 949 554 396
f 950 554 95
f 950 95 551
f 950 551 552
f 950 552 250
f 951 249 392
f 951 392 554
f 951 554 950
f 951 950 250
f 951 250 249
f 952 556 244
f 953 954 943
f 953 943 942
f 953 942 955
f 956 556 952
f 956 952 939
f 956 939 943
f 956 943 954
f 957 958 563
f 959 955 958
f 959 958 957
f 959 960 961
f 959 953 955
f 962 963 253
f 962 253 892
f 964 262 261
f 965 565 4
f 965 4 19
f 966 4 565
f 966 565 564
f 966 564 4
f 967 103 968
f 969 154 217
f 969 217 577
f 969 577 970
f 969 567 971
f 969 103 972
f 973 106 567
f 973 567 974
f 975 259 104
f 975 572 570
f 975 570 259
f 976 253 963
f 976 574 107
f 976 107 253
f 977 108 264
f 977 264 262
f 977 262 575
f 977 575 14
f 977 14 108
f 978 576 575
f 978 575 262
f 978 262 964
f 979 103 152
f 980 110 981
f 980 265 110
f 982 265 980
f 982 980 981
f 982 586 585
f 982 585 265
f 983 266 722
f 983 722 586
f 984 582 584
f 985 227 229
f 985 579 89
f 985 89 227
f 986 13 509
f 986 509 580
f 987 988 989
f 990 454 807
f 990 807 989
f 991 270 298
f 991 298 296
f 991 296 96
f 991 96 589
f 991 589 590
f 991 590 270
f 992 270 590
f 992 590 591
f 992 591 91
f 992 91 615
f 992 615 270
f 993 864 994
f 993 596 593
f 995 599 598
f 995 598 595
f 996 39 597
f 996 597 997
f 996 997 199
f 996 199 40
f 996 40 39
f 998 997 597
f 998 597 599
f 998 72 199
f 998 199 997
f 999 307 290
f 999 291 307
f 1000 605 288
f 1001 625 1002
f 1003 608 607
f 1003 607 303
f 1003 303 302
f 1004 294 612
f 1004 612 609
f 1004 609 610
f 1004 610 236
f 1004 236 294
f 1005 607 609
f 1005 609 612
f 1005 612 119
f 1005 119 607
f 1006 231 234
f 1006 614 613
f 1006 613 232
f 1006 232 231
f 1007 616 299
f 1007 299 1008
f 1007 1008 1009
f 1010 234 617
f 1010 617 300
f 1010 300 301
f 1011 121 618
f 1011 618 303
f 1011 303 607
f 1011 607 121
f 1012 320 622
f 1012 622 313
f 1012 619 621
f 1012 621 321
f 1012 321 320
f 1013 311 622
f 1013 622 319
f 1013 319 1014
f 1015 312 314
f 1015 314 627
f 1015 627 628
f 1015 628 135
f 1015 135 339
f 1015 339 623
f 1016 313 312
f 1016 312 1015
f 1016 1015 623
f 1016 624 313
f 1017 624 1018
f 1019 136 627
f 1019 627 293
f 1019 293 136
f 1020 315 289
f 1020 289 603
f 1020 603 629
f 1020 629 316
f 1020 316 315
f 1021 629 630
f 1022 994 864
f 1023 304 311
f 1023 311 1013
f 1023 1013 1014
f 1023 1014 285
f 1023 285 304
f 1024 1014 319
f 1024 319 631
f 1024 631 602
f 1024 602 285
f 1024 285 1014
f 1025 343 341
f 1026 667 638
f 1027 335 334
f 1028 634 633
f 1028 1029 634
f 1030 1031 657
f 1030 657 656
f 1030 656 132
f 1030 132 134
f 1032 642 641
f 1032 641 134
f 1032 134 133
f 1032 133 637
f 1032 637 636
f 1032 636 1033
f 1032 1033 642
f 1034 633 640
f 1034 640 639
f 1034 639 1029
f 1034 1029 1028
f 1034 1028 633
f 1035 1036 124
f 1037 125 1036
f 1037 131 123
f 1037 123 125
f 1038 645 644
f 1038 644 329
f 1038 329 1039
f 1038 1039 665
f 1038 665 126
f 1038 126 645
f 1040 1039 329
f 1040 329 179
f 1040 179 834
f 1041 667 665
f 1041 665 1039
f 1041 1039 1040
f 1041 1040 834
f 1042 331 647
f 1042 1043 651
f 1044 649 648
f 1044 331 330
f 1045 331 648
f 1045 648 646
f 1045 646 331
f 1046 1047 1048
f 1046 360 362
f 1046 362 650
f 1046 650 651
f 1046 651 1047
f 1049 330 650
f 1049 650 362
f 1049 655 654
f 1050 1051 1052
f 1050 1052 369
f 1050 369 1053
f 1050 1053 1054
f 1055 1052 1051
f 1056 713 1057
f 1056 1057 1058
f 1056 1058 85
f 1059 653 655
f 1059 655 1060
f 1061 1062 1063
f 1064 1063 1062
f 1064 1062 1065
f 1064 1066 1067
f 1064 1067 1063
f 1068 657 1031
f 1068 1031 1069
f 1070 342 343
f 1070 343 663
f 1070 660 340
f 1070 340 342
f 1071 1072 663
f 1071 663 658
f 1071 658 657
f 1071 657 1068
f 1071 1068 1072
f 1073 695 1074
f 1073 1075 1076
f 1077 538 537
f 1077 537 925
f 1078 1079 688
f 1080 688 1079
f 1080 924 927
f 1080 927 928
f 1080 928 688
f 1081 1082 692
f 1083 1084 1085
f 1086 673 672
f 1086 670 668
f 1086 668 673
f 1087 671 673
f 1087 673 668
f 1088 384 383
f 1089 674 412
f 1089 412 414
f 1090 675 1091
f 1090 1091 423
f 1092 679 682
f 1092 682 771
f 1093 363 683
f 1093 683 684
f 1093 1094 675
f 1093 675 363
f 1095 685 707
f 1095 707 708
f 1095 708 698
f 1095 698 687
f 1095 687 686
f 1095 686 685
f 1096 1084 1083
f 1096 1083 1097
f 1096 688 687
f 1096 687 1084
f 1098 693 690
f 1098 696 698
f 1098 698 693
f 1099 687 698
f 1099 698 697
f 1099 1100 1084
f 1099 1084 687
f 1101 1048 1047
f 1101 1047 707
f 1101 707 1102
f 1101 1102 364
f 1101 364 1048
f 1103 685 365
f 1103 365 364
f 1103 364 1102
f 1103 1102 707
f 1103 707 685
f 1104 758 761
f 1105 761 760
f 1106 357 704
f 1106 700 699
f 1106 699 358
f 1106 358 357
f 1107 364 700
f 1107 700 1106
f 1107 1106 704
f 1108 1048 364
f 1108 364 1107
f 1108 1107 704
f 1108 704 361
f 1108 361 360
f 1109 1110 1076
f 1111 651 1043
f 1112 707 1047
f 1112 1047 651
f 1113 1114 1115
f 1113 1115 1073
f 1113 707 1114
f 1116 1117 1118
f 1116 1118 1115
f 1116 1115 1114
f 1116 1114 1117
f 1119 532 518
f 1119 518 522
f 1120 1115 1118
f 1120 1118 1076
f 1120 1076 1075
f 1120 1075 1073
f 1120 1073 1115
f 1121 1074 705
f 1121 705 707
f 1122 695 705
f 1122 705 1074
f 1122 1074 695
f 1123 694 709
f 1123 709 695
f 1123 695 694
f 1124 373 1125
f 1124 1125 456
f 1124 374 373
f 1126 453 459
f 1126 459 165
f 1126 165 456
f 1126 456 1125
f 1126 1125 373
f 1127 149 410
f 1127 1128 1129
f 1127 755 150
f 1127 150 149
f 1130 140 714
f 1130 714 715
f 1130 1131 457
f 1130 457 140
f 1132 715 717
f 1133 1130 715
f 1134 745 743
f 1135 1136 765
f 1135 765 145
f 1135 145 378
f 1137 556 956
f 1137 376 556
f 1138 1139 1140
f 1141 723 1136
f 1141 1136 1135
f 1141 1135 378
f 1141 378 724
f 1141 377 723
f 1142 377 1141
f 1142 1141 724
f 1142 724 557
f 1142 557 243
f 1142 243 377
f 1143 381 726
f 1143 726 384
f 1144 732 731
f 1144 731 391
f 1144 391 729
f 1144 729 728
f 1144 728 725
f 1144 725 732
f 1145 732 725
f 1145 725 379
f 1145 379 390
f 1146 731 733
f 1146 733 732
f 1146 732 1145
f 1146 1145 736
f 1146 736 735
f 1146 735 731
f 1147 399 740
f 1147 740 34
f 1147 34 36
f 1147 36 399
f 1148 1149 400
f 1148 400 401
f 1148 741 398
f 1150 737 405
f 1150 405 386
f 1150 386 407
f 1151 737 1150
f 1151 398 734
f 1151 734 737
f 1152 398 403
f 1152 403 746
f 1152 746 114
f 1152 114 738
f 1152 738 395
f 1152 395 398
f 1153 749 689
f 1153 689 1092
f 1153 1092 771
f 1154 1091 675
f 1154 675 1094
f 1155 1156 752
f 1155 381 1143
f 1157 750 752
f 1157 752 1156
f 1158 350 409
f 1159 751 753
f 1159 753 1160
f 1159 1160 776
f 1159 776 751
f 1161 797 438
f 1161 438 437
f 1161 437 452
f 1161 452 1162
f 1163 756 758
f 1163 758 1104
f 1164 765 1165
f 1164 1165 1140
f 1164 1140 1139
f 1164 1139 760
f 1164 760 759
f 1164 759 413
f 1164 413 765
f 1166 414 415
f 1166 415 762
f 1166 762 763
f 1166 763 1167
f 1166 1167 1089
f 1166 1089 414
f 1168 1136 723
f 1168 765 1136
f 1169 1170 1171
f 1169 1171 1139
f 1172 221 767
f 1172 767 1173
f 1172 1173 680
f 1174 1173 767
f 1174 680 1173
f 1175 680 1174
f 1175 769 680
f 1176 901 900
f 1176 900 1177
f 1176 1177 905
f 1176 905 903
f 1176 903 767
f 1176 767 766
f 1176 766 220
f 1176 220 536
f 1176 536 901
f 1178 1179 219
f 1178 219 221
f 1180 1181 1182
f 1183 417 416
f 1183 416 768
f 1183 768 769
f 1183 769 417
f 1184 770 423
f 1184 423 1091
f 1184 1091 1154
f 1185 772 781
f 1185 781 426
f 1185 426 422
f 1185 422 774
f 1186 416 772
f 1186 772 1185
f 1186 1185 774
f 1186 774 768
f 1186 768 416
f 1187 777 776
f 1188 420 422
f 1188 775 348
f 1188 348 347
f 1188 347 420
f 1189 149 151
f 1189 151 778
f 1189 780 411
f 1189 411 149
f 1190 784 783
f 1190 783 428
f 1191 784 1190
f 1191 417 769
f 1192 781 772
f 1192 772 773
f 1192 773 790
f 1192 790 779
f 1192 779 781
f 1193 411 780
f 1193 788 789
f 1194 788 1193
f 1194 1193 780
f 1194 780 790
f 1194 790 773
f 1194 773 788
f 1195 434 435
f 1195 435 792
f 1195 792 441
f 1195 441 795
f 1195 795 157
f 1195 157 436
f 1195 436 434
f 1196 443 442
f 1196 442 796
f 1196 796 798
f 1196 798 799
f 1196 799 800
f 1196 800 443
f 1197 800 799
f 1197 799 569
f 1198 1199 1200
f 1198 1200 801
f 1198 801 161
f 1201 793 446
f 1201 446 444
f 1201 444 801
f 1201 801 1200
f 1202 458 459
f 1202 459 453
f 1202 805 804
f 1202 804 458
f 1203 1204 1161
f 1203 1161 1162
f 1205 1128 1203
f 1205 1203 1162
f 1206 162 811
f 1206 811 1207
f 1206 1207 810
f 1208 809 449
f 1208 449 448
f 1208 448 454
f 1208 454 162
f 1208 162 1206
f 1208 1206 810
f 1208 810 141
f 1208 141 809
f 1209 1207 811
f 1209 811 716
f 1209 716 714
f 1209 714 810
f 1209 810 1207
f 1210 872 871
f 1211 462 816
f 1211 816 470
f 1212 56 181
f 1212 181 48
f 1212 48 47
f 1212 47 466
f 1212 466 818
f 1212 818 170
f 1212 170 56
f 1213 1210 820
f 1213 820 819
f 1214 819 467
f 1214 467 461
f 1215 465 819
f 1215 819 821
f 1215 875 465
f 1216 468 27
f 1216 27 825
f 1216 825 823
f 1216 823 822
f 1216 822 172
f 1216 172 468
f 1217 872 1210
f 1217 824 823
f 1217 823 826
f 1217 826 1218
f 1219 169 817
f 1219 817 463
f 1220 526 887
f 1220 887 206
f 1220 206 169
f 1220 169 1219
f 1220 1219 1221
f 1220 529 526
f 1222 814 815
f 1222 815 827
f 1222 827 3
f 1222 3 814
f 1223 173 843
f 1223 828 51
f 1223 51 173
f 1224 829 828
f 1224 828 473
f 1224 473 502
f 1224 502 859
f 1224 859 829
f 1225 836 837
f 1225 635 634
f 1226 635 1225
f 1226 1225 837
f 1226 837 86
f 1226 86 85
f 1227 1029 1228
f 1227 1228 478
f 1227 1225 634
f 1227 634 1029
f 1229 667 1041
f 1229 1041 834
f 1229 834 832
f 1229 638 667
f 1230 839 838
f 1230 838 506
f 1230 506 831
f 1230 831 484
f 1230 484 483
f 1230 483 839
f 1231 12 830
f 1231 830 838
f 1232 841 12
f 1233 197 841
f 1234 488 843
f 1234 843 487
f 1234 487 486
f 1234 486 488
f 1235 22 24
f 1235 24 1236
f 1237 1238 856
f 1239 839 483
f 1239 483 494
f 1239 494 493
f 1240 1239 493
f 1241 1242 189
f 1241 189 188
f 1241 188 490
f 1243 1244 1245
f 1243 1245 1246
f 1243 1247 1242
f 1248 1245 1249
f 1248 1249 1250
f 1251 1248 1250
f 1251 1250 855
f 1251 855 498
f 1252 849 851
f 1252 198 847
f 1253 72 998
f 1253 998 852
f 1253 852 851
f 1253 851 848
f 1253 848 72
f 1254 1238 326
f 1254 326 857
f 1254 857 856
f 1254 856 1238
f 1255 863 862
f 1255 862 79
f 1255 79 514
f 1255 514 1022
f 1255 1022 863
f 1256 230 90
f 1256 90 79
f 1256 79 862
f 1256 231 230
f 1257 231 1256
f 1257 1256 862
f 1257 862 861
f 1257 861 233
f 1257 233 231
f 1258 514 513
f 1258 513 865
f 1258 865 1259
f 1260 75 196
f 1260 196 1261
f 1260 1261 77
f 1260 77 26
f 1260 26 75
f 1262 77 1261
f 1262 1261 865
f 1262 865 515
f 1262 515 76
f 1262 76 77
f 1263 866 853
f 1263 853 852
f 1263 852 998
f 1263 998 599
f 1263 599 1259
f 1264 1261 866
f 1264 866 1263
f 1264 1263 1259
f 1264 1259 865
f 1264 865 1261
f 1265 196 195
f 1265 195 866
f 1265 866 1261
f 1265 1261 196
f 1266 825 27
f 1267 879 1268
f 1267 1268 1218
f 1269 1268 879
f 1270 880 868
f 1270 868 867
f 1270 867 872
f 1271 1272 881
f 1271 881 531
f 1271 531 530
f 1271 530 889
f 1271 889 870
f 1273 211 881
f 1273 881 1272
f 1274 883 211
f 1274 211 1273
f 1274 1273 1272
f 1275 889 530
f 1275 530 529
f 1276 892 891
f 1276 891 877
f 1277 878 891
f 1278 543 921
f 1278 894 255
f 1278 255 543
f 1279 533 534
f 1279 895 896
f 1279 896 533
f 1280 897 896
f 1280 896 893
f 1281 539 214
f 1281 214 213
f 1281 213 542
f 1281 542 898
f 1281 898 538
f 1282 217 907
f 1282 1283 578
f 1282 578 217
f 1284 913 912
f 1285 913 1284
f 1285 910 913
f 1286 1287 904
f 1286 904 784
f 1286 784 1288
f 1289 1290 904
f 1291 254 909
f 1291 909 545
f 1291 545 255
f 1291 255 254
f 1292 973 974
f 1293 912 911
f 1293 916 915
f 1293 915 912
f 1294 922 921
f 1294 921 543
f 1295 577 578
f 1296 1297 911
f 1296 911 923
f 1296 923 922
f 1296 922 1294
f 1296 1294 1297
f 1298 926 537
f 1298 537 220
f 1299 927 926
f 1299 1300 928
f 1299 928 927
f 1301 1302 219
f 1301 219 1179
f 1303 1172 680
f 1303 680 679
f 1303 928 1300
f 1303 1300 930
f 1303 1179 1178
f 1303 1178 1182
f 1303 1182 1181
f 1304 929 219
f 1304 219 1302
f 1305 610 609
f 1305 609 608
f 1305 1002 1306
f 1305 1306 549
f 1305 549 610
f 1307 937 549
f 1307 1306 1308
f 1309 931 932
f 1309 932 338
f 1309 338 337
f 1309 337 931
f 1310 935 1311
f 1310 1311 1307
f 1310 1307 1308
f 1312 1313 936
f 1312 936 935
f 1314 934 936
f 1315 1316 937
f 1315 937 1307
f 1315 1307 1311
f 1317 548 1318
f 1317 1318 1319
f 1317 239 237
f 1317 237 236
f 1317 236 548
f 1320 1319 1318
f 1320 1316 1321
f 1322 940 939
f 1322 939 952
f 1322 952 244
f 1322 945 940
f 1323 1319 1320
f 1323 1320 1321
f 1323 1321 1324
f 1325 947 1326
f 1327 1328 946
f 1327 946 945
f 1327 1324 1321
f 1327 1321 1316
f 1327 1316 1328
f 1329 1326 947
f 1329 947 946
f 1329 946 1328
f 1329 1328 1330
f 1331 941 938
f 1331 938 940
f 1331 940 944
f 1331 944 941
f 1332 1065 1062
f 1332 941 944
f 1332 944 947
f 1333 397 268
f 1333 268 588
f 1333 588 590
f 1333 590 555
f 1333 555 949
f 1333 949 396
f 1333 396 395
f 1333 395 397
f 1334 562 1335
f 1336 1337 1338
f 1336 960 959
f 1336 959 1337
f 1339 1337 959
f 1339 959 957
f 1340 954 953
f 1340 953 959
f 1340 959 961
f 1341 1342 1343
f 1341 876 879
f 1344 963 1343
f 1344 1343 978
f 1344 978 964
f 1344 964 261
f 1345 566 565
f 1345 565 1346
f 1347 1343 1342
f 1347 1342 1345
f 1347 1345 1346
f 1347 576 978
f 1347 978 1343
f 1348 965 19
f 1348 19 31
f 1348 31 30
f 1348 30 576
f 1348 576 1347
f 1348 1347 1346
f 1348 1346 565
f 1348 565 965
f 1349 1350 967
f 1351 968 1352
f 1353 967 1350
f 1353 1350 972
f 1354 1355 1356
f 1357 103 969
f 1357 1354 1356
f 1358 154 969
f 1358 969 1359
f 1358 1359 1360
f 1358 1360 1361
f 1362 974 567
f 1362 567 969
f 1362 969 970
f 1362 970 1292
f 1362 1292 974
f 1363 572 975
f 1363 975 104
f 1363 104 573
f 1364 152 154
f 1365 276 35
f 1365 984 584
f 1365 584 592
f 1365 592 276
f 1366 984 985
f 1366 985 229
f 1366 582 984
f 1367 110 581
f 1367 581 13
f 1367 13 986
f 1367 986 580
f 1367 580 1368
f 1369 987 989
f 1369 989 1199
f 1369 1199 1198
f 1369 1198 161
f 1370 267 987
f 1370 987 1369
f 1370 1369 161
f 1370 161 267
f 1371 1372 722
f 1371 722 112
f 1371 112 111
f 1371 111 721
f 1371 721 144
f 1373 585 587
f 1373 587 722
f 1373 722 1372
f 1373 988 987
f 1374 993 593
f 1374 593 281
f 1374 281 284
f 1374 284 316
f 1375 1008 299
f 1375 299 864
f 1375 864 993
f 1375 993 1009
f 1375 1009 1008
f 1376 594 596
f 1376 995 595
f 1376 595 594
f 1377 604 291
f 1377 290 604
f 1378 605 1000
f 1378 1000 290
f 1378 290 307
f 1378 307 116
f 1378 116 605
f 1379 37 199
f 1379 290 1000
f 1379 1000 288
f 1379 288 37
f 1380 1002 1305
f 1380 1305 608
f 1381 619 1012
f 1381 1012 313
f 1381 313 625
f 1381 625 1001
f 1381 1001 620
f 1381 620 619
f 1382 317 321
f 1382 321 621
f 1383 1003 302
f 1383 302 300
f 1383 1384 1385
f 1386 122 271
f 1386 271 614
f 1386 614 1006
f 1386 1006 234
f 1387 338 1018
f 1387 1018 624
f 1387 624 1016
f 1387 1016 623
f 1387 623 338
f 1388 1308 1306
f 1389 1017 1018
f 1390 1007 1009
f 1390 1009 1021
f 1390 1021 630
f 1391 1022 514
f 1392 863 1022
f 1392 1022 864
f 1392 864 861
f 1392 861 863
f 1393 658 343
f 1393 343 1025
f 1393 632 132
f 1393 132 656
f 1393 656 658
f 1394 638 632
f 1395 1025 341
f 1395 341 345
f 1395 345 667
f 1395 667 1026
f 1395 1026 638
f 1395 638 1394
f 1395 1394 632
f 1395 632 1393
f 1395 1393 1025
f 1396 633 335
f 1396 335 1027
f 1396 1027 640
f 1396 640 633
f 1397 333 336
f 1397 336 635
f 1397 1398 85
f 1397 85 333
f 1399 476 1033
f 1399 1033 636
f 1399 636 638
f 1399 638 1229
f 1399 1229 832
f 1399 832 476
f 1400 642 1033
f 1400 1228 1029
f 1400 1029 639
f 1400 639 642
f 1401 1228 1400
f 1401 1400 1033
f 1401 1033 476
f 1401 476 180
f 1402 124 1403
f 1402 1403 125
f 1402 125 124
f 1404 1036 125
f 1404 124 1036
f 1405 1406 1407
f 1408 322 131
f 1408 131 1037
f 1408 1037 1036
f 1408 1036 322
f 1409 322 1036
f 1410 332 331
f 1410 331 1042
f 1410 1042 651
f 1410 651 332
f 1411 1412 1413
f 1411 1413 1043
f 1411 1043 1042
f 1411 646 1412
f 1414 646 1411
f 1414 1411 1042
f 1414 1042 647
f 1414 647 646
f 1415 1416 649
f 1415 649 1044
f 1415 1044 330
f 1415 330 1416
f 1417 331 1044
f 1417 1044 648
f 1417 648 331
f 1418 710 1419
f 1420 330 1421
f 1420 649 1416
f 1420 1416 330
f 1422 649 1420
f 1422 1420 1421
f 1423 1421 330
f 1424 360 1046
f 1424 1046 1048
f 1424 1048 1108
f 1424 1108 360
f 1425 655 1049
f 1425 1049 362
f 1425 362 652
f 1425 652 1060
f 1425 1060 655
f 1426 652 1427
f 1426 1427 1428
f 1426 1428 1059
f 1426 1059 1060
f 1426 1060 652
f 1429 361 372
f 1429 1430 652
f 1429 652 361
f 1431 1427 652
f 1431 652 1430
f 1431 1430 1432
f 1431 1428 1427
f 1433 1432 1430
f 1433 1430 1052
f 1433 1052 1055
f 1434 1055 1051
f 1435 98 251
f 1436 1435 1437
f 1438 1439 1440
f 1438 1440 1334
f 1438 1334 1335
f 1441 85 1442
f 1443 902 713
f 1443 713 1056
f 1443 1056 85
f 1444 1057 713
f 1444 713 1445
f 1444 1446 1058
f 1444 1058 1057
f 1447 1428 1448
f 1447 1448 1058
f 1447 1059 1428
f 1449 1422 1450
f 1451 955 942
f 1452 1061 1063
f 1452 1063 1067
f 1453 1454 1455
f 1456 1457 1453
f 1456 1453 1455
f 1456 1066 1064
f 1456 1064 1457
f 1458 1459 1460
f 1458 1456 1455
f 1461 1462 1463
f 1461 561 560
f 1464 85 1465
f 1466 1464 1465
f 1467 1468 1469
f 1467 1469 1031
f 1467 1031 1030
f 1470 1471 1472
f 1473 1469 1468
f 1473 1468 1474
f 1473 1474 1475
f 1473 1069 1031
f 1473 1031 1469
f 1476 1477 1478
f 1476 1069 1473
f 1476 1473 1475
f 1476 1475 1470
f 1476 1470 1477
f 1479 1480 1068
f 1479 1068 1069
f 1479 1069 1476
f 1479 1476 1478
f 1479 1478 1481
f 1479 1481 1480
f 1482 1455 1454
f 1482 1458 1455
f 1483 691 695
f 1483 695 1073
f 1483 1073 692
f 1483 692 691
f 1484 707 1113
f 1484 1113 1073
f 1484 1073 1074
f 1485 1079 1078
f 1486 1077 925
f 1487 1078 688
f 1487 688 1096
f 1487 1096 1097
f 1487 1097 1488
f 1487 1488 1489
f 1487 1489 1490
f 1491 1077 1485
f 1491 1485 1078
f 1491 1078 1487
f 1491 1490 1077
f 1492 1080 1079
f 1493 1084 1100
f 1494 1495 1081
f 1494 522 539
f 1496 355 1497
f 1496 1497 419
f 1496 419 671
f 1496 671 1087
f 1496 1087 668
f 1496 668 355
f 1498 1499 1167
f 1498 1167 763
f 1498 763 757
f 1500 1088 383
f 1500 383 385
f 1501 421 420
f 1501 1090 423
f 1501 423 421
f 1502 928 1303
f 1502 1303 679
f 1502 679 1092
f 1502 1092 689
f 1502 689 928
f 1503 697 696
f 1504 1099 697
f 1504 697 1505
f 1504 692 1082
f 1506 690 692
f 1506 692 1507
f 1506 1507 696
f 1506 696 1098
f 1508 1509 1053
f 1510 1511 1512
f 1510 1512 1513
f 1510 1513 1054
f 1510 1054 1053
f 1510 1053 1509
f 1510 1509 1514
f 1510 1514 1511
f 1515 1171 1170
f 1515 1170 1105
f 1515 1105 760
f 1515 760 1139
f 1515 1139 1171
f 1516 1110 1109
f 1516 1109 651
f 1516 651 1110
f 1517 651 1109
f 1517 1109 1076
f 1518 1114 707
f 1518 707 1112
f 1518 1112 651
f 1519 646 649
f 1519 649 1413
f 1519 1413 1412
f 1519 1412 646
f 1520 1043 1413
f 1520 1076 1110
f 1520 1110 651
f 1520 651 1111
f 1520 1111 1043
f 1521 1076 1520
f 1521 1073 1076
f 1522 1074 1121
f 1522 1121 707
f 1522 707 1484
f 1522 1484 1074
f 1523 713 1524
f 1523 1524 711
f 1523 711 1445
f 1523 1445 713
f 1525 712 711
f 1525 711 1524
f 1525 1524 713
f 1525 713 712
f 1526 208 1419
f 1526 1419 524
f 1526 524 208
f 1527 525 524
f 1527 524 1419
f 1527 1419 710
f 1527 710 713
f 1527 713 902
f 1527 902 525
f 1528 752 374
f 1528 374 1124
f 1528 1124 456
f 1528 1155 752
f 1529 1129 1128
f 1529 1128 1205
f 1529 1205 1162
f 1529 1162 452
f 1529 452 453
f 1529 453 1126
f 1529 1126 373
f 1529 373 1129
f 1530 1128 1127
f 1530 1127 410
f 1530 1203 1128
f 1531 373 754
f 1531 754 755
f 1531 755 1127
f 1531 1127 1129
f 1531 1129 373
f 1532 715 1132
f 1532 382 1133
f 1532 1133 715
f 1533 1130 1133
f 1533 1133 382
f 1533 382 381
f 1533 381 1131
f 1533 1131 1130
f 1534 745 1134
f 1534 400 1149
f 1535 742 142
f 1535 1134 743
f 1535 743 742
f 1536 740 400
f 1536 400 1534
f 1536 1534 1134
f 1537 954 1138
f 1537 1138 1538
f 1537 1538 1137
f 1537 1137 956
f 1537 956 954
f 1539 961 1169
f 1539 1169 1139
f 1539 1139 1138
f 1539 1138 954
f 1539 954 1340
f 1539 1340 961
f 1540 405 736
f 1540 736 1145
f 1540 1145 390
f 1540 390 747
f 1540 747 405
f 1541 741 1148
f 1541 1148 401
f 1541 401 403
f 1541 403 741
f 1542 1151 1150
f 1542 1150 407
f 1542 407 406
f 1542 406 382
f 1542 382 1532
f 1542 1532 1132
f 1543 398 1151
f 1543 1151 744
f 1543 744 745
f 1544 1131 381
f 1544 381 1155
f 1544 457 1131
f 1545 1156 1155
f 1545 1155 1143
f 1546 1158 409
f 1546 409 751
f 1546 751 750
f 1546 750 1157
f 1546 1157 1156
f 1547 1548 1549
f 1550 411 1193
f 1550 1193 789
f 1550 1551 1204
f 1550 410 411
f 1552 1161 1204
f 1552 1204 1551
f 1552 1551 571
f 1552 571 572
f 1553 1163 1554
f 1553 1554 1508
f 1553 1508 368
f 1553 368 371
f 1555 1556 1509
f 1555 1509 1508
f 1555 1508 1554
f 1555 1554 1163
f 1557 1168 723
f 1557 723 376
f 1558 749 1184
f 1558 1184 1154
f 1558 1154 1094
f 1558 1094 1093
f 1558 1093 684
f 1558 684 749
f 1559 770 1184
f 1559 1184 749
f 1559 749 1153
f 1559 1153 771
f 1559 771 770
f 1560 1160 753
f 1560 753 775
f 1560 775 1187
f 1560 1187 776
f 1560 776 1160
f 1561 1187 775
f 1561 775 1188
f 1561 1188 422
f 1561 422 427
f 1562 427 426
f 1562 426 780
f 1562 780 1189
f 1562 1189 778
f 1562 778 427
f 1563 417 1191
f 1563 1191 782
f 1563 782 418
f 1563 418 417
f 1564 1288 1565
f 1566 769 1567
f 1568 428 1191
f 1568 1191 1190
f 1568 1190 428
f 1569 784 1191
f 1569 1570 784
f 1571 782 1191
f 1571 1191 428
f 1571 428 787
f 1571 787 773
f 1571 773 782
f 1572 800 1197
f 1572 1197 569
f 1573 802 1574
f 1573 1574 807
f 1573 807 447
f 1573 447 802
f 1575 1201 1200
f 1575 1200 1574
f 1575 1574 802
f 1575 802 791
f 1575 791 793
f 1575 793 1201
f 1576 1199 989
f 1576 989 807
f 1576 807 1574
f 1576 1574 1200
f 1576 1200 1199
f 1577 451 450
f 1577 450 805
f 1577 805 1202
f 1577 1202 453
f 1577 453 451
f 1578 1204 1203
f 1578 1203 1530
f 1578 1530 410
f 1578 410 1550
f 1578 1550 1204
f 1579 1211 470
f 1579 470 827
f 1580 1210 1213
f 1580 1213 462
f 1580 462 1211
f 1580 1211 1579
f 1581 462 1213
f 1581 1213 819
f 1581 819 1214
f 1581 1214 461
f 1581 461 462
f 1582 874 875
f 1582 875 1215
f 1582 1215 821
f 1582 821 820
f 1582 820 1210
f 1582 1210 871
f 1582 871 873
f 1582 873 874
f 1583 824 1217
f 1583 1217 1210
f 1583 1210 1580
f 1584 471 828
f 1584 828 1223
f 1584 1223 843
f 1584 843 471
f 1585 1398 635
f 1585 635 1226
f 1585 1226 85
f 1585 85 1398
f 1586 836 1225
f 1586 1225 1227
f 1586 1227 478
f 1586 478 836
f 1587 847 500
f 1588 496 850
f 1589 495 1409
f 1589 1590 1236
f 1591 22 1235
f 1592 1247 1243
f 1592 1243 1246
f 1593 1592 1246
f 1594 1236 1590
f 1595 1236 1594
f 1595 1594 1596
f 1597 1244 1598
f 1597 1249 1245
f 1597 1245 1244
f 1599 1249 1597
f 1600 1601 1599
f 1600 1407 1406
f 1602 1603 1604
f 1605 1238 1237
f 1605 326 1238
f 1606 1237 856
f 1606 856 855
f 1606 855 1250
f 1606 1250 1249
f 1606 1249 1607
f 1608 497 496
f 1608 496 1588
f 1608 1588 1609
f 1608 1609 1610
f 1608 1611 497
f 1612 1242 1240
f 1612 1240 493
f 1612 493 189
f 1612 189 1242
f 1613 1247 1592
f 1613 1240 1242
f 1613 1242 1247
f 1614 1241 490
f 1614 490 67
f 1615 1246 1245
f 1615 1245 1248
f 1615 1248 1251
f 1615 1251 498
f 1615 498 497
f 1615 1593 1246
f 1616 198 1252
f 1616 1252 851
f 1616 851 853
f 1616 853 195
f 1616 195 198
f 1617 27 564
f 1618 1267 1218
f 1618 1218 826
f 1618 826 825
f 1618 825 1266
f 1619 1620 1621
f 1619 1622 1268
f 1623 1622 1619
f 1623 1619 1621
f 1623 1621 1624
f 1623 1624 880
f 1625 880 1270
f 1625 1270 872
f 1625 872 1217
f 1625 1217 1218
f 1625 1218 1268
f 1625 1268 1622
f 1625 1622 1623
f 1625 1623 880
f 1626 869 880
f 1626 880 1624
f 1626 1624 1621
f 1626 1621 1272
f 1626 1272 1271
f 1626 1271 870
f 1626 870 869
f 1627 1274 1272
f 1627 1272 1621
f 1628 1221 1219
f 1628 1219 463
f 1628 463 465
f 1628 465 875
f 1628 875 889
f 1629 1221 1628
f 1629 1628 889
f 1629 889 1275
f 1629 1275 529
f 1629 529 1220
f 1629 1220 1221
f 1630 1341 1343
f 1630 1343 963
f 1631 1620 1619
f 1631 1619 1268
f 1631 1268 1269
f 1632 894 1278
f 1632 1278 921
f 1632 921 897
f 1632 897 1280
f 1632 1280 893
f 1632 893 894
f 1633 1177 900
f 1633 1634 1177
f 1635 578 1283
f 1636 915 917
f 1636 917 1637
f 1636 1637 1284
f 1636 1284 912
f 1636 912 915
f 1638 1634 1285
f 1638 1285 908
f 1638 908 784
f 1638 784 905
f 1638 905 1177
f 1638 1177 1634
f 1639 910 1285
f 1639 1285 1634
f 1639 900 910
f 1640 1565 1288
f 1641 1288 784
f 1641 784 1570
f 1642 1569 1191
f 1643 904 1287
f 1644 107 106
f 1644 106 973
f 1644 973 1292
f 1644 1292 909
f 1644 909 107
f 1645 1297 1294
f 1645 1294 918
f 1645 918 916
f 1645 916 1293
f 1645 1293 911
f 1645 911 1297
f 1646 544 918
f 1646 918 1294
f 1646 1294 543
f 1646 543 544
f 1647 919 1295
f 1647 1295 578
f 1647 917 919
f 1648 577 1295
f 1648 1295 970
f 1648 970 577
f 1649 544 545
f 1649 545 909
f 1649 909 1292
f 1649 1292 970
f 1649 970 1295
f 1649 1295 919
f 1649 919 544
f 1650 220 930
f 1650 930 1300
f 1651 1298 1300
f 1651 1300 1299
f 1651 1299 926
f 1651 926 1298
f 1652 929 1304
f 1652 1304 1302
f 1652 1302 1301
f 1652 1301 1179
f 1652 1179 1303
f 1652 1303 930
f 1652 930 929
f 1653 1303 1181
f 1654 1454 1655
f 1654 1656 1481
f 1657 1072 1068
f 1657 1068 1480
f 1657 1480 1481
f 1657 1481 1656
f 1658 1306 1307
f 1658 1307 549
f 1658 549 1306
f 1659 1314 936
f 1659 936 1313
f 1660 1316 1320
f 1660 1320 1318
f 1660 1318 548
f 1660 548 937
f 1660 937 1316
f 1661 1323 1324
f 1661 1324 1322
f 1661 1322 244
f 1661 244 558
f 1662 1319 1323
f 1662 1323 242
f 1662 242 239
f 1662 239 1317
f 1662 1317 1319
f 1663 1330 1328
f 1663 1328 1316
f 1663 1316 1315
f 1664 1665 1325
f 1664 1325 1326
f 1664 1326 1329
f 1664 1329 1330
f 1664 1330 934
f 1664 934 1314
f 1666 1324 1327
f 1666 1327 945
f 1666 945 1322
f 1666 1322 1324
f 1667 1065 1332
f 1667 1332 947
f 1667 947 1325
f 1667 1325 1065
f 1668 976 963
f 1668 963 1344
f 1668 1344 261
f 1668 261 574
f 1668 574 976
f 1669 972 1350
f 1669 1350 1349
f 1669 969 972
f 1670 1349 967
f 1671 968 1351
f 1671 1351 1670
f 1671 967 968
f 1672 1670 1351
f 1672 1351 1352
f 1672 1352 1359
f 1672 1359 969
f 1672 969 1669
f 1672 1669 1349
f 1673 967 1353
f 1673 1353 972
f 1673 972 103
f 1673 103 967
f 1674 567 104
f 1674 104 256
f 1675 1676 1354
f 1677 1357 1356
f 1677 1356 1355
f 1677 1678 1679
f 1680 103 1357
f 1680 1357 1677
f 1680 1677 1679
f 1680 1679 103
f 1681 1682 1674
f 1681 1674 256
f 1681 256 103
f 1681 103 1679
f 1681 1679 1678
f 1681 1355 1682
f 1683 154 1358
f 1683 1358 1361
f 1684 1352 968
f 1684 968 1685
f 1686 1685 968
f 1686 968 103
f 1686 103 979
f 1686 979 1687
f 1686 1684 1685
f 1688 1686 1687
f 1688 1364 1361
f 1689 1364 1688
f 1689 1688 1687
f 1689 1687 979
f 1689 979 152
f 1689 152 1364
f 1690 266 983
f 1690 984 1365
f 1690 1365 35
f 1690 35 266
f 1691 984 1690
f 1691 579 985
f 1691 985 984
f 1692 579 1691
f 1692 1691 1693
f 1692 1368 580
f 1692 580 223
f 1692 223 579
f 1694 274 582
f 1694 582 1366
f 1694 1366 229
f 1694 229 274
f 1695 1367 1368
f 1695 1368 1692
f 1695 1692 1693
f 1696 1372 1371
f 1696 1371 144
f 1696 144 454
f 1696 454 990
f 1697 267 585
f 1697 585 1373
f 1697 1373 987
f 1697 987 267
f 1698 993 1374
f 1698 1374 316
f 1698 316 629
f 1698 629 1021
f 1698 1021 1009
f 1698 1009 993
f 1699 995 1376
f 1699 1376 596
f 1699 596 993
f 1699 993 994
f 1700 999 290
f 1700 291 999
f 1701 606 290
f 1701 290 1379
f 1701 1379 199
f 1701 199 606
f 1702 1001 1002
f 1702 1002 1380
f 1702 1380 608
f 1702 608 1003
f 1702 1003 1703
f 1704 1703 1003
f 1704 1003 1383
f 1704 1383 1385
f 1704 1385 1382
f 1704 1382 621
f 1704 621 620
f 1705 630 318
f 1705 318 317
f 1705 317 1382
f 1705 1382 1385
f 1706 122 1386
f 1706 1386 234
f 1706 234 1010
f 1706 1010 301
f 1706 301 618
f 1706 618 122
f 1707 1002 625
f 1707 625 624
f 1707 624 1017
f 1707 1017 1389
f 1707 1389 1308
f 1707 1308 1388
f 1707 1388 1306
f 1707 1306 1002
f 1708 932 1389
f 1708 1389 1018
f 1708 1018 338
f 1708 338 932
f 1709 935 1310
f 1709 1310 1308
f 1709 1308 1389
f 1709 1389 932
f 1710 1384 1383
f 1710 1383 300
f 1710 300 616
f 1711 995 1699
f 1711 1699 1391
f 1711 1391 514
f 1711 514 1258
f 1711 1258 1259
f 1711 1259 599
f 1711 599 995
f 1712 1027 1468
f 1712 1468 1467
f 1712 1467 640
f 1712 640 1027
f 1713 1398 1397
f 1713 1397 635
f 1713 635 1398
f 1714 478 1228
f 1714 1228 1401
f 1714 1401 180
f 1714 180 59
f 1714 59 64
f 1714 64 478
f 1715 1403 124
f 1715 125 1403
f 1716 1601 1405
f 1717 1406 1405
f 1717 1405 1601
f 1717 1601 1600
f 1717 1600 1406
f 1718 1407 1602
f 1718 1602 1604
f 1719 1409 1036
f 1719 1036 1720
f 1721 322 1409
f 1721 1409 495
f 1722 1589 1409
f 1722 1409 1719
f 1723 1036 1035
f 1723 1035 1405
f 1723 1720 1036
f 1724 1450 1422
f 1724 1422 1725
f 1724 1725 1449
f 1724 1449 1450
f 1726 1422 1421
f 1727 208 207
f 1727 207 527
f 1728 649 1422
f 1728 1422 1449
f 1728 1449 1418
f 1729 654 653
f 1729 653 1730
f 1731 1725 1422
f 1731 1422 1726
f 1731 1726 1421
f 1732 1429 372
f 1732 372 703
f 1732 703 702
f 1732 702 367
f 1733 1433 1055
f 1733 1055 1434
f 1733 1448 1428
f 1733 1428 1431
f 1733 1431 1432
f 1733 1432 1433
f 1734 1434 1051
f 1735 960 1336
f 1735 1336 1338
f 1735 1338 1514
f 1735 1736 1170
f 1735 1170 1169
f 1735 1169 961
f 1735 961 960
f 1737 1105 1170
f 1737 1170 1736
f 1737 1736 1556
f 1737 1556 1555
f 1737 1555 1163
f 1737 1163 1104
f 1737 1104 761
f 1737 761 1105
f 1738 1513 1512
f 1738 1512 1436
f 1738 1436 1437
f 1739 563 98
f 1739 98 1435
f 1739 1435 1436
f 1739 957 563
f 1740 1339 957
f 1740 957 1739
f 1740 1739 1436
f 1740 1436 1512
f 1740 1512 1511
f 1740 1338 1337
f 1740 1337 1339
f 1741 1335 562
f 1741 562 561
f 1741 1742 1442
f 1743 1744 1441
f 1743 1441 1442
f 1743 1442 1742
f 1743 1742 1463
f 1743 1463 1744
f 1745 1439 1438
f 1745 1438 85
f 1745 85 1439
f 1746 85 1438
f 1747 1465 85
f 1747 85 1441
f 1748 84 540
f 1748 540 902
f 1748 902 1443
f 1748 1443 85
f 1748 85 84
f 1749 1059 1447
f 1749 1447 1058
f 1749 1058 1446
f 1749 1730 653
f 1749 653 1059
f 1750 1423 1729
f 1750 1729 1730
f 1750 1730 1749
f 1750 1749 1445
f 1750 1445 711
f 1751 1449 1725
f 1752 958 955
f 1752 955 1451
f 1752 1061 1452
f 1752 1452 99
f 1752 99 563
f 1752 563 958
f 1753 941 1332
f 1753 1332 1062
f 1753 1062 1061
f 1753 1061 1752
f 1753 1752 1451
f 1753 1451 942
f 1753 942 941
f 1754 1755 1462
f 1754 1462 1461
f 1754 1461 560
f 1754 560 97
f 1754 97 99
f 1754 99 1452
f 1754 1452 1067
f 1754 1067 1755
f 1756 1457 1064
f 1756 1064 1065
f 1756 1065 1325
f 1757 1459 1458
f 1757 1472 1471
f 1757 1471 1758
f 1759 1456 1458
f 1759 1458 1460
f 1760 561 1461
f 1760 1461 1463
f 1760 1463 1742
f 1760 1742 1741
f 1760 1741 561
f 1761 85 1464
f 1761 1464 1762
f 1763 1762 1464
f 1763 1464 1466
f 1763 1466 1758
f 1763 1758 1471
f 1764 1765 1475
f 1764 1475 1474
f 1764 1474 1468
f 1766 1471 1470
f 1766 1470 1475
f 1766 1475 1765
f 1766 1762 1763
f 1766 1763 1471
f 1767 134 641
f 1767 641 640
f 1767 640 1467
f 1767 1467 1030
f 1767 1030 134
f 1768 1481 1478
f 1768 1478 1477
f 1768 1482 1454
f 1769 1458 1482
f 1769 1482 1768
f 1769 1757 1458
f 1770 931 660
f 1770 660 1070
f 1770 1070 1771
f 1772 933 931
f 1772 931 1770
f 1772 1312 933
f 1773 1485 1077
f 1773 1077 1486
f 1773 1486 925
f 1774 1488 1097
f 1774 1097 1775
f 1774 1775 1077
f 1774 1077 1490
f 1776 1077 1775
f 1776 1083 1085
f 1777 1083 1776
f 1777 1776 1775
f 1777 1775 1097
f 1777 1097 1083
f 1778 1490 1491
f 1778 1491 1487
f 1778 1487 1490
f 1779 1492 1079
f 1779 1079 1485
f 1780 1495 1494
f 1780 1494 539
f 1780 539 1281
f 1780 1281 538
f 1780 538 1077
f 1781 670 1086
f 1781 1086 1499
f 1781 757 670
f 1782 350 1158
f 1783 672 349
f 1783 349 350
f 1783 350 1782
f 1783 1499 1086
f 1783 1086 672
f 1784 1500 385
f 1784 385 727
f 1784 727 387
f 1784 387 146
f 1785 355 354
f 1785 354 675
f 1785 675 1090
f 1786 419 1497
f 1786 1497 355
f 1786 355 1785
f 1786 1501 420
f 1786 420 419
f 1787 1507 692
f 1787 692 1504
f 1787 1504 1505
f 1787 1505 697
f 1787 697 1503
f 1787 1503 696
f 1787 696 1507
f 1788 1493 1100
f 1788 1100 1099
f 1788 1099 1504
f 1788 1504 1082
f 1789 690 1506
f 1789 1506 1098
f 1789 1098 690
f 1790 368 1508
f 1790 1508 1053
f 1790 1053 369
f 1790 369 368
f 1791 1517 1076
f 1791 1076 1118
f 1792 1117 1114
f 1792 1114 1518
f 1792 1518 651
f 1792 651 1517
f 1792 1118 1117
f 1793 692 1073
f 1793 1073 1521
f 1793 1794 1081
f 1793 1081 692
f 1795 1494 1081
f 1795 1081 1794
f 1795 1794 522
f 1795 522 1494
f 1796 455 457
f 1796 457 1544
f 1796 1544 1155
f 1796 1155 1528
f 1796 1528 456
f 1796 456 455
f 1797 142 144
f 1797 144 721
f 1798 720 740
f 1798 740 1536
f 1799 1800 1547
f 1799 1547 1549
f 1799 1549 384
f 1799 384 1088
f 1801 1151 1542
f 1801 1542 1132
f 1801 1132 717
f 1801 717 744
f 1801 744 1151
f 1802 1534 1149
f 1802 1149 1148
f 1802 1148 398
f 1802 398 1543
f 1802 1543 745
f 1802 745 1534
f 1803 1546 1156
f 1803 1156 1545
f 1803 1545 1143
f 1803 1143 384
f 1803 384 1549
f 1803 1549 1548
f 1804 1158 1546
f 1804 1546 1803
f 1804 1803 1548
f 1804 1548 1158
f 1805 571 1551
f 1805 432 571
f 1806 797 1161
f 1806 1161 1552
f 1806 1552 572
f 1806 572 1363
f 1806 1363 573
f 1806 573 799
f 1806 799 798
f 1806 798 797
f 1807 677 756
f 1807 756 1163
f 1807 1163 1553
f 1807 1553 371
f 1807 371 370
f 1807 370 677
f 1808 1538 1138
f 1808 1138 1140
f 1808 1140 1165
f 1809 1137 1538
f 1809 1538 1808
f 1809 1808 1557
f 1809 1557 376
f 1809 376 1137
f 1810 1811 904
f 1810 904 769
f 1810 769 1812
f 1810 1812 1813
f 1810 1814 1811
f 1815 1174 767
f 1815 767 1816
f 1817 1815 1816
f 1817 1816 767
f 1817 767 904
f 1817 904 1811
f 1817 1811 1818
f 1819 1814 1810
f 1819 1810 1813
f 1819 1813 1812
f 1819 1811 1814
f 1820 1817 1818
f 1821 1811 1819
f 1821 1819 1812
f 1821 1812 769
f 1821 769 1175
f 1821 1175 1820
f 1821 1820 1818
f 1821 1818 1811
f 1822 1823 769
f 1824 1290 1567
f 1824 1567 769
f 1824 769 1825
f 1826 777 1187
f 1826 1187 1561
f 1826 1561 427
f 1826 427 777
f 1827 1286 1288
f 1828 1565 1640
f 1828 1640 1829
f 1830 1831 1566
f 1830 1566 1832
f 1833 800 1572
f 1833 1572 569
f 1833 569 16
f 1833 16 42
f 1833 42 800
f 1834 815 822
f 1834 822 824
f 1834 824 1583
f 1834 1583 1580
f 1834 1580 1579
f 1834 1579 827
f 1834 827 815
f 1835 850 849
f 1835 849 1252
f 1835 1252 847
f 1835 847 1587
f 1835 1609 1588
f 1835 1588 850
f 1836 197 1233
f 1836 1233 1587
f 1836 1587 500
f 1836 500 197
f 1837 1609 1835
f 1837 1835 1587
f 1837 1587 1233
f 1837 1233 841
f 1837 1610 1609
f 1838 495 1589
f 1838 1589 1236
f 1838 1236 24
f 1838 24 495
f 1839 1611 1592
f 1839 1592 1593
f 1839 1593 1615
f 1839 1615 497
f 1839 497 1611
f 1840 1841 1842
f 1840 1842 1596
f 1840 1596 1594
f 1840 1594 1590
f 1840 1590 1841
f 1843 1596 1842
f 1843 1844 1845
f 1843 1845 1595
f 1843 1595 1596
f 1846 1236 1595
f 1846 1595 1845
f 1846 1845 1591
f 1846 1591 1235
f 1846 1235 1236
f 1847 1603 1602
f 1847 1842 1841
f 1847 1841 1590
f 1847 1590 1603
f 1848 1602 1407
f 1848 1407 1600
f 1849 1850 1232
f 1849 1232 12
f 1849 12 1231
f 1849 1231 838
f 1849 838 840
f 1851 1232 1850
f 1851 841 1232
f 1852 1850 1849
f 1852 1849 840
f 1852 840 839
f 1853 1851 1850
f 1854 1611 1239
f 1854 1239 1240
f 1854 1240 1613
f 1854 1613 1592
f 1854 1592 1611
f 1855 1591 1845
f 1855 1845 1856
f 1855 67 41
f 1857 566 1345
f 1857 1618 1266
f 1857 1266 1617
f 1857 1617 564
f 1857 564 566
f 1858 27 1617
f 1858 1617 1266
f 1858 1266 27
f 1859 534 883
f 1859 1627 895
f 1860 1620 1631
f 1860 1277 891
f 1860 891 895
f 1860 895 1627
f 1860 1627 1621
f 1860 1621 1620
f 1861 1276 877
f 1861 877 876
f 1861 876 1341
f 1861 1341 1630
f 1861 962 892
f 1861 892 1276
f 1862 1277 1860
f 1862 1860 1631
f 1862 1631 1269
f 1862 1269 879
f 1862 879 878
f 1862 878 1277
f 1863 1864 1634
f 1863 1634 1633
f 1863 1633 900
f 1863 900 1864
f 1865 1866 900
f 1865 900 1639
f 1865 1639 1634
f 1867 1635 1283
f 1867 1283 1282
f 1867 1282 907
f 1867 907 1868
f 1867 1284 1637
f 1869 917 1647
f 1869 1647 578
f 1869 578 1635
f 1869 1635 1867
f 1869 1867 1637
f 1869 1637 917
f 1870 908 1285
f 1870 1285 1868
f 1870 1868 907
f 1870 907 908
f 1871 1284 1867
f 1871 1867 1868
f 1871 1868 1285
f 1871 1285 1284
f 1872 1829 1641
f 1872 1641 1570
f 1873 1640 1288
f 1873 1288 1641
f 1873 1641 1829
f 1873 1829 1640
f 1874 1289 1875
f 1874 1290 1289
f 1876 1643 1287
f 1876 1287 1877
f 1878 1298 220
f 1878 220 1650
f 1878 1650 1300
f 1878 1300 1298
f 1879 1172 1303
f 1879 1303 1653
f 1880 1453 1457
f 1880 1457 1756
f 1880 1756 1325
f 1880 1325 1665
f 1880 1655 1454
f 1880 1454 1453
f 1881 1314 1659
f 1881 1654 1655
f 1881 1655 1880
f 1881 1880 1665
f 1881 1665 1664
f 1881 1664 1314
f 1882 1454 1654
f 1882 1654 1481
f 1882 1481 1768
f 1882 1768 1454
f 1883 1771 1070
f 1883 1070 663
f 1883 663 1072
f 1883 1072 1657
f 1884 1883 1657
f 1885 1659 1313
f 1885 1884 1657
f 1885 1657 1656
f 1885 1656 1654
f 1886 1323 1661
f 1886 1661 558
f 1886 558 240
f 1886 240 242
f 1886 242 1323
f 1887 1311 935
f 1887 935 934
f 1887 934 1330
f 1887 1330 1663
f 1887 1663 1315
f 1887 1315 1311
f 1888 1437 1435
f 1889 1890 1440
f 1891 1440 1890
f 1891 1334 1440
f 1892 967 1671
f 1892 1671 1670
f 1892 1670 967
f 1893 1670 1672
f 1893 1672 1349
f 1893 1349 1670
f 1894 1354 1676
f 1894 1676 1675
f 1894 1675 969
f 1894 969 971
f 1894 971 1682
f 1894 1682 1355
f 1894 1355 1354
f 1895 971 567
f 1895 567 1674
f 1895 1674 1682
f 1895 1682 971
f 1896 1357 969
f 1896 969 1675
f 1896 1675 1354
f 1896 1354 1357
f 1897 1355 1681
f 1897 1681 1678
f 1897 1678 1677
f 1897 1677 1355
f 1898 1364 154
f 1898 154 1683
f 1898 1683 1361
f 1898 1361 1364
f 1899 1352 1684
f 1899 1360 1359
f 1899 1359 1352
f 1900 1899 1684
f 1900 1688 1361
f 1901 1695 1693
f 1901 1693 1691
f 1901 1691 1690
f 1901 1690 983
f 1901 983 586
f 1902 110 1367
f 1902 1367 1695
f 1902 1695 981
f 1902 981 110
f 1903 1372 1696
f 1903 1696 990
f 1903 990 989
f 1903 989 988
f 1903 988 1373
f 1903 1373 1372
f 1904 1391 1699
f 1904 1699 994
f 1904 994 1022
f 1904 1022 1391
f 1905 1377 291
f 1905 291 1700
f 1905 1700 290
f 1905 290 1377
f 1906 1704 620
f 1906 620 1001
f 1906 1001 1702
f 1907 1390 630
f 1907 630 1705
f 1907 1705 1385
f 1907 1385 1384
f 1907 1384 1710
f 1907 1710 616
f 1907 616 1007
f 1907 1007 1390
f 1908 1312 935
f 1908 935 1709
f 1908 1709 932
f 1908 932 933
f 1908 933 1312
f 1909 1404 125
f 1909 124 1404
f 1910 1035 124
f 1910 1716 1405
f 1910 1405 1035
f 1911 1237 1606
f 1911 1606 1607
f 1911 1607 1716
f 1911 326 1605
f 1911 1605 1237
f 1912 1407 1718
f 1912 1718 1405
f 1912 1405 1407
f 1913 1721 495
f 1913 495 323
f 1914 1915 1722
f 1914 1722 1719
f 1916 1722 1915
f 1916 1915 1723
f 1917 1603 1590
f 1917 1590 1589
f 1917 1589 1722
f 1917 1604 1603
f 1918 532 1119
f 1918 1119 1919
f 1918 1727 527
f 1918 527 532
f 1920 1521 1520
f 1920 1520 1413
f 1920 1413 649
f 1920 649 1728
f 1920 1919 1521
f 1921 1728 1418
f 1921 1418 1419
f 1921 1419 208
f 1921 208 1727
f 1922 330 1049
f 1922 1049 654
f 1922 654 1729
f 1922 1729 1423
f 1922 1423 330
f 1923 366 369
f 1923 369 1052
f 1923 1052 1430
f 1923 1430 1429
f 1923 1429 1732
f 1923 1732 367
f 1923 367 366
f 1924 1925 1734
f 1924 1734 1051
f 1924 1051 1050
f 1924 1050 1054
f 1924 1054 1925
f 1926 1439 85
f 1926 85 1058
f 1926 1734 1440
f 1926 1440 1439
f 1927 1736 1735
f 1927 1735 1514
f 1927 1514 1509
f 1927 1509 1556
f 1927 1556 1736
f 1928 1338 1740
f 1928 1740 1511
f 1928 1511 1514
f 1928 1514 1338
f 1929 1335 1741
f 1929 1741 1442
f 1929 1442 85
f 1929 85 1746
f 1929 1746 1438
f 1929 1438 1335
f 1930 1445 1749
f 1930 1749 1446
f 1930 1446 1444
f 1930 1444 1445
f 1931 1449 1750
f 1931 1750 711
f 1931 711 710
f 1931 710 1418
f 1931 1418 1449
f 1932 1751 1725
f 1932 1725 1731
f 1932 1731 1421
f 1933 1750 1449
f 1933 1449 1751
f 1933 1751 1932
f 1933 1423 1750
f 1934 1758 1466
f 1934 1466 1465
f 1934 1465 1747
f 1935 1066 1456
f 1935 1456 1759
f 1935 1759 1460
f 1935 1460 1936
f 1935 1936 1462
f 1935 1462 1755
f 1935 1755 1067
f 1935 1067 1066
f 1937 1938 1744
f 1937 1744 1463
f 1937 1463 1462
f 1937 1462 1936
f 1937 1936 1460
f 1937 1460 1938
f 1939 1764 1468
f 1939 1468 1027
f 1940 1477 1470
f 1940 1470 1472
f 1940 1472 1757
f 1940 1757 1769
f 1940 1769 1768
f 1940 1768 1477
f 1941 924 1080
f 1941 1779 1485
f 1941 1485 1773
f 1941 1773 925
f 1941 925 924
f 1942 1489 1488
f 1942 1490 1489
f 1943 1776 1085
f 1943 1085 1084
f 1944 1082 1081
f 1944 1081 1495
f 1944 1495 1780
f 1944 1780 1077
f 1944 1077 1776
f 1945 1498 757
f 1945 757 1781
f 1945 1781 1499
f 1945 1499 1498
f 1946 1089 1167
f 1946 1167 1499
f 1946 1499 1783
f 1946 1783 1782
f 1947 1548 1547
f 1947 1782 1158
f 1947 1158 1548
f 1948 1500 1784
f 1948 1784 146
f 1948 146 674
f 1949 1501 1786
f 1949 1786 1785
f 1949 1785 1090
f 1949 1090 1501
f 1950 1517 1791
f 1950 1792 1517
f 1951 1535 142
f 1951 142 1797
f 1952 720 1798
f 1952 1798 1536
f 1952 1536 1134
f 1952 1134 1535
f 1952 1535 1951
f 1952 1951 1797
f 1952 1797 721
f 1952 721 720
f 1953 1800 1799
f 1953 1799 1088
f 1953 1088 1500
f 1953 1500 1948
f 1953 1948 674
f 1953 674 1800
f 1954 1550 789
f 1954 789 432
f 1954 432 1805
f 1954 1805 1551
f 1954 1551 1550
f 1955 1168 1557
f 1955 1557 1808
f 1955 1808 1165
f 1955 1165 765
f 1955 765 1168
f 1956 1174 1815
f 1956 1815 1817
f 1956 1817 1820
f 1956 1820 1175
f 1956 1175 1174
f 1957 1958 904
f 1959 1960 904
f 1959 904 1958
f 1959 1958 1823
f 1959 1823 1822
f 1959 1822 1960
f 1961 1823 1958
f 1961 1958 1957
f 1961 1957 1825
f 1961 1825 769
f 1961 769 1823
f 1962 904 1963
f 1962 1963 769
f 1964 904 1960
f 1965 1564 1966
f 1965 1827 1288
f 1965 1288 1564
f 1967 1875 1289
f 1967 1830 1832
f 1967 1832 1875
f 1968 1244 1844
f 1968 1844 1843
f 1968 1598 1244
f 1969 1598 1968
f 1969 1968 1843
f 1969 1843 1842
f 1969 1842 1970
f 1969 1970 1848
f 1969 1848 1598
f 1971 1597 1598
f 1971 1598 1972
f 1971 1972 1599
f 1971 1599 1597
f 1973 1600 1599
f 1973 1599 1972
f 1973 1972 1598
f 1973 1598 1848
f 1973 1848 1600
f 1974 1602 1848
f 1974 1848 1970
f 1974 1970 1842
f 1974 1842 1847
f 1974 1847 1602
f 1975 1852 839
f 1975 839 1239
f 1975 1239 1611
f 1976 1610 1837
f 1976 1837 841
f 1977 1851 1853
f 1977 1853 1976
f 1977 1976 841
f 1977 841 1851
f 1978 1608 1610
f 1978 1610 1976
f 1978 1976 1853
f 1978 1853 1850
f 1978 1850 1852
f 1979 1856 1845
f 1979 1845 1844
f 1980 1241 1614
f 1980 1614 67
f 1980 67 1855
f 1980 1855 1856
f 1980 1856 1241
f 1981 1591 1855
f 1981 1855 41
f 1981 41 22
f 1981 22 1591
f 1982 1267 1618
f 1982 1618 1857
f 1982 1857 1345
f 1982 1345 1342
f 1983 534 1859
f 1983 1859 895
f 1983 895 1279
f 1983 1279 534
f 1984 1627 1859
f 1984 1859 883
f 1984 883 1274
f 1984 1274 1627
f 1985 962 1861
f 1985 1861 1630
f 1985 1630 963
f 1985 963 962
f 1986 1865 1634
f 1986 1634 1864
f 1986 1864 900
f 1987 1191 1828
f 1988 1290 1874
f 1989 1832 1566
f 1989 1566 1567
f 1989 1990 1874
f 1989 1874 1875
f 1989 1875 1832
f 1991 1287 1992
f 1991 1992 1877
f 1991 1877 1287
f 1993 1191 769
f 1994 1289 904
f 1994 904 1643
f 1994 1566 1831
f 1995 1643 1876
f 1995 1876 1877
f 1995 1877 1996
f 1995 1996 1997
f 1998 1997 1996
f 1998 769 1566
f 1998 1994 1997
f 1999 1992 1993
f 1999 1993 769
f 1999 769 1998
f 1999 1998 1996
f 1999 1996 1877
f 1999 1877 1992
f 2000 221 1172
f 2000 1172 1879
f 2000 1879 1653
f 2000 1653 1181
f 2000 1181 1180
f 2000 1180 1182
f 2000 1182 1178
f 2000 1178 221
f 2001 1654 1881
f 2001 1881 1659
f 2001 1659 1885
f 2001 1885 1654
f 2002 1772 1770
f 2002 1770 1771
f 2002 1771 1883
f 2002 1883 1884
f 2002 1884 1885
f 2002 1885 1313
f 2002 1313 1312
f 2002 1312 1772
f 2003 251 562
f 2004 1437 1888
f 2004 1513 1738
f 2004 1738 1437
f 2005 1054 1889
f 2005 1925 1054
f 2006 1734 1925
f 2006 1925 2005
f 2006 2005 1889
f 2006 1889 1440
f 2006 1440 1734
f 2007 1513 2004
f 2007 2004 1890
f 2007 1890 1889
f 2007 1889 1054
f 2007 1054 1513
f 2008 1686 1688
f 2008 1688 1900
f 2008 1900 1684
f 2008 1684 1686
f 2009 1899 1900
f 2009 1900 1361
f 2009 1361 1360
f 2009 1360 1899
f 2010 981 1695
f 2010 1695 1901
f 2010 1901 586
f 2010 586 982
f 2010 982 981
f 2011 1703 1704
f 2011 1704 1906
f 2011 1906 1702
f 2011 1702 1703
f 2012 1715 124
f 2012 124 1909
f 2012 1909 125
f 2012 125 1715
f 2013 1910 124
f 2013 124 325
f 2013 325 326
f 2013 326 1911
f 2013 1911 1716
f 2013 1716 1910
f 2014 1249 1599
f 2014 1599 1601
f 2014 1601 2015
f 2016 1607 1249
f 2016 1249 2014
f 2016 2014 2015
f 2016 2015 1716
f 2016 1716 1607
f 2017 1716 2015
f 2017 2015 1601
f 2017 1601 1716
f 2018 2019 1913
f 2018 323 2019
f 2020 1721 2021
f 2020 2021 323
f 2020 323 322
f 2020 322 1721
f 2022 2019 323
f 2022 323 2021
f 2022 2021 1721
f 2022 1721 1913
f 2022 1913 2019
f 2023 1720 1723
f 2023 1723 1915
f 2023 1915 1914
f 2023 1914 1719
f 2023 1719 1720
f 2024 1604 1917
f 2024 1917 1722
f 2024 1722 1916
f 2024 1916 1718
f 2024 1718 1604
f 2025 1405 1718
f 2025 1718 1916
f 2025 1916 1723
f 2025 1723 1405
f 2026 1793 1521
f 2026 1521 1919
f 2026 1919 1119
f 2026 1119 522
f 2026 522 1794
f 2026 1794 1793
f 2027 1920 1728
f 2027 1728 1921
f 2027 1921 1727
f 2027 1727 1918
f 2027 1918 1919
f 2027 1919 1920
f 2028 1434 1734
f 2028 1734 1926
f 2028 1926 1058
f 2029 1423 1933
f 2029 1933 1932
f 2029 1932 1421
f 2029 1421 1423
f 2030 1934 1747
f 2030 1747 1441
f 2030 1441 1744
f 2030 1744 1938
f 2031 1758 1934
f 2031 1934 2030
f 2031 2030 1938
f 2031 1938 1460
f 2031 1460 1459
f 2031 1459 1757
f 2031 1757 1758
f 2032 1765 1764
f 2032 1764 2033
f 2032 2033 85
f 2032 85 1761
f 2032 1761 1762
f 2032 1762 1766
f 2032 1766 1765
f 2034 334 333
f 2034 333 85
f 2034 85 2033
f 2034 2033 1764
f 2034 1764 1939
f 2034 1939 1027
f 2034 1027 334
f 2035 1492 1779
f 2035 1779 1941
f 2035 1941 1080
f 2036 1774 1490
f 2036 1490 1942
f 2036 1942 1488
f 2036 1488 1774
f 2037 1776 1943
f 2037 1943 1084
f 2037 1084 1493
f 2037 1493 1944
f 2037 1944 1776
f 2038 1082 1944
f 2038 1944 1493
f 2038 1493 1788
f 2038 1788 1082
f 2039 1800 674
f 2039 674 1089
f 2039 1089 1946
f 2039 1946 1782
f 2039 1782 1947
f 2039 1947 1547
f 2039 1547 1800
f 2040 1118 1792
f 2040 1792 1950
f 2040 1950 1791
f 2040 1791 1118
f 2041 1824 1825
f 2041 1825 1957
f 2041 1957 904
f 2041 904 1290
f 2041 1290 1824
f 2042 904 1962
f 2042 1962 769
f 2042 769 904
f 2043 769 1963
f 2043 1963 904
f 2044 1960 1822
f 2045 1286 1827
f 2045 1827 1965
f 2045 1965 1966
f 2045 1966 1993
f 2046 1564 1565
f 2046 1565 1828
f 2047 1830 1967
f 2047 1967 1289
f 2047 1831 1830
f 2048 1975 1611
f 2048 1611 1608
f 2048 1608 1978
f 2048 1978 1852
f 2048 1852 1975
f 2049 1244 1243
f 2049 1243 1242
f 2049 1242 1241
f 2049 1241 1856
f 2049 1856 1979
f 2049 1979 1844
f 2049 1844 1244
f 2050 1267 1982
f 2050 1982 1342
f 2050 1342 1341
f 2050 1341 879
f 2050 879 1267
f 2051 1865 1986
f 2051 1986 900
f 2051 900 1866
f 2051 1866 1865
f 2052 1191 1987
f 2052 1642 1191
f 2053 1829 1872
f 2053 1987 1828
f 2053 1828 1829
f 2054 1290 1988
f 2054 1567 1290
f 2055 1990 1989
f 2055 1989 1567
f 2056 1874 1990
f 2056 1990 2055
f 2056 2055 1988
f 2056 1988 1874
f 2057 1286 2045
f 2057 1287 1286
f 2058 1993 1966
f 2058 1966 1564
f 2059 1287 1993
f 2059 1993 1992
f 2059 1992 1287
f 2060 1289 1994
f 2060 1994 1831
f 2060 1831 2047
f 2060 2047 1289
f 2061 1994 1643
f 2061 1643 1995
f 2062 1994 1998
f 2062 1566 1994
f 2063 2003 562
f 2063 562 1334
f 2064 251 2003
f 2064 1888 1435
f 2064 1435 251
f 2065 1888 2064
f 2065 2064 2003
f 2065 2003 1890
f 2065 1890 2004
f 2065 2004 1888
f 2066 323 2018
f 2066 2018 1913
f 2066 1913 323
f 2067 1434 2028
f 2067 2028 1058
f 2067 1058 1448
f 2067 1448 1733
f 2067 1733 1434
f 2068 1492 2035
f 2068 2035 1080
f 2068 1080 1492
f 2069 1964 769
f 2069 769 2043
f 2069 2043 904
f 2069 904 1964
f 2070 1960 2044
f 2071 769 1964
f 2071 1964 1960
f 2071 1960 2070
f 2071 2070 2044
f 2071 2044 1822
f 2071 1822 769
f 2072 1987 2053
f 2072 2053 1872
f 2073 2052 1987
f 2074 2072 1872
f 2074 1872 1570
f 2074 1570 1569
f 2074 1569 1642
f 2074 1642 2052
f 2075 1988 2055
f 2075 2055 1567
f 2075 1567 2054
f 2075 2054 1988
f 2076 1993 1287
f 2076 1287 2057
f 2076 2057 2045
f 2076 2045 1993
f 2077 1828 1191
f 2077 1191 1993
f 2077 1993 2058
f 2077 2058 1564
f 2077 1564 2046
f 2078 1994 2061
f 2078 2061 1995
f 2078 1995 1997
f 2078 1997 1994
f 2079 1566 2062
f 2079 2062 1998
f 2079 1998 1566
f 2080 1891 1890
f 2080 1890 2003
f 2080 2003 2063
f 2080 2063 1334
f 2080 1334 1891
f 2081 2072 2074
f 2081 2074 2052
f 2081 2052 2073
f 2081 2073 1987
f 2081 1987 2072
f 2082 1828 2077
f 2082 2077 2046
f 2082 2046 1828
