# Normalized convex hull collision mesh - generated by scripts/generate-collision-meshes.mjs (units: meters)
v 0.007799 -0.007185 -0.003500
v 0.003300 -0.005720 -0.003500
v -0.000000 0.010609 -0.003500
v -0.010455 -0.001746 -0.003500
v 0.000000 0.010609 0.003500
v -0.010600 0.000000 0.003500
v 0.010600 -0.000000 0.003500
v -0.000000 -0.010609 0.003500
v -0.007799 0.007185 0.003500
v -0.008365 0.006516 -0.003500
v 0.006647 -0.006652 0.003500
v -0.007179 -0.007805 0.003500
v 0.008141 0.004704 0.003500
v 0.005045 -0.009330 -0.003500
v 0.009707 0.004261 -0.003500
v 0.010434 -0.003486 -0.003100
v 0.010434 -0.003486 0.003100
v 0.010120 -0.004315 -0.003100
v -0.000441 0.010964 -0.003266
v 0.000000 0.011000 -0.003185
v 0.000000 0.010973 -0.003266
v -0.008874 0.005802 0.003500
v -0.010455 0.001746 0.003500
v -0.010434 -0.003486 -0.003100
v -0.010120 -0.004315 -0.003100
v -0.010120 -0.004315 0.003100
v -0.001326 -0.010929 0.003100
v -0.002200 -0.010786 -0.003100
v -0.001326 -0.010929 -0.003100
v -0.005500 -0.009534 -0.003100
v -0.004716 -0.009946 0.003100
v -0.005500 -0.009534 0.003100
v -0.007799 -0.007185 -0.003500
v -0.009740 -0.005116 -0.003100
v -0.006511 0.008372 -0.003500
v 0.008141 -0.004704 0.003500
v 0.010964 0.000886 -0.003100
v 0.010858 0.001766 -0.003100
v 0.010858 0.001766 0.003100
v 0.003060 -0.010574 -0.003100
v 0.003901 -0.010294 -0.003100
v 0.003901 -0.010294 0.003100
v 0.006249 -0.009060 0.003100
v 0.005500 -0.009534 -0.003100
v 0.006249 -0.009060 -0.003100
v -0.000875 -0.010572 -0.003500
v 0.005798 0.008881 -0.003500
v 0.009257 -0.001634 -0.003500
v 0.010564 -0.000876 -0.003500
v 0.009322 -0.005049 -0.003500
v 0.004258 -0.009715 0.003500
v 0.010680 -0.002635 0.003100
v 0.008234 -0.007300 0.003100
v 0.008234 -0.007300 -0.003100
v 0.008794 -0.006614 0.003100
v 0.007620 -0.007940 -0.003100
v 0.000443 0.011000 -0.003100
v -0.000443 0.011000 -0.003100
v -0.000443 0.010991 -0.003185
v -0.001326 0.010929 -0.003100
v -0.001326 0.010929 0.003100
v 0.000443 0.011000 0.003100
v 0.001326 0.010929 0.003100
v -0.004258 0.009715 0.003500
v -0.010964 -0.000886 0.003100
v -0.011000 0.000000 0.003100
v -0.011000 0.000000 -0.003100
v -0.004258 -0.009715 0.003500
v -0.003060 -0.010574 0.003100
v -0.003901 -0.010294 -0.003100
v -0.003060 -0.010574 -0.003100
v -0.003901 -0.010294 0.003100
v -0.003566 -0.010397 0.003215
v -0.006249 -0.009060 -0.003100
v -0.006957 -0.008528 -0.003100
v -0.006957 -0.008528 0.003100
v -0.007620 -0.007940 -0.003100
v -0.009740 -0.005116 0.003100
v -0.009297 -0.005884 0.003100
v -0.009659 -0.005232 0.003215
v 0.010680 0.002635 -0.003100
v 0.008794 0.006614 -0.003100
v 0.009297 0.005884 -0.003100
v 0.009179 0.006002 -0.003266
v -0.009297 0.005884 -0.003100
v -0.009289 0.005879 -0.003185
v -0.009732 0.005112 -0.003185
v -0.009740 0.005116 0.003100
v -0.009297 0.005884 0.003100
v -0.009929 0.004234 -0.003450
v -0.010238 0.003421 -0.003450
v -0.009994 0.004261 -0.003401
v -0.010455 0.001746 -0.003500
v 0.006511 0.008372 0.003500
v 0.003060 0.010574 0.003100
v 0.003901 0.010294 0.003100
v 0.003901 0.010294 -0.003100
v 0.003566 0.010397 0.003215
v 0.007620 0.007940 0.003100
v 0.008234 0.007300 0.003100
v 0.007620 0.007940 -0.003100
v 0.006957 0.008528 0.003100
v 0.006957 0.008528 -0.003100
v 0.006249 0.009060 -0.003100
v 0.010041 0.004408 -0.003266
v 0.009740 0.005116 -0.003100
v 0.010120 0.004315 -0.003100
v 0.009740 0.005116 0.003100
v 0.011000 0.000000 -0.003100
v 0.010991 0.000000 -0.003185
v 0.011000 -0.000000 0.003100
v 0.010964 -0.000886 -0.003100
v 0.010964 0.000886 0.003100
v 0.010983 0.000000 0.003215
v 0.010964 -0.000886 0.003100
v 0.010858 -0.001766 -0.003100
v -0.000443 -0.011000 0.003100
v 0.002698 -0.010663 -0.003185
v 0.002692 -0.010637 -0.003266
v 0.003058 -0.010566 -0.003185
v 0.002200 -0.010786 0.003100
v 0.001326 -0.010929 0.003100
v 0.001326 -0.010929 -0.003100
v 0.006957 -0.008528 0.003100
v 0.005500 -0.009534 0.003100
v -0.003442 -0.010034 -0.003500
v 0.001745 -0.010464 -0.003500
v 0.002602 0.010284 -0.003500
v 0.008365 -0.006516 -0.003500
v 0.010026 -0.003445 -0.003500
v 0.009487 -0.004983 -0.003483
v 0.009857 -0.004203 -0.003483
v 0.009557 -0.005020 -0.003450
v 0.009929 -0.004234 -0.003450
v 0.010238 -0.003421 -0.003450
v 0.009994 -0.004261 -0.003401
v 0.007700 -0.005396 0.003500
v 0.001745 -0.010464 0.003500
v 0.010858 -0.001766 0.003100
v 0.010841 -0.001763 0.003215
v 0.010680 -0.002635 -0.003100
v 0.009707 -0.004261 0.003500
v -0.010425 0.003483 -0.003185
v -0.010672 0.002632 -0.003185
v -0.010434 0.003486 -0.003100
v -0.010359 0.003461 -0.003339
v -0.010400 0.003475 -0.003266
v -0.010087 0.004301 -0.003266
v -0.000908 0.010962 -0.003185
v -0.000443 0.011000 0.003100
v -0.008221 0.007289 0.003215
v -0.008196 0.007267 0.003293
v -0.007586 0.007904 0.003293
v -0.008234 0.007300 -0.003100
v -0.008234 0.007300 0.003100
v -0.007620 0.007940 -0.003100
v -0.008754 0.006584 0.003293
v -0.008365 0.006516 0.003500
v -0.008606 0.006473 0.003464
v -0.010564 0.000876 0.003500
v -0.010650 0.000860 0.003491
v -0.010756 -0.000892 -0.003450
v -0.010863 -0.000000 -0.003401
v -0.010793 -0.000000 -0.003450
v -0.010678 -0.000886 -0.003483
v -0.010815 -0.001806 -0.003266
v -0.010841 -0.001811 -0.003185
v -0.010927 -0.000906 -0.003266
v -0.010772 -0.001799 -0.003339
v -0.009322 -0.005049 -0.003500
v -0.010858 -0.001766 0.003100
v -0.010858 -0.001766 -0.003100
v -0.010964 -0.000886 -0.003100
v -0.002200 -0.010786 0.003100
v -0.006011 -0.009209 -0.003185
v -0.006244 -0.009053 -0.003185
v -0.006249 -0.009060 0.003100
v -0.004716 -0.009946 -0.003100
v -0.007620 -0.007940 0.003100
v -0.007439 -0.008087 0.003215
v -0.007444 -0.008093 -0.003185
v -0.006751 -0.008680 -0.003185
v -0.009707 -0.004261 0.003500
v 0.010455 0.001746 -0.003500
v 0.010646 0.001778 -0.003450
v 0.010715 0.001789 -0.003401
v 0.010756 0.000892 -0.003450
v 0.010680 0.002635 0.003100
v 0.010434 0.003486 0.003100
v 0.010434 0.003486 -0.003100
v 0.010655 0.002700 -0.003185
v 0.010841 0.001811 -0.003185
v 0.010329 0.003549 -0.003339
v 0.010370 0.003563 -0.003266
v 0.010587 0.002683 -0.003339
v 0.010274 0.003530 -0.003401
v 0.010629 0.002694 -0.003266
v 0.010815 0.001806 -0.003266
v 0.010772 0.001799 -0.003339
v 0.008572 0.006678 -0.003401
v 0.008517 0.006635 -0.003450
v 0.007992 0.007363 -0.003401
v 0.008794 0.006614 0.003100
v 0.003852 0.010165 -0.003401
v 0.003873 0.010219 -0.003339
v 0.004364 0.009956 -0.003401
v 0.001301 0.010723 -0.003450
v 0.001788 0.010724 -0.003401
v 0.001776 0.010655 -0.003450
v 0.001292 0.010645 -0.003483
v 0.004657 0.009822 -0.003401
v 0.004336 0.009892 -0.003450
v 0.004387 0.010009 -0.003339
v 0.004404 0.010049 -0.003266
v 0.004682 0.009874 -0.003339
v -0.010111 0.004312 -0.003185
v -0.010120 0.004315 -0.003100
v -0.009740 0.005116 -0.003100
v -0.008794 0.006614 0.003100
v -0.010047 0.004284 -0.003339
v -0.009670 0.005079 -0.003339
v -0.009267 0.005865 -0.003266
v -0.008731 0.006566 -0.003339
v -0.008765 0.006592 -0.003266
v -0.008207 0.007276 -0.003266
v -0.008787 0.006608 -0.003185
v -0.009619 0.005052 -0.003401
v -0.009181 0.005811 -0.003401
v -0.001325 0.010920 -0.003185
v -0.007620 0.007940 0.003100
v -0.006957 0.008528 0.003100
v -0.004716 0.009946 -0.003100
v -0.003901 0.010294 0.003100
v -0.003901 0.010294 -0.003100
v -0.010026 0.003445 -0.003500
v -0.004258 0.009715 -0.003500
v 0.004716 0.009946 0.003100
v 0.006249 0.009060 0.003100
v 0.004716 0.009946 -0.003100
v 0.004415 0.010073 -0.003185
v 0.009322 0.005049 0.003500
v 0.000441 0.010950 0.003293
v 0.000000 0.010959 0.003293
v 0.000439 0.010901 0.003363
v 0.000907 0.010955 0.003215
v 0.001324 0.010912 0.003215
v 0.003056 0.010558 0.003215
v 0.006870 0.008421 -0.003401
v 0.006672 0.008579 -0.003401
v 0.006907 0.008466 -0.003339
v 0.009643 0.005223 -0.003266
v 0.009948 0.004367 -0.003401
v 0.009884 0.004339 -0.003450
v 0.009297 0.005884 0.003100
v 0.009195 0.006012 0.003215
v 0.010276 0.002604 0.003500
v -0.000443 -0.011000 -0.003100
v 0.000443 -0.011000 0.003100
v -0.000000 -0.010992 0.003215
v 0.000905 -0.010936 -0.003266
v 0.000440 -0.010921 -0.003339
v 0.000902 -0.010892 -0.003339
v 0.001322 -0.010893 -0.003266
v 0.000437 -0.010863 -0.003401
v 0.001316 -0.010850 -0.003339
v 0.002198 -0.010778 -0.003185
v 0.003060 -0.010574 0.003100
v 0.003050 -0.010540 -0.003266
v 0.003569 -0.010404 -0.003185
v 0.003560 -0.010378 -0.003266
v 0.004716 -0.009946 -0.003100
v 0.006011 -0.009209 -0.003185
v 0.006244 -0.009053 -0.003185
v 0.006751 -0.008680 -0.003185
v 0.007620 -0.007940 0.003100
v -0.007179 -0.007805 -0.003500
v -0.005045 -0.009330 -0.003500
v 0.003442 -0.010034 -0.003500
v -0.001745 -0.010464 -0.003500
v -0.001292 -0.010645 -0.003483
v -0.002602 -0.010284 -0.003500
v 0.007179 -0.007805 -0.003500
v 0.008020 -0.007111 -0.003483
v 0.008566 -0.006442 -0.003483
v 0.007565 -0.007883 -0.003339
v 0.008174 -0.007248 -0.003339
v 0.008207 -0.007276 -0.003266
v 0.006734 -0.008659 -0.003266
v 0.006934 -0.008500 -0.003266
v 0.001745 0.010464 -0.003500
v 0.008227 -0.007294 -0.003185
v 0.008787 -0.006608 -0.003185
v 0.008874 -0.005802 -0.003500
v 0.009707 -0.004261 -0.003500
v 0.009297 -0.005884 -0.003100
v 0.009289 -0.005879 -0.003185
v 0.008765 -0.006592 -0.003266
v 0.010111 -0.004312 -0.003185
v 0.009740 -0.005116 -0.003100
v 0.010646 -0.002626 -0.003266
v 0.010400 -0.003475 -0.003266
v 0.010359 -0.003461 -0.003339
v 0.008221 -0.007289 0.003215
v 0.001808 -0.010842 0.003215
v 0.006511 -0.008372 0.003500
v 0.010948 -0.000884 0.003215
v 0.010950 0.000000 0.003293
v 0.010946 0.000908 0.003215
v 0.010455 -0.001746 0.003500
v 0.008874 -0.005802 0.003500
v 0.010808 -0.001758 0.003293
v 0.010632 -0.002623 0.003293
v 0.010664 -0.002631 0.003215
v 0.000443 0.010991 -0.003185
v 0.003060 0.010574 -0.003100
v 0.002200 0.010786 -0.003100
v 0.002200 0.010786 0.003100
v -0.010680 0.002635 -0.003100
v -0.010858 0.001766 -0.003100
v -0.010680 0.002635 0.003100
v -0.010849 0.001765 -0.003185
v -0.010646 0.002626 -0.003266
v -0.010603 0.002616 -0.003339
v -0.010822 0.001760 -0.003266
v -0.010779 0.001753 -0.003339
v -0.009099 0.005758 0.003464
v -0.000907 0.010955 0.003215
v -0.002200 0.010786 -0.003100
v -0.001745 0.010464 0.003500
v -0.003442 0.010034 0.003500
v -0.007341 0.007981 0.003421
v -0.007458 0.007770 0.003464
v -0.007291 0.007927 0.003464
v -0.007237 0.007867 0.003491
v -0.005798 0.008881 0.003500
v -0.010884 -0.000903 -0.003339
v -0.010041 -0.004408 -0.003266
v -0.010370 -0.003563 -0.003266
v -0.010587 -0.002683 -0.003339
v -0.010329 -0.003549 -0.003339
v -0.010680 -0.002635 0.003100
v -0.010833 -0.001809 0.003215
v -0.010953 -0.000908 -0.003185
v -0.005798 -0.008881 0.003500
v -0.001745 -0.010464 0.003500
v -0.002696 -0.010656 0.003215
v -0.001808 -0.010842 0.003215
v -0.006007 -0.009202 0.003215
v -0.007614 -0.007933 -0.003185
v -0.007396 -0.008041 -0.003339
v -0.007565 -0.007883 -0.003339
v -0.007357 -0.007999 -0.003401
v -0.006907 -0.008466 -0.003339
v -0.006951 -0.008521 -0.003185
v -0.006934 -0.008500 -0.003266
v -0.008234 -0.007300 -0.003100
v -0.008652 -0.006740 -0.003266
v -0.008794 -0.006614 -0.003100
v -0.009179 -0.006002 -0.003266
v -0.009297 -0.005884 -0.003100
v -0.007525 -0.007841 -0.003401
v -0.007992 -0.007363 -0.003401
v -0.008035 -0.007402 -0.003339
v -0.008067 -0.007432 -0.003266
v -0.008365 -0.006516 0.003500
v 0.010758 -0.000869 -0.003450
v 0.010715 0.000000 -0.003483
v 0.010793 0.000000 -0.003450
v 0.010678 0.000886 -0.003483
v 0.010568 0.001765 -0.003483
v 0.010395 0.003572 -0.003185
v 0.010953 0.000908 -0.003185
v 0.008234 0.007300 -0.003100
v 0.008086 0.007450 -0.003185
v 0.008652 0.006740 -0.003266
v 0.002698 0.010663 -0.003185
v 0.001316 0.010850 -0.003339
v 0.000897 0.010835 -0.003401
v 0.000902 0.010892 -0.003339
v 0.003827 0.010100 -0.003450
v 0.003569 0.010404 -0.003185
v 0.003527 0.010283 -0.003401
v 0.003505 0.010217 -0.003450
v 0.003022 0.010443 -0.003401
v 0.003546 0.010337 -0.003339
v 0.000885 0.010687 -0.003483
v 0.000431 0.010715 -0.003483
v 0.000435 0.010793 -0.003450
v 0.001309 0.010793 -0.003401
v -0.000440 0.010921 -0.003339
v -0.001316 0.010850 -0.003339
v -0.001798 0.010781 -0.003339
v -0.001322 0.010893 -0.003266
v 0.004627 0.009759 -0.003450
v 0.004593 0.009688 -0.003483
v 0.004258 0.009715 -0.003500
v -0.006249 0.009060 -0.003100
v -0.006249 0.009060 0.003100
v -0.006957 0.008528 -0.003100
v -0.006751 0.008680 -0.003185
v -0.008780 0.006603 0.003215
v -0.009255 0.005857 0.003293
v -0.009708 0.005099 -0.003266
v -0.007595 0.007914 -0.003266
v -0.007565 0.007883 -0.003339
v -0.007614 0.007933 -0.003185
v -0.008174 0.007248 -0.003339
v -0.008131 0.007209 -0.003401
v -0.008684 0.006531 -0.003401
v -0.008079 0.007163 -0.003450
v -0.009230 0.005842 -0.003339
v -0.008794 0.006614 -0.003100
v -0.008227 0.007294 -0.003185
v -0.009557 0.005020 -0.003450
v -0.007799 0.007185 -0.003500
v -0.007477 0.007790 -0.003450
v -0.007422 0.007734 -0.003483
v -0.003569 0.010404 -0.003185
v -0.003050 0.010540 -0.003266
v -0.003560 0.010378 -0.003266
v -0.003546 0.010337 -0.003339
v -0.007608 0.007928 0.003215
v -0.004716 0.009946 0.003100
v -0.004412 0.010066 0.003215
v -0.010715 -0.000000 -0.003483
v -0.010758 0.000869 -0.003450
v -0.010658 -0.000000 -0.003496
v -0.010600 0.000000 -0.003500
v -0.010564 0.000876 -0.003500
v -0.010576 0.001720 -0.003483
v 0.005500 0.009534 0.003100
v 0.006746 0.008674 0.003215
v 0.006007 0.009202 0.003215
v 0.005492 0.009519 0.003215
v 0.000433 0.010766 0.003464
v 0.000000 0.010774 0.003464
v 0.000430 0.010685 0.003491
v 0.000889 0.010737 0.003464
v 0.000882 0.010657 0.003491
v 0.001288 0.010615 0.003491
v 0.000436 0.010839 0.003421
v 0.000895 0.010811 0.003421
v 0.000900 0.010873 0.003363
v 0.004258 0.009715 0.003500
v 0.001745 0.010464 0.003500
v 0.005475 0.009491 0.003293
v 0.006946 0.008515 0.003215
v 0.008081 0.007445 0.003215
v 0.001306 0.010769 0.003421
v 0.000000 0.010992 0.003215
v 0.000904 0.010922 0.003293
v -0.006746 -0.008674 0.003215
v -0.003895 -0.010278 0.003215
v 0.006131 0.008890 -0.003450
v 0.006581 0.008462 -0.003483
v 0.006087 0.008825 -0.003483
v 0.006751 0.008680 -0.003185
v 0.007357 0.007999 -0.003401
v 0.009094 0.005946 -0.003401
v 0.009036 0.005908 -0.003450
v 0.010387 0.002632 -0.003483
v 0.010208 0.003507 -0.003450
v 0.010134 0.003482 -0.003483
v 0.010001 0.004390 -0.003339
v 0.009605 0.005202 -0.003339
v 0.010026 0.003445 0.003500
v -0.000908 -0.010962 -0.003185
v 0.000443 -0.011000 -0.003100
v 0.000908 -0.010962 -0.003185
v 0.000000 -0.011000 -0.003185
v 0.001325 -0.010920 -0.003185
v 0.000441 -0.010964 -0.003266
v 0.000000 -0.010973 -0.003266
v 0.000897 -0.010835 -0.003401
v 0.000435 -0.010793 -0.003450
v 0.001798 -0.010781 -0.003339
v 0.001788 -0.010724 -0.003401
v 0.002173 -0.010652 -0.003401
v 0.002184 -0.010709 -0.003339
v 0.001805 -0.010823 -0.003266
v 0.002193 -0.010751 -0.003266
v 0.002650 -0.010471 -0.003450
v 0.002159 -0.010584 -0.003450
v 0.002667 -0.010539 -0.003401
v 0.003022 -0.010443 -0.003401
v 0.001809 -0.010850 -0.003185
v 0.002200 -0.010786 -0.003100
v 0.002681 -0.010595 -0.003339
v 0.003897 -0.010285 -0.003185
v 0.003827 -0.010100 -0.003450
v 0.004304 -0.009820 -0.003483
v 0.004336 -0.009892 -0.003450
v 0.004364 -0.009956 -0.003401
v 0.006951 -0.008521 -0.003185
v -0.004258 -0.009715 -0.003500
v -0.003799 -0.010026 -0.003483
v -0.006511 -0.008372 -0.003500
v 0.002143 -0.010507 -0.003483
v 0.002630 -0.010395 -0.003483
v 0.001764 -0.010577 -0.003483
v 0.004258 -0.009715 -0.003500
v 0.002602 -0.010284 -0.003500
v -0.000897 -0.010835 -0.003401
v -0.001301 -0.010723 -0.003450
v -0.000891 -0.010765 -0.003450
v -0.000435 -0.010793 -0.003450
v 0.008079 -0.007163 -0.003450
v 0.007595 -0.007914 -0.003266
v 0.006672 -0.008579 -0.003401
v 0.006171 -0.008947 -0.003401
v 0.006629 -0.008524 -0.003450
v 0.006870 -0.008421 -0.003401
v 0.006907 -0.008466 -0.003339
v 0.006131 -0.008890 -0.003450
v 0.006581 -0.008462 -0.003483
v 0.005941 -0.009101 -0.003401
v 0.006708 -0.008625 -0.003339
v 0.002143 0.010507 -0.003483
v 0.002630 0.010395 -0.003483
v 0.002159 0.010584 -0.003450
v 0.002650 0.010471 -0.003450
v 0.008874 0.005802 -0.003500
v 0.006826 0.008367 -0.003450
v 0.006776 0.008306 -0.003483
v 0.007941 0.007316 -0.003450
v 0.007525 0.007841 -0.003401
v 0.009056 -0.005731 -0.003483
v 0.009122 -0.005773 -0.003450
v 0.009619 -0.005052 -0.003401
v 0.009670 -0.005079 -0.003339
v 0.010480 -0.002585 -0.003450
v 0.010547 -0.002602 -0.003401
v 0.010653 -0.001733 -0.003450
v 0.010576 -0.001720 -0.003483
v 0.010403 -0.002566 -0.003483
v 0.010163 -0.003396 -0.003483
v 0.010455 -0.001746 -0.003500
v 0.008794 -0.006614 -0.003100
v 0.009267 -0.005865 -0.003266
v 0.009708 -0.005099 -0.003266
v 0.009732 -0.005112 -0.003185
v 0.010425 -0.003483 -0.003185
v 0.010087 -0.004301 -0.003266
v 0.010304 -0.003443 -0.003401
v 0.010603 -0.002616 -0.003339
v 0.010849 -0.001765 -0.003185
v 0.010822 -0.001760 -0.003266
v 0.009740 -0.005116 0.003100
v 0.007608 -0.007928 0.003215
v 0.007586 -0.007904 0.003293
v 0.004716 -0.009946 0.003100
v 0.002197 -0.010770 0.003215
v 0.000436 -0.010839 0.003421
v 0.000895 -0.010811 0.003421
v 0.000889 -0.010737 0.003464
v -0.000000 -0.010774 0.003464
v -0.000000 -0.010848 0.003421
v 0.005045 -0.009330 0.003500
v 0.010915 -0.000882 0.003293
v 0.010901 0.000000 0.003363
v 0.007799 -0.007185 0.003500
v 0.010839 0.000000 0.003421
v 0.010766 0.000000 0.003464
v 0.010804 -0.000873 0.003421
v 0.010731 -0.000867 0.003464
v 0.010760 -0.001750 0.003363
v 0.010699 -0.001740 0.003421
v 0.010524 -0.002596 0.003421
v 0.000441 0.010964 -0.003266
v -0.010546 0.001715 0.003491
v -0.010955 0.000885 -0.003185
v -0.010547 0.002602 -0.003401
v -0.010480 0.002585 -0.003450
v -0.010722 0.001744 -0.003401
v -0.010403 0.002566 -0.003483
v -0.009161 0.005798 0.003421
v -0.009597 0.005041 0.003421
v -0.010120 0.004315 0.003100
v -0.001320 0.010879 0.003293
v -0.001808 0.010842 0.003215
v -0.001802 0.010810 0.003293
v -0.002692 0.010637 -0.003266
v -0.002681 0.010595 -0.003339
v -0.001809 0.010850 -0.003185
v -0.000889 0.010737 0.003464
v -0.000895 0.010811 0.003421
v -0.001306 0.010769 0.003421
v -0.000430 0.010685 0.003491
v -0.000882 0.010657 0.003491
v -0.000875 0.010572 0.003500
v -0.002602 0.010284 0.003500
v -0.002137 0.010477 0.003491
v -0.008160 0.007235 0.003363
v -0.007552 0.007869 0.003363
v -0.005045 0.009330 0.003500
v -0.006511 0.008372 0.003500
v -0.006070 0.008800 0.003491
v -0.010996 -0.000000 0.003158
v -0.010826 -0.000898 -0.003401
v -0.010921 -0.000000 -0.003339
v -0.010964 -0.000000 -0.003266
v -0.009707 -0.004261 -0.003500
v -0.009812 -0.004308 -0.003483
v -0.008365 -0.006516 -0.003500
v -0.008455 -0.006586 -0.003483
v -0.007941 -0.007316 -0.003450
v -0.007477 -0.007790 -0.003450
v -0.008517 -0.006635 -0.003450
v -0.007883 -0.007263 -0.003483
v -0.009094 -0.005946 -0.003401
v -0.009036 -0.005908 -0.003450
v -0.010001 -0.004390 -0.003339
v -0.009643 -0.005223 -0.003266
v -0.009605 -0.005202 -0.003339
v -0.010646 -0.001778 -0.003450
v -0.010395 -0.003572 -0.003185
v -0.010655 -0.002700 -0.003185
v -0.010629 -0.002694 -0.003266
v -0.010680 -0.002635 -0.003100
v -0.010434 -0.003486 0.003100
v -0.010388 -0.003569 0.003215
v -0.010647 -0.002698 0.003215
v -0.010991 -0.000000 -0.003185
v -0.010946 -0.000908 0.003215
v -0.010913 -0.000905 0.003293
v -0.010983 -0.000000 0.003215
v -0.006070 -0.008800 0.003491
v -0.005844 -0.008952 0.003491
v -0.006855 -0.008403 0.003421
v -0.007341 -0.007981 0.003421
v -0.007383 -0.008027 0.003363
v -0.003442 -0.010034 0.003500
v -0.003789 -0.009998 0.003491
v -0.002661 -0.010516 0.003421
v -0.002676 -0.010576 0.003363
v -0.002168 -0.010628 0.003421
v -0.002153 -0.010557 0.003464
v -0.001784 -0.010700 0.003421
v -0.001759 -0.010548 0.003491
v -0.001298 -0.010696 0.003464
v -0.001288 -0.010615 0.003491
v -0.002137 -0.010477 0.003491
v -0.000889 -0.010737 0.003464
v -0.000875 -0.010572 0.003500
v -0.001324 -0.010912 0.003215
v -0.007310 -0.007947 -0.003450
v -0.007257 -0.007889 -0.003483
v -0.006826 -0.008367 -0.003450
v -0.006870 -0.008421 -0.003401
v -0.006672 -0.008579 -0.003401
v -0.004415 -0.010073 -0.003185
v -0.003897 -0.010285 -0.003185
v -0.006734 -0.008659 -0.003266
v -0.005492 -0.009519 0.003215
v -0.007608 -0.007928 0.003215
v -0.007586 -0.007904 0.003293
v -0.008081 -0.007445 0.003215
v -0.008794 -0.006614 0.003100
v -0.007595 -0.007914 -0.003266
v -0.001764 -0.010577 -0.003483
v -0.003479 -0.010142 -0.003483
v -0.002184 -0.010709 -0.003339
v -0.002681 -0.010595 -0.003339
v -0.002173 -0.010652 -0.003401
v -0.008086 -0.007450 -0.003185
v 0.010828 -0.000875 -0.003401
v 0.010600 0.000000 -0.003500
v 0.010647 0.002698 0.003215
v 0.010388 0.003569 0.003215
v 0.010615 0.002690 0.003293
v 0.010826 0.000898 -0.003401
v 0.008067 0.007432 -0.003266
v 0.008618 0.006713 -0.003339
v 0.008035 0.007402 -0.003339
v 0.007565 0.007883 -0.003339
v 0.007595 0.007914 -0.003266
v 0.006934 0.008500 -0.003266
v 0.006734 0.008659 -0.003266
v 0.002667 0.010539 -0.003401
v 0.002681 0.010595 -0.003339
v 0.003038 0.010498 -0.003339
v 0.003050 0.010540 -0.003266
v 0.002692 0.010637 -0.003266
v 0.002193 0.010751 -0.003266
v 0.002184 0.010709 -0.003339
v 0.001326 0.010929 -0.003100
v 0.003003 0.010375 -0.003450
v 0.003897 0.010285 -0.003185
v 0.003058 0.010566 -0.003185
v 0.000875 0.010572 -0.003500
v 0.000891 0.010765 -0.003450
v 0.000000 0.010723 -0.003483
v -0.000431 0.010715 -0.003483
v 0.000000 0.010802 -0.003450
v -0.001745 0.010464 -0.003500
v -0.000435 0.010793 -0.003450
v -0.000437 0.010863 -0.003401
v -0.000897 0.010835 -0.003401
v -0.000905 0.010936 -0.003266
v 0.005941 0.009101 -0.003401
v 0.006171 0.008947 -0.003401
v 0.005460 0.009465 -0.003339
v 0.005973 0.009150 -0.003339
v 0.006204 0.008995 -0.003339
v 0.005137 0.009500 -0.003450
v 0.005397 0.009355 -0.003450
v 0.005357 0.009287 -0.003483
v -0.005460 0.009465 -0.003339
v -0.005941 0.009101 -0.003401
v -0.005973 0.009150 -0.003339
v -0.006204 0.008995 -0.003339
v -0.005045 0.009330 -0.003500
v -0.006951 0.008521 -0.003185
v -0.006934 0.008500 -0.003266
v -0.009283 0.005875 0.003215
v -0.009725 0.005108 0.003215
v -0.007444 0.008093 -0.003185
v -0.008629 0.006489 -0.003450
v -0.008566 0.006442 -0.003483
v -0.007179 0.007805 -0.003500
v -0.008020 0.007111 -0.003483
v -0.003060 0.010574 -0.003100
v -0.003038 0.010498 -0.003339
v -0.004387 0.010009 -0.003339
v -0.004682 0.009874 -0.003339
v -0.004404 0.010049 -0.003266
v -0.003888 0.010260 -0.003266
v -0.007439 0.008087 0.003215
v -0.007416 0.008063 0.003293
v -0.010653 0.001733 -0.003450
v -0.010828 0.000875 -0.003401
v -0.010680 0.000863 -0.003483
v -0.010564 -0.000876 -0.003500
v 0.005500 0.009534 -0.003100
v 0.006239 0.009046 0.003215
v -0.000439 0.010901 0.003363
v -0.000441 0.010950 0.003293
v 0.000875 0.010572 0.003500
v 0.003442 0.010034 0.003500
v 0.005045 0.009330 0.003500
v 0.005419 0.009394 0.003421
v 0.005159 0.009540 0.003421
v 0.005124 0.009476 0.003464
v 0.003895 0.010278 0.003215
v 0.007608 0.007928 0.003215
v 0.007799 0.007185 0.003500
v 0.001808 0.010842 0.003215
v 0.002197 0.010770 0.003215
v 0.001298 0.010696 0.003464
v 0.000442 0.010983 0.003215
v 0.001320 0.010879 0.003293
v 0.001802 0.010810 0.003293
v 0.002696 0.010656 0.003215
v 0.003556 0.010365 0.003293
v 0.002190 0.010738 0.003293
v 0.001794 0.010761 0.003363
v 0.002688 0.010624 0.003293
v -0.007552 -0.007869 0.003363
v -0.007508 -0.007823 0.003421
v -0.007974 -0.007347 0.003421
v -0.008020 -0.007389 0.003363
v -0.003556 -0.010365 0.003293
v -0.003047 -0.010526 0.003293
v -0.003540 -0.010319 0.003363
v -0.004412 -0.010066 0.003215
v -0.004399 -0.010036 0.003293
v -0.004694 -0.009901 0.003293
v -0.004708 -0.009931 0.003215
v 0.006708 0.008625 -0.003339
v 0.009812 0.004308 -0.003483
v 0.009554 0.005174 -0.003401
v 0.009492 0.005141 -0.003450
v 0.010026 0.003445 -0.003500
v 0.010531 0.002669 -0.003401
v 0.010120 0.004315 0.003100
v 0.010058 0.004415 0.003215
v 0.009659 0.005232 0.003215
v 0.009630 0.005216 0.003293
v 0.010028 0.004402 0.003293
v 0.009983 0.004383 0.003363
v 0.010455 0.001746 0.003500
v 0.010358 0.002625 0.003491
v 0.010539 0.001760 0.003491
v 0.009707 0.004261 0.003500
v -0.001325 -0.010920 -0.003185
v 0.000442 -0.010983 0.003215
v 0.001320 -0.010879 0.003293
v 0.001314 -0.010831 0.003363
v 0.000904 -0.010922 0.003293
v 0.000443 -0.010991 -0.003185
v 0.000891 -0.010765 -0.003450
v 0.001301 -0.010723 -0.003450
v 0.000000 -0.010723 -0.003483
v 0.000000 -0.010802 -0.003450
v 0.000000 -0.010872 -0.003401
v -0.000441 -0.010964 -0.003266
v -0.000440 -0.010921 -0.003339
v 0.001309 -0.010793 -0.003401
v 0.001776 -0.010655 -0.003450
v 0.003546 -0.010337 -0.003339
v 0.003873 -0.010219 -0.003339
v 0.004412 -0.010066 0.003215
v 0.003566 -0.010397 0.003215
v 0.004415 -0.010073 -0.003185
v 0.003888 -0.010260 -0.003266
v 0.003003 -0.010375 -0.003450
v 0.003852 -0.010165 -0.003401
v 0.004593 -0.009688 -0.003483
v 0.004627 -0.009759 -0.003450
v 0.004387 -0.010009 -0.003339
v 0.005218 -0.009650 -0.003266
v 0.004700 -0.009914 -0.003266
v 0.004682 -0.009874 -0.003339
v 0.005198 -0.009612 -0.003339
v 0.005495 -0.009526 -0.003185
v 0.005482 -0.009503 -0.003266
v 0.005997 -0.009186 -0.003266
v 0.006957 -0.008528 -0.003100
v -0.005798 -0.008881 -0.003500
v 0.006511 -0.008372 -0.003500
v 0.006776 -0.008306 -0.003483
v 0.007257 -0.007889 -0.003483
v 0.008629 -0.006489 -0.003450
v 0.008684 -0.006531 -0.003401
v 0.008131 -0.007209 -0.003401
v 0.007422 -0.007734 -0.003483
v 0.007477 -0.007790 -0.003450
v 0.006826 -0.008367 -0.003450
v 0.007310 -0.007947 -0.003450
v 0.007444 -0.008093 -0.003185
v 0.001764 0.010577 -0.003483
v 0.005903 0.009043 -0.003450
v 0.005045 0.009330 -0.003500
v 0.008970 0.005865 -0.003483
v 0.007179 0.007805 -0.003500
v 0.007310 0.007947 -0.003450
v 0.006629 0.008524 -0.003450
v 0.010680 -0.000863 -0.003483
v 0.010276 -0.002604 -0.003500
v 0.009181 -0.005811 -0.003401
v 0.008731 -0.006566 -0.003339
v 0.010047 -0.004284 -0.003339
v 0.010672 -0.002632 -0.003185
v 0.010955 -0.000885 -0.003185
v 0.010929 -0.000883 -0.003266
v 0.010964 0.000000 -0.003266
v 0.006116 -0.008867 0.003464
v 0.006612 -0.008502 0.003464
v 0.006563 -0.008439 0.003491
v 0.006925 -0.008489 0.003293
v 0.006726 -0.008648 0.003293
v 0.006946 -0.008515 0.003215
v 0.006895 -0.008451 0.003363
v 0.007383 -0.008027 0.003363
v 0.006855 -0.008403 0.003421
v 0.007341 -0.007981 0.003421
v 0.007291 -0.007927 0.003464
v 0.010120 -0.004315 0.003100
v 0.009297 -0.005884 0.003100
v 0.008196 -0.007267 0.003293
v 0.002602 -0.010284 0.003500
v 0.003442 -0.010034 0.003500
v 0.002973 -0.010271 0.003491
v 0.002137 -0.010477 0.003491
v 0.003789 -0.009998 0.003491
v 0.004292 -0.009793 0.003491
v 0.004324 -0.009867 0.003464
v 0.004580 -0.009661 0.003491
v 0.005085 -0.009405 0.003491
v 0.004615 -0.009734 0.003464
v 0.001306 -0.010769 0.003421
v 0.001298 -0.010696 0.003464
v 0.000433 -0.010766 0.003464
v 0.000439 -0.010901 0.003363
v -0.000000 -0.010910 0.003363
v 0.006070 -0.008800 0.003491
v 0.005844 -0.008952 0.003491
v 0.006757 -0.008283 0.003491
v 0.007237 -0.007867 0.003491
v 0.005798 -0.008881 0.003500
v 0.010866 -0.000878 0.003363
v 0.010864 0.000901 0.003363
v 0.010802 0.000896 0.003421
v 0.010026 -0.003445 0.003500
v 0.007179 -0.007805 0.003500
v 0.009322 -0.005049 0.003500
v 0.009099 -0.005758 0.003464
v 0.008606 -0.006473 0.003464
v 0.009161 -0.005798 0.003421
v 0.010564 -0.000876 0.003500
v 0.010546 -0.001715 0.003491
v 0.010374 -0.002559 0.003491
v 0.010927 0.000906 -0.003266
v 0.010921 0.000000 -0.003339
v 0.000440 0.010921 -0.003339
v -0.009322 0.005049 0.003500
v -0.010374 0.002559 0.003491
v -0.010135 0.003386 0.003491
v -0.010453 0.002578 0.003464
v -0.010964 0.000886 -0.003100
v -0.010929 0.000883 -0.003266
v -0.010304 0.003443 -0.003401
v -0.010276 0.002604 -0.003500
v -0.008665 0.006517 0.003421
v -0.008113 0.007193 0.003421
v -0.009214 0.005831 0.003363
v -0.009653 0.005070 0.003363
v -0.010434 0.003486 0.003100
v -0.000442 0.010983 0.003215
v -0.003895 0.010278 0.003215
v -0.003556 0.010365 0.003293
v -0.003566 0.010397 0.003215
v -0.002190 0.010738 0.003293
v -0.002197 0.010770 0.003215
v -0.002696 0.010656 0.003215
v -0.002200 0.010786 0.003100
v -0.000904 0.010922 0.003293
v -0.000900 0.010873 0.003363
v -0.001324 0.010912 0.003215
v -0.001314 0.010831 0.003363
v -0.001805 0.010823 -0.003266
v 0.000000 0.010693 0.003491
v -0.000433 0.010766 0.003464
v -0.008058 0.007145 0.003464
v -0.007508 0.007823 0.003421
v -0.003540 0.010319 0.003363
v -0.003519 0.010260 0.003421
v -0.003033 0.010480 0.003363
v -0.006746 0.008674 0.003215
v -0.006563 0.008439 0.003491
v -0.007179 0.007805 0.003500
v -0.009696 0.005093 0.003293
v -0.008874 -0.005802 -0.003500
v -0.007422 -0.007734 -0.003483
v -0.008618 -0.006713 -0.003339
v -0.009143 -0.005978 -0.003339
v -0.009423 -0.005104 -0.003483
v -0.009492 -0.005141 -0.003450
v -0.009884 -0.004339 -0.003450
v -0.009554 -0.005174 -0.003401
v -0.010568 -0.001765 -0.003483
v -0.010715 -0.001789 -0.003401
v -0.010058 -0.004415 0.003215
v -0.010028 -0.004402 0.003293
v -0.010357 -0.003558 0.003293
v -0.009630 -0.005216 0.003293
v -0.010276 -0.002604 0.003500
v -0.010182 -0.003498 0.003464
v -0.010106 -0.003472 0.003491
v -0.010436 -0.002645 0.003464
v -0.008945 -0.005849 0.003491
v -0.009468 -0.005128 0.003464
v -0.009013 -0.005893 0.003464
v -0.010950 -0.000000 0.003293
v -0.007291 -0.007927 0.003464
v -0.006809 -0.008346 0.003464
v -0.006757 -0.008283 0.003491
v -0.007458 -0.007770 0.003464
v -0.007920 -0.007297 0.003464
v -0.007799 -0.007185 0.003500
v -0.006511 -0.008372 0.003500
v -0.006116 -0.008867 0.003464
v -0.006239 -0.009046 0.003215
v -0.006657 -0.008560 0.003421
v -0.006696 -0.008610 0.003363
v -0.006157 -0.008927 0.003421
v -0.005045 -0.009330 0.003500
v -0.004673 -0.009857 0.003363
v -0.005189 -0.009595 0.003363
v -0.005212 -0.009638 0.003293
v -0.005963 -0.009134 0.003363
v -0.005928 -0.009081 0.003421
v -0.002602 -0.010284 0.003500
v -0.002973 -0.010271 0.003491
v -0.002623 -0.010366 0.003491
v -0.003469 -0.010114 0.003491
v -0.004580 -0.009661 0.003491
v -0.005085 -0.009405 0.003491
v -0.004615 -0.009734 0.003464
v -0.002643 -0.010445 0.003464
v -0.002995 -0.010349 0.003464
v -0.001772 -0.010627 0.003464
v -0.000430 -0.010685 0.003491
v -0.000433 -0.010766 0.003464
v -0.000000 -0.010693 0.003491
v -0.001320 -0.010879 0.003293
v -0.000439 -0.010901 0.003363
v -0.001306 -0.010769 0.003421
v -0.002181 -0.010690 0.003363
v -0.002190 -0.010738 0.003293
v -0.001794 -0.010761 0.003363
v -0.002197 -0.010770 0.003215
v -0.006629 -0.008524 -0.003450
v -0.006581 -0.008462 -0.003483
v -0.006776 -0.008306 -0.003483
v -0.005495 -0.009526 -0.003185
v -0.004404 -0.010049 -0.003266
v -0.004712 -0.009938 -0.003185
v -0.004682 -0.009874 -0.003339
v -0.005170 -0.009561 -0.003401
v -0.004657 -0.009822 -0.003401
v -0.004387 -0.010009 -0.003339
v -0.004304 -0.009820 -0.003483
v -0.005973 -0.009150 -0.003339
v -0.006204 -0.008995 -0.003339
v -0.005941 -0.009101 -0.003401
v -0.006171 -0.008947 -0.003401
v -0.006708 -0.008625 -0.003339
v -0.005227 -0.009667 0.003215
v -0.008603 -0.006701 0.003363
v -0.008234 -0.007300 0.003100
v -0.008667 -0.006752 0.003215
v -0.007426 -0.008073 -0.003266
v -0.002981 -0.010300 -0.003483
v -0.002667 -0.010539 -0.003401
v -0.002650 -0.010471 -0.003450
v -0.002159 -0.010584 -0.003450
v -0.003827 -0.010100 -0.003450
v -0.003852 -0.010165 -0.003401
v -0.003527 -0.010283 -0.003401
v -0.003569 -0.010404 -0.003185
v -0.003050 -0.010540 -0.003266
v -0.003058 -0.010566 -0.003185
v 0.010885 -0.000879 -0.003339
v 0.010863 0.000000 -0.003401
v 0.010722 -0.001744 -0.003401
v 0.010564 0.000876 -0.003500
v 0.009143 0.005978 -0.003339
v 0.007396 0.008041 -0.003339
v 0.007614 0.007933 -0.003185
v 0.006951 0.008521 -0.003185
v 0.002173 0.010652 -0.003401
v 0.001798 0.010781 -0.003339
v 0.001809 0.010850 -0.003185
v 0.003888 0.010260 -0.003266
v -0.000875 0.010572 -0.003500
v -0.000902 0.010892 -0.003339
v 0.005218 0.009650 -0.003266
v 0.005198 0.009612 -0.003339
v 0.005431 0.009415 -0.003401
v 0.006244 0.009053 -0.003185
v 0.005100 0.009431 -0.003483
v 0.003799 0.010026 -0.003483
v 0.003479 0.010142 -0.003483
v 0.002981 0.010300 -0.003483
v 0.003442 0.010034 -0.003500
v -0.005500 0.009534 0.003100
v -0.005482 0.009503 -0.003266
v -0.005218 0.009650 -0.003266
v -0.006629 0.008524 -0.003450
v -0.006131 0.008890 -0.003450
v -0.006581 0.008462 -0.003483
v -0.006826 0.008367 -0.003450
v -0.006672 0.008579 -0.003401
v -0.006171 0.008947 -0.003401
v -0.006708 0.008625 -0.003339
v -0.006907 0.008466 -0.003339
v -0.006244 0.009053 -0.003185
v -0.006011 0.009209 -0.003185
v -0.005798 0.008881 -0.003500
v -0.005357 0.009287 -0.003483
v -0.005100 0.009431 -0.003483
v -0.005860 0.008977 -0.003483
v -0.005397 0.009355 -0.003450
v -0.004593 0.009688 -0.003483
v -0.004304 0.009820 -0.003483
v -0.004627 0.009759 -0.003450
v -0.006776 0.008306 -0.003483
v -0.006087 0.008825 -0.003483
v -0.007426 0.008073 -0.003266
v -0.009122 0.005773 -0.003450
v -0.009857 0.004203 -0.003483
v -0.009487 0.004983 -0.003483
v -0.008874 0.005802 -0.003500
v -0.007525 0.007841 -0.003401
v -0.007357 0.007999 -0.003401
v -0.006870 0.008421 -0.003401
v -0.007396 0.008041 -0.003339
v -0.007310 0.007947 -0.003450
v -0.002698 0.010663 -0.003185
v -0.005198 0.009612 -0.003339
v -0.005170 0.009561 -0.003401
v -0.003873 0.010219 -0.003339
v -0.004415 0.010073 -0.003185
v -0.004712 0.009938 -0.003185
v -0.004700 0.009914 -0.003266
v -0.004694 0.009901 0.003293
v -0.004399 0.010036 0.003293
v -0.002661 0.010516 0.003421
v -0.002643 0.010445 0.003464
v -0.002168 0.010628 0.003421
v -0.003789 0.009998 0.003491
v -0.004292 0.009793 0.003491
v -0.003469 0.010114 0.003491
v -0.003496 0.010191 0.003464
v -0.002973 0.010271 0.003491
v -0.002995 0.010349 0.003464
v -0.004336 0.009892 -0.003450
v -0.004657 0.009822 -0.003401
v -0.000436 0.010839 0.003421
v 0.003789 0.009998 0.003491
v 0.004292 0.009793 0.003491
v 0.002602 0.010284 0.003500
v 0.002973 0.010271 0.003491
v 0.002137 0.010477 0.003491
v 0.005798 0.008881 0.003500
v 0.005383 0.009331 0.003464
v 0.005085 0.009405 0.003491
v 0.005227 0.009667 0.003215
v 0.004708 0.009931 0.003215
v 0.004412 0.010066 0.003215
v 0.007439 0.008087 0.003215
v 0.006925 0.008489 0.003293
v 0.007416 0.008063 0.003293
v 0.007586 0.007904 0.003293
v 0.007179 0.007805 0.003500
v 0.008365 0.006516 0.003500
v 0.007383 0.008027 0.003363
v 0.007552 0.007869 0.003363
v 0.006895 0.008451 0.003363
v 0.003496 0.010191 0.003464
v 0.003818 0.010074 0.003464
v 0.003844 0.010143 0.003421
v 0.001784 0.010700 0.003421
v 0.001772 0.010627 0.003464
v 0.001759 0.010548 0.003491
v 0.001314 0.010831 0.003363
v 0.003047 0.010526 0.003293
v 0.002181 0.010690 0.003363
v 0.002168 0.010628 0.003421
v -0.006946 -0.008515 0.003215
v -0.006925 -0.008489 0.003293
v -0.007416 -0.008063 0.003293
v -0.006895 -0.008451 0.003363
v -0.004324 -0.009867 0.003464
v -0.003818 -0.010074 0.003464
v -0.003844 -0.010143 0.003421
v -0.003016 -0.010419 0.003421
v -0.003056 -0.010558 0.003215
v -0.002688 -0.010624 0.003293
v -0.003883 -0.010247 0.003293
v 0.010276 0.002604 -0.003500
v 0.010463 0.002652 -0.003450
v 0.009533 0.005163 0.003421
v 0.009126 0.005967 0.003363
v 0.009074 0.005933 0.003421
v 0.009468 0.005128 0.003464
v 0.009859 0.004328 0.003464
v 0.008020 0.007389 0.003363
v 0.008667 0.006752 0.003215
v 0.008641 0.006731 0.003293
v 0.009167 0.005994 0.003293
v 0.010729 0.000890 0.003464
v 0.010619 0.001773 0.003464
v 0.010648 0.000883 0.003491
v 0.010685 0.000000 0.003491
v 0.010564 0.000876 0.003500
v 0.010106 0.003472 0.003491
v 0.010182 0.003498 0.003464
v 0.010436 0.002645 0.003464
v 0.000907 -0.010955 0.003215
v 0.000875 -0.010572 -0.003500
v -0.000431 -0.010715 -0.003483
v 0.000000 -0.010930 -0.003339
v -0.000437 -0.010863 -0.003401
v -0.000902 -0.010892 -0.003339
v -0.000443 -0.010991 -0.003185
v 0.003038 -0.010498 -0.003339
v 0.003540 -0.010319 0.003363
v 0.003866 -0.010201 0.003363
v 0.003844 -0.010143 0.003421
v 0.004399 -0.010036 0.003293
v 0.004694 -0.009901 0.003293
v 0.003895 -0.010278 0.003215
v 0.003556 -0.010365 0.003293
v 0.003056 -0.010558 0.003215
v 0.004712 -0.009938 -0.003185
v 0.002981 -0.010300 -0.003483
v 0.003479 -0.010142 -0.003483
v 0.003527 -0.010283 -0.003401
v 0.005100 -0.009431 -0.003483
v 0.005357 -0.009287 -0.003483
v 0.005137 -0.009500 -0.003450
v 0.005170 -0.009561 -0.003401
v 0.005431 -0.009415 -0.003401
v 0.005397 -0.009355 -0.003450
v 0.005860 -0.008977 -0.003483
v 0.005460 -0.009465 -0.003339
v 0.004404 -0.010049 -0.003266
v 0.005231 -0.009674 -0.003185
v 0.006228 -0.009031 -0.003266
v 0.005798 -0.008881 -0.003500
v 0.006087 -0.008825 -0.003483
v 0.007525 -0.007841 -0.003401
v 0.007614 -0.007933 -0.003185
v 0.007426 -0.008073 -0.003266
v 0.007396 -0.008041 -0.003339
v 0.005860 0.008977 -0.003483
v 0.009322 0.005049 -0.003500
v 0.009423 0.005104 -0.003483
v 0.008455 0.006586 -0.003483
v 0.006511 0.008372 -0.003500
v 0.007477 0.007790 -0.003450
v 0.007257 0.007889 -0.003483
v 0.007422 0.007734 -0.003483
v 0.009230 -0.005842 -0.003339
v 0.007458 -0.007770 0.003464
v 0.006220 -0.009019 0.003293
v 0.005989 -0.009175 0.003293
v 0.006239 -0.009046 0.003215
v 0.005963 -0.009134 0.003363
v 0.006746 -0.008674 0.003215
v 0.005227 -0.009667 0.003215
v 0.005492 -0.009519 0.003215
v 0.006007 -0.009202 0.003215
v 0.005475 -0.009491 0.003293
v 0.007439 -0.008087 0.003215
v 0.007508 -0.007823 0.003421
v 0.008113 -0.007193 0.003421
v 0.006157 -0.008927 0.003421
v 0.005928 -0.009081 0.003421
v 0.006809 -0.008346 0.003464
v 0.009532 -0.005007 0.003464
v 0.010585 -0.002611 0.003363
v 0.010340 -0.003455 0.003363
v 0.010418 -0.003481 0.003215
v 0.010029 -0.004276 0.003363
v 0.009972 -0.004252 0.003421
v 0.010281 -0.003435 0.003421
v 0.009696 -0.005093 0.003293
v 0.010074 -0.004296 0.003293
v 0.009214 -0.005831 0.003363
v 0.009255 -0.005857 0.003293
v 0.009283 -0.005875 0.003215
v 0.009725 -0.005108 0.003215
v 0.008780 -0.006603 0.003215
v 0.007552 -0.007869 0.003363
v 0.002623 -0.010366 0.003491
v 0.003469 -0.010114 0.003491
v 0.003496 -0.010191 0.003464
v 0.003818 -0.010074 0.003464
v 0.000441 -0.010950 0.003293
v 0.000900 -0.010873 0.003363
v 0.010276 -0.002604 0.003500
v 0.009904 -0.004223 0.003464
v 0.008365 -0.006516 0.003500
v 0.008715 -0.006554 0.003363
v 0.010626 -0.001728 0.003464
v 0.010453 -0.002578 0.003464
v 0.010650 -0.000860 0.003491
v 0.010884 0.000903 -0.003339
v 0.000437 0.010863 -0.003401
v 0.000000 0.010930 -0.003339
v -0.009532 0.005007 0.003464
v -0.010026 0.003445 0.003500
v -0.010885 0.000879 -0.003339
v -0.008715 0.006554 0.003363
v -0.010104 0.004309 0.003215
v -0.010074 0.004296 0.003293
v -0.010664 0.002631 0.003215
v -0.010841 0.001763 0.003215
v -0.010632 0.002623 0.003293
v -0.010858 0.001766 0.003100
v -0.001288 0.010615 0.003491
v -0.002153 0.010557 0.003464
v -0.001784 0.010700 0.003421
v -0.001772 0.010627 0.003464
v -0.002181 0.010690 0.003363
v -0.003883 0.010247 0.003293
v -0.003060 0.010574 0.003100
v -0.003056 0.010558 0.003215
v -0.002688 0.010624 0.003293
v -0.001794 0.010761 0.003363
v -0.002193 0.010751 -0.003266
v -0.003818 0.010074 0.003464
v -0.004615 0.009734 0.003464
v -0.005124 0.009476 0.003464
v -0.005085 0.009405 0.003491
v -0.006946 0.008515 0.003215
v -0.007383 0.008027 0.003363
v -0.006855 0.008403 0.003421
v -0.006895 0.008451 0.003363
v -0.006809 0.008346 0.003464
v -0.006726 0.008648 0.003293
v -0.005383 0.009331 0.003464
v -0.005419 0.009394 0.003421
v -0.005451 0.009449 0.003363
v -0.005189 0.009595 0.003363
v -0.005475 0.009491 0.003293
v -0.006757 0.008283 0.003491
v -0.004580 0.009661 0.003491
v -0.008572 -0.006678 -0.003401
v -0.008970 -0.005865 -0.003483
v -0.009948 -0.004367 -0.003401
v -0.010026 -0.003445 -0.003500
v -0.010134 -0.003482 -0.003483
v -0.010463 -0.002652 -0.003450
v -0.010208 -0.003507 -0.003450
v -0.010387 -0.002632 -0.003483
v -0.009983 -0.004383 0.003363
v -0.009074 -0.005933 0.003421
v -0.010864 -0.000901 0.003363
v -0.010839 -0.000000 0.003421
v -0.010901 -0.000000 0.003363
v -0.010766 -0.000000 0.003464
v -0.010729 -0.000890 0.003464
v -0.010026 -0.003445 0.003500
v -0.009397 -0.005089 0.003491
v -0.009859 -0.004328 0.003464
v -0.010615 -0.002690 0.003293
v -0.010252 -0.003522 0.003421
v -0.009926 -0.004357 0.003421
v -0.008496 -0.006618 0.003464
v -0.010915 0.000882 0.003293
v -0.007237 -0.007867 0.003491
v -0.006563 -0.008439 0.003491
v -0.005888 -0.009020 0.003464
v -0.006726 -0.008648 0.003293
v -0.003866 -0.010201 0.003363
v -0.004379 -0.009991 0.003363
v -0.005475 -0.009491 0.003293
v -0.006193 -0.008979 0.003363
v -0.000882 -0.010657 0.003491
v -0.001802 -0.010810 0.003293
v -0.000442 -0.010983 0.003215
v -0.001314 -0.010831 0.003363
v -0.000436 -0.010839 0.003421
v -0.006087 -0.008825 -0.003483
v -0.005860 -0.008977 -0.003483
v -0.006228 -0.009031 -0.003266
v -0.005997 -0.009186 -0.003266
v -0.004700 -0.009914 -0.003266
v -0.005218 -0.009650 -0.003266
v -0.005231 -0.009674 -0.003185
v -0.005357 -0.009287 -0.003483
v -0.005397 -0.009355 -0.003450
v -0.005100 -0.009431 -0.003483
v -0.004627 -0.009759 -0.003450
v -0.005903 -0.009043 -0.003450
v -0.005431 -0.009415 -0.003401
v -0.005482 -0.009503 -0.003266
v -0.009195 -0.006012 0.003215
v -0.009167 -0.005994 0.003293
v -0.008641 -0.006731 0.003293
v -0.002143 -0.010507 -0.003483
v -0.003038 -0.010498 -0.003339
v -0.003546 -0.010337 -0.003339
v -0.001316 -0.010850 -0.003339
v -0.001322 -0.010893 -0.003266
v -0.001309 -0.010793 -0.003401
v -0.001788 -0.010724 -0.003401
v -0.001776 -0.010655 -0.003450
v -0.003505 -0.010217 -0.003450
v -0.004364 -0.009956 -0.003401
v -0.003873 -0.010219 -0.003339
v -0.002692 -0.010637 -0.003266
v -0.002698 -0.010663 -0.003185
v -0.002198 -0.010778 -0.003185
v -0.001809 -0.010850 -0.003185
v -0.001805 -0.010823 -0.003266
v 0.010779 -0.001753 -0.003339
v 0.010252 0.003522 0.003421
v 0.010507 0.002663 0.003421
v 0.010311 0.003543 0.003363
v 0.010357 0.003558 0.003293
v 0.007426 0.008073 -0.003266
v 0.007444 0.008093 -0.003185
v 0.001325 0.010920 -0.003185
v 0.001805 0.010823 -0.003266
v 0.002198 0.010778 -0.003185
v 0.003560 0.010378 -0.003266
v -0.003442 0.010034 -0.003500
v -0.003022 0.010443 -0.003401
v 0.004712 0.009938 -0.003185
v 0.005482 0.009503 -0.003266
v 0.005997 0.009186 -0.003266
v 0.005170 0.009561 -0.003401
v 0.006228 0.009031 -0.003266
v 0.006011 0.009209 -0.003185
v 0.004304 0.009820 -0.003483
v -0.006007 0.009202 0.003215
v -0.005492 0.009519 0.003215
v -0.005500 0.009534 -0.003100
v -0.005227 0.009667 0.003215
v -0.005431 0.009415 -0.003401
v -0.005903 0.009043 -0.003450
v -0.005137 0.009500 -0.003450
v -0.006734 0.008659 -0.003266
v -0.005997 0.009186 -0.003266
v -0.007257 0.007889 -0.003483
v -0.009056 0.005731 -0.003483
v -0.010163 0.003396 -0.003483
v -0.009707 0.004261 -0.003500
v -0.003058 0.010566 -0.003185
v -0.003897 0.010285 -0.003185
v -0.003016 0.010419 0.003421
v -0.002623 0.010366 0.003491
v -0.004364 0.009956 -0.003401
v -0.003852 0.010165 -0.003401
v 0.000000 0.010848 0.003421
v 0.004580 0.009661 0.003491
v 0.005989 0.009175 0.003293
v 0.006220 0.009019 0.003293
v 0.004694 0.009901 0.003293
v 0.005342 0.009261 0.003491
v 0.005844 0.008952 0.003491
v 0.006726 0.008648 0.003293
v 0.006193 0.008979 0.003363
v 0.008432 0.006568 0.003491
v 0.003469 0.010114 0.003491
v 0.003540 0.010319 0.003363
v 0.003519 0.010260 0.003421
v 0.003016 0.010419 0.003421
v 0.002676 0.010576 0.003363
v -0.004292 -0.009793 0.003491
v -0.003496 -0.010191 0.003464
v -0.003033 -0.010480 0.003363
v 0.009785 0.004295 0.003491
v 0.009588 0.005193 0.003363
v 0.009926 0.004357 0.003421
v 0.008553 0.006663 0.003421
v 0.007974 0.007347 0.003421
v 0.007920 0.007297 0.003464
v 0.008056 0.007422 0.003293
v -0.000905 -0.010936 -0.003266
v 0.001324 -0.010912 0.003215
v 0.000431 -0.010715 -0.003483
v 0.001292 -0.010645 -0.003483
v 0.000000 -0.010609 -0.003500
v -0.000885 -0.010687 -0.003483
v 0.002995 -0.010349 0.003464
v 0.003016 -0.010419 0.003421
v 0.001802 -0.010810 0.003293
v 0.003519 -0.010260 0.003421
v 0.003033 -0.010480 0.003363
v 0.004647 -0.009800 0.003421
v 0.004673 -0.009857 0.003363
v 0.005159 -0.009540 0.003421
v 0.003883 -0.010247 0.003293
v 0.003799 -0.010026 -0.003483
v 0.003505 -0.010217 -0.003450
v 0.004657 -0.009822 -0.003401
v 0.005903 -0.009043 -0.003450
v 0.005973 -0.009150 -0.003339
v 0.007357 -0.007999 -0.003401
v 0.007883 0.007263 -0.003483
v 0.008365 0.006516 -0.003500
v 0.005888 -0.009020 0.003464
v 0.005383 -0.009331 0.003464
v 0.005342 -0.009261 0.003491
v 0.005124 -0.009476 0.003464
v 0.008058 -0.007145 0.003464
v 0.004708 -0.009931 0.003215
v 0.005451 -0.009449 0.003363
v 0.007416 -0.008063 0.003293
v 0.006657 -0.008560 0.003421
v 0.006193 -0.008979 0.003363
v 0.009597 -0.005041 0.003421
v 0.010387 -0.003470 0.003293
v 0.010104 -0.004309 0.003215
v 0.000875 -0.010572 0.003500
v 0.000430 -0.010685 0.003491
v 0.000882 -0.010657 0.003491
v 0.001288 -0.010615 0.003491
v 0.001784 -0.010700 0.003421
v 0.002181 -0.010690 0.003363
v 0.002168 -0.010628 0.003421
v 0.002153 -0.010557 0.003464
v 0.001772 -0.010627 0.003464
v 0.010753 0.001796 0.003363
v 0.010801 0.001804 0.003293
v 0.010833 0.001809 0.003215
v 0.010913 0.000905 0.003293
v 0.010212 -0.003412 0.003464
v 0.008665 -0.006517 0.003421
v 0.008754 -0.006584 0.003293
v 0.008160 -0.007235 0.003363
v 0.000000 0.010872 -0.003401
v -0.009707 0.004261 0.003500
v -0.009904 0.004223 0.003464
v -0.009972 0.004252 0.003421
v -0.010276 0.002604 0.003500
v -0.010029 0.004276 0.003363
v -0.010340 0.003455 0.003363
v -0.010387 0.003470 0.003293
v -0.010964 0.000886 0.003100
v -0.001298 0.010696 0.003464
v -0.001759 0.010548 0.003491
v -0.004379 0.009991 0.003363
v -0.004673 0.009857 0.003363
v -0.004354 0.009934 0.003421
v -0.002676 0.010576 0.003363
v -0.003047 0.010526 0.003293
v -0.002184 0.010709 -0.003339
v -0.002198 0.010778 -0.003185
v -0.004324 0.009867 0.003464
v -0.005159 0.009540 0.003421
v -0.006925 0.008489 0.003293
v -0.005342 0.009261 0.003491
v -0.005963 0.009134 0.003363
v -0.010531 -0.002669 -0.003401
v -0.010274 -0.003530 -0.003401
v -0.010276 -0.002604 -0.003500
v -0.009588 -0.005193 0.003363
v -0.010619 -0.001773 0.003464
v -0.010539 -0.001760 0.003491
v -0.010691 -0.001785 0.003421
v -0.010753 -0.001796 0.003363
v -0.010568 -0.002678 0.003363
v -0.010731 0.000867 0.003464
v -0.010648 -0.000883 0.003491
v -0.010358 -0.002625 0.003491
v -0.010455 -0.001746 0.003500
v -0.009322 -0.005049 0.003500
v -0.009785 -0.004295 0.003491
v -0.010507 -0.002663 0.003421
v -0.010311 -0.003543 0.003363
v -0.008432 -0.006568 0.003491
v -0.008553 -0.006663 0.003421
v -0.010808 0.001758 0.003293
v -0.010866 0.000878 0.003363
v -0.007402 -0.007712 0.003491
v -0.006612 -0.008502 0.003464
v -0.005419 -0.009394 0.003421
v -0.005989 -0.009175 0.003293
v -0.005451 -0.009449 0.003363
v -0.000904 -0.010922 0.003293
v -0.000000 -0.010959 0.003293
v -0.000895 -0.010811 0.003421
v -0.005137 -0.009500 -0.003450
v -0.004593 -0.009688 -0.003483
v -0.004336 -0.009892 -0.003450
v -0.005198 -0.009612 -0.003339
v -0.006131 -0.008890 -0.003450
v -0.008056 -0.007422 0.003293
v -0.002630 -0.010395 -0.003483
v -0.003022 -0.010443 -0.003401
v -0.001798 -0.010781 -0.003339
v -0.003003 -0.010375 -0.003450
v -0.003560 -0.010378 -0.003266
v -0.002193 -0.010751 -0.003266
v 0.000908 0.010962 -0.003185
v 0.000905 0.010936 -0.003266
v 0.001322 0.010893 -0.003266
v -0.002602 0.010284 -0.003500
v -0.002981 0.010300 -0.003483
v -0.001788 0.010724 -0.003401
v -0.000891 0.010765 -0.003450
v 0.005231 0.009674 -0.003185
v 0.004700 0.009914 -0.003266
v -0.005989 0.009175 0.003293
v -0.006220 0.009019 0.003293
v -0.006239 0.009046 0.003215
v -0.005231 0.009674 -0.003185
v -0.005212 0.009638 0.003293
v -0.004708 0.009931 0.003215
v -0.006228 0.009031 -0.003266
v -0.009322 0.005049 -0.003500
v -0.003799 0.010026 -0.003483
v -0.003003 0.010375 -0.003450
v -0.003505 0.010217 -0.003450
v -0.003527 0.010283 -0.003401
v 0.000000 0.010910 0.003363
v 0.004324 0.009867 0.003464
v 0.004354 0.009934 0.003421
v 0.003883 0.010247 0.003293
v 0.005189 0.009595 0.003363
v 0.005451 0.009449 0.003363
v 0.006757 0.008283 0.003491
v 0.006070 0.008800 0.003491
v 0.006657 0.008560 0.003421
v 0.006157 0.008927 0.003421
v 0.006612 0.008502 0.003464
v 0.005963 0.009134 0.003363
v 0.005928 0.009081 0.003421
v 0.005888 0.009020 0.003464
v 0.007861 0.007242 0.003491
v 0.009397 0.005089 0.003491
v 0.008945 0.005849 0.003491
v 0.002623 0.010366 0.003491
v 0.002643 0.010445 0.003464
v 0.002153 0.010557 0.003464
v 0.002995 0.010349 0.003464
v 0.002661 0.010516 0.003421
v 0.003033 0.010480 0.003363
v -0.004354 -0.009934 0.003421
v -0.004647 -0.009800 0.003421
v -0.003519 -0.010260 0.003421
v 0.008496 0.006618 0.003464
v 0.008603 0.006701 0.003363
v 0.007341 0.007981 0.003421
v 0.000885 -0.010687 -0.003483
v 0.001794 -0.010761 0.003363
v 0.002190 -0.010738 0.003293
v 0.002688 -0.010624 0.003293
v 0.002643 -0.010445 0.003464
v 0.002661 -0.010516 0.003421
v 0.004354 -0.009934 0.003421
v 0.002676 -0.010576 0.003363
v 0.002696 -0.010656 0.003215
v 0.003047 -0.010526 0.003293
v 0.006204 -0.008995 -0.003339
v 0.007799 0.007185 -0.003500
v 0.005189 -0.009595 0.003363
v 0.005419 -0.009394 0.003421
v 0.006696 -0.008610 0.003363
v 0.009653 -0.005070 0.003363
v 0.001759 -0.010548 0.003491
v 0.010568 0.002678 0.003363
v 0.010691 0.001785 0.003421
v 0.010135 -0.003386 0.003491
v -0.010585 0.002611 0.003363
v -0.010524 0.002596 0.003421
v -0.010281 0.003435 0.003421
v -0.010418 0.003481 0.003215
v -0.010948 0.000884 0.003215
v -0.003866 0.010201 0.003363
v -0.004647 0.009800 0.003421
v -0.006116 0.008867 0.003464
v -0.006612 0.008502 0.003464
v -0.006157 0.008927 0.003421
v -0.006657 0.008560 0.003421
v -0.006193 0.008979 0.003363
v -0.005928 0.009081 0.003421
v -0.009533 -0.005163 0.003421
v -0.009126 -0.005967 0.003363
v -0.010802 -0.000896 0.003421
v -0.010801 -0.001804 0.003293
v -0.010626 0.001728 0.003464
v -0.010699 0.001740 0.003421
v -0.010685 -0.000000 0.003491
v -0.010564 -0.000876 0.003500
v -0.008874 -0.005802 0.003500
v -0.010804 0.000873 0.003421
v -0.010760 0.001750 0.003363
v -0.007861 -0.007242 0.003491
v -0.005124 -0.009476 0.003464
v -0.006220 -0.009019 0.003293
v -0.000907 -0.010955 0.003215
v -0.000900 -0.010873 0.003363
v -0.000441 -0.010950 0.003293
v -0.005460 -0.009465 -0.003339
v -0.003888 -0.010260 -0.003266
v -0.001309 0.010793 -0.003401
v -0.002173 0.010652 -0.003401
v -0.001776 0.010655 -0.003450
v -0.002143 0.010507 -0.003483
v -0.001764 0.010577 -0.003483
v -0.000885 0.010687 -0.003483
v 0.005495 0.009526 -0.003185
v -0.005495 0.009526 -0.003185
v -0.003827 0.010100 -0.003450
v -0.003479 0.010142 -0.003483
v 0.004615 0.009734 0.003464
v 0.004647 0.009800 0.003421
v 0.003866 0.010201 0.003363
v 0.005212 0.009638 0.003293
v 0.006563 0.008439 0.003491
v 0.006809 0.008346 0.003464
v 0.006696 0.008610 0.003363
v 0.006116 0.008867 0.003464
v 0.007458 0.007770 0.003464
v 0.008874 0.005802 0.003500
v 0.009013 0.005893 0.003464
v 0.006855 0.008403 0.003421
v 0.004379 -0.009991 0.003363
v 0.005212 -0.009638 0.003293
v -0.010212 0.003412 0.003464
v -0.003844 0.010143 0.003421
v -0.005888 0.009020 0.003464
v -0.006696 0.008610 0.003363
v -0.005159 -0.009540 0.003421
v -0.005383 -0.009331 0.003464
v -0.002159 0.010584 -0.003450
v -0.002667 0.010539 -0.003401
v -0.002630 0.010395 -0.003483
v -0.001301 0.010723 -0.003450
v -0.001292 0.010645 -0.003483
v 0.004379 0.009991 0.003363
v 0.007402 0.007712 0.003491
v 0.007291 0.007927 0.003464
v 0.007508 0.007823 0.003421
v -0.005844 0.008952 0.003491
v -0.005342 -0.009261 0.003491
v -0.002650 0.010471 -0.003450
v 0.004399 0.010036 0.003293
v 0.004673 0.009857 0.003363
v 0.007237 0.007867 0.003491
f 1 2 3
f 4 3 2
f 4 2 1
f 5 6 7
f 8 7 6
f 9 6 5
f 10 3 4
f 11 7 8
f 12 8 6
f 13 5 7
f 14 4 1
f 15 1 3
f 16 17 18
f 19 20 21
f 22 6 9
f 23 6 22
f 24 25 26
f 27 28 29
f 30 31 32
f 33 4 14
f 34 26 25
f 35 3 10
f 36 7 11
f 37 38 39
f 40 41 42
f 43 44 45
f 46 33 14
f 47 15 3
f 48 1 15
f 49 1 48
f 49 48 15
f 50 1 49
f 51 11 8
f 52 17 16
f 53 54 55
f 53 56 54
f 57 20 58
f 59 58 20
f 59 20 19
f 60 61 58
f 62 63 57
f 62 57 58
f 64 9 5
f 65 66 67
f 68 8 12
f 69 70 71
f 69 71 28
f 72 31 70
f 72 70 69
f 72 69 73
f 74 30 32
f 75 74 76
f 75 76 77
f 78 34 79
f 78 79 80
f 78 26 34
f 81 39 38
f 82 83 84
f 85 86 87
f 85 88 89
f 90 91 92
f 93 10 4
f 94 13 7
f 94 5 13
f 95 96 97
f 98 96 95
f 99 100 101
f 99 101 102
f 103 104 102
f 103 102 101
f 105 106 107
f 108 107 106
f 108 106 83
f 109 110 37
f 109 37 111
f 109 111 112
f 109 112 110
f 113 111 37
f 113 37 39
f 113 114 111
f 115 116 112
f 115 112 111
f 115 111 114
f 117 27 29
f 118 119 120
f 118 120 40
f 121 122 123
f 124 43 45
f 125 44 43
f 126 33 46
f 127 46 14
f 128 47 3
f 129 1 50
f 130 50 49
f 131 132 133
f 134 135 136
f 134 136 133
f 134 133 132
f 137 11 51
f 137 36 11
f 138 51 8
f 139 140 52
f 139 52 116
f 139 116 115
f 139 115 140
f 141 116 52
f 141 52 16
f 142 7 36
f 142 36 137
f 142 137 51
f 143 144 145
f 146 147 148
f 149 60 58
f 149 58 59
f 150 62 58
f 150 58 61
f 151 152 153
f 154 155 156
f 157 152 151
f 158 159 22
f 158 22 9
f 160 161 6
f 160 6 23
f 162 163 164
f 162 164 165
f 166 167 168
f 166 168 169
f 170 4 33
f 171 65 172
f 173 172 65
f 173 65 67
f 174 69 28
f 174 28 27
f 175 30 74
f 175 74 176
f 177 76 74
f 177 74 32
f 178 70 31
f 178 31 30
f 179 76 180
f 179 77 76
f 181 75 77
f 182 176 74
f 182 74 75
f 183 12 6
f 184 49 15
f 185 186 187
f 188 39 81
f 188 81 189
f 190 189 81
f 190 81 191
f 190 107 189
f 192 191 81
f 192 81 38
f 193 194 195
f 193 195 196
f 193 105 194
f 197 191 192
f 197 192 198
f 197 195 194
f 199 186 195
f 199 195 197
f 199 197 198
f 200 201 202
f 203 83 82
f 203 82 100
f 204 205 206
f 207 208 209
f 207 209 210
f 211 212 206
f 213 205 214
f 213 214 215
f 213 215 211
f 213 211 206
f 213 206 205
f 216 148 147
f 216 147 143
f 216 143 145
f 216 145 217
f 218 88 85
f 218 85 87
f 218 87 216
f 218 216 217
f 218 217 88
f 219 155 154
f 219 85 89
f 220 221 92
f 220 92 146
f 220 146 148
f 222 87 86
f 223 222 224
f 223 224 225
f 226 225 224
f 226 224 222
f 226 222 86
f 226 86 85
f 227 221 228
f 227 92 221
f 229 60 149
f 230 155 151
f 230 231 156
f 230 156 155
f 232 233 234
f 235 10 93
f 236 3 35
f 237 97 96
f 238 102 104
f 239 240 97
f 239 97 237
f 241 94 7
f 242 243 244
f 245 246 63
f 245 63 62
f 247 98 95
f 248 249 250
f 251 106 105
f 251 84 83
f 251 83 106
f 252 196 253
f 254 108 83
f 254 83 203
f 254 203 255
f 256 241 7
f 257 117 29
f 258 259 117
f 258 117 257
f 258 123 122
f 260 261 262
f 260 262 263
f 264 262 261
f 265 263 262
f 266 119 118
f 267 121 40
f 267 40 42
f 268 120 119
f 269 120 268
f 269 268 270
f 269 41 40
f 269 40 120
f 271 44 125
f 271 42 41
f 272 273 45
f 272 45 44
f 274 45 273
f 275 124 56
f 275 56 53
f 276 33 126
f 277 276 126
f 278 127 14
f 279 126 46
f 279 46 280
f 281 126 279
f 282 14 1
f 283 1 129
f 283 129 284
f 285 286 287
f 288 289 274
f 290 128 3
f 291 287 292
f 291 54 56
f 293 284 129
f 293 129 50
f 294 50 130
f 294 130 132
f 294 132 131
f 294 131 50
f 295 292 296
f 297 292 287
f 298 18 299
f 298 16 18
f 300 301 302
f 303 275 53
f 304 122 121
f 305 142 51
f 306 115 114
f 306 114 307
f 306 140 115
f 308 113 39
f 308 307 114
f 308 114 113
f 309 7 142
f 310 142 305
f 311 312 140
f 311 140 306
f 313 140 312
f 313 17 52
f 313 52 140
f 314 20 57
f 315 316 95
f 315 95 97
f 317 95 316
f 317 316 63
f 318 319 320
f 318 320 145
f 318 145 144
f 321 319 318
f 321 318 144
f 322 144 143
f 322 143 147
f 322 147 146
f 322 146 323
f 322 324 321
f 322 321 144
f 325 324 322
f 325 322 323
f 326 22 159
f 327 150 61
f 328 61 60
f 329 64 5
f 330 64 329
f 331 332 333
f 334 333 332
f 335 9 64
f 336 169 168
f 337 34 25
f 338 339 340
f 338 340 337
f 341 342 171
f 341 171 172
f 343 167 172
f 343 172 173
f 343 168 167
f 344 68 12
f 345 8 68
f 346 69 174
f 347 174 27
f 348 177 32
f 349 181 77
f 350 351 352
f 350 352 353
f 354 181 355
f 354 355 182
f 354 182 75
f 354 75 181
f 356 77 179
f 357 356 358
f 357 358 359
f 360 359 358
f 360 358 79
f 360 79 34
f 361 352 351
f 361 351 362
f 363 362 351
f 363 351 364
f 365 12 183
f 366 367 368
f 369 184 370
f 369 370 185
f 369 185 187
f 369 187 368
f 369 368 367
f 371 194 105
f 371 105 107
f 371 107 190
f 371 190 191
f 371 191 197
f 371 197 194
f 372 37 110
f 372 192 38
f 372 38 37
f 373 100 82
f 373 374 101
f 373 101 100
f 375 374 373
f 375 373 82
f 375 82 84
f 376 316 315
f 377 378 379
f 380 204 206
f 380 206 212
f 381 315 97
f 382 204 380
f 382 380 383
f 382 383 384
f 382 385 205
f 382 205 204
f 386 387 388
f 386 207 210
f 389 208 207
f 389 207 378
f 389 378 377
f 389 377 208
f 390 19 21
f 391 392 393
f 394 212 211
f 394 395 212
f 396 47 128
f 397 231 398
f 399 231 397
f 399 397 400
f 399 156 231
f 401 157 151
f 401 151 155
f 401 155 219
f 401 219 89
f 401 402 157
f 403 87 222
f 403 222 221
f 403 221 220
f 403 220 148
f 403 148 216
f 403 216 87
f 404 405 225
f 404 225 406
f 407 223 225
f 407 225 405
f 407 405 408
f 409 223 407
f 409 407 408
f 409 408 410
f 411 222 223
f 411 223 409
f 411 409 228
f 411 228 221
f 411 221 222
f 412 219 154
f 412 226 85
f 412 85 219
f 413 225 226
f 413 226 412
f 413 412 154
f 413 154 156
f 413 156 406
f 413 406 225
f 414 90 92
f 414 92 227
f 414 227 228
f 415 35 10
f 416 417 410
f 418 419 420
f 421 420 419
f 422 230 151
f 422 151 153
f 423 424 233
f 423 233 232
f 425 164 426
f 425 427 165
f 425 165 164
f 428 93 4
f 429 93 428
f 429 428 427
f 429 430 93
f 431 238 104
f 431 239 237
f 432 102 238
f 433 238 431
f 433 431 434
f 435 436 437
f 435 437 438
f 439 440 438
f 439 438 437
f 441 436 435
f 441 435 438
f 441 438 442
f 441 442 443
f 441 443 244
f 444 5 94
f 445 5 444
f 446 433 434
f 447 102 432
f 448 100 99
f 449 442 438
f 450 62 150
f 451 245 242
f 451 242 244
f 451 244 443
f 452 76 177
f 453 72 73
f 454 455 456
f 457 104 103
f 458 248 250
f 459 460 201
f 459 201 200
f 461 185 370
f 461 370 184
f 462 461 463
f 462 253 196
f 464 105 193
f 464 193 196
f 464 196 252
f 464 465 251
f 464 251 105
f 466 241 256
f 467 257 29
f 468 469 123
f 468 123 258
f 468 258 257
f 468 257 470
f 471 123 469
f 471 469 260
f 471 260 263
f 472 470 473
f 472 473 261
f 472 261 260
f 474 262 264
f 474 265 262
f 475 474 264
f 476 265 477
f 476 477 478
f 476 478 479
f 476 480 263
f 476 263 265
f 481 480 476
f 481 476 479
f 481 119 266
f 482 478 483
f 484 478 482
f 484 482 485
f 486 123 471
f 486 471 263
f 486 263 480
f 486 480 481
f 486 481 266
f 487 121 123
f 487 123 486
f 487 486 266
f 487 266 118
f 487 118 40
f 487 40 121
f 488 268 119
f 488 119 481
f 488 481 479
f 488 479 478
f 488 478 484
f 488 484 485
f 489 41 269
f 490 491 492
f 490 492 493
f 494 274 289
f 495 277 126
f 495 126 496
f 497 276 277
f 498 499 482
f 498 482 483
f 498 500 127
f 501 278 14
f 502 127 278
f 502 499 498
f 502 498 127
f 503 504 505
f 503 505 506
f 507 283 284
f 508 285 287
f 509 510 511
f 509 512 513
f 514 515 511
f 514 511 510
f 514 510 516
f 517 510 509
f 517 509 513
f 517 513 289
f 517 289 288
f 518 519 128
f 518 128 290
f 518 209 520
f 518 520 521
f 518 521 519
f 522 15 47
f 523 248 458
f 523 249 248
f 524 455 523
f 525 202 201
f 525 526 202
f 527 131 133
f 527 133 528
f 527 284 293
f 527 293 50
f 527 50 131
f 529 133 136
f 529 136 530
f 531 532 135
f 531 533 532
f 534 533 531
f 534 531 535
f 534 366 533
f 536 132 130
f 536 535 531
f 536 531 135
f 536 135 134
f 536 134 132
f 537 49 534
f 537 534 535
f 537 130 49
f 538 292 295
f 538 295 55
f 538 55 54
f 538 54 291
f 538 291 292
f 539 530 540
f 539 296 292
f 539 292 297
f 541 296 539
f 541 539 540
f 541 540 298
f 541 298 299
f 541 299 295
f 541 295 296
f 542 16 298
f 542 298 301
f 542 301 300
f 543 302 301
f 543 301 298
f 543 298 540
f 544 532 302
f 544 302 136
f 544 136 135
f 544 135 532
f 545 300 302
f 545 302 532
f 546 116 141
f 546 300 547
f 546 112 116
f 548 295 299
f 548 299 18
f 549 275 303
f 549 303 550
f 551 42 271
f 551 271 125
f 552 304 121
f 553 554 555
f 553 556 557
f 558 305 51
f 559 311 306
f 559 306 307
f 559 307 560
f 561 310 305
f 562 563 564
f 565 564 563
f 566 567 568
f 566 312 311
f 569 21 20
f 569 20 314
f 570 161 160
f 570 160 23
f 571 321 324
f 572 323 146
f 572 91 573
f 572 574 325
f 572 325 323
f 575 93 430
f 575 430 573
f 576 577 326
f 576 326 159
f 578 217 145
f 578 88 217
f 579 580 581
f 582 583 419
f 584 229 393
f 584 328 60
f 584 60 229
f 585 586 587
f 588 585 589
f 590 329 5
f 590 5 588
f 590 588 589
f 591 330 329
f 591 329 592
f 593 152 157
f 593 594 153
f 593 153 152
f 595 335 64
f 596 9 335
f 596 335 597
f 598 66 65
f 599 336 163
f 599 163 162
f 600 163 336
f 600 336 168
f 600 168 601
f 602 170 603
f 602 4 170
f 604 33 605
f 604 170 33
f 606 607 361
f 606 361 362
f 606 362 608
f 606 608 605
f 609 607 606
f 609 606 605
f 609 605 33
f 610 611 608
f 612 337 340
f 613 34 337
f 613 337 612
f 613 612 614
f 613 359 360
f 613 360 34
f 615 162 165
f 616 25 24
f 616 24 617
f 616 338 337
f 616 337 25
f 618 339 338
f 618 338 616
f 618 616 617
f 618 617 167
f 618 167 166
f 618 166 169
f 618 169 339
f 619 24 341
f 619 341 172
f 619 172 167
f 619 167 617
f 619 617 24
f 620 341 24
f 620 24 26
f 620 26 621
f 622 342 341
f 622 341 620
f 622 620 621
f 623 571 601
f 623 601 168
f 623 168 343
f 623 343 173
f 623 173 67
f 624 65 171
f 624 171 342
f 624 342 625
f 624 626 598
f 624 598 65
f 627 628 344
f 629 630 631
f 632 345 68
f 633 632 68
f 634 635 636
f 637 636 638
f 639 640 641
f 639 641 345
f 639 345 642
f 639 642 637
f 643 641 640
f 644 8 345
f 644 345 641
f 645 347 27
f 646 647 648
f 646 648 352
f 646 352 361
f 646 361 607
f 646 607 647
f 649 650 353
f 649 353 352
f 649 352 648
f 649 648 650
f 651 652 70
f 651 70 178
f 653 182 355
f 654 348 32
f 655 180 656
f 655 656 657
f 655 657 179
f 655 179 180
f 658 79 358
f 658 358 356
f 659 349 364
f 659 364 351
f 660 279 280
f 661 496 126
f 662 663 664
f 665 356 357
f 665 357 364
f 665 364 349
f 665 349 77
f 665 77 356
f 666 533 366
f 666 366 368
f 667 49 184
f 667 369 367
f 668 188 189
f 668 189 669
f 668 669 670
f 671 187 186
f 672 374 375
f 673 674 672
f 673 672 375
f 673 459 200
f 673 200 202
f 673 202 674
f 675 526 458
f 675 676 672
f 675 672 674
f 675 674 202
f 675 202 526
f 677 678 457
f 679 680 384
f 679 384 521
f 681 385 382
f 681 382 384
f 681 384 680
f 681 680 682
f 681 682 385
f 683 682 680
f 684 683 680
f 684 680 685
f 686 57 63
f 686 63 316
f 687 384 383
f 687 521 384
f 688 240 214
f 688 381 97
f 688 97 240
f 689 376 315
f 689 315 381
f 689 381 682
f 689 682 683
f 689 683 376
f 690 290 3
f 690 3 387
f 690 387 386
f 690 386 210
f 690 210 290
f 691 207 386
f 691 386 388
f 691 388 378
f 691 378 207
f 692 387 3
f 692 3 693
f 692 694 388
f 692 388 387
f 695 3 236
f 696 694 692
f 696 692 693
f 697 696 698
f 699 393 229
f 699 229 149
f 699 149 59
f 699 59 19
f 699 19 390
f 700 701 454
f 700 702 703
f 700 703 704
f 700 704 701
f 705 706 707
f 708 709 710
f 711 710 709
f 712 236 35
f 713 399 400
f 713 400 714
f 715 402 401
f 715 401 89
f 715 89 88
f 715 88 716
f 717 406 156
f 717 156 399
f 717 399 713
f 717 713 714
f 718 228 409
f 718 409 410
f 718 410 719
f 720 35 415
f 720 415 417
f 721 719 410
f 721 410 417
f 721 417 415
f 721 415 10
f 721 10 719
f 722 418 234
f 722 234 233
f 723 421 419
f 723 419 583
f 724 725 726
f 727 418 420
f 728 231 230
f 728 230 422
f 728 422 153
f 728 153 729
f 730 430 426
f 730 574 572
f 730 572 573
f 730 573 430
f 731 163 600
f 731 574 730
f 731 730 426
f 731 426 164
f 731 164 163
f 732 430 429
f 732 429 427
f 732 427 425
f 732 425 426
f 732 426 430
f 733 427 428
f 733 428 4
f 733 4 165
f 733 165 427
f 734 239 431
f 734 431 104
f 735 432 238
f 735 238 433
f 736 243 737
f 738 439 437
f 738 437 5
f 738 5 445
f 738 445 440
f 738 440 439
f 739 445 444
f 740 444 94
f 741 742 743
f 744 96 98
f 745 448 99
f 746 94 241
f 747 748 317
f 747 317 63
f 747 63 246
f 749 449 438
f 749 438 440
f 750 242 245
f 750 245 62
f 750 62 450
f 750 450 243
f 750 243 242
f 751 752 747
f 751 747 246
f 751 246 245
f 751 245 451
f 753 247 95
f 753 95 317
f 753 317 748
f 754 744 98
f 755 752 756
f 755 757 753
f 755 753 748
f 755 748 747
f 755 747 752
f 758 759 760
f 758 760 761
f 758 761 656
f 758 656 631
f 758 631 630
f 758 630 759
f 762 453 73
f 762 73 763
f 762 763 764
f 765 766 767
f 765 767 768
f 765 768 31
f 765 31 72
f 765 72 453
f 769 249 701
f 769 701 704
f 769 704 678
f 769 678 677
f 769 677 250
f 769 250 249
f 770 253 462
f 770 462 463
f 771 772 460
f 771 460 459
f 771 465 464
f 771 464 252
f 771 252 253
f 771 253 772
f 773 15 770
f 773 770 463
f 773 463 461
f 773 184 15
f 774 195 186
f 774 196 195
f 775 107 108
f 775 108 776
f 775 776 669
f 775 669 189
f 775 189 107
f 777 778 776
f 777 776 108
f 777 108 254
f 777 254 255
f 777 255 778
f 779 776 778
f 779 778 780
f 781 256 7
f 782 256 781
f 782 781 783
f 784 241 466
f 785 467 29
f 786 259 258
f 787 788 789
f 790 469 468
f 790 468 470
f 790 470 472
f 790 472 260
f 790 260 469
f 791 474 475
f 791 792 474
f 793 475 794
f 793 794 506
f 795 794 475
f 795 475 264
f 795 264 261
f 795 506 794
f 796 797 473
f 796 473 470
f 798 474 792
f 798 792 477
f 798 477 265
f 798 265 474
f 799 483 478
f 799 478 477
f 799 477 792
f 799 500 498
f 799 498 483
f 800 801 270
f 800 270 268
f 802 42 551
f 803 267 42
f 804 271 41
f 804 41 489
f 805 270 801
f 805 489 269
f 805 269 270
f 806 485 482
f 807 490 493
f 807 493 801
f 808 491 501
f 808 501 14
f 808 492 491
f 809 492 808
f 810 801 493
f 811 812 813
f 811 813 814
f 815 816 272
f 815 272 44
f 817 272 816
f 818 124 45
f 818 45 274
f 818 274 494
f 818 56 124
f 819 497 277
f 820 14 282
f 821 515 820
f 821 820 282
f 821 282 822
f 823 824 507
f 823 507 284
f 823 284 527
f 823 527 528
f 825 286 285
f 825 507 824
f 825 824 286
f 826 283 507
f 826 507 827
f 826 827 822
f 826 822 282
f 826 282 1
f 826 1 283
f 828 511 515
f 828 515 821
f 828 821 822
f 828 512 509
f 828 509 511
f 829 828 822
f 829 822 827
f 830 494 289
f 830 56 818
f 830 818 494
f 831 210 209
f 831 209 518
f 831 518 290
f 831 290 210
f 832 700 454
f 833 396 395
f 833 707 47
f 833 47 396
f 834 201 460
f 834 460 772
f 835 522 47
f 836 523 458
f 836 458 526
f 837 454 701
f 837 701 249
f 837 249 523
f 837 523 455
f 837 455 454
f 838 367 366
f 838 366 534
f 838 534 49
f 838 49 667
f 838 667 367
f 839 130 537
f 839 537 535
f 839 535 536
f 839 536 130
f 840 528 133
f 840 133 529
f 840 529 530
f 840 824 823
f 840 823 528
f 841 539 297
f 841 297 287
f 841 287 286
f 841 286 824
f 842 136 302
f 842 302 543
f 842 543 540
f 842 540 530
f 842 530 136
f 843 300 546
f 843 546 141
f 843 141 16
f 843 16 542
f 843 542 300
f 844 845 846
f 844 846 110
f 844 110 112
f 844 112 546
f 844 546 547
f 844 547 845
f 847 848 849
f 850 851 852
f 850 853 851
f 854 853 850
f 855 853 854
f 855 854 856
f 855 856 857
f 858 548 18
f 858 18 17
f 859 55 295
f 859 295 548
f 860 550 303
f 861 51 138
f 862 51 861
f 862 861 863
f 864 861 138
f 865 866 51
f 865 51 862
f 865 867 866
f 868 866 867
f 868 869 558
f 868 558 51
f 868 51 866
f 870 869 868
f 870 868 867
f 871 872 555
f 871 555 554
f 871 554 788
f 873 556 553
f 873 553 555
f 874 553 557
f 874 557 875
f 876 877 847
f 876 847 849
f 876 849 305
f 878 305 849
f 878 857 879
f 880 305 558
f 880 877 876
f 880 876 305
f 881 564 567
f 881 567 566
f 881 566 311
f 881 311 559
f 881 559 560
f 881 560 562
f 881 562 564
f 882 883 562
f 882 562 560
f 882 560 307
f 884 309 142
f 885 879 561
f 885 561 305
f 885 305 878
f 885 878 879
f 886 310 887
f 886 142 310
f 888 889 887
f 888 887 310
f 890 7 309
f 891 890 309
f 891 309 892
f 893 372 110
f 893 110 846
f 893 846 894
f 893 199 198
f 893 198 192
f 893 192 372
f 895 21 569
f 896 23 22
f 896 22 326
f 897 898 899
f 897 570 23
f 900 319 321
f 900 321 571
f 900 571 623
f 900 623 67
f 900 67 66
f 901 601 571
f 901 571 324
f 902 91 572
f 902 572 146
f 902 146 92
f 902 92 91
f 903 93 575
f 903 235 93
f 904 576 159
f 904 159 905
f 906 907 577
f 906 577 576
f 906 157 402
f 908 578 145
f 908 145 320
f 909 450 150
f 909 150 327
f 909 327 737
f 909 737 243
f 909 243 450
f 910 911 912
f 910 912 233
f 910 233 424
f 913 581 580
f 914 915 913
f 914 913 580
f 916 328 722
f 916 915 914
f 916 914 580
f 916 580 61
f 916 61 328
f 917 737 327
f 917 327 579
f 917 918 736
f 917 736 737
f 919 580 579
f 919 579 327
f 919 327 61
f 919 61 580
f 920 587 586
f 920 586 918
f 920 918 917
f 920 917 579
f 920 579 581
f 921 584 393
f 921 393 392
f 922 436 588
f 922 588 5
f 922 5 437
f 922 437 436
f 923 585 588
f 923 588 436
f 924 332 905
f 924 905 159
f 924 159 158
f 924 158 9
f 924 9 334
f 924 334 332
f 925 331 594
f 925 594 593
f 925 593 905
f 925 905 332
f 925 332 331
f 926 927 928
f 929 398 231
f 930 596 597
f 931 9 596
f 931 334 9
f 932 907 906
f 932 906 402
f 932 402 715
f 932 715 716
f 933 170 604
f 934 607 609
f 934 609 33
f 934 33 276
f 934 276 647
f 934 647 607
f 935 362 363
f 935 363 364
f 935 364 357
f 936 610 935
f 936 935 357
f 936 357 359
f 936 359 613
f 936 613 614
f 937 603 170
f 937 938 939
f 937 939 603
f 940 610 936
f 940 936 614
f 940 614 612
f 940 939 938
f 940 938 611
f 940 611 610
f 941 615 165
f 941 165 4
f 942 169 336
f 942 336 599
f 942 599 162
f 942 162 615
f 942 339 169
f 943 621 26
f 943 26 78
f 943 78 80
f 943 944 945
f 943 945 621
f 946 944 943
f 946 943 80
f 947 183 6
f 948 949 950
f 951 952 953
f 954 626 624
f 954 624 625
f 955 956 957
f 955 630 629
f 955 629 956
f 958 759 630
f 958 630 955
f 958 959 760
f 958 760 759
f 960 12 365
f 961 627 344
f 961 344 12
f 961 12 957
f 962 628 627
f 963 452 177
f 963 177 348
f 964 629 965
f 964 965 966
f 967 68 344
f 968 969 970
f 968 970 767
f 971 972 966
f 973 345 632
f 973 632 974
f 973 974 975
f 973 975 642
f 973 642 345
f 976 974 632
f 976 632 633
f 977 978 979
f 977 68 967
f 977 967 978
f 980 975 974
f 980 974 981
f 980 634 636
f 980 636 637
f 980 637 642
f 980 642 975
f 982 640 639
f 982 639 637
f 982 637 638
f 982 638 640
f 983 643 984
f 983 984 556
f 983 556 985
f 983 985 8
f 983 8 644
f 986 347 645
f 987 875 557
f 988 643 640
f 988 640 638
f 989 990 991
f 989 991 638
f 989 638 636
f 989 636 635
f 992 347 990
f 992 990 346
f 992 346 174
f 992 174 347
f 993 648 994
f 993 650 648
f 995 647 276
f 995 276 497
f 995 497 994
f 995 994 648
f 995 648 647
f 996 30 175
f 997 652 651
f 998 997 651
f 998 651 178
f 999 1000 1001
f 999 1001 1002
f 999 1002 997
f 1003 495 496
f 1004 1005 1006
f 1007 650 993
f 1007 1006 1005
f 1008 353 650
f 1008 650 1007
f 1008 1007 1005
f 1008 1005 653
f 1008 653 355
f 1008 355 353
f 1009 31 768
f 1009 768 767
f 1009 767 970
f 1009 654 32
f 1009 32 31
f 1010 761 760
f 1011 657 1012
f 1011 1012 658
f 1011 658 356
f 1011 356 179
f 1011 179 657
f 1013 350 353
f 1013 353 355
f 1013 355 181
f 1013 181 349
f 1013 349 659
f 1013 659 351
f 1013 351 350
f 1014 661 126
f 1014 126 281
f 1015 1016 664
f 1015 664 663
f 1017 664 1016
f 1018 1003 496
f 1019 1018 1020
f 1021 70 652
f 1021 1022 1023
f 1021 1023 71
f 1021 71 70
f 1024 845 547
f 1024 666 894
f 1024 894 846
f 1024 846 845
f 1025 894 666
f 1025 666 368
f 1025 368 187
f 1025 187 671
f 1026 533 666
f 1026 666 1024
f 1026 532 533
f 1027 369 667
f 1027 667 184
f 1027 184 369
f 1028 84 251
f 1028 251 465
f 1028 465 771
f 1028 771 459
f 1028 459 673
f 1028 673 375
f 1028 375 84
f 1029 675 458
f 1029 458 250
f 1030 101 374
f 1030 374 672
f 1030 672 676
f 1031 677 457
f 1031 457 103
f 1032 520 209
f 1032 209 208
f 1032 685 680
f 1032 680 679
f 1032 679 521
f 1032 521 520
f 1033 684 685
f 1033 685 1032
f 1033 1032 208
f 1033 208 377
f 1034 686 316
f 1035 381 688
f 1035 688 214
f 1035 214 205
f 1036 3 695
f 1036 693 3
f 1037 391 393
f 1037 393 699
f 1037 699 390
f 1037 390 697
f 1037 697 698
f 1037 698 391
f 1038 702 1039
f 1038 1039 215
f 1040 702 700
f 1040 700 832
f 1040 832 706
f 1040 706 705
f 1041 104 457
f 1042 395 394
f 1042 394 705
f 1042 705 707
f 1042 707 833
f 1042 833 395
f 1043 1044 383
f 1043 383 380
f 1045 687 383
f 1045 383 1044
f 1045 128 519
f 1045 519 521
f 1045 521 687
f 1046 128 1045
f 1046 1045 1044
f 1046 1044 1043
f 1046 1043 396
f 1046 396 128
f 1047 423 232
f 1047 397 398
f 1048 1049 708
f 1048 708 710
f 1050 1051 1052
f 1050 1052 1053
f 1050 1053 1054
f 1055 709 1051
f 1055 1051 1050
f 1055 1050 1054
f 1055 711 709
f 1056 1057 714
f 1056 711 1055
f 1056 1055 1054
f 1056 1054 1057
f 1058 400 397
f 1058 397 1059
f 1060 712 35
f 1061 1062 712
f 1061 712 1060
f 1061 1060 1063
f 1061 1063 1064
f 1065 1066 236
f 1065 236 712
f 1065 712 1062
f 1065 1062 1067
f 1068 1053 1052
f 1068 1052 35
f 1068 35 720
f 1069 1063 1060
f 1069 1060 35
f 1069 35 1052
f 1069 1052 1051
f 1069 1051 1063
f 1070 404 406
f 1070 406 717
f 1070 717 714
f 1070 714 1057
f 1070 405 404
f 1071 414 228
f 1071 228 718
f 1072 90 414
f 1072 414 1073
f 1074 10 235
f 1074 719 10
f 1075 408 405
f 1075 405 1076
f 1075 416 410
f 1075 410 408
f 1077 1053 1076
f 1077 1076 1057
f 1077 1057 1054
f 1077 1054 1053
f 1078 1057 1076
f 1078 1076 405
f 1078 405 1070
f 1078 1070 1057
f 1079 416 1075
f 1079 1075 1076
f 1079 1076 1053
f 1080 722 328
f 1081 708 1049
f 1081 1049 725
f 1081 725 1082
f 1081 1082 708
f 1083 724 726
f 1083 726 727
f 1083 727 420
f 1083 420 421
f 1084 726 1085
f 1084 1085 232
f 1084 232 234
f 1086 1049 1085
f 1086 1085 726
f 1086 726 725
f 1086 725 1049
f 1087 1088 424
f 1089 1090 1091
f 1092 1093 64
f 1092 64 330
f 1092 330 1094
f 1092 1094 1095
f 1096 1090 1097
f 1096 1097 1095
f 1096 1095 1094
f 1096 1094 330
f 1096 330 591
f 1098 1066 1065
f 1098 1065 1067
f 1099 725 724
f 1099 1098 1067
f 1099 1067 1082
f 1099 1082 725
f 1100 586 585
f 1100 585 923
f 1100 923 436
f 1100 736 918
f 1100 918 586
f 1101 739 444
f 1101 444 1102
f 1103 445 739
f 1103 739 1104
f 1103 1105 445
f 1106 740 94
f 1107 741 743
f 1107 743 1108
f 1109 434 431
f 1109 431 237
f 1109 237 1110
f 1109 446 434
f 1111 1110 237
f 1111 237 96
f 1111 96 744
f 1112 447 1113
f 1112 1113 1114
f 1112 745 99
f 1112 99 102
f 1112 102 447
f 1115 448 745
f 1115 745 1112
f 1115 1112 1114
f 1116 94 746
f 1117 746 241
f 1118 1119 1115
f 1118 1115 1114
f 1118 1114 1113
f 1118 1113 1120
f 1121 1122 1123
f 1121 1101 1122
f 1124 449 749
f 1124 749 1125
f 1126 440 445
f 1126 445 1105
f 1126 1125 749
f 1126 749 440
f 1127 752 751
f 1127 751 451
f 1127 451 443
f 1127 443 442
f 1127 442 449
f 1127 449 1124
f 1127 1124 756
f 1127 756 752
f 1128 247 753
f 1128 753 757
f 1128 754 98
f 1128 98 247
f 1129 757 755
f 1129 755 756
f 1129 756 1124
f 1129 1124 1130
f 1131 1132 180
f 1131 180 76
f 1131 76 452
f 1133 656 180
f 1133 180 1132
f 1133 1132 631
f 1133 631 656
f 1134 631 1132
f 1134 965 629
f 1134 629 631
f 1135 977 979
f 1136 633 1135
f 1136 1135 1137
f 1138 634 980
f 1138 980 981
f 1138 635 634
f 1139 346 763
f 1139 763 73
f 1139 73 69
f 1139 69 346
f 1140 990 989
f 1140 989 635
f 1140 763 346
f 1140 346 990
f 1141 766 765
f 1141 765 453
f 1141 453 762
f 1141 762 764
f 1142 184 773
f 1142 773 461
f 1142 461 184
f 1143 185 461
f 1143 461 462
f 1143 462 196
f 1143 196 774
f 1143 774 186
f 1143 186 185
f 1144 1145 1146
f 1144 1146 1147
f 1144 1147 1148
f 1149 1115 1119
f 1150 203 100
f 1150 100 448
f 1150 448 1151
f 1150 1151 255
f 1150 255 203
f 1152 255 1151
f 1152 1151 1145
f 1152 1145 778
f 1152 778 255
f 1153 1154 783
f 1153 783 1155
f 1153 1155 1156
f 1153 1156 563
f 1153 563 562
f 1153 562 883
f 1157 1155 783
f 1157 783 781
f 1157 781 7
f 1157 7 1156
f 1157 1156 1155
f 1158 466 256
f 1158 256 782
f 1158 1159 1148
f 1158 784 466
f 1160 1159 1158
f 1160 1158 782
f 1160 782 783
f 1160 783 1154
f 1161 787 789
f 1161 786 258
f 1161 258 122
f 1162 46 127
f 1163 793 506
f 1164 797 795
f 1164 795 261
f 1164 261 473
f 1164 473 797
f 1165 503 506
f 1165 506 795
f 1165 795 797
f 1165 797 1166
f 1165 1166 503
f 1167 257 467
f 1167 796 470
f 1167 470 257
f 1168 488 485
f 1168 800 268
f 1168 268 488
f 1169 1170 1171
f 1172 802 1173
f 1174 1175 803
f 1174 803 42
f 1174 42 802
f 1176 267 803
f 1177 271 804
f 1177 812 811
f 1178 499 502
f 1178 502 278
f 1178 278 1179
f 1178 806 482
f 1178 482 499
f 1180 800 1168
f 1180 1168 485
f 1180 490 807
f 1180 807 801
f 1180 801 800
f 1181 1182 1183
f 1181 1183 809
f 1181 809 808
f 1181 808 14
f 1181 14 1182
f 1184 809 1183
f 1184 1183 1185
f 1184 814 813
f 1186 1185 1183
f 1186 1183 1182
f 1186 1182 1187
f 1188 816 811
f 1188 811 814
f 1188 814 1184
f 1188 1184 1185
f 1188 1185 516
f 1189 812 1177
f 1189 1177 804
f 1189 804 489
f 1189 489 805
f 1189 805 801
f 1189 801 810
f 1189 810 813
f 1189 813 812
f 1190 271 1177
f 1190 1177 811
f 1190 811 816
f 1190 816 815
f 1190 815 44
f 1190 44 271
f 1191 288 274
f 1191 274 273
f 1191 273 272
f 1191 272 817
f 1192 14 820
f 1192 1187 1182
f 1192 1182 14
f 1193 1187 1192
f 1193 1192 820
f 1193 820 515
f 1193 515 514
f 1193 514 1187
f 1194 827 507
f 1194 507 825
f 1194 825 285
f 1194 829 827
f 1195 56 830
f 1195 508 287
f 1195 287 291
f 1195 291 56
f 1196 508 1195
f 1196 1195 830
f 1196 830 289
f 1196 289 513
f 1196 513 1197
f 1196 1197 285
f 1196 285 508
f 1198 456 47
f 1198 47 707
f 1198 707 706
f 1198 706 832
f 1198 832 454
f 1198 454 456
f 1199 15 522
f 1199 522 834
f 1199 770 15
f 1200 770 1199
f 1200 1199 834
f 1200 834 772
f 1200 772 253
f 1200 253 770
f 1201 525 201
f 1201 201 834
f 1202 455 524
f 1202 524 835
f 1202 835 47
f 1202 47 456
f 1202 456 455
f 1203 836 526
f 1203 526 525
f 1204 524 523
f 1204 523 836
f 1204 836 1203
f 1204 1203 1205
f 1204 1205 835
f 1204 835 524
f 1206 840 530
f 1206 530 539
f 1206 539 841
f 1206 841 824
f 1206 824 840
f 1207 879 857
f 1207 857 856
f 1208 1209 1210
f 1208 1210 851
f 1208 1211 1209
f 1212 124 852
f 1212 852 851
f 1212 851 1210
f 1212 1210 43
f 1212 43 124
f 1213 551 125
f 1213 125 1214
f 1215 1210 1209
f 1215 1214 125
f 1215 125 43
f 1215 43 1210
f 1216 1213 1214
f 1216 1214 1215
f 1216 1215 1209
f 1216 1209 1211
f 1217 549 550
f 1217 850 852
f 1217 852 124
f 1217 124 275
f 1217 275 549
f 1218 1219 1207
f 1218 1207 856
f 1220 1221 1211
f 1220 848 847
f 1222 848 855
f 1222 855 857
f 1222 857 878
f 1222 878 849
f 1222 849 848
f 1223 142 886
f 1223 886 887
f 1224 568 1225
f 1224 312 566
f 1224 566 568
f 1226 17 313
f 1227 1225 1228
f 1229 1228 1225
f 1229 1225 568
f 1230 1231 1227
f 1230 1232 1233
f 1234 1235 1230
f 1234 1230 1233
f 1234 859 548
f 1234 548 1235
f 1236 55 859
f 1236 859 1234
f 1236 1234 1233
f 1236 303 53
f 1236 53 55
f 1237 854 550
f 1237 1218 856
f 1237 856 854
f 1238 863 861
f 1238 861 864
f 1239 863 1240
f 1239 1240 865
f 1239 865 862
f 1239 862 863
f 1241 867 865
f 1241 865 1240
f 1241 1240 1171
f 1241 1171 867
f 1242 786 1161
f 1242 1161 789
f 1242 789 874
f 1243 788 554
f 1243 554 553
f 1243 553 874
f 1243 874 789
f 1243 789 788
f 1244 309 884
f 1244 892 309
f 1245 1228 1229
f 1245 142 1223
f 1246 888 310
f 1246 310 561
f 1247 1232 889
f 1248 1249 568
f 1248 568 567
f 1248 567 564
f 1248 564 565
f 1248 891 892
f 1248 892 1249
f 1250 1156 7
f 1250 7 890
f 1250 890 891
f 1250 891 1248
f 1250 1248 565
f 1250 565 563
f 1250 563 1156
f 1251 671 186
f 1251 186 199
f 1251 199 893
f 1251 893 894
f 1251 894 1025
f 1251 1025 671
f 1252 378 388
f 1252 895 379
f 1252 379 378
f 1253 21 895
f 1253 390 21
f 1254 896 326
f 1254 326 577
f 1255 23 896
f 1256 731 600
f 1256 600 601
f 1256 601 901
f 1256 901 324
f 1256 324 325
f 1256 325 574
f 1256 574 731
f 1257 904 905
f 1257 905 593
f 1257 593 157
f 1257 157 906
f 1257 906 576
f 1257 576 904
f 1258 578 908
f 1258 1259 932
f 1258 932 716
f 1258 716 88
f 1258 88 578
f 1260 908 320
f 1260 320 1261
f 1260 1261 1262
f 1263 319 900
f 1263 1261 320
f 1263 320 319
f 1264 589 585
f 1264 329 590
f 1264 590 589
f 1265 1090 592
f 1265 1091 1090
f 1266 1091 1265
f 1266 1265 1267
f 1266 587 920
f 1266 1268 1091
f 1269 926 911
f 1269 911 910
f 1269 910 424
f 1269 424 1088
f 1270 722 233
f 1270 233 912
f 1270 912 1271
f 1270 1271 915
f 1270 915 916
f 1270 916 722
f 1272 1268 913
f 1272 913 915
f 1273 1268 1266
f 1273 1266 920
f 1273 920 581
f 1273 581 913
f 1273 913 1268
f 1274 584 921
f 1274 921 392
f 1274 583 582
f 1275 1092 1095
f 1276 1277 1278
f 1279 929 231
f 1279 231 728
f 1280 594 331
f 1280 729 153
f 1280 153 594
f 1281 1282 1280
f 1281 1280 331
f 1281 331 333
f 1281 333 1283
f 1284 929 1279
f 1285 1278 1277
f 1285 1277 1286
f 1287 1286 1288
f 1287 1288 1289
f 1290 334 931
f 1290 931 596
f 1290 596 930
f 1290 930 1283
f 1290 1283 333
f 1290 333 334
f 1291 1276 1278
f 1291 1278 595
f 1291 595 64
f 1291 64 1093
f 1292 608 362
f 1292 362 935
f 1292 935 610
f 1292 610 608
f 1293 933 604
f 1293 604 605
f 1293 605 608
f 1293 608 611
f 1293 611 938
f 1293 938 937
f 1293 937 170
f 1293 170 933
f 1294 939 940
f 1294 940 612
f 1295 602 603
f 1295 603 1296
f 1295 4 602
f 1297 942 615
f 1298 1296 603
f 1298 603 939
f 1299 1296 1298
f 1299 1298 1297
f 1299 1297 615
f 1299 615 941
f 1299 941 4
f 1299 1295 1296
f 1300 944 946
f 1300 945 944
f 1301 953 952
f 1302 1303 1304
f 1302 1304 954
f 1302 954 625
f 1305 1303 1306
f 1307 947 949
f 1307 949 183
f 1307 183 947
f 1308 952 951
f 1309 952 1308
f 1309 949 948
f 1310 622 621
f 1310 621 945
f 1310 342 622
f 1311 948 950
f 1311 1300 1312
f 1311 1312 1309
f 1311 1309 948
f 1313 953 1301
f 1314 954 1304
f 1315 957 12
f 1315 958 955
f 1315 955 957
f 1316 627 961
f 1316 961 957
f 1316 957 956
f 1316 962 627
f 1317 628 962
f 1317 962 966
f 1317 966 972
f 1318 1132 1131
f 1318 1131 452
f 1318 452 963
f 1318 965 1134
f 1318 1134 1132
f 1319 1141 764
f 1319 764 1137
f 1320 766 1141
f 1320 1141 1319
f 1320 1319 1137
f 1320 968 767
f 1320 767 766
f 1321 654 1009
f 1321 1009 970
f 1321 970 969
f 1321 348 654
f 1322 965 1318
f 1322 971 966
f 1322 966 965
f 1323 643 983
f 1323 983 644
f 1323 644 641
f 1323 641 643
f 1324 990 347
f 1324 347 986
f 1324 991 990
f 1325 117 259
f 1326 991 1324
f 1326 1324 986
f 1326 988 638
f 1326 638 991
f 1327 987 557
f 1327 557 556
f 1327 556 984
f 1327 984 643
f 1328 994 497
f 1328 497 819
f 1328 819 1329
f 1330 176 182
f 1330 182 653
f 1330 653 1005
f 1330 1005 1004
f 1330 1004 1331
f 1330 1331 175
f 1330 175 176
f 1332 997 998
f 1332 998 1333
f 1332 1333 999
f 1332 999 997
f 1334 1333 998
f 1334 998 178
f 1334 178 30
f 1334 30 996
f 1335 1336 1329
f 1335 1329 819
f 1335 819 277
f 1335 277 1337
f 1338 1001 1000
f 1339 1329 1336
f 1339 1336 1340
f 1339 1340 1006
f 1341 1331 1004
f 1341 1333 1334
f 1341 1334 996
f 1341 996 175
f 1341 175 1331
f 1342 79 658
f 1342 658 1012
f 1342 1343 946
f 1342 946 80
f 1342 80 79
f 1344 1012 657
f 1344 761 1010
f 1344 1343 1342
f 1344 1342 1012
f 1345 1017 1016
f 1345 281 279
f 1345 279 660
f 1346 663 1022
f 1346 1022 1347
f 1346 1347 1020
f 1348 1166 1349
f 1348 503 1166
f 1350 503 1348
f 1350 1348 1351
f 1350 1351 504
f 1350 504 503
f 1352 504 1351
f 1352 1351 664
f 1352 664 1017
f 1352 1017 1345
f 1352 1345 660
f 1352 660 280
f 1352 280 504
f 1353 661 1014
f 1353 1020 1018
f 1353 1018 496
f 1353 496 661
f 1354 1018 1019
f 1354 1002 1001
f 1355 997 1002
f 1355 1002 1354
f 1355 1354 1019
f 1355 1019 1020
f 1355 1020 1347
f 1356 1022 663
f 1356 1023 1022
f 1357 1023 1356
f 1357 1356 1358
f 1357 1358 28
f 1357 28 71
f 1357 71 1023
f 1359 785 29
f 1359 29 28
f 1359 28 1358
f 1359 1360 1349
f 1359 1349 785
f 1361 547 300
f 1361 300 545
f 1361 545 532
f 1361 532 1026
f 1361 1026 1024
f 1361 1024 547
f 1362 1159 1160
f 1362 1160 1363
f 1362 1364 780
f 1362 1148 1159
f 1365 669 776
f 1365 776 779
f 1365 779 780
f 1365 780 1364
f 1365 1364 670
f 1365 670 669
f 1366 1030 676
f 1366 676 675
f 1366 675 1029
f 1366 1029 250
f 1366 250 677
f 1367 1030 1366
f 1367 1366 677
f 1367 677 1031
f 1367 1031 103
f 1367 103 101
f 1367 101 1030
f 1368 686 1034
f 1369 1034 684
f 1369 684 1033
f 1370 376 683
f 1370 683 684
f 1370 684 1034
f 1370 1034 316
f 1370 316 376
f 1371 385 682
f 1371 682 381
f 1371 381 1035
f 1371 1035 205
f 1371 205 385
f 1372 695 236
f 1373 723 583
f 1374 240 239
f 1374 214 240
f 1375 1376 703
f 1375 703 702
f 1375 702 1038
f 1377 211 215
f 1377 215 1039
f 1377 1039 702
f 1377 702 1040
f 1377 1040 705
f 1377 705 394
f 1377 394 211
f 1378 678 704
f 1378 704 703
f 1378 703 1376
f 1378 1041 457
f 1378 457 678
f 1379 734 104
f 1379 104 1041
f 1379 1041 1378
f 1379 1378 1376
f 1379 1376 1375
f 1380 212 395
f 1380 395 396
f 1380 396 1043
f 1380 1043 380
f 1380 380 212
f 1381 1289 1382
f 1381 1382 1047
f 1381 1047 398
f 1383 1059 397
f 1383 397 1047
f 1383 1047 232
f 1384 423 1047
f 1384 1047 1382
f 1384 1382 1289
f 1385 709 708
f 1385 708 1082
f 1386 1051 709
f 1386 709 1385
f 1386 1385 1064
f 1386 1064 1063
f 1386 1063 1051
f 1387 1067 1062
f 1387 1062 1061
f 1387 1061 1064
f 1387 1064 1385
f 1387 1385 1082
f 1387 1082 1067
f 1388 711 1056
f 1388 1056 714
f 1388 714 400
f 1389 1059 1048
f 1389 1048 710
f 1390 417 416
f 1390 416 1079
f 1390 1079 1053
f 1390 1053 1068
f 1390 1068 720
f 1390 720 417
f 1391 719 1074
f 1391 1073 414
f 1391 414 1071
f 1391 1071 718
f 1391 718 719
f 1392 575 573
f 1392 573 91
f 1392 91 90
f 1392 90 1072
f 1392 1072 235
f 1392 235 903
f 1392 903 575
f 1393 235 1072
f 1393 1072 1073
f 1393 1074 235
f 1394 419 418
f 1394 418 722
f 1394 722 1080
f 1394 1080 582
f 1394 582 419
f 1395 418 727
f 1395 727 726
f 1395 726 1084
f 1395 1084 234
f 1395 234 418
f 1396 927 1095
f 1396 1095 1097
f 1396 1097 1090
f 1396 1090 1089
f 1396 928 927
f 1397 592 1090
f 1397 1090 1096
f 1397 1096 591
f 1397 591 592
f 1398 1098 1099
f 1398 1099 724
f 1398 724 1083
f 1398 1083 1399
f 1400 441 244
f 1400 736 1100
f 1400 1100 436
f 1400 436 441
f 1401 1102 444
f 1401 444 740
f 1401 740 1108
f 1402 1403 735
f 1402 735 433
f 1402 433 446
f 1404 1110 1111
f 1404 1109 1110
f 1405 1406 1107
f 1405 1107 1108
f 1405 1108 740
f 1405 740 1106
f 1405 1106 1406
f 1407 432 735
f 1407 735 1403
f 1407 1403 1408
f 1407 1120 1113
f 1407 1113 447
f 1407 447 432
f 1409 746 1117
f 1410 1101 1121
f 1410 1121 1104
f 1410 1104 739
f 1410 739 1101
f 1411 754 1128
f 1412 1123 1411
f 1412 1413 1121
f 1412 1121 1123
f 1414 757 1129
f 1414 1129 1130
f 1415 977 1135
f 1415 1135 633
f 1415 633 68
f 1415 68 977
f 1416 981 974
f 1416 974 976
f 1416 976 633
f 1416 633 1136
f 1416 1136 1137
f 1416 1138 981
f 1417 635 1138
f 1417 764 763
f 1417 763 1140
f 1417 1140 635
f 1418 241 784
f 1418 784 1158
f 1418 1158 1148
f 1419 1145 1144
f 1419 1144 780
f 1419 780 778
f 1419 778 1145
f 1420 780 1144
f 1420 1144 1148
f 1420 1148 1362
f 1420 1362 780
f 1421 1146 1145
f 1422 1423 1421
f 1422 1149 1119
f 1424 448 1115
f 1424 1115 1149
f 1424 1149 1151
f 1424 1151 448
f 1425 796 1167
f 1425 1167 467
f 1425 467 785
f 1425 785 1349
f 1425 1349 1166
f 1425 1166 797
f 1425 797 796
f 1426 304 787
f 1426 787 1161
f 1426 1161 122
f 1426 122 304
f 1427 475 793
f 1428 500 799
f 1428 799 792
f 1428 1162 127
f 1428 127 500
f 1429 46 1162
f 1429 1162 1427
f 1429 1427 793
f 1429 793 1163
f 1429 1163 46
f 1430 46 1163
f 1430 1163 506
f 1430 506 505
f 1430 505 504
f 1430 504 280
f 1430 280 46
f 1431 1432 1240
f 1431 1240 863
f 1433 787 304
f 1433 788 787
f 1434 1432 1435
f 1434 1435 1169
f 1434 1169 1171
f 1434 1171 1240
f 1434 1240 1432
f 1436 1437 1438
f 1436 1438 870
f 1439 1175 1174
f 1439 1174 802
f 1439 802 1172
f 1439 1170 1169
f 1439 1169 1175
f 1440 491 490
f 1440 1179 278
f 1440 278 501
f 1440 501 491
f 1441 806 1178
f 1441 1178 1179
f 1441 1179 1440
f 1441 1440 490
f 1441 490 1180
f 1441 1180 485
f 1441 485 806
f 1442 493 492
f 1442 492 809
f 1442 809 1184
f 1442 1184 813
f 1442 813 810
f 1442 810 493
f 1443 516 1185
f 1443 1185 1186
f 1443 1186 1187
f 1443 1187 514
f 1443 514 516
f 1444 817 816
f 1444 816 1188
f 1444 1188 516
f 1444 1191 817
f 1445 1197 513
f 1445 513 512
f 1445 512 828
f 1445 828 829
f 1445 829 1194
f 1445 1194 285
f 1445 285 1197
f 1446 525 1201
f 1446 1205 1203
f 1446 1203 525
f 1447 522 835
f 1447 1201 834
f 1447 834 522
f 1448 847 877
f 1448 877 1449
f 1448 1221 1220
f 1448 1220 847
f 1450 869 1449
f 1450 1449 877
f 1450 877 880
f 1450 880 558
f 1450 558 869
f 1451 870 1438
f 1451 1449 869
f 1451 869 870
f 1452 888 1246
f 1452 1246 561
f 1452 561 879
f 1452 879 1207
f 1452 1207 1219
f 1452 1219 888
f 1453 802 551
f 1453 551 1213
f 1453 1213 1173
f 1453 1173 802
f 1454 1216 1211
f 1455 850 1217
f 1455 1217 550
f 1455 550 854
f 1455 854 850
f 1456 855 848
f 1456 848 1220
f 1457 1220 1211
f 1457 1211 1208
f 1457 1208 851
f 1458 889 1232
f 1458 1227 1228
f 1458 1228 1245
f 1458 1245 1223
f 1458 1223 887
f 1458 887 889
f 1459 312 1224
f 1459 1224 1225
f 1459 1225 1227
f 1459 1227 1231
f 1459 1226 313
f 1459 313 312
f 1460 858 17
f 1460 17 1226
f 1460 1226 1459
f 1460 1459 1231
f 1460 1231 1230
f 1460 1230 1235
f 1460 1235 548
f 1460 548 858
f 1461 138 8
f 1462 873 555
f 1462 555 1463
f 1462 1463 1461
f 1462 1461 8
f 1462 8 985
f 1462 985 556
f 1462 556 873
f 1464 138 1461
f 1464 1461 1463
f 1464 1463 555
f 1464 555 872
f 1465 871 788
f 1465 1466 1467
f 1465 1467 1468
f 1465 1468 1469
f 1465 1469 872
f 1465 872 871
f 1470 1471 670
f 1472 39 188
f 1472 188 668
f 1472 668 670
f 1472 670 1471
f 1472 308 39
f 1473 308 1472
f 1473 1472 1471
f 1473 1471 1470
f 1473 1470 882
f 1473 882 307
f 1473 307 308
f 1474 1245 1229
f 1474 1229 568
f 1474 568 1249
f 1475 888 1219
f 1475 1219 1247
f 1475 1247 889
f 1475 889 888
f 1476 1236 1233
f 1476 1233 1232
f 1476 1232 1247
f 1476 860 303
f 1476 303 1236
f 1477 860 1476
f 1477 1476 1247
f 1477 1247 1219
f 1477 1219 1218
f 1477 1218 1237
f 1477 1237 550
f 1477 550 860
f 1478 694 696
f 1478 696 697
f 1478 697 390
f 1478 390 1253
f 1478 1253 895
f 1478 895 1252
f 1478 1252 388
f 1478 388 694
f 1479 896 1254
f 1479 898 1255
f 1479 1255 896
f 1480 898 1479
f 1480 1479 1254
f 1480 1254 577
f 1480 577 1481
f 1482 897 23
f 1482 23 1255
f 1482 1255 898
f 1482 898 897
f 1483 1484 1481
f 1483 1481 577
f 1483 577 907
f 1483 907 932
f 1483 932 1259
f 1485 1484 1483
f 1485 1483 1259
f 1485 1259 1258
f 1485 1260 1262
f 1486 66 598
f 1486 1261 1263
f 1486 1263 900
f 1486 900 66
f 1487 1264 585
f 1487 585 587
f 1487 587 1266
f 1487 1266 1267
f 1488 592 329
f 1488 329 1264
f 1488 1264 1487
f 1488 1487 1267
f 1488 1267 1265
f 1488 1265 592
f 1489 1269 1088
f 1489 1088 1087
f 1489 1087 1490
f 1489 1490 1491
f 1492 1268 1272
f 1492 1272 928
f 1492 928 1396
f 1492 1396 1089
f 1492 1089 1091
f 1492 1091 1268
f 1493 1271 912
f 1493 912 911
f 1493 911 926
f 1493 926 928
f 1493 928 1272
f 1493 1272 915
f 1493 915 1271
f 1494 583 1274
f 1494 1274 392
f 1495 1080 328
f 1495 328 584
f 1495 584 1274
f 1495 1274 582
f 1495 582 1080
f 1496 1491 1276
f 1496 1276 1291
f 1496 1291 1093
f 1496 1093 1092
f 1496 1092 1275
f 1497 1286 1277
f 1497 1277 1276
f 1497 1490 1288
f 1497 1288 1286
f 1498 729 1280
f 1498 1280 1282
f 1498 1282 1284
f 1498 1284 1279
f 1498 1279 728
f 1498 728 729
f 1499 1278 1285
f 1499 335 595
f 1499 595 1278
f 1500 1286 1287
f 1500 1287 1289
f 1501 942 1297
f 1501 339 942
f 1502 1294 612
f 1502 612 340
f 1502 340 339
f 1502 339 1501
f 1502 1501 1297
f 1502 1297 1298
f 1502 1298 939
f 1502 939 1294
f 1503 1295 1299
f 1503 1299 4
f 1503 4 1295
f 1504 1300 946
f 1505 950 1506
f 1505 1506 1306
f 1507 950 1505
f 1507 1505 1306
f 1508 1310 1509
f 1508 1509 1507
f 1508 1507 1302
f 1508 1302 625
f 1510 1305 161
f 1511 1306 1506
f 1512 949 947
f 1512 1506 950
f 1512 950 949
f 1513 1506 1512
f 1513 1512 947
f 1513 947 6
f 1514 365 183
f 1514 1308 951
f 1515 949 1309
f 1515 1309 1308
f 1515 1308 1514
f 1515 1514 183
f 1515 183 949
f 1516 1509 1311
f 1516 1311 950
f 1516 950 1507
f 1516 1507 1509
f 1517 945 1300
f 1517 1300 1311
f 1517 1311 1509
f 1517 1509 1310
f 1517 1310 945
f 1518 365 951
f 1518 951 953
f 1518 953 1313
f 1518 1313 959
f 1518 960 365
f 1519 1010 760
f 1519 760 959
f 1519 959 1313
f 1519 1313 1301
f 1520 1262 1261
f 1521 1520 1314
f 1521 1314 1304
f 1521 1304 1303
f 1522 958 1315
f 1522 1315 12
f 1522 12 960
f 1523 962 1316
f 1523 1316 956
f 1523 956 629
f 1523 629 964
f 1523 964 966
f 1523 966 962
f 1524 1317 972
f 1524 972 971
f 1525 348 1321
f 1525 1321 971
f 1525 963 348
f 1526 971 1321
f 1526 1321 969
f 1526 969 1524
f 1526 1524 971
f 1527 1326 986
f 1528 1325 259
f 1528 259 786
f 1528 786 1242
f 1528 1242 874
f 1528 874 875
f 1528 875 987
f 1529 988 1326
f 1529 1327 643
f 1529 643 988
f 1530 1336 1335
f 1530 1335 1337
f 1530 1337 1338
f 1530 1338 1000
f 1530 1000 1340
f 1530 1340 1336
f 1531 1338 1337
f 1531 1337 277
f 1531 277 495
f 1531 495 1003
f 1532 1018 1354
f 1532 1354 1001
f 1532 1001 1338
f 1532 1338 1531
f 1532 1531 1003
f 1532 1003 1018
f 1533 1000 999
f 1533 999 1333
f 1534 1007 993
f 1534 993 994
f 1534 994 1328
f 1534 1328 1329
f 1534 1329 1339
f 1534 1339 1006
f 1534 1006 1007
f 1535 761 1344
f 1535 1344 657
f 1535 657 656
f 1535 656 761
f 1536 1014 281
f 1536 281 1345
f 1536 1345 1016
f 1536 1016 1014
f 1537 1015 663
f 1537 663 1346
f 1537 1346 1020
f 1537 1020 1353
f 1537 1016 1015
f 1538 662 664
f 1538 664 1351
f 1538 1351 1348
f 1538 1348 1349
f 1538 1349 1360
f 1539 1016 1537
f 1539 1537 1353
f 1539 1353 1014
f 1539 1014 1016
f 1540 1355 1347
f 1540 1347 1022
f 1540 1022 1021
f 1541 662 1538
f 1541 1538 1360
f 1541 1360 1359
f 1541 1359 1358
f 1541 1358 1356
f 1541 1356 663
f 1541 663 662
f 1542 314 57
f 1542 57 686
f 1542 686 1368
f 1543 379 895
f 1543 895 569
f 1543 569 314
f 1543 314 1542
f 1543 1542 1368
f 1544 377 379
f 1544 379 1543
f 1544 1543 1368
f 1544 1368 1034
f 1544 1034 1369
f 1544 1369 1033
f 1544 1033 377
f 1545 695 1372
f 1545 1372 1546
f 1547 392 391
f 1548 698 696
f 1549 1375 1038
f 1549 1038 1374
f 1549 1374 239
f 1549 239 734
f 1550 214 1374
f 1550 1374 1038
f 1550 1038 215
f 1550 215 214
f 1551 1289 1381
f 1551 1552 1500
f 1551 1500 1289
f 1553 929 1284
f 1553 1284 1552
f 1553 1552 1551
f 1553 1551 1381
f 1553 1381 398
f 1553 398 929
f 1554 1085 1049
f 1554 1049 1048
f 1554 1383 232
f 1554 232 1085
f 1555 1087 1384
f 1555 1384 1289
f 1555 1289 1288
f 1555 1288 1490
f 1555 1490 1087
f 1556 424 423
f 1556 423 1384
f 1556 1384 1087
f 1556 1087 424
f 1557 1058 1059
f 1557 1059 1389
f 1557 1389 710
f 1557 710 711
f 1557 711 1388
f 1557 1388 400
f 1557 400 1058
f 1558 1074 1393
f 1558 1393 1073
f 1558 1073 1391
f 1558 1391 1074
f 1559 1372 236
f 1559 236 1066
f 1560 1546 1561
f 1560 1561 1373
f 1562 1373 1561
f 1562 1399 1083
f 1562 1083 421
f 1562 421 723
f 1562 723 1373
f 1563 736 1400
f 1563 1400 244
f 1563 244 243
f 1563 243 736
f 1564 1102 1401
f 1564 1565 1123
f 1564 1123 1122
f 1564 1122 1101
f 1564 1101 1102
f 1566 744 754
f 1566 754 1411
f 1566 1111 744
f 1567 742 741
f 1567 741 1568
f 1567 1568 446
f 1569 94 1116
f 1570 1406 1106
f 1570 1106 94
f 1571 1572 1573
f 1574 1402 446
f 1574 446 1568
f 1574 1568 741
f 1574 741 1575
f 1574 1575 1572
f 1574 1572 1408
f 1574 1408 1403
f 1574 1403 1402
f 1576 1572 1575
f 1576 1575 741
f 1576 741 1107
f 1576 1107 1406
f 1577 746 1409
f 1577 1409 1423
f 1578 241 1418
f 1578 1418 1148
f 1578 1148 1147
f 1579 241 1578
f 1579 1578 1147
f 1579 1409 1117
f 1580 1104 1581
f 1580 1581 1105
f 1580 1105 1103
f 1580 1103 1104
f 1582 1125 1126
f 1582 1126 1105
f 1582 1105 1581
f 1582 1581 1130
f 1582 1130 1124
f 1582 1124 1125
f 1583 1121 1413
f 1583 1413 1581
f 1583 1581 1104
f 1583 1104 1121
f 1584 1413 1414
f 1584 1414 1130
f 1584 1130 1581
f 1584 1581 1413
f 1585 1411 1128
f 1585 1128 757
f 1585 757 1414
f 1585 1414 1413
f 1585 1413 1412
f 1585 1412 1411
f 1586 1320 1137
f 1586 1137 1135
f 1586 1135 979
f 1586 979 1587
f 1586 1587 968
f 1586 968 1320
f 1588 1138 1416
f 1588 1416 1137
f 1588 1137 764
f 1588 764 1417
f 1588 1417 1138
f 1589 1146 1421
f 1589 1421 1423
f 1589 1423 1409
f 1590 1151 1149
f 1590 1149 1422
f 1590 1422 1421
f 1590 1421 1145
f 1590 1145 1151
f 1591 1119 1118
f 1592 791 475
f 1592 475 1427
f 1592 1427 1162
f 1592 1162 1428
f 1592 1428 792
f 1592 792 791
f 1593 788 1433
f 1593 1466 1465
f 1593 1465 788
f 1594 1595 1466
f 1594 1466 1593
f 1594 1593 1433
f 1594 1433 304
f 1594 304 552
f 1596 1431 863
f 1596 863 1238
f 1596 1238 864
f 1596 864 1468
f 1596 1468 1467
f 1596 1467 1597
f 1596 1597 1432
f 1596 1432 1431
f 1598 867 1171
f 1598 1437 1436
f 1598 1436 870
f 1598 870 867
f 1599 1466 1595
f 1599 1595 1435
f 1599 1435 1432
f 1599 1432 1597
f 1599 1597 1467
f 1599 1467 1466
f 1600 1595 1594
f 1600 1594 552
f 1600 552 121
f 1600 121 267
f 1600 267 1176
f 1601 1175 1169
f 1601 1169 1435
f 1601 1435 1595
f 1601 1595 1600
f 1601 1600 1176
f 1601 1176 803
f 1601 803 1175
f 1602 510 517
f 1602 517 288
f 1602 288 1191
f 1602 1191 1444
f 1602 1444 516
f 1602 516 510
f 1603 1446 1201
f 1603 1201 1447
f 1603 1447 835
f 1603 835 1205
f 1603 1205 1446
f 1604 1216 1454
f 1604 1438 1437
f 1605 1221 1448
f 1605 1448 1449
f 1605 1449 1451
f 1605 1451 1438
f 1605 1438 1604
f 1605 1604 1454
f 1605 1454 1211
f 1605 1211 1221
f 1606 1456 1220
f 1606 1220 1457
f 1606 1457 851
f 1606 851 853
f 1606 853 855
f 1606 855 1456
f 1607 1230 1227
f 1607 1227 1458
f 1607 1458 1232
f 1607 1232 1230
f 1608 1469 1468
f 1608 1468 864
f 1608 864 138
f 1608 138 1464
f 1608 1464 872
f 1608 872 1469
f 1609 1470 670
f 1609 670 1364
f 1609 1364 1362
f 1609 1362 1363
f 1610 1154 1153
f 1610 1153 883
f 1610 883 882
f 1610 882 1470
f 1610 1470 1609
f 1610 1609 1363
f 1610 1363 1160
f 1610 1160 1154
f 1611 892 1244
f 1611 1244 884
f 1611 884 142
f 1611 142 1245
f 1611 1245 1474
f 1611 1474 1249
f 1611 1249 892
f 1612 1613 1484
f 1612 1484 1485
f 1612 1485 1262
f 1614 1480 1481
f 1614 1481 1484
f 1614 1484 1613
f 1615 908 1260
f 1615 1260 1485
f 1615 1485 1258
f 1615 1258 908
f 1616 626 954
f 1616 954 1314
f 1616 1314 1520
f 1616 1520 1261
f 1616 1261 1486
f 1616 1486 598
f 1616 598 626
f 1617 926 1269
f 1617 1269 1489
f 1618 1491 1490
f 1618 1490 1497
f 1618 1497 1276
f 1618 1276 1491
f 1619 930 597
f 1620 1283 930
f 1620 930 1619
f 1620 1619 1621
f 1620 1281 1283
f 1622 1281 1620
f 1622 1620 1621
f 1623 1621 1500
f 1623 1500 1552
f 1623 1552 1284
f 1624 1286 1500
f 1624 1500 1621
f 1625 1300 1504
f 1625 1301 952
f 1625 952 1309
f 1625 1309 1312
f 1625 1312 1300
f 1626 1343 1344
f 1626 1344 1010
f 1626 1010 1519
f 1626 1519 1301
f 1626 1301 1625
f 1626 1625 1504
f 1626 1504 946
f 1626 946 1343
f 1627 1302 1507
f 1627 1507 1306
f 1627 1306 1303
f 1627 1303 1302
f 1628 1310 1508
f 1628 1508 625
f 1628 625 342
f 1628 342 1310
f 1629 570 897
f 1629 897 899
f 1629 899 1613
f 1629 1613 1630
f 1629 1510 161
f 1629 161 570
f 1631 161 1305
f 1631 1305 1306
f 1631 1306 1511
f 1631 6 161
f 1632 1511 1506
f 1632 1506 1513
f 1632 1513 6
f 1632 6 1631
f 1632 1631 1511
f 1633 365 1514
f 1633 1514 951
f 1633 951 365
f 1634 1510 1629
f 1634 1629 1630
f 1634 1630 1521
f 1634 1521 1303
f 1634 1303 1305
f 1634 1305 1510
f 1635 1520 1521
f 1635 1521 1630
f 1635 1630 1613
f 1635 1613 1612
f 1635 1612 1262
f 1635 1262 1520
f 1636 1518 959
f 1636 959 958
f 1636 958 1522
f 1636 1522 960
f 1636 960 1518
f 1637 979 978
f 1638 1322 1318
f 1638 1318 963
f 1638 963 1525
f 1638 1525 971
f 1638 971 1322
f 1639 645 27
f 1639 27 117
f 1639 117 1325
f 1639 1527 986
f 1639 986 645
f 1640 1326 1527
f 1640 1527 987
f 1640 987 1327
f 1640 1327 1529
f 1640 1529 1326
f 1641 1527 1639
f 1641 1639 1325
f 1641 1325 1528
f 1641 1528 987
f 1641 987 1527
f 1642 1341 1004
f 1642 1004 1006
f 1642 1006 1340
f 1642 1340 1000
f 1642 1000 1533
f 1642 1533 1333
f 1642 1333 1341
f 1643 652 997
f 1643 997 1355
f 1643 1355 1540
f 1643 1540 1021
f 1643 1021 652
f 1644 1547 391
f 1644 391 698
f 1645 583 1494
f 1645 1494 392
f 1645 392 1547
f 1645 1547 1646
f 1647 1646 1648
f 1647 1648 695
f 1647 695 1545
f 1649 693 1036
f 1649 1548 696
f 1649 696 693
f 1650 1379 1375
f 1650 1375 1549
f 1650 1549 734
f 1650 734 1379
f 1651 1059 1383
f 1651 1383 1554
f 1651 1554 1048
f 1651 1048 1059
f 1652 1098 1398
f 1652 1398 1399
f 1652 1399 1562
f 1652 1562 1561
f 1652 1561 1559
f 1652 1559 1066
f 1652 1066 1098
f 1653 1546 1372
f 1653 1372 1559
f 1653 1559 1561
f 1653 1561 1546
f 1654 743 742
f 1654 742 1655
f 1654 1655 1565
f 1654 1565 1564
f 1654 1564 1401
f 1654 1401 1108
f 1654 1108 743
f 1656 1566 1411
f 1656 1411 1123
f 1657 1567 446
f 1657 446 1109
f 1657 1109 1404
f 1658 1569 1659
f 1658 1659 1573
f 1658 1570 94
f 1658 94 1569
f 1660 1408 1572
f 1660 1572 1571
f 1660 1120 1407
f 1660 1407 1408
f 1661 1570 1658
f 1661 1658 1573
f 1661 1573 1572
f 1661 1572 1576
f 1661 1576 1406
f 1661 1406 1570
f 1662 1577 1423
f 1662 1423 1422
f 1663 241 1579
f 1663 1579 1117
f 1663 1117 241
f 1664 1146 1589
f 1664 1589 1409
f 1664 1409 1579
f 1664 1579 1147
f 1664 1147 1146
f 1665 1120 1660
f 1665 1660 1571
f 1665 1571 1573
f 1665 1573 1659
f 1665 1591 1118
f 1665 1118 1120
f 1666 1170 1439
f 1666 1439 1172
f 1666 1172 1173
f 1666 1173 1437
f 1666 1437 1598
f 1666 1598 1171
f 1666 1171 1170
f 1667 1173 1213
f 1667 1213 1216
f 1667 1216 1604
f 1667 1604 1437
f 1667 1437 1173
f 1668 899 898
f 1668 898 1480
f 1668 1480 1614
f 1668 1614 1613
f 1668 1613 899
f 1669 926 1617
f 1669 1617 1489
f 1669 1489 1491
f 1669 1491 1496
f 1669 1496 1275
f 1669 1275 1095
f 1669 1095 927
f 1669 927 926
f 1670 1285 1286
f 1670 1286 1624
f 1670 1624 1621
f 1670 1621 1619
f 1671 1622 1621
f 1671 1621 1623
f 1671 1623 1284
f 1671 1284 1282
f 1671 1282 1281
f 1671 1281 1622
f 1672 1587 979
f 1672 979 1637
f 1672 1637 1524
f 1672 1524 969
f 1672 969 968
f 1672 968 1587
f 1673 628 1317
f 1673 1317 1524
f 1673 1524 1637
f 1673 1637 978
f 1674 1645 1646
f 1674 1646 1647
f 1675 583 1645
f 1675 1373 583
f 1676 1647 1545
f 1676 1545 1546
f 1677 1646 1547
f 1677 1547 1644
f 1677 1644 698
f 1677 698 1548
f 1677 1548 1649
f 1678 695 1648
f 1678 1648 1646
f 1678 1646 1677
f 1678 1677 1649
f 1678 1649 1036
f 1678 1036 695
f 1679 1566 1656
f 1679 1656 1123
f 1679 1123 1565
f 1680 1577 1662
f 1680 1116 746
f 1680 746 1577
f 1681 1659 1569
f 1681 1662 1591
f 1681 1591 1665
f 1681 1665 1659
f 1682 1591 1662
f 1682 1662 1422
f 1682 1422 1119
f 1682 1119 1591
f 1683 1285 1670
f 1683 1670 1619
f 1683 1619 597
f 1683 597 335
f 1683 335 1499
f 1683 1499 1285
f 1684 628 1673
f 1684 1673 978
f 1684 978 967
f 1684 967 344
f 1684 344 628
f 1685 1674 1647
f 1685 1647 1676
f 1685 1676 1546
f 1685 1546 1560
f 1685 1560 1373
f 1685 1373 1675
f 1685 1675 1645
f 1685 1645 1674
f 1686 1566 1679
f 1686 1679 1404
f 1686 1404 1111
f 1686 1111 1566
f 1687 1655 742
f 1687 742 1567
f 1687 1567 1657
f 1687 1657 1404
f 1687 1404 1679
f 1687 1679 1565
f 1687 1565 1655
f 1688 1680 1662
f 1688 1662 1681
f 1688 1681 1569
f 1688 1569 1116
f 1688 1116 1680
