ISO-10303-21;
HEADER;
FILE_DESCRIPTION (( 'STEP AP214' ),
    '1' );
FILE_NAME ('3s Turnigy Li-Po battery.STEP',
    '2026-02-21T20:23:23',
    ( '' ),
    ( '' ),
    'SwSTEP 2.0',
    'SolidWorks 2023',
    '' );
FILE_SCHEMA (( 'AUTOMOTIVE_DESIGN' ));
ENDSEC;

DATA;
#1 = CARTESIAN_POINT ( 'NONE',  ( 17.49999999999963407, 2.295213265302409322, 208.5339457930067795 ) ) ;
#2 = CARTESIAN_POINT ( 'NONE',  ( 17.99999999999963407, 1.697812536543165107, 206.5578840617075116 ) ) ;
#3 = UNCERTAINTY_MEASURE_WITH_UNIT (LENGTH_MEASURE( 1.000000000000000082E-05 ), #220, 'distance_accuracy_value', 'NONE');
#4 = CARTESIAN_POINT ( 'NONE',  ( 17.99999999999962697, 4.106212521849424313, 207.7262380719001555 ) ) ;
#5 = EDGE_CURVE ( 'NONE', #2983, #2223, #9791, .T. ) ;
#6 = CARTESIAN_POINT ( 'NONE',  ( 17.99999999999963762, 1.830452571154370878, 208.1671224051322611 ) ) ;
#7 = ORIENTED_EDGE ( 'NONE', *, *, #6368, .F. ) ;
#8 = B_SPLINE_SURFACE_WITH_KNOTS ( 'NONE', 3, 1, ( 
 ( #3663, #9393 ),
 ( #3131, #8501 ),
 ( #7797, #7898 ),
 ( #9441, #6269 ),
 ( #858, #913 ),
 ( #1609, #8451 ),
 ( #1716, #217 ),
 ( #1567, #2380 ),
 ( #5571, #6163 ),
 ( #5526, #4621 ),
 ( #3277, #5424 ) ),
 .UNSPECIFIED., .F., .F., .F.,
 ( 4, 1, 1, 1, 1, 1, 1, 1, 4 ),
 ( 2, 2 ),
 ( 0.000000000000000000, 0.06811811090816485836, 0.1517196374222167798, 0.2518914617339232387, 0.3679742411501016885, 0.5015259139580999781, 0.6511087080447940378, 0.8175170325938195814, 1.000000000000000000 ),
 ( 0.000000000000000000, 1.000000000000000000 ),
 .UNSPECIFIED. ) ;
#9 = COLOUR_RGB ( '',1.000000000000000000, 1.000000000000000000, 1.000000000000000000 ) ;
#10 = ORIENTED_EDGE ( 'NONE', *, *, #6950, .F. ) ;
#11 = PRESENTATION_STYLE_ASSIGNMENT (( #1511 ) ) ;
#12 = ORIENTED_EDGE ( 'NONE', *, *, #1078, .F. ) ;
#13 = LINE ( 'NONE', #8342, #8463 ) ;
#14 = CARTESIAN_POINT ( 'NONE',  ( 15.93649167310371517, -1.999999999999998224, 109.0000000000000000 ) ) ;
#15 = COLOUR_RGB ( '',1.000000000000000000, 1.000000000000000000, 1.000000000000000000 ) ;
#17 = VECTOR ( 'NONE', #7191, 1000.000000000000114 ) ;
#16 = CARTESIAN_POINT ( 'NONE',  ( -1.537935610319538959, -5.112730092090080447, 195.2500000000000000 ) ) ;
#18 = CARTESIAN_POINT ( 'NONE',  ( 17.49999999999963052, 2.438466069297900773, 207.1632982475784672 ) ) ;
#19 = FACE_OUTER_BOUND ( 'NONE', #1258, .T. ) ;
#20 = FILL_AREA_STYLE ('',( #8505 ) ) ;
#21 = EDGE_LOOP ( 'NONE', ( #2302, #5023 ) ) ;
#22 = AXIS2_PLACEMENT_3D ( 'NONE', #6860, #1584, #4640 ) ;
#23 = STYLED_ITEM ( 'NONE', ( #9279 ), #1054 ) ;
#24 = DIRECTION ( 'NONE',  ( 1.000000000000000000, 2.193841701786844562E-13, 2.807606825585413020E-12 ) ) ;
#25 = CARTESIAN_POINT ( 'NONE',  ( 17.99999999999962341, 3.658374506384189928, 208.9239218687914104 ) ) ;
#26 = SURFACE_STYLE_USAGE ( .BOTH. , #7048 ) ;
#27 = FACE_OUTER_BOUND ( 'NONE', #8907, .T. ) ;
#28 = ORIENTED_EDGE ( 'NONE', *, *, #5902, .F. ) ;
#29 = CARTESIAN_POINT ( 'NONE',  ( -12.62499999999999822, -6.174999999999999822, 191.0000000000000000 ) ) ;
#30 = LINE ( 'NONE', #3095, #4552 ) ;
#31 = CARTESIAN_POINT ( 'NONE',  ( -1.176359357146760478E-15, 5.425000000000030909, 198.7500000000000000 ) ) ;
#32 = VECTOR ( 'NONE', #7733, 1000.000000000000000 ) ;
#33 = CARTESIAN_POINT ( 'NONE',  ( 11.48572330470321035, -11.48572330470316061, 212.0000000000000853 ) ) ;
#34 = ADVANCED_FACE ( 'NONE', ( #4764, #5376, #8448 ), #4618, .F. ) ;
#35 = ORIENTED_EDGE ( 'NONE', *, *, #3432, .T. ) ;
#36 = EDGE_CURVE ( 'NONE', #929, #794, #3999, .T. ) ;
#37 = LINE ( 'NONE', #3101, #5617 ) ;
#38 = EDGE_CURVE ( 'NONE', #8703, #1477, #366, .T. ) ;
#39 = DIRECTION ( 'NONE',  ( -0.000000000000000000, -0.000000000000000000, 1.000000000000000000 ) ) ;
#40 = MECHANICAL_DESIGN_GEOMETRIC_PRESENTATION_REPRESENTATION (  '', ( #3087 ), #8205 ) ;
#41 = SURFACE_SIDE_STYLE ('',( #3839 ) ) ;
#42 = EDGE_LOOP ( 'NONE', ( #8287, #692, #5385, #3195 ) ) ;
#43 =( NAMED_UNIT ( * ) SI_UNIT ( $, .STERADIAN. ) SOLID_ANGLE_UNIT ( ) );
#44 = CARTESIAN_POINT ( 'NONE',  ( -17.00000000000000000, 11.00000000000000355, 0.7639320225002188547 ) ) ;
#45 = ORIENTED_EDGE ( 'NONE', *, *, #5477, .T. ) ;
#46 = CARTESIAN_POINT ( 'NONE',  ( 17.49999999999963052, -1.540234375000004707, 208.1704101562500284 ) ) ;
#47 =( NAMED_UNIT ( * ) PLANE_ANGLE_UNIT ( ) SI_UNIT ( $, .RADIAN. ) );
#48 = ADVANCED_FACE ( 'NONE', ( #7987 ), #5194, .T. ) ;
#49 = CARTESIAN_POINT ( 'NONE',  ( 17.99999999999963052, 1.928561300962463365, 207.9849964127557485 ) ) ;
#50 = AXIS2_PLACEMENT_3D ( 'NONE', #6863, #1830, #4785 ) ;
#51 = CARTESIAN_POINT ( 'NONE',  ( -15.62499999999998401, -1.626303258728254632E-13, 198.7500000000000000 ) ) ;
#52 = CARTESIAN_POINT ( 'NONE',  ( 17.49999999999962697, 2.064612243116644485, 206.8195290230416958 ) ) ;
#53 = CARTESIAN_POINT ( 'NONE',  ( 17.99999999999962697, 1.413791258902434400, 208.1569095572537265 ) ) ;
#54 = FACE_OUTER_BOUND ( 'NONE', #3383, .T. ) ;
#55 = CARTESIAN_POINT ( 'NONE',  ( 17.99999999999963052, 0.1687499999999942379, 208.5937500000000568 ) ) ;
#56 = CARTESIAN_POINT ( 'NONE',  ( 17.49999999999964828, 1.939513177393229038, 208.4564514873139842 ) ) ;
#57 = ADVANCED_FACE ( 'NONE', ( #4911 ), #1904, .F. ) ;
#58 = ORIENTED_EDGE ( 'NONE', *, *, #615, .F. ) ;
#59 =( NAMED_UNIT ( * ) PLANE_ANGLE_UNIT ( ) SI_UNIT ( $, .RADIAN. ) );
#60 = B_SPLINE_CURVE_WITH_KNOTS ( 'NONE', 3,
 ( #3975, #8850, #462, #2062, #1306, #5758, #5004, #5855, #5112, #9039, #2823 ),
 .UNSPECIFIED., .F., .F.,
 ( 4, 1, 1, 1, 1, 1, 1, 1, 4 ),
 ( 0.000000000000000000, 0.1423604118210493041, 0.2786201360669269822, 0.4098624489983847541, 0.5354769308100539860, 0.6565166792472966195, 0.7738089771115379545, 0.8881256004554626271, 1.000000000000000000 ),
 .UNSPECIFIED. ) ;
#61 = VERTEX_POINT ( 'NONE', #5021 ) ;
#62 = CARTESIAN_POINT ( 'NONE',  ( 17.49999999999963407, 1.469036404308810662, 206.9713473501954297 ) ) ;
#63 = CARTESIAN_POINT ( 'NONE',  ( 17.49999999999962697, 2.126269531249993516, 206.8125000000000284 ) ) ;
#64 = MECHANICAL_DESIGN_GEOMETRIC_PRESENTATION_REPRESENTATION (  '', ( #5351 ), #3899 ) ;
#65 =( NAMED_UNIT ( * ) SI_UNIT ( $, .STERADIAN. ) SOLID_ANGLE_UNIT ( ) );
#66 = DIRECTION ( 'NONE',  ( 0.000000000000000000, -0.9363291775690446572, -0.3511234415883914828 ) ) ;
#67 = PRESENTATION_STYLE_ASSIGNMENT (( #7093 ) ) ;
#68 = STYLED_ITEM ( 'NONE', ( #4579 ), #3906 ) ;
#69 = CYLINDRICAL_SURFACE ( 'NONE', #1420, 1.000000000000000888 ) ;
#70 = CARTESIAN_POINT ( 'NONE',  ( 17.49999999999963407, 3.301035548204605874, 208.7117556761819230 ) ) ;
#71 = CARTESIAN_POINT ( 'NONE',  ( 17.99999999999962697, 3.554608099554624978, 207.0673371914270149 ) ) ;
#72 = CARTESIAN_POINT ( 'NONE',  ( 17.49999999999963407, 3.978309745460478108, 206.8949822921628083 ) ) ;
#73 = ORIENTED_EDGE ( 'NONE', *, *, #9794, .F. ) ;
#74 = CARTESIAN_POINT ( 'NONE',  ( 17.49999999999962341, 3.512387453977297014, 207.7990092547674408 ) ) ;
#75 = SURFACE_SIDE_STYLE ('',( #6949 ) ) ;
#76 = CARTESIAN_POINT ( 'NONE',  ( 16.28885510497564226, 11.95919767754501706, 99.92108117165371084 ) ) ;
#77 = CARTESIAN_POINT ( 'NONE',  ( 17.49999999999963762, 3.972093481131357517, 208.9239202844645433 ) ) ;
#78 = DIRECTION ( 'NONE',  ( -0.000000000000000000, -0.000000000000000000, 1.000000000000000000 ) ) ;
#79 = CARTESIAN_POINT ( 'NONE',  ( 17.99999999999962697, 3.815234374999993960, 206.8437500000000568 ) ) ;
#80 = ORIENTED_EDGE ( 'NONE', *, *, #9798, .F. ) ;
#81 = DIRECTION ( 'NONE',  ( -1.000000000000000000, 0.000000000000000000, 0.000000000000000000 ) ) ;
#82 =( GEOMETRIC_REPRESENTATION_CONTEXT ( 3 ) GLOBAL_UNCERTAINTY_ASSIGNED_CONTEXT ( ( #6405 ) ) GLOBAL_UNIT_ASSIGNED_CONTEXT ( ( #3662, #9812, #5866 ) ) REPRESENTATION_CONTEXT ( 'NONE', 'WORKASPACE' ) );
#83 =( NAMED_UNIT ( * ) PLANE_ANGLE_UNIT ( ) SI_UNIT ( $, .RADIAN. ) );
#84 = ORIENTED_EDGE ( 'NONE', *, *, #1381, .F. ) ;
#85 = UNCERTAINTY_MEASURE_WITH_UNIT (LENGTH_MEASURE( 1.000000000000000082E-05 ), #9840, 'distance_accuracy_value', 'NONE');
#86 = FILL_AREA_STYLE ('',( #8572 ) ) ;
#87 =( NAMED_UNIT ( * ) SI_UNIT ( $, .STERADIAN. ) SOLID_ANGLE_UNIT ( ) );
#88 = ORIENTED_EDGE ( 'NONE', *, *, #8006, .F. ) ;
#89 = DIRECTION ( 'NONE',  ( 1.000000000000000000, 1.040834085586025565E-14, 0.000000000000000000 ) ) ;
#90 = CARTESIAN_POINT ( 'NONE',  ( -15.87500000000571809, -2.999999999999462208, 108.9498743710667696 ) ) ;
#91 =( NAMED_UNIT ( * ) SI_UNIT ( $, .STERADIAN. ) SOLID_ANGLE_UNIT ( ) );
#92 = COLOUR_RGB ( '',1.000000000000000000, 0.7490196078431372584, 0.000000000000000000 ) ;
#93 = CARTESIAN_POINT ( 'NONE',  ( 17.99999999999963407, 2.110382578919044239, 208.0822128734050693 ) ) ;
#94 = VECTOR ( 'NONE', #2774, 1000.000000000000000 ) ;
#95 = FACE_OUTER_BOUND ( 'NONE', #8090, .T. ) ;
#96 = PLANE ( 'NONE',  #4495 ) ;
#97 = SURFACE_STYLE_USAGE ( .BOTH. , #6102 ) ;
#98 = STYLED_ITEM ( 'NONE', ( #4401 ), #6166 ) ;
#99 =( NAMED_UNIT ( * ) SI_UNIT ( $, .STERADIAN. ) SOLID_ANGLE_UNIT ( ) );
#100 = UNCERTAINTY_MEASURE_WITH_UNIT (LENGTH_MEASURE( 1.000000000000000082E-05 ), #5997, 'distance_accuracy_value', 'NONE');
#101 = AXIS2_PLACEMENT_3D ( 'NONE', #8227, #1359, #4207 ) ;
#102 = SURFACE_SIDE_STYLE ('',( #8333 ) ) ;
#103 = PRESENTATION_STYLE_ASSIGNMENT (( #2272 ) ) ;
#104 = ORIENTED_EDGE ( 'NONE', *, *, #6592, .F. ) ;
#105 = CARTESIAN_POINT ( 'NONE',  ( 17.49999999999964118, 2.128140742265913321, 208.9367082343318032 ) ) ;
#106 = EDGE_LOOP ( 'NONE', ( #3606, #2711, #5064, #7617 ) ) ;
#107 = CARTESIAN_POINT ( 'NONE',  ( 17.99999999999962697, 4.429492187499993072, 206.8383789062500284 ) ) ;
#108 = PRESENTATION_LAYER_ASSIGNMENT (  '', '', ( #9903 ) ) ;
#109 = FILL_AREA_STYLE ('',( #6162 ) ) ;
#110 = CARTESIAN_POINT ( 'NONE',  ( 17.49999999999961986, 2.807777691641400786, 208.4099402439253481 ) ) ;
#111 = EDGE_CURVE ( 'NONE', #3464, #519, #336, .T. ) ;
#112 = PLANE ( 'NONE',  #1143 ) ;
#113 = DIRECTION ( 'NONE',  ( -1.000000000000000000, -5.276725402210824000E-16, 0.000000000000000000 ) ) ;
#114 = AXIS2_PLACEMENT_3D ( 'NONE', #6975, #3124, #3070 ) ;
#115 = MECHANICAL_DESIGN_GEOMETRIC_PRESENTATION_REPRESENTATION (  '', ( #6517 ), #2370 ) ;
#116 = CARTESIAN_POINT ( 'NONE',  ( -12.62499999999999822, -3.750000000000000444, 194.2500000000000000 ) ) ;
#117 = B_SPLINE_CURVE_WITH_KNOTS ( 'NONE', 3,
 ( #3399, #2515, #9474, #5556, #2569, #2606, #9330, #4050, #4096, #5649, #8725, #6450, #4192, #5600, #7122, #7253, #1141, #8777, #1845 ),
 .UNSPECIFIED., .F., .F.,
 ( 4, 1, 1, 1, 1, 1, 1, 1, 1, 1, 1, 1, 1, 1, 1, 1, 4 ),
 ( 0.000000000000000000, 0.05389011679489538048, 0.1050881549891395927, 0.1556783718858233134, 0.2070619855349410121, 0.2582961604886557239, 0.3118121042148545574, 0.3679749472930728960, 0.4280853407817259981, 0.4905934977161042765, 0.5546888326450120088, 0.6211654728463675834, 0.6899871334689658964, 0.7620076493388510119, 0.8375962396701800428, 0.9170724110501728976, 1.000000000000000000 ),
 .UNSPECIFIED. ) ;
#118 = CARTESIAN_POINT ( 'NONE',  ( 15.99999999999962874, 2.500000000000000000, 204.0000000000000568 ) ) ;
#119 = CARTESIAN_POINT ( 'NONE',  ( 17.49999999999963407, -3.925000000000038014, 6.189808766553677054E-16 ) ) ;
#120 = FILL_AREA_STYLE_COLOUR ( '', #2585 ) ;
#121 = CARTESIAN_POINT ( 'NONE',  ( 17.49999999999963052, 2.789566512352566363, 207.7079736411794499 ) ) ;
#122 = VERTEX_POINT ( 'NONE', #1982 ) ;
#123 = PRESENTATION_STYLE_ASSIGNMENT (( #2443 ) ) ;
#124 = FILL_AREA_STYLE ('',( #7810 ) ) ;
#125 =( NAMED_UNIT ( * ) SI_UNIT ( $, .STERADIAN. ) SOLID_ANGLE_UNIT ( ) );
#126 = MECHANICAL_DESIGN_GEOMETRIC_PRESENTATION_REPRESENTATION (  '', ( #6363 ), #8954 ) ;
#127 = COLOUR_RGB ( '',1.000000000000000000, 1.000000000000000000, 1.000000000000000000 ) ;
#128 = CARTESIAN_POINT ( 'NONE',  ( -14.62500000000005151, 4.624194836688181098, 197.7500000000000000 ) ) ;
#129 = PLANE ( 'NONE',  #7824 ) ;
#130 = CARTESIAN_POINT ( 'NONE',  ( 17.99999999999963052, 4.229224064239704539, 206.5640843575268377 ) ) ;
#131 = CARTESIAN_POINT ( 'NONE',  ( -12.62499999999999822, 0.000000000000000000, 198.7500000000000000 ) ) ;
#132 = ORIENTED_EDGE ( 'NONE', *, *, #5959, .T. ) ;
#133 = DIRECTION ( 'NONE',  ( 0.7071067811865464625, -0.7071067811865486830, 0.000000000000000000 ) ) ;
#134 = ADVANCED_FACE ( 'NONE', ( #5782 ), #5370, .T. ) ;
#135 = PRESENTATION_STYLE_ASSIGNMENT (( #7009 ) ) ;
#136 = CARTESIAN_POINT ( 'NONE',  ( 17.99999999999963052, 1.031055303920342613E-14, 210.5000000000000853 ) ) ;
#137 =( GEOMETRIC_REPRESENTATION_CONTEXT ( 3 ) GLOBAL_UNCERTAINTY_ASSIGNED_CONTEXT ( ( #5904 ) ) GLOBAL_UNIT_ASSIGNED_CONTEXT ( ( #1160, #7990, #125 ) ) REPRESENTATION_CONTEXT ( 'NONE', 'WORKASPACE' ) );
#138 = PRESENTATION_LAYER_ASSIGNMENT (  '', '', ( #6372 ) ) ;
#139 = CARTESIAN_POINT ( 'NONE',  ( 17.49999999999962697, 4.429492187499993072, 206.8383789062500284 ) ) ;
#140 = EDGE_CURVE ( 'NONE', #3913, #7763, #4933, .T. ) ;
#141 = ORIENTED_EDGE ( 'NONE', *, *, #508, .F. ) ;
#142 =( NAMED_UNIT ( * ) PLANE_ANGLE_UNIT ( ) SI_UNIT ( $, .RADIAN. ) );
#143 = CARTESIAN_POINT ( 'NONE',  ( -17.00000000000000000, 2.000000000000001776, 109.0000000000000000 ) ) ;
#144 = CARTESIAN_POINT ( 'NONE',  ( 17.49999999999963407, 1.541351898961228484, 206.7741358337268593 ) ) ;
#145 = ORIENTED_EDGE ( 'NONE', *, *, #5360, .F. ) ;
#146 = DIRECTION ( 'NONE',  ( -1.000000000000000000, -5.728085021779797867E-16, 8.583663793918551117E-34 ) ) ;
#147 = CARTESIAN_POINT ( 'NONE',  ( 17.99999999999962341, 4.357650307906682841, 206.7021209153429027 ) ) ;
#148 = PRESENTATION_STYLE_ASSIGNMENT (( #3215 ) ) ;
#149 = CARTESIAN_POINT ( 'NONE',  ( 17.49999999999962697, 1.393796788895505623, 207.5324777293617160 ) ) ;
#150 = PRESENTATION_LAYER_ASSIGNMENT (  '', '', ( #3359 ) ) ;
#151 = SURFACE_STYLE_USAGE ( .BOTH. , #7023 ) ;
#152 =( NAMED_UNIT ( * ) PLANE_ANGLE_UNIT ( ) SI_UNIT ( $, .RADIAN. ) );
#153 =( LENGTH_UNIT ( ) NAMED_UNIT ( * ) SI_UNIT ( .MILLI., .METRE. ) );
#154 = CARTESIAN_POINT ( 'NONE',  ( 17.99999999999962697, 4.500839600450757594, 207.0904460035706904 ) ) ;
#155 = VECTOR ( 'NONE', #4528, 1000.000000000000000 ) ;
#156 = DIRECTION ( 'NONE',  ( 1.000000000000000000, 0.000000000000000000, 0.000000000000000000 ) ) ;
#157 = CARTESIAN_POINT ( 'NONE',  ( 17.49999999999962341, 3.142741534294688499, 207.0000351291893139 ) ) ;
#158 = CARTESIAN_POINT ( 'NONE',  ( 16.11451602886288015, 12.00000000000000178, 2.801651939152733917 ) ) ;
#159 = ORIENTED_EDGE ( 'NONE', *, *, #5519, .F. ) ;
#160 = AXIS2_PLACEMENT_3D ( 'NONE', #2726, #5763, #7948 ) ;
#161 = EDGE_CURVE ( 'NONE', #6700, #4066, #992, .T. ) ;
#162 =( NAMED_UNIT ( * ) PLANE_ANGLE_UNIT ( ) SI_UNIT ( $, .RADIAN. ) );
#163 = EDGE_CURVE ( 'NONE', #4037, #9129, #7693, .T. ) ;
#164 = EDGE_CURVE ( 'NONE', #8567, #9484, #9015, .T. ) ;
#165 = PRESENTATION_STYLE_ASSIGNMENT (( #5520 ) ) ;
#166 = VERTEX_POINT ( 'NONE', #7443 ) ;
#167 = CARTESIAN_POINT ( 'NONE',  ( 17.49999999999963407, 3.650198452637130497, 206.8953103237465143 ) ) ;
#168 = CARTESIAN_POINT ( 'NONE',  ( 16.00000000000000711, -2.331306120687276717, 108.9959374348622703 ) ) ;
#169 = CARTESIAN_POINT ( 'NONE',  ( 17.49999999999961986, 2.729384278808311137, 208.6428243882470497 ) ) ;
#170 = ORIENTED_EDGE ( 'NONE', *, *, #651, .F. ) ;
#171 = CARTESIAN_POINT ( 'NONE',  ( 17.99999999999963407, 1.387997045556972342, 207.8613479855274022 ) ) ;
#172 =( GEOMETRIC_REPRESENTATION_CONTEXT ( 3 ) GLOBAL_UNCERTAINTY_ASSIGNED_CONTEXT ( ( #3220 ) ) GLOBAL_UNIT_ASSIGNED_CONTEXT ( ( #7318, #3340, #6328 ) ) REPRESENTATION_CONTEXT ( 'NONE', 'WORKASPACE' ) );
#173 = CARTESIAN_POINT ( 'NONE',  ( 17.49999999999962697, 3.512478028879008729, 207.6492486872021743 ) ) ;
#174 = CIRCLE ( 'NONE', #4007, 10.00000000000000000 ) ;
#175 = DIRECTION ( 'NONE',  ( -1.000000000000000000, -5.728085021779797867E-16, 8.583663793918551117E-34 ) ) ;
#176 = DIRECTION ( 'NONE',  ( 0.000000000000000000, -1.000000000000000000, 0.000000000000000000 ) ) ;
#177 = ORIENTED_EDGE ( 'NONE', *, *, #3857, .T. ) ;
#178 = LINE ( 'NONE', #6281, #9218 ) ;
#179 = SURFACE_SIDE_STYLE ('',( #3974 ) ) ;
#180 = CARTESIAN_POINT ( 'NONE',  ( 16.12499999999963407, 0.6250000000000001110, 217.0000000000000853 ) ) ;
#181 =( NAMED_UNIT ( * ) SI_UNIT ( $, .STERADIAN. ) SOLID_ANGLE_UNIT ( ) );
#182 = EDGE_CURVE ( 'NONE', #3473, #3942, #6234, .T. ) ;
#183 = PRESENTATION_STYLE_ASSIGNMENT (( #7057 ) ) ;
#184 = AXIS2_PLACEMENT_3D ( 'NONE', #7559, #5934, #2999 ) ;
#185 = ORIENTED_EDGE ( 'NONE', *, *, #9829, .F. ) ;
#186 = AXIS2_PLACEMENT_3D ( 'NONE', #7801, #2433, #860 ) ;
#187 = FILL_AREA_STYLE ('',( #7059 ) ) ;
#188 = DIRECTION ( 'NONE',  ( 1.000000000000000000, 2.891205793294678326E-16, -0.000000000000000000 ) ) ;
#189 = CARTESIAN_POINT ( 'NONE',  ( 17.99999999999963052, 2.157519531249994404, 208.9375000000000568 ) ) ;
#190 = DIRECTION ( 'NONE',  ( 6.591949208711864434E-14, -1.000000000000000000, 0.000000000000000000 ) ) ;
#191 = VERTEX_POINT ( 'NONE', #772 ) ;
#192 = UNCERTAINTY_MEASURE_WITH_UNIT (LENGTH_MEASURE( 1.000000000000000082E-05 ), #2963, 'distance_accuracy_value', 'NONE');
#193 = SURFACE_SIDE_STYLE ('',( #4737 ) ) ;
#194 = PRESENTATION_LAYER_ASSIGNMENT (  '', '', ( #5774 ) ) ;
#195 = CARTESIAN_POINT ( 'NONE',  ( 17.99999999999963052, 2.124804687499993960, 206.4062500000000284 ) ) ;
#196 = ORIENTED_EDGE ( 'NONE', *, *, #8008, .F. ) ;
#197 = CARTESIAN_POINT ( 'NONE',  ( 17.49999999999963052, -1.281933593750006484, 207.7758789062500568 ) ) ;
#198 = PLANE ( 'NONE',  #7315 ) ;
#199 = DIRECTION ( 'NONE',  ( 1.000000000000000000, 0.000000000000000000, -8.583663793918551117E-34 ) ) ;
#200 = EDGE_CURVE ( 'NONE', #9786, #7952, #1329, .T. ) ;
#201 = DIRECTION ( 'NONE',  ( -1.000000000000000000, -1.040834085586083783E-14, 0.000000000000000000 ) ) ;
#202 = SURFACE_STYLE_FILL_AREA ( #1694 ) ;
#203 = STYLED_ITEM ( 'NONE', ( #8667 ), #1928 ) ;
#204 = CARTESIAN_POINT ( 'NONE',  ( 17.49999999999963407, 2.035588340332176394, 206.8299575769779608 ) ) ;
#205 =( LENGTH_UNIT ( ) NAMED_UNIT ( * ) SI_UNIT ( .MILLI., .METRE. ) );
#206 = CARTESIAN_POINT ( 'NONE',  ( 17.99999999999963052, 2.436328124999993960, 208.3496093750000568 ) ) ;
#207 = COLOUR_RGB ( '',1.000000000000000000, 0.7490196078431372584, 0.000000000000000000 ) ;
#208 = CARTESIAN_POINT ( 'NONE',  ( 17.99999999999962697, 1.981478142965042100, 206.8625108272688635 ) ) ;
#209 = ORIENTED_EDGE ( 'NONE', *, *, #1504, .F. ) ;
#210 = CARTESIAN_POINT ( 'NONE',  ( 16.74437967111206760, -11.67953756062286175, 1.634808137661294403 ) ) ;
#211 = PRESENTATION_LAYER_ASSIGNMENT (  '', '', ( #6436 ) ) ;
#212 = DIRECTION ( 'NONE',  ( -0.7071067811865462405, 0.7071067811865487940, 0.000000000000000000 ) ) ;
#213 = CARTESIAN_POINT ( 'NONE',  ( -17.37500000000000000, 6.174999999999999822, 191.7500000000000000 ) ) ;
#214 = EDGE_LOOP ( 'NONE', ( #8756, #6738, #611, #909 ) ) ;
#215 = CARTESIAN_POINT ( 'NONE',  ( -11.87499999999999822, -4.500000000000000888, 195.0000000000000000 ) ) ;
#216 =( NAMED_UNIT ( * ) PLANE_ANGLE_UNIT ( ) SI_UNIT ( $, .RADIAN. ) );
#217 = CARTESIAN_POINT ( 'NONE',  ( 17.49999999999962697, 4.101185280399283428, 207.3735124014598910 ) ) ;
#218 = EDGE_CURVE ( 'NONE', #8387, #1852, #580, .T. ) ;
#219 = MECHANICAL_DESIGN_GEOMETRIC_PRESENTATION_REPRESENTATION (  '', ( #3102 ), #6777 ) ;
#220 =( LENGTH_UNIT ( ) NAMED_UNIT ( * ) SI_UNIT ( .MILLI., .METRE. ) );
#221 = VERTEX_POINT ( 'NONE', #2236 ) ;
#222 = VECTOR ( 'NONE', #1839, 1000.000000000000114 ) ;
#223 =( LENGTH_UNIT ( ) NAMED_UNIT ( * ) SI_UNIT ( .MILLI., .METRE. ) );
#224 = CARTESIAN_POINT ( 'NONE',  ( 17.49999999999963052, 4.020514041537933458, 206.4615605440561126 ) ) ;
#225 = ORIENTED_EDGE ( 'NONE', *, *, #6672, .F. ) ;
#226 =( NAMED_UNIT ( * ) PLANE_ANGLE_UNIT ( ) SI_UNIT ( $, .RADIAN. ) );
#227 = SURFACE_SIDE_STYLE ('',( #1022 ) ) ;
#228 = LINE ( 'NONE', #6381, #1410 ) ;
#229 = CARTESIAN_POINT ( 'NONE',  ( 17.99999999999962341, 3.560717483024886665, 208.3387160681193961 ) ) ;
#230 = CARTESIAN_POINT ( 'NONE',  ( 12.49999999999963052, -7.825000000000000178, 212.0000000000000853 ) ) ;
#231 = AXIS2_PLACEMENT_3D ( 'NONE', #3426, #4219, #1918 ) ;
#232 = ORIENTED_EDGE ( 'NONE', *, *, #5809, .T. ) ;
#233 =( LENGTH_UNIT ( ) NAMED_UNIT ( * ) SI_UNIT ( .MILLI., .METRE. ) );
#234 = CARTESIAN_POINT ( 'NONE',  ( 17.49999999999963052, 1.861010290892737284, 207.5006292129513383 ) ) ;
#235 = DIRECTION ( 'NONE',  ( -0.000000000000000000, -0.000000000000000000, 1.000000000000000000 ) ) ;
#236 = ADVANCED_FACE ( 'NONE', ( #7654 ), #9205, .T. ) ;
#237 = SURFACE_SIDE_STYLE ('',( #5495 ) ) ;
#238 = EDGE_CURVE ( 'NONE', #1436, #2133, #4428, .T. ) ;
#239 = ORIENTED_EDGE ( 'NONE', *, *, #8158, .F. ) ;
#241 = AXIS2_PLACEMENT_3D ( 'NONE', #7868, #6239, #8479 ) ;
#240 = CARTESIAN_POINT ( 'NONE',  ( -14.62500000000000711, -1.014813233446432908E-13, 197.7500000000000000 ) ) ;
#242 = CARTESIAN_POINT ( 'NONE',  ( 17.49999999999963407, 1.568287079932196626, 206.7235936216348478 ) ) ;
#243 = ORIENTED_EDGE ( 'NONE', *, *, #3658, .T. ) ;
#244 = LINE ( 'NONE', #197, #7257 ) ;
#245 = CARTESIAN_POINT ( 'NONE',  ( 17.99999999999963407, 4.328508710310702945, 206.6630882637648483 ) ) ;
#246 = FILL_AREA_STYLE_COLOUR ( '', #7375 ) ;
#247 = CARTESIAN_POINT ( 'NONE',  ( 17.49999999999962341, 1.881824776754609685, 207.9459345917915414 ) ) ;
#248 = DIRECTION ( 'NONE',  ( 1.040834085586083152E-14, -1.000000000000000000, 0.000000000000000000 ) ) ;
#249 =( GEOMETRIC_REPRESENTATION_CONTEXT ( 3 ) GLOBAL_UNCERTAINTY_ASSIGNED_CONTEXT ( ( #5705 ) ) GLOBAL_UNIT_ASSIGNED_CONTEXT ( ( #9696, #2822, #5109 ) ) REPRESENTATION_CONTEXT ( 'NONE', 'WORKASPACE' ) );
#250 =( GEOMETRIC_REPRESENTATION_CONTEXT ( 3 ) GLOBAL_UNCERTAINTY_ASSIGNED_CONTEXT ( ( #1401 ) ) GLOBAL_UNIT_ASSIGNED_CONTEXT ( ( #9772, #9061, #5233 ) ) REPRESENTATION_CONTEXT ( 'NONE', 'WORKASPACE' ) );
#251 = DIRECTION ( 'NONE',  ( -1.000000000000000000, -5.728085021779797867E-16, 8.583663793918551117E-34 ) ) ;
#252 = LINE ( 'NONE', #8636, #7563 ) ;
#253 = CARTESIAN_POINT ( 'NONE',  ( 17.99999999999962697, 4.429492187499993072, 206.8383789062500284 ) ) ;
#254 = SURFACE_STYLE_FILL_AREA ( #8587 ) ;
#255 = STYLED_ITEM ( 'NONE', ( #850 ), #5080 ) ;
#256 = PLANE ( 'NONE',  #578 ) ;
#257 = CARTESIAN_POINT ( 'NONE',  ( 17.99999999999963052, 2.126269531249993960, 206.8125000000000284 ) ) ;
#258 = VERTEX_POINT ( 'NONE', #8404 ) ;
#259 = CARTESIAN_POINT ( 'NONE',  ( 16.11485635145696449, -11.99999999999999822, 2.801062481686519057 ) ) ;
#260 = SURFACE_SIDE_STYLE ('',( #7983 ) ) ;
#261 = MECHANICAL_DESIGN_GEOMETRIC_PRESENTATION_REPRESENTATION (  '', ( #414 ), #4569 ) ;
#262 = FILL_AREA_STYLE_COLOUR ( '', #9374 ) ;
#263 = CARTESIAN_POINT ( 'NONE',  ( -10.33750000000002700, 10.33749999999999325, 191.7500000000000000 ) ) ;
#264 = CARTESIAN_POINT ( 'NONE',  ( 17.49999999999962341, 3.573363343582728113, 207.0048656691967608 ) ) ;
#265 = CARTESIAN_POINT ( 'NONE',  ( 17.99999999999963407, 4.033642376763790338, 208.4133502155476947 ) ) ;
#266 = PLANE ( 'NONE',  #2311 ) ;
#267 = VECTOR ( 'NONE', #6894, 1000.000000000000000 ) ;
#268 = CARTESIAN_POINT ( 'NONE',  ( 17.99999999999963052, -2.454785156250005596, 209.0000000000000568 ) ) ;
#269 = EDGE_CURVE ( 'NONE', #5524, #2485, #9293, .T. ) ;
#270 = EDGE_CURVE ( 'NONE', #4211, #6910, #6861, .T. ) ;
#271 = ORIENTED_EDGE ( 'NONE', *, *, #7891, .F. ) ;
#272 = PRESENTATION_STYLE_ASSIGNMENT (( #4772 ) ) ;
#273 = CIRCLE ( 'NONE', #6669, 10.00000000000000000 ) ;
#274 = FACE_BOUND ( 'NONE', #8441, .T. ) ;
#275 = ORIENTED_EDGE ( 'NONE', *, *, #4609, .T. ) ;
#276 = CARTESIAN_POINT ( 'NONE',  ( -11.87499999999999822, -3.750000000000000444, 194.2500000000000000 ) ) ;
#277 = PRESENTATION_STYLE_ASSIGNMENT (( #9303 ) ) ;
#278 = CARTESIAN_POINT ( 'NONE',  ( -15.62499999999995737, -2.168404344971003062E-13, 195.2500000000000000 ) ) ;
#279 = CARTESIAN_POINT ( 'NONE',  ( 17.99999999999962697, 3.558398437499993960, 207.0527343750000568 ) ) ;
#280 = FILL_AREA_STYLE_COLOUR ( '', #9 ) ;
#281 = CARTESIAN_POINT ( 'NONE',  ( 17.99999999999963052, 2.789566512352566807, 207.7079736411794499 ) ) ;
#282 = MECHANICAL_DESIGN_GEOMETRIC_PRESENTATION_REPRESENTATION (  '', ( #5399 ), #8286 ) ;
#283 = ORIENTED_EDGE ( 'NONE', *, *, #2082, .T. ) ;
#284 = DIRECTION ( 'NONE',  ( -1.000000000000000000, 0.000000000000000000, 0.000000000000000000 ) ) ;
#285 = EDGE_CURVE ( 'NONE', #8418, #9882, #7807, .T. ) ;
#286 = PLANE ( 'NONE',  #1964 ) ;
#287 = EDGE_CURVE ( 'NONE', #8459, #4793, #5432, .T. ) ;
#288 = CARTESIAN_POINT ( 'NONE',  ( 17.99999999999961986, 3.724309287214113251, 208.5193991912246645 ) ) ;
#289 = ORIENTED_EDGE ( 'NONE', *, *, #8630, .T. ) ;
#290 = VECTOR ( 'NONE', #9623, 1000.000000000000000 ) ;
#291 = CARTESIAN_POINT ( 'NONE',  ( 17.99999999999962697, 3.815234374999993960, 208.5312500000000568 ) ) ;
#292 = CARTESIAN_POINT ( 'NONE',  ( 17.49999999999962341, 3.658374506384189484, 208.9239218687914104 ) ) ;
#293 = CARTESIAN_POINT ( 'NONE',  ( 17.99999999999962697, 3.104376725502064005, 207.1952277442898662 ) ) ;
#294 = ORIENTED_EDGE ( 'NONE', *, *, #4132, .T. ) ;
#295 =( LENGTH_UNIT ( ) NAMED_UNIT ( * ) SI_UNIT ( .MILLI., .METRE. ) );
#296 = LINE ( 'NONE', #4142, #5030 ) ;
#297 = AXIS2_PLACEMENT_3D ( 'NONE', #7786, #303, #156 ) ;
#298 =( LENGTH_UNIT ( ) NAMED_UNIT ( * ) SI_UNIT ( .MILLI., .METRE. ) );
#299 = VECTOR ( 'NONE', #6647, 999.9999999999998863 ) ;
#300 = CARTESIAN_POINT ( 'NONE',  ( 17.99999999999962697, 3.546250987536005539, 207.0995341549765385 ) ) ;
#301 = PRESENTATION_STYLE_ASSIGNMENT (( #7168 ) ) ;
#302 = UNCERTAINTY_MEASURE_WITH_UNIT (LENGTH_MEASURE( 1.000000000000000082E-05 ), #1903, 'distance_accuracy_value', 'NONE');
#303 = DIRECTION ( 'NONE',  ( -0.000000000000000000, 0.000000000000000000, 1.000000000000000000 ) ) ;
#304 = LINE ( 'NONE', #7838, #2998 ) ;
#305 = VERTEX_POINT ( 'NONE', #7702 ) ;
#306 = CARTESIAN_POINT ( 'NONE',  ( 17.99999999999962341, 2.430926271590049925, 207.5017323999452685 ) ) ;
#307 = FACE_OUTER_BOUND ( 'NONE', #2535, .T. ) ;
#308 =( NAMED_UNIT ( * ) PLANE_ANGLE_UNIT ( ) SI_UNIT ( $, .RADIAN. ) );
#309 = MECHANICAL_DESIGN_GEOMETRIC_PRESENTATION_REPRESENTATION (  '', ( #3359 ), #6213 ) ;
#310 = EDGE_CURVE ( 'NONE', #4302, #4195, #5534, .T. ) ;
#311 =( NAMED_UNIT ( * ) PLANE_ANGLE_UNIT ( ) SI_UNIT ( $, .RADIAN. ) );
#312 = CARTESIAN_POINT ( 'NONE',  ( 17.99999999999962697, 2.781770899723154500, 206.8632951292069038 ) ) ;
#313 = CARTESIAN_POINT ( 'NONE',  ( 12.67790497561742669, -4.006373581523466676, 108.7971088786315050 ) ) ;
#314 = ADVANCED_FACE ( 'NONE', ( #274, #3341, #1017, #1665 ), #3286, .F. ) ;
#315 = CARTESIAN_POINT ( 'NONE',  ( 17.99999999999962341, 3.904599718111223083, 208.5195170073223778 ) ) ;
#316 = EDGE_CURVE ( 'NONE', #1638, #4320, #1618, .T. ) ;
#317 = ORIENTED_EDGE ( 'NONE', *, *, #7704, .T. ) ;
#318 = LINE ( 'NONE', #4916, #459 ) ;
#319 = PRODUCT_CONTEXT ( 'NONE', #3745, 'mechanical' ) ;
#320 = ORIENTED_EDGE ( 'NONE', *, *, #4551, .F. ) ;
#321 = FILL_AREA_STYLE ('',( #7184 ) ) ;
#322 = ORIENTED_EDGE ( 'NONE', *, *, #6293, .F. ) ;
#323 =( NAMED_UNIT ( * ) SI_UNIT ( $, .STERADIAN. ) SOLID_ANGLE_UNIT ( ) );
#325 = MECHANICAL_DESIGN_GEOMETRIC_PRESENTATION_REPRESENTATION (  '', ( #7859 ), #4641 ) ;
#324 =( NAMED_UNIT ( * ) PLANE_ANGLE_UNIT ( ) SI_UNIT ( $, .RADIAN. ) );
#326 = FACE_OUTER_BOUND ( 'NONE', #8187, .T. ) ;
#327 = DIRECTION ( 'NONE',  ( -3.469446951953611033E-15, -0.000000000000000000, 1.000000000000000000 ) ) ;
#328 = DIRECTION ( 'NONE',  ( 1.000000000000000000, 5.276725402210824000E-16, -0.000000000000000000 ) ) ;
#329 =( NAMED_UNIT ( * ) PLANE_ANGLE_UNIT ( ) SI_UNIT ( $, .RADIAN. ) );
#330 = ORIENTED_EDGE ( 'NONE', *, *, #111, .F. ) ;
#331 = LINE ( 'NONE', #6537, #359 ) ;
#332 =( GEOMETRIC_REPRESENTATION_CONTEXT ( 3 ) GLOBAL_UNCERTAINTY_ASSIGNED_CONTEXT ( ( #3902 ) ) GLOBAL_UNIT_ASSIGNED_CONTEXT ( ( #223, #540, #4235 ) ) REPRESENTATION_CONTEXT ( 'NONE', 'WORKASPACE' ) );
#333 = CARTESIAN_POINT ( 'NONE',  ( 17.49999999999962697, 1.825791144418715817, 207.3088413300615116 ) ) ;
#334 = CARTESIAN_POINT ( 'NONE',  ( 17.49999999999963407, 2.554956602480243255, 206.5474951543561133 ) ) ;
#335 = DIRECTION ( 'NONE',  ( 5.015667156117605306E-16, -0.8756272187033924403, 0.4829875504252271190 ) ) ;
#336 = LINE ( 'NONE', #9517, #1601 ) ;
#337 = EDGE_LOOP ( 'NONE', ( #9453, #5722, #1828, #5595 ) ) ;
#338 = CARTESIAN_POINT ( 'NONE',  ( 17.99999999999962697, 2.272520622501249310, 208.0916503457088140 ) ) ;
#339 = CARTESIAN_POINT ( 'NONE',  ( -2.352494223912188935E-15, -7.574999999999995737, 212.0000000000000853 ) ) ;
#340 = DIRECTION ( 'NONE',  ( 1.040834085586083310E-14, -1.000000000000000000, 0.000000000000000000 ) ) ;
#341 = ORIENTED_EDGE ( 'NONE', *, *, #1735, .T. ) ;
#342 = MECHANICAL_DESIGN_GEOMETRIC_PRESENTATION_REPRESENTATION (  '', ( #3849 ), #8998 ) ;
#343 = CARTESIAN_POINT ( 'NONE',  ( 17.99999999999962697, 4.192085391526020999, 206.5369012286806196 ) ) ;
#344 = EDGE_CURVE ( 'NONE', #7087, #6947, #517, .T. ) ;
#345 = ADVANCED_FACE ( 'NONE', ( #3923 ), #6639, .T. ) ;
#346 = CARTESIAN_POINT ( 'NONE',  ( 17.49999999999963407, 2.330181822618500487, 207.6874714921877967 ) ) ;
#347 = EDGE_CURVE ( 'NONE', #3542, #5956, #174, .T. ) ;
#348 = PLANE ( 'NONE',  #2106 ) ;
#349 = CARTESIAN_POINT ( 'NONE',  ( 14.00000000000001243, -2.500000000000000000, 107.9999999999999858 ) ) ;
#350 = MECHANICAL_DESIGN_GEOMETRIC_PRESENTATION_REPRESENTATION (  '', ( #4171 ), #818 ) ;
#351 =( GEOMETRIC_REPRESENTATION_CONTEXT ( 3 ) GLOBAL_UNCERTAINTY_ASSIGNED_CONTEXT ( ( #5903 ) ) GLOBAL_UNIT_ASSIGNED_CONTEXT ( ( #1661, #915, #3085 ) ) REPRESENTATION_CONTEXT ( 'NONE', 'WORKASPACE' ) );
#352 = DIRECTION ( 'NONE',  ( -5.202211995325068098E-16, 0.9081939209255429635, 0.4185496410151234858 ) ) ;
#353 = ADVANCED_FACE ( 'NONE', ( #7967 ), #1138, .T. ) ;
#354 = ORIENTED_EDGE ( 'NONE', *, *, #6499, .T. ) ;
#355 = CARTESIAN_POINT ( 'NONE',  ( 17.49999999999961986, 4.054160905795376024, 207.0048809923985687 ) ) ;
#356 = FILL_AREA_STYLE_COLOUR ( '', #9895 ) ;
#357 = ORIENTED_EDGE ( 'NONE', *, *, #3967, .T. ) ;
#358 = DIRECTION ( 'NONE',  ( 0.000000000000000000, 0.4185496410151234858, -0.9081939209255429635 ) ) ;
#359 = VECTOR ( 'NONE', #3520, 1000.000000000000000 ) ;
#360 = AXIS2_PLACEMENT_3D ( 'NONE', #5940, #4542, #2306 ) ;
#361 = CARTESIAN_POINT ( 'NONE',  ( -4.662500000000028066, -4.662500000000012079, 191.7500000000000000 ) ) ;
#362 = UNCERTAINTY_MEASURE_WITH_UNIT (LENGTH_MEASURE( 1.000000000000000082E-05 ), #4818, 'distance_accuracy_value', 'NONE');
#363 = VECTOR ( 'NONE', #9744, 1000.000000000000000 ) ;
#364 = EDGE_CURVE ( 'NONE', #7429, #4482, #2799, .T. ) ;
#365 = SURFACE_STYLE_FILL_AREA ( #7218 ) ;
#366 = LINE ( 'NONE', #263, #2080 ) ;
#367 = CARTESIAN_POINT ( 'NONE',  ( 15.98677464638426393, -2.764073428448624359, 108.9715935523369694 ) ) ;
#368 = CARTESIAN_POINT ( 'NONE',  ( 17.99999999999963052, 3.167636413430485742, 208.4594571945850134 ) ) ;
#369 = VECTOR ( 'NONE', #9680, 1000.000000000000000 ) ;
#370 = ORIENTED_EDGE ( 'NONE', *, *, #2860, .T. ) ;
#371 = DIRECTION ( 'NONE',  ( -1.000000000000000000, -5.728085021779797867E-16, 8.583663793918551117E-34 ) ) ;
#372 = CARTESIAN_POINT ( 'NONE',  ( 16.49999999999962697, 0.000000000000000000, 216.2500000000000853 ) ) ;
#373 = ORIENTED_EDGE ( 'NONE', *, *, #9461, .T. ) ;
#374 =( LENGTH_UNIT ( ) NAMED_UNIT ( * ) SI_UNIT ( .MILLI., .METRE. ) );
#375 = EDGE_LOOP ( 'NONE', ( #7247, #7620, #3495, #5210, #6536, #8321, #8406, #6455 ) ) ;
#376 =( NAMED_UNIT ( * ) PLANE_ANGLE_UNIT ( ) SI_UNIT ( $, .RADIAN. ) );
#377 =( GEOMETRIC_REPRESENTATION_CONTEXT ( 3 ) GLOBAL_UNCERTAINTY_ASSIGNED_CONTEXT ( ( #5191 ) ) GLOBAL_UNIT_ASSIGNED_CONTEXT ( ( #8396, #9004, #1425 ) ) REPRESENTATION_CONTEXT ( 'NONE', 'WORKASPACE' ) );
#378 = DIRECTION ( 'NONE',  ( 0.000000000000000000, 0.000000000000000000, -1.000000000000000000 ) ) ;
#379 = CARTESIAN_POINT ( 'NONE',  ( 17.99999999999963407, 2.138357582477394825, 206.8127494487420392 ) ) ;
#380 = EDGE_LOOP ( 'NONE', ( #6786, #3007, #9790, #7844 ) ) ;
#381 = CARTESIAN_POINT ( 'NONE',  ( -14.62499999999999289, -0.8747316122293992136, 197.7500000000000000 ) ) ;
#382 = LINE ( 'NONE', #3431, #8634 ) ;
#383 = SURFACE_STYLE_FILL_AREA ( #1930 ) ;
#384 = DIRECTION ( 'NONE',  ( 0.9576138124097628435, -0.2880551792314094972, 0.000000000000000000 ) ) ;
#385 = ORIENTED_EDGE ( 'NONE', *, *, #3366, .T. ) ;
#386 = CARTESIAN_POINT ( 'NONE',  ( 17.49999999999962697, 3.245383072782976441, 206.7450255022803844 ) ) ;
#387 =( NAMED_UNIT ( * ) SI_UNIT ( $, .STERADIAN. ) SOLID_ANGLE_UNIT ( ) );
#388 = EDGE_LOOP ( 'NONE', ( #6208, #9905, #4660, #5671 ) ) ;
#389 = VECTOR ( 'NONE', #1438, 1000.000000000000000 ) ;
#390 = FILL_AREA_STYLE_COLOUR ( '', #7420 ) ;
#391 = SURFACE_STYLE_FILL_AREA ( #2751 ) ;
#392 = DIRECTION ( 'NONE',  ( 1.000000000000000000, 1.105886215935155989E-14, 0.000000000000000000 ) ) ;
#393 = CARTESIAN_POINT ( 'NONE',  ( 17.99999999999963052, 2.145932811444292820, 207.7496754084053521 ) ) ;
#394 = COLOUR_RGB ( '',1.000000000000000000, 0.7490196078431372584, 0.000000000000000000 ) ;
#395 = FILL_AREA_STYLE ('',( #6596 ) ) ;
#396 = FILL_AREA_STYLE ('',( #3362 ) ) ;
#397 = LINE ( 'NONE', #4194, #7166 ) ;
#398 = ORIENTED_EDGE ( 'NONE', *, *, #5592, .T. ) ;
#399 = CARTESIAN_POINT ( 'NONE',  ( 17.99999999999962697, 3.477793800870985219, 206.5135492865707079 ) ) ;
#400 = ORIENTED_EDGE ( 'NONE', *, *, #3408, .F. ) ;
#401 = ORIENTED_EDGE ( 'NONE', *, *, #161, .F. ) ;
#402 = DIRECTION ( 'NONE',  ( -0.000000000000000000, -1.000000000000000000, -0.000000000000000000 ) ) ;
#403 =( GEOMETRIC_REPRESENTATION_CONTEXT ( 3 ) GLOBAL_UNCERTAINTY_ASSIGNED_CONTEXT ( ( #2097 ) ) GLOBAL_UNIT_ASSIGNED_CONTEXT ( ( #1167, #226, #323 ) ) REPRESENTATION_CONTEXT ( 'NONE', 'WORKASPACE' ) );
#404 = DIRECTION ( 'NONE',  ( 0.7071067811865463515, -0.7071067811865487940, 0.000000000000000000 ) ) ;
#405 = DIRECTION ( 'NONE',  ( 1.029992063861167523E-14, -1.000000000000000000, 0.000000000000000000 ) ) ;
#406 = VECTOR ( 'NONE', #7470, 1000.000000000000000 ) ;
#407 = B_SPLINE_CURVE_WITH_KNOTS ( 'NONE', 3,
 ( #7488, #529, #5918, #2126, #624, #8964, #9862, #9008, #9104, #2889, #8151 ),
 .UNSPECIFIED., .F., .F.,
 ( 4, 1, 1, 1, 1, 1, 1, 1, 4 ),
 ( 0.000000000000000000, 0.09124621974965763105, 0.1921269642549829904, 0.3017480936101603617, 0.4215111499860738076, 0.5506518099146479051, 0.6902592524111506034, 0.8400192627638281007, 1.000000000000000000 ),
 .UNSPECIFIED. ) ;
#408 = CARTESIAN_POINT ( 'NONE',  ( -14.12499999999993783, -3.000000000000001332, 108.9498743710662012 ) ) ;
#409 = CARTESIAN_POINT ( 'NONE',  ( 17.49999999999962697, 1.881824776754609685, 207.9459345917915414 ) ) ;
#410 = FACE_OUTER_BOUND ( 'NONE', #2015, .T. ) ;
#411 = FILL_AREA_STYLE ('',( #5718 ) ) ;
#412 = B_SPLINE_CURVE_WITH_KNOTS ( 'NONE', 3,
 ( #90, #797, #7674, #4501, #6042, #9177, #9081, #1548, #6195, #4601, #5253, #2359, #5452, #3694 ),
 .UNSPECIFIED., .F., .F.,
 ( 4, 2, 2, 2, 2, 2, 4 ),
 ( 0.002738761842056316748, 0.003425899392435753643, 0.003769468167625472307, 0.004113036942815190972, 0.004456605718004910503, 0.004800174493194630035, 0.005487312043574076037 ),
 .UNSPECIFIED. ) ;
#413 = MECHANICAL_DESIGN_GEOMETRIC_PRESENTATION_REPRESENTATION (  '', ( #6485 ), #6337 ) ;
#414 = STYLED_ITEM ( 'NONE', ( #3603 ), #4624 ) ;
#415 = ORIENTED_EDGE ( 'NONE', *, *, #5887, .F. ) ;
#416 = SURFACE_STYLE_USAGE ( .BOTH. , #9756 ) ;
#417 =( LENGTH_UNIT ( ) NAMED_UNIT ( * ) SI_UNIT ( .MILLI., .METRE. ) );
#418 = VERTEX_POINT ( 'NONE', #8112 ) ;
#419 = SURFACE_STYLE_USAGE ( .BOTH. , #4919 ) ;
#420 = PRESENTATION_LAYER_ASSIGNMENT (  '', '', ( #3154 ) ) ;
#421 = ORIENTED_EDGE ( 'NONE', *, *, #2981, .T. ) ;
#422 = ADVANCED_FACE ( 'NONE', ( #8826 ), #1939, .F. ) ;
#423 = FACE_OUTER_BOUND ( 'NONE', #8917, .T. ) ;
#424 = PRESENTATION_STYLE_ASSIGNMENT (( #3516 ) ) ;
#425 = CARTESIAN_POINT ( 'NONE',  ( 17.49999999999963052, 2.288413867939223412, 206.8667519221855855 ) ) ;
#426 = LINE ( 'NONE', #9763, #3533 ) ;
#427 = CARTESIAN_POINT ( 'NONE',  ( 17.99999999999963407, 2.199023437499994404, 208.0937500000000853 ) ) ;
#428 = ORIENTED_EDGE ( 'NONE', *, *, #6930, .T. ) ;
#429 = VECTOR ( 'NONE', #9143, 1000.000000000000000 ) ;
#430 = DIRECTION ( 'NONE',  ( 0.000000000000000000, 0.4829875504252271190, 0.8756272187033924403 ) ) ;
#431 = CARTESIAN_POINT ( 'NONE',  ( -15.62500000000000355, 1.874463224458913002, 195.2500000000000000 ) ) ;
#432 = LINE ( 'NONE', #3476, #8322 ) ;
#433 = ORIENTED_EDGE ( 'NONE', *, *, #3146, .T. ) ;
#434 = CARTESIAN_POINT ( 'NONE',  ( -11.87499999999999822, 0.000000000000000000, 0.000000000000000000 ) ) ;
#435 = DIRECTION ( 'NONE',  ( 1.000000000000000000, 5.276725402210824000E-16, -0.000000000000000000 ) ) ;
#436 = SURFACE_STYLE_USAGE ( .BOTH. , #3575 ) ;
#437 = VECTOR ( 'NONE', #5559, 1000.000000000000000 ) ;
#438 = DIRECTION ( 'NONE',  ( -1.000000000000000000, 0.000000000000000000, 0.000000000000000000 ) ) ;
#439 = SURFACE_SIDE_STYLE ('',( #8060 ) ) ;
#440 = SURFACE_SIDE_STYLE ('',( #5647 ) ) ;
#441 = EDGE_CURVE ( 'NONE', #9001, #5690, #731, .T. ) ;
#442 = ADVANCED_FACE ( 'NONE', ( #3776 ), #7608, .T. ) ;
#443 = CARTESIAN_POINT ( 'NONE',  ( 17.99999999999963762, 1.997460364257304333, 207.6975866112307187 ) ) ;
#444 = PRESENTATION_LAYER_ASSIGNMENT (  '', '', ( #3628 ) ) ;
#445 = SURFACE_STYLE_FILL_AREA ( #396 ) ;
#446 = CARTESIAN_POINT ( 'NONE',  ( 17.99999999999963052, 2.662890624999994404, 206.6591796875000568 ) ) ;
#447 = ORIENTED_EDGE ( 'NONE', *, *, #269, .F. ) ;
#448 = CARTESIAN_POINT ( 'NONE',  ( 17.49999999999962341, 3.658374506384196589, 206.4510781312086181 ) ) ;
#449 = ORIENTED_EDGE ( 'NONE', *, *, #5041, .F. ) ;
#450 = FACE_OUTER_BOUND ( 'NONE', #4465, .T. ) ;
#451 = CARTESIAN_POINT ( 'NONE',  ( 17.99999999999962697, 3.551797789043128262, 208.3076669345818459 ) ) ;
#452 = ORIENTED_EDGE ( 'NONE', *, *, #8335, .T. ) ;
#453 = CIRCLE ( 'NONE', #5413, 2.000000000000000000 ) ;
#454 = CARTESIAN_POINT ( 'NONE',  ( -11.87499999999999822, -3.750000000000000444, 197.0000000000000000 ) ) ;
#455 = LINE ( 'NONE', #8130, #2831 ) ;
#456 = PRESENTATION_STYLE_ASSIGNMENT (( #8893 ) ) ;
#457 = AXIS2_PLACEMENT_3D ( 'NONE', #8700, #4118, #7182 ) ;
#458 = MECHANICAL_DESIGN_GEOMETRIC_PRESENTATION_REPRESENTATION (  '', ( #3022 ), #6204 ) ;
#459 = VECTOR ( 'NONE', #7993, 1000.000000000000000 ) ;
#460 = CARTESIAN_POINT ( 'NONE',  ( 17.99999999999963407, 2.854770383611750617, 207.1978637864689858 ) ) ;
#461 = SURFACE_SIDE_STYLE ('',( #8228 ) ) ;
#462 = CARTESIAN_POINT ( 'NONE',  ( 17.49999999999963407, 1.388969836369708055, 207.9378378781081267 ) ) ;
#463 = ADVANCED_FACE ( 'NONE', ( #6029 ), #6631, .T. ) ;
#464 = ADVANCED_FACE ( 'NONE', ( #873 ), #5585, .T. ) ;
#465 = AXIS2_PLACEMENT_3D ( 'NONE', #9342, #2757, #6262 ) ;
#466 = ADVANCED_FACE ( 'NONE', ( #2547 ), #7357, .T. ) ;
#467 = VERTEX_POINT ( 'NONE', #6382 ) ;
#468 = CARTESIAN_POINT ( 'NONE',  ( 17.99999999999963052, 2.123065867154080077, 207.7490348114083076 ) ) ;
#469 = B_SPLINE_CURVE_WITH_KNOTS ( 'NONE', 3,
 ( #4368, #4418, #7379, #9656, #3560, #1262, #6677, #5220, #9759, #2021, #2225 ),
 .UNSPECIFIED., .F., .F.,
 ( 4, 1, 1, 1, 1, 1, 1, 1, 4 ),
 ( 0.000000000000000000, 0.1369929120007324086, 0.2669110252389327309, 0.3908951174740073475, 0.5109078560786849410, 0.6299976319681426240, 0.7498179753150736593, 0.8723268738248091125, 1.000000000000000000 ),
 .UNSPECIFIED. ) ;
#470 = ORIENTED_EDGE ( 'NONE', *, *, #2038, .T. ) ;
#471 = CARTESIAN_POINT ( 'NONE',  ( 17.99999999999962697, 4.542622140925188567, 207.8226406076092587 ) ) ;
#472 = VERTEX_POINT ( 'NONE', #5770 ) ;
#473 = VECTOR ( 'NONE', #8354, 1000.000000000000000 ) ;
#474 = CARTESIAN_POINT ( 'NONE',  ( 17.99999999999962697, 7.825000000000001954, 212.0000000000000853 ) ) ;
#475 = FILL_AREA_STYLE ('',( #4970 ) ) ;
#476 = CARTESIAN_POINT ( 'NONE',  ( 17.49999999999963407, 2.196110038505939333, 206.8207433899612511 ) ) ;
#477 = CARTESIAN_POINT ( 'NONE',  ( 17.49999999999963052, 4.152285547016833611, 206.5136834020897538 ) ) ;
#478 = CARTESIAN_POINT ( 'NONE',  ( -16.62500000000006395, 0.000000000000000000, 198.7500000000000000 ) ) ;
#479 = ORIENTED_EDGE ( 'NONE', *, *, #7687, .F. ) ;
#480 = CARTESIAN_POINT ( 'NONE',  ( 17.49999999999963762, 2.362439653655270089, 206.9532688236553213 ) ) ;
#481 = B_SPLINE_SURFACE_WITH_KNOTS ( 'NONE', 3, 1, ( 
 ( #2420, #3023 ),
 ( #7738, #805 ),
 ( #5463, #2215 ),
 ( #4513, #6053 ),
 ( #6933, #4703 ),
 ( #5367, #7635 ),
 ( #2366, #5416 ),
 ( #3855, #5263 ),
 ( #9090, #56 ),
 ( #752, #8493 ),
 ( #6883, #8544 ),
 ( #902, #1460 ),
 ( #7583, #704 ),
 ( #8440, #6826 ),
 ( #6109, #9187 ),
 ( #6, #9899 ),
 ( #8386, #3805 ),
 ( #1506, #3905 ),
 ( #3176, #6207 ) ),
 .UNSPECIFIED., .F., .F., .F.,
 ( 4, 1, 1, 1, 1, 1, 1, 1, 1, 1, 1, 1, 1, 1, 1, 1, 4 ),
 ( 2, 2 ),
 ( 0.000000000000000000, 0.05467217484717798448, 0.1073502123890818505, 0.1586833168903032110, 0.2104481451307871065, 0.2629397646628381935, 0.3171056146062987136, 0.3737625311397523853, 0.4341849227711149228, 0.4968543904591583016, 0.5606675482846413816, 0.6270408329746153253, 0.6952333322558255091, 0.7660558807706716600, 0.8402795333726900129, 0.9184428455124614699, 1.000000000000000000 ),
 ( 0.000000000000000000, 1.000000000000000000 ),
 .UNSPECIFIED. ) ;
#482 = CARTESIAN_POINT ( 'NONE',  ( -15.87499999999993783, -3.000000000000001776, 108.0000000000000000 ) ) ;
#483 = CARTESIAN_POINT ( 'NONE',  ( -14.50000000000000533, 6.174999999999999822, 191.0000000000000000 ) ) ;
#484 = VECTOR ( 'NONE', #3388, 1000.000000000000000 ) ;
#485 = SURFACE_SIDE_STYLE ('',( #8106 ) ) ;
#486 = ORIENTED_EDGE ( 'NONE', *, *, #8705, .T. ) ;
#487 = CARTESIAN_POINT ( 'NONE',  ( 17.49999999999964118, 2.723394896973847068, 207.8346606627726487 ) ) ;
#488 = CARTESIAN_POINT ( 'NONE',  ( 17.49999999999965894, 1.503507168521541759, 206.8667836154666588 ) ) ;
#489 = PRESENTATION_STYLE_ASSIGNMENT (( #436 ) ) ;
#490 = EDGE_CURVE ( 'NONE', #2865, #6469, #5071, .T. ) ;
#491 = CARTESIAN_POINT ( 'NONE',  ( 17.49999999999963762, 2.469820289247955714, 208.8765070768798751 ) ) ;
#492 =( LENGTH_UNIT ( ) NAMED_UNIT ( * ) SI_UNIT ( .MILLI., .METRE. ) );
#493 = DIRECTION ( 'NONE',  ( 1.000000000000000000, 1.105886215935213576E-14, 0.000000000000000000 ) ) ;
#494 = CARTESIAN_POINT ( 'NONE',  ( -16.62500000000006395, 4.925000000000026468, 195.2500000000000000 ) ) ;
#495 = CARTESIAN_POINT ( 'NONE',  ( -12.62499999999999822, 5.425000000000027356, 198.7500000000000000 ) ) ;
#496 =( LENGTH_UNIT ( ) NAMED_UNIT ( * ) SI_UNIT ( .MILLI., .METRE. ) );
#497 = SURFACE_STYLE_USAGE ( .BOTH. , #8066 ) ;
#498 = ORIENTED_EDGE ( 'NONE', *, *, #592, .T. ) ;
#499 = UNCERTAINTY_MEASURE_WITH_UNIT (LENGTH_MEASURE( 1.000000000000000082E-05 ), #5977, 'distance_accuracy_value', 'NONE');
#500 = AXIS2_PLACEMENT_3D ( 'NONE', #5476, #9153, #2289 ) ;
#501 = PRESENTATION_LAYER_ASSIGNMENT (  '', '', ( #7216 ) ) ;
#502 = CARTESIAN_POINT ( 'NONE',  ( 17.49999999999962341, 3.365061470390744436, 206.5937861142807321 ) ) ;
#503 = VERTEX_POINT ( 'NONE', #3380 ) ;
#504 = PLANE ( 'NONE',  #2493 ) ;
#505 = CARTESIAN_POINT ( 'NONE',  ( -16.99999999999999645, -10.99999999999999822, 0.7639320225002188547 ) ) ;
#506 = LINE ( 'NONE', #7569, #5227 ) ;
#507 = ORIENTED_EDGE ( 'NONE', *, *, #3567, .F. ) ;
#508 = EDGE_CURVE ( 'NONE', #8446, #2624, #2783, .T. ) ;
#509 = CARTESIAN_POINT ( 'NONE',  ( 16.49999999999962697, 0.000000000000000000, 212.0000000000000853 ) ) ;
#510 = CARTESIAN_POINT ( 'NONE',  ( 17.99999999999963052, 2.095105600562027881, 206.8136367773276731 ) ) ;
#511 = AXIS2_PLACEMENT_3D ( 'NONE', #7910, #78, #7711 ) ;
#512 = FILL_AREA_STYLE ('',( #8271 ) ) ;
#513 = CARTESIAN_POINT ( 'NONE',  ( 17.49999999999962697, 4.079236032238122256, 207.0983184595431794 ) ) ;
#514 = SURFACE_STYLE_USAGE ( .BOTH. , #6612 ) ;
#515 =( GEOMETRIC_REPRESENTATION_CONTEXT ( 3 ) GLOBAL_UNCERTAINTY_ASSIGNED_CONTEXT ( ( #2519 ) ) GLOBAL_UNIT_ASSIGNED_CONTEXT ( ( #1829, #6385, #7106 ) ) REPRESENTATION_CONTEXT ( 'NONE', 'WORKASPACE' ) );
#516 = EDGE_CURVE ( 'NONE', #6524, #5707, #1974, .T. ) ;
#517 = B_SPLINE_CURVE_WITH_KNOTS ( 'NONE', 3,
 ( #9400, #1724, #6376, #3140, #6945, #72, #4720, #6172, #9255, #7754, #866 ),
 .UNSPECIFIED., .F., .F.,
 ( 4, 1, 1, 1, 1, 1, 1, 1, 4 ),
 ( 0.000000000000000000, 0.1313104146730182109, 0.2544209850690203889, 0.3699595253673939599, 0.4849814732654102456, 0.6007372595223918754, 0.7241196308462301001, 0.8559110376596682501, 1.000000000000000000 ),
 .UNSPECIFIED. ) ;
#518 = VECTOR ( 'NONE', #1753, 1000.000000000000000 ) ;
#519 = VERTEX_POINT ( 'NONE', #4272 ) ;
#520 = VECTOR ( 'NONE', #8155, 1000.000000000000000 ) ;
#521 = CARTESIAN_POINT ( 'NONE',  ( 17.49999999999963762, 2.123065867154079633, 207.7490348114083076 ) ) ;
#522 = ORIENTED_EDGE ( 'NONE', *, *, #2674, .T. ) ;
#523 =( NAMED_UNIT ( * ) SI_UNIT ( $, .STERADIAN. ) SOLID_ANGLE_UNIT ( ) );
#524 = ORIENTED_EDGE ( 'NONE', *, *, #6711, .T. ) ;
#525 = CARTESIAN_POINT ( 'NONE',  ( 17.49999999999962341, 2.157519531249993960, 208.9375000000000568 ) ) ;
#526 = SURFACE_STYLE_USAGE ( .BOTH. , #7331 ) ;
#527 = CARTESIAN_POINT ( 'NONE',  ( 17.49999999999963052, 0.1687499999999939326, 208.5937500000000568 ) ) ;
#528 = CARTESIAN_POINT ( 'NONE',  ( 17.99999999999963052, 3.833475967286429587, 206.4377229022514939 ) ) ;
#529 = CARTESIAN_POINT ( 'NONE',  ( 17.99999999999963407, 1.487579912239743507, 206.9136381209456772 ) ) ;
#530 = ORIENTED_EDGE ( 'NONE', *, *, #922, .T. ) ;
#531 = LINE ( 'NONE', #9562, #8196 ) ;
#532 = CARTESIAN_POINT ( 'NONE',  ( 17.99999999999962697, 3.245383072782976441, 208.6299744977196724 ) ) ;
#533 =( NAMED_UNIT ( * ) PLANE_ANGLE_UNIT ( ) SI_UNIT ( $, .RADIAN. ) );
#534 = EDGE_LOOP ( 'NONE', ( #3933, #3843, #8511, #2635 ) ) ;
#535 = B_SPLINE_CURVE_WITH_KNOTS ( 'NONE', 3,
 ( #7119, #991, #798, #6246, #6146, #1596, #2465, #5507, #3313, #7726, #9227 ),
 .UNSPECIFIED., .F., .F.,
 ( 4, 1, 1, 1, 1, 1, 1, 1, 4 ),
 ( 0.000000000000000000, 0.1430511810501047254, 0.2738933780560572351, 0.3963871045147792094, 0.5132402418846570002, 0.6274337597381003384, 0.7433886801844452608, 0.8669336182356663922, 1.000000000000000000 ),
 .UNSPECIFIED. ) ;
#536 = CARTESIAN_POINT ( 'NONE',  ( 17.99999999999962697, 1.736149428447919529, 206.5258278877145415 ) ) ;
#537 = DIRECTION ( 'NONE',  ( -1.000000000000000000, -1.040834085586083310E-14, 0.000000000000000000 ) ) ;
#538 = PRESENTATION_STYLE_ASSIGNMENT (( #7397 ) ) ;
#539 = CARTESIAN_POINT ( 'NONE',  ( 17.49999999999963052, 2.291598555621146449, 208.9288258270470067 ) ) ;
#540 =( NAMED_UNIT ( * ) PLANE_ANGLE_UNIT ( ) SI_UNIT ( $, .RADIAN. ) );
#541 = MECHANICAL_DESIGN_GEOMETRIC_PRESENTATION_REPRESENTATION (  '', ( #8556 ), #2623 ) ;
#542 = FILL_AREA_STYLE ('',( #1339 ) ) ;
#543 =( NAMED_UNIT ( * ) SI_UNIT ( $, .STERADIAN. ) SOLID_ANGLE_UNIT ( ) );
#544 = ORIENTED_EDGE ( 'NONE', *, *, #4008, .T. ) ;
#545 = ORIENTED_EDGE ( 'NONE', *, *, #1955, .F. ) ;
#546 = FILL_AREA_STYLE_COLOUR ( '', #7274 ) ;
#547 = FILL_AREA_STYLE_COLOUR ( '', #5651 ) ;
#548 = CARTESIAN_POINT ( 'NONE',  ( 17.99999999999962697, 4.429492187499993072, 208.5366210937500284 ) ) ;
#549 = VERTEX_POINT ( 'NONE', #1266 ) ;
#550 = EDGE_CURVE ( 'NONE', #6579, #8459, #2593, .T. ) ;
#551 = CARTESIAN_POINT ( 'NONE',  ( 17.99999999999963407, 2.352106520094841891, 207.6639567031895695 ) ) ;
#552 = DIRECTION ( 'NONE',  ( 1.000000000000000000, 0.000000000000000000, 0.000000000000000000 ) ) ;
#553 = UNCERTAINTY_MEASURE_WITH_UNIT (LENGTH_MEASURE( 1.000000000000000082E-05 ), #1120, 'distance_accuracy_value', 'NONE');
#554 = CARTESIAN_POINT ( 'NONE',  ( -11.87499999999999822, -3.000000000000000888, 191.7500000000000000 ) ) ;
#555 = CARTESIAN_POINT ( 'NONE',  ( 17.49999999999963762, 1.604092220868156504, 208.6358156248131479 ) ) ;
#556 = PRESENTATION_STYLE_ASSIGNMENT (( #6613 ) ) ;
#557 = CARTESIAN_POINT ( 'NONE',  ( 15.74632988124247035, 3.509733723173400488, 108.8884135722118742 ) ) ;
#558 = B_SPLINE_SURFACE_WITH_KNOTS ( 'NONE', 3, 1, ( 
 ( #4954, #6557 ),
 ( #9691, #5656 ),
 ( #8945, #3410 ),
 ( #3450, #2053 ),
 ( #8175, #4103 ),
 ( #306, #8029 ),
 ( #1151, #4399 ),
 ( #2261, #2915 ),
 ( #1406, #6097 ),
 ( #5254, #4550 ),
 ( #551, #8269 ),
 ( #7570, #5947 ),
 ( #2961, #9179 ),
 ( #5151, #6658 ),
 ( #4452, #4351 ),
 ( #648, #8222 ),
 ( #8990, #9891 ),
 ( #3594, #3014 ),
 ( #6713, #6045 ) ),
 .UNSPECIFIED., .F., .F., .F.,
 ( 4, 1, 1, 1, 1, 1, 1, 1, 1, 1, 1, 1, 1, 1, 1, 1, 4 ),
 ( 2, 2 ),
 ( 0.000000000000000000, 0.08462961205201141590, 0.1653326407488330541, 0.2405673126550000873, 0.3125360737221975493, 0.3804302334193093160, 0.4451490031162539385, 0.5073517898351669331, 0.5668499291798032580, 0.6241610328603367508, 0.6786729269398031894, 0.7317959623183226681, 0.7836622608167483905, 0.8353862832626414159, 0.8886676195692653213, 0.9429343411461863500, 1.000000000000000000 ),
 ( 0.000000000000000000, 1.000000000000000000 ),
 .UNSPECIFIED. ) ;
#559 = STYLED_ITEM ( 'NONE', ( #2817 ), #5230 ) ;
#560 = VECTOR ( 'NONE', #7294, 1000.000000000000000 ) ;
#561 = EDGE_LOOP ( 'NONE', ( #6298, #2975, #3354, #1465 ) ) ;
#562 = CARTESIAN_POINT ( 'NONE',  ( 17.99999999999963407, 1.943530949116606843, 207.6465218963489008 ) ) ;
#563 = ORIENTED_EDGE ( 'NONE', *, *, #9509, .F. ) ;
#564 = ORIENTED_EDGE ( 'NONE', *, *, #4047, .F. ) ;
#565 = PRESENTATION_STYLE_ASSIGNMENT (( #4469 ) ) ;
#566 = FILL_AREA_STYLE ('',( #4521 ) ) ;
#567 = VECTOR ( 'NONE', #4961, 1000.000000000000000 ) ;
#568 = FILL_AREA_STYLE ('',( #7283 ) ) ;
#569 = CARTESIAN_POINT ( 'NONE',  ( 17.49999999999962341, 2.180486858278851248, 208.9370368750878129 ) ) ;
#570 = DIRECTION ( 'NONE',  ( 5.728085021779798853E-16, -1.000000000000000000, 0.000000000000000000 ) ) ;
#571 = EDGE_CURVE ( 'NONE', #191, #5482, #5632, .T. ) ;
#572 = CARTESIAN_POINT ( 'NONE',  ( 15.49999999999963052, -7.825000000000000178, 204.0000000000000568 ) ) ;
#573 = ORIENTED_EDGE ( 'NONE', *, *, #8504, .F. ) ;
#574 = CARTESIAN_POINT ( 'NONE',  ( 17.99999999999961986, 4.537206093894587511, 207.4232299853033794 ) ) ;
#575 = CARTESIAN_POINT ( 'NONE',  ( -13.62499999999995381, 0.8747316122294004348, 197.7500000000000000 ) ) ;
#576 =( GEOMETRIC_REPRESENTATION_CONTEXT ( 3 ) GLOBAL_UNCERTAINTY_ASSIGNED_CONTEXT ( ( #6089 ) ) GLOBAL_UNIT_ASSIGNED_CONTEXT ( ( #3365, #3919, #7595 ) ) REPRESENTATION_CONTEXT ( 'NONE', 'WORKASPACE' ) );
#577 = CARTESIAN_POINT ( 'NONE',  ( 2.514276695296471242, 2.514276695296464137, 216.2500000000000853 ) ) ;
#578 = AXIS2_PLACEMENT_3D ( 'NONE', #4805, #2611, #4149 ) ;
#579 = FILL_AREA_STYLE ('',( #3571 ) ) ;
#580 = LINE ( 'NONE', #9770, #2896 ) ;
#581 = ORIENTED_EDGE ( 'NONE', *, *, #5485, .T. ) ;
#582 = CARTESIAN_POINT ( 'NONE',  ( 17.49999999999963052, 3.437884293341139763, 206.5368955216971187 ) ) ;
#583 = DIRECTION ( 'NONE',  ( 1.000000000000000000, 1.040834085586083310E-14, 0.000000000000000000 ) ) ;
#584 = LINE ( 'NONE', #1988, #8885 ) ;
#585 = CARTESIAN_POINT ( 'NONE',  ( 17.49999999999963052, 2.413567136149273207, 208.8984376069369091 ) ) ;
#586 = CARTESIAN_POINT ( 'NONE',  ( 17.49999999999962697, 3.768358649097962143, 208.5293934651857057 ) ) ;
#587 = AXIS2_PLACEMENT_3D ( 'NONE', #4048, #3116, #248 ) ;
#588 = FILL_AREA_STYLE_COLOUR ( '', #734 ) ;
#589 = ADVANCED_FACE ( 'NONE', ( #1826 ), #6479, .F. ) ;
#590 = EDGE_CURVE ( 'NONE', #4599, #7952, #426, .T. ) ;
#591 = PLANE ( 'NONE',  #8849 ) ;
#592 = EDGE_CURVE ( 'NONE', #8612, #3324, #7594, .T. ) ;
#593 = ORIENTED_EDGE ( 'NONE', *, *, #9545, .T. ) ;
#594 = CARTESIAN_POINT ( 'NONE',  ( -15.70111724929716956, 3.536071749651167107, 108.8816668527719997 ) ) ;
#595 = CARTESIAN_POINT ( 'NONE',  ( 17.99999999999963052, -1.281933593750006262, 207.7758789062500568 ) ) ;
#596 = DIRECTION ( 'NONE',  ( 0.000000000000000000, 1.334402673828312107E-16, 1.000000000000000000 ) ) ;
#597 = VECTOR ( 'NONE', #3901, 1000.000000000000000 ) ;
#598 = ORIENTED_EDGE ( 'NONE', *, *, #7764, .F. ) ;
#599 = UNCERTAINTY_MEASURE_WITH_UNIT (LENGTH_MEASURE( 1.000000000000000082E-05 ), #7920, 'distance_accuracy_value', 'NONE');
#600 = CARTESIAN_POINT ( 'NONE',  ( 17.49999999999963052, 3.331546187456892572, 206.6266302452151535 ) ) ;
#601 = VERTEX_POINT ( 'NONE', #6736 ) ;
#602 = CARTESIAN_POINT ( 'NONE',  ( -12.62499999999999822, 6.174999999999999822, 191.0000000000000000 ) ) ;
#603 = ORIENTED_EDGE ( 'NONE', *, *, #9242, .T. ) ;
#604 = CARTESIAN_POINT ( 'NONE',  ( 17.99999999999963052, -0.5900390625000059286, 206.5000000000000568 ) ) ;
#605 = DIRECTION ( 'NONE',  ( 0.000000000000000000, 1.000000000000000000, 0.000000000000000000 ) ) ;
#606 = COLOUR_RGB ( '',1.000000000000000000, 0.7490196078431372584, 0.000000000000000000 ) ;
#607 = FILL_AREA_STYLE_COLOUR ( '', #9648 ) ;
#608 = DIRECTION ( 'NONE',  ( 0.000000000000000000, -1.000000000000000000, 0.000000000000000000 ) ) ;
#609 = COLOUR_RGB ( '',1.000000000000000000, 1.000000000000000000, 1.000000000000000000 ) ;
#610 = CARTESIAN_POINT ( 'NONE',  ( 15.89763227329270912, 3.145212613652627276, 108.9349631500085849 ) ) ;
#611 = ORIENTED_EDGE ( 'NONE', *, *, #1775, .T. ) ;
#612 = CARTESIAN_POINT ( 'NONE',  ( 17.99999999999963407, 1.962215147401465298, 206.4228493253898762 ) ) ;
#613 = COLOUR_RGB ( '',1.000000000000000000, 1.000000000000000000, 1.000000000000000000 ) ;
#614 = ORIENTED_EDGE ( 'NONE', *, *, #8949, .T. ) ;
#615 = EDGE_CURVE ( 'NONE', #6598, #2624, #668, .T. ) ;
#616 = CARTESIAN_POINT ( 'NONE',  ( 17.49999999999963762, 1.896826739058594669, 207.5797820698750229 ) ) ;
#617 = ORIENTED_EDGE ( 'NONE', *, *, #1169, .T. ) ;
#618 = FILL_AREA_STYLE ('',( #7483 ) ) ;
#619 = SURFACE_SIDE_STYLE ('',( #6012 ) ) ;
#620 = CARTESIAN_POINT ( 'NONE',  ( 17.49999999999962697, 3.437884293341147757, 208.8381044783030234 ) ) ;
#621 = CARTESIAN_POINT ( 'NONE',  ( 17.99999999999963052, 2.413567136149273651, 208.8984376069369091 ) ) ;
#622 = ADVANCED_FACE ( 'NONE', ( #7434 ), #9102, .T. ) ;
#623 = LINE ( 'NONE', #8348, #657 ) ;
#624 = CARTESIAN_POINT ( 'NONE',  ( 17.99999999999963052, 1.428630191173396513, 207.1666037178139845 ) ) ;
#625 = ORIENTED_EDGE ( 'NONE', *, *, #8006, .T. ) ;
#626 = CARTESIAN_POINT ( 'NONE',  ( 17.49999999999963052, 4.516635796539212322, 207.1922203956259807 ) ) ;
#627 =( NAMED_UNIT ( * ) PLANE_ANGLE_UNIT ( ) SI_UNIT ( $, .RADIAN. ) );
#628 = FILL_AREA_STYLE ('',( #2079 ) ) ;
#629 = CARTESIAN_POINT ( 'NONE',  ( -13.62499999999989519, -8.981530796869846030E-13, 197.7500000000000000 ) ) ;
#630 =( NAMED_UNIT ( * ) PLANE_ANGLE_UNIT ( ) SI_UNIT ( $, .RADIAN. ) );
#631 = ORIENTED_EDGE ( 'NONE', *, *, #1392, .F. ) ;
#632 = CARTESIAN_POINT ( 'NONE',  ( -17.00000000000000000, 12.00000000000000178, 0.000000000000000000 ) ) ;
#633 = SURFACE_STYLE_FILL_AREA ( #9926 ) ;
#634 = DIRECTION ( 'NONE',  ( 1.040834085586083310E-14, -1.000000000000000000, 0.000000000000000000 ) ) ;
#635 = CARTESIAN_POINT ( 'NONE',  ( 17.49999999999963762, 4.264455957073579384, 208.7810474046625870 ) ) ;
#636 = SURFACE_STYLE_FILL_AREA ( #6752 ) ;
#637 = ORIENTED_EDGE ( 'NONE', *, *, #140, .F. ) ;
#638 = CARTESIAN_POINT ( 'NONE',  ( 17.99999999999963052, 1.861010290892737506, 207.5006292129513383 ) ) ;
#639 = CARTESIAN_POINT ( 'NONE',  ( 17.99999999999962341, 3.830911764317240120, 206.8444020068946259 ) ) ;
#640 =( NAMED_UNIT ( * ) SI_UNIT ( $, .STERADIAN. ) SOLID_ANGLE_UNIT ( ) );
#641 = ORIENTED_EDGE ( 'NONE', *, *, #6324, .F. ) ;
#642 = CARTESIAN_POINT ( 'NONE',  ( -16.82887165473936975, 11.57713757335413263, 1.448696625609108724 ) ) ;
#643 = ORIENTED_EDGE ( 'NONE', *, *, #1155, .T. ) ;
#644 = EDGE_CURVE ( 'NONE', #2655, #5096, #2836, .T. ) ;
#645 = CARTESIAN_POINT ( 'NONE',  ( -16.44781780303366503, -11.90162903740314171, 2.212489886100708958 ) ) ;
#646 = EDGE_CURVE ( 'NONE', #6667, #7170, #4129, .T. ) ;
#647 = AXIS2_PLACEMENT_3D ( 'NONE', #1656, #3862, #6266 ) ;
#648 = CARTESIAN_POINT ( 'NONE',  ( 17.99999999999963407, 2.221920829209961923, 207.7438649339206904 ) ) ;
#649 = DIRECTION ( 'NONE',  ( -0.000000000000000000, -0.000000000000000000, -1.000000000000000000 ) ) ;
#650 = CARTESIAN_POINT ( 'NONE',  ( 17.99999999999962697, 3.081857313226081807, 207.4253087485936646 ) ) ;
#651 = EDGE_CURVE ( 'NONE', #9416, #6598, #623, .T. ) ;
#652 = COLOUR_RGB ( '',1.000000000000000000, 0.7490196078431372584, 0.000000000000000000 ) ;
#653 = CARTESIAN_POINT ( 'NONE',  ( 17.49999999999963762, 1.497843459692578483, 208.4450356463760556 ) ) ;
#654 =( NAMED_UNIT ( * ) PLANE_ANGLE_UNIT ( ) SI_UNIT ( $, .RADIAN. ) );
#655 = CARTESIAN_POINT ( 'NONE',  ( 12.00000000000000000, 2.500000000000001332, 108.9874921777190906 ) ) ;
#656 = LINE ( 'NONE', #3806, #2357 ) ;
#657 = VECTOR ( 'NONE', #3666, 1000.000000000000000 ) ;
#658 = ADVANCED_FACE ( 'NONE', ( #2174 ), #717, .F. ) ;
#659 = ORIENTED_EDGE ( 'NONE', *, *, #7891, .T. ) ;
#660 = PLANE ( 'NONE',  #465 ) ;
#661 =( GEOMETRIC_REPRESENTATION_CONTEXT ( 3 ) GLOBAL_UNCERTAINTY_ASSIGNED_CONTEXT ( ( #4405 ) ) GLOBAL_UNIT_ASSIGNED_CONTEXT ( ( #8977, #3580, #5885 ) ) REPRESENTATION_CONTEXT ( 'NONE', 'WORKASPACE' ) );
#662 = PRESENTATION_LAYER_ASSIGNMENT (  '', '', ( #6751 ) ) ;
#663 = VERTEX_POINT ( 'NONE', #764 ) ;
#664 = CARTESIAN_POINT ( 'NONE',  ( 17.49999999999962341, 4.438867392842171355, 208.5120207746678318 ) ) ;
#665 = SURFACE_SIDE_STYLE ('',( #2170 ) ) ;
#666 =( NAMED_UNIT ( * ) SI_UNIT ( $, .STERADIAN. ) SOLID_ANGLE_UNIT ( ) );
#667 = CARTESIAN_POINT ( 'NONE',  ( 17.99999999999963407, 2.572055671609229321, 208.8161579034378690 ) ) ;
#668 = LINE ( 'NONE', #6841, #8352 ) ;
#669 = STYLED_ITEM ( 'NONE', ( #3328 ), #2134 ) ;
#670 = EDGE_LOOP ( 'NONE', ( #9207, #209, #3499, #2299 ) ) ;
#671 =( GEOMETRIC_REPRESENTATION_CONTEXT ( 3 ) GLOBAL_UNCERTAINTY_ASSIGNED_CONTEXT ( ( #5410 ) ) GLOBAL_UNIT_ASSIGNED_CONTEXT ( ( #2130, #5779, #2894 ) ) REPRESENTATION_CONTEXT ( 'NONE', 'WORKASPACE' ) );
#672 = CARTESIAN_POINT ( 'NONE',  ( 17.49999999999963052, -1.958203125000006484, 206.5000000000000568 ) ) ;
#673 = CARTESIAN_POINT ( 'NONE',  ( 17.99999999999962341, 3.477793800870990992, 208.8614507134293206 ) ) ;
#674 = DIRECTION ( 'NONE',  ( 0.000000000000000000, 0.000000000000000000, -1.000000000000000000 ) ) ;
#675 = CARTESIAN_POINT ( 'NONE',  ( 17.99999999999962697, 2.065533351969251363, 208.0669368592127171 ) ) ;
#676 = ORIENTED_EDGE ( 'NONE', *, *, #846, .T. ) ;
#677 = PLANE ( 'NONE',  #6315 ) ;
#678 = AXIS2_PLACEMENT_3D ( 'NONE', #3260, #3361, #8583 ) ;
#679 = FILL_AREA_STYLE_COLOUR ( '', #8147 ) ;
#680 =( LENGTH_UNIT ( ) NAMED_UNIT ( * ) SI_UNIT ( .MILLI., .METRE. ) );
#681 = CARTESIAN_POINT ( 'NONE',  ( 17.49999999999963052, 4.383716884397238722, 208.6301235550890851 ) ) ;
#682 = CARTESIAN_POINT ( 'NONE',  ( 17.49999999999961986, 3.724309287214113251, 208.5193991912246645 ) ) ;
#683 = CARTESIAN_POINT ( 'NONE',  ( -15.23009243454408512, 2.148039299441652616, 108.9990011861189032 ) ) ;
#684 = FACE_OUTER_BOUND ( 'NONE', #1447, .T. ) ;
#685 = ORIENTED_EDGE ( 'NONE', *, *, #2753, .F. ) ;
#686 = CARTESIAN_POINT ( 'NONE',  ( 17.49999999999962341, 2.357665749420738699, 206.4405409632642545 ) ) ;
#687 = CARTESIAN_POINT ( 'NONE',  ( 16.00000000000000355, -11.99999999999999822, 109.0000000000000000 ) ) ;
#688 = CARTESIAN_POINT ( 'NONE',  ( 17.99999999999962697, 4.429492187499993072, 208.5366210937500284 ) ) ;
#689 = VERTEX_POINT ( 'NONE', #1612 ) ;
#690 = UNCERTAINTY_MEASURE_WITH_UNIT (LENGTH_MEASURE( 1.000000000000000082E-05 ), #680, 'distance_accuracy_value', 'NONE');
#691 = CARTESIAN_POINT ( 'NONE',  ( 17.49999999999963052, 1.911961116668973837, 206.4349810995303187 ) ) ;
#692 = ORIENTED_EDGE ( 'NONE', *, *, #3721, .F. ) ;
#693 = COLOUR_RGB ( '',1.000000000000000000, 1.000000000000000000, 1.000000000000000000 ) ;
#694 = CARTESIAN_POINT ( 'NONE',  ( -13.62499999999974420, -8.981530796869747075E-13, 197.7500000000000000 ) ) ;
#695 =( LENGTH_UNIT ( ) NAMED_UNIT ( * ) SI_UNIT ( .MILLI., .METRE. ) );
#696 = CARTESIAN_POINT ( 'NONE',  ( 17.99999999999962697, 1.852117481729199655, 207.9162604520089701 ) ) ;
#697 =( LENGTH_UNIT ( ) NAMED_UNIT ( * ) SI_UNIT ( .MILLI., .METRE. ) );
#698 = FILL_AREA_STYLE ('',( #9182 ) ) ;
#699 = STYLED_ITEM ( 'NONE', ( #1231 ), #3514 ) ;
#700 = FILL_AREA_STYLE ('',( #607 ) ) ;
#701 = FILL_AREA_STYLE_COLOUR ( '', #7473 ) ;
#702 = CARTESIAN_POINT ( 'NONE',  ( -13.62499999999996270, -3.624194836688179322, 197.7500000000000000 ) ) ;
#703 = DIRECTION ( 'NONE',  ( 1.040834085586083783E-14, -1.000000000000000000, 0.000000000000000000 ) ) ;
#704 = CARTESIAN_POINT ( 'NONE',  ( 17.49999999999964473, 1.859761127776416112, 208.3074808773083078 ) ) ;
#705 = B_SPLINE_CURVE_WITH_KNOTS ( 'NONE', 3,
 ( #7067, #6243, #8721, #9322, #989, #7162, #5504, #1135, #7116, #8576, #6347 ),
 .UNSPECIFIED., .F., .F.,
 ( 4, 1, 1, 1, 1, 1, 1, 1, 4 ),
 ( 0.000000000000000000, 0.1583718244717491341, 0.3072677883493722395, 0.4457262350509756388, 0.5744507951449857597, 0.6943926662144329631, 0.8045658108228986860, 0.9067312668332866421, 1.000000000000000000 ),
 .UNSPECIFIED. ) ;
#706 = CARTESIAN_POINT ( 'NONE',  ( 17.49999999999962341, 4.500839600450766476, 208.2845539964293948 ) ) ;
#707 = VECTOR ( 'NONE', #7432, 1000.000000000000000 ) ;
#708 = EDGE_CURVE ( 'NONE', #8674, #2377, #1765, .T. ) ;
#709 = ORIENTED_EDGE ( 'NONE', *, *, #8603, .T. ) ;
#710 = CARTESIAN_POINT ( 'NONE',  ( 17.49999999999962697, 2.430304046768827053, 208.3664236302476525 ) ) ;
#711 = COLOUR_RGB ( '',1.000000000000000000, 0.7490196078431372584, 0.000000000000000000 ) ;
#712 = EDGE_LOOP ( 'NONE', ( #8072, #9908, #6054, #8128 ) ) ;
#713 = CARTESIAN_POINT ( 'NONE',  ( 17.99999999999963052, 1.428630191173396513, 207.1666037178139845 ) ) ;
#714 = DIRECTION ( 'NONE',  ( 0.7071067811865460184, 0.7071067811865490160, 0.000000000000000000 ) ) ;
#715 =( NAMED_UNIT ( * ) PLANE_ANGLE_UNIT ( ) SI_UNIT ( $, .RADIAN. ) );
#716 = FILL_AREA_STYLE ('',( #8291 ) ) ;
#717 = PLANE ( 'NONE',  #186 ) ;
#718 = AXIS2_PLACEMENT_3D ( 'NONE', #7604, #1385, #2033 ) ;
#719 = ORIENTED_EDGE ( 'NONE', *, *, #2739, .T. ) ;
#720 = EDGE_CURVE ( 'NONE', #2407, #1449, #3521, .T. ) ;
#721 = CARTESIAN_POINT ( 'NONE',  ( 17.99999999999962697, 3.546250987536005539, 207.0995341549765385 ) ) ;
#722 = CARTESIAN_POINT ( 'NONE',  ( 17.49999999999962697, 2.662890624999993960, 206.6591796875000568 ) ) ;
#723 = CARTESIAN_POINT ( 'NONE',  ( -14.12499999999998046, 0.9999999999999983347, 109.0000000000000000 ) ) ;
#724 = VECTOR ( 'NONE', #4236, 1000.000000000000000 ) ;
#725 = VERTEX_POINT ( 'NONE', #3968 ) ;
#727 = PRESENTATION_STYLE_ASSIGNMENT (( #7447 ) ) ;
#726 = AXIS2_PLACEMENT_3D ( 'NONE', #3964, #8343, #7691 ) ;
#728 = FACE_OUTER_BOUND ( 'NONE', #7032, .T. ) ;
#729 = DIRECTION ( 'NONE',  ( -1.000000000000000000, -0.000000000000000000, -0.000000000000000000 ) ) ;
#730 = SURFACE_STYLE_USAGE ( .BOTH. , #3046 ) ;
#731 = LINE ( 'NONE', #5183, #7701 ) ;
#732 = CARTESIAN_POINT ( 'NONE',  ( -15.70083576596593566, -2.463498578926502258, 108.9895884171961882 ) ) ;
#733 = ORIENTED_EDGE ( 'NONE', *, *, #8310, .T. ) ;
#734 = COLOUR_RGB ( '',0.03921568627450980338, 0.3019607843137254721, 0.9725490196078431238 ) ;
#735 = ORIENTED_EDGE ( 'NONE', *, *, #8310, .F. ) ;
#736 = CARTESIAN_POINT ( 'NONE',  ( 17.49999999999963052, 2.427724542662933249, 206.4677593061833534 ) ) ;
#737 = CARTESIAN_POINT ( 'NONE',  ( 17.99999999999963052, 2.413567136149273651, 208.8984376069369091 ) ) ;
#738 = CARTESIAN_POINT ( 'NONE',  ( 17.99999999999962341, 4.500839600450766476, 208.2845539964293948 ) ) ;
#739 = SURFACE_STYLE_FILL_AREA ( #4344 ) ;
#740 = ORIENTED_EDGE ( 'NONE', *, *, #490, .F. ) ;
#741 = CARTESIAN_POINT ( 'NONE',  ( 17.99999999999963052, 3.972093481131357517, 208.9239202844645433 ) ) ;
#742 = ORIENTED_EDGE ( 'NONE', *, *, #9478, .T. ) ;
#743 = PRESENTATION_LAYER_ASSIGNMENT (  '', '', ( #5050 ) ) ;
#744 = CARTESIAN_POINT ( 'NONE',  ( 17.99999999999963052, 1.965827975257609772, 208.4843701316019065 ) ) ;
#745 = SURFACE_STYLE_USAGE ( .BOTH. , #8483 ) ;
#746 = SURFACE_STYLE_USAGE ( .BOTH. , #9136 ) ;
#747 = MECHANICAL_DESIGN_GEOMETRIC_PRESENTATION_REPRESENTATION (  '', ( #7303 ), #6346 ) ;
#748 =( GEOMETRIC_REPRESENTATION_CONTEXT ( 3 ) GLOBAL_UNCERTAINTY_ASSIGNED_CONTEXT ( ( #8331 ) ) GLOBAL_UNIT_ASSIGNED_CONTEXT ( ( #6519, #2723, #3875 ) ) REPRESENTATION_CONTEXT ( 'NONE', 'WORKASPACE' ) );
#749 = CARTESIAN_POINT ( 'NONE',  ( 17.49999999999963407, 2.365566229095189765, 208.4797445024243245 ) ) ;
#750 = PRESENTATION_STYLE_ASSIGNMENT (( #8436 ) ) ;
#751 = CARTESIAN_POINT ( 'NONE',  ( 17.99999999999962697, 4.106249999999993960, 207.6875000000000568 ) ) ;
#752 = CARTESIAN_POINT ( 'NONE',  ( 17.99999999999962341, 1.916027502967635687, 208.4237215019021221 ) ) ;
#753 = FILL_AREA_STYLE_COLOUR ( '', #8763 ) ;
#754 = EDGE_LOOP ( 'NONE', ( #3153, #8800, #4345, #3024, #3348, #631, #936, #5810, #2202, #9634, #2890, #239, #479, #322, #8372, #9771, #7642, #3364, #3587, #9802 ) ) ;
#755 = CARTESIAN_POINT ( 'NONE',  ( 17.99999999999963052, 2.158496093749993960, 208.5625000000000284 ) ) ;
#756 = MECHANICAL_DESIGN_GEOMETRIC_PRESENTATION_REPRESENTATION (  '', ( #1083 ), #6360 ) ;
#757 = ORIENTED_EDGE ( 'NONE', *, *, #316, .F. ) ;
#758 = CARTESIAN_POINT ( 'NONE',  ( 17.99999999999963052, 1.387499999999993738, 207.8222656250000568 ) ) ;
#759 = PLANE ( 'NONE',  #6644 ) ;
#760 = ADVANCED_FACE ( 'NONE', ( #6119 ), #112, .T. ) ;
#761 = ADVANCED_FACE ( 'NONE', ( #19 ), #5528, .T. ) ;
#762 = FACE_OUTER_BOUND ( 'NONE', #4639, .T. ) ;
#763 = EDGE_CURVE ( 'NONE', #9142, #6059, #4796, .T. ) ;
#764 = CARTESIAN_POINT ( 'NONE',  ( -11.87499999999999822, -3.750000000000000444, 197.0000000000000000 ) ) ;
#765 = CARTESIAN_POINT ( 'NONE',  ( 17.99999999999962341, 1.844155327750650386, 207.0840744450274542 ) ) ;
#766 = PRESENTATION_LAYER_ASSIGNMENT (  '', '', ( #6685 ) ) ;
#767 = ORIENTED_EDGE ( 'NONE', *, *, #3288, .T. ) ;
#768 = CARTESIAN_POINT ( 'NONE',  ( 17.99999999999962341, 3.512387453977297458, 207.7990092547674408 ) ) ;
#769 = CARTESIAN_POINT ( 'NONE',  ( -16.62500000000014566, 3.324194836688366905, 195.2500000000000000 ) ) ;
#770 = EDGE_CURVE ( 'NONE', #4482, #4423, #9324, .T. ) ;
#771 = FACE_OUTER_BOUND ( 'NONE', #3143, .T. ) ;
#772 = CARTESIAN_POINT ( 'NONE',  ( -12.62499999999999822, -5.425000000000027356, 198.7500000000000000 ) ) ;
#773 = CARTESIAN_POINT ( 'NONE',  ( 17.49999999999963052, 2.759110087031258818, 207.7741847239990420 ) ) ;
#774 = VECTOR ( 'NONE', #2669, 1000.000000000000000 ) ;
#775 = ORIENTED_EDGE ( 'NONE', *, *, #6966, .T. ) ;
#776 = VECTOR ( 'NONE', #8298, 1000.000000000000000 ) ;
#777 = CARTESIAN_POINT ( 'NONE',  ( 17.49999999999963052, -1.958203125000002043, 206.5000000000000568 ) ) ;
#778 = LINE ( 'NONE', #8358, #5091 ) ;
#779 = CARTESIAN_POINT ( 'NONE',  ( 17.99999999999963052, 4.543749999999994849, 207.6875000000000853 ) ) ;
#780 = CARTESIAN_POINT ( 'NONE',  ( 17.99999999999963052, 4.110701701078405712, 208.8821866629663191 ) ) ;
#781 = B_SPLINE_CURVE_WITH_KNOTS ( 'NONE', 3,
 ( #6580, #2028, #2075, #3384, #4174, #9716, #7388, #8004, #8100, #480, #2636, #8764, #8153, #7239, #9663, #4929, #9614, #1270, #1222 ),
 .UNSPECIFIED., .F., .F.,
 ( 4, 1, 1, 1, 1, 1, 1, 1, 1, 1, 1, 1, 1, 1, 1, 1, 4 ),
 ( 0.000000000000000000, 0.05389011679489538048, 0.1050881549891395927, 0.1556783718858233134, 0.2070619855349410121, 0.2582961604886557239, 0.3118121042148545574, 0.3679749472930728960, 0.4280853407817259981, 0.4905934977161042765, 0.5546888326450120088, 0.6211654728463675834, 0.6899871334689658964, 0.7620076493388510119, 0.8375962396701800428, 0.9170724110501728976, 1.000000000000000000 ),
 .UNSPECIFIED. ) ;
#782 = CARTESIAN_POINT ( 'NONE',  ( 17.99999999999962697, 3.768358649097962587, 208.5293934651857057 ) ) ;
#783 = CARTESIAN_POINT ( 'NONE',  ( 17.99999999999962697, 3.684839142175080795, 206.8716461796566080 ) ) ;
#784 = ORIENTED_EDGE ( 'NONE', *, *, #5543, .F. ) ;
#785 = SURFACE_STYLE_FILL_AREA ( #6956 ) ;
#786 =( GEOMETRIC_REPRESENTATION_CONTEXT ( 3 ) GLOBAL_UNCERTAINTY_ASSIGNED_CONTEXT ( ( #4152 ) ) GLOBAL_UNIT_ASSIGNED_CONTEXT ( ( #3537, #3271, #908 ) ) REPRESENTATION_CONTEXT ( 'NONE', 'WORKASPACE' ) );
#787 = ORIENTED_EDGE ( 'NONE', *, *, #3329, .F. ) ;
#788 = PRESENTATION_STYLE_ASSIGNMENT (( #7715 ) ) ;
#789 = FILL_AREA_STYLE ('',( #7668 ) ) ;
#790 = ORIENTED_EDGE ( 'NONE', *, *, #5563, .F. ) ;
#791 = UNCERTAINTY_MEASURE_WITH_UNIT (LENGTH_MEASURE( 1.000000000000000082E-05 ), #6151, 'distance_accuracy_value', 'NONE');
#792 = LINE ( 'NONE', #3841, #8408 ) ;
#793 = CARTESIAN_POINT ( 'NONE',  ( 17.99999999999963052, 4.357650307906684617, 208.6728790846572110 ) ) ;
#794 = VERTEX_POINT ( 'NONE', #9274 ) ;
#795 = VECTOR ( 'NONE', #4083, 1000.000000000000000 ) ;
#796 = CARTESIAN_POINT ( 'NONE',  ( 17.99999999999963407, 1.876080608614070888, 208.3487941586467684 ) ) ;
#797 = CARTESIAN_POINT ( 'NONE',  ( -15.87500000000018119, -3.228308078727613051, 108.9269285458011893 ) ) ;
#798 = CARTESIAN_POINT ( 'NONE',  ( 17.99999999999962341, 3.573363343582728557, 207.0048656691967608 ) ) ;
#799 =( NAMED_UNIT ( * ) SI_UNIT ( $, .STERADIAN. ) SOLID_ANGLE_UNIT ( ) );
#800 = CARTESIAN_POINT ( 'NONE',  ( 17.99999999999962697, 3.815234374999993960, 206.4375000000000568 ) ) ;
#801 = CARTESIAN_POINT ( 'NONE',  ( 16.12499999999963407, 0.6250000000000001110, 216.2500000000000853 ) ) ;
#802 = FACE_OUTER_BOUND ( 'NONE', #7280, .T. ) ;
#803 = UNCERTAINTY_MEASURE_WITH_UNIT (LENGTH_MEASURE( 1.000000000000000082E-05 ), #3400, 'distance_accuracy_value', 'NONE');
#804 = CARTESIAN_POINT ( 'NONE',  ( -10.33750000000002700, 10.33749999999999325, 191.0000000000000000 ) ) ;
#805 = CARTESIAN_POINT ( 'NONE',  ( 17.49999999999964473, 2.146249996698605500, 208.5622331251991284 ) ) ;
#806 = EDGE_LOOP ( 'NONE', ( #8605, #2118, #4686, #9166, #185, #9670 ) ) ;
#807 = LINE ( 'NONE', #1461, #6502 ) ;
#808 = STYLED_ITEM ( 'NONE', ( #6857 ), #442 ) ;
#809 = VERTEX_POINT ( 'NONE', #6397 ) ;
#810 = FACE_OUTER_BOUND ( 'NONE', #6979, .T. ) ;
#811 = ORIENTED_EDGE ( 'NONE', *, *, #4630, .T. ) ;
#812 = VECTOR ( 'NONE', #2413, 1000.000000000000000 ) ;
#814 =( GEOMETRIC_REPRESENTATION_CONTEXT ( 3 ) GLOBAL_UNCERTAINTY_ASSIGNED_CONTEXT ( ( #6822 ) ) GLOBAL_UNIT_ASSIGNED_CONTEXT ( ( #3244, #8616, #181 ) ) REPRESENTATION_CONTEXT ( 'NONE', 'WORKASPACE' ) );
#813 = CARTESIAN_POINT ( 'NONE',  ( 17.99999999999963052, 2.813281249999993960, 208.3437500000000568 ) ) ;
#815 = EDGE_CURVE ( 'NONE', #191, #6850, #2464, .T. ) ;
#816 = CARTESIAN_POINT ( 'NONE',  ( 17.49999999999961986, 2.756207452643796518, 208.5898956089895364 ) ) ;
#817 = SURFACE_SIDE_STYLE ('',( #6942 ) ) ;
#818 =( GEOMETRIC_REPRESENTATION_CONTEXT ( 3 ) GLOBAL_UNCERTAINTY_ASSIGNED_CONTEXT ( ( #1503 ) ) GLOBAL_UNIT_ASSIGNED_CONTEXT ( ( #1991, #1233, #3487 ) ) REPRESENTATION_CONTEXT ( 'NONE', 'WORKASPACE' ) );
#819 = VECTOR ( 'NONE', #2917, 1000.000000000000000 ) ;
#820 = DIRECTION ( 'NONE',  ( -1.000000000000000000, 0.000000000000000000, 0.000000000000000000 ) ) ;
#821 = CARTESIAN_POINT ( 'NONE',  ( -16.62500000000006395, 0.000000000000000000, 191.7500000000000000 ) ) ;
#822 =( LENGTH_UNIT ( ) NAMED_UNIT ( * ) SI_UNIT ( .MILLI., .METRE. ) );
#823 = VERTEX_POINT ( 'NONE', #6349 ) ;
#824 = DIRECTION ( 'NONE',  ( -0.000000000000000000, -0.000000000000000000, 1.000000000000000000 ) ) ;
#825 = SURFACE_STYLE_FILL_AREA ( #1579 ) ;
#827 =( GEOMETRIC_REPRESENTATION_CONTEXT ( 3 ) GLOBAL_UNCERTAINTY_ASSIGNED_CONTEXT ( ( #7125 ) ) GLOBAL_UNIT_ASSIGNED_CONTEXT ( ( #6413, #308, #4909 ) ) REPRESENTATION_CONTEXT ( 'NONE', 'WORKASPACE' ) );
#826 = CARTESIAN_POINT ( 'NONE',  ( 16.95877631727046264, 11.31667585137848953, 102.6530056049846849 ) ) ;
#828 = CARTESIAN_POINT ( 'NONE',  ( 17.99999999999962697, 4.408435358735310672, 206.7901663930418010 ) ) ;
#829 = VECTOR ( 'NONE', #7390, 1000.000000000000000 ) ;
#830 = B_SPLINE_CURVE_WITH_KNOTS ( 'NONE', 3,
 ( #7157, #5685, #2551, #1079, #6435, #7864, #9363, #4683, #983, #1736, #9458, #2598, #234, #2454, #9514, #5637, #333, #7958, #4033 ),
 .UNSPECIFIED., .F., .F.,
 ( 4, 1, 1, 1, 1, 1, 1, 1, 1, 1, 1, 1, 1, 1, 1, 1, 4 ),
 ( 0.000000000000000000, 0.05238778022535008766, 0.1033897834753507994, 0.1546412386691223551, 0.2053818692673640978, 0.2574839855469217009, 0.3118193982334155345, 0.3691297375483189036, 0.4295426348734991406, 0.4924852742369817959, 0.5567293564649405946, 0.6228057824453987479, 0.6920270070984687605, 0.7638644630420158288, 0.8383574139512324219, 0.9174613645920162153, 1.000000000000000000 ),
 .UNSPECIFIED. ) ;
#831 = CARTESIAN_POINT ( 'NONE',  ( 17.49999999999961631, 3.573363343582728113, 207.0048656691967608 ) ) ;
#832 = ORIENTED_EDGE ( 'NONE', *, *, #7143, .T. ) ;
#833 =( LENGTH_UNIT ( ) NAMED_UNIT ( * ) SI_UNIT ( .MILLI., .METRE. ) );
#834 = DIRECTION ( 'NONE',  ( 5.728085021779798853E-16, -1.000000000000000000, 0.000000000000000000 ) ) ;
#835 = AXIS2_PLACEMENT_3D ( 'NONE', #7350, #9578, #2708 ) ;
#836 = CARTESIAN_POINT ( 'NONE',  ( 17.49999999999963052, 1.237597656249993960, 209.0000000000000568 ) ) ;
#837 = ORIENTED_EDGE ( 'NONE', *, *, #9798, .T. ) ;
#838 = CARTESIAN_POINT ( 'NONE',  ( 17.99999999999963052, 2.190229307193084285, 207.7487027328780584 ) ) ;
#839 = ORIENTED_EDGE ( 'NONE', *, *, #6276, .F. ) ;
#840 = CARTESIAN_POINT ( 'NONE',  ( 17.99999999999963052, -1.137402343750006040, 209.0000000000000568 ) ) ;
#841 = CARTESIAN_POINT ( 'NONE',  ( 17.99999999999963052, -2.487500000000005596, 206.5000000000000568 ) ) ;
#842 = DIRECTION ( 'NONE',  ( -0.9578262852211586464, -0.2873478855663213483, 0.000000000000000000 ) ) ;
#843 = CARTESIAN_POINT ( 'NONE',  ( 17.49999999999962697, 4.079236434714363035, 208.2766815675666692 ) ) ;
#844 = LINE ( 'NONE', #3900, #7226 ) ;
#845 = CARTESIAN_POINT ( 'NONE',  ( 17.99999999999962697, 4.528590222734415249, 207.3031966069625298 ) ) ;
#846 = EDGE_CURVE ( 'NONE', #4347, #1384, #6300, .T. ) ;
#847 = SURFACE_STYLE_FILL_AREA ( #9281 ) ;
#848 = LINE ( 'NONE', #4511, #5845 ) ;
#849 = ORIENTED_EDGE ( 'NONE', *, *, #36, .F. ) ;
#850 = PRESENTATION_STYLE_ASSIGNMENT (( #1707 ) ) ;
#851 = CIRCLE ( 'NONE', #5005, 0.8750000000000007772 ) ;
#852 = FILL_AREA_STYLE ('',( #7035 ) ) ;
#853 =( LENGTH_UNIT ( ) NAMED_UNIT ( * ) SI_UNIT ( .MILLI., .METRE. ) );
#854 = ORIENTED_EDGE ( 'NONE', *, *, #1095, .T. ) ;
#855 =( NAMED_UNIT ( * ) PLANE_ANGLE_UNIT ( ) SI_UNIT ( $, .RADIAN. ) );
#856 = DIRECTION ( 'NONE',  ( -0.000000000000000000, -0.000000000000000000, 1.000000000000000000 ) ) ;
#857 = MECHANICAL_DESIGN_GEOMETRIC_PRESENTATION_REPRESENTATION (  '', ( #9523 ), #8892 ) ;
#858 = CARTESIAN_POINT ( 'NONE',  ( 17.99999999999963052, 4.092193905937065779, 207.2147600232352147 ) ) ;
#859 = CARTESIAN_POINT ( 'NONE',  ( 17.99999999999963407, 2.811422747149541657, 208.3661018583782436 ) ) ;
#860 = DIRECTION ( 'NONE',  ( 1.000000000000000000, 0.000000000000000000, 0.000000000000000000 ) ) ;
#861 = ADVANCED_FACE ( 'NONE', ( #5453 ), #3947, .T. ) ;
#862 =( GEOMETRIC_REPRESENTATION_CONTEXT ( 3 ) GLOBAL_UNCERTAINTY_ASSIGNED_CONTEXT ( ( #599 ) ) GLOBAL_UNIT_ASSIGNED_CONTEXT ( ( #7920, #9465, #9620 ) ) REPRESENTATION_CONTEXT ( 'NONE', 'WORKASPACE' ) );
#863 = B_SPLINE_CURVE_WITH_KNOTS ( 'NONE', 3,
 ( #189, #1633, #2304, #9312, #2501, #737, #3985, #8569, #3104, #1679, #4684, #2455, #4735, #6185, #5445, #5546, #2400, #9170, #4540 ),
 .UNSPECIFIED., .F., .F.,
 ( 4, 1, 1, 1, 1, 1, 1, 1, 1, 1, 1, 1, 1, 1, 1, 1, 4 ),
 ( 0.000000000000000000, 0.06977439093998297204, 0.1369485502030623747, 0.2015427567344003634, 0.2639747700983332557, 0.3245860531409137106, 0.3847498050942625980, 0.4446895585472929735, 0.5044699681115539791, 0.5642687851787119291, 0.6236654370962211313, 0.6826488898969217400, 0.7425866031602458284, 0.8036581578908771339, 0.8664261657430645247, 0.9318947678140718782, 1.000000000000000000 ),
 .UNSPECIFIED. ) ;
#864 = CARTESIAN_POINT ( 'NONE',  ( 17.49999999999963052, 3.815234374999993516, 208.9375000000000568 ) ) ;
#865 = CARTESIAN_POINT ( 'NONE',  ( 17.49999999999962341, 3.523795710318576191, 207.2919383525443209 ) ) ;
#866 = CARTESIAN_POINT ( 'NONE',  ( 17.49999999999962341, 4.069140624999993072, 207.0527343750000568 ) ) ;
#867 = DIRECTION ( 'NONE',  ( 5.276725402210824000E-16, -1.000000000000000000, 0.000000000000000000 ) ) ;
#868 = ORIENTED_EDGE ( 'NONE', *, *, #1825, .F. ) ;
#869 = CARTESIAN_POINT ( 'NONE',  ( -16.62500000000006395, 4.925000000000026468, 195.2500000000000000 ) ) ;
#870 = PRESENTATION_STYLE_ASSIGNMENT (( #2541 ) ) ;
#871 = COLOUR_RGB ( '',1.000000000000000000, 1.000000000000000000, 1.000000000000000000 ) ;
#872 = LINE ( 'NONE', #2448, #5566 ) ;
#873 = FACE_OUTER_BOUND ( 'NONE', #7337, .T. ) ;
#874 = SURFACE_STYLE_FILL_AREA ( #9262 ) ;
#875 = ORIENTED_EDGE ( 'NONE', *, *, #9478, .F. ) ;
#876 = DIRECTION ( 'NONE',  ( -0.000000000000000000, -0.000000000000000000, -1.000000000000000000 ) ) ;
#877 = LINE ( 'NONE', #1587, #9591 ) ;
#878 = PRESENTATION_LAYER_ASSIGNMENT (  '', '', ( #559 ) ) ;
#879 = VECTOR ( 'NONE', #6011, 1000.000000000000114 ) ;
#880 = CARTESIAN_POINT ( 'NONE',  ( 17.49999999999961986, 4.537206093894587511, 207.4232299853033794 ) ) ;
#881 = VERTEX_POINT ( 'NONE', #4044 ) ;
#882 = UNCERTAINTY_MEASURE_WITH_UNIT (LENGTH_MEASURE( 1.000000000000000082E-05 ), #2378, 'distance_accuracy_value', 'NONE');
#883 =( LENGTH_UNIT ( ) NAMED_UNIT ( * ) SI_UNIT ( .MILLI., .METRE. ) );
#884 = PRESENTATION_STYLE_ASSIGNMENT (( #6441 ) ) ;
#885 = CARTESIAN_POINT ( 'NONE',  ( 17.49999999999962341, 3.188552969108196411, 206.8633075736251214 ) ) ;
#886 = ORIENTED_EDGE ( 'NONE', *, *, #1194, .F. ) ;
#887 = CARTESIAN_POINT ( 'NONE',  ( 17.74999999999962697, 7.575000000000000178, 216.2500000000000853 ) ) ;
#888 = FILL_AREA_STYLE_COLOUR ( '', #7650 ) ;
#889 = ADVANCED_FACE ( 'NONE', ( #9470, #1841 ), #7118, .T. ) ;
#890 = DIRECTION ( 'NONE',  ( -0.000000000000000000, 0.000000000000000000, 1.000000000000000000 ) ) ;
#891 = EDGE_CURVE ( 'NONE', #8703, #9786, #4508, .T. ) ;
#892 = CARTESIAN_POINT ( 'NONE',  ( 17.49999999999963052, 1.401429110559547553, 207.4006766881980184 ) ) ;
#893 = AXIS2_PLACEMENT_3D ( 'NONE', #6825, #2214, #3125 ) ;
#894 = EDGE_CURVE ( 'NONE', #7429, #1583, #7628, .T. ) ;
#895 = SURFACE_STYLE_FILL_AREA ( #7779 ) ;
#896 = CARTESIAN_POINT ( 'NONE',  ( 17.49999999999962697, 4.101205930323846616, 208.0013259412326363 ) ) ;
#897 = SURFACE_SIDE_STYLE ('',( #3954 ) ) ;
#898 = SURFACE_STYLE_FILL_AREA ( #9477 ) ;
#899 = UNCERTAINTY_MEASURE_WITH_UNIT (LENGTH_MEASURE( 1.000000000000000082E-05 ), #295, 'distance_accuracy_value', 'NONE');
#900 =( GEOMETRIC_REPRESENTATION_CONTEXT ( 3 ) GLOBAL_UNCERTAINTY_ASSIGNED_CONTEXT ( ( #7618 ) ) GLOBAL_UNIT_ASSIGNED_CONTEXT ( ( #3692, #6763, #9838 ) ) REPRESENTATION_CONTEXT ( 'NONE', 'WORKASPACE' ) );
#901 = SURFACE_SIDE_STYLE ('',( #2609 ) ) ;
#902 = CARTESIAN_POINT ( 'NONE',  ( 17.99999999999963407, 1.876080608614070888, 208.3487941586467684 ) ) ;
#903 = ORIENTED_EDGE ( 'NONE', *, *, #1191, .T. ) ;
#904 = FILL_AREA_STYLE ('',( #8495 ) ) ;
#905 = COLOUR_RGB ( '',1.000000000000000000, 1.000000000000000000, 1.000000000000000000 ) ;
#906 = PRESENTATION_LAYER_ASSIGNMENT (  '', '', ( #3610 ) ) ;
#907 = SURFACE_SIDE_STYLE ('',( #2232 ) ) ;
#908 =( NAMED_UNIT ( * ) SI_UNIT ( $, .STERADIAN. ) SOLID_ANGLE_UNIT ( ) );
#909 = ORIENTED_EDGE ( 'NONE', *, *, #9779, .T. ) ;
#910 = CARTESIAN_POINT ( 'NONE',  ( 17.99999999999962697, 1.393796788895505845, 207.5324777293617160 ) ) ;
#911 =( GEOMETRIC_REPRESENTATION_CONTEXT ( 3 ) GLOBAL_UNCERTAINTY_ASSIGNED_CONTEXT ( ( #3107 ) ) GLOBAL_UNIT_ASSIGNED_CONTEXT ( ( #822, #920, #6946 ) ) REPRESENTATION_CONTEXT ( 'NONE', 'WORKASPACE' ) );
#912 = PLANE ( 'NONE',  #726 ) ;
#913 = CARTESIAN_POINT ( 'NONE',  ( 17.49999999999962697, 4.092193905937065779, 207.2147600232352147 ) ) ;
#914 = CARTESIAN_POINT ( 'NONE',  ( 17.99999999999963052, 2.729384278808311581, 208.6428243882470497 ) ) ;
#915 =( NAMED_UNIT ( * ) PLANE_ANGLE_UNIT ( ) SI_UNIT ( $, .RADIAN. ) );
#916 = VECTOR ( 'NONE', #4155, 1000.000000000000000 ) ;
#917 =( GEOMETRIC_REPRESENTATION_CONTEXT ( 3 ) GLOBAL_UNCERTAINTY_ASSIGNED_CONTEXT ( ( #2154 ) ) GLOBAL_UNIT_ASSIGNED_CONTEXT ( ( #4534, #5182, #2296 ) ) REPRESENTATION_CONTEXT ( 'NONE', 'WORKASPACE' ) );
#918 = FILL_AREA_STYLE ('',( #2439 ) ) ;
#919 = CARTESIAN_POINT ( 'NONE',  ( 17.99999999999963052, -1.793164062500006262, 207.7587890625000284 ) ) ;
#920 =( NAMED_UNIT ( * ) PLANE_ANGLE_UNIT ( ) SI_UNIT ( $, .RADIAN. ) );
#921 = ORIENTED_EDGE ( 'NONE', *, *, #2499, .F. ) ;
#922 = EDGE_CURVE ( 'NONE', #3185, #7326, #8329, .T. ) ;
#923 = CARTESIAN_POINT ( 'NONE',  ( 17.49999999999963052, 1.237597656249993738, 208.5937500000000568 ) ) ;
#924 = DIRECTION ( 'NONE',  ( -1.000000000000000000, -5.728085021779797867E-16, 8.583663793918551117E-34 ) ) ;
#925 = STYLED_ITEM ( 'NONE', ( #4278 ), #9013 ) ;
#926 = CARTESIAN_POINT ( 'NONE',  ( 17.99999999999962697, 3.796992763627563328, 206.4377228625936596 ) ) ;
#927 = SURFACE_STYLE_USAGE ( .BOTH. , #6230 ) ;
#928 = CARTESIAN_POINT ( 'NONE',  ( 17.99999999999962341, 3.619339431672319307, 206.9248522395523651 ) ) ;
#929 = VERTEX_POINT ( 'NONE', #9795 ) ;
#930 = LINE ( 'NONE', #3981, #8689 ) ;
#931 = CARTESIAN_POINT ( 'NONE',  ( 15.39644660940635212, -7.575000000000001066, 212.0000000000000853 ) ) ;
#932 = CARTESIAN_POINT ( 'NONE',  ( -15.00000000000000888, 2.999999999999998224, 191.0000000000000000 ) ) ;
#933 = MECHANICAL_DESIGN_GEOMETRIC_PRESENTATION_REPRESENTATION (  '', ( #9922 ), #6873 ) ;
#934 = COLOUR_RGB ( '',1.000000000000000000, 1.000000000000000000, 1.000000000000000000 ) ;
#935 = CARTESIAN_POINT ( 'NONE',  ( 17.49999999999963052, 4.542622140925191232, 207.5523593923908834 ) ) ;
#936 = ORIENTED_EDGE ( 'NONE', *, *, #5060, .F. ) ;
#937 =( NAMED_UNIT ( * ) SI_UNIT ( $, .STERADIAN. ) SOLID_ANGLE_UNIT ( ) );
#938 = LINE ( 'NONE', #143, #4870 ) ;
#939 = CARTESIAN_POINT ( 'NONE',  ( 17.99999999999962697, 3.074999999999993960, 207.6875000000000568 ) ) ;
#940 = ORIENTED_EDGE ( 'NONE', *, *, #4944, .F. ) ;
#941 = PLANE ( 'NONE',  #5808 ) ;
#942 = CARTESIAN_POINT ( 'NONE',  ( 17.99999999999962341, 4.297934608131380507, 206.6266297403663827 ) ) ;
#943 = CARTESIAN_POINT ( 'NONE',  ( 17.49999999999962697, 1.974359970010569842, 208.0187564522406092 ) ) ;
#944 = COLOUR_RGB ( '',1.000000000000000000, 1.000000000000000000, 1.000000000000000000 ) ;
#945 = FILL_AREA_STYLE_COLOUR ( '', #6010 ) ;
#946 = B_SPLINE_CURVE_WITH_KNOTS ( 'NONE', 3,
 ( #7785, #1800, #4052, #950, #845, #5602, #154, #3219, #3319, #5512, #253 ),
 .UNSPECIFIED., .F., .F.,
 ( 4, 1, 1, 1, 1, 1, 1, 1, 4 ),
 ( 0.000000000000000000, 0.1604189366294143382, 0.3101825854315374276, 0.4499868513674199488, 0.5794271875306518105, 0.6987950236347574284, 0.8084108428128279344, 0.9083806481130527466, 1.000000000000000000 ),
 .UNSPECIFIED. ) ;
#947 = SURFACE_STYLE_FILL_AREA ( #8581 ) ;
#948 = DIRECTION ( 'NONE',  ( 1.000000000000000000, 0.000000000000000000, 0.000000000000000000 ) ) ;
#949 = CARTESIAN_POINT ( 'NONE',  ( 17.99999999999963052, -1.122265625000006262, 206.5000000000000568 ) ) ;
#950 = CARTESIAN_POINT ( 'NONE',  ( 17.99999999999961986, 4.537206093894587511, 207.4232299853033794 ) ) ;
#951 = EDGE_CURVE ( 'NONE', #8357, #6083, #8275, .T. ) ;
#952 = STYLED_ITEM ( 'NONE', ( #2340 ), #9874 ) ;
#953 = PRESENTATION_STYLE_ASSIGNMENT (( #8729 ) ) ;
#954 =( NAMED_UNIT ( * ) PLANE_ANGLE_UNIT ( ) SI_UNIT ( $, .RADIAN. ) );
#955 = CARTESIAN_POINT ( 'NONE',  ( 17.99999999999963052, 1.827816081797511316, 207.1672753519269747 ) ) ;
#956 = ORIENTED_EDGE ( 'NONE', *, *, #1965, .F. ) ;
#957 = CARTESIAN_POINT ( 'NONE',  ( 17.49999999999963762, 1.986826007127235671, 208.9186223125504682 ) ) ;
#958 =( GEOMETRIC_REPRESENTATION_CONTEXT ( 3 ) GLOBAL_UNCERTAINTY_ASSIGNED_CONTEXT ( ( #7176 ) ) GLOBAL_UNIT_ASSIGNED_CONTEXT ( ( #8458, #1911, #8855 ) ) REPRESENTATION_CONTEXT ( 'NONE', 'WORKASPACE' ) );
#959 = EDGE_CURVE ( 'NONE', #4880, #7496, #1747, .T. ) ;
#960 = CARTESIAN_POINT ( 'NONE',  ( -17.37500000000000000, 6.174999999999999822, 191.0000000000000000 ) ) ;
#961 = DIRECTION ( 'NONE',  ( 0.000000000000000000, 0.000000000000000000, 1.000000000000000000 ) ) ;
#962 = ORIENTED_EDGE ( 'NONE', *, *, #287, .F. ) ;
#963 = FACE_OUTER_BOUND ( 'NONE', #2490, .T. ) ;
#964 = CARTESIAN_POINT ( 'NONE',  ( 17.49999999999962341, 3.904599718111222639, 208.5195170073223778 ) ) ;
#965 = DIRECTION ( 'NONE',  ( 0.000000000000000000, 0.000000000000000000, -1.000000000000000000 ) ) ;
#966 = CARTESIAN_POINT ( 'NONE',  ( 17.99999999999963052, 2.795293026819213544, 208.4734682538731931 ) ) ;
#967 = EDGE_CURVE ( 'NONE', #1761, #3992, #7475, .T. ) ;
#968 = EDGE_CURVE ( 'NONE', #1129, #9009, #7576, .T. ) ;
#969 = EDGE_LOOP ( 'NONE', ( #8296, #787, #4102, #4025 ) ) ;
#970 = CARTESIAN_POINT ( 'NONE',  ( 17.49999999999963052, 1.859761127776416112, 208.3074808773083078 ) ) ;
#971 = DIRECTION ( 'NONE',  ( -1.000000000000000000, -6.591949208711864434E-14, 0.000000000000000000 ) ) ;
#972 = PRESENTATION_STYLE_ASSIGNMENT (( #7855 ) ) ;
#973 = ORIENTED_EDGE ( 'NONE', *, *, #6728, .F. ) ;
#974 = FACE_OUTER_BOUND ( 'NONE', #9755, .T. ) ;
#975 = DIRECTION ( 'NONE',  ( 1.000000000000000000, 1.105886215935213576E-14, 0.000000000000000000 ) ) ;
#976 = CARTESIAN_POINT ( 'NONE',  ( 17.99999999999963052, 1.824999999999993738, 208.0610351562500568 ) ) ;
#977 = CARTESIAN_POINT ( 'NONE',  ( 17.99999999999962697, 3.205773618909790290, 206.8221409555474963 ) ) ;
#978 = SURFACE_STYLE_FILL_AREA ( #1732 ) ;
#979 = VECTOR ( 'NONE', #3683, 1000.000000000000000 ) ;
#980 = ORIENTED_EDGE ( 'NONE', *, *, #9701, .T. ) ;
#981 = STYLED_ITEM ( 'NONE', ( #8467 ), #464 ) ;
#982 = DIRECTION ( 'NONE',  ( 0.000000000000000000, 0.000000000000000000, -1.000000000000000000 ) ) ;
#983 = CARTESIAN_POINT ( 'NONE',  ( 17.49999999999963407, 1.943530949116606621, 207.6465218963489008 ) ) ;
#984 = ORIENTED_EDGE ( 'NONE', *, *, #2754, .T. ) ;
#985 = UNCERTAINTY_MEASURE_WITH_UNIT (LENGTH_MEASURE( 1.000000000000000082E-05 ), #6611, 'distance_accuracy_value', 'NONE');
#986 = PRESENTATION_LAYER_ASSIGNMENT (  '', '', ( #2435 ) ) ;
#987 = PRESENTATION_STYLE_ASSIGNMENT (( #5549 ) ) ;
#988 = ORIENTED_EDGE ( 'NONE', *, *, #164, .F. ) ;
#989 = CARTESIAN_POINT ( 'NONE',  ( 17.49999999999962697, 3.091693451150628213, 208.0690444316172716 ) ) ;
#990 = DIRECTION ( 'NONE',  ( -3.469446951953611033E-15, -0.000000000000000000, 1.000000000000000000 ) ) ;
#991 = CARTESIAN_POINT ( 'NONE',  ( 17.99999999999962697, 3.563532807148631854, 207.0363109087359135 ) ) ;
#992 = B_SPLINE_CURVE_WITH_KNOTS ( 'NONE', 3,
 ( #6438, #9617, #8010, #1128, #2744, #3526, #4178, #7243, #6486, #9567, #2693 ),
 .UNSPECIFIED., .F., .F.,
 ( 4, 1, 1, 1, 1, 1, 1, 1, 4 ),
 ( 0.000000000000000000, 0.1324302781917866267, 0.2553846284820704415, 0.3720301458066735401, 0.4867992895584977719, 0.6030938283014448675, 0.7257819152492418491, 0.8571930600966264358, 1.000000000000000000 ),
 .UNSPECIFIED. ) ;
#993 = SURFACE_STYLE_USAGE ( .BOTH. , #9426 ) ;
#994 =( GEOMETRIC_REPRESENTATION_CONTEXT ( 3 ) GLOBAL_UNCERTAINTY_ASSIGNED_CONTEXT ( ( #8319 ) ) GLOBAL_UNIT_ASSIGNED_CONTEXT ( ( #8488, #8432, #1454 ) ) REPRESENTATION_CONTEXT ( 'NONE', 'WORKASPACE' ) );
#995 = COLOUR_RGB ( '',0.000000000000000000, 0.000000000000000000, 0.000000000000000000 ) ;
#996 = CARTESIAN_POINT ( 'NONE',  ( 12.02091956186104582, -2.164945577717090952, 109.0000000000000000 ) ) ;
#997 = LINE ( 'NONE', #4051, #6925 ) ;
#998 = CARTESIAN_POINT ( 'NONE',  ( 17.99999999999963052, -0.5187500000000057065, 209.0000000000000568 ) ) ;
#999 = UNCERTAINTY_MEASURE_WITH_UNIT (LENGTH_MEASURE( 1.000000000000000082E-05 ), #3722, 'distance_accuracy_value', 'NONE');
#1000 = CARTESIAN_POINT ( 'NONE',  ( 17.99999999999963052, 4.106140866940706680, 207.8003018387558143 ) ) ;
#1001 = ADVANCED_FACE ( 'NONE', ( #6103 ), #9137, .F. ) ;
#1002 = CARTESIAN_POINT ( 'NONE',  ( 17.49999999999963052, 4.064001173057958383, 207.0363161660347089 ) ) ;
#1003 = VECTOR ( 'NONE', #975, 1000.000000000000000 ) ;
#1004 = CARTESIAN_POINT ( 'NONE',  ( 17.99999999999963052, 1.825959845625527711, 207.2250223028126754 ) ) ;
#1005 = ORIENTED_EDGE ( 'NONE', *, *, #7554, .F. ) ;
#1006 = EDGE_CURVE ( 'NONE', #1145, #7129, #5310, .T. ) ;
#1007 = SURFACE_SIDE_STYLE ('',( #5610 ) ) ;
#1008 = PRESENTATION_STYLE_ASSIGNMENT (( #3270 ) ) ;
#1009 = FACE_OUTER_BOUND ( 'NONE', #9077, .T. ) ;
#1010 = ORIENTED_EDGE ( 'NONE', *, *, #8523, .T. ) ;
#1011 = LINE ( 'NONE', #3414, #916 ) ;
#1012 = CARTESIAN_POINT ( 'NONE',  ( 17.49999999999962697, 3.815234374999993516, 208.5312500000000568 ) ) ;
#1013 = EDGE_CURVE ( 'NONE', #3088, #4543, #7742, .T. ) ;
#1014 = ORIENTED_EDGE ( 'NONE', *, *, #2438, .F. ) ;
#1015 = CARTESIAN_POINT ( 'NONE',  ( 17.99999999999963052, 1.570304536001098317, 208.5835890961145651 ) ) ;
#1016 = DIRECTION ( 'NONE',  ( -1.000000000000000000, -0.000000000000000000, -0.000000000000000000 ) ) ;
#1017 = FACE_OUTER_BOUND ( 'NONE', #6174, .T. ) ;
#1018 =( NAMED_UNIT ( * ) PLANE_ANGLE_UNIT ( ) SI_UNIT ( $, .RADIAN. ) );
#1019 = EDGE_LOOP ( 'NONE', ( #6868, #3555, #6093, #5179 ) ) ;
#1020 = SURFACE_STYLE_USAGE ( .BOTH. , #9502 ) ;
#1021 =( NAMED_UNIT ( * ) PLANE_ANGLE_UNIT ( ) SI_UNIT ( $, .RADIAN. ) );
#1022 = SURFACE_STYLE_FILL_AREA ( #4124 ) ;
#1023 = CARTESIAN_POINT ( 'NONE',  ( 17.49999999999962697, 4.106212521849424313, 207.7262380719001555 ) ) ;
#1024 = COLOUR_RGB ( '',1.000000000000000000, 1.000000000000000000, 1.000000000000000000 ) ;
#1025 = ORIENTED_EDGE ( 'NONE', *, *, #8502, .T. ) ;
#1026 = CARTESIAN_POINT ( 'NONE',  ( -12.62499999999999822, 0.000000000000000000, 191.7500000000000000 ) ) ;
#1027 = DIRECTION ( 'NONE',  ( -0.000000000000000000, -0.000000000000000000, 1.000000000000000000 ) ) ;
#1028 = CARTESIAN_POINT ( 'NONE',  ( 17.99999999999962697, 2.611884478939784593, 206.5996130722284647 ) ) ;
#1029 = CARTESIAN_POINT ( 'NONE',  ( 17.99999999999962697, 3.768358649097962587, 208.5293934651857057 ) ) ;
#1030 = ORIENTED_EDGE ( 'NONE', *, *, #5228, .T. ) ;
#1032 = STYLED_ITEM ( 'NONE', ( #6296 ), #4061 ) ;
#1031 = CARTESIAN_POINT ( 'NONE',  ( 17.49999999999963762, 2.272520622501248866, 208.0916503457088140 ) ) ;
#1033 = DIRECTION ( 'NONE',  ( -1.000000000000000000, 0.000000000000000000, 0.000000000000000000 ) ) ;
#1034 = CARTESIAN_POINT ( 'NONE',  ( 17.49999999999962697, 1.736149428447919307, 206.5258278877145415 ) ) ;
#1035 = VERTEX_POINT ( 'NONE', #801 ) ;
#1036 = CARTESIAN_POINT ( 'NONE',  ( 17.99999999999962697, 4.066573623958159800, 206.4760189989756611 ) ) ;
#1037 = SURFACE_SIDE_STYLE ('',( #1690 ) ) ;
#1038 = CARTESIAN_POINT ( 'NONE',  ( 17.49999999999963407, 2.221920829209961479, 207.7438649339206904 ) ) ;
#1039 = EDGE_CURVE ( 'NONE', #1588, #1951, #5601, .T. ) ;
#1040 = DIRECTION ( 'NONE',  ( 1.000000000000000000, 1.040834085586025565E-14, 0.000000000000000000 ) ) ;
#1041 = PRESENTATION_LAYER_ASSIGNMENT (  '', '', ( #7133 ) ) ;
#1042 = EDGE_CURVE ( 'NONE', #8068, #7361, #7784, .T. ) ;
#1043 = CARTESIAN_POINT ( 'NONE',  ( 11.99999999999999467, -2.331636900663282663, 108.9959208751508726 ) ) ;
#1044 = SURFACE_STYLE_FILL_AREA ( #4851 ) ;
#1045 =( LENGTH_UNIT ( ) NAMED_UNIT ( * ) SI_UNIT ( .MILLI., .METRE. ) );
#1046 = COLOUR_RGB ( '',1.000000000000000000, 0.7490196078431372584, 0.000000000000000000 ) ;
#1047 = CARTESIAN_POINT ( 'NONE',  ( 16.55256158419768653, 11.84294030894516325, 2.019509498411565129 ) ) ;
#1048 = ORIENTED_EDGE ( 'NONE', *, *, #6641, .F. ) ;
#1049 = CARTESIAN_POINT ( 'NONE',  ( 16.82887165473937330, -11.57713757335412730, 1.448696625609106503 ) ) ;
#1050 = CARTESIAN_POINT ( 'NONE',  ( -14.62499999999995381, -4.624194836688190868, 197.7500000000000000 ) ) ;
#1051 = FILL_AREA_STYLE ('',( #1107 ) ) ;
#1052 = VECTOR ( 'NONE', #7214, 1000.000000000000000 ) ;
#1053 =( GEOMETRIC_REPRESENTATION_CONTEXT ( 3 ) GLOBAL_UNCERTAINTY_ASSIGNED_CONTEXT ( ( #9127 ) ) GLOBAL_UNIT_ASSIGNED_CONTEXT ( ( #1205, #654, #6932 ) ) REPRESENTATION_CONTEXT ( 'NONE', 'WORKASPACE' ) );
#1054 = ADVANCED_FACE ( 'NONE', ( #6927 ), #3850, .T. ) ;
#1055 = SURFACE_STYLE_USAGE ( .BOTH. , #7085 ) ;
#1056 = CARTESIAN_POINT ( 'NONE',  ( 17.49999999999963407, 2.854770383611750173, 207.1978637864689858 ) ) ;
#1057 = CARTESIAN_POINT ( 'NONE',  ( 12.00000000000001776, -2.631305568736977296, 108.9809186772646967 ) ) ;
#1058 =( NAMED_UNIT ( * ) PLANE_ANGLE_UNIT ( ) SI_UNIT ( $, .RADIAN. ) );
#1059 = VECTOR ( 'NONE', #4454, 1000.000000000000000 ) ;
#1060 = COLOUR_RGB ( '',1.000000000000000000, 0.7490196078431372584, 0.000000000000000000 ) ;
#1061 = ORIENTED_EDGE ( 'NONE', *, *, #1522, .F. ) ;
#1062 = DIRECTION ( 'NONE',  ( -1.000000000000000000, 0.000000000000000000, 0.000000000000000000 ) ) ;
#1063 = PRESENTATION_LAYER_ASSIGNMENT (  '', '', ( #7478 ) ) ;
#1064 = EDGE_CURVE ( 'NONE', #9463, #3447, #9232, .T. ) ;
#1065 = ORIENTED_EDGE ( 'NONE', *, *, #8063, .F. ) ;
#1066 = CARTESIAN_POINT ( 'NONE',  ( 17.49999999999963052, 3.833475967286429142, 206.4377229022514939 ) ) ;
#1067 = EDGE_CURVE ( 'NONE', #7098, #5190, #5558, .T. ) ;
#1068 = ORIENTED_EDGE ( 'NONE', *, *, #2009, .T. ) ;
#1069 = PRESENTATION_STYLE_ASSIGNMENT (( #7099 ) ) ;
#1070 = EDGE_CURVE ( 'NONE', #6934, #1239, #9331, .T. ) ;
#1071 = CYLINDRICAL_SURFACE ( 'NONE', #8389, 1.000000000000000888 ) ;
#1072 = CARTESIAN_POINT ( 'NONE',  ( 17.99999999999963052, 2.662890624999994404, 206.6591796875000568 ) ) ;
#1073 = CARTESIAN_POINT ( 'NONE',  ( 17.49999999999962341, 4.085898033633400317, 208.2235702283400940 ) ) ;
#1074 =( NAMED_UNIT ( * ) PLANE_ANGLE_UNIT ( ) SI_UNIT ( $, .RADIAN. ) );
#1075 =( NAMED_UNIT ( * ) PLANE_ANGLE_UNIT ( ) SI_UNIT ( $, .RADIAN. ) );
#1076 = PRESENTATION_LAYER_ASSIGNMENT (  '', '', ( #7973 ) ) ;
#1077 = ORIENTED_EDGE ( 'NONE', *, *, #9797, .T. ) ;
#1078 = EDGE_CURVE ( 'NONE', #2147, #7588, #252, .T. ) ;
#1079 = CARTESIAN_POINT ( 'NONE',  ( 17.49999999999963052, 2.089400595330276111, 207.7423713307166793 ) ) ;
#1080 = SURFACE_SIDE_STYLE ('',( #4080 ) ) ;
#1081 = CARTESIAN_POINT ( 'NONE',  ( 17.99999999999963052, -0.6081054687500061506, 209.0000000000000568 ) ) ;
#1082 = CARTESIAN_POINT ( 'NONE',  ( 17.49999999999962341, 1.833301214083028041, 207.9280245579597306 ) ) ;
#1083 = STYLED_ITEM ( 'NONE', ( #7423 ), #7146 ) ;
#1084 = ORIENTED_EDGE ( 'NONE', *, *, #9678, .F. ) ;
#1085 = MECHANICAL_DESIGN_GEOMETRIC_PRESENTATION_REPRESENTATION (  '', ( #9915 ), #3479 ) ;
#1086 = LINE ( 'NONE', #6391, #8582 ) ;
#1087 = CARTESIAN_POINT ( 'NONE',  ( 17.49999999999963052, 3.609957437522214541, 208.9134337853711543 ) ) ;
#1088 = ORIENTED_EDGE ( 'NONE', *, *, #2828, .F. ) ;
#1089 = CARTESIAN_POINT ( 'NONE',  ( 17.99999999999963052, 1.824999999999993738, 208.0610351562500568 ) ) ;
#1090 = CARTESIAN_POINT ( 'NONE',  ( 17.49999999999963052, -1.137402343749996270, 209.0000000000000568 ) ) ;
#1091 = CARTESIAN_POINT ( 'NONE',  ( 17.49999999999963407, 2.157519531249993960, 207.7500000000000568 ) ) ;
#1092 =( LENGTH_UNIT ( ) NAMED_UNIT ( * ) SI_UNIT ( .MILLI., .METRE. ) );
#1093 = DIRECTION ( 'NONE',  ( 0.000000000000000000, 0.000000000000000000, 1.000000000000000000 ) ) ;
#1094 = PRESENTATION_LAYER_ASSIGNMENT (  '', '', ( #5414 ) ) ;
#1095 = EDGE_CURVE ( 'NONE', #2133, #1330, #7537, .T. ) ;
#1096 = DIRECTION ( 'NONE',  ( -3.469446951953611033E-15, -0.000000000000000000, 1.000000000000000000 ) ) ;
#1097 = SURFACE_STYLE_USAGE ( .BOTH. , #7207 ) ;
#1098 = SURFACE_SIDE_STYLE ('',( #9582 ) ) ;
#1099 = UNCERTAINTY_MEASURE_WITH_UNIT (LENGTH_MEASURE( 1.000000000000000082E-05 ), #4402, 'distance_accuracy_value', 'NONE');
#1100 =( NAMED_UNIT ( * ) SI_UNIT ( $, .STERADIAN. ) SOLID_ANGLE_UNIT ( ) );
#1101 = EDGE_LOOP ( 'NONE', ( #5267, #3661, #9706, #5274 ) ) ;
#1102 = MECHANICAL_DESIGN_GEOMETRIC_PRESENTATION_REPRESENTATION (  '', ( #2063 ), #6539 ) ;
#1103 =( NAMED_UNIT ( * ) SI_UNIT ( $, .STERADIAN. ) SOLID_ANGLE_UNIT ( ) );
#1104 = FACE_OUTER_BOUND ( 'NONE', #6703, .T. ) ;
#1105 = ORIENTED_EDGE ( 'NONE', *, *, #1191, .F. ) ;
#1106 =( NAMED_UNIT ( * ) SI_UNIT ( $, .STERADIAN. ) SOLID_ANGLE_UNIT ( ) );
#1107 = FILL_AREA_STYLE_COLOUR ( '', #8360 ) ;
#1108 = COLOUR_RGB ( '',1.000000000000000000, 0.7490196078431372584, 0.000000000000000000 ) ;
#1109 = CARTESIAN_POINT ( 'NONE',  ( 17.99999999999963407, 2.124804687499994404, 206.4062500000000568 ) ) ;
#1110 = CARTESIAN_POINT ( 'NONE',  ( 17.49999999999963052, 2.856249999999993960, 207.2910156250000568 ) ) ;
#1111 = LINE ( 'NONE', #2527, #6683 ) ;
#1112 = FACE_OUTER_BOUND ( 'NONE', #8524, .T. ) ;
#1113 = ORIENTED_EDGE ( 'NONE', *, *, #7790, .F. ) ;
#1114 = ORIENTED_EDGE ( 'NONE', *, *, #7277, .T. ) ;
#1115 = FACE_OUTER_BOUND ( 'NONE', #969, .T. ) ;
#1116 = ORIENTED_EDGE ( 'NONE', *, *, #8036, .F. ) ;
#1117 = PRESENTATION_STYLE_ASSIGNMENT (( #1020 ) ) ;
#1118 = AXIS2_PLACEMENT_3D ( 'NONE', #2010, #4062, #1157 ) ;
#1119 = CARTESIAN_POINT ( 'NONE',  ( -17.37500000000000000, -6.174999999999999822, 191.7500000000000000 ) ) ;
#1120 =( LENGTH_UNIT ( ) NAMED_UNIT ( * ) SI_UNIT ( .MILLI., .METRE. ) );
#1121 = CARTESIAN_POINT ( 'NONE',  ( 17.99999999999962697, 3.815234374999993960, 206.4375000000000568 ) ) ;
#1122 = ORIENTED_EDGE ( 'NONE', *, *, #8651, .T. ) ;
#1123 = DIRECTION ( 'NONE',  ( -1.000000000000000000, -5.728085021779797867E-16, 8.583663793918551117E-34 ) ) ;
#1124 = COLOUR_RGB ( '',1.000000000000000000, 1.000000000000000000, 1.000000000000000000 ) ;
#1125 = CARTESIAN_POINT ( 'NONE',  ( 0.000000000000000000, -7.825000000000000178, 212.0000000000000853 ) ) ;
#1126 = DIRECTION ( 'NONE',  ( -1.000000000000000000, -5.728085021779797867E-16, 8.583663793918551117E-34 ) ) ;
#1127 = CARTESIAN_POINT ( 'NONE',  ( 17.49999999999963052, 0.6062499999999938494, 208.5937500000000568 ) ) ;
#1128 = CARTESIAN_POINT ( 'NONE',  ( 17.49999999999961986, 3.724309287214113251, 208.5193991912246645 ) ) ;
#1129 = VERTEX_POINT ( 'NONE', #7880 ) ;
#1130 = CARTESIAN_POINT ( 'NONE',  ( 17.99999999999963052, 2.636048581212073749, 207.9370023875079596 ) ) ;
#1131 = B_SPLINE_CURVE_WITH_KNOTS ( 'NONE', 3,
 ( #4759, #259, #4058, #3325, #2422, #210, #1049, #9340, #9241, #5466 ),
 .UNSPECIFIED., .F., .F.,
 ( 4, 2, 2, 2, 4 ),
 ( -1.095446142041176233E-05, 0.0006781842535693134114, 0.001367322968559038553, 0.002056461683548764345, 0.002745600398538489920 ),
 .UNSPECIFIED. ) ;
#1132 = CARTESIAN_POINT ( 'NONE',  ( 17.49999999999962341, 3.658374506384196589, 206.4510781312086181 ) ) ;
#1133 = CARTESIAN_POINT ( 'NONE',  ( -12.62499999999999822, -4.500000000000000888, 195.0000000000000000 ) ) ;
#1134 = VERTEX_POINT ( 'NONE', #5409 ) ;
#1136 = VECTOR ( 'NONE', #6223, 1000.000000000000000 ) ;
#1135 = CARTESIAN_POINT ( 'NONE',  ( 17.49999999999961986, 3.142741534294688943, 208.3749648708106861 ) ) ;
#1137 = CARTESIAN_POINT ( 'NONE',  ( 17.49999999999962697, 2.697369803027354074, 208.6921506465936034 ) ) ;
#1138 = PLANE ( 'NONE',  #9456 ) ;
#1139 = CARTESIAN_POINT ( 'NONE',  ( -2.073239848542661290E-14, 1.874731612229551647, 198.7500000000000000 ) ) ;
#1140 = DIRECTION ( 'NONE',  ( 0.000000000000000000, 1.000000000000000000, 0.000000000000000000 ) ) ;
#1141 = CARTESIAN_POINT ( 'NONE',  ( 17.99999999999963052, 2.449063934043234969, 207.2668683175361934 ) ) ;
#1142 = MECHANICAL_DESIGN_GEOMETRIC_PRESENTATION_REPRESENTATION (  '', ( #3233 ), #661 ) ;
#1143 = AXIS2_PLACEMENT_3D ( 'NONE', #7851, #1718, #1569 ) ;
#1144 = CARTESIAN_POINT ( 'NONE',  ( 17.99999999999962697, 3.198535156249993960, 206.8383789062500284 ) ) ;
#1145 = VERTEX_POINT ( 'NONE', #1599 ) ;
#1146 = CARTESIAN_POINT ( 'NONE',  ( 17.49999999999963052, 3.271262422811111570, 206.7019378213055347 ) ) ;
#1147 = ORIENTED_EDGE ( 'NONE', *, *, #7107, .T. ) ;
#1148 = CARTESIAN_POINT ( 'NONE',  ( 17.49999999999962697, 2.436328124999993516, 208.3496093750000568 ) ) ;
#1149 = CARTESIAN_POINT ( 'NONE',  ( -16.62500000000014566, 3.324194836688366905, 195.2500000000000000 ) ) ;
#1150 = ORIENTED_EDGE ( 'NONE', *, *, #9201, .T. ) ;
#1151 = CARTESIAN_POINT ( 'NONE',  ( 17.99999999999963052, 2.420670937689589408, 207.5401943370453921 ) ) ;
#1152 = MECHANICAL_DESIGN_GEOMETRIC_PRESENTATION_REPRESENTATION (  '', ( #3861 ), #7386 ) ;
#1153 = COLOUR_RGB ( '',1.000000000000000000, 0.7490196078431372584, 0.000000000000000000 ) ;
#1154 = CARTESIAN_POINT ( 'NONE',  ( 17.99999999999962341, 1.824999999999993738, 207.2548828125000284 ) ) ;
#1155 = EDGE_CURVE ( 'NONE', #7414, #2724, #997, .T. ) ;
#1156 = PLANE ( 'NONE',  #6314 ) ;
#1157 = DIRECTION ( 'NONE',  ( -1.000000000000000000, 0.000000000000000000, 0.000000000000000000 ) ) ;
#1158 = FILL_AREA_STYLE ('',( #7088 ) ) ;
#1159 = CARTESIAN_POINT ( 'NONE',  ( 17.99999999999962697, 3.104376725502063117, 208.1797722557102475 ) ) ;
#1160 =( LENGTH_UNIT ( ) NAMED_UNIT ( * ) SI_UNIT ( .MILLI., .METRE. ) );
#1161 = STYLED_ITEM ( 'NONE', ( #788 ), #2716 ) ;
#1162 = EDGE_LOOP ( 'NONE', ( #5217, #433, #7739, #9309 ) ) ;
#1163 = CARTESIAN_POINT ( 'NONE',  ( 17.99999999999963052, 1.435933698415715387, 208.2583252442622097 ) ) ;
#1164 = VERTEX_POINT ( 'NONE', #3317 ) ;
#1165 = LINE ( 'NONE', #8042, #3616 ) ;
#1166 = ORIENTED_EDGE ( 'NONE', *, *, #6645, .F. ) ;
#1167 =( LENGTH_UNIT ( ) NAMED_UNIT ( * ) SI_UNIT ( .MILLI., .METRE. ) );
#1168 =( GEOMETRIC_REPRESENTATION_CONTEXT ( 3 ) GLOBAL_UNCERTAINTY_ASSIGNED_CONTEXT ( ( #6599 ) ) GLOBAL_UNIT_ASSIGNED_CONTEXT ( ( #5120, #324, #1972 ) ) REPRESENTATION_CONTEXT ( 'NONE', 'WORKASPACE' ) );
#1169 = EDGE_CURVE ( 'NONE', #2083, #7718, #9429, .T. ) ;
#1170 = SURFACE_STYLE_USAGE ( .BOTH. , #9556 ) ;
#1171 = FILL_AREA_STYLE_COLOUR ( '', #3230 ) ;
#1172 = EDGE_CURVE ( 'NONE', #3223, #6598, #844, .T. ) ;
#1173 = SURFACE_SIDE_STYLE ('',( #9560 ) ) ;
#1174 = ORIENTED_EDGE ( 'NONE', *, *, #7261, .T. ) ;
#1175 = CARTESIAN_POINT ( 'NONE',  ( 17.99999999999963052, -1.137402343750006040, 209.0000000000000568 ) ) ;
#1176 = VECTOR ( 'NONE', #3012, 1000.000000000000000 ) ;
#1177 = DIRECTION ( 'NONE',  ( 1.000000000000000000, 1.029992063861167523E-14, 0.000000000000000000 ) ) ;
#1178 = CARTESIAN_POINT ( 'NONE',  ( 17.99999999999962697, 4.523457581524512605, 208.1175906176132742 ) ) ;
#1179 = ORIENTED_EDGE ( 'NONE', *, *, #2249, .F. ) ;
#1180 =( NAMED_UNIT ( * ) PLANE_ANGLE_UNIT ( ) SI_UNIT ( $, .RADIAN. ) );
#1181 = CARTESIAN_POINT ( 'NONE',  ( 17.99999999999963407, 1.776642790816713946, 206.4975361655831705 ) ) ;
#1182 = CARTESIAN_POINT ( 'NONE',  ( 13.99999999999962874, 2.499999999999999556, 215.7500000000000853 ) ) ;
#1183 = CARTESIAN_POINT ( 'NONE',  ( 17.49999999999963407, 2.572055671609228877, 208.8161579034378690 ) ) ;
#1184 = SURFACE_STYLE_USAGE ( .BOTH. , #439 ) ;
#1185 = CARTESIAN_POINT ( 'NONE',  ( 17.99999999999963052, -1.922558593750006262, 209.0000000000000568 ) ) ;
#1186 = CARTESIAN_POINT ( 'NONE',  ( 17.99999999999963052, 2.089400595330276111, 207.7423713307166793 ) ) ;
#1187 = FACE_OUTER_BOUND ( 'NONE', #106, .T. ) ;
#1188 = SURFACE_STYLE_USAGE ( .BOTH. , #1098 ) ;
#1189 = ORIENTED_EDGE ( 'NONE', *, *, #5205, .T. ) ;
#1190 = UNCERTAINTY_MEASURE_WITH_UNIT (LENGTH_MEASURE( 1.000000000000000082E-05 ), #1659, 'distance_accuracy_value', 'NONE');
#1191 = EDGE_CURVE ( 'NONE', #9737, #9613, #5703, .T. ) ;
#1192 = CARTESIAN_POINT ( 'NONE',  ( 17.99999999999963052, 3.331546187456893016, 206.6266302452151535 ) ) ;
#1193 = ORIENTED_EDGE ( 'NONE', *, *, #8347, .T. ) ;
#1194 = EDGE_CURVE ( 'NONE', #5843, #1976, #5034, .T. ) ;
#1195 = FILL_AREA_STYLE ('',( #5894 ) ) ;
#1196 = CARTESIAN_POINT ( 'NONE',  ( 11.66249999999983800, -11.66249999999980069, 212.0000000000000853 ) ) ;
#1197 = ADVANCED_FACE ( 'NONE', ( #4146 ), #2607, .T. ) ;
#1198 = ORIENTED_EDGE ( 'NONE', *, *, #8429, .F. ) ;
#1199 = FACE_OUTER_BOUND ( 'NONE', #8469, .T. ) ;
#1200 = SURFACE_STYLE_USAGE ( .BOTH. , #9843 ) ;
#1201 = DIRECTION ( 'NONE',  ( 6.591949208711864434E-14, -1.000000000000000000, 0.000000000000000000 ) ) ;
#1202 = STYLED_ITEM ( 'NONE', ( #4747 ), #5328 ) ;
#1203 = MECHANICAL_DESIGN_GEOMETRIC_PRESENTATION_REPRESENTATION (  '', ( #3303 ), #5373 ) ;
#1204 = CARTESIAN_POINT ( 'NONE',  ( 17.49999999999963052, 1.974359970010569842, 208.0187564522406092 ) ) ;
#1205 =( LENGTH_UNIT ( ) NAMED_UNIT ( * ) SI_UNIT ( .MILLI., .METRE. ) );
#1206 = VECTOR ( 'NONE', #3099, 1000.000000000000000 ) ;
#1207 = STYLED_ITEM ( 'NONE', ( #2419 ), #4778 ) ;
#1208 = VERTEX_POINT ( 'NONE', #1946 ) ;
#1209 = ADVANCED_FACE ( 'NONE', ( #1187 ), #2759, .T. ) ;
#1210 = CARTESIAN_POINT ( 'NONE',  ( 17.49999999999964118, 1.830268451875888269, 207.3608538221865274 ) ) ;
#1211 = VERTEX_POINT ( 'NONE', #1144 ) ;
#1212 = CARTESIAN_POINT ( 'NONE',  ( 17.49999999999962341, 3.523795710318576191, 207.2919383525443209 ) ) ;
#1213 = STYLED_ITEM ( 'NONE', ( #3135 ), #5802 ) ;
#1214 = ORIENTED_EDGE ( 'NONE', *, *, #8630, .F. ) ;
#1215 = CARTESIAN_POINT ( 'NONE',  ( -2.352494223912188935E-15, -7.574999999999995737, 216.2500000000000853 ) ) ;
#1216 =( LENGTH_UNIT ( ) NAMED_UNIT ( * ) SI_UNIT ( .MILLI., .METRE. ) );
#1217 = CARTESIAN_POINT ( 'NONE',  ( 17.49999999999963407, -3.925000000000005596, 205.0000000000000568 ) ) ;
#1218 = SURFACE_STYLE_FILL_AREA ( #8097 ) ;
#1219 = CARTESIAN_POINT ( 'NONE',  ( 17.99999999999963052, 2.586289347377448422, 207.9795972576204974 ) ) ;
#1220 = ORIENTED_EDGE ( 'NONE', *, *, #6096, .T. ) ;
#1221 = VECTOR ( 'NONE', #3896, 1000.000000000000000 ) ;
#1222 = CARTESIAN_POINT ( 'NONE',  ( 17.49999999999963052, 2.449999999999993960, 207.3217773437500284 ) ) ;
#1223 = LINE ( 'NONE', #7439, #776 ) ;
#1224 = EDGE_CURVE ( 'NONE', #1588, #4088, #5072, .T. ) ;
#1225 = CARTESIAN_POINT ( 'NONE',  ( 16.00000000000000711, -11.99999999999999822, 99.00000000000000000 ) ) ;
#1226 = DIRECTION ( 'NONE',  ( -0.000000000000000000, -0.000000000000000000, 1.000000000000000000 ) ) ;
#1227 = ORIENTED_EDGE ( 'NONE', *, *, #9678, .T. ) ;
#1228 = CARTESIAN_POINT ( 'NONE',  ( 17.99999999999963052, 2.199023437499993960, 208.0937500000000568 ) ) ;
#1229 = CARTESIAN_POINT ( 'NONE',  ( 17.99999999999963052, -1.281933593750006262, 207.7758789062500568 ) ) ;
#1230 = MECHANICAL_DESIGN_GEOMETRIC_PRESENTATION_REPRESENTATION (  '', ( #9903 ), #5713 ) ;
#1231 = PRESENTATION_STYLE_ASSIGNMENT (( #5833 ) ) ;
#1232 =( NAMED_UNIT ( * ) SI_UNIT ( $, .STERADIAN. ) SOLID_ANGLE_UNIT ( ) );
#1233 =( NAMED_UNIT ( * ) PLANE_ANGLE_UNIT ( ) SI_UNIT ( $, .RADIAN. ) );
#1234 = CARTESIAN_POINT ( 'NONE',  ( 17.99999999999963052, 1.896826739058594891, 207.5797820698750229 ) ) ;
#1235 = VECTOR ( 'NONE', #9543, 1000.000000000000000 ) ;
#1236 = COLOUR_RGB ( '',1.000000000000000000, 0.7490196078431372584, 0.000000000000000000 ) ;
#1237 = CARTESIAN_POINT ( 'NONE',  ( 17.49999999999962697, 5.824999999999993960, 205.0000000000000568 ) ) ;
#1238 = CARTESIAN_POINT ( 'NONE',  ( 17.99999999999963052, 3.861287548624504851, 208.5293346947081545 ) ) ;
#1239 = VERTEX_POINT ( 'NONE', #1446 ) ;
#1240 = FILL_AREA_STYLE ('',( #9633 ) ) ;
#1241 = ORIENTED_EDGE ( 'NONE', *, *, #5976, .T. ) ;
#1242 = SURFACE_SIDE_STYLE ('',( #2000 ) ) ;
#1243 = EDGE_CURVE ( 'NONE', #4320, #8550, #6037, .T. ) ;
#1244 = DIRECTION ( 'NONE',  ( 1.000000000000000000, 2.891205793294678326E-16, -0.000000000000000000 ) ) ;
#1245 = ORIENTED_EDGE ( 'NONE', *, *, #2122, .F. ) ;
#1246 = MECHANICAL_DESIGN_GEOMETRIC_PRESENTATION_REPRESENTATION (  '', ( #2866 ), #5877 ) ;
#1247 =( GEOMETRIC_REPRESENTATION_CONTEXT ( 3 ) GLOBAL_UNCERTAINTY_ASSIGNED_CONTEXT ( ( #5852 ) ) GLOBAL_UNIT_ASSIGNED_CONTEXT ( ( #8967, #6632, #9011 ) ) REPRESENTATION_CONTEXT ( 'NONE', 'WORKASPACE' ) );
#1248 =( NAMED_UNIT ( * ) PLANE_ANGLE_UNIT ( ) SI_UNIT ( $, .RADIAN. ) );
#1249 =( NAMED_UNIT ( * ) SI_UNIT ( $, .STERADIAN. ) SOLID_ANGLE_UNIT ( ) );
#1250 = PRODUCT_DEFINITION_CONTEXT ( 'detailed design', #4256, 'design' ) ;
#1251 = FILL_AREA_STYLE_COLOUR ( '', #3373 ) ;
#1252 = FILL_AREA_STYLE ('',( #2109 ) ) ;
#1253 = FILL_AREA_STYLE ('',( #7367 ) ) ;
#1254 = CARTESIAN_POINT ( 'NONE',  ( 17.99999999999963407, 2.124804687499994404, 206.4062500000000568 ) ) ;
#1255 = COLOUR_RGB ( '',1.000000000000000000, 1.000000000000000000, 1.000000000000000000 ) ;
#1256 = ORIENTED_EDGE ( 'NONE', *, *, #959, .T. ) ;
#1257 = CARTESIAN_POINT ( 'NONE',  ( 17.49999999999963762, 1.837328987461781082, 207.4102156044224046 ) ) ;
#1258 = EDGE_LOOP ( 'NONE', ( #3545, #1113, #1484, #9638 ) ) ;
#1259 = FILL_AREA_STYLE ('',( #9811 ) ) ;
#1260 = ORIENTED_EDGE ( 'NONE', *, *, #5757, .T. ) ;
#1261 = COLOUR_RGB ( '',1.000000000000000000, 1.000000000000000000, 1.000000000000000000 ) ;
#1262 = CARTESIAN_POINT ( 'NONE',  ( 17.99999999999963407, 1.833197528975698321, 208.8568773276839181 ) ) ;
#1263 = LINE ( 'NONE', #5817, #4053 ) ;
#1264 =( NAMED_UNIT ( * ) PLANE_ANGLE_UNIT ( ) SI_UNIT ( $, .RADIAN. ) );
#1265 = EDGE_CURVE ( 'NONE', #5344, #4525, #5988, .T. ) ;
#1266 = CARTESIAN_POINT ( 'NONE',  ( 17.99999999999962697, 3.555468749999993960, 208.3222656250000568 ) ) ;
#1267 = EDGE_CURVE ( 'NONE', #5690, #2610, #6265, .T. ) ;
#1268 = SURFACE_SIDE_STYLE ('',( #3614 ) ) ;
#1269 = ORIENTED_EDGE ( 'NONE', *, *, #7143, .F. ) ;
#1270 = CARTESIAN_POINT ( 'NONE',  ( 17.49999999999962697, 2.449683588366828424, 207.3032168411120324 ) ) ;
#1271 = SURFACE_STYLE_FILL_AREA ( #1979 ) ;
#1272 = DIRECTION ( 'NONE',  ( -3.469446951953611033E-15, -0.000000000000000000, 1.000000000000000000 ) ) ;
#1273 =( GEOMETRIC_REPRESENTATION_CONTEXT ( 3 ) GLOBAL_UNCERTAINTY_ASSIGNED_CONTEXT ( ( #5513 ) ) GLOBAL_UNIT_ASSIGNED_CONTEXT ( ( #2792, #5827, #7199 ) ) REPRESENTATION_CONTEXT ( 'NONE', 'WORKASPACE' ) );
#1274 = CARTESIAN_POINT ( 'NONE',  ( 13.99999999999962874, 2.499999999999999556, 215.7500000000000853 ) ) ;
#1275 = EDGE_LOOP ( 'NONE', ( #2166, #141, #6031, #8168 ) ) ;
#1276 =( NAMED_UNIT ( * ) PLANE_ANGLE_UNIT ( ) SI_UNIT ( $, .RADIAN. ) );
#1277 = CARTESIAN_POINT ( 'NONE',  ( 17.99999999999964118, 1.628509465857119309, 206.6333977109070190 ) ) ;
#1278 = CARTESIAN_POINT ( 'NONE',  ( 17.99999999999963052, 3.075358306845347389, 207.7330787949111368 ) ) ;
#1279 = SURFACE_STYLE_FILL_AREA ( #4042 ) ;
#1280 = CARTESIAN_POINT ( 'NONE',  ( 17.49999999999963052, 3.830911764317241452, 208.5305979931054310 ) ) ;
#1281 = PRESENTATION_STYLE_ASSIGNMENT (( #1483 ) ) ;
#1282 = VECTOR ( 'NONE', #8509, 1000.000000000000000 ) ;
#1283 = CARTESIAN_POINT ( 'NONE',  ( 17.99999999999962697, 4.069140624999993072, 207.0527343750000568 ) ) ;
#1284 = CARTESIAN_POINT ( 'NONE',  ( -11.87499999999999822, -3.000000000000000888, 197.0000000000000000 ) ) ;
#1285 = ORIENTED_EDGE ( 'NONE', *, *, #5929, .F. ) ;
#1286 = UNCERTAINTY_MEASURE_WITH_UNIT (LENGTH_MEASURE( 1.000000000000000082E-05 ), #8987, 'distance_accuracy_value', 'NONE');
#1287 = PRESENTATION_LAYER_ASSIGNMENT (  '', '', ( #5612 ) ) ;
#1288 = CARTESIAN_POINT ( 'NONE',  ( 17.99999999999962697, 3.563885347073003640, 206.4759986797624833 ) ) ;
#1289 = EDGE_LOOP ( 'NONE', ( #3781, #4119, #3684, #5749, #6887, #5813, #88, #875, #2746, #4003 ) ) ;
#1290 = DIRECTION ( 'NONE',  ( -1.000000000000000000, 0.000000000000000000, 0.000000000000000000 ) ) ;
#1291 = PRESENTATION_STYLE_ASSIGNMENT (( #7412 ) ) ;
#1292 = CARTESIAN_POINT ( 'NONE',  ( 17.99999999999962697, 3.543705593781907304, 208.2754858640636826 ) ) ;
#1293 = EDGE_LOOP ( 'NONE', ( #9650, #6859, #9816, #6618 ) ) ;
#1294 = CARTESIAN_POINT ( 'NONE',  ( 17.99999999999962697, 1.881824776754609907, 207.9459345917915414 ) ) ;
#1295 = LINE ( 'NONE', #361, #1697 ) ;
#1296 = B_SPLINE_CURVE_WITH_KNOTS ( 'NONE', 3,
 ( #1702, #3406, #8027, #157, #6454, #7031, #7882, #9534, #6254, #9335, #4001 ),
 .UNSPECIFIED., .F., .F.,
 ( 4, 1, 1, 1, 1, 1, 1, 1, 4 ),
 ( 0.000000000000000000, 0.09326873316671030478, 0.1954341891770950135, 0.3056073337855572114, 0.4255492048550005291, 0.5542737649490064866, 0.6927322116506374750, 0.8416281755282236654, 1.000000000000000000 ),
 .UNSPECIFIED. ) ;
#1297 =( GEOMETRIC_REPRESENTATION_CONTEXT ( 3 ) GLOBAL_UNCERTAINTY_ASSIGNED_CONTEXT ( ( #5999 ) ) GLOBAL_UNIT_ASSIGNED_CONTEXT ( ( #298, #152, #3360 ) ) REPRESENTATION_CONTEXT ( 'NONE', 'WORKASPACE' ) );
#1298 = VECTOR ( 'NONE', #8577, 1000.000000000000000 ) ;
#1299 = CARTESIAN_POINT ( 'NONE',  ( 17.99999999999963052, -1.122265625000006262, 206.5000000000000568 ) ) ;
#1300 = EDGE_CURVE ( 'NONE', #3573, #689, #4662, .T. ) ;
#1301 = CARTESIAN_POINT ( 'NONE',  ( 16.45541764367472481, -11.89810059655876451, 100.4709320594034239 ) ) ;
#1302 =( NAMED_UNIT ( * ) SI_UNIT ( $, .STERADIAN. ) SOLID_ANGLE_UNIT ( ) );
#1303 = ADVANCED_FACE ( 'NONE', ( #9833 ), #8317, .F. ) ;
#1304 = LINE ( 'NONE', #1360, #6000 ) ;
#1305 = MECHANICAL_DESIGN_GEOMETRIC_PRESENTATION_REPRESENTATION (  '', ( #669 ), #827 ) ;
#1306 = CARTESIAN_POINT ( 'NONE',  ( 17.49999999999962697, 1.413791258902434178, 208.1569095572537265 ) ) ;
#1307 = VERTEX_POINT ( 'NONE', #3005 ) ;
#1308 = VECTOR ( 'NONE', #8690, 1000.000000000000000 ) ;
#1309 = ORIENTED_EDGE ( 'NONE', *, *, #3658, .F. ) ;
#1310 = CARTESIAN_POINT ( 'NONE',  ( 17.49999999999963762, 2.157519531249993960, 207.7500000000000568 ) ) ;
#1311 = ORIENTED_EDGE ( 'NONE', *, *, #2960, .F. ) ;
#1312 = CARTESIAN_POINT ( 'NONE',  ( 17.49999999999963407, 3.529760271997795407, 207.2176390379184454 ) ) ;
#1313 = EDGE_LOOP ( 'NONE', ( #4723, #7079, #1705, #2048 ) ) ;
#1314 = LINE ( 'NONE', #474, #9228 ) ;
#1315 = EDGE_CURVE ( 'NONE', #9737, #4948, #2254, .T. ) ;
#1316 = SURFACE_SIDE_STYLE ('',( #3083 ) ) ;
#1318 = COLOUR_RGB ( '',1.000000000000000000, 0.7490196078431372584, 0.000000000000000000 ) ;
#1317 = CARTESIAN_POINT ( 'NONE',  ( 17.99999999999963407, 3.301035548204606318, 208.7117556761819230 ) ) ;
#1319 = DIRECTION ( 'NONE',  ( -0.000000000000000000, 0.000000000000000000, 1.000000000000000000 ) ) ;
#1320 = ADVANCED_FACE ( 'NONE', ( #8369 ), #4389, .T. ) ;
#1321 = CARTESIAN_POINT ( 'NONE',  ( 17.99999999999963052, 2.662890624999994404, 206.6591796875000568 ) ) ;
#1322 = CARTESIAN_POINT ( 'NONE',  ( -17.37500000000000000, 6.174999999999999822, 191.7500000000000000 ) ) ;
#1323 = ORIENTED_EDGE ( 'NONE', *, *, #1267, .F. ) ;
#1324 = CARTESIAN_POINT ( 'NONE',  ( 17.49999999999963052, 1.833301214083028041, 207.9280245579597306 ) ) ;
#1325 = CARTESIAN_POINT ( 'NONE',  ( -15.62499999999993072, -1.875268387770552048, 195.2500000000000000 ) ) ;
#1326 =( LENGTH_UNIT ( ) NAMED_UNIT ( * ) SI_UNIT ( .MILLI., .METRE. ) );
#1327 = PRESENTATION_LAYER_ASSIGNMENT (  '', '', ( #8878 ) ) ;
#1328 = CARTESIAN_POINT ( 'NONE',  ( 17.99999999999963052, 0.6062499999999941824, 208.5937500000000568 ) ) ;
#1329 = LINE ( 'NONE', #1383, #2732 ) ;
#1330 = VERTEX_POINT ( 'NONE', #5349 ) ;
#1331 = SURFACE_SIDE_STYLE ('',( #7498 ) ) ;
#1332 = CARTESIAN_POINT ( 'NONE',  ( 17.49999999999964473, 2.014259930436617996, 206.4126180197907843 ) ) ;
#1333 = CARTESIAN_POINT ( 'NONE',  ( 17.49999999999963052, 1.237597656249993738, 208.5937500000000568 ) ) ;
#1334 = FILL_AREA_STYLE_COLOUR ( '', #6609 ) ;
#1335 = CARTESIAN_POINT ( 'NONE',  ( 17.49999999999963407, 2.660154380718765310, 208.7376183159161087 ) ) ;
#1336 = FILL_AREA_STYLE ('',( #7660 ) ) ;
#1337 = CARTESIAN_POINT ( 'NONE',  ( -13.62500000000004974, 4.624194836688191756, 198.7500000000000000 ) ) ;
#1338 = AXIS2_PLACEMENT_3D ( 'NONE', #7359, #9030, #2149 ) ;
#1339 = FILL_AREA_STYLE_COLOUR ( '', #1478 ) ;
#1340 = CARTESIAN_POINT ( 'NONE',  ( 17.99999999999962697, 4.064001173057958383, 207.0363161660347089 ) ) ;
#1341 = SURFACE_STYLE_USAGE ( .BOTH. , #3784 ) ;
#1342 = DIRECTION ( 'NONE',  ( 0.000000000000000000, -1.000000000000000000, 0.000000000000000000 ) ) ;
#1343 = ORIENTED_EDGE ( 'NONE', *, *, #3755, .T. ) ;
#1344 = VECTOR ( 'NONE', #5818, 1000.000000000000000 ) ;
#1345 = CARTESIAN_POINT ( 'NONE',  ( 17.49999999999962697, 3.205773618909789846, 206.8221409555474963 ) ) ;
#1346 = ORIENTED_EDGE ( 'NONE', *, *, #2401, .T. ) ;
#1347 = FILL_AREA_STYLE ('',( #4348 ) ) ;
#1348 = DIRECTION ( 'NONE',  ( 1.000000000000000000, 9.432558900623880687E-15, 0.000000000000000000 ) ) ;
#1349 = CARTESIAN_POINT ( 'NONE',  ( -16.62500000000006395, 5.425000000000027356, 191.7500000000000000 ) ) ;
#1350 = ORIENTED_EDGE ( 'NONE', *, *, #2753, .T. ) ;
#1351 = ADVANCED_FACE ( 'NONE', ( #8417 ), #6087, .T. ) ;
#1352 = DIRECTION ( 'NONE',  ( 0.000000000000000000, -1.000000000000000000, 0.000000000000000000 ) ) ;
#1353 = EDGE_CURVE ( 'NONE', #2473, #9122, #5177, .T. ) ;
#1354 = FILL_AREA_STYLE_COLOUR ( '', #4410 ) ;
#1355 = PRESENTATION_LAYER_ASSIGNMENT (  '', '', ( #1032 ) ) ;
#1356 = UNCERTAINTY_MEASURE_WITH_UNIT (LENGTH_MEASURE( 1.000000000000000082E-05 ), #417, 'distance_accuracy_value', 'NONE');
#1357 = CARTESIAN_POINT ( 'NONE',  ( 17.49999999999963762, 1.903159428732844383, 206.9512105754500055 ) ) ;
#1358 = EDGE_CURVE ( 'NONE', #6325, #7683, #4427, .T. ) ;
#1359 = DIRECTION ( 'NONE',  ( -2.168404344970974848E-16, -1.000000000000000000, 0.000000000000000000 ) ) ;
#1360 = CARTESIAN_POINT ( 'NONE',  ( 17.49999999999963052, -1.540234375000006484, 207.3369140625000568 ) ) ;
#1361 = MECHANICAL_DESIGN_GEOMETRIC_PRESENTATION_REPRESENTATION (  '', ( #7133 ), #7435 ) ;
#1362 = SURFACE_SIDE_STYLE ('',( #9850 ) ) ;
#1363 = CARTESIAN_POINT ( 'NONE',  ( 17.49999999999963052, 4.543749999999994849, 207.6875000000000853 ) ) ;
#1364 = MECHANICAL_DESIGN_GEOMETRIC_PRESENTATION_REPRESENTATION (  '', ( #1202 ), #9380 ) ;
#1365 = VECTOR ( 'NONE', #3082, 1000.000000000000000 ) ;
#1366 = ORIENTED_EDGE ( 'NONE', *, *, #7790, .T. ) ;
#1367 = CARTESIAN_POINT ( 'NONE',  ( 17.49999999999963052, 2.026507413333320073, 207.7168317669029136 ) ) ;
#1368 = VERTEX_POINT ( 'NONE', #1980 ) ;
#1369 = FACE_OUTER_BOUND ( 'NONE', #8982, .T. ) ;
#1370 = LINE ( 'NONE', #9707, #3443 ) ;
#1371 = CIRCLE ( 'NONE', #3448, 0.8750000000000007772 ) ;
#1372 = CARTESIAN_POINT ( 'NONE',  ( 17.99999999999962697, 3.437884293341148201, 208.8381044783030234 ) ) ;
#1373 = CARTESIAN_POINT ( 'NONE',  ( 17.49999999999961986, 2.413567136149273207, 208.8984376069369091 ) ) ;
#1374 = DIRECTION ( 'NONE',  ( -0.000000000000000000, -0.000000000000000000, -1.000000000000000000 ) ) ;
#1375 = FILL_AREA_STYLE ('',( #3564 ) ) ;
#1376 = VERTEX_POINT ( 'NONE', #6688 ) ;
#1377 = CARTESIAN_POINT ( 'NONE',  ( 17.49999999999962697, 4.528590222734415249, 207.3031966069625298 ) ) ;
#1378 =( GEOMETRIC_REPRESENTATION_CONTEXT ( 3 ) GLOBAL_UNCERTAINTY_ASSIGNED_CONTEXT ( ( #6295 ) ) GLOBAL_UNIT_ASSIGNED_CONTEXT ( ( #6990, #4571, #6064 ) ) REPRESENTATION_CONTEXT ( 'NONE', 'WORKASPACE' ) );
#1379 = ADVANCED_FACE ( 'NONE', ( #5019 ), #2030, .T. ) ;
#1380 = CARTESIAN_POINT ( 'NONE',  ( 2.514276695296471242, 2.514276695296464137, 216.2500000000000853 ) ) ;
#1381 = EDGE_CURVE ( 'NONE', #8567, #6256, #7852, .T. ) ;
#1382 = LINE ( 'NONE', #9058, #155 ) ;
#1383 = CARTESIAN_POINT ( 'NONE',  ( -0.000000000000000000, 6.174999999999999822, 191.0000000000000000 ) ) ;
#1384 = VERTEX_POINT ( 'NONE', #8457 ) ;
#1385 = DIRECTION ( 'NONE',  ( -0.000000000000000000, 0.000000000000000000, 1.000000000000000000 ) ) ;
#1386 = FILL_AREA_STYLE_COLOUR ( '', #5820 ) ;
#1387 = DIRECTION ( 'NONE',  ( 2.168404344970974848E-16, -1.000000000000000000, 0.000000000000000000 ) ) ;
#1388 = DIRECTION ( 'NONE',  ( 1.000000000000000000, 0.000000000000000000, 0.000000000000000000 ) ) ;
#1389 = STYLED_ITEM ( 'NONE', ( #6147 ), #6197 ) ;
#1390 = DIRECTION ( 'NONE',  ( 0.000000000000000000, 0.000000000000000000, 1.000000000000000000 ) ) ;
#1391 = PRESENTATION_LAYER_ASSIGNMENT (  '', '', ( #3327 ) ) ;
#1392 = EDGE_CURVE ( 'NONE', #305, #7996, #9204, .T. ) ;
#1393 = CARTESIAN_POINT ( 'NONE',  ( -16.99999999999999645, -11.99999999999999822, 3.000000000000002665 ) ) ;
#1394 = ORIENTED_EDGE ( 'NONE', *, *, #770, .T. ) ;
#1395 =( NAMED_UNIT ( * ) SI_UNIT ( $, .STERADIAN. ) SOLID_ANGLE_UNIT ( ) );
#1396 = CARTESIAN_POINT ( 'NONE',  ( -14.62499999999996447, -3.624194836688189980, 197.7500000000000000 ) ) ;
#1397 = DIRECTION ( 'NONE',  ( 1.040834085586084257E-14, -1.000000000000000000, 0.000000000000000000 ) ) ;
#1398 = PRESENTATION_STYLE_ASSIGNMENT (( #2143 ) ) ;
#1399 = EDGE_LOOP ( 'NONE', ( #7964, #7387, #294, #1366 ) ) ;
#1400 = AXIS2_PLACEMENT_3D ( 'NONE', #3793, #4649, #6095 ) ;
#1401 = UNCERTAINTY_MEASURE_WITH_UNIT (LENGTH_MEASURE( 1.000000000000000082E-05 ), #9772, 'distance_accuracy_value', 'NONE');
#1402 = CARTESIAN_POINT ( 'NONE',  ( 17.99999999999962341, 2.430926271590049925, 207.5017323999452685 ) ) ;
#1403 = ORIENTED_EDGE ( 'NONE', *, *, #6593, .T. ) ;
#1404 = CARTESIAN_POINT ( 'NONE',  ( -17.00000000000000000, -11.17258389690902298, 0.9182957526243720192 ) ) ;
#1405 = CARTESIAN_POINT ( 'NONE',  ( 17.99999999999962697, 3.528017925053920312, 208.1572434063212143 ) ) ;
#1406 = CARTESIAN_POINT ( 'NONE',  ( 17.99999999999963052, 2.391441402030203722, 207.6083450192777207 ) ) ;
#1407 = EDGE_CURVE ( 'NONE', #9484, #5350, #6389, .T. ) ;
#1408 = FILL_AREA_STYLE ('',( #1354 ) ) ;
#1409 = CARTESIAN_POINT ( 'NONE',  ( 17.99999999999963052, 0.1687499999999942379, 208.5937500000000568 ) ) ;
#1410 = VECTOR ( 'NONE', #2546, 1000.000000000000000 ) ;
#1411 = DIRECTION ( 'NONE',  ( 1.000000000000000000, 5.728085021779798853E-16, 0.000000000000000000 ) ) ;
#1412 = CARTESIAN_POINT ( 'NONE',  ( 17.49999999999962341, 2.332677804538983324, 208.5103745598411535 ) ) ;
#1413 = UNCERTAINTY_MEASURE_WITH_UNIT (LENGTH_MEASURE( 1.000000000000000082E-05 ), #7135, 'distance_accuracy_value', 'NONE');
#1414 = FILL_AREA_STYLE ('',( #8385 ) ) ;
#1415 = VECTOR ( 'NONE', #9071, 1000.000000000000000 ) ;
#1416 = SURFACE_STYLE_FILL_AREA ( #6722 ) ;
#1417 = CARTESIAN_POINT ( 'NONE',  ( 15.93552652476789433, 3.020389284362889892, 108.9486355208270396 ) ) ;
#1418 = ORIENTED_EDGE ( 'NONE', *, *, #6670, .F. ) ;
#1419 = MECHANICAL_DESIGN_GEOMETRIC_PRESENTATION_REPRESENTATION (  '', ( #3027 ), #9594 ) ;
#1420 = AXIS2_PLACEMENT_3D ( 'NONE', #2985, #3138, #2384 ) ;
#1421 = ORIENTED_EDGE ( 'NONE', *, *, #8194, .T. ) ;
#1422 = CARTESIAN_POINT ( 'NONE',  ( 17.49999999999964118, 1.878215290366066714, 207.5412820576707986 ) ) ;
#1423 = ORIENTED_EDGE ( 'NONE', *, *, #9904, .T. ) ;
#1424 = CARTESIAN_POINT ( 'NONE',  ( -16.62500000000006395, -0.5744632244588669945, 198.7500000000000000 ) ) ;
#1425 =( NAMED_UNIT ( * ) SI_UNIT ( $, .STERADIAN. ) SOLID_ANGLE_UNIT ( ) );
#1426 = AXIS2_PLACEMENT_3D ( 'NONE', #1445, #3582, #1397 ) ;
#1427 = CARTESIAN_POINT ( 'NONE',  ( 17.99999999999963052, 2.522774623324850030, 208.8491404223512120 ) ) ;
#1428 = SURFACE_SIDE_STYLE ('',( #8292 ) ) ;
#1429 = DIRECTION ( 'NONE',  ( 1.040834085586083152E-14, -1.000000000000000000, 0.000000000000000000 ) ) ;
#1430 = ORIENTED_EDGE ( 'NONE', *, *, #9037, .T. ) ;
#1431 = CARTESIAN_POINT ( 'NONE',  ( 17.99999999999963052, 4.480561945228783038, 206.9981694959682841 ) ) ;
#1432 = PLANE ( 'NONE',  #6532 ) ;
#1433 = CARTESIAN_POINT ( 'NONE',  ( 17.99999999999962697, 3.220045057481521589, 208.5848739800644296 ) ) ;
#1434 = FACE_OUTER_BOUND ( 'NONE', #9588, .T. ) ;
#1435 = DIRECTION ( 'NONE',  ( 1.000000000000000000, 0.000000000000000000, 0.000000000000000000 ) ) ;
#1436 = VERTEX_POINT ( 'NONE', #2986 ) ;
#1437 = LINE ( 'NONE', #5340, #6044 ) ;
#1438 = DIRECTION ( 'NONE',  ( -1.000000000000000000, -5.728085021779797867E-16, 8.583663793918551117E-34 ) ) ;
#1439 = CARTESIAN_POINT ( 'NONE',  ( 17.99999999999962341, 4.020514041537930794, 208.9134394559440011 ) ) ;
#1440 = CARTESIAN_POINT ( 'NONE',  ( -14.30012835249478265, -2.462542269836070385, 108.9896246634147730 ) ) ;
#1441 = COLOUR_RGB ( '',0.03921568627450980338, 0.3019607843137254721, 0.9725490196078431238 ) ;
#1442 =( NAMED_UNIT ( * ) SI_UNIT ( $, .STERADIAN. ) SOLID_ANGLE_UNIT ( ) );
#1443 = VERTEX_POINT ( 'NONE', #118 ) ;
#1444 = CARTESIAN_POINT ( 'NONE',  ( -14.99999999999995914, -1.000000000000001776, 109.0000000000000000 ) ) ;
#1445 = CARTESIAN_POINT ( 'NONE',  ( -15.62500000000006217, 4.624194836688377386, 195.2500000000000000 ) ) ;
#1446 = CARTESIAN_POINT ( 'NONE',  ( 17.49999999999963052, -1.122265625000006484, 206.5000000000000568 ) ) ;
#1447 = EDGE_LOOP ( 'NONE', ( #5162, #1667, #385, #9240 ) ) ;
#1448 = CARTESIAN_POINT ( 'NONE',  ( 17.49999999999962697, 2.105916389549498557, 206.4066729753554057 ) ) ;
#1449 = VERTEX_POINT ( 'NONE', #8402 ) ;
#1450 = LINE ( 'NONE', #694, #1176 ) ;
#1451 = PRESENTATION_STYLE_ASSIGNMENT (( #5199 ) ) ;
#1452 = CARTESIAN_POINT ( 'NONE',  ( 17.99999999999963407, -5.324999999999987743, 212.0000000000000853 ) ) ;
#1453 = LINE ( 'NONE', #7519, #8182 ) ;
#1454 =( NAMED_UNIT ( * ) SI_UNIT ( $, .STERADIAN. ) SOLID_ANGLE_UNIT ( ) );
#1455 = UNCERTAINTY_MEASURE_WITH_UNIT (LENGTH_MEASURE( 1.000000000000000082E-05 ), #7587, 'distance_accuracy_value', 'NONE');
#1456 =( GEOMETRIC_REPRESENTATION_CONTEXT ( 3 ) GLOBAL_UNCERTAINTY_ASSIGNED_CONTEXT ( ( #9847 ) ) GLOBAL_UNIT_ASSIGNED_CONTEXT ( ( #697, #2263, #7729 ) ) REPRESENTATION_CONTEXT ( 'NONE', 'WORKASPACE' ) );
#1457 = CARTESIAN_POINT ( 'NONE',  ( 17.49999999999963052, 2.175145800284587594, 208.5618494717654130 ) ) ;
#1458 = CARTESIAN_POINT ( 'NONE',  ( 17.99999999999963052, 1.911961116668974059, 206.4349810995303187 ) ) ;
#1459 = SURFACE_STYLE_FILL_AREA ( #1414 ) ;
#1460 = CARTESIAN_POINT ( 'NONE',  ( 17.49999999999964828, 1.876080608614070666, 208.3487941586467684 ) ) ;
#1461 = CARTESIAN_POINT ( 'NONE',  ( 17.49999999999963052, 2.813281249999993960, 208.3437500000000568 ) ) ;
#1462 = EDGE_CURVE ( 'NONE', #3447, #7361, #7698, .T. ) ;
#1463 = ORIENTED_EDGE ( 'NONE', *, *, #2373, .T. ) ;
#1464 = MECHANICAL_DESIGN_GEOMETRIC_PRESENTATION_REPRESENTATION (  '', ( #6419 ), #3242 ) ;
#1465 = ORIENTED_EDGE ( 'NONE', *, *, #7369, .T. ) ;
#1466 = DIRECTION ( 'NONE',  ( -1.000000000000000000, -5.728085021779797867E-16, 8.583663793918551117E-34 ) ) ;
#1467 = SURFACE_STYLE_USAGE ( .BOTH. , #8551 ) ;
#1468 = LINE ( 'NONE', #7646, #9417 ) ;
#1469 = CARTESIAN_POINT ( 'NONE',  ( 16.49999999999962697, 1.000000000000000000, 216.2500000000000853 ) ) ;
#1470 = SURFACE_STYLE_FILL_AREA ( #20 ) ;
#1471 = VECTOR ( 'NONE', #8711, 1000.000000000000000 ) ;
#1472 = VERTEX_POINT ( 'NONE', #9254 ) ;
#1473 = STYLED_ITEM ( 'NONE', ( #4240 ), #1209 ) ;
#1474 = CARTESIAN_POINT ( 'NONE',  ( 17.49999999999961986, 3.331546187456889463, 208.7483697547849317 ) ) ;
#1475 =( NAMED_UNIT ( * ) SI_UNIT ( $, .STERADIAN. ) SOLID_ANGLE_UNIT ( ) );
#1476 = FILL_AREA_STYLE_COLOUR ( '', #3167 ) ;
#1477 = VERTEX_POINT ( 'NONE', #6123 ) ;
#1478 = COLOUR_RGB ( '',1.000000000000000000, 1.000000000000000000, 1.000000000000000000 ) ;
#1479 = EDGE_CURVE ( 'NONE', #7918, #1761, #6993, .T. ) ;
#1480 = CARTESIAN_POINT ( 'NONE',  ( 17.99999999999963052, -0.5187500000000057065, 209.0000000000000568 ) ) ;
#1481 = CARTESIAN_POINT ( 'NONE',  ( 17.49999999999963407, 4.429492187499993072, 208.5366210937500284 ) ) ;
#1482 = CARTESIAN_POINT ( 'NONE',  ( 17.99999999999962341, 3.592554851106326996, 208.4132330107684368 ) ) ;
#1483 = SURFACE_STYLE_USAGE ( .BOTH. , #6640 ) ;
#1484 = ORIENTED_EDGE ( 'NONE', *, *, #7365, .T. ) ;
#1485 = ADVANCED_FACE ( 'NONE', ( #9296 ), #6068, .T. ) ;
#1486 = ORIENTED_EDGE ( 'NONE', *, *, #3315, .F. ) ;
#1487 =( LENGTH_UNIT ( ) NAMED_UNIT ( * ) SI_UNIT ( .MILLI., .METRE. ) );
#1488 = DIRECTION ( 'NONE',  ( 1.000000000000000000, 1.040834085586025565E-14, 0.000000000000000000 ) ) ;
#1489 = FILL_AREA_STYLE_COLOUR ( '', #8853 ) ;
#1490 = ORIENTED_EDGE ( 'NONE', *, *, #1267, .T. ) ;
#1491 = UNCERTAINTY_MEASURE_WITH_UNIT (LENGTH_MEASURE( 1.000000000000000082E-05 ), #5799, 'distance_accuracy_value', 'NONE');
#1492 = CARTESIAN_POINT ( 'NONE',  ( 17.99999999999962341, 4.229224064239723191, 208.8109156424732760 ) ) ;
#1493 = ORIENTED_EDGE ( 'NONE', *, *, #3284, .T. ) ;
#1494 = CARTESIAN_POINT ( 'NONE',  ( 17.49999999999962341, 2.157519531249993960, 208.9375000000000568 ) ) ;
#1495 = CARTESIAN_POINT ( 'NONE',  ( 17.99999999999963052, 1.387499999999993738, 207.8222656250000568 ) ) ;
#1496 =( LENGTH_UNIT ( ) NAMED_UNIT ( * ) SI_UNIT ( .MILLI., .METRE. ) );
#1497 = FACE_OUTER_BOUND ( 'NONE', #8192, .T. ) ;
#1498 = VECTOR ( 'NONE', #5027, 1000.000000000000000 ) ;
#1499 = EDGE_CURVE ( 'NONE', #4826, #8043, #7727, .T. ) ;
#1500 = CARTESIAN_POINT ( 'NONE',  ( 17.49999999999963052, 1.825959845625527489, 207.2250223028126754 ) ) ;
#1501 = SURFACE_SIDE_STYLE ('',( #3750 ) ) ;
#1502 = ADVANCED_FACE ( 'NONE', ( #4255 ), #2820, .T. ) ;
#1503 = UNCERTAINTY_MEASURE_WITH_UNIT (LENGTH_MEASURE( 1.000000000000000082E-05 ), #1991, 'distance_accuracy_value', 'NONE');
#1504 = EDGE_CURVE ( 'NONE', #3254, #5801, #8608, .T. ) ;
#1505 = PLANE ( 'NONE',  #8595 ) ;
#1506 = CARTESIAN_POINT ( 'NONE',  ( 17.99999999999963052, 1.825251798338514808, 208.0792762465309806 ) ) ;
#1507 = ORIENTED_EDGE ( 'NONE', *, *, #5228, .F. ) ;
#1508 = AXIS2_PLACEMENT_3D ( 'NONE', #6334, #2631, #5538 ) ;
#1509 = EDGE_CURVE ( 'NONE', #6947, #3640, #2474, .T. ) ;
#1510 = ORIENTED_EDGE ( 'NONE', *, *, #6499, .F. ) ;
#1511 = SURFACE_STYLE_USAGE ( .BOTH. , #2374 ) ;
#1512 = MECHANICAL_DESIGN_GEOMETRIC_PRESENTATION_REPRESENTATION (  '', ( #6142 ), #1662 ) ;
#1513 = UNCERTAINTY_MEASURE_WITH_UNIT (LENGTH_MEASURE( 1.000000000000000082E-05 ), #7883, 'distance_accuracy_value', 'NONE');
#1514 = VERTEX_POINT ( 'NONE', #9643 ) ;
#1515 = CARTESIAN_POINT ( 'NONE',  ( 17.99999999999962697, 4.106249999999993960, 207.6875000000000568 ) ) ;
#1516 = DIRECTION ( 'NONE',  ( 0.000000000000000000, 1.000000000000000000, 0.000000000000000000 ) ) ;
#1517 = CARTESIAN_POINT ( 'NONE',  ( 17.99999999999963762, 2.362439653655270533, 206.9532688236553213 ) ) ;
#1518 = DIRECTION ( 'NONE',  ( -0.000000000000000000, -0.000000000000000000, -1.000000000000000000 ) ) ;
#1519 = CARTESIAN_POINT ( 'NONE',  ( 17.99999999999963052, 1.827816081797511316, 207.1672753519269747 ) ) ;
#1520 = COLOUR_RGB ( '',1.000000000000000000, 1.000000000000000000, 1.000000000000000000 ) ;
#1521 = ORIENTED_EDGE ( 'NONE', *, *, #5900, .T. ) ;
#1522 = EDGE_CURVE ( 'NONE', #4873, #8571, #8079, .T. ) ;
#1523 = PRESENTATION_STYLE_ASSIGNMENT (( #7803 ) ) ;
#1524 = SURFACE_STYLE_FILL_AREA ( #1664 ) ;
#1525 = FACE_OUTER_BOUND ( 'NONE', #4467, .T. ) ;
#1526 = PRESENTATION_STYLE_ASSIGNMENT (( #3726 ) ) ;
#1527 = SURFACE_STYLE_FILL_AREA ( #3826 ) ;
#1528 = VECTOR ( 'NONE', #2662, 1000.000000000000000 ) ;
#1529 = ORIENTED_EDGE ( 'NONE', *, *, #590, .T. ) ;
#1531 = FACE_BOUND ( 'NONE', #6121, .T. ) ;
#1530 =( GEOMETRIC_REPRESENTATION_CONTEXT ( 3 ) GLOBAL_UNCERTAINTY_ASSIGNED_CONTEXT ( ( #9532 ) ) GLOBAL_UNIT_ASSIGNED_CONTEXT ( ( #1862, #216, #2668 ) ) REPRESENTATION_CONTEXT ( 'NONE', 'WORKASPACE' ) );
#1532 = SURFACE_STYLE_FILL_AREA ( #3677 ) ;
#1533 = CARTESIAN_POINT ( 'NONE',  ( 17.99999999999963052, 4.066573623958151806, 208.8989810010243957 ) ) ;
#1534 = CARTESIAN_POINT ( 'NONE',  ( 17.99999999999963052, 3.570796107484091486, 208.3703042318917085 ) ) ;
#1535 = CARTESIAN_POINT ( 'NONE',  ( 17.99999999999962697, 3.593948680655651540, 206.9617035697823155 ) ) ;
#1536 = VERTEX_POINT ( 'NONE', #3235 ) ;
#1537 = COLOUR_RGB ( '',1.000000000000000000, 1.000000000000000000, 1.000000000000000000 ) ;
#1538 =( GEOMETRIC_REPRESENTATION_CONTEXT ( 3 ) GLOBAL_UNCERTAINTY_ASSIGNED_CONTEXT ( ( #7931 ) ) GLOBAL_UNIT_ASSIGNED_CONTEXT ( ( #6052, #9141, #5314 ) ) REPRESENTATION_CONTEXT ( 'NONE', 'WORKASPACE' ) );
#1539 = EDGE_CURVE ( 'NONE', #5186, #6997, #4068, .T. ) ;
#1540 = ORIENTED_EDGE ( 'NONE', *, *, #8445, .T. ) ;
#1541 = SURFACE_STYLE_USAGE ( .BOTH. , #2352 ) ;
#1542 = DIRECTION ( 'NONE',  ( -0.000000000000000000, 0.000000000000000000, 1.000000000000000000 ) ) ;
#1543 = ORIENTED_EDGE ( 'NONE', *, *, #6967, .T. ) ;
#1544 = CARTESIAN_POINT ( 'NONE',  ( 17.99999999999963052, 2.420670937689589408, 207.5401943370453921 ) ) ;
#1545 = EDGE_LOOP ( 'NONE', ( #5760, #1084, #6491, #6424 ) ) ;
#1546 = VECTOR ( 'NONE', #9914, 1000.000000000000000 ) ;
#1547 = CARTESIAN_POINT ( 'NONE',  ( 16.49999999999962697, 1.000000000000000000, 212.0000000000000853 ) ) ;
#1548 = CARTESIAN_POINT ( 'NONE',  ( -14.88486734534373745, -3.875113062089134974, 108.8226244465382422 ) ) ;
#1549 = CARTESIAN_POINT ( 'NONE',  ( 17.99999999999962697, 2.154810033703184136, 208.0920755829917539 ) ) ;
#1550 = DIRECTION ( 'NONE',  ( 5.728085021779797867E-16, -1.000000000000000000, 1.294569758191643735E-17 ) ) ;
#1551 = DIRECTION ( 'NONE',  ( -1.000000000000000000, 0.000000000000000000, -0.000000000000000000 ) ) ;
#1552 = AXIS2_PLACEMENT_3D ( 'NONE', #9087, #3069, #2967 ) ;
#1553 = MECHANICAL_DESIGN_GEOMETRIC_PRESENTATION_REPRESENTATION (  '', ( #3788 ), #9735 ) ;
#1554 = DIRECTION ( 'NONE',  ( 1.000000000000000000, 0.000000000000000000, 0.000000000000000000 ) ) ;
#1555 = CARTESIAN_POINT ( 'NONE',  ( 17.99999999999962697, 3.815234374999993960, 206.8437500000000568 ) ) ;
#1556 = CARTESIAN_POINT ( 'NONE',  ( 14.00000000000001243, 2.500000000000000000, 107.9999999999999858 ) ) ;
#1557 = ORIENTED_EDGE ( 'NONE', *, *, #1006, .T. ) ;
#1558 = VECTOR ( 'NONE', #7050, 1000.000000000000000 ) ;
#1559 = CARTESIAN_POINT ( 'NONE',  ( 17.99999999999963407, 2.124804687499994404, 206.4062500000000568 ) ) ;
#1560 = PRESENTATION_LAYER_ASSIGNMENT (  '', '', ( #4760 ) ) ;
#1561 = EDGE_LOOP ( 'NONE', ( #3159, #5913, #6574, #7140 ) ) ;
#1562 = CARTESIAN_POINT ( 'NONE',  ( 17.99999999999963407, 2.295213265302409766, 208.5339457930067795 ) ) ;
#1563 = VECTOR ( 'NONE', #3814, 1000.000000000000000 ) ;
#1564 = AXIS2_PLACEMENT_3D ( 'NONE', #595, #9782, #4491 ) ;
#1565 = ORIENTED_EDGE ( 'NONE', *, *, #2565, .T. ) ;
#1566 = PRESENTATION_STYLE_ASSIGNMENT (( #1467 ) ) ;
#1567 = CARTESIAN_POINT ( 'NONE',  ( 17.99999999999962341, 4.104080526595970113, 207.4688973289872536 ) ) ;
#1568 = PRESENTATION_STYLE_ASSIGNMENT (( #3665 ) ) ;
#1569 = DIRECTION ( 'NONE',  ( 0.000000000000000000, 0.4467959804275458136, 0.8946358766972115628 ) ) ;
#1570 = CARTESIAN_POINT ( 'NONE',  ( 17.99999999999963052, 2.007936400704150248, 206.8443912646148135 ) ) ;
#1571 = CIRCLE ( 'NONE', #3184, 2.000000000000000000 ) ;
#1572 = CARTESIAN_POINT ( 'NONE',  ( -12.62499999999999822, -3.000000000000000888, 197.0000000000000000 ) ) ;
#1573 = CARTESIAN_POINT ( 'NONE',  ( 17.99999999999962697, 3.708756172803384210, 208.9316888853320222 ) ) ;
#1574 = FILL_AREA_STYLE_COLOUR ( '', #5425 ) ;
#1575 = CARTESIAN_POINT ( 'NONE',  ( -11.87499999999999822, 3.750000000000000444, 197.0000000000000000 ) ) ;
#1576 = ORIENTED_EDGE ( 'NONE', *, *, #9353, .F. ) ;
#1577 = MECHANICAL_DESIGN_GEOMETRIC_PRESENTATION_REPRESENTATION (  '', ( #8960 ), #8475 ) ;
#1578 =( LENGTH_UNIT ( ) NAMED_UNIT ( * ) SI_UNIT ( .MILLI., .METRE. ) );
#1579 = FILL_AREA_STYLE ('',( #8461 ) ) ;
#1580 = CARTESIAN_POINT ( 'NONE',  ( 16.99999999999999645, 11.17020577380345792, 103.0074680009855683 ) ) ;
#1581 = CARTESIAN_POINT ( 'NONE',  ( 17.99999999999962697, 4.429492187499993072, 206.8383789062500284 ) ) ;
#1582 = CARTESIAN_POINT ( 'NONE',  ( -14.21959135857936474, 2.543001573421038053, 108.9865570780247452 ) ) ;
#1583 = VERTEX_POINT ( 'NONE', #8950 ) ;
#1584 = DIRECTION ( 'NONE',  ( -0.000000000000000000, -0.000000000000000000, 1.000000000000000000 ) ) ;
#1585 = EDGE_CURVE ( 'NONE', #9561, #3737, #8326, .T. ) ;
#1586 = LINE ( 'NONE', #3738, #8054 ) ;
#1587 = CARTESIAN_POINT ( 'NONE',  ( -17.37500000000000000, 0.000000000000000000, 191.7500000000000000 ) ) ;
#1588 = VERTEX_POINT ( 'NONE', #5455 ) ;
#1589 = UNCERTAINTY_MEASURE_WITH_UNIT (LENGTH_MEASURE( 1.000000000000000082E-05 ), #374, 'distance_accuracy_value', 'NONE');
#1590 = SURFACE_STYLE_USAGE ( .BOTH. , #6344 ) ;
#1591 = CARTESIAN_POINT ( 'NONE',  ( 17.99999999999963762, 2.440055818346179350, 207.4609212412907766 ) ) ;
#1592 = ORIENTED_EDGE ( 'NONE', *, *, #6214, .F. ) ;
#1593 = STYLED_ITEM ( 'NONE', ( #9919 ), #9853 ) ;
#1594 = CARTESIAN_POINT ( 'NONE',  ( 17.99999999999962697, 1.825744916917470873, 208.1149993596013985 ) ) ;
#1595 =( LENGTH_UNIT ( ) NAMED_UNIT ( * ) SI_UNIT ( .MILLI., .METRE. ) );
#1596 = CARTESIAN_POINT ( 'NONE',  ( 17.99999999999963407, 3.650198452637130941, 206.8953103237465143 ) ) ;
#1597 = DIRECTION ( 'NONE',  ( 0.000000000000000000, -0.4822272466064918550, -0.8760461646684618575 ) ) ;
#1598 = PRESENTATION_STYLE_ASSIGNMENT (( #4604 ) ) ;
#1599 = CARTESIAN_POINT ( 'NONE',  ( -14.62500000000004086, 3.624194836688179766, 197.7500000000000000 ) ) ;
#1600 = CARTESIAN_POINT ( 'NONE',  ( 17.99999999999963407, 1.388969836369708277, 207.9378378781081267 ) ) ;
#1601 = VECTOR ( 'NONE', #384, 1000.000000000000000 ) ;
#1602 = VERTEX_POINT ( 'NONE', #5996 ) ;
#1603 =( LENGTH_UNIT ( ) NAMED_UNIT ( * ) SI_UNIT ( .MILLI., .METRE. ) );
#1604 =( GEOMETRIC_REPRESENTATION_CONTEXT ( 3 ) GLOBAL_UNCERTAINTY_ASSIGNED_CONTEXT ( ( #6307 ) ) GLOBAL_UNIT_ASSIGNED_CONTEXT ( ( #492, #2702, #1887 ) ) REPRESENTATION_CONTEXT ( 'NONE', 'WORKASPACE' ) );
#1605 = ADVANCED_FACE ( 'NONE', ( #5406 ), #96, .T. ) ;
#1606 =( NAMED_UNIT ( * ) PLANE_ANGLE_UNIT ( ) SI_UNIT ( $, .RADIAN. ) );
#1607 = ORIENTED_EDGE ( 'NONE', *, *, #2038, .F. ) ;
#1608 = CARTESIAN_POINT ( 'NONE',  ( 17.49999999999963407, 1.496386718749993516, 206.8862304687500568 ) ) ;
#1610 = MECHANICAL_DESIGN_GEOMETRIC_PRESENTATION_REPRESENTATION (  '', ( #4496 ), #8184 ) ;
#1609 = CARTESIAN_POINT ( 'NONE',  ( 17.99999999999961986, 4.097588012899399779, 207.2888374930758175 ) ) ;
#1611 = FILL_AREA_STYLE ('',( #3966 ) ) ;
#1612 = CARTESIAN_POINT ( 'NONE',  ( 15.49999999999963229, -2.500000000000000444, 216.2500000000000853 ) ) ;
#1613 = CIRCLE ( 'NONE', #9000, 0.8749999999999990008 ) ;
#1614 = CARTESIAN_POINT ( 'NONE',  ( 17.99999999999962697, 3.512499999999993960, 207.6875000000000568 ) ) ;
#1615 = CARTESIAN_POINT ( 'NONE',  ( 17.49999999999962697, 3.198535156249993516, 208.5366210937500284 ) ) ;
#1616 = ADVANCED_FACE ( 'NONE', ( #8487 ), #6148, .T. ) ;
#1617 =( NAMED_UNIT ( * ) PLANE_ANGLE_UNIT ( ) SI_UNIT ( $, .RADIAN. ) );
#1618 = LINE ( 'NONE', #5579, #6898 ) ;
#1619 = LINE ( 'NONE', #8405, #8131 ) ;
#1620 = EDGE_CURVE ( 'NONE', #549, #4066, #1453, .T. ) ;
#1621 = ORIENTED_EDGE ( 'NONE', *, *, #7580, .F. ) ;
#1622 = SURFACE_SIDE_STYLE ('',( #7857 ) ) ;
#1623 = EDGE_CURVE ( 'NONE', #4948, #1208, #6199, .T. ) ;
#1624 = LINE ( 'NONE', #923, #8384 ) ;
#1625 = DIRECTION ( 'NONE',  ( 0.000000000000000000, 1.000000000000000000, 0.000000000000000000 ) ) ;
#1627 = STYLED_ITEM ( 'NONE', ( #5226 ), #2116 ) ;
#1626 = DIRECTION ( 'NONE',  ( 1.387778780781445676E-14, -1.000000000000000000, 0.000000000000000000 ) ) ;
#1628 = LINE ( 'NONE', #8516, #9096 ) ;
#1629 = CARTESIAN_POINT ( 'NONE',  ( 17.49999999999963407, 4.328508710310702945, 206.6630882637648483 ) ) ;
#1630 = AXIS2_PLACEMENT_3D ( 'NONE', #1284, #1342, #4492 ) ;
#1631 = PRESENTATION_STYLE_ASSIGNMENT (( #6953 ) ) ;
#1632 = ORIENTED_EDGE ( 'NONE', *, *, #6400, .T. ) ;
#1633 = CARTESIAN_POINT ( 'NONE',  ( 17.99999999999963407, 2.180486858278851692, 208.9370368750878129 ) ) ;
#1634 =( GEOMETRIC_REPRESENTATION_CONTEXT ( 3 ) GLOBAL_UNCERTAINTY_ASSIGNED_CONTEXT ( ( #9431 ) ) GLOBAL_UNIT_ASSIGNED_CONTEXT ( ( #8133, #7316, #1249 ) ) REPRESENTATION_CONTEXT ( 'NONE', 'WORKASPACE' ) );
#1635 = ORIENTED_EDGE ( 'NONE', *, *, #1655, .T. ) ;
#1636 = CARTESIAN_POINT ( 'NONE',  ( 17.99999999999962697, 3.708756172803384210, 208.9316888853320222 ) ) ;
#1637 = CARTESIAN_POINT ( 'NONE',  ( 17.99999999999962697, 3.198535156249993960, 206.8383789062500284 ) ) ;
#1638 = VERTEX_POINT ( 'NONE', #1409 ) ;
#1639 = CARTESIAN_POINT ( 'NONE',  ( 17.49999999999963407, 1.763598209898949554, 208.8104667018372425 ) ) ;
#1640 =( LENGTH_UNIT ( ) NAMED_UNIT ( * ) SI_UNIT ( .MILLI., .METRE. ) );
#1641 = CARTESIAN_POINT ( 'NONE',  ( 17.49999999999963407, 1.487579912239743285, 206.9136381209456772 ) ) ;
#1642 = PRESENTATION_LAYER_ASSIGNMENT (  '', '', ( #7402 ) ) ;
#1643 = FILL_AREA_STYLE_COLOUR ( '', #3326 ) ;
#1644 = FILL_AREA_STYLE_COLOUR ( '', #6412 ) ;
#1645 = CARTESIAN_POINT ( 'NONE',  ( 17.99999999999962341, 4.085898033633400317, 208.2235702283400940 ) ) ;
#1646 = CARTESIAN_POINT ( 'NONE',  ( 17.49999999999962697, 1.981478142965041878, 206.8625108272688635 ) ) ;
#1647 = PLANE ( 'NONE',  #9572 ) ;
#1648 = COLOUR_RGB ( '',1.000000000000000000, 0.7490196078431372584, 0.000000000000000000 ) ;
#1649 = FILL_AREA_STYLE_COLOUR ( '', #609 ) ;
#1650 =( NAMED_UNIT ( * ) PLANE_ANGLE_UNIT ( ) SI_UNIT ( $, .RADIAN. ) );
#1651 = ORIENTED_EDGE ( 'NONE', *, *, #8631, .F. ) ;
#1652 = FILL_AREA_STYLE_COLOUR ( '', #2334 ) ;
#1653 =( GEOMETRIC_REPRESENTATION_CONTEXT ( 3 ) GLOBAL_UNCERTAINTY_ASSIGNED_CONTEXT ( ( #1286 ) ) GLOBAL_UNIT_ASSIGNED_CONTEXT ( ( #8987, #4394, #3641 ) ) REPRESENTATION_CONTEXT ( 'NONE', 'WORKASPACE' ) );
#1654 = CARTESIAN_POINT ( 'NONE',  ( 17.99999999999963052, 4.543749999999994849, 207.6875000000000853 ) ) ;
#1655 = EDGE_CURVE ( 'NONE', #8816, #7586, #9842, .T. ) ;
#1656 = CARTESIAN_POINT ( 'NONE',  ( -16.99999999999999645, -8.999999999999998224, 3.000000000000002665 ) ) ;
#1657 = CARTESIAN_POINT ( 'NONE',  ( -13.62500000000004974, 4.624194836688191756, 197.7500000000000000 ) ) ;
#1658 = B_SPLINE_CURVE_WITH_KNOTS ( 'NONE', 3,
 ( #5068, #7381, #3425, #2834, #5867, #9555, #8959, #3379, #2069, #6428, #3468, #2682 ),
 .UNSPECIFIED., .F., .F.,
 ( 4, 2, 2, 2, 2, 4 ),
 ( -2.000000826449630059E-05, 0.0005576208941980457861, 0.001135241796660587917, 0.002290483601585669143, 0.003445725406510749718, 0.004600967211435831594 ),
 .UNSPECIFIED. ) ;
#1659 =( LENGTH_UNIT ( ) NAMED_UNIT ( * ) SI_UNIT ( .MILLI., .METRE. ) );
#1660 = FACE_OUTER_BOUND ( 'NONE', #534, .T. ) ;
#1661 =( LENGTH_UNIT ( ) NAMED_UNIT ( * ) SI_UNIT ( .MILLI., .METRE. ) );
#1662 =( GEOMETRIC_REPRESENTATION_CONTEXT ( 3 ) GLOBAL_UNCERTAINTY_ASSIGNED_CONTEXT ( ( #7307 ) ) GLOBAL_UNIT_ASSIGNED_CONTEXT ( ( #2404, #7720, #43 ) ) REPRESENTATION_CONTEXT ( 'NONE', 'WORKASPACE' ) );
#1663 = FILL_AREA_STYLE_COLOUR ( '', #9434 ) ;
#1664 = FILL_AREA_STYLE ('',( #8555 ) ) ;
#1665 = FACE_BOUND ( 'NONE', #2681, .T. ) ;
#1666 = CARTESIAN_POINT ( 'NONE',  ( 17.49999999999963052, 2.813603359204026155, 207.6356200817263016 ) ) ;
#1667 = ORIENTED_EDGE ( 'NONE', *, *, #36, .T. ) ;
#1668 = CARTESIAN_POINT ( 'NONE',  ( 17.49999999999963052, 3.515452858365851529, 207.9038097586839058 ) ) ;
#1669 = LINE ( 'NONE', #5436, #1003 ) ;
#1670 = CARTESIAN_POINT ( 'NONE',  ( 17.99999999999962697, 3.512499999999993960, 207.6875000000000568 ) ) ;
#1671 = STYLED_ITEM ( 'NONE', ( #2720 ), #5013 ) ;
#1672 = SURFACE_SIDE_STYLE ('',( #5583 ) ) ;
#1673 = DIRECTION ( 'NONE',  ( -0.000000000000000000, 1.334402673828312107E-16, -1.000000000000000000 ) ) ;
#1674 = SURFACE_STYLE_FILL_AREA ( #7103 ) ;
#1675 = VERTEX_POINT ( 'NONE', #9082 ) ;
#1676 = ADVANCED_FACE ( 'NONE', ( #2207 ), #5257, .T. ) ;
#1677 = CYLINDRICAL_SURFACE ( 'NONE', #7081, 1.000000000000000888 ) ;
#1678 = ADVANCED_FACE ( 'NONE', ( #4095 ), #4895, .T. ) ;
#1679 = CARTESIAN_POINT ( 'NONE',  ( 17.99999999999962697, 2.618142278308931203, 208.7790608687302267 ) ) ;
#1680 = STYLED_ITEM ( 'NONE', ( #1853 ), #5167 ) ;
#1681 = ORIENTED_EDGE ( 'NONE', *, *, #5129, .F. ) ;
#1682 = UNCERTAINTY_MEASURE_WITH_UNIT (LENGTH_MEASURE( 1.000000000000000082E-05 ), #1045, 'distance_accuracy_value', 'NONE');
#1683 = LINE ( 'NONE', #240, #4065 ) ;
#1684 = CARTESIAN_POINT ( 'NONE',  ( 17.49999999999963052, 3.796992763627563328, 208.9372771374064826 ) ) ;
#1685 = CARTESIAN_POINT ( 'NONE',  ( 17.99999999999962697, 3.075358306845346501, 207.6419212050889769 ) ) ;
#1686 = ORIENTED_EDGE ( 'NONE', *, *, #6556, .F. ) ;
#1687 = FILL_AREA_STYLE_COLOUR ( '', #4852 ) ;
#1688 =( NAMED_UNIT ( * ) SI_UNIT ( $, .STERADIAN. ) SOLID_ANGLE_UNIT ( ) );
#1689 = EDGE_CURVE ( 'NONE', #1638, #881, #7206, .T. ) ;
#1690 = SURFACE_STYLE_FILL_AREA ( #7874 ) ;
#1691 = FILL_AREA_STYLE ('',( #7876 ) ) ;
#1692 = AXIS2_PLACEMENT_3D ( 'NONE', #5907, #8996, #3653 ) ;
#1693 = CARTESIAN_POINT ( 'NONE',  ( -15.62500000000005151, 3.624194836688377386, 195.2500000000000000 ) ) ;
#1694 = FILL_AREA_STYLE ('',( #1644 ) ) ;
#1695 = CARTESIAN_POINT ( 'NONE',  ( 12.06350832689630259, -1.999999999999998224, 109.0000000000000000 ) ) ;
#1696 = CARTESIAN_POINT ( 'NONE',  ( 16.00000000000000000, 11.00000000000000355, 109.0000000000000000 ) ) ;
#1697 = VECTOR ( 'NONE', #404, 1000.000000000000000 ) ;
#1698 = PRESENTATION_STYLE_ASSIGNMENT (( #4900 ) ) ;
#1699 = UNCERTAINTY_MEASURE_WITH_UNIT (LENGTH_MEASURE( 1.000000000000000082E-05 ), #7971, 'distance_accuracy_value', 'NONE');
#1700 = MECHANICAL_DESIGN_GEOMETRIC_PRESENTATION_REPRESENTATION (  '', ( #1671 ), #249 ) ;
#1701 = CARTESIAN_POINT ( 'NONE',  ( 17.99999999999963407, 4.092220779504941675, 208.1600791959008063 ) ) ;
#1702 = CARTESIAN_POINT ( 'NONE',  ( 17.49999999999962341, 3.198535156249993516, 206.8383789062500284 ) ) ;
#1703 = CARTESIAN_POINT ( 'NONE',  ( 17.49999999999963762, 1.824999999999993516, 207.2548828125000284 ) ) ;
#1704 = ADVANCED_FACE ( 'NONE', ( #2467 ), #348, .F. ) ;
#1705 = ORIENTED_EDGE ( 'NONE', *, *, #4322, .T. ) ;
#1706 = ADVANCED_FACE ( 'NONE', ( #6498 ), #4339, .T. ) ;
#1707 = SURFACE_STYLE_USAGE ( .BOTH. , #1007 ) ;
#1708 = COLOUR_RGB ( '',1.000000000000000000, 1.000000000000000000, 1.000000000000000000 ) ;
#1709 = FILL_AREA_STYLE_COLOUR ( '', #6263 ) ;
#1710 = SURFACE_STYLE_FILL_AREA ( #4239 ) ;
#1711 = FILL_AREA_STYLE_COLOUR ( '', #3293 ) ;
#1712 = EDGE_LOOP ( 'NONE', ( #8099, #9213, #9147, #7480 ) ) ;
#1713 = CARTESIAN_POINT ( 'NONE',  ( 17.49999999999962697, 3.724444255760313904, 206.8555195484666740 ) ) ;
#1714 =( GEOMETRIC_REPRESENTATION_CONTEXT ( 3 ) GLOBAL_UNCERTAINTY_ASSIGNED_CONTEXT ( ( #1857 ) ) GLOBAL_UNIT_ASSIGNED_CONTEXT ( ( #5505, #4795, #4043 ) ) REPRESENTATION_CONTEXT ( 'NONE', 'WORKASPACE' ) );
#1715 = CARTESIAN_POINT ( 'NONE',  ( 17.99999999999962697, 3.198535156249993960, 208.5366210937500284 ) ) ;
#1716 = CARTESIAN_POINT ( 'NONE',  ( 17.99999999999963052, 4.101185280399283428, 207.3735124014598910 ) ) ;
#1717 = PRESENTATION_STYLE_ASSIGNMENT (( #8601 ) ) ;
#1718 = DIRECTION ( 'NONE',  ( -5.124550365256135592E-16, 0.8946358766972115628, -0.4467959804275458136 ) ) ;
#1719 = COLOUR_RGB ( '',1.000000000000000000, 0.7490196078431372584, 0.000000000000000000 ) ;
#1720 = EDGE_LOOP ( 'NONE', ( #839, #5232, #2675, #4229 ) ) ;
#1721 = CARTESIAN_POINT ( 'NONE',  ( 17.49999999999963052, 2.146249996698605500, 208.5622331251991284 ) ) ;
#1722 = CARTESIAN_POINT ( 'NONE',  ( 16.00000000000000711, -11.99999999999999822, 99.00000000000000000 ) ) ;
#1723 = B_SPLINE_CURVE_WITH_KNOTS ( 'NONE', 3,
 ( #9283, #7978, #6409, #2613, #5562, #1047, #9337, #4101, #158, #4856 ),
 .UNSPECIFIED., .F., .F.,
 ( 4, 2, 2, 2, 4 ),
 ( 2.693102327163510278E-18, 0.0006870967775923637584, 0.001374193555184724698, 0.002061290332777085746, 0.002748387110369446794 ),
 .UNSPECIFIED. ) ;
#1724 = CARTESIAN_POINT ( 'NONE',  ( 17.49999999999962341, 3.830911764317239676, 206.8444020068946259 ) ) ;
#1725 = CARTESIAN_POINT ( 'NONE',  ( 17.49999999999963052, 4.543749999999994849, 207.6875000000000853 ) ) ;
#1726 = EDGE_LOOP ( 'NONE', ( #4874, #988, #1922, #1543 ) ) ;
#1727 = FILL_AREA_STYLE_COLOUR ( '', #1834 ) ;
#1728 = PLANE ( 'NONE',  #9020 ) ;
#1729 = AXIS2_PLACEMENT_3D ( 'NONE', #6408, #6452, #7076 ) ;
#1730 = VECTOR ( 'NONE', #1177, 1000.000000000000000 ) ;
#1731 = CARTESIAN_POINT ( 'NONE',  ( -11.87499999999999822, 3.750000000000000444, 197.0000000000000000 ) ) ;
#1732 = FILL_AREA_STYLE ('',( #4781 ) ) ;
#1733 = ORIENTED_EDGE ( 'NONE', *, *, #7415, .T. ) ;
#1734 = CARTESIAN_POINT ( 'NONE',  ( -15.99999999999999645, -11.99999999999999822, 3.000000000000002665 ) ) ;
#1735 = EDGE_CURVE ( 'NONE', #3324, #8768, #2752, .T. ) ;
#1736 = CARTESIAN_POINT ( 'NONE',  ( 17.49999999999962697, 1.919528250660171631, 207.6145437755853607 ) ) ;
#1737 = CARTESIAN_POINT ( 'NONE',  ( 0.000000000000000000, 0.000000000000000000, 197.7500000000000000 ) ) ;
#1738 = PRESENTATION_LAYER_ASSIGNMENT (  '', '', ( #9922 ) ) ;
#1739 = VECTOR ( 'NONE', #2882, 999.9999999999998863 ) ;
#1740 = DIRECTION ( 'NONE',  ( 1.000000000000000000, 0.000000000000000000, 0.000000000000000000 ) ) ;
#1741 = EDGE_LOOP ( 'NONE', ( #1767, #5635, #6601, #7256 ) ) ;
#1742 = FACE_OUTER_BOUND ( 'NONE', #5046, .T. ) ;
#1743 = DIRECTION ( 'NONE',  ( -0.000000000000000000, -0.000000000000000000, 1.000000000000000000 ) ) ;
#1744 = CARTESIAN_POINT ( 'NONE',  ( 17.49999999999963052, 1.517418420261862355, 206.8287902189450449 ) ) ;
#1745 = ORIENTED_EDGE ( 'NONE', *, *, #9050, .T. ) ;
#1746 = CARTESIAN_POINT ( 'NONE',  ( -1.696776399939814439E-15, 7.824999999999998401, 212.0000000000000853 ) ) ;
#1747 = B_SPLINE_CURVE_WITH_KNOTS ( 'NONE', 3,
 ( #3598, #9845, #8225, #3700, #749, #1412, #1, #5361, #4458, #1457, #7522 ),
 .UNSPECIFIED., .F., .F.,
 ( 4, 1, 1, 1, 1, 1, 1, 1, 4 ),
 ( 0.000000000000000000, 0.1415167395303526809, 0.2733726247299045342, 0.3958343887312814613, 0.5119177198710919141, 0.6280226071370464958, 0.7450720338868632719, 0.8679418235545310889, 1.000000000000000000 ),
 .UNSPECIFIED. ) ;
#1748 =( NAMED_UNIT ( * ) SI_UNIT ( $, .STERADIAN. ) SOLID_ANGLE_UNIT ( ) );
#1749 = CARTESIAN_POINT ( 'NONE',  ( 17.49999999999963052, 1.387657923715743591, 207.7718028880624672 ) ) ;
#1750 = STYLED_ITEM ( 'NONE', ( #9268 ), #9516 ) ;
#1751 =( LENGTH_UNIT ( ) NAMED_UNIT ( * ) SI_UNIT ( .MILLI., .METRE. ) );
#1752 = FILL_AREA_STYLE_COLOUR ( '', #9808 ) ;
#1753 = DIRECTION ( 'NONE',  ( 0.000000000000000000, 0.000000000000000000, -1.000000000000000000 ) ) ;
#1754 = DIRECTION ( 'NONE',  ( -1.000000000000000000, -5.728085021779797867E-16, 8.583663793918551117E-34 ) ) ;
#1755 = LINE ( 'NONE', #4802, #6674 ) ;
#1756 = COLOUR_RGB ( '',1.000000000000000000, 0.7490196078431372584, 0.000000000000000000 ) ;
#1757 = ADVANCED_FACE ( 'NONE', ( #7401, #9729, #8115, #8020, #8064 ), #591, .F. ) ;
#1758 = FILL_AREA_STYLE ('',( #356 ) ) ;
#1759 = ORIENTED_EDGE ( 'NONE', *, *, #4917, .T. ) ;
#1760 = DIRECTION ( 'NONE',  ( 1.000000000000000000, 0.000000000000000000, 0.000000000000000000 ) ) ;
#1761 = VERTEX_POINT ( 'NONE', #4190 ) ;
#1762 = CARTESIAN_POINT ( 'NONE',  ( 17.49999999999962697, 3.563532807148631409, 207.0363109087359135 ) ) ;
#1763 = CARTESIAN_POINT ( 'NONE',  ( 17.99999999999963052, 3.830911764317241897, 208.5305979931054310 ) ) ;
#1764 = DIRECTION ( 'NONE',  ( -1.000000000000000000, -5.728085021779797867E-16, 8.583663793918551117E-34 ) ) ;
#1765 = LINE ( 'NONE', #6220, #1940 ) ;
#1766 = MECHANICAL_DESIGN_GEOMETRIC_PRESENTATION_REPRESENTATION (  '', ( #5759 ), #2266 ) ;
#1767 = ORIENTED_EDGE ( 'NONE', *, *, #7888, .F. ) ;
#1768 = CARTESIAN_POINT ( 'NONE',  ( 17.99999999999963052, 2.158496093749993960, 208.5625000000000284 ) ) ;
#1769 = STYLED_ITEM ( 'NONE', ( #7804 ), #1485 ) ;
#1770 =( GEOMETRIC_REPRESENTATION_CONTEXT ( 3 ) GLOBAL_UNCERTAINTY_ASSIGNED_CONTEXT ( ( #5312 ) ) GLOBAL_UNIT_ASSIGNED_CONTEXT ( ( #2633, #1074, #4169 ) ) REPRESENTATION_CONTEXT ( 'NONE', 'WORKASPACE' ) );
#1771 = CARTESIAN_POINT ( 'NONE',  ( 17.99999999999962697, 4.106249999999993960, 207.6875000000000568 ) ) ;
#1772 = CARTESIAN_POINT ( 'NONE',  ( 17.49999999999963052, 4.229224064239704539, 206.5640843575268377 ) ) ;
#1773 = ORIENTED_EDGE ( 'NONE', *, *, #8943, .T. ) ;
#1774 = DIRECTION ( 'NONE',  ( 1.000000000000000000, 1.105886215935155989E-14, 0.000000000000000000 ) ) ;
#1775 = EDGE_CURVE ( 'NONE', #6567, #1164, #8776, .T. ) ;
#1776 = B_SPLINE_CURVE_WITH_KNOTS ( 'NONE', 3,
 ( #3709, #6884, #6725, #7584, #706, #9189, #8442, #6828, #7479, #6776, #1363 ),
 .UNSPECIFIED., .F., .F.,
 ( 4, 1, 1, 1, 1, 1, 1, 1, 4 ),
 ( 0.000000000000000000, 0.09161935188691987253, 0.1915891571871788934, 0.3012049763652211998, 0.4205728124693625114, 0.5500131486325662289, 0.6898174145684852210, 0.8395810633706128900, 1.000000000000000000 ),
 .UNSPECIFIED. ) ;
#1777 = CARTESIAN_POINT ( 'NONE',  ( 17.99999999999963052, 1.836718749999993738, 207.9008789062500568 ) ) ;
#1778 = CARTESIAN_POINT ( 'NONE',  ( 17.49999999999963407, 4.092220779504941675, 208.1600791959008063 ) ) ;
#1779 =( NAMED_UNIT ( * ) PLANE_ANGLE_UNIT ( ) SI_UNIT ( $, .RADIAN. ) );
#1780 = PRESENTATION_STYLE_ASSIGNMENT (( #2686 ) ) ;
#1781 = STYLED_ITEM ( 'NONE', ( #4586 ), #1817 ) ;
#1782 = ORIENTED_EDGE ( 'NONE', *, *, #182, .F. ) ;
#1783 = DIRECTION ( 'NONE',  ( 8.902683645313658378E-18, -0.01554216393692331791, -0.9998792132753625550 ) ) ;
#1784 = LINE ( 'NONE', #4079, #8212 ) ;
#1785 = CARTESIAN_POINT ( 'NONE',  ( 17.99999999999963052, 2.493377326255819870, 206.5037258255016752 ) ) ;
#1786 = ORIENTED_EDGE ( 'NONE', *, *, #38, .F. ) ;
#1787 = PRESENTATION_STYLE_ASSIGNMENT (( #7919 ) ) ;
#1788 = COLOUR_RGB ( '',1.000000000000000000, 0.7490196078431372584, 0.000000000000000000 ) ;
#1789 = DIRECTION ( 'NONE',  ( -1.000000000000000000, -0.000000000000000000, -0.000000000000000000 ) ) ;
#1790 = CARTESIAN_POINT ( 'NONE',  ( 17.99999999999962697, 3.188552969108196855, 206.8633075736251214 ) ) ;
#1791 = VERTEX_POINT ( 'NONE', #7252 ) ;
#1792 = FACE_OUTER_BOUND ( 'NONE', #8421, .T. ) ;
#1793 = CARTESIAN_POINT ( 'NONE',  ( 17.99999999999962697, 4.429492187499993072, 206.8383789062500284 ) ) ;
#1794 = SURFACE_STYLE_USAGE ( .BOTH. , #1037 ) ;
#1795 = CARTESIAN_POINT ( 'NONE',  ( 17.49999999999962697, 2.445458038793933309, 207.4169342137718672 ) ) ;
#1796 = SURFACE_SIDE_STYLE ('',( #9373 ) ) ;
#1797 =( NAMED_UNIT ( * ) SI_UNIT ( $, .STERADIAN. ) SOLID_ANGLE_UNIT ( ) );
#1798 = CARTESIAN_POINT ( 'NONE',  ( 17.99999999999963052, 1.824999999999993738, 208.0610351562500568 ) ) ;
#1799 = DIRECTION ( 'NONE',  ( -1.000000000000000000, -5.728085021779797867E-16, 8.583663793918551117E-34 ) ) ;
#1800 = CARTESIAN_POINT ( 'NONE',  ( 17.99999999999963052, 4.543365534704056685, 207.6414331864606879 ) ) ;
#1801 = UNCERTAINTY_MEASURE_WITH_UNIT (LENGTH_MEASURE( 1.000000000000000082E-05 ), #1216, 'distance_accuracy_value', 'NONE');
#1802 = CARTESIAN_POINT ( 'NONE',  ( 17.99999999999962697, 4.079236434714363035, 208.2766815675666692 ) ) ;
#1803 = FACE_OUTER_BOUND ( 'NONE', #6439, .T. ) ;
#1804 = COLOUR_RGB ( '',1.000000000000000000, 0.7490196078431372584, 0.000000000000000000 ) ;
#1805 = CARTESIAN_POINT ( 'NONE',  ( 17.49999999999963762, 2.095105600562027437, 206.8136367773276731 ) ) ;
#1806 = ORIENTED_EDGE ( 'NONE', *, *, #8829, .F. ) ;
#1807 = CARTESIAN_POINT ( 'NONE',  ( 0.000000000000000000, 0.000000000000000000, 195.2500000000000000 ) ) ;
#1808 = EDGE_CURVE ( 'NONE', #9122, #1791, #1613, .T. ) ;
#1809 = ADVANCED_FACE ( 'NONE', ( #5395 ), #5292, .T. ) ;
#1810 = VECTOR ( 'NONE', #7090, 1000.000000000000000 ) ;
#1811 = EDGE_CURVE ( 'NONE', #5640, #4057, #8470, .T. ) ;
#1812 = CARTESIAN_POINT ( 'NONE',  ( 17.99999999999963052, -1.540234375000006262, 208.1704101562500284 ) ) ;
#1813 = CARTESIAN_POINT ( 'NONE',  ( 17.49999999999963052, 2.855750656940780452, 207.2595786090322747 ) ) ;
#1814 = CARTESIAN_POINT ( 'NONE',  ( 17.49999999999961986, 3.558398437499993516, 207.0527343750000568 ) ) ;
#1815 = SURFACE_STYLE_USAGE ( .BOTH. , #4112 ) ;
#1816 = PRESENTATION_LAYER_ASSIGNMENT (  '', '', ( #699 ) ) ;
#1817 = ADVANCED_FACE ( 'NONE', ( #684 ), #3882, .F. ) ;
#1818 = ORIENTED_EDGE ( 'NONE', *, *, #4114, .F. ) ;
#1819 = CARTESIAN_POINT ( 'NONE',  ( -14.62500000000001954, 1.874731612229389999, 198.7500000000000000 ) ) ;
#1820 = VERTEX_POINT ( 'NONE', #9933 ) ;
#1821 = CARTESIAN_POINT ( 'NONE',  ( 17.49999999999962697, 3.972093481131349524, 206.4510797155355988 ) ) ;
#1822 = ORIENTED_EDGE ( 'NONE', *, *, #6293, .T. ) ;
#1823 = FILL_AREA_STYLE ('',( #2492 ) ) ;
#1824 = CARTESIAN_POINT ( 'NONE',  ( 17.99999999999962697, 3.563885347073003640, 206.4759986797624833 ) ) ;
#1825 = EDGE_CURVE ( 'NONE', #3234, #8159, #6081, .T. ) ;
#1826 = FACE_OUTER_BOUND ( 'NONE', #1162, .T. ) ;
#1827 = CARTESIAN_POINT ( 'NONE',  ( 17.99999999999962697, 2.272520622501249310, 208.0916503457088140 ) ) ;
#1828 = ORIENTED_EDGE ( 'NONE', *, *, #5477, .F. ) ;
#1829 =( LENGTH_UNIT ( ) NAMED_UNIT ( * ) SI_UNIT ( .MILLI., .METRE. ) );
#1830 = DIRECTION ( 'NONE',  ( 1.000000000000000000, 0.000000000000000000, -0.000000000000000000 ) ) ;
#1831 = CARTESIAN_POINT ( 'NONE',  ( 17.49999999999963052, 2.124804687499993960, 206.4062500000000568 ) ) ;
#1832 = CARTESIAN_POINT ( 'NONE',  ( 17.99999999999962341, 3.649260102698383967, 208.4798605423590914 ) ) ;
#1833 = EDGE_LOOP ( 'NONE', ( #2602, #2779, #8152, #6827, #5909, #5099, #1147, #5620 ) ) ;
#1835 = SURFACE_SIDE_STYLE ('',( #5733 ) ) ;
#1834 = COLOUR_RGB ( '',1.000000000000000000, 1.000000000000000000, 1.000000000000000000 ) ;
#1836 = DIRECTION ( 'NONE',  ( -1.000000000000000000, 3.105602935857676970E-16, 0.000000000000000000 ) ) ;
#1837 = SURFACE_SIDE_STYLE ('',( #4842 ) ) ;
#1838 = ORIENTED_EDGE ( 'NONE', *, *, #3403, .F. ) ;
#1839 = DIRECTION ( 'NONE',  ( 0.9576138124097702820, -0.2880551792313847392, 0.000000000000000000 ) ) ;
#1840 = CARTESIAN_POINT ( 'NONE',  ( 17.99999999999962697, 3.921712789709936420, 206.4433106730975283 ) ) ;
#1841 = FACE_BOUND ( 'NONE', #9916, .T. ) ;
#1842 = DIRECTION ( 'NONE',  ( -0.000000000000000000, -0.000000000000000000, 1.000000000000000000 ) ) ;
#1843 = VECTOR ( 'NONE', #358, 1000.000000000000227 ) ;
#1844 = DIRECTION ( 'NONE',  ( -1.000000000000000000, -6.591949208711860648E-14, 0.000000000000000000 ) ) ;
#1845 = CARTESIAN_POINT ( 'NONE',  ( 17.99999999999963052, 2.449999999999994404, 207.3217773437500284 ) ) ;
#1846 = CARTESIAN_POINT ( 'NONE',  ( 17.99999999999963052, -1.122265625000006262, 206.5000000000000568 ) ) ;
#1847 = LINE ( 'NONE', #6252, #8607 ) ;
#1848 =( NAMED_UNIT ( * ) PLANE_ANGLE_UNIT ( ) SI_UNIT ( $, .RADIAN. ) );
#1849 = ORIENTED_EDGE ( 'NONE', *, *, #2087, .F. ) ;
#1850 = SURFACE_SIDE_STYLE ('',( #4855 ) ) ;
#1851 = DIRECTION ( 'NONE',  ( 0.000000000000000000, 0.000000000000000000, -1.000000000000000000 ) ) ;
#1852 = VERTEX_POINT ( 'NONE', #8412 ) ;
#1853 = PRESENTATION_STYLE_ASSIGNMENT (( #2524 ) ) ;
#1854 = CARTESIAN_POINT ( 'NONE',  ( 17.99999999999963052, -0.6081054687500061506, 209.0000000000000568 ) ) ;
#1855 = SURFACE_STYLE_USAGE ( .BOTH. , #260 ) ;
#1856 = VECTOR ( 'NONE', #4352, 1000.000000000000000 ) ;
#1857 = UNCERTAINTY_MEASURE_WITH_UNIT (LENGTH_MEASURE( 1.000000000000000082E-05 ), #5505, 'distance_accuracy_value', 'NONE');
#1858 = CIRCLE ( 'NONE', #7467, 1.500000000000001332 ) ;
#1859 = LINE ( 'NONE', #1109, #5521 ) ;
#1860 = DIRECTION ( 'NONE',  ( -0.7071067811865463515, -0.7071067811865487940, 0.000000000000000000 ) ) ;
#1861 = CARTESIAN_POINT ( 'NONE',  ( 12.40059609318279321, -3.728940041374070535, 108.8512068117016156 ) ) ;
#1862 =( LENGTH_UNIT ( ) NAMED_UNIT ( * ) SI_UNIT ( .MILLI., .METRE. ) );
#1863 = SURFACE_STYLE_FILL_AREA ( #2445 ) ;
#1864 = AXIS2_PLACEMENT_3D ( 'NONE', #3121, #5998, #9234 ) ;
#1865 = VERTEX_POINT ( 'NONE', #7663 ) ;
#1866 =( NAMED_UNIT ( * ) PLANE_ANGLE_UNIT ( ) SI_UNIT ( $, .RADIAN. ) );
#1867 = VECTOR ( 'NONE', #7975, 1000.000000000000000 ) ;
#1868 = STYLED_ITEM ( 'NONE', ( #7725 ), #8083 ) ;
#1869 = SHAPE_DEFINITION_REPRESENTATION ( #6066, #5123 ) ;
#1870 = VERTEX_POINT ( 'NONE', #3834 ) ;
#1871 = CARTESIAN_POINT ( 'NONE',  ( 12.02100378433451056, 2.164619385479976899, 109.0000000000000000 ) ) ;
#1872 = ORIENTED_EDGE ( 'NONE', *, *, #2011, .T. ) ;
#1873 =( NAMED_UNIT ( * ) SI_UNIT ( $, .STERADIAN. ) SOLID_ANGLE_UNIT ( ) );
#1874 = CARTESIAN_POINT ( 'NONE',  ( 17.49999999999962341, 3.869214462040088787, 206.4381596070531941 ) ) ;
#1875 = CARTESIAN_POINT ( 'NONE',  ( -12.62499999999999822, -3.750000000000000000, 191.0000000000000000 ) ) ;
#1876 = ORIENTED_EDGE ( 'NONE', *, *, #8810, .T. ) ;
#1877 = CARTESIAN_POINT ( 'NONE',  ( 17.49999999999962341, 4.383716884397238722, 208.6301235550890851 ) ) ;
#1878 = CARTESIAN_POINT ( 'NONE',  ( 17.49999999999962341, 1.836718749999993516, 207.9008789062500568 ) ) ;
#1879 = MECHANICAL_DESIGN_GEOMETRIC_PRESENTATION_REPRESENTATION (  '', ( #6865 ), #7487 ) ;
#1880 = ORIENTED_EDGE ( 'NONE', *, *, #4515, .T. ) ;
#1881 = VECTOR ( 'NONE', #1126, 1000.000000000000000 ) ;
#1882 = CARTESIAN_POINT ( 'NONE',  ( 17.49999999999965539, 2.068876200128221932, 206.4075024353376762 ) ) ;
#1883 = CARTESIAN_POINT ( 'NONE',  ( 17.99999999999962697, 3.104376725502063117, 208.1797722557102475 ) ) ;
#1884 = EDGE_LOOP ( 'NONE', ( #9834, #2591, #6433, #7114 ) ) ;
#1885 = DIRECTION ( 'NONE',  ( 1.000000000000000000, 0.000000000000000000, 0.000000000000000000 ) ) ;
#1886 = CARTESIAN_POINT ( 'NONE',  ( 17.49999999999962341, 3.904599718111222639, 208.5195170073223778 ) ) ;
#1887 =( NAMED_UNIT ( * ) SI_UNIT ( $, .STERADIAN. ) SOLID_ANGLE_UNIT ( ) );
#1888 = CARTESIAN_POINT ( 'NONE',  ( 17.49999999999963052, 2.449760427227615889, 207.3703651822345364 ) ) ;
#1889 = EDGE_CURVE ( 'NONE', #8710, #5548, #37, .T. ) ;
#1890 = VECTOR ( 'NONE', #1625, 1000.000000000000000 ) ;
#1891 = CARTESIAN_POINT ( 'NONE',  ( 17.99999999999963052, -0.5187500000000057065, 209.0000000000000568 ) ) ;
#1892 = CARTESIAN_POINT ( 'NONE',  ( 17.99999999999962697, 3.512478028879009173, 207.6492486872021743 ) ) ;
#1893 = FILL_AREA_STYLE_COLOUR ( '', #1255 ) ;
#1894 = UNCERTAINTY_MEASURE_WITH_UNIT (LENGTH_MEASURE( 1.000000000000000082E-05 ), #153, 'distance_accuracy_value', 'NONE');
#1895 =( NAMED_UNIT ( * ) SI_UNIT ( $, .STERADIAN. ) SOLID_ANGLE_UNIT ( ) );
#1896 = ORIENTED_EDGE ( 'NONE', *, *, #5658, .T. ) ;
#1897 = CARTESIAN_POINT ( 'NONE',  ( 17.49999999999964118, 2.035588340332176394, 206.8299575769779608 ) ) ;
#1898 = EDGE_LOOP ( 'NONE', ( #1912, #177, #1430, #3393, #6571, #742, #1403, #8318 ) ) ;
#1899 = CARTESIAN_POINT ( 'NONE',  ( -11.87499999999999822, -3.000000000000000888, 191.7500000000000000 ) ) ;
#1900 = DIRECTION ( 'NONE',  ( 0.000000000000000000, 0.000000000000000000, -1.000000000000000000 ) ) ;
#1901 =( GEOMETRIC_REPRESENTATION_CONTEXT ( 3 ) GLOBAL_UNCERTAINTY_ASSIGNED_CONTEXT ( ( #2056 ) ) GLOBAL_UNIT_ASSIGNED_CONTEXT ( ( #3089, #1617, #7601 ) ) REPRESENTATION_CONTEXT ( 'NONE', 'WORKASPACE' ) );
#1902 = EDGE_CURVE ( 'NONE', #1914, #166, #8256, .T. ) ;
#1903 =( LENGTH_UNIT ( ) NAMED_UNIT ( * ) SI_UNIT ( .MILLI., .METRE. ) );
#1904 = CYLINDRICAL_SURFACE ( 'NONE', #4315, 1.500000000000003109 ) ;
#1905 = CARTESIAN_POINT ( 'NONE',  ( 15.89776896421655294, -3.144873459957685746, 108.9350058011037987 ) ) ;
#1906 = ADVANCED_FACE ( 'NONE', ( #8568 ), #1677, .T. ) ;
#1907 = CARTESIAN_POINT ( 'NONE',  ( -14.62500000000001243, 0.8747316122293901097, 197.7500000000000000 ) ) ;
#1908 = CARTESIAN_POINT ( 'NONE',  ( 17.49999999999963052, -0.5187500000000060396, 209.0000000000000568 ) ) ;
#1909 = EDGE_CURVE ( 'NONE', #6850, #1536, #9411, .T. ) ;
#1910 = ORIENTED_EDGE ( 'NONE', *, *, #3291, .F. ) ;
#1911 =( NAMED_UNIT ( * ) PLANE_ANGLE_UNIT ( ) SI_UNIT ( $, .RADIAN. ) );
#1912 = ORIENTED_EDGE ( 'NONE', *, *, #163, .F. ) ;
#1913 = CARTESIAN_POINT ( 'NONE',  ( 12.06350832689630082, 2.000000000000003109, 109.0000000000000000 ) ) ;
#1914 = VERTEX_POINT ( 'NONE', #1734 ) ;
#1915 = DIRECTION ( 'NONE',  ( 0.000000000000000000, -0.7071067811865473507, 0.7071067811865477948 ) ) ;
#1917 = VECTOR ( 'NONE', #4480, 1000.000000000000000 ) ;
#1916 = FACE_OUTER_BOUND ( 'NONE', #3092, .T. ) ;
#1918 = DIRECTION ( 'NONE',  ( 1.000000000000000000, 1.040834085586025565E-14, 0.000000000000000000 ) ) ;
#1919 =( NAMED_UNIT ( * ) PLANE_ANGLE_UNIT ( ) SI_UNIT ( $, .RADIAN. ) );
#1920 = CARTESIAN_POINT ( 'NONE',  ( 17.99999999999962697, 3.921712789709936420, 206.4433106730975283 ) ) ;
#1921 = CARTESIAN_POINT ( 'NONE',  ( 17.99999999999963052, 2.854430612241212639, 207.3844213456565058 ) ) ;
#1922 = ORIENTED_EDGE ( 'NONE', *, *, #1381, .T. ) ;
#1923 = CARTESIAN_POINT ( 'NONE',  ( 17.49999999999963407, 4.192085391526013005, 208.8380987713194941 ) ) ;
#1924 =( GEOMETRIC_REPRESENTATION_CONTEXT ( 3 ) GLOBAL_UNCERTAINTY_ASSIGNED_CONTEXT ( ( #803 ) ) GLOBAL_UNIT_ASSIGNED_CONTEXT ( ( #3400, #7353, #4193 ) ) REPRESENTATION_CONTEXT ( 'NONE', 'WORKASPACE' ) );
#1925 = EDGE_CURVE ( 'NONE', #2421, #7649, #6338, .T. ) ;
#1926 = AXIS2_PLACEMENT_3D ( 'NONE', #8928, #4337, #9119 ) ;
#1927 = CARTESIAN_POINT ( 'NONE',  ( 17.99999999999963407, 2.283967329123146595, 206.4201849858294509 ) ) ;
#1928 = ADVANCED_FACE ( 'NONE', ( #8520 ), #3299, .T. ) ;
#1929 = EDGE_CURVE ( 'NONE', #7183, #8258, #9455, .T. ) ;
#1930 = FILL_AREA_STYLE ('',( #7242 ) ) ;
#1931 = DIRECTION ( 'NONE',  ( 1.000000000000000000, 0.000000000000000000, 0.000000000000000000 ) ) ;
#1932 = ORIENTED_EDGE ( 'NONE', *, *, #1929, .T. ) ;
#1933 = CARTESIAN_POINT ( 'NONE',  ( 17.49999999999963762, 2.223951750354161927, 208.0930378524659545 ) ) ;
#1934 = CARTESIAN_POINT ( 'NONE',  ( 17.49999999999962697, 3.400726209281641044, 206.5642407877915616 ) ) ;
#1935 = FILL_AREA_STYLE ('',( #2086 ) ) ;
#1937 = PRESENTATION_LAYER_ASSIGNMENT (  '', '', ( #4330 ) ) ;
#1936 = DIRECTION ( 'NONE',  ( 0.000000000000000000, 1.000000000000000000, 0.000000000000000000 ) ) ;
#1938 = CARTESIAN_POINT ( 'NONE',  ( 17.49999999999963052, 2.225565605599585606, 208.9361278842037848 ) ) ;
#1939 = PLANE ( 'NONE',  #1926 ) ;
#1940 = VECTOR ( 'NONE', #6892, 1000.000000000000000 ) ;
#1941 =( LENGTH_UNIT ( ) NAMED_UNIT ( * ) SI_UNIT ( .MILLI., .METRE. ) );
#1942 = FILL_AREA_STYLE_COLOUR ( '', #5467 ) ;
#1943 = VECTOR ( 'NONE', #6248, 1000.000000000000000 ) ;
#1944 = PRESENTATION_STYLE_ASSIGNMENT (( #2652 ) ) ;
#1945 = VECTOR ( 'NONE', #8723, 1000.000000000000000 ) ;
#1946 = CARTESIAN_POINT ( 'NONE',  ( 17.49999999999963052, 0.6062499999999938494, 206.5000000000000568 ) ) ;
#1947 = CARTESIAN_POINT ( 'NONE',  ( 17.99999999999962697, 2.020387074133159544, 208.0454755757019143 ) ) ;
#1948 = VERTEX_POINT ( 'NONE', #2397 ) ;
#1949 = CARTESIAN_POINT ( 'NONE',  ( 17.99999999999962697, 3.815234374999993960, 206.4375000000000568 ) ) ;
#1950 = EDGE_LOOP ( 'NONE', ( #8597, #5293 ) ) ;
#1951 = VERTEX_POINT ( 'NONE', #5442 ) ;
#1952 =( NAMED_UNIT ( * ) PLANE_ANGLE_UNIT ( ) SI_UNIT ( $, .RADIAN. ) );
#1953 = STYLED_ITEM ( 'NONE', ( #1008 ), #2217 ) ;
#1954 = AXIS2_PLACEMENT_3D ( 'NONE', #577, #5128, #3671 ) ;
#1955 = EDGE_CURVE ( 'NONE', #9463, #5640, #3934, .T. ) ;
#1956 = LINE ( 'NONE', #6510, #6653 ) ;
#1957 = B_SPLINE_CURVE_WITH_KNOTS ( 'NONE', 3,
 ( #9219, #4787, #935, #880, #7866, #8621, #4685, #3253, #2353, #3938, #139 ),
 .UNSPECIFIED., .F., .F.,
 ( 4, 1, 1, 1, 1, 1, 1, 1, 4 ),
 ( 0.000000000000000000, 0.1604189366294143382, 0.3101825854315374276, 0.4499868513674199488, 0.5794271875306518105, 0.6987950236347574284, 0.8084108428128279344, 0.9083806481130527466, 1.000000000000000000 ),
 .UNSPECIFIED. ) ;
#1958 = CARTESIAN_POINT ( 'NONE',  ( 17.99999999999963052, 2.253399776706217050, 208.5507877503942495 ) ) ;
#1959 =( GEOMETRIC_REPRESENTATION_CONTEXT ( 3 ) GLOBAL_UNCERTAINTY_ASSIGNED_CONTEXT ( ( #3321 ) ) GLOBAL_UNIT_ASSIGNED_CONTEXT ( ( #7840, #6313, #8646 ) ) REPRESENTATION_CONTEXT ( 'NONE', 'WORKASPACE' ) );
#1960 = LINE ( 'NONE', #5000, #3935 ) ;
#1961 = CARTESIAN_POINT ( 'NONE',  ( 17.49999999999963052, 2.830189033052280312, 207.0217699365846045 ) ) ;
#1962 = DIRECTION ( 'NONE',  ( -1.000000000000000000, -6.938893903907229955E-15, 0.000000000000000000 ) ) ;
#1963 = DIRECTION ( 'NONE',  ( 0.000000000000000000, -0.4368060411765821160, -0.8995557138897189997 ) ) ;
#1964 = AXIS2_PLACEMENT_3D ( 'NONE', #1125, #4175, #7240 ) ;
#1965 = EDGE_CURVE ( 'NONE', #1384, #7228, #930, .T. ) ;
#1966 = VERTEX_POINT ( 'NONE', #6630 ) ;
#1967 = EDGE_LOOP ( 'NONE', ( #4215, #598, #2275, #5676 ) ) ;
#1968 = CARTESIAN_POINT ( 'NONE',  ( 17.49999999999961986, 4.500839600450766476, 208.2845539964293948 ) ) ;
#1969 = ORIENTED_EDGE ( 'NONE', *, *, #3736, .T. ) ;
#1970 =( NAMED_UNIT ( * ) SI_UNIT ( $, .STERADIAN. ) SOLID_ANGLE_UNIT ( ) );
#1971 = AXIS2_PLACEMENT_3D ( 'NONE', #16, #7484, #9760 ) ;
#1972 =( NAMED_UNIT ( * ) SI_UNIT ( $, .STERADIAN. ) SOLID_ANGLE_UNIT ( ) );
#1973 =( NAMED_UNIT ( * ) SI_UNIT ( $, .STERADIAN. ) SOLID_ANGLE_UNIT ( ) );
#1974 = LINE ( 'NONE', #8150, #7074 ) ;
#1975 = CARTESIAN_POINT ( 'NONE',  ( 10.24999999999962874, 7.575000000000000178, 212.0000000000000853 ) ) ;
#1976 = VERTEX_POINT ( 'NONE', #2737 ) ;
#1977 = CARTESIAN_POINT ( 'NONE',  ( 17.49999999999961986, 4.297934608131381395, 208.7483702596337025 ) ) ;
#1978 = VECTOR ( 'NONE', #6444, 1000.000000000000000 ) ;
#1979 = FILL_AREA_STYLE ('',( #8245 ) ) ;
#1980 = CARTESIAN_POINT ( 'NONE',  ( -12.62499999999999822, 4.500000000000000888, 195.0000000000000000 ) ) ;
#1981 = LINE ( 'NONE', #5020, #795 ) ;
#1982 = CARTESIAN_POINT ( 'NONE',  ( -11.87499999999999822, -3.000000000000000888, 197.0000000000000000 ) ) ;
#1983 = ORIENTED_EDGE ( 'NONE', *, *, #2826, .T. ) ;
#1984 = CARTESIAN_POINT ( 'NONE',  ( 17.49999999999964118, 2.343432725156209706, 208.0824659728172321 ) ) ;
#1985 = CARTESIAN_POINT ( 'NONE',  ( 17.49999999999965539, 1.697812536543164885, 206.5578840617075116 ) ) ;
#1986 = CARTESIAN_POINT ( 'NONE',  ( 17.49999999999963052, 3.167636413430485298, 208.4594571945850134 ) ) ;
#1987 =( GEOMETRIC_REPRESENTATION_CONTEXT ( 3 ) GLOBAL_UNCERTAINTY_ASSIGNED_CONTEXT ( ( #690 ) ) GLOBAL_UNIT_ASSIGNED_CONTEXT ( ( #680, #6027, #3876 ) ) REPRESENTATION_CONTEXT ( 'NONE', 'WORKASPACE' ) );
#1988 = CARTESIAN_POINT ( 'NONE',  ( -11.87499999999999822, 3.750000000000000444, 194.2500000000000000 ) ) ;
#1989 = EDGE_CURVE ( 'NONE', #5350, #5298, #3411, .T. ) ;
#1990 =( NAMED_UNIT ( * ) SI_UNIT ( $, .STERADIAN. ) SOLID_ANGLE_UNIT ( ) );
#1991 =( LENGTH_UNIT ( ) NAMED_UNIT ( * ) SI_UNIT ( .MILLI., .METRE. ) );
#1992 = AXIS2_PLACEMENT_3D ( 'NONE', #8249, #5234, #9875 ) ;
#1993 = PLANE ( 'NONE',  #7036 ) ;
#1994 = CARTESIAN_POINT ( 'NONE',  ( 17.99999999999962341, 4.008155130094674945, 208.4497724848999098 ) ) ;
#1995 = FILL_AREA_STYLE_COLOUR ( '', #5397 ) ;
#1996 = EDGE_LOOP ( 'NONE', ( #8856, #2247, #4160, #9390 ) ) ;
#1997 = UNCERTAINTY_MEASURE_WITH_UNIT (LENGTH_MEASURE( 1.000000000000000082E-05 ), #2509, 'distance_accuracy_value', 'NONE');
#1998 = CARTESIAN_POINT ( 'NONE',  ( 17.49999999999962697, 3.815234374999993516, 206.4375000000000568 ) ) ;
#1999 = VERTEX_POINT ( 'NONE', #6482 ) ;
#2000 = SURFACE_STYLE_FILL_AREA ( #1195 ) ;
#2001 = SURFACE_SIDE_STYLE ('',( #8171 ) ) ;
#2002 = DIRECTION ( 'NONE',  ( -1.000000000000000000, -5.728085021779797867E-16, 8.583663793918551117E-34 ) ) ;
#2003 = ORIENTED_EDGE ( 'NONE', *, *, #7438, .F. ) ;
#2004 =( GEOMETRIC_REPRESENTATION_CONTEXT ( 3 ) GLOBAL_UNCERTAINTY_ASSIGNED_CONTEXT ( ( #5299 ) ) GLOBAL_UNIT_ASSIGNED_CONTEXT ( ( #7358, #8985, #2049 ) ) REPRESENTATION_CONTEXT ( 'NONE', 'WORKASPACE' ) );
#2005 = LINE ( 'NONE', #5750, #5836 ) ;
#2006 =( GEOMETRIC_REPRESENTATION_CONTEXT ( 3 ) GLOBAL_UNCERTAINTY_ASSIGNED_CONTEXT ( ( #4196 ) ) GLOBAL_UNIT_ASSIGNED_CONTEXT ( ( #4085, #5691, #9619 ) ) REPRESENTATION_CONTEXT ( 'NONE', 'WORKASPACE' ) );
#2007 = CIRCLE ( 'NONE', #3302, 2.999999999999999112 ) ;
#2008 = VECTOR ( 'NONE', #714, 1000.000000000000114 ) ;
#2009 = EDGE_CURVE ( 'NONE', #7947, #9882, #4225, .T. ) ;
#2010 = CARTESIAN_POINT ( 'NONE',  ( 13.99999999999963052, -2.500000000000000444, 215.7500000000000853 ) ) ;
#2011 = EDGE_CURVE ( 'NONE', #4948, #4832, #331, .T. ) ;
#2012 = SURFACE_STYLE_USAGE ( .BOTH. , #5208 ) ;
#2013 = SURFACE_STYLE_USAGE ( .BOTH. , #1362 ) ;
#2014 = PRESENTATION_LAYER_ASSIGNMENT (  '', '', ( #6331 ) ) ;
#2015 = EDGE_LOOP ( 'NONE', ( #4281, #1309, #1759, #2442 ) ) ;
#2016 = CARTESIAN_POINT ( 'NONE',  ( 17.99999999999963407, 1.825267424252942083, 207.2731219808586616 ) ) ;
#2017 = ORIENTED_EDGE ( 'NONE', *, *, #6716, .T. ) ;
#2018 = LINE ( 'NONE', #5218, #4273 ) ;
#2019 = PRESENTATION_LAYER_ASSIGNMENT (  '', '', ( #1213 ) ) ;
#2020 = ORIENTED_EDGE ( 'NONE', *, *, #7441, .T. ) ;
#2021 = CARTESIAN_POINT ( 'NONE',  ( 17.99999999999963407, 2.128140742265913765, 208.9367082343318032 ) ) ;
#2022 = DIRECTION ( 'NONE',  ( -1.000000000000000000, -5.728085021779797867E-16, 8.583663793918551117E-34 ) ) ;
#2023 = CARTESIAN_POINT ( 'NONE',  ( 17.99999999999963052, 2.288413867939223856, 206.8667519221855855 ) ) ;
#2024 = CARTESIAN_POINT ( 'NONE',  ( 17.49999999999962697, 4.066573623958159800, 206.4760189989756611 ) ) ;
#2025 = DIRECTION ( 'NONE',  ( 0.000000000000000000, 0.4185496410151234858, -0.9081939209255429635 ) ) ;
#2026 = ORIENTED_EDGE ( 'NONE', *, *, #1353, .T. ) ;
#2027 = VECTOR ( 'NONE', #7577, 1000.000000000000000 ) ;
#2028 = CARTESIAN_POINT ( 'NONE',  ( 17.49999999999963407, 2.138357582477394381, 206.8127494487420392 ) ) ;
#2029 = DIRECTION ( 'NONE',  ( 0.000000000000000000, 1.000000000000000000, 0.000000000000000000 ) ) ;
#2030 = CYLINDRICAL_SURFACE ( 'NONE', #2427, 1.999999999999998224 ) ;
#2031 = CARTESIAN_POINT ( 'NONE',  ( 17.99999999999962341, 3.560717483024886665, 208.3387160681193961 ) ) ;
#2032 = EDGE_LOOP ( 'NONE', ( #4820, #2883, #3404, #7341 ) ) ;
#2033 = DIRECTION ( 'NONE',  ( 1.000000000000000000, 0.000000000000000000, 0.000000000000000000 ) ) ;
#2034 = CARTESIAN_POINT ( 'NONE',  ( 13.99999999999962874, 2.500000000000000000, 204.0000000000000568 ) ) ;
#2035 = SURFACE_STYLE_FILL_AREA ( #3482 ) ;
#2036 = CARTESIAN_POINT ( 'NONE',  ( 17.49999999999962697, 4.064001173057957494, 208.3386838339653764 ) ) ;
#2037 = SURFACE_SIDE_STYLE ('',( #5884 ) ) ;
#2038 = EDGE_CURVE ( 'NONE', #4543, #2793, #781, .T. ) ;
#2039 = EDGE_CURVE ( 'NONE', #1211, #4953, #531, .T. ) ;
#2040 = DIRECTION ( 'NONE',  ( 0.9576138124097628435, -0.2880551792314095527, 0.000000000000000000 ) ) ;
#2041 = DIRECTION ( 'NONE',  ( 1.000000000000000000, 2.168404344971009361E-16, 0.000000000000000000 ) ) ;
#2042 = MECHANICAL_DESIGN_GEOMETRIC_PRESENTATION_REPRESENTATION (  '', ( #8285 ), #8622 ) ;
#2043 = PRESENTATION_LAYER_ASSIGNMENT (  '', '', ( #5399 ) ) ;
#2044 = SURFACE_STYLE_USAGE ( .BOTH. , #5296 ) ;
#2045 = DIRECTION ( 'NONE',  ( -0.000000000000000000, -0.000000000000000000, -1.000000000000000000 ) ) ;
#2046 = ORIENTED_EDGE ( 'NONE', *, *, #5858, .T. ) ;
#2047 = CARTESIAN_POINT ( 'NONE',  ( 17.99999999999962341, 3.658374506384197034, 206.4510781312086181 ) ) ;
#2048 = ORIENTED_EDGE ( 'NONE', *, *, #7597, .T. ) ;
#2049 =( NAMED_UNIT ( * ) SI_UNIT ( $, .STERADIAN. ) SOLID_ANGLE_UNIT ( ) );
#2050 = SURFACE_SIDE_STYLE ('',( #3864 ) ) ;
#2051 = CARTESIAN_POINT ( 'NONE',  ( -15.62499999999993072, -1.875268387770552048, 195.2500000000000000 ) ) ;
#2052 = ORIENTED_EDGE ( 'NONE', *, *, #3172, .T. ) ;
#2053 = CARTESIAN_POINT ( 'NONE',  ( 17.49999999999964828, 2.445458038793933309, 207.4169342137718672 ) ) ;
#2054 = DIRECTION ( 'NONE',  ( -2.891205793294678326E-16, 1.000000000000000000, -0.000000000000000000 ) ) ;
#2055 = PLANE ( 'NONE',  #3252 ) ;
#2056 = UNCERTAINTY_MEASURE_WITH_UNIT (LENGTH_MEASURE( 1.000000000000000082E-05 ), #3089, 'distance_accuracy_value', 'NONE');
#2057 = EDGE_CURVE ( 'NONE', #3234, #5912, #4976, .T. ) ;
#2058 = CARTESIAN_POINT ( 'NONE',  ( 16.11682447234502646, -11.99487324779686226, 99.36943199567845397 ) ) ;
#2059 = STYLED_ITEM ( 'NONE', ( #7222 ), #7707 ) ;
#2060 = COLOUR_RGB ( '',1.000000000000000000, 0.7490196078431372584, 0.000000000000000000 ) ;
#2061 = EDGE_CURVE ( 'NONE', #6667, #3942, #5873, .T. ) ;
#2062 = CARTESIAN_POINT ( 'NONE',  ( 17.49999999999962697, 1.398506682107911514, 208.0500221419004276 ) ) ;
#2063 = STYLED_ITEM ( 'NONE', ( #165 ), #9454 ) ;
#2064 = ORIENTED_EDGE ( 'NONE', *, *, #2573, .T. ) ;
#2065 = ORIENTED_EDGE ( 'NONE', *, *, #5592, .F. ) ;
#2066 = EDGE_LOOP ( 'NONE', ( #8591, #8628, #1193, #6584 ) ) ;
#2067 = AXIS2_PLACEMENT_3D ( 'NONE', #4227, #335, #4932 ) ;
#2068 = LINE ( 'NONE', #2977, #879 ) ;
#2069 = CARTESIAN_POINT ( 'NONE',  ( -16.83520525076490415, 11.56742217732957201, 101.9341664468365281 ) ) ;
#2070 =( NAMED_UNIT ( * ) PLANE_ANGLE_UNIT ( ) SI_UNIT ( $, .RADIAN. ) );
#2071 = DIRECTION ( 'NONE',  ( 0.000000000000000000, -1.000000000000000000, 0.000000000000000000 ) ) ;
#2072 = FILL_AREA_STYLE_COLOUR ( '', #6741 ) ;
#2073 = FACE_OUTER_BOUND ( 'NONE', #5471, .T. ) ;
#2074 = ORIENTED_EDGE ( 'NONE', *, *, #1039, .F. ) ;
#2075 = CARTESIAN_POINT ( 'NONE',  ( 17.49999999999963052, 2.161929826822984069, 206.8132358850241417 ) ) ;
#2076 = B_SPLINE_SURFACE_WITH_KNOTS ( 'NONE', 3, 1, ( 
 ( #1555, #2472 ),
 ( #9481, #5561 ),
 ( #3322, #4756 ),
 ( #2575, #6357 ),
 ( #8686, #5653 ),
 ( #4055, #7077 ),
 ( #4902, #8642 ),
 ( #7127, #8783 ),
 ( #7933, #355 ),
 ( #3221, #1002 ),
 ( #7977, #8589 ) ),
 .UNSPECIFIED., .F., .F., .F.,
 ( 4, 1, 1, 1, 1, 1, 1, 1, 4 ),
 ( 2, 2 ),
 ( 0.000000000000000000, 0.1313104146730182109, 0.2544209850690203889, 0.3699595253673939599, 0.4849814732654102456, 0.6007372595223918754, 0.7241196308462301001, 0.8559110376596682501, 1.000000000000000000 ),
 ( 0.000000000000000000, 1.000000000000000000 ),
 .UNSPECIFIED. ) ;
#2077 = CARTESIAN_POINT ( 'NONE',  ( 17.74999999999963052, 9.366187588924009985E-15, 216.2500000000000853 ) ) ;
#2078 = SURFACE_STYLE_USAGE ( .BOTH. , #8868 ) ;
#2079 = FILL_AREA_STYLE_COLOUR ( '', #5265 ) ;
#2080 = VECTOR ( 'NONE', #1860, 1000.000000000000000 ) ;
#2081 = CARTESIAN_POINT ( 'NONE',  ( 17.49999999999962697, 1.824999999999993738, 208.0610351562500853 ) ) ;
#2082 = EDGE_CURVE ( 'NONE', #3565, #8282, #6629, .T. ) ;
#2083 = VERTEX_POINT ( 'NONE', #381 ) ;
#2084 = FILL_AREA_STYLE_COLOUR ( '', #3127 ) ;
#2085 = CARTESIAN_POINT ( 'NONE',  ( 17.49999999999965539, 1.568287079932196626, 206.7235936216348478 ) ) ;
#2086 = FILL_AREA_STYLE_COLOUR ( '', #6034 ) ;
#2087 = EDGE_CURVE ( 'NONE', #3992, #503, #8052, .T. ) ;
#2088 = DIRECTION ( 'NONE',  ( -1.000000000000000000, -0.000000000000000000, -0.000000000000000000 ) ) ;
#2089 = CARTESIAN_POINT ( 'NONE',  ( 17.49999999999963407, 2.811422747149541213, 208.3661018583782436 ) ) ;
#2090 = CARTESIAN_POINT ( 'NONE',  ( -15.22876076088741293, -2.147665409901588607, 108.9990062357179283 ) ) ;
#2091 = AXIS2_PLACEMENT_3D ( 'NONE', #6798, #2997, #1388 ) ;
#2092 = CARTESIAN_POINT ( 'NONE',  ( -10.33750000000002700, 10.33749999999999325, 191.7500000000000000 ) ) ;
#2093 = CARTESIAN_POINT ( 'NONE',  ( -15.76496325815365118, 3.439927970688907433, 108.8963620488353143 ) ) ;
#2094 = DIRECTION ( 'NONE',  ( 6.245004513516508064E-14, -1.000000000000000000, 0.000000000000000000 ) ) ;
#2095 = FACE_OUTER_BOUND ( 'NONE', #5872, .T. ) ;
#2096 = ORIENTED_EDGE ( 'NONE', *, *, #8186, .T. ) ;
#2097 = UNCERTAINTY_MEASURE_WITH_UNIT (LENGTH_MEASURE( 1.000000000000000082E-05 ), #1167, 'distance_accuracy_value', 'NONE');
#2098 = STYLED_ITEM ( 'NONE', ( #4749 ), #1676 ) ;
#2099 = STYLED_ITEM ( 'NONE', ( #6167 ), #760 ) ;
#2100 = CARTESIAN_POINT ( 'NONE',  ( 17.49999999999962341, 3.301035548204604098, 206.6632443238181622 ) ) ;
#2101 = ORIENTED_EDGE ( 'NONE', *, *, #4748, .F. ) ;
#2102 = DIRECTION ( 'NONE',  ( -0.000000000000000000, -0.000000000000000000, 1.000000000000000000 ) ) ;
#2103 = ORIENTED_EDGE ( 'NONE', *, *, #2061, .T. ) ;
#2104 = CARTESIAN_POINT ( 'NONE',  ( -14.62500000000001954, 1.874731612229389999, 197.7500000000000000 ) ) ;
#2105 =( NAMED_UNIT ( * ) SI_UNIT ( $, .STERADIAN. ) SOLID_ANGLE_UNIT ( ) );
#2106 = AXIS2_PLACEMENT_3D ( 'NONE', #2092, #9627, #6590 ) ;
#2107 = SURFACE_SIDE_STYLE ('',( #9642 ) ) ;
#2108 = CARTESIAN_POINT ( 'NONE',  ( -14.50000000000000533, 6.174999999999999822, 191.7500000000000000 ) ) ;
#2109 = FILL_AREA_STYLE_COLOUR ( '', #4557 ) ;
#2110 = FILL_AREA_STYLE_COLOUR ( '', #4406 ) ;
#2111 = CARTESIAN_POINT ( 'NONE',  ( 12.77773968137451988, 4.088432435347339577, 108.7797747115277645 ) ) ;
#2112 = ORIENTED_EDGE ( 'NONE', *, *, #2880, .F. ) ;
#2113 = PRESENTATION_LAYER_ASSIGNMENT (  '', '', ( #5785 ) ) ;
#2114 =( NAMED_UNIT ( * ) PLANE_ANGLE_UNIT ( ) SI_UNIT ( $, .RADIAN. ) );
#2115 = EDGE_CURVE ( 'NONE', #7532, #9175, #6261, .T. ) ;
#2116 = ADVANCED_FACE ( 'NONE', ( #7437 ), #6211, .F. ) ;
#2117 = ADVANCED_FACE ( 'NONE', ( #3617 ), #5823, .T. ) ;
#2118 = ORIENTED_EDGE ( 'NONE', *, *, #1902, .F. ) ;
#2119 = CARTESIAN_POINT ( 'NONE',  ( 17.99999999999963052, 1.970195973217837127, 207.6737205614023196 ) ) ;
#2120 = VERTEX_POINT ( 'NONE', #7132 ) ;
#2121 = CARTESIAN_POINT ( 'NONE',  ( 17.49999999999962697, 3.554608099554624534, 207.0673371914270149 ) ) ;
#2122 = EDGE_CURVE ( 'NONE', #5464, #3992, #9488, .T. ) ;
#2124 = VECTOR ( 'NONE', #1027, 1000.000000000000000 ) ;
#2123 = CARTESIAN_POINT ( 'NONE',  ( 17.49999999999962341, 3.477793800870990548, 208.8614507134293206 ) ) ;
#2125 = CARTESIAN_POINT ( 'NONE',  ( 17.99999999999963052, 2.291598555621146893, 208.9288258270470067 ) ) ;
#2126 = CARTESIAN_POINT ( 'NONE',  ( 17.99999999999963052, 1.447083169611956599, 207.0640485895369522 ) ) ;
#2127 = ORIENTED_EDGE ( 'NONE', *, *, #9052, .F. ) ;
#2128 = PRESENTATION_STYLE_ASSIGNMENT (( #8297 ) ) ;
#2129 = DIRECTION ( 'NONE',  ( 1.445602896647339163E-16, -1.000000000000000000, 0.000000000000000000 ) ) ;
#2130 =( LENGTH_UNIT ( ) NAMED_UNIT ( * ) SI_UNIT ( .MILLI., .METRE. ) );
#2131 = PRESENTATION_LAYER_ASSIGNMENT (  '', '', ( #3102 ) ) ;
#2132 = CARTESIAN_POINT ( 'NONE',  ( 17.99999999999962697, 3.512499999999993960, 207.6875000000000568 ) ) ;
#2133 = VERTEX_POINT ( 'NONE', #8739 ) ;
#2134 = ADVANCED_FACE ( 'NONE', ( #2525 ), #3452, .F. ) ;
#2135 = FILL_AREA_STYLE ('',( #6852 ) ) ;
#2136 = FILL_AREA_STYLE ('',( #8252 ) ) ;
#2137 = CARTESIAN_POINT ( 'NONE',  ( 17.99999999999961986, 3.724309287214113251, 208.5193991912246645 ) ) ;
#2138 = CARTESIAN_POINT ( 'NONE',  ( -15.53910376187499232, 2.301410598861427292, 108.9957840886317797 ) ) ;
#2139 = AXIS2_PLACEMENT_3D ( 'NONE', #1182, #7297, #438 ) ;
#2140 = VERTEX_POINT ( 'NONE', #1154 ) ;
#2141 = CARTESIAN_POINT ( 'NONE',  ( -14.46080828949479447, 3.698492166348403831, 108.8550401591196817 ) ) ;
#2142 = CARTESIAN_POINT ( 'NONE',  ( -0.01720183486216997348, 0.05733944954057539067, 198.7500000000000000 ) ) ;
#2143 = SURFACE_STYLE_USAGE ( .BOTH. , #9074 ) ;
#2144 = ORIENTED_EDGE ( 'NONE', *, *, #4187, .F. ) ;
#2145 = STYLED_ITEM ( 'NONE', ( #424 ), #3811 ) ;
#2146 = LINE ( 'NONE', #6808, #2543 ) ;
#2147 = VERTEX_POINT ( 'NONE', #7083 ) ;
#2148 = CARTESIAN_POINT ( 'NONE',  ( 13.99999999999963052, -2.500000000000000444, 216.2500000000000853 ) ) ;
#2149 = DIRECTION ( 'NONE',  ( 1.000000000000000000, 0.000000000000000000, 0.000000000000000000 ) ) ;
#2150 = CARTESIAN_POINT ( 'NONE',  ( 17.49999999999962697, 3.543705593781906860, 208.2754858640636826 ) ) ;
#2151 = CARTESIAN_POINT ( 'NONE',  ( 17.49999999999962697, 1.836718749999993516, 207.9008789062500568 ) ) ;
#2152 = SURFACE_STYLE_FILL_AREA ( #1408 ) ;
#2153 = CARTESIAN_POINT ( 'NONE',  ( 17.99999999999962697, 3.074999999999993960, 207.6875000000000568 ) ) ;
#2154 = UNCERTAINTY_MEASURE_WITH_UNIT (LENGTH_MEASURE( 1.000000000000000082E-05 ), #4534, 'distance_accuracy_value', 'NONE');
#2155 = CARTESIAN_POINT ( 'NONE',  ( -9.009666186049111071E-15, 0.8747316122295407670, 197.7500000000000000 ) ) ;
#2156 = CARTESIAN_POINT ( 'NONE',  ( 17.49999999999963407, 1.435933698415715165, 208.2583252442622097 ) ) ;
#2157 = DIRECTION ( 'NONE',  ( -1.000000000000000000, 0.000000000000000000, -0.000000000000000000 ) ) ;
#2158 = STYLED_ITEM ( 'NONE', ( #3543 ), #4894 ) ;
#2159 = CARTESIAN_POINT ( 'NONE',  ( 17.99999999999963052, 0.1687499999999942102, 206.5000000000000568 ) ) ;
#2160 = VECTOR ( 'NONE', #2794, 1000.000000000000000 ) ;
#2161 = CARTESIAN_POINT ( 'NONE',  ( 12.49282301646125504, 3.821162770281185228, 108.8332204978507605 ) ) ;
#2162 = PRESENTATION_STYLE_ASSIGNMENT (( #9041 ) ) ;
#2163 = B_SPLINE_SURFACE_WITH_KNOTS ( 'NONE', 3, 1, ( 
 ( #8473, #4034 ),
 ( #8819, #8670 ),
 ( #1028, #5638 ),
 ( #5686, #334 ),
 ( #1785, #4176 ),
 ( #6484, #4131 ),
 ( #2691, #9459 ),
 ( #1927, #4977 ),
 ( #8714, #6341 ),
 ( #3351, #4226 ),
 ( #3475, #1831 ) ),
 .UNSPECIFIED., .F., .F., .F.,
 ( 4, 1, 1, 1, 1, 1, 1, 1, 4 ),
 ( 2, 2 ),
 ( 0.000000000000000000, 0.1284655035832434067, 0.2529300052861420678, 0.3744718826948696400, 0.4953382562194545979, 0.6162435540240192022, 0.7394134285824648378, 0.8667802874430492466, 1.000000000000000000 ),
 ( 0.000000000000000000, 1.000000000000000000 ),
 .UNSPECIFIED. ) ;
#2164 = VECTOR ( 'NONE', #3958, 1000.000000000000227 ) ;
#2165 = COLOUR_RGB ( '',1.000000000000000000, 0.7490196078431372584, 0.000000000000000000 ) ;
#2166 = ORIENTED_EDGE ( 'NONE', *, *, #8734, .T. ) ;
#2167 =( NAMED_UNIT ( * ) SI_UNIT ( $, .STERADIAN. ) SOLID_ANGLE_UNIT ( ) );
#2168 = ORIENTED_EDGE ( 'NONE', *, *, #1462, .T. ) ;
#2169 = CARTESIAN_POINT ( 'NONE',  ( -12.62499999999999822, -5.425000000000027356, 191.7500000000000000 ) ) ;
#2170 = SURFACE_STYLE_FILL_AREA ( #618 ) ;
#2171 = FILL_AREA_STYLE ('',( #9100 ) ) ;
#2172 = VECTOR ( 'NONE', #3381, 1000.000000000000000 ) ;
#2173 = CARTESIAN_POINT ( 'NONE',  ( 17.99999999999962697, 2.415898103288544707, 207.0711741320152441 ) ) ;
#2174 = FACE_OUTER_BOUND ( 'NONE', #380, .T. ) ;
#2175 = DIRECTION ( 'NONE',  ( -0.000000000000000000, -0.000000000000000000, 1.000000000000000000 ) ) ;
#2176 = ORIENTED_EDGE ( 'NONE', *, *, #9664, .T. ) ;
#2177 = DIRECTION ( 'NONE',  ( 0.000000000000000000, -1.000000000000000000, 0.000000000000000000 ) ) ;
#2178 = SURFACE_SIDE_STYLE ('',( #1271 ) ) ;
#2179 = VECTOR ( 'NONE', #2284, 1000.000000000000114 ) ;
#2180 = CARTESIAN_POINT ( 'NONE',  ( 17.99999999999962697, 3.205773618909790290, 208.5528590444526174 ) ) ;
#2181 = MECHANICAL_DESIGN_GEOMETRIC_PRESENTATION_REPRESENTATION (  '', ( #8759 ), #2004 ) ;
#2182 = DIRECTION ( 'NONE',  ( -1.000000000000000000, -0.000000000000000000, -0.000000000000000000 ) ) ;
#2183 = DIRECTION ( 'NONE',  ( 1.000000000000000000, 0.000000000000000000, 0.000000000000000000 ) ) ;
#2184 = CARTESIAN_POINT ( 'NONE',  ( 17.99999999999962697, 5.824999999999993960, 205.0000000000000568 ) ) ;
#2185 = ORIENTED_EDGE ( 'NONE', *, *, #2432, .F. ) ;
#2186 = CARTESIAN_POINT ( 'NONE',  ( 17.99999999999963052, 2.854430612241212639, 207.3844213456565058 ) ) ;
#2187 = PLANE ( 'NONE',  #1992 ) ;
#2188 = CARTESIAN_POINT ( 'NONE',  ( 10.24999999999962874, -5.221446609406717343, 216.2500000000000853 ) ) ;
#2189 = CARTESIAN_POINT ( 'NONE',  ( 17.49999999999963762, 4.357650307906684617, 208.6728790846572110 ) ) ;
#2190 = CARTESIAN_POINT ( 'NONE',  ( 17.99999999999962341, 3.649260102698383967, 208.4798605423590914 ) ) ;
#2191 = PRESENTATION_LAYER_ASSIGNMENT (  '', '', ( #4741 ) ) ;
#2192 = CARTESIAN_POINT ( 'NONE',  ( -14.12499999999993783, -3.000000000000001332, 108.9498743710662012 ) ) ;
#2193 = MECHANICAL_DESIGN_GEOMETRIC_PRESENTATION_REPRESENTATION (  '', ( #3610 ), #7306 ) ;
#2194 =( LENGTH_UNIT ( ) NAMED_UNIT ( * ) SI_UNIT ( .MILLI., .METRE. ) );
#2195 = ORIENTED_EDGE ( 'NONE', *, *, #364, .F. ) ;
#2196 = LINE ( 'NONE', #2142, #299 ) ;
#2197 = DIRECTION ( 'NONE',  ( -1.000000000000000000, 0.000000000000000000, 0.000000000000000000 ) ) ;
#2198 = PRESENTATION_LAYER_ASSIGNMENT (  '', '', ( #4907 ) ) ;
#2199 = ORIENTED_EDGE ( 'NONE', *, *, #5241, .T. ) ;
#2200 = AXIS2_PLACEMENT_3D ( 'NONE', #3013, #2260, #5304 ) ;
#2201 = CARTESIAN_POINT ( 'NONE',  ( 17.99999999999963052, 2.406504429313959026, 207.5753407642650359 ) ) ;
#2202 = ORIENTED_EDGE ( 'NONE', *, *, #4727, .F. ) ;
#2203 = DIRECTION ( 'NONE',  ( -0.000000000000000000, -0.000000000000000000, 1.000000000000000000 ) ) ;
#2204 = DIRECTION ( 'NONE',  ( -0.000000000000000000, -0.000000000000000000, 1.000000000000000000 ) ) ;
#2205 = EDGE_CURVE ( 'NONE', #6135, #6916, #8791, .T. ) ;
#2206 = CARTESIAN_POINT ( 'NONE',  ( 17.99999999999963052, 2.126269531249993960, 206.8125000000000284 ) ) ;
#2207 = FACE_OUTER_BOUND ( 'NONE', #5337, .T. ) ;
#2208 = PRESENTATION_STYLE_ASSIGNMENT (( #746 ) ) ;
#2209 = CARTESIAN_POINT ( 'NONE',  ( 17.49999999999963052, -2.454785156250006040, 209.0000000000000568 ) ) ;
#2210 = UNCERTAINTY_MEASURE_WITH_UNIT (LENGTH_MEASURE( 1.000000000000000082E-05 ), #7657, 'distance_accuracy_value', 'NONE');
#2211 = CARTESIAN_POINT ( 'NONE',  ( 17.99999999999963052, -1.137402343750006040, 209.0000000000000568 ) ) ;
#2212 = VECTOR ( 'NONE', #6824, 1000.000000000000000 ) ;
#2213 = VECTOR ( 'NONE', #2094, 1000.000000000000000 ) ;
#2214 = DIRECTION ( 'NONE',  ( -0.000000000000000000, -0.000000000000000000, -1.000000000000000000 ) ) ;
#2215 = CARTESIAN_POINT ( 'NONE',  ( 17.49999999999964118, 2.122204472205047487, 208.5617091097078912 ) ) ;
#2216 = CARTESIAN_POINT ( 'NONE',  ( 12.60355339059290714, -7.575000000000000178, 216.2500000000000853 ) ) ;
#2217 = ADVANCED_FACE ( 'NONE', ( #8032 ), #4060, .T. ) ;
#2218 = VECTOR ( 'NONE', #6544, 1000.000000000000227 ) ;
#2219 = MECHANICAL_DESIGN_GEOMETRIC_PRESENTATION_REPRESENTATION (  '', ( #9114 ), #8641 ) ;
#2220 = ORIENTED_EDGE ( 'NONE', *, *, #8390, .F. ) ;
#2221 = EDGE_CURVE ( 'NONE', #7445, #4244, #5613, .T. ) ;
#2222 = CARTESIAN_POINT ( 'NONE',  ( 17.99999999999962697, 3.815234374999993960, 208.5312500000000568 ) ) ;
#2223 = VERTEX_POINT ( 'NONE', #9033 ) ;
#2224 = LINE ( 'NONE', #6117, #5870 ) ;
#2225 = CARTESIAN_POINT ( 'NONE',  ( 17.99999999999963052, 2.157519531249994404, 208.9375000000000568 ) ) ;
#2226 = DIRECTION ( 'NONE',  ( -0.9578262852211609779, -0.2873478855663131881, 0.000000000000000000 ) ) ;
#2227 = CARTESIAN_POINT ( 'NONE',  ( 17.49999999999962341, 2.660154380718765310, 208.7376183159161087 ) ) ;
#2228 =( NAMED_UNIT ( * ) SI_UNIT ( $, .STERADIAN. ) SOLID_ANGLE_UNIT ( ) );
#2229 = EDGE_CURVE ( 'NONE', #8043, #7496, #5201, .T. ) ;
#2230 = DIRECTION ( 'NONE',  ( -1.000000000000000000, 0.000000000000000000, 0.000000000000000000 ) ) ;
#2231 = ORIENTED_EDGE ( 'NONE', *, *, #5660, .T. ) ;
#2232 = SURFACE_STYLE_FILL_AREA ( #3181 ) ;
#2233 = FILL_AREA_STYLE ('',( #9108 ) ) ;
#2234 =( NAMED_UNIT ( * ) SI_UNIT ( $, .STERADIAN. ) SOLID_ANGLE_UNIT ( ) );
#2235 = PRESENTATION_LAYER_ASSIGNMENT (  '', '', ( #6885 ) ) ;
#2236 = CARTESIAN_POINT ( 'NONE',  ( 15.49999999999963229, 2.499999999999999556, 215.7500000000000853 ) ) ;
#2237 = CARTESIAN_POINT ( 'NONE',  ( 17.99999999999963052, -1.922558593750006262, 209.0000000000000568 ) ) ;
#2238 = ORIENTED_EDGE ( 'NONE', *, *, #4132, .F. ) ;
#2239 = CARTESIAN_POINT ( 'NONE',  ( 17.99999999999962697, 2.833351372951719238, 207.5578487706536350 ) ) ;
#2240 = SURFACE_STYLE_USAGE ( .BOTH. , #6747 ) ;
#2241 = PRESENTATION_STYLE_ASSIGNMENT (( #9116 ) ) ;
#2242 = CARTESIAN_POINT ( 'NONE',  ( 16.83520625676068860, 11.56742059362768948, 101.9341714425604835 ) ) ;
#2243 = CARTESIAN_POINT ( 'NONE',  ( 17.99999999999962697, 3.815234374999993960, 208.9375000000000568 ) ) ;
#2244 = SURFACE_SIDE_STYLE ('',( #2948 ) ) ;
#2245 = CARTESIAN_POINT ( 'NONE',  ( -16.62500000000006395, -5.425000000000027356, 198.7500000000000000 ) ) ;
#2246 = EDGE_CURVE ( 'NONE', #1239, #6193, #5049, .T. ) ;
#2247 = ORIENTED_EDGE ( 'NONE', *, *, #5255, .F. ) ;
#2248 = EDGE_CURVE ( 'NONE', #6934, #8575, #3648, .T. ) ;
#2249 = EDGE_CURVE ( 'NONE', #1211, #3273, #9394, .T. ) ;
#2250 = ORIENTED_EDGE ( 'NONE', *, *, #9779, .F. ) ;
#2251 = CARTESIAN_POINT ( 'NONE',  ( 17.99999999999962697, 1.825791144418716039, 207.3088413300615116 ) ) ;
#2252 = CARTESIAN_POINT ( 'NONE',  ( 17.99999999999962697, 3.861287548624498633, 206.8456653052919592 ) ) ;
#2253 = CARTESIAN_POINT ( 'NONE',  ( 17.99999999999962697, 4.516635796539206105, 208.1827796043741046 ) ) ;
#2254 = LINE ( 'NONE', #8167, #5621 ) ;
#2255 = ORIENTED_EDGE ( 'NONE', *, *, #3405, .F. ) ;
#2256 = CARTESIAN_POINT ( 'NONE',  ( -16.55256997848175615, 11.84293464156057496, 2.019493506600074539 ) ) ;
#2257 = ORIENTED_EDGE ( 'NONE', *, *, #5658, .F. ) ;
#2258 = B_SPLINE_SURFACE_WITH_KNOTS ( 'NONE', 3, 1, ( 
 ( #2243, #8466 ),
 ( #6132, #9064 ),
 ( #9929, #9163 ),
 ( #5239, #3775 ),
 ( #9210, #77 ),
 ( #1439, #5341 ),
 ( #1533, #9017 ),
 ( #780, #4436 ),
 ( #3831, #5979 ),
 ( #6906, #7502 ),
 ( #3732, #2347 ),
 ( #5390, #635 ),
 ( #3680, #6749 ),
 ( #9825, #6028 ),
 ( #2947, #2189 ),
 ( #7556, #681 ),
 ( #6797, #5287 ),
 ( #9877, #9118 ),
 ( #8361, #1481 ) ),
 .UNSPECIFIED., .F., .F., .F.,
 ( 4, 1, 1, 1, 1, 1, 1, 1, 1, 1, 1, 1, 1, 1, 1, 1, 4 ),
 ( 2, 2 ),
 ( 0.000000000000000000, 0.06976253321146265451, 0.1366770996758818191, 0.2015798862110469436, 0.2647265813117870015, 0.3259783802682005849, 0.3861058458105121050, 0.4451401118445949545, 0.5037657857286406138, 0.5621794551253035399, 0.6209372433715732997, 0.6803772929510103484, 0.7408904009214637432, 0.8027844546397844283, 0.8665421624742997153, 0.9322877234863431450, 0.9999999999999998890 ),
 ( 0.000000000000000000, 1.000000000000000000 ),
 .UNSPECIFIED. ) ;
#2259 = LINE ( 'NONE', #8323, #5166 ) ;
#2260 = DIRECTION ( 'NONE',  ( 1.000000000000000000, 0.000000000000000000, -0.000000000000000000 ) ) ;
#2261 = CARTESIAN_POINT ( 'NONE',  ( 17.99999999999963052, 2.406504429313959026, 207.5753407642650359 ) ) ;
#2262 = CARTESIAN_POINT ( 'NONE',  ( 17.49999999999963762, 2.199023437499993960, 208.0937500000000853 ) ) ;
#2263 =( NAMED_UNIT ( * ) PLANE_ANGLE_UNIT ( ) SI_UNIT ( $, .RADIAN. ) );
#2264 = CARTESIAN_POINT ( 'NONE',  ( 17.99999999999961986, 4.097546746041694554, 208.0859971572113807 ) ) ;
#2265 = PRESENTATION_LAYER_ASSIGNMENT (  '', '', ( #1769 ) ) ;
#2266 =( GEOMETRIC_REPRESENTATION_CONTEXT ( 3 ) GLOBAL_UNCERTAINTY_ASSIGNED_CONTEXT ( ( #2416 ) ) GLOBAL_UNIT_ASSIGNED_CONTEXT ( ( #3970, #4670, #2440 ) ) REPRESENTATION_CONTEXT ( 'NONE', 'WORKASPACE' ) );
#2267 = DIRECTION ( 'NONE',  ( 0.000000000000000000, 0.000000000000000000, -1.000000000000000000 ) ) ;
#2268 = CARTESIAN_POINT ( 'NONE',  ( 17.49999999999963052, 1.538105006586047097, 208.5304671590533303 ) ) ;
#2269 = LINE ( 'NONE', #5313, #5246 ) ;
#2270 = B_SPLINE_CURVE_WITH_KNOTS ( 'NONE', 3,
 ( #1559, #4614, #7684, #9851, #612, #1458, #4509, #2320, #9846, #3018, #2, #7734, #6879, #4607, #3701, #9035, #3800, #6771, #5362 ),
 .UNSPECIFIED., .F., .F.,
 ( 4, 1, 1, 1, 1, 1, 1, 1, 1, 1, 1, 1, 1, 1, 1, 1, 4 ),
 ( 0.000000000000000000, 0.06645718292760703638, 0.1303233700831427921, 0.1926490091855872500, 0.2529182569577372863, 0.3119620458555742992, 0.3698677371220183696, 0.4273215772062111117, 0.4852979938712448926, 0.5434325231963703651, 0.6029491455468195538, 0.6635032917448473455, 0.7258052563892073428, 0.7903225959668802592, 0.8576837664792464899, 0.9271556858163065851, 1.000000000000000000 ),
 .UNSPECIFIED. ) ;
#2271 = SURFACE_STYLE_USAGE ( .BOTH. , #102 ) ;
#2272 = SURFACE_STYLE_USAGE ( .BOTH. , #6978 ) ;
#2273 = ADVANCED_FACE ( 'NONE', ( #7520 ), #2055, .T. ) ;
#2274 = FILL_AREA_STYLE ('',( #753 ) ) ;
#2275 = ORIENTED_EDGE ( 'NONE', *, *, #2438, .T. ) ;
#2276 = CARTESIAN_POINT ( 'NONE',  ( 17.49999999999964118, 2.124804687499993960, 206.4062500000000568 ) ) ;
#2277 = PRESENTATION_LAYER_ASSIGNMENT (  '', '', ( #9164 ) ) ;
#2278 = ORIENTED_EDGE ( 'NONE', *, *, #550, .F. ) ;
#2279 = LINE ( 'NONE', #3186, #6187 ) ;
#2280 = FACE_OUTER_BOUND ( 'NONE', #8197, .T. ) ;
#2281 = CARTESIAN_POINT ( 'NONE',  ( 17.49999999999962341, 2.157519531249994404, 208.9375000000000853 ) ) ;
#2282 = ADVANCED_FACE ( 'NONE', ( #8224, #3597 ), #3698, .T. ) ;
#2283 =( LENGTH_UNIT ( ) NAMED_UNIT ( * ) SI_UNIT ( .MILLI., .METRE. ) );
#2284 = DIRECTION ( 'NONE',  ( 0.000000000000000000, -0.9998792132753624440, 0.01554216393692331791 ) ) ;
#2285 = VECTOR ( 'NONE', #8078, 999.9999999999998863 ) ;
#2286 = ORIENTED_EDGE ( 'NONE', *, *, #111, .T. ) ;
#2287 =( GEOMETRIC_REPRESENTATION_CONTEXT ( 3 ) GLOBAL_UNCERTAINTY_ASSIGNED_CONTEXT ( ( #3600 ) ) GLOBAL_UNIT_ASSIGNED_CONTEXT ( ( #3740, #5890, #543 ) ) REPRESENTATION_CONTEXT ( 'NONE', 'WORKASPACE' ) );
#2288 = CARTESIAN_POINT ( 'NONE',  ( -16.62500000000006395, 4.925000000000026468, 195.2500000000000000 ) ) ;
#2289 = DIRECTION ( 'NONE',  ( 1.040834085586084099E-14, -1.000000000000000000, 0.000000000000000000 ) ) ;
#2290 = CARTESIAN_POINT ( 'NONE',  ( 17.99999999999962697, 3.198535156249993960, 208.5366210937500284 ) ) ;
#2291 = DIRECTION ( 'NONE',  ( -1.000000000000000000, -5.728085021779797867E-16, 8.583663793918551117E-34 ) ) ;
#2292 = ORIENTED_EDGE ( 'NONE', *, *, #5588, .F. ) ;
#2293 = MECHANICAL_DESIGN_GEOMETRIC_PRESENTATION_REPRESENTATION (  '', ( #4035 ), #9677 ) ;
#2294 = DIRECTION ( 'NONE',  ( 0.000000000000000000, -1.000000000000000000, 0.000000000000000000 ) ) ;
#2295 =( NAMED_UNIT ( * ) SI_UNIT ( $, .STERADIAN. ) SOLID_ANGLE_UNIT ( ) );
#2296 =( NAMED_UNIT ( * ) SI_UNIT ( $, .STERADIAN. ) SOLID_ANGLE_UNIT ( ) );
#2297 =( NAMED_UNIT ( * ) PLANE_ANGLE_UNIT ( ) SI_UNIT ( $, .RADIAN. ) );
#2298 = CARTESIAN_POINT ( 'NONE',  ( -14.55908586805404425, 2.235517850664110906, 108.9973229147748697 ) ) ;
#2299 = ORIENTED_EDGE ( 'NONE', *, *, #7685, .T. ) ;
#2300 = ADVANCED_FACE ( 'NONE', ( #7783 ), #3588, .T. ) ;
#2301 = MECHANICAL_DESIGN_GEOMETRIC_PRESENTATION_REPRESENTATION (  '', ( #3724 ), #4997 ) ;
#2302 = ORIENTED_EDGE ( 'NONE', *, *, #4858, .T. ) ;
#2303 = CARTESIAN_POINT ( 'NONE',  ( 17.49999999999962697, 2.611884478939784149, 206.5996130722284647 ) ) ;
#2304 = CARTESIAN_POINT ( 'NONE',  ( 17.99999999999963052, 2.225565605599586050, 208.9361278842037848 ) ) ;
#2305 = CARTESIAN_POINT ( 'NONE',  ( 17.00000000000000711, -1.999999999999998224, 109.0000000000000000 ) ) ;
#2306 = DIRECTION ( 'NONE',  ( 1.000000000000000000, 0.000000000000000000, 0.000000000000000000 ) ) ;
#2307 = EDGE_LOOP ( 'NONE', ( #4276, #1048, #2829, #2255, #8494, #415, #4950, #5848, #9533, #4594, #2354, #2843, #8971 ) ) ;
#2308 = UNCERTAINTY_MEASURE_WITH_UNIT (LENGTH_MEASURE( 1.000000000000000082E-05 ), #6659, 'distance_accuracy_value', 'NONE');
#2309 = CARTESIAN_POINT ( 'NONE',  ( 17.99999999999962341, 3.869214462040088343, 208.9368403929468627 ) ) ;
#2310 = ORIENTED_EDGE ( 'NONE', *, *, #590, .F. ) ;
#2311 = AXIS2_PLACEMENT_3D ( 'NONE', #4867, #2862, #1348 ) ;
#2312 = DIRECTION ( 'NONE',  ( -1.000000000000000000, -1.445602896647339163E-16, 0.000000000000000000 ) ) ;
#2313 = FILL_AREA_STYLE_COLOUR ( '', #5393 ) ;
#2314 = CARTESIAN_POINT ( 'NONE',  ( 17.99999999999963052, 1.836718749999993738, 207.9008789062500568 ) ) ;
#2315 = CARTESIAN_POINT ( 'NONE',  ( -16.62500000000006395, -2.175268387770555201, 195.2500000000000000 ) ) ;
#2316 = SURFACE_SIDE_STYLE ('',( #7572 ) ) ;
#2317 = CARTESIAN_POINT ( 'NONE',  ( 17.49999999999962341, 4.104075587598417840, 207.9061024020035973 ) ) ;
#2318 =( GEOMETRIC_REPRESENTATION_CONTEXT ( 3 ) GLOBAL_UNCERTAINTY_ASSIGNED_CONTEXT ( ( #7511 ) ) GLOBAL_UNIT_ASSIGNED_CONTEXT ( ( #8696, #1058, #6655 ) ) REPRESENTATION_CONTEXT ( 'NONE', 'WORKASPACE' ) );
#2319 = DIRECTION ( 'NONE',  ( -0.000000000000000000, -0.000000000000000000, -1.000000000000000000 ) ) ;
#2320 = CARTESIAN_POINT ( 'NONE',  ( 17.99999999999963407, 1.819366934479246245, 206.4728288387435953 ) ) ;
#2321 = CARTESIAN_POINT ( 'NONE',  ( 17.00000000000000000, 11.00000000000000355, 103.3588989435406802 ) ) ;
#2322 =( LENGTH_UNIT ( ) NAMED_UNIT ( * ) SI_UNIT ( .MILLI., .METRE. ) );
#2323 = ORIENTED_EDGE ( 'NONE', *, *, #2801, .F. ) ;
#2324 = VECTOR ( 'NONE', #1836, 1000.000000000000000 ) ;
#2325 = B_SPLINE_CURVE_WITH_KNOTS ( 'NONE', 3,
 ( #688, #9125, #3739, #9937, #738, #2253, #8980, #4446, #7459, #9885, #3003 ),
 .UNSPECIFIED., .F., .F.,
 ( 4, 1, 1, 1, 1, 1, 1, 1, 4 ),
 ( 0.000000000000000000, 0.09161935188691987253, 0.1915891571871788934, 0.3012049763652211998, 0.4205728124693625114, 0.5500131486325662289, 0.6898174145684852210, 0.8395810633706128900, 1.000000000000000000 ),
 .UNSPECIFIED. ) ;
#2326 = ORIENTED_EDGE ( 'NONE', *, *, #5935, .F. ) ;
#2327 = AXIS2_PLACEMENT_3D ( 'NONE', #4635, #7605, #9115 ) ;
#2328 = ORIENTED_EDGE ( 'NONE', *, *, #3823, .F. ) ;
#2329 = LINE ( 'NONE', #1657, #4913 ) ;
#2330 = PRESENTATION_STYLE_ASSIGNMENT (( #9289 ) ) ;
#2331 = SURFACE_STYLE_USAGE ( .BOTH. , #6783 ) ;
#2332 = CARTESIAN_POINT ( 'NONE',  ( 17.99999999999963407, 2.428825956111206441, 207.1157720864091232 ) ) ;
#2333 = EDGE_CURVE ( 'NONE', #9463, #8068, #8538, .T. ) ;
#2334 = COLOUR_RGB ( '',1.000000000000000000, 1.000000000000000000, 1.000000000000000000 ) ;
#2335 = ORIENTED_EDGE ( 'NONE', *, *, #7687, .T. ) ;
#2336 = B_SPLINE_CURVE_WITH_KNOTS ( 'NONE', 3,
 ( #427, #4126, #1827, #7956, #4927, #9612, #5634, #1219, #9452, #7104, #3428, #8050, #281, #5586, #7237, #8709, #1921, #8761, #7286 ),
 .UNSPECIFIED., .F., .F.,
 ( 4, 1, 1, 1, 1, 1, 1, 1, 1, 1, 1, 1, 1, 1, 1, 1, 4 ),
 ( 0.000000000000000000, 0.06353102772978892754, 0.1237801523605780024, 0.1818301461835552524, 0.2382492591916548774, 0.2933445270451748854, 0.3482254551814976673, 0.4035668869823221261, 0.4598944352349127462, 0.5176353499477298614, 0.5769650260022520794, 0.6385864481738021681, 0.7029929910599225229, 0.7710014760629591013, 0.8428771447221968804, 0.9190754138269552342, 1.000000000000000000 ),
 .UNSPECIFIED. ) ;
#2337 = B_SPLINE_SURFACE_WITH_KNOTS ( 'NONE', 3, 1, ( 
 ( #8393, #1608 ),
 ( #8499, #6781 ),
 ( #3914, #62 ),
 ( #9244, #5472 ),
 ( #713, #2426 ),
 ( #9098, #5268 ),
 ( #3760, #5423 ),
 ( #910, #9909 ),
 ( #4567, #3032 ),
 ( #6060, #7643 ),
 ( #758, #7942 ) ),
 .UNSPECIFIED., .F., .F., .F.,
 ( 4, 1, 1, 1, 1, 1, 1, 1, 4 ),
 ( 2, 2 ),
 ( 0.000000000000000000, 0.09124621974965763105, 0.1921269642549829904, 0.3017480936101603617, 0.4215111499860738076, 0.5506518099146479051, 0.6902592524111506034, 0.8400192627638281007, 1.000000000000000000 ),
 ( 0.000000000000000000, 1.000000000000000000 ),
 .UNSPECIFIED. ) ;
#2338 =( NAMED_UNIT ( * ) SI_UNIT ( $, .STERADIAN. ) SOLID_ANGLE_UNIT ( ) );
#2339 = CARTESIAN_POINT ( 'NONE',  ( 17.49999999999963407, 3.365061470390756426, 208.7812138857193816 ) ) ;
#2340 = PRESENTATION_STYLE_ASSIGNMENT (( #8557 ) ) ;
#2341 = CARTESIAN_POINT ( 'NONE',  ( -14.12499999999995914, -1.000000000000001776, 108.0000000000000000 ) ) ;
#2342 = AXIS2_PLACEMENT_3D ( 'NONE', #7452, #7609, #4437 ) ;
#2343 = VERTEX_POINT ( 'NONE', #800 ) ;
#2345 = DIRECTION ( 'NONE',  ( 1.000000000000000000, 0.000000000000000000, 0.000000000000000000 ) ) ;
#2344 = PRESENTATION_LAYER_ASSIGNMENT (  '', '', ( #6323 ) ) ;
#2346 = CARTESIAN_POINT ( 'NONE',  ( 17.99999999999963407, 1.833197528975698321, 208.8568773276839181 ) ) ;
#2347 = CARTESIAN_POINT ( 'NONE',  ( 17.49999999999963052, 4.229224064239723191, 208.8109156424732760 ) ) ;
#2348 = VERTEX_POINT ( 'NONE', #5308 ) ;
#2349 =( GEOMETRIC_REPRESENTATION_CONTEXT ( 3 ) GLOBAL_UNCERTAINTY_ASSIGNED_CONTEXT ( ( #192 ) ) GLOBAL_UNIT_ASSIGNED_CONTEXT ( ( #2963, #3064, #799 ) ) REPRESENTATION_CONTEXT ( 'NONE', 'WORKASPACE' ) );
#2350 =( GEOMETRIC_REPRESENTATION_CONTEXT ( 3 ) GLOBAL_UNCERTAINTY_ASSIGNED_CONTEXT ( ( #6807 ) ) GLOBAL_UNIT_ASSIGNED_CONTEXT ( ( #9646, #4359, #2722 ) ) REPRESENTATION_CONTEXT ( 'NONE', 'WORKASPACE' ) );
#2351 = FACE_OUTER_BOUND ( 'NONE', #3466, .T. ) ;
#2352 = SURFACE_SIDE_STYLE ('',( #3054 ) ) ;
#2353 = CARTESIAN_POINT ( 'NONE',  ( 17.49999999999963052, 4.458472286928091499, 206.9144220079150784 ) ) ;
#2354 = ORIENTED_EDGE ( 'NONE', *, *, #6396, .F. ) ;
#2355 = CARTESIAN_POINT ( 'NONE',  ( 17.99999999999963052, 2.251781973643927071, 207.7352758224158720 ) ) ;
#2356 = EDGE_LOOP ( 'NONE', ( #145, #6487, #9045, #5764 ) ) ;
#2357 = VECTOR ( 'NONE', #6112, 1000.000000000000000 ) ;
#2358 = DIRECTION ( 'NONE',  ( 1.000000000000000000, 0.000000000000000000, 0.000000000000000000 ) ) ;
#2359 = CARTESIAN_POINT ( 'NONE',  ( -14.21969767690276143, -3.456829804342124390, 108.8946634923118069 ) ) ;
#2360 = CARTESIAN_POINT ( 'NONE',  ( 17.49999999999963052, 1.469036404308810662, 206.9713473501954297 ) ) ;
#2361 = EDGE_CURVE ( 'NONE', #7541, #2147, #6048, .T. ) ;
#2362 = ADVANCED_FACE ( 'NONE', ( #1497 ), #3898, .T. ) ;
#2363 = PLANE ( 'NONE',  #587 ) ;
#2364 = AXIS2_PLACEMENT_3D ( 'NONE', #8127, #1244, #7360 ) ;
#2365 = DIRECTION ( 'NONE',  ( -0.000000000000000000, -0.000000000000000000, 1.000000000000000000 ) ) ;
#2366 = CARTESIAN_POINT ( 'NONE',  ( 17.99999999999963407, 1.993127468697625693, 208.5087333863203298 ) ) ;
#2367 = EDGE_LOOP ( 'NONE', ( #6793, #3962, #6503, #5491 ) ) ;
#2368 = MECHANICAL_DESIGN_GEOMETRIC_PRESENTATION_REPRESENTATION (  '', ( #5405 ), #4433 ) ;
#2369 = FACE_BOUND ( 'NONE', #4148, .T. ) ;
#2370 =( GEOMETRIC_REPRESENTATION_CONTEXT ( 3 ) GLOBAL_UNCERTAINTY_ASSIGNED_CONTEXT ( ( #2771 ) ) GLOBAL_UNIT_ASSIGNED_CONTEXT ( ( #6623, #1264, #1973 ) ) REPRESENTATION_CONTEXT ( 'NONE', 'WORKASPACE' ) );
#2371 = EDGE_CURVE ( 'NONE', #3691, #3638, #4840, .T. ) ;
#2372 = EDGE_CURVE ( 'NONE', #3540, #3565, #4145, .T. ) ;
#2373 = EDGE_CURVE ( 'NONE', #4732, #5264, #3710, .T. ) ;
#2374 = SURFACE_SIDE_STYLE ('',( #8497 ) ) ;
#2375 = PRESENTATION_LAYER_ASSIGNMENT (  '', '', ( #5405 ) ) ;
#2376 = MECHANICAL_DESIGN_GEOMETRIC_PRESENTATION_REPRESENTATION (  '', ( #6685 ), #9105 ) ;
#2377 = VERTEX_POINT ( 'NONE', #2651 ) ;
#2378 =( LENGTH_UNIT ( ) NAMED_UNIT ( * ) SI_UNIT ( .MILLI., .METRE. ) );
#2379 = CARTESIAN_POINT ( 'NONE',  ( 15.97899621566550543, -2.164619385479973790, 109.0000000000000000 ) ) ;
#2380 = CARTESIAN_POINT ( 'NONE',  ( 17.49999999999961986, 4.104080526595970113, 207.4688973289872536 ) ) ;
#2381 = DIRECTION ( 'NONE',  ( -1.000000000000000000, -5.728085021779797867E-16, 8.583663793918551117E-34 ) ) ;
#2382 = VECTOR ( 'NONE', #3494, 1000.000000000000000 ) ;
#2383 = CARTESIAN_POINT ( 'NONE',  ( -12.62499999999999822, -3.000000000000000888, 191.7500000000000000 ) ) ;
#2384 = DIRECTION ( 'NONE',  ( -1.000000000000000000, 0.000000000000000000, 0.000000000000000000 ) ) ;
#2385 = DIRECTION ( 'NONE',  ( 0.000000000000000000, 1.000000000000000000, 0.000000000000000000 ) ) ;
#2386 = CARTESIAN_POINT ( 'NONE',  ( 17.99999999999963407, 3.529760271997795851, 207.2176390379184454 ) ) ;
#2387 = CARTESIAN_POINT ( 'NONE',  ( 17.49999999999962697, 2.223951750354161927, 208.0930378524659545 ) ) ;
#2388 = ORIENTED_EDGE ( 'NONE', *, *, #7236, .F. ) ;
#2389 =( GEOMETRIC_REPRESENTATION_CONTEXT ( 3 ) GLOBAL_UNCERTAINTY_ASSIGNED_CONTEXT ( ( #6049 ) ) GLOBAL_UNIT_ASSIGNED_CONTEXT ( ( #496, #8831, #5033 ) ) REPRESENTATION_CONTEXT ( 'NONE', 'WORKASPACE' ) );
#2390 = FACE_BOUND ( 'NONE', #7180, .T. ) ;
#2391 = DIRECTION ( 'NONE',  ( 1.040834085586083310E-14, -1.000000000000000000, 0.000000000000000000 ) ) ;
#2392 = LINE ( 'NONE', #5437, #7638 ) ;
#2393 = CARTESIAN_POINT ( 'NONE',  ( 17.99999999999963052, 2.855750656940780896, 207.2595786090322747 ) ) ;
#2394 = DIRECTION ( 'NONE',  ( 0.000000000000000000, 1.334402673828312107E-16, 1.000000000000000000 ) ) ;
#2395 = CARTESIAN_POINT ( 'NONE',  ( 17.99999999999962697, 3.768362126140329504, 206.8456199094556496 ) ) ;
#2396 = ORIENTED_EDGE ( 'NONE', *, *, #8183, .T. ) ;
#2397 = CARTESIAN_POINT ( 'NONE',  ( -14.62499999999995381, -4.624194836688190868, 198.7500000000000000 ) ) ;
#2398 = CIRCLE ( 'NONE', #2572, 0.8750000000000007772 ) ;
#2399 = CARTESIAN_POINT ( 'NONE',  ( 17.99999999999963407, 1.825267424252942083, 207.2731219808586616 ) ) ;
#2400 = CARTESIAN_POINT ( 'NONE',  ( 17.99999999999963052, 2.807777691641401230, 208.4099402439253481 ) ) ;
#2401 = EDGE_CURVE ( 'NONE', #4736, #5147, #6403, .T. ) ;
#2402 = ORIENTED_EDGE ( 'NONE', *, *, #5740, .T. ) ;
#2403 = UNCERTAINTY_MEASURE_WITH_UNIT (LENGTH_MEASURE( 1.000000000000000082E-05 ), #5704, 'distance_accuracy_value', 'NONE');
#2404 =( LENGTH_UNIT ( ) NAMED_UNIT ( * ) SI_UNIT ( .MILLI., .METRE. ) );
#2405 = CARTESIAN_POINT ( 'NONE',  ( 17.99999999999962697, 3.761254231481073518, 208.9368405103013515 ) ) ;
#2406 = CARTESIAN_POINT ( 'NONE',  ( 17.49999999999963052, 3.167636413430486186, 206.9155428054151855 ) ) ;
#2407 = VERTEX_POINT ( 'NONE', #6303 ) ;
#2408 = LINE ( 'NONE', #887, #9513 ) ;
#2409 = DIRECTION ( 'NONE',  ( -0.000000000000000000, -0.000000000000000000, -1.000000000000000000 ) ) ;
#2410 = CARTESIAN_POINT ( 'NONE',  ( 17.49999999999963407, 1.496386718749993516, 206.8862304687500568 ) ) ;
#2411 = EDGE_CURVE ( 'NONE', #6242, #1865, #117, .T. ) ;
#2412 = CARTESIAN_POINT ( 'NONE',  ( 17.99999999999962697, 3.815234374999993960, 208.9375000000000568 ) ) ;
#2413 = DIRECTION ( 'NONE',  ( -1.000000000000000000, -5.728085021779797867E-16, 8.583663793918551117E-34 ) ) ;
#2414 = CARTESIAN_POINT ( 'NONE',  ( 17.99999999999962697, 4.101205930323846616, 208.0013259412326363 ) ) ;
#2415 = DIRECTION ( 'NONE',  ( 0.000000000000000000, 0.000000000000000000, -1.000000000000000000 ) ) ;
#2416 = UNCERTAINTY_MEASURE_WITH_UNIT (LENGTH_MEASURE( 1.000000000000000082E-05 ), #3970, 'distance_accuracy_value', 'NONE');
#2417 = CLOSED_SHELL ( 'NONE', ( #1320, #622, #345, #8080, #2939, #589, #861, #2362, #4197, #8083, #8428, #5167, #5802, #314, #889, #8268, #2116, #5328, #4923, #3169, #658, #4624, #9156, #1906, #2282, #5508, #1054, #2978, #9918, #1379, #7850, #9013, #3470, #4006, #6166, #2842, #34, #2716, #4803, #9874, #4507, #6839, #4549, #7333, #1351, #4440, #9853, #6625, #6080, #4766, #1209, #442, #1817, #5778, #57, #3514, #1678, #4159, #5481, #6681, #8507, #5780, #7232, #4620, #6573, #761, #4894, #9539, #1706, #760, #1197, #7217, #7146, #5013, #3579, #8134, #4701, #1605, #2217, #5608, #3906, #9516, #9073, #4128, #5305, #134, #7890, #9356, #1928, #8485, #5045, #6414, #6999, #3879, #8818, #48, #8471, #5230, #9339, #7939, #2273, #9666, #6840, #8281, #3811, #7471, #7453, #7380, #466, #2117, #3091, #2300, #4592, #463, #7969, #9852, #5604, #4778, #1809, #3986, #464, #3828, #6339, #3893, #1704, #9388, #3546, #6271, #9402, #7740, #1757, #3570, #4998, #1676, #3807, #7549, #7611, #4311, #6815, #2857, #6212, #3137, #3704, #236, #2134, #7120, #4869, #4134, #1502, #9752, #6197, #2864, #8895, #1616, #4254, #1485, #9462, #3020, #3004, #3702, #7317, #353, #7632, #9377, #5080, #7707, #2457, #9457, #9178, #422, #4868, #6497, #8500, #3113, #5662, #1001, #1303, #8162, #5966, #4268, #4061 ) ) ;
#2418 = DIRECTION ( 'NONE',  ( 8.583663793918551117E-34, -0.000000000000000000, 1.000000000000000000 ) ) ;
#2419 = PRESENTATION_STYLE_ASSIGNMENT (( #9282 ) ) ;
#2420 = CARTESIAN_POINT ( 'NONE',  ( 17.99999999999963052, 2.158496093749993960, 208.5625000000000284 ) ) ;
#2421 = VERTEX_POINT ( 'NONE', #4800 ) ;
#2422 = CARTESIAN_POINT ( 'NONE',  ( 16.55256997848176326, -11.84293464156057141, 2.019493506600073207 ) ) ;
#2423 = VECTOR ( 'NONE', #5479, 1000.000000000000000 ) ;
#2424 = CARTESIAN_POINT ( 'NONE',  ( 17.99999999999963052, 2.207286754654023575, 208.5605936779614353 ) ) ;
#2425 = ORIENTED_EDGE ( 'NONE', *, *, #6545, .T. ) ;
#2426 = CARTESIAN_POINT ( 'NONE',  ( 17.49999999999963407, 1.428630191173396291, 207.1666037178139845 ) ) ;
#2427 = AXIS2_PLACEMENT_3D ( 'NONE', #9057, #1272, #2938 ) ;
#2429 = MECHANICAL_DESIGN_GEOMETRIC_PRESENTATION_REPRESENTATION (  '', ( #5458 ), #8678 ) ;
#2428 = PLANE ( 'NONE',  #3883 ) ;
#2430 = EDGE_CURVE ( 'NONE', #8710, #7129, #6249, .T. ) ;
#2431 = CARTESIAN_POINT ( 'NONE',  ( 17.99999999999962697, 2.697369803027354518, 208.6921506465936034 ) ) ;
#2432 = EDGE_CURVE ( 'NONE', #9888, #1675, #2468, .T. ) ;
#2433 = DIRECTION ( 'NONE',  ( -0.000000000000000000, 0.000000000000000000, 1.000000000000000000 ) ) ;
#2434 = STYLED_ITEM ( 'NONE', ( #6449 ), #1704 ) ;
#2435 = STYLED_ITEM ( 'NONE', ( #6770 ), #1001 ) ;
#2436 = FACE_OUTER_BOUND ( 'NONE', #7669, .T. ) ;
#2437 = CARTESIAN_POINT ( 'NONE',  ( 17.49999999999962697, 3.245383072782975997, 208.6299744977196724 ) ) ;
#2438 = EDGE_CURVE ( 'NONE', #8890, #8366, #8747, .T. ) ;
#2439 = FILL_AREA_STYLE_COLOUR ( '', #8808 ) ;
#2440 =( NAMED_UNIT ( * ) SI_UNIT ( $, .STERADIAN. ) SOLID_ANGLE_UNIT ( ) );
#2441 = CARTESIAN_POINT ( 'NONE',  ( 17.49999999999963052, 2.472987368035367783, 208.0438950501237230 ) ) ;
#2442 = ORIENTED_EDGE ( 'NONE', *, *, #1825, .T. ) ;
#2443 = SURFACE_STYLE_USAGE ( .BOTH. , #6998 ) ;
#2444 = CARTESIAN_POINT ( 'NONE',  ( -15.62499999999993072, -1.875268387770552048, 198.7500000000000000 ) ) ;
#2445 = FILL_AREA_STYLE ('',( #4675 ) ) ;
#2447 = AXIS2_PLACEMENT_3D ( 'NONE', #5714, #405, #4956 ) ;
#2446 = CARTESIAN_POINT ( 'NONE',  ( -15.62500000000005151, 3.624194836688377386, 198.7500000000000000 ) ) ;
#2448 = CARTESIAN_POINT ( 'NONE',  ( 17.74999999999963052, 0.000000000000000000, 216.2500000000000853 ) ) ;
#2449 = CARTESIAN_POINT ( 'NONE',  ( 17.49999999999962697, 4.429492187499993072, 206.8383789062500284 ) ) ;
#2450 = COLOUR_RGB ( '',1.000000000000000000, 0.7490196078431372584, 0.000000000000000000 ) ;
#2451 = CARTESIAN_POINT ( 'NONE',  ( 17.49999999999961986, 3.684839142175080351, 206.8716461796566080 ) ) ;
#2452 = B_SPLINE_CURVE_WITH_KNOTS ( 'NONE', 3,
 ( #9498, #171, #2625, #8754, #8039, #1163, #3418, #6326, #9443, #1015, #6467 ),
 .UNSPECIFIED., .F., .F.,
 ( 4, 1, 1, 1, 1, 1, 1, 1, 4 ),
 ( 0.000000000000000000, 0.1423604118210493041, 0.2786201360669269822, 0.4098624489983847541, 0.5354769308100539860, 0.6565166792472966195, 0.7738089771115379545, 0.8881256004554626271, 1.000000000000000000 ),
 .UNSPECIFIED. ) ;
#2453 = ORIENTED_EDGE ( 'NONE', *, *, #5168, .F. ) ;
#2454 = CARTESIAN_POINT ( 'NONE',  ( 17.49999999999963052, 1.848464861763666756, 207.4565464615546375 ) ) ;
#2455 = CARTESIAN_POINT ( 'NONE',  ( 17.99999999999962697, 2.697369803027354518, 208.6921506465936034 ) ) ;
#2456 = MECHANICAL_DESIGN_GEOMETRIC_PRESENTATION_REPRESENTATION (  '', ( #5315 ), #4027 ) ;
#2457 = ADVANCED_FACE ( 'NONE', ( #3634 ), #7457, .T. ) ;
#2458 = FILL_AREA_STYLE_COLOUR ( '', #3496 ) ;
#2459 = ORIENTED_EDGE ( 'NONE', *, *, #1039, .T. ) ;
#2460 = FILL_AREA_STYLE_COLOUR ( '', #5667 ) ;
#2461 = CARTESIAN_POINT ( 'NONE',  ( 17.49999999999962697, 1.596933232568782168, 206.6763453816255947 ) ) ;
#2462 = EDGE_LOOP ( 'NONE', ( #9070, #8531, #2778, #8701 ) ) ;
#2463 =( NAMED_UNIT ( * ) PLANE_ANGLE_UNIT ( ) SI_UNIT ( $, .RADIAN. ) );
#2464 = LINE ( 'NONE', #7830, #6101 ) ;
#2465 = CARTESIAN_POINT ( 'NONE',  ( 17.99999999999962697, 3.684839142175080795, 206.8716461796566080 ) ) ;
#2466 = AXIS2_PLACEMENT_3D ( 'NONE', #7108, #3250, #5545 ) ;
#2467 = FACE_OUTER_BOUND ( 'NONE', #8688, .T. ) ;
#2468 = LINE ( 'NONE', #4945, #6272 ) ;
#2469 =( NAMED_UNIT ( * ) SI_UNIT ( $, .STERADIAN. ) SOLID_ANGLE_UNIT ( ) );
#2470 = COLOUR_RGB ( '',1.000000000000000000, 1.000000000000000000, 1.000000000000000000 ) ;
#2471 = CARTESIAN_POINT ( 'NONE',  ( -15.62500000000005151, 3.624194836688377386, 198.7500000000000000 ) ) ;
#2472 = CARTESIAN_POINT ( 'NONE',  ( 17.49999999999963052, 3.815234374999993516, 206.8437500000000568 ) ) ;
#2473 = VERTEX_POINT ( 'NONE', #6549 ) ;
#2474 = B_SPLINE_CURVE_WITH_KNOTS ( 'NONE', 3,
 ( #3503, #4999, #513, #9444, #7903, #3550, #5853, #9398, #5577, #5623, #6560 ),
 .UNSPECIFIED., .F., .F.,
 ( 4, 1, 1, 1, 1, 1, 1, 1, 4 ),
 ( 0.000000000000000000, 0.06811811090816485836, 0.1517196374222167798, 0.2518914617339232387, 0.3679742411501016885, 0.5015259139580999781, 0.6511087080447940378, 0.8175170325938195814, 1.000000000000000000 ),
 .UNSPECIFIED. ) ;
#2475 = VECTOR ( 'NONE', #2203, 1000.000000000000000 ) ;
#2476 = DIRECTION ( 'NONE',  ( 0.000000000000000000, -0.000000000000000000, 1.000000000000000000 ) ) ;
#2477 = LINE ( 'NONE', #8742, #4411 ) ;
#2478 = ORIENTED_EDGE ( 'NONE', *, *, #7776, .T. ) ;
#2479 = CARTESIAN_POINT ( 'NONE',  ( 17.49999999999963052, 3.799228530848210106, 206.8443885330351009 ) ) ;
#2480 = FACE_OUTER_BOUND ( 'NONE', #7723, .T. ) ;
#2481 = MECHANICAL_DESIGN_GEOMETRIC_PRESENTATION_REPRESENTATION (  '', ( #8720 ), #7598 ) ;
#2482 = SURFACE_SIDE_STYLE ('',( #7138 ) ) ;
#2483 = SURFACE_STYLE_USAGE ( .BOTH. , #8553 ) ;
#2484 = AXIS2_PLACEMENT_3D ( 'NONE', #3208, #4038, #3888 ) ;
#2485 = VERTEX_POINT ( 'NONE', #9628 ) ;
#2486 = CARTESIAN_POINT ( 'NONE',  ( 17.49999999999963052, 1.965827975257609328, 208.4843701316019065 ) ) ;
#2487 = CARTESIAN_POINT ( 'NONE',  ( 16.83520525076490415, -11.56742217732956846, 101.9341664468365281 ) ) ;
#2488 = SURFACE_STYLE_FILL_AREA ( #6277 ) ;
#2489 = SURFACE_STYLE_FILL_AREA ( #3194 ) ;
#2490 = EDGE_LOOP ( 'NONE', ( #7469, #3779, #6466, #2199 ) ) ;
#2491 = CARTESIAN_POINT ( 'NONE',  ( 17.99999999999962697, 4.069140624999993072, 207.0527343750000568 ) ) ;
#2492 = FILL_AREA_STYLE_COLOUR ( '', #5154 ) ;
#2493 = AXIS2_PLACEMENT_3D ( 'NONE', #7262, #4393, #6507 ) ;
#2494 = STYLED_ITEM ( 'NONE', ( #2844 ), #4134 ) ;
#2495 = CARTESIAN_POINT ( 'NONE',  ( 17.49999999999962697, 4.069140624999993072, 208.3222656250000568 ) ) ;
#2496 = CARTESIAN_POINT ( 'NONE',  ( 17.49999999999961986, 3.724444255760313904, 206.8555195484666740 ) ) ;
#2497 = ORIENTED_EDGE ( 'NONE', *, *, #3344, .T. ) ;
#2498 = CARTESIAN_POINT ( 'NONE',  ( 16.00000000000000711, -10.99999999999999822, 109.0000000000000000 ) ) ;
#2499 = EDGE_CURVE ( 'NONE', #1436, #7066, #9489, .T. ) ;
#2500 = DIRECTION ( 'NONE',  ( -0.000000000000000000, -0.000000000000000000, -1.000000000000000000 ) ) ;
#2501 = CARTESIAN_POINT ( 'NONE',  ( 17.99999999999963052, 2.354325951788267535, 208.9161302930936586 ) ) ;
#2502 = COLOUR_RGB ( '',1.000000000000000000, 0.7490196078431372584, 0.000000000000000000 ) ;
#2503 = B_SPLINE_CURVE_WITH_KNOTS ( 'NONE', 3,
 ( #6550, #7548, #7255, #2710, #8832, #1947, #675, #4988, #5035, #8120, #3727 ),
 .UNSPECIFIED., .F., .F.,
 ( 4, 1, 1, 1, 1, 1, 1, 1, 4 ),
 ( 0.000000000000000000, 0.1549437864281181798, 0.2989181743483522169, 0.4334097818455280304, 0.5596603401954908241, 0.6773843817687859037, 0.7888281110535896312, 0.8965936203003666005, 1.000000000000000000 ),
 .UNSPECIFIED. ) ;
#2504 = FACE_OUTER_BOUND ( 'NONE', #6310, .T. ) ;
#2505 = ORIENTED_EDGE ( 'NONE', *, *, #1689, .F. ) ;
#2506 = UNCERTAINTY_MEASURE_WITH_UNIT (LENGTH_MEASURE( 1.000000000000000082E-05 ), #8840, 'distance_accuracy_value', 'NONE');
#2507 =( LENGTH_UNIT ( ) NAMED_UNIT ( * ) SI_UNIT ( .MILLI., .METRE. ) );
#2508 = EDGE_LOOP ( 'NONE', ( #4645, #8956, #5946, #2539 ) ) ;
#2509 =( LENGTH_UNIT ( ) NAMED_UNIT ( * ) SI_UNIT ( .MILLI., .METRE. ) );
#2510 = FACE_OUTER_BOUND ( 'NONE', #1545, .T. ) ;
#2511 = CARTESIAN_POINT ( 'NONE',  ( 17.74999999999963052, -1.000000000000000000, 216.2500000000000853 ) ) ;
#2512 = CARTESIAN_POINT ( 'NONE',  ( -12.62499999999999822, 3.750000000000000000, 191.0000000000000000 ) ) ;
#2513 = LINE ( 'NONE', #1693, #3459 ) ;
#2514 = FILL_AREA_STYLE_COLOUR ( '', #9475 ) ;
#2515 = CARTESIAN_POINT ( 'NONE',  ( 17.99999999999963407, 2.138357582477394825, 206.8127494487420392 ) ) ;
#2516 = DIRECTION ( 'NONE',  ( 1.319181350552706246E-16, 1.000000000000000000, 0.000000000000000000 ) ) ;
#2517 = VECTOR ( 'NONE', #3548, 1000.000000000000000 ) ;
#2518 = CARTESIAN_POINT ( 'NONE',  ( 16.12499999999963407, -0.6249999999999998890, 217.0000000000000853 ) ) ;
#2519 = UNCERTAINTY_MEASURE_WITH_UNIT (LENGTH_MEASURE( 1.000000000000000082E-05 ), #1829, 'distance_accuracy_value', 'NONE');
#2520 = EDGE_CURVE ( 'NONE', #61, #3445, #5032, .T. ) ;
#2521 = FILL_AREA_STYLE_COLOUR ( '', #9913 ) ;
#2522 = CARTESIAN_POINT ( 'NONE',  ( 17.99999999999962697, 2.064612243116644930, 206.8195290230416958 ) ) ;
#2523 = ORIENTED_EDGE ( 'NONE', *, *, #5283, .T. ) ;
#2524 = SURFACE_STYLE_USAGE ( .BOTH. , #6258 ) ;
#2525 = FACE_OUTER_BOUND ( 'NONE', #9113, .T. ) ;
#2526 = ORIENTED_EDGE ( 'NONE', *, *, #8750, .F. ) ;
#2527 = CARTESIAN_POINT ( 'NONE',  ( -11.87499999999999822, -3.000000000000000888, 197.0000000000000000 ) ) ;
#2528 = MECHANICAL_DESIGN_GEOMETRIC_PRESENTATION_REPRESENTATION (  '', ( #7478 ), #6017 ) ;
#2529 = VECTOR ( 'NONE', #4301, 1000.000000000000000 ) ;
#2530 = CARTESIAN_POINT ( 'NONE',  ( 17.99999999999963407, 3.943732448137958979, 208.5031723471859380 ) ) ;
#2531 = DIRECTION ( 'NONE',  ( 5.276725402210820055E-16, -1.000000000000000000, 0.000000000000000000 ) ) ;
#2532 = CARTESIAN_POINT ( 'NONE',  ( 17.49999999999961986, 2.795293026819213100, 208.4734682538731931 ) ) ;
#2533 = CARTESIAN_POINT ( 'NONE',  ( -16.95877631727045909, -11.31667585137848420, 102.6530056049846849 ) ) ;
#2534 = AXIS2_PLACEMENT_3D ( 'NONE', #8144, #7535, #5814 ) ;
#2535 = EDGE_LOOP ( 'NONE', ( #6410, #6393, #637, #9093 ) ) ;
#2536 = DIRECTION ( 'NONE',  ( 0.000000000000000000, 0.000000000000000000, -1.000000000000000000 ) ) ;
#2537 = CARTESIAN_POINT ( 'NONE',  ( 17.99999999999963407, 2.393933887091360457, 208.4424875167556479 ) ) ;
#2538 = SURFACE_STYLE_FILL_AREA ( #4070 ) ;
#2539 = ORIENTED_EDGE ( 'NONE', *, *, #2373, .F. ) ;
#2540 = CARTESIAN_POINT ( 'NONE',  ( -1.176359357146760478E-15, 5.425000000000030909, 198.7500000000000000 ) ) ;
#2541 = SURFACE_STYLE_USAGE ( .BOTH. , #75 ) ;
#2542 = EDGE_CURVE ( 'NONE', #3449, #418, #5964, .T. ) ;
#2543 = VECTOR ( 'NONE', #5192, 1000.000000000000000 ) ;
#2544 = CIRCLE ( 'NONE', #4611, 0.8750000000000007772 ) ;
#2545 = CARTESIAN_POINT ( 'NONE',  ( 12.06350832689630259, -1.999999999999998224, 109.0000000000000000 ) ) ;
#2546 = DIRECTION ( 'NONE',  ( -0.000000000000000000, -0.000000000000000000, 1.000000000000000000 ) ) ;
#2547 = FACE_OUTER_BOUND ( 'NONE', #9934, .T. ) ;
#2548 = LINE ( 'NONE', #5014, #2172 ) ;
#2549 = ORIENTED_EDGE ( 'NONE', *, *, #2082, .F. ) ;
#2550 = CARTESIAN_POINT ( 'NONE',  ( 17.99999999999963052, 2.813281249999993960, 208.3437500000000568 ) ) ;
#2551 = CARTESIAN_POINT ( 'NONE',  ( 17.49999999999963052, 2.123065867154079633, 207.7490348114083076 ) ) ;
#2552 = FILL_AREA_STYLE_COLOUR ( '', #127 ) ;
#2553 =( GEOMETRIC_REPRESENTATION_CONTEXT ( 3 ) GLOBAL_UNCERTAINTY_ASSIGNED_CONTEXT ( ( #1356 ) ) GLOBAL_UNIT_ASSIGNED_CONTEXT ( ( #417, #6526, #9603 ) ) REPRESENTATION_CONTEXT ( 'NONE', 'WORKASPACE' ) );
#2554 = VECTOR ( 'NONE', #6274, 1000.000000000000000 ) ;
#2555 = DIRECTION ( 'NONE',  ( 0.000000000000000000, 0.7071067811865473507, 0.7071067811865477948 ) ) ;
#2556 = ORIENTED_EDGE ( 'NONE', *, *, #1353, .F. ) ;
#2557 = FACE_OUTER_BOUND ( 'NONE', #3890, .T. ) ;
#2558 = CARTESIAN_POINT ( 'NONE',  ( 17.49999999999962341, 3.563885347073009413, 208.8990013202375167 ) ) ;
#2559 = CARTESIAN_POINT ( 'NONE',  ( 17.49999999999963052, 1.661524269768417605, 206.5933492331139973 ) ) ;
#2560 = ORIENTED_EDGE ( 'NONE', *, *, #1095, .F. ) ;
#2561 = CARTESIAN_POINT ( 'NONE',  ( 9.999999999999628741, 7.825000000000000178, 212.0000000000000853 ) ) ;
#2562 = CARTESIAN_POINT ( 'NONE',  ( 17.99999999999962697, 3.972093481131349524, 206.4510797155355988 ) ) ;
#2563 = EDGE_CURVE ( 'NONE', #7957, #5298, #6701, .T. ) ;
#2564 = SURFACE_STYLE_FILL_AREA ( #8533 ) ;
#2565 = EDGE_CURVE ( 'NONE', #3939, #2140, #6327, .T. ) ;
#2566 = CARTESIAN_POINT ( 'NONE',  ( 17.49999999999963052, 3.815234374999993516, 208.9375000000000568 ) ) ;
#2567 = AXIS2_PLACEMENT_3D ( 'NONE', #6915, #7062, #1542 ) ;
#2568 = EDGE_CURVE ( 'NONE', #8088, #2865, #8315, .T. ) ;
#2569 = CARTESIAN_POINT ( 'NONE',  ( 17.99999999999963052, 2.228849281220851797, 206.8312013270086425 ) ) ;
#2570 = CARTESIAN_POINT ( 'NONE',  ( 17.49999999999962697, 2.115828677561442994, 206.8128808545806976 ) ) ;
#2571 = CARTESIAN_POINT ( 'NONE',  ( 17.49999999999963052, 0.1687499999999939049, 206.5000000000000568 ) ) ;
#2572 = AXIS2_PLACEMENT_3D ( 'NONE', #3622, #2895, #3725 ) ;
#2573 = EDGE_CURVE ( 'NONE', #3254, #122, #1586, .T. ) ;
#2574 = PRESENTATION_STYLE_ASSIGNMENT (( #5606 ) ) ;
#2575 = CARTESIAN_POINT ( 'NONE',  ( 17.99999999999963407, 3.904599718111236850, 206.8554829926777643 ) ) ;
#2576 =( NAMED_UNIT ( * ) PLANE_ANGLE_UNIT ( ) SI_UNIT ( $, .RADIAN. ) );
#2577 = ORIENTED_EDGE ( 'NONE', *, *, #4746, .T. ) ;
#2578 = FACE_OUTER_BOUND ( 'NONE', #1741, .T. ) ;
#2579 = DIRECTION ( 'NONE',  ( -1.000000000000000000, 0.000000000000000000, 8.583663793918552827E-34 ) ) ;
#2580 = AXIS2_PLACEMENT_3D ( 'NONE', #629, #8300, #5924 ) ;
#2581 = DIRECTION ( 'NONE',  ( 5.054798037293063222E-16, -0.8824586258886334411, -0.4703900228477905232 ) ) ;
#2582 = CARTESIAN_POINT ( 'NONE',  ( 17.99999999999963052, 2.856249999999994404, 207.2910156250000568 ) ) ;
#2583 = DIRECTION ( 'NONE',  ( -0.000000000000000000, -0.000000000000000000, -1.000000000000000000 ) ) ;
#2584 = CARTESIAN_POINT ( 'NONE',  ( 17.99999999999962697, 4.069140624999993072, 208.3222656250000568 ) ) ;
#2585 = COLOUR_RGB ( '',1.000000000000000000, 1.000000000000000000, 1.000000000000000000 ) ;
#2586 = ORIENTED_EDGE ( 'NONE', *, *, #4644, .F. ) ;
#2587 = SURFACE_SIDE_STYLE ('',( #9350 ) ) ;
#2588 = VECTOR ( 'NONE', #6610, 1000.000000000000000 ) ;
#2589 = ORIENTED_EDGE ( 'NONE', *, *, #2115, .T. ) ;
#2590 = CARTESIAN_POINT ( 'NONE',  ( 17.49999999999963052, 4.422404624724461719, 206.8221509538955445 ) ) ;
#2591 = ORIENTED_EDGE ( 'NONE', *, *, #3853, .F. ) ;
#2592 = CARTESIAN_POINT ( 'NONE',  ( 17.49999999999962697, 4.106249999999993960, 207.6875000000000568 ) ) ;
#2593 = LINE ( 'NONE', #7334, #7371 ) ;
#2594 = DIRECTION ( 'NONE',  ( -0.000000000000000000, 1.334402673828312107E-16, -1.000000000000000000 ) ) ;
#2595 = ORIENTED_EDGE ( 'NONE', *, *, #2629, .F. ) ;
#2596 = MECHANICAL_DESIGN_GEOMETRIC_PRESENTATION_REPRESENTATION (  '', ( #5774 ), #2758 ) ;
#2597 =( NAMED_UNIT ( * ) SI_UNIT ( $, .STERADIAN. ) SOLID_ANGLE_UNIT ( ) );
#2598 = CARTESIAN_POINT ( 'NONE',  ( 17.49999999999963407, 1.878215290366066714, 207.5412820576707986 ) ) ;
#2599 = CARTESIAN_POINT ( 'NONE',  ( 17.99999999999963052, 3.684392464722555438, 208.5033458436068656 ) ) ;
#2600 = ORIENTED_EDGE ( 'NONE', *, *, #4622, .T. ) ;
#2601 = CARTESIAN_POINT ( 'NONE',  ( 17.49999999999962341, 3.075358306845346057, 207.6419212050889769 ) ) ;
#2602 = ORIENTED_EDGE ( 'NONE', *, *, #1509, .T. ) ;
#2603 = FILL_AREA_STYLE ('',( #1687 ) ) ;
#2604 = SURFACE_STYLE_USAGE ( .BOTH. , #6445 ) ;
#2605 = CARTESIAN_POINT ( 'NONE',  ( -17.00000000000000000, 9.000000000000001776, 3.000000000000002665 ) ) ;
#2606 = CARTESIAN_POINT ( 'NONE',  ( 17.99999999999963407, 2.259402437926288698, 206.8470585145151404 ) ) ;
#2607 = PLANE ( 'NONE',  #3079 ) ;
#2608 = UNCERTAINTY_MEASURE_WITH_UNIT (LENGTH_MEASURE( 1.000000000000000082E-05 ), #6218, 'distance_accuracy_value', 'NONE');
#2609 = SURFACE_STYLE_FILL_AREA ( #9479 ) ;
#2610 = VERTEX_POINT ( 'NONE', #9123 ) ;
#2611 = DIRECTION ( 'NONE',  ( 0.000000000000000000, -1.000000000000000000, 0.000000000000000000 ) ) ;
#2612 = AXIS2_PLACEMENT_3D ( 'NONE', #3385, #2500, #4881 ) ;
#2613 = CARTESIAN_POINT ( 'NONE',  ( 16.82886812212440475, 11.57714298544141585, 1.448705279434123749 ) ) ;
#2614 = ORIENTED_EDGE ( 'NONE', *, *, #344, .F. ) ;
#2615 = SURFACE_STYLE_USAGE ( .BOTH. , #2767 ) ;
#2616 = DIRECTION ( 'NONE',  ( 0.000000000000000000, -0.4703900228477904677, 0.8824586258886334411 ) ) ;
#2617 = CARTESIAN_POINT ( 'NONE',  ( -16.62500000000006395, 2.175268387770571188, 195.2500000000000000 ) ) ;
#2618 = PRESENTATION_LAYER_ASSIGNMENT (  '', '', ( #3724 ) ) ;
#2619 = CARTESIAN_POINT ( 'NONE',  ( 17.99999999999963052, 2.830189033052280756, 207.0217699365846045 ) ) ;
#2620 = CARTESIAN_POINT ( 'NONE',  ( 15.00543460141997976, -4.233822121907966363, 108.7475936606386711 ) ) ;
#2621 = CARTESIAN_POINT ( 'NONE',  ( 17.99999999999963052, 3.076053481964340808, 207.8215092689216590 ) ) ;
#2622 = DIRECTION ( 'NONE',  ( -0.000000000000000000, 0.000000000000000000, -1.000000000000000000 ) ) ;
#2623 =( GEOMETRIC_REPRESENTATION_CONTEXT ( 3 ) GLOBAL_UNCERTAINTY_ASSIGNED_CONTEXT ( ( #1997 ) ) GLOBAL_UNIT_ASSIGNED_CONTEXT ( ( #2509, #2463, #5553 ) ) REPRESENTATION_CONTEXT ( 'NONE', 'WORKASPACE' ) );
#2624 = VERTEX_POINT ( 'NONE', #6755 ) ;
#2625 = CARTESIAN_POINT ( 'NONE',  ( 17.99999999999963407, 1.388969836369708277, 207.9378378781081267 ) ) ;
#2626 = EDGE_LOOP ( 'NONE', ( #4316, #1910, #1114, #2459 ) ) ;
#2627 = ORIENTED_EDGE ( 'NONE', *, *, #891, .F. ) ;
#2628 = FILL_AREA_STYLE ('',( #7149 ) ) ;
#2629 = EDGE_CURVE ( 'NONE', #1583, #4423, #7507, .T. ) ;
#2630 = CARTESIAN_POINT ( 'NONE',  ( 17.00000000000000000, 12.00000000000000178, 99.00000000000000000 ) ) ;
#2631 = DIRECTION ( 'NONE',  ( -0.000000000000000000, 0.000000000000000000, 1.000000000000000000 ) ) ;
#2632 = CARTESIAN_POINT ( 'NONE',  ( 12.00000000000001421, 2.500000000000000444, 107.9999999999999858 ) ) ;
#2633 =( LENGTH_UNIT ( ) NAMED_UNIT ( * ) SI_UNIT ( .MILLI., .METRE. ) );
#2634 = MECHANICAL_DESIGN_GEOMETRIC_PRESENTATION_REPRESENTATION (  '', ( #4223 ), #862 ) ;
#2635 = ORIENTED_EDGE ( 'NONE', *, *, #1078, .T. ) ;
#2636 = CARTESIAN_POINT ( 'NONE',  ( 17.49999999999962697, 2.382719822526576881, 206.9898370629573492 ) ) ;
#2637 = CARTESIAN_POINT ( 'NONE',  ( -16.62500000000006395, 4.925000000000026468, 195.2500000000000000 ) ) ;
#2638 = LINE ( 'NONE', #431, #3803 ) ;
#2639 = CARTESIAN_POINT ( 'NONE',  ( -15.00000000000000533, 5.674999999999999822, 191.0000000000000000 ) ) ;
#2640 = VECTOR ( 'NONE', #961, 1000.000000000000000 ) ;
#2641 = ORIENTED_EDGE ( 'NONE', *, *, #4439, .F. ) ;
#2642 = COLOUR_RGB ( '',1.000000000000000000, 0.7490196078431372584, 0.000000000000000000 ) ;
#2643 = CARTESIAN_POINT ( 'NONE',  ( 17.49999999999962341, 3.301035548204604098, 206.6632443238181622 ) ) ;
#2644 = ORIENTED_EDGE ( 'NONE', *, *, #2057, .T. ) ;
#2645 = DIRECTION ( 'NONE',  ( -0.000000000000000000, 0.000000000000000000, 1.000000000000000000 ) ) ;
#2646 = CARTESIAN_POINT ( 'NONE',  ( 17.99999999999963052, 3.833475967286429587, 206.4377229022514939 ) ) ;
#2647 = CARTESIAN_POINT ( 'NONE',  ( 17.49999999999963407, 2.352106520094841446, 207.6639567031895695 ) ) ;
#2648 = EDGE_CURVE ( 'NONE', #3942, #9369, #3118, .T. ) ;
#2649 = AXIS2_PLACEMENT_3D ( 'NONE', #8129, #7312, #4303 ) ;
#2650 =( GEOMETRIC_REPRESENTATION_CONTEXT ( 3 ) GLOBAL_UNCERTAINTY_ASSIGNED_CONTEXT ( ( #2809 ) ) GLOBAL_UNIT_ASSIGNED_CONTEXT ( ( #7953, #376, #1970 ) ) REPRESENTATION_CONTEXT ( 'NONE', 'WORKASPACE' ) );
#2651 = CARTESIAN_POINT ( 'NONE',  ( 17.99999999999962697, 7.825000000000001954, 204.0000000000000568 ) ) ;
#2652 = SURFACE_STYLE_USAGE ( .BOTH. , #2806 ) ;
#2653 =( NAMED_UNIT ( * ) PLANE_ANGLE_UNIT ( ) SI_UNIT ( $, .RADIAN. ) );
#2654 = CARTESIAN_POINT ( 'NONE',  ( 17.49999999999963052, 3.708756172803381546, 206.4433111146681199 ) ) ;
#2655 = VERTEX_POINT ( 'NONE', #3001 ) ;
#2656 = VECTOR ( 'NONE', #8240, 1000.000000000000000 ) ;
#2657 = SURFACE_STYLE_USAGE ( .BOTH. , #1850 ) ;
#2658 = STYLED_ITEM ( 'NONE', ( #8277 ), #4701 ) ;
#2659 = CARTESIAN_POINT ( 'NONE',  ( 17.49999999999963762, 1.871520346365342036, 207.0083186266964219 ) ) ;
#2660 = ORIENTED_EDGE ( 'NONE', *, *, #6950, .T. ) ;
#2661 = EDGE_CURVE ( 'NONE', #2877, #3819, #6913, .T. ) ;
#2662 = DIRECTION ( 'NONE',  ( 0.000000000000000000, 1.000000000000000000, 0.000000000000000000 ) ) ;
#2663 = DIRECTION ( 'NONE',  ( -0.000000000000000000, -0.000000000000000000, 1.000000000000000000 ) ) ;
#2664 = UNCERTAINTY_MEASURE_WITH_UNIT (LENGTH_MEASURE( 1.000000000000000082E-05 ), #1640, 'distance_accuracy_value', 'NONE');
#2665 = PRESENTATION_STYLE_ASSIGNMENT (( #3413 ) ) ;
#2666 = CARTESIAN_POINT ( 'NONE',  ( 17.49999999999962697, 2.781770899723154056, 206.8632951292069038 ) ) ;
#2667 = CARTESIAN_POINT ( 'NONE',  ( 16.00000000000000711, -2.631831285348817939, 108.9808923585150211 ) ) ;
#2668 =( NAMED_UNIT ( * ) SI_UNIT ( $, .STERADIAN. ) SOLID_ANGLE_UNIT ( ) );
#2669 = DIRECTION ( 'NONE',  ( -0.000000000000000000, -0.000000000000000000, 1.000000000000000000 ) ) ;
#2670 =( GEOMETRIC_REPRESENTATION_CONTEXT ( 3 ) GLOBAL_UNCERTAINTY_ASSIGNED_CONTEXT ( ( #4789 ) ) GLOBAL_UNIT_ASSIGNED_CONTEXT ( ( #8579, #6198, #4651 ) ) REPRESENTATION_CONTEXT ( 'NONE', 'WORKASPACE' ) );
#2671 = VECTOR ( 'NONE', #3707, 1000.000000000000000 ) ;
#2672 = EDGE_CURVE ( 'NONE', #7066, #1436, #8548, .T. ) ;
#2673 = EDGE_CURVE ( 'NONE', #9009, #4888, #4642, .T. ) ;
#2674 = EDGE_CURVE ( 'NONE', #9662, #9175, #5294, .T. ) ;
#2675 = ORIENTED_EDGE ( 'NONE', *, *, #5887, .T. ) ;
#2676 = CARTESIAN_POINT ( 'NONE',  ( 17.49999999999963407, 2.054107464937525052, 208.5436945937803728 ) ) ;
#2677 =( GEOMETRIC_REPRESENTATION_CONTEXT ( 3 ) GLOBAL_UNCERTAINTY_ASSIGNED_CONTEXT ( ( #1589 ) ) GLOBAL_UNIT_ASSIGNED_CONTEXT ( ( #374, #7229, #4165 ) ) REPRESENTATION_CONTEXT ( 'NONE', 'WORKASPACE' ) );
#2678 = STYLED_ITEM ( 'NONE', ( #9323 ), #8162 ) ;
#2679 = ORIENTED_EDGE ( 'NONE', *, *, #1909, .T. ) ;
#2680 = FILL_AREA_STYLE ('',( #5723 ) ) ;
#2681 = EDGE_LOOP ( 'NONE', ( #2595, #8481, #1983, #9446 ) ) ;
#2682 = CARTESIAN_POINT ( 'NONE',  ( -17.00000000000000000, 11.00000000000000355, 103.3588989435406802 ) ) ;
#2683 = SURFACE_SIDE_STYLE ('',( #5069 ) ) ;
#2684 = DIRECTION ( 'NONE',  ( 1.000000000000000000, 0.000000000000000000, 0.000000000000000000 ) ) ;
#2685 = COLOUR_RGB ( '',1.000000000000000000, 0.7490196078431372584, 0.000000000000000000 ) ;
#2686 = SURFACE_STYLE_USAGE ( .BOTH. , #1173 ) ;
#2687 = VECTOR ( 'NONE', #2071, 1000.000000000000000 ) ;
#2688 = ORIENTED_EDGE ( 'NONE', *, *, #6096, .F. ) ;
#2689 = CARTESIAN_POINT ( 'NONE',  ( 17.49999999999962341, 3.869214462040087898, 208.9368403929468627 ) ) ;
#2690 = FACE_OUTER_BOUND ( 'NONE', #337, .T. ) ;
#2691 = CARTESIAN_POINT ( 'NONE',  ( 17.99999999999962341, 2.357665749420739143, 206.4405409632642545 ) ) ;
#2692 = DIRECTION ( 'NONE',  ( 0.000000000000000000, -0.4822272466064918550, -0.8760461646684618575 ) ) ;
#2693 = CARTESIAN_POINT ( 'NONE',  ( 17.49999999999962697, 3.555468749999993516, 208.3222656250000568 ) ) ;
#2694 = COLOUR_RGB ( '',1.000000000000000000, 0.7490196078431372584, 0.000000000000000000 ) ;
#2695 = EDGE_LOOP ( 'NONE', ( #4974, #4901, #886, #5380 ) ) ;
#2696 = CIRCLE ( 'NONE', #7177, 1.500000000000003109 ) ;
#2697 = LINE ( 'NONE', #9419, #560 ) ;
#2698 = CARTESIAN_POINT ( 'NONE',  ( 17.99999999999963762, 1.503507168521541981, 206.8667836154666588 ) ) ;
#2699 = ORIENTED_EDGE ( 'NONE', *, *, #7045, .F. ) ;
#2700 =( LENGTH_UNIT ( ) NAMED_UNIT ( * ) SI_UNIT ( .MILLI., .METRE. ) );
#2701 = PRESENTATION_STYLE_ASSIGNMENT (( #6493 ) ) ;
#2702 =( NAMED_UNIT ( * ) PLANE_ANGLE_UNIT ( ) SI_UNIT ( $, .RADIAN. ) );
#2703 = LINE ( 'NONE', #7250, #5203 ) ;
#2704 = MECHANICAL_DESIGN_GEOMETRIC_PRESENTATION_REPRESENTATION (  '', ( #3026 ), #3212 ) ;
#2705 = COLOUR_RGB ( '',1.000000000000000000, 1.000000000000000000, 1.000000000000000000 ) ;
#2706 = CARTESIAN_POINT ( 'NONE',  ( 17.99999999999963052, -1.958203125000006040, 206.5000000000000568 ) ) ;
#2707 = MECHANICAL_DESIGN_GEOMETRIC_PRESENTATION_REPRESENTATION (  '', ( #5414 ), #7986 ) ;
#2708 = DIRECTION ( 'NONE',  ( 1.000000000000000000, 0.000000000000000000, 0.000000000000000000 ) ) ;
#2709 = CARTESIAN_POINT ( 'NONE',  ( 17.99999999999963407, 3.943732448137958979, 208.5031723471859380 ) ) ;
#2710 = CARTESIAN_POINT ( 'NONE',  ( 17.99999999999963052, 1.928561300962463365, 207.9849964127557485 ) ) ;
#2711 = ORIENTED_EDGE ( 'NONE', *, *, #894, .F. ) ;
#2712 = UNCERTAINTY_MEASURE_WITH_UNIT (LENGTH_MEASURE( 1.000000000000000082E-05 ), #6235, 'distance_accuracy_value', 'NONE');
#2713 = ORIENTED_EDGE ( 'NONE', *, *, #4713, .F. ) ;
#2714 = CARTESIAN_POINT ( 'NONE',  ( 17.99999999999962697, 3.512461392487313816, 207.7257518623430883 ) ) ;
#2715 = VERTEX_POINT ( 'NONE', #9264 ) ;
#2716 = ADVANCED_FACE ( 'NONE', ( #2351 ), #3782, .T. ) ;
#2717 = DIRECTION ( 'NONE',  ( 0.000000000000000000, -1.000000000000000000, 0.000000000000000000 ) ) ;
#2718 = SURFACE_SIDE_STYLE ('',( #9593 ) ) ;
#2719 = VECTOR ( 'NONE', #2692, 999.9999999999998863 ) ;
#2720 = PRESENTATION_STYLE_ASSIGNMENT (( #8994 ) ) ;
#2721 = CARTESIAN_POINT ( 'NONE',  ( 17.99999999999963052, 2.662890624999994404, 206.6591796875000568 ) ) ;
#2722 =( NAMED_UNIT ( * ) SI_UNIT ( $, .STERADIAN. ) SOLID_ANGLE_UNIT ( ) );
#2723 =( NAMED_UNIT ( * ) PLANE_ANGLE_UNIT ( ) SI_UNIT ( $, .RADIAN. ) );
#2724 = VERTEX_POINT ( 'NONE', #931 ) ;
#2725 = CARTESIAN_POINT ( 'NONE',  ( 17.99999999999963052, 2.145932811444292820, 207.7496754084053521 ) ) ;
#2726 = CARTESIAN_POINT ( 'NONE',  ( 0.000000000000000000, 2.000000000000001776, 99.00000000000000000 ) ) ;
#2727 = ORIENTED_EDGE ( 'NONE', *, *, #4717, .T. ) ;
#2728 =( LENGTH_UNIT ( ) NAMED_UNIT ( * ) SI_UNIT ( .MILLI., .METRE. ) );
#2729 = EDGE_CURVE ( 'NONE', #258, #3088, #830, .T. ) ;
#2730 = ORIENTED_EDGE ( 'NONE', *, *, #6790, .T. ) ;
#2731 = DIRECTION ( 'NONE',  ( -0.2880551792314012816, -0.9576138124097653970, 0.000000000000000000 ) ) ;
#2732 = VECTOR ( 'NONE', #3825, 1000.000000000000000 ) ;
#2733 = CARTESIAN_POINT ( 'NONE',  ( 17.99999999999962697, 3.198535156249993960, 208.5366210937500284 ) ) ;
#2734 = CARTESIAN_POINT ( 'NONE',  ( 17.49999999999963052, 2.161929826822984069, 206.8132358850241417 ) ) ;
#2735 = CARTESIAN_POINT ( 'NONE',  ( 17.49999999999962341, 4.110701701078390613, 206.4928133370338799 ) ) ;
#2736 = ORIENTED_EDGE ( 'NONE', *, *, #182, .T. ) ;
#2737 = CARTESIAN_POINT ( 'NONE',  ( -13.62499999999989697, -4.624194836688180210, 197.7500000000000000 ) ) ;
#2738 = COLOUR_RGB ( '',1.000000000000000000, 1.000000000000000000, 1.000000000000000000 ) ;
#2739 = EDGE_CURVE ( 'NONE', #9106, #5186, #8713, .T. ) ;
#2740 = AXIS2_PLACEMENT_3D ( 'NONE', #9820, #2941, #2183 ) ;
#2741 =( LENGTH_UNIT ( ) NAMED_UNIT ( * ) SI_UNIT ( .MILLI., .METRE. ) );
#2742 = CARTESIAN_POINT ( 'NONE',  ( 17.99999999999961986, 3.331546187456889907, 208.7483697547849317 ) ) ;
#2743 = DIRECTION ( 'NONE',  ( 1.000000000000000000, 0.000000000000000000, 0.000000000000000000 ) ) ;
#2744 = CARTESIAN_POINT ( 'NONE',  ( 17.49999999999963052, 3.684392464722554994, 208.5033458436068656 ) ) ;
#2745 = B_SPLINE_CURVE_WITH_KNOTS ( 'NONE', 3,
 ( #4864, #1057, #5716, #3274, #6367, #5569, #1861, #313, #6416, #9391, #4109, #3228, #7179, #3963, #8694, #3369, #8650, #9492, #2620, #7896, #4813, #7136, #7988, #5525, #5665, #1905, #4765, #367, #2667, #7038 ),
 .UNSPECIFIED., .F., .F.,
 ( 4, 2, 2, 2, 2, 2, 2, 2, 2, 2, 2, 2, 2, 2, 4 ),
 ( 0.0005037574479393681828, 0.0008966354507060621086, 0.001289513453472755818, 0.002075269459006148440, 0.002468147461772843450, 0.002861025464539538460, 0.003253903467306233470, 0.003646781470072928480, 0.004432537475606312428, 0.004825415478373007439, 0.005218293481139702449, 0.005611171483906393122, 0.006004049486673083795, 0.006396927489439775336, 0.006789805492206466009 ),
 .UNSPECIFIED. ) ;
#2746 = ORIENTED_EDGE ( 'NONE', *, *, #4517, .F. ) ;
#2747 = CARTESIAN_POINT ( 'NONE',  ( 17.99999999999963052, 1.911961116668974059, 206.4349810995303187 ) ) ;
#2748 = CARTESIAN_POINT ( 'NONE',  ( 17.99999999999963052, -1.540234375000006262, 207.3369140625000568 ) ) ;
#2749 = B_SPLINE_CURVE_WITH_KNOTS ( 'NONE', 3,
 ( #976, #4075, #8515, #3976, #1777 ),
 .UNSPECIFIED., .F., .F.,
 ( 4, 1, 4 ),
 ( 0.000000000000000000, 0.4895838144904829936, 1.000000000000000000 ),
 .UNSPECIFIED. ) ;
#2750 = VECTOR ( 'NONE', #1140, 1000.000000000000000 ) ;
#2751 = FILL_AREA_STYLE ('',( #6638 ) ) ;
#2752 = LINE ( 'NONE', #4290, #5930 ) ;
#2753 = EDGE_CURVE ( 'NONE', #5186, #4020, #6289, .T. ) ;
#2754 = EDGE_CURVE ( 'NONE', #221, #9001, #6282, .T. ) ;
#2755 = CARTESIAN_POINT ( 'NONE',  ( 17.99999999999963407, 1.943530949116606843, 207.6465218963489008 ) ) ;
#2756 = VECTOR ( 'NONE', #1123, 1000.000000000000000 ) ;
#2757 = DIRECTION ( 'NONE',  ( -1.000000000000000000, -6.938893903907228378E-15, 0.000000000000000000 ) ) ;
#2758 =( GEOMETRIC_REPRESENTATION_CONTEXT ( 3 ) GLOBAL_UNCERTAINTY_ASSIGNED_CONTEXT ( ( #899 ) ) GLOBAL_UNIT_ASSIGNED_CONTEXT ( ( #295, #6244, #91 ) ) REPRESENTATION_CONTEXT ( 'NONE', 'WORKASPACE' ) );
#2759 = PLANE ( 'NONE',  #2769 ) ;
#2760 = FACE_OUTER_BOUND ( 'NONE', #4151, .T. ) ;
#2761 = EDGE_LOOP ( 'NONE', ( #641, #3886, #3492, #6110 ) ) ;
#2762 =( LENGTH_UNIT ( ) NAMED_UNIT ( * ) SI_UNIT ( .MILLI., .METRE. ) );
#2763 = VERTEX_POINT ( 'NONE', #4734 ) ;
#2764 = CARTESIAN_POINT ( 'NONE',  ( -15.99999999999999645, -11.99999999999999822, 3.000000000000002665 ) ) ;
#2765 = LINE ( 'NONE', #5800, #4595 ) ;
#2766 = EDGE_LOOP ( 'NONE', ( #740, #6008, #6390, #2335 ) ) ;
#2767 = SURFACE_SIDE_STYLE ('',( #7981 ) ) ;
#2768 = PRESENTATION_LAYER_ASSIGNMENT (  '', '', ( #5315 ) ) ;
#2769 = AXIS2_PLACEMENT_3D ( 'NONE', #8726, #5743, #5793 ) ;
#2770 = DIRECTION ( 'NONE',  ( 0.000000000000000000, 0.9363291775690446572, -0.3511234415883914828 ) ) ;
#2771 = UNCERTAINTY_MEASURE_WITH_UNIT (LENGTH_MEASURE( 1.000000000000000082E-05 ), #6623, 'distance_accuracy_value', 'NONE');
#2772 = CARTESIAN_POINT ( 'NONE',  ( -15.62499999999998401, -1.626303258728254632E-13, 195.2500000000000000 ) ) ;
#2773 = CARTESIAN_POINT ( 'NONE',  ( 17.49999999999963762, 2.199023437499993960, 208.0937500000000853 ) ) ;
#2774 = DIRECTION ( 'NONE',  ( -0.000000000000000000, -0.000000000000000000, 1.000000000000000000 ) ) ;
#2775 =( NAMED_UNIT ( * ) SI_UNIT ( $, .STERADIAN. ) SOLID_ANGLE_UNIT ( ) );
#2776 = ORIENTED_EDGE ( 'NONE', *, *, #3291, .T. ) ;
#2777 = PRESENTATION_STYLE_ASSIGNMENT (( #416 ) ) ;
#2778 = ORIENTED_EDGE ( 'NONE', *, *, #9904, .F. ) ;
#2779 = ORIENTED_EDGE ( 'NONE', *, *, #8424, .T. ) ;
#2780 = EDGE_CURVE ( 'NONE', #5264, #4732, #6936, .T. ) ;
#2781 = FACE_OUTER_BOUND ( 'NONE', #1726, .T. ) ;
#2782 = CARTESIAN_POINT ( 'NONE',  ( 17.99999999999963052, 2.126269531249993960, 206.8125000000000284 ) ) ;
#2783 = LINE ( 'NONE', #4326, #4810 ) ;
#2784 = EDGE_CURVE ( 'NONE', #8656, #1999, #7819, .T. ) ;
#2785 = FILL_AREA_STYLE ('',( #4373 ) ) ;
#2786 = ORIENTED_EDGE ( 'NONE', *, *, #4313, .T. ) ;
#2787 = CARTESIAN_POINT ( 'NONE',  ( 17.49999999999963052, -2.487500000000006040, 206.5000000000000568 ) ) ;
#2788 = VECTOR ( 'NONE', #6299, 1000.000000000000000 ) ;
#2789 = FILL_AREA_STYLE ('',( #6581 ) ) ;
#2790 = SURFACE_SIDE_STYLE ('',( #4331 ) ) ;
#2791 = SURFACE_STYLE_FILL_AREA ( #579 ) ;
#2792 =( LENGTH_UNIT ( ) NAMED_UNIT ( * ) SI_UNIT ( .MILLI., .METRE. ) );
#2793 = VERTEX_POINT ( 'NONE', #7196 ) ;
#2794 = DIRECTION ( 'NONE',  ( 0.000000000000000000, -0.4703900228477904677, 0.8824586258886334411 ) ) ;
#2795 = CARTESIAN_POINT ( 'NONE',  ( 17.99999999999963052, 1.517418420261862577, 206.8287902189450449 ) ) ;
#2796 = CARTESIAN_POINT ( 'NONE',  ( 17.49999999999963052, 3.076053481964340364, 207.8215092689216590 ) ) ;
#2797 =( LENGTH_UNIT ( ) NAMED_UNIT ( * ) SI_UNIT ( .MILLI., .METRE. ) );
#2798 = DIRECTION ( 'NONE',  ( 1.000000000000000000, 0.000000000000000000, 0.000000000000000000 ) ) ;
#2799 = LINE ( 'NONE', #9575, #5916 ) ;
#2800 =( LENGTH_UNIT ( ) NAMED_UNIT ( * ) SI_UNIT ( .MILLI., .METRE. ) );
#2801 = EDGE_CURVE ( 'NONE', #7244, #4217, #7241, .T. ) ;
#2802 = SURFACE_SIDE_STYLE ('',( #5789 ) ) ;
#2803 =( LENGTH_UNIT ( ) NAMED_UNIT ( * ) SI_UNIT ( .MILLI., .METRE. ) );
#2804 = CARTESIAN_POINT ( 'NONE',  ( -1.537935610319538959, -5.112730092090080447, 198.7500000000000000 ) ) ;
#2805 = VECTOR ( 'NONE', #7670, 1000.000000000000000 ) ;
#2806 = SURFACE_SIDE_STYLE ('',( #9529 ) ) ;
#2807 = FILL_AREA_STYLE_COLOUR ( '', #2450 ) ;
#2808 = VERTEX_POINT ( 'NONE', #5589 ) ;
#2809 = UNCERTAINTY_MEASURE_WITH_UNIT (LENGTH_MEASURE( 1.000000000000000082E-05 ), #7953, 'distance_accuracy_value', 'NONE');
#2810 = CARTESIAN_POINT ( 'NONE',  ( 17.99999999999963407, 3.609957437522211876, 206.4615662146289878 ) ) ;
#2811 = EDGE_LOOP ( 'NONE', ( #6615, #7510, #5266, #8618 ) ) ;
#2812 = PRODUCT ( '3s Turnigy Li-Po battery', '3s Turnigy Li-Po battery', '', ( #319 ) ) ;
#2813 = DIRECTION ( 'NONE',  ( 1.105886215935213576E-14, -1.000000000000000000, 0.000000000000000000 ) ) ;
#2814 = CARTESIAN_POINT ( 'NONE',  ( 0.000000000000000000, 0.000000000000000000, 109.0000000000000000 ) ) ;
#2815 = CARTESIAN_POINT ( 'NONE',  ( 17.49999999999962341, 3.517587454119626589, 207.9984374333306221 ) ) ;
#2816 = EDGE_LOOP ( 'NONE', ( #2549, #6359, #7110, #6144 ) ) ;
#2817 = PRESENTATION_STYLE_ASSIGNMENT (( #2615 ) ) ;
#2818 = CARTESIAN_POINT ( 'NONE',  ( 17.99999999999963407, 2.035588340332176838, 206.8299575769779608 ) ) ;
#2819 = PRESENTATION_STYLE_ASSIGNMENT (( #1200 ) ) ;
#2820 = PLANE ( 'NONE',  #4162 ) ;
#2821 = VECTOR ( 'NONE', #5582, 1000.000000000000000 ) ;
#2822 =( NAMED_UNIT ( * ) PLANE_ANGLE_UNIT ( ) SI_UNIT ( $, .RADIAN. ) );
#2823 = CARTESIAN_POINT ( 'NONE',  ( 17.49999999999963762, 1.586230468749993738, 208.6098632812500853 ) ) ;
#2824 = AXIS2_PLACEMENT_3D ( 'NONE', #6480, #6684, #6626 ) ;
#2825 = PRESENTATION_LAYER_ASSIGNMENT (  '', '', ( #9237 ) ) ;
#2826 = EDGE_CURVE ( 'NONE', #1035, #2908, #7766, .T. ) ;
#2827 = VERTEX_POINT ( 'NONE', #8669 ) ;
#2828 = EDGE_CURVE ( 'NONE', #6325, #1376, #1784, .T. ) ;
#2829 = ORIENTED_EDGE ( 'NONE', *, *, #3699, .F. ) ;
#2830 = SURFACE_STYLE_USAGE ( .BOTH. , #8191 ) ;
#2831 = VECTOR ( 'NONE', #2868, 1000.000000000000000 ) ;
#2832 = VERTEX_POINT ( 'NONE', #4834 ) ;
#2833 = DIRECTION ( 'NONE',  ( 1.000000000000000000, -3.105602935857676970E-16, 0.000000000000000000 ) ) ;
#2834 = CARTESIAN_POINT ( 'NONE',  ( -16.23200564476299945, 11.97447119881435107, 99.73749274096724093 ) ) ;
#2835 = CARTESIAN_POINT ( 'NONE',  ( 17.99999999999962697, 3.220045057481521589, 208.5848739800644296 ) ) ;
#2836 = LINE ( 'NONE', #5969, #8841 ) ;
#2837 = ORIENTED_EDGE ( 'NONE', *, *, #2962, .T. ) ;
#2838 = DIRECTION ( 'NONE',  ( 0.000000000000000000, 1.000000000000000000, 0.000000000000000000 ) ) ;
#2839 = COLOUR_RGB ( '',1.000000000000000000, 0.7490196078431372584, 0.000000000000000000 ) ;
#2840 = CARTESIAN_POINT ( 'NONE',  ( 16.49999999999962697, 0.000000000000000000, 216.2500000000000853 ) ) ;
#2841 = PLANE ( 'NONE',  #8496 ) ;
#2842 = ADVANCED_FACE ( 'NONE', ( #7915 ), #286, .F. ) ;
#2843 = ORIENTED_EDGE ( 'NONE', *, *, #646, .F. ) ;
#2844 = PRESENTATION_STYLE_ASSIGNMENT (( #5926 ) ) ;
#2845 = CARTESIAN_POINT ( 'NONE',  ( 17.49999999999965183, 1.517418420261862355, 206.8287902189450449 ) ) ;
#2846 = CARTESIAN_POINT ( 'NONE',  ( 17.49999999999961986, 3.142741534294688943, 208.3749648708106861 ) ) ;
#2847 = AXIS2_PLACEMENT_3D ( 'NONE', #8301, #4481, #3491 ) ;
#2848 =( GEOMETRIC_REPRESENTATION_CONTEXT ( 3 ) GLOBAL_UNCERTAINTY_ASSIGNED_CONTEXT ( ( #5259 ) ) GLOBAL_UNIT_ASSIGNED_CONTEXT ( ( #9762, #6735, #9006 ) ) REPRESENTATION_CONTEXT ( 'NONE', 'WORKASPACE' ) );
#2849 = FILL_AREA_STYLE_COLOUR ( '', #3062 ) ;
#2850 = CARTESIAN_POINT ( 'NONE',  ( -14.14759869262551817, -2.771579217278360208, 108.9707540369305434 ) ) ;
#2851 = CARTESIAN_POINT ( 'NONE',  ( -15.44183988004670738, 3.763948599178943866, 108.8432970073166501 ) ) ;
#2852 = PLANE ( 'NONE',  #1564 ) ;
#2853 = VECTOR ( 'NONE', #5055, 1000.000000000000000 ) ;
#2854 = VECTOR ( 'NONE', #6290, 1000.000000000000000 ) ;
#2855 = SURFACE_STYLE_FILL_AREA ( #6758 ) ;
#2856 = EDGE_LOOP ( 'NONE', ( #401, #1576, #4429, #3743 ) ) ;
#2857 = ADVANCED_FACE ( 'NONE', ( #2690 ), #3292, .F. ) ;
#2858 = CARTESIAN_POINT ( 'NONE',  ( 17.99999999999962697, 3.796992763627563328, 206.4377228625936596 ) ) ;
#2859 = ORIENTED_EDGE ( 'NONE', *, *, #3403, .T. ) ;
#2860 = EDGE_CURVE ( 'NONE', #6443, #881, #6227, .T. ) ;
#2861 = FACE_OUTER_BOUND ( 'NONE', #1399, .T. ) ;
#2862 = DIRECTION ( 'NONE',  ( 9.432558900623880687E-15, -1.000000000000000000, 0.000000000000000000 ) ) ;
#2863 = CARTESIAN_POINT ( 'NONE',  ( 17.99999999999963052, 3.522994014152760922, 208.0828771862001361 ) ) ;
#2864 = ADVANCED_FACE ( 'NONE', ( #4828 ), #1728, .T. ) ;
#2865 = VERTEX_POINT ( 'NONE', #2444 ) ;
#2866 = STYLED_ITEM ( 'NONE', ( #953 ), #7333 ) ;
#2867 = LINE ( 'NONE', #2104, #406 ) ;
#2868 = DIRECTION ( 'NONE',  ( 0.000000000000000000, -1.000000000000000000, 0.000000000000000000 ) ) ;
#2869 = CARTESIAN_POINT ( 'NONE',  ( 17.99999999999963052, 2.158496093749993960, 208.5625000000000284 ) ) ;
#2870 = UNCERTAINTY_MEASURE_WITH_UNIT (LENGTH_MEASURE( 1.000000000000000082E-05 ), #8214, 'distance_accuracy_value', 'NONE');
#2871 = EDGE_CURVE ( 'NONE', #5214, #8989, #1669, .T. ) ;
#2872 = SURFACE_SIDE_STYLE ('',( #8434 ) ) ;
#2873 = SURFACE_SIDE_STYLE ('',( #5952 ) ) ;
#2874 =( NAMED_UNIT ( * ) PLANE_ANGLE_UNIT ( ) SI_UNIT ( $, .RADIAN. ) );
#2875 =( LENGTH_UNIT ( ) NAMED_UNIT ( * ) SI_UNIT ( .MILLI., .METRE. ) );
#2876 = CARTESIAN_POINT ( 'NONE',  ( 17.49999999999962697, 4.429492187499993072, 206.8383789062500284 ) ) ;
#2877 = VERTEX_POINT ( 'NONE', #8513 ) ;
#2878 = DIRECTION ( 'NONE',  ( 0.000000000000000000, -0.9998792132753624440, 0.01554216393692331791 ) ) ;
#2879 = MECHANICAL_DESIGN_GEOMETRIC_PRESENTATION_REPRESENTATION (  '', ( #5260 ), #8968 ) ;
#2880 = EDGE_CURVE ( 'NONE', #7586, #9613, #1624, .T. ) ;
#2881 = EDGE_LOOP ( 'NONE', ( #5580, #225, #8944, #45 ) ) ;
#2882 = DIRECTION ( 'NONE',  ( 0.000000000000000000, -0.4467959804275458136, -0.8946358766972115628 ) ) ;
#2883 = ORIENTED_EDGE ( 'NONE', *, *, #7027, .F. ) ;
#2884 = CARTESIAN_POINT ( 'NONE',  ( 17.49999999999962341, 4.542622140925188567, 207.8226406076092587 ) ) ;
#2885 = STYLED_ITEM ( 'NONE', ( #6020 ), #9752 ) ;
#2886 = CARTESIAN_POINT ( 'NONE',  ( 17.99999999999963407, 3.365061470390756870, 208.7812138857193816 ) ) ;
#2887 = CARTESIAN_POINT ( 'NONE',  ( 17.99999999999963052, 2.225565605599586050, 208.9361278842037848 ) ) ;
#2888 = FILL_AREA_STYLE ('',( #9007 ) ) ;
#2889 = CARTESIAN_POINT ( 'NONE',  ( 17.99999999999963052, 1.387657923715743813, 207.7718028880624672 ) ) ;
#2890 = ORIENTED_EDGE ( 'NONE', *, *, #8063, .T. ) ;
#2891 = CARTESIAN_POINT ( 'NONE',  ( -13.62500000000004441, -8.508818649666270100E-13, 198.7500000000000000 ) ) ;
#2892 = B_SPLINE_SURFACE_WITH_KNOTS ( 'NONE', 3, 1, ( 
 ( #2920, #4357 ),
 ( #7422, #555 ),
 ( #3601, #5155 ),
 ( #6663, #5906 ),
 ( #4407, #7476 ),
 ( #2346, #4705 ),
 ( #9436, #4808 ),
 ( #9285, #957 ),
 ( #7885, #6980 ),
 ( #7080, #105 ),
 ( #5517, #7130 ) ),
 .UNSPECIFIED., .F., .F., .F.,
 ( 4, 1, 1, 1, 1, 1, 1, 1, 4 ),
 ( 2, 2 ),
 ( 0.000000000000000000, 0.1369929120007324086, 0.2669110252389327309, 0.3908951174740073475, 0.5109078560786849410, 0.6299976319681426240, 0.7498179753150736593, 0.8723268738248091125, 1.000000000000000000 ),
 ( 0.000000000000000000, 1.000000000000000000 ),
 .UNSPECIFIED. ) ;
#2893 = CARTESIAN_POINT ( 'NONE',  ( 12.49999999999962519, 2.499999999999999556, 215.7500000000000853 ) ) ;
#2894 =( NAMED_UNIT ( * ) SI_UNIT ( $, .STERADIAN. ) SOLID_ANGLE_UNIT ( ) );
#2895 = DIRECTION ( 'NONE',  ( 0.000000000000000000, 0.000000000000000000, 1.000000000000000000 ) ) ;
#2896 = VECTOR ( 'NONE', #7494, 1000.000000000000227 ) ;
#2897 = ORIENTED_EDGE ( 'NONE', *, *, #6890, .T. ) ;
#2898 = CARTESIAN_POINT ( 'NONE',  ( 17.99999999999963052, 2.846778553753661622, 207.4740269730285718 ) ) ;
#2899 = FILL_AREA_STYLE ('',( #9927 ) ) ;
#2900 =( NAMED_UNIT ( * ) PLANE_ANGLE_UNIT ( ) SI_UNIT ( $, .RADIAN. ) );
#2901 = CARTESIAN_POINT ( 'NONE',  ( 17.49999999999963052, 2.522774623324849586, 208.8491404223512120 ) ) ;
#2902 = SURFACE_STYLE_USAGE ( .BOTH. , #2244 ) ;
#2903 = STYLED_ITEM ( 'NONE', ( #972 ), #345 ) ;
#2904 =( NAMED_UNIT ( * ) SI_UNIT ( $, .STERADIAN. ) SOLID_ANGLE_UNIT ( ) );
#2905 = ORIENTED_EDGE ( 'NONE', *, *, #4746, .F. ) ;
#2906 = CARTESIAN_POINT ( 'NONE',  ( 17.99999999999963407, 2.157519531249994404, 207.7500000000000853 ) ) ;
#2907 = CARTESIAN_POINT ( 'NONE',  ( 0.000000000000000000, 0.000000000000000000, 195.2500000000000000 ) ) ;
#2908 = VERTEX_POINT ( 'NONE', #3241 ) ;
#2909 = UNCERTAINTY_MEASURE_WITH_UNIT (LENGTH_MEASURE( 1.000000000000000082E-05 ), #4167, 'distance_accuracy_value', 'NONE');
#2910 = PRESENTATION_LAYER_ASSIGNMENT (  '', '', ( #5458 ) ) ;
#2911 = CARTESIAN_POINT ( 'NONE',  ( 17.99999999999963407, 2.330181822618500931, 207.6874714921877967 ) ) ;
#2912 = ORIENTED_EDGE ( 'NONE', *, *, #2661, .T. ) ;
#2913 = CARTESIAN_POINT ( 'NONE',  ( 17.49999999999962697, 3.512499999999993516, 207.6875000000000568 ) ) ;
#2914 = VERTEX_POINT ( 'NONE', #7757 ) ;
#2915 = CARTESIAN_POINT ( 'NONE',  ( 17.49999999999965183, 2.406504429313958582, 207.5753407642650359 ) ) ;
#2916 = CARTESIAN_POINT ( 'NONE',  ( 17.99999999999963052, 3.076053481964338587, 207.5534907310785115 ) ) ;
#2917 = DIRECTION ( 'NONE',  ( -0.000000000000000000, -0.000000000000000000, -1.000000000000000000 ) ) ;
#2918 = CARTESIAN_POINT ( 'NONE',  ( 17.99999999999963052, 1.435933698415715387, 208.2583252442622097 ) ) ;
#2919 = UNCERTAINTY_MEASURE_WITH_UNIT (LENGTH_MEASURE( 1.000000000000000082E-05 ), #8584, 'distance_accuracy_value', 'NONE');
#2920 = CARTESIAN_POINT ( 'NONE',  ( 17.99999999999963052, 1.586230468749993738, 208.6098632812500568 ) ) ;
#2921 = MECHANICAL_DESIGN_GEOMETRIC_PRESENTATION_REPRESENTATION (  '', ( #203 ), #515 ) ;
#2922 = CARTESIAN_POINT ( 'NONE',  ( 17.99999999999963052, -2.454785156250005596, 209.0000000000000568 ) ) ;
#2923 = ORIENTED_EDGE ( 'NONE', *, *, #5465, .T. ) ;
#2924 =( GEOMETRIC_REPRESENTATION_CONTEXT ( 3 ) GLOBAL_UNCERTAINTY_ASSIGNED_CONTEXT ( ( #3703 ) ) GLOBAL_UNIT_ASSIGNED_CONTEXT ( ( #3539, #9581, #4947 ) ) REPRESENTATION_CONTEXT ( 'NONE', 'WORKASPACE' ) );
#2925 = FACE_OUTER_BOUND ( 'NONE', #3000, .T. ) ;
#2926 = PRESENTATION_LAYER_ASSIGNMENT (  '', '', ( #3547 ) ) ;
#2927 = ORIENTED_EDGE ( 'NONE', *, *, #1155, .F. ) ;
#2928 = CARTESIAN_POINT ( 'NONE',  ( 17.49999999999963052, 1.825251798338514586, 208.0792762465309806 ) ) ;
#2929 = ORIENTED_EDGE ( 'NONE', *, *, #8631, .T. ) ;
#2930 = CARTESIAN_POINT ( 'NONE',  ( 17.99999999999962697, 4.528590222734419690, 208.0718033930376691 ) ) ;
#2931 = CARTESIAN_POINT ( 'NONE',  ( -2.352494223912188935E-15, -7.574999999999995737, 216.2500000000000853 ) ) ;
#2932 = PRESENTATION_STYLE_ASSIGNMENT (( #6732 ) ) ;
#2933 = CARTESIAN_POINT ( 'NONE',  ( 17.49999999999962697, 2.382719822526576881, 206.9898370629573492 ) ) ;
#2934 = CARTESIAN_POINT ( 'NONE',  ( 17.99999999999963052, 2.152187693927691381, 206.4069796705042279 ) ) ;
#2935 = ORIENTED_EDGE ( 'NONE', *, *, #4562, .F. ) ;
#2936 = CARTESIAN_POINT ( 'NONE',  ( 17.49999999999963052, 4.480561945228783038, 206.9981694959682841 ) ) ;
#2937 = DIRECTION ( 'NONE',  ( 5.276725402210820055E-16, -1.000000000000000000, 0.000000000000000000 ) ) ;
#2938 = DIRECTION ( 'NONE',  ( 1.000000000000000000, 0.000000000000000000, 0.000000000000000000 ) ) ;
#2939 = ADVANCED_FACE ( 'NONE', ( #7000 ), #4726, .F. ) ;
#2940 = CARTESIAN_POINT ( 'NONE',  ( 17.99999999999963052, 1.237597656249993960, 209.0000000000000568 ) ) ;
#2941 = DIRECTION ( 'NONE',  ( 0.000000000000000000, 0.000000000000000000, 1.000000000000000000 ) ) ;
#2942 = PLANE ( 'NONE',  #2847 ) ;
#2943 = ORIENTED_EDGE ( 'NONE', *, *, #3172, .F. ) ;
#2944 = CARTESIAN_POINT ( 'NONE',  ( 17.49999999999964118, 2.856249999999993960, 207.2910156250000568 ) ) ;
#2945 = SURFACE_SIDE_STYLE ('',( #633 ) ) ;
#2946 = CARTESIAN_POINT ( 'NONE',  ( 16.00000000000000000, 12.00000000000000178, 99.00000000000000000 ) ) ;
#2947 = CARTESIAN_POINT ( 'NONE',  ( 17.99999999999963052, 4.357650307906684617, 208.6728790846572110 ) ) ;
#2948 = SURFACE_STYLE_FILL_AREA ( #9776 ) ;
#2949 = DIRECTION ( 'NONE',  ( 1.000000000000000000, 0.000000000000000000, -0.000000000000000000 ) ) ;
#2950 = AXIS2_PLACEMENT_3D ( 'NONE', #2814, #7944, #4113 ) ;
#2951 = EDGE_LOOP ( 'NONE', ( #593, #9938, #9806, #8762 ) ) ;
#2952 = DIRECTION ( 'NONE',  ( -1.000000000000000000, 0.000000000000000000, 0.000000000000000000 ) ) ;
#2953 =( NAMED_UNIT ( * ) SI_UNIT ( $, .STERADIAN. ) SOLID_ANGLE_UNIT ( ) );
#2954 = FILL_AREA_STYLE ('',( #1489 ) ) ;
#2955 = ORIENTED_EDGE ( 'NONE', *, *, #7597, .F. ) ;
#2956 = AXIS2_PLACEMENT_3D ( 'NONE', #278, #7954, #1626 ) ;
#2957 = CARTESIAN_POINT ( 'NONE',  ( 17.99999999999961986, 4.297934608131381395, 208.7483702596337025 ) ) ;
#2958 = ORIENTED_EDGE ( 'NONE', *, *, #708, .F. ) ;
#2959 = CARTESIAN_POINT ( 'NONE',  ( 17.49999999999963407, 2.128140742265913321, 208.9367082343318032 ) ) ;
#2960 = EDGE_CURVE ( 'NONE', #8656, #5843, #1263, .T. ) ;
#2961 = CARTESIAN_POINT ( 'NONE',  ( 17.99999999999963052, 2.305498888045905304, 207.7064098476783158 ) ) ;
#2962 = EDGE_CURVE ( 'NONE', #6862, #4318, #8859, .T. ) ;
#2963 =( LENGTH_UNIT ( ) NAMED_UNIT ( * ) SI_UNIT ( .MILLI., .METRE. ) );
#2964 = DIRECTION ( 'NONE',  ( -1.000000000000000000, -5.728085021779797867E-16, 8.583663793918551117E-34 ) ) ;
#2965 = MECHANICAL_DESIGN_GEOMETRIC_PRESENTATION_REPRESENTATION (  '', ( #4383 ), #9528 ) ;
#2966 =( NAMED_UNIT ( * ) PLANE_ANGLE_UNIT ( ) SI_UNIT ( $, .RADIAN. ) );
#2967 = DIRECTION ( 'NONE',  ( 1.000000000000000000, 0.000000000000000000, 0.000000000000000000 ) ) ;
#2968 =( NAMED_UNIT ( * ) SI_UNIT ( $, .STERADIAN. ) SOLID_ANGLE_UNIT ( ) );
#2969 = CARTESIAN_POINT ( 'NONE',  ( -14.62500000000000178, -1.522219850169647720E-13, 197.7500000000000000 ) ) ;
#2970 = B_SPLINE_SURFACE_WITH_KNOTS ( 'NONE', 3, 1, ( 
 ( #2584, #8599 ),
 ( #4767, #7897 ),
 ( #9440, #9392 ),
 ( #265, #7846 ),
 ( #3334, #5616 ),
 ( #7989, #4209 ),
 ( #2530, #8652 ),
 ( #315, #964 ),
 ( #4014, #7271 ),
 ( #1763, #4814 ),
 ( #4157, #1012 ) ),
 .UNSPECIFIED., .F., .F., .F.,
 ( 4, 1, 1, 1, 1, 1, 1, 1, 4 ),
 ( 2, 2 ),
 ( 0.000000000000000000, 0.1440889623402645536, 0.2758803691537084490, 0.3992627404775520028, 0.5150185267345387397, 0.6300404746326031535, 0.7455790149309514669, 0.8686895853269761547, 1.000000000000000000 ),
 ( 0.000000000000000000, 1.000000000000000000 ),
 .UNSPECIFIED. ) ;
#2971 = PRESENTATION_LAYER_ASSIGNMENT (  '', '', ( #1680 ) ) ;
#2972 = B_SPLINE_CURVE_WITH_KNOTS ( 'NONE', 3,
 ( #751, #4, #1000, #3263, #6308, #4100, #1701, #4804, #1802, #7028, #4853 ),
 .UNSPECIFIED., .F., .F.,
 ( 4, 1, 1, 1, 1, 1, 1, 1, 4 ),
 ( 0.000000000000000000, 0.1824831862611326905, 0.3488917103864720981, 0.4984746838703763561, 0.6312606013163450935, 0.7481082361682841464, 0.8482801806177775461, 0.9318818073965737803, 0.9999999999999998890 ),
 .UNSPECIFIED. ) ;
#2973 = ORIENTED_EDGE ( 'NONE', *, *, #8604, .T. ) ;
#2974 = CARTESIAN_POINT ( 'NONE',  ( 17.99999999999963052, 2.436328124999993960, 208.3496093750000568 ) ) ;
#2975 = ORIENTED_EDGE ( 'NONE', *, *, #4502, .F. ) ;
#2976 = FACE_OUTER_BOUND ( 'NONE', #2356, .T. ) ;
#2977 = CARTESIAN_POINT ( 'NONE',  ( -0.7740087006133666847, 2.580029002044871511, 195.2500000000000000 ) ) ;
#2978 = ADVANCED_FACE ( 'NONE', ( #423 ), #1071, .T. ) ;
#2979 = EDGE_CURVE ( 'NONE', #8366, #4475, #6621, .T. ) ;
#2980 = CARTESIAN_POINT ( 'NONE',  ( 17.49999999999961631, 2.618142278308930759, 208.7790608687302267 ) ) ;
#2981 = EDGE_CURVE ( 'NONE', #6862, #5956, #1658, .T. ) ;
#2982 =( LENGTH_UNIT ( ) NAMED_UNIT ( * ) SI_UNIT ( .MILLI., .METRE. ) );
#2983 = VERTEX_POINT ( 'NONE', #8811 ) ;
#2984 =( NAMED_UNIT ( * ) PLANE_ANGLE_UNIT ( ) SI_UNIT ( $, .RADIAN. ) );
#2985 = CARTESIAN_POINT ( 'NONE',  ( -15.99999999999999645, -11.00000000000000000, 109.0000000000000000 ) ) ;
#2986 = CARTESIAN_POINT ( 'NONE',  ( -14.12499999999995914, -1.000000000000001776, 109.0000000000000000 ) ) ;
#2987 = PRESENTATION_LAYER_ASSIGNMENT (  '', '', ( #3433 ) ) ;
#2988 = LINE ( 'NONE', #8201, #4784 ) ;
#2989 = CARTESIAN_POINT ( 'NONE',  ( 17.49999999999962341, 2.709711993799036822, 206.7218118671509899 ) ) ;
#2990 =( NAMED_UNIT ( * ) SI_UNIT ( $, .STERADIAN. ) SOLID_ANGLE_UNIT ( ) );
#2991 = ORIENTED_EDGE ( 'NONE', *, *, #592, .F. ) ;
#2992 = SURFACE_SIDE_STYLE ('',( #6794 ) ) ;
#2993 = PRESENTATION_STYLE_ASSIGNMENT (( #2240 ) ) ;
#2994 = CARTESIAN_POINT ( 'NONE',  ( -11.87499999999999822, 3.000000000000000888, 191.7500000000000000 ) ) ;
#2995 = FILL_AREA_STYLE_COLOUR ( '', #5657 ) ;
#2996 = CARTESIAN_POINT ( 'NONE',  ( 17.00000000000000000, 12.00000000000000178, 109.0000000000000000 ) ) ;
#2997 = DIRECTION ( 'NONE',  ( -0.000000000000000000, 0.000000000000000000, 1.000000000000000000 ) ) ;
#2998 = VECTOR ( 'NONE', #1851, 1000.000000000000000 ) ;
#2999 = DIRECTION ( 'NONE',  ( -5.728085021779798853E-16, 1.000000000000000000, 0.000000000000000000 ) ) ;
#3000 = EDGE_LOOP ( 'NONE', ( #2556, #7311, #1174, #3461 ) ) ;
#3001 = CARTESIAN_POINT ( 'NONE',  ( 17.49999999999962697, 5.824999999999993960, 210.5000000000000853 ) ) ;
#3002 = CARTESIAN_POINT ( 'NONE',  ( -15.62499999999987743, -4.625000000000015987, 195.2500000000000000 ) ) ;
#3003 = CARTESIAN_POINT ( 'NONE',  ( 17.99999999999963052, 4.543749999999994849, 207.6875000000000853 ) ) ;
#3004 = ADVANCED_FACE ( 'NONE', ( #1916 ), #8045, .T. ) ;
#3005 = CARTESIAN_POINT ( 'NONE',  ( 17.49999999999963052, -0.6081054687500061506, 209.0000000000000568 ) ) ;
#3006 = VECTOR ( 'NONE', #4754, 1000.000000000000000 ) ;
#3007 = ORIENTED_EDGE ( 'NONE', *, *, #9829, .T. ) ;
#3008 = MECHANICAL_DESIGN_GEOMETRIC_PRESENTATION_REPRESENTATION (  '', ( #3778 ), #3618 ) ;
#3009 = UNCERTAINTY_MEASURE_WITH_UNIT (LENGTH_MEASURE( 1.000000000000000082E-05 ), #1578, 'distance_accuracy_value', 'NONE');
#3010 = CARTESIAN_POINT ( 'NONE',  ( 17.49999999999963407, 2.068876200128221932, 206.4075024353376762 ) ) ;
#3011 = ORIENTED_EDGE ( 'NONE', *, *, #1889, .F. ) ;
#3012 = DIRECTION ( 'NONE',  ( 6.591949208711864434E-14, -1.000000000000000000, 0.000000000000000000 ) ) ;
#3013 = CARTESIAN_POINT ( 'NONE',  ( -16.62500000000006395, 0.000000000000000000, 198.7500000000000000 ) ) ;
#3014 = CARTESIAN_POINT ( 'NONE',  ( 17.49999999999965183, 2.168604012536613723, 207.7495603903505526 ) ) ;
#3015 = FILL_AREA_STYLE_COLOUR ( '', #1708 ) ;
#3016 = VECTOR ( 'NONE', #9712, 1000.000000000000000 ) ;
#3017 = DIRECTION ( 'NONE',  ( 0.000000000000000000, 0.000000000000000000, 1.000000000000000000 ) ) ;
#3018 = CARTESIAN_POINT ( 'NONE',  ( 17.99999999999962697, 1.736149428447919529, 206.5258278877145415 ) ) ;
#3019 = UNCERTAINTY_MEASURE_WITH_UNIT (LENGTH_MEASURE( 1.000000000000000082E-05 ), #9826, 'distance_accuracy_value', 'NONE');
#3020 = ADVANCED_FACE ( 'NONE', ( #9911 ), #3816, .T. ) ;
#3021 = CARTESIAN_POINT ( 'NONE',  ( -14.12499999999993960, -3.000000000000001776, 108.0000000000000000 ) ) ;
#3022 = STYLED_ITEM ( 'NONE', ( #489 ), #7549 ) ;
#3023 = CARTESIAN_POINT ( 'NONE',  ( 17.49999999999964473, 2.158496093749993516, 208.5625000000000284 ) ) ;
#3024 = ORIENTED_EDGE ( 'NONE', *, *, #7578, .F. ) ;
#3025 = DIRECTION ( 'NONE',  ( 1.000000000000000000, 1.040834085586083310E-14, 0.000000000000000000 ) ) ;
#3026 = STYLED_ITEM ( 'NONE', ( #6375 ), #9918 ) ;
#3027 = STYLED_ITEM ( 'NONE', ( #2241 ), #7632 ) ;
#3028 = COLOUR_RGB ( '',1.000000000000000000, 0.7490196078431372584, 0.000000000000000000 ) ;
#3029 = ORIENTED_EDGE ( 'NONE', *, *, #3721, .T. ) ;
#3030 = B_SPLINE_CURVE_WITH_KNOTS ( 'NONE', 3,
 ( #5990, #3058, #9076, #9174, #1591, #1402, #1544, #2201, #5401, #6143, #4646, #2911, #3109, #9223, #2355, #7722, #838, #3889, #5942 ),
 .UNSPECIFIED., .F., .F.,
 ( 4, 1, 1, 1, 1, 1, 1, 1, 1, 1, 1, 1, 1, 1, 1, 1, 4 ),
 ( 0.000000000000000000, 0.08462961205201141590, 0.1653326407488330541, 0.2405673126550000873, 0.3125360737221975493, 0.3804302334193093160, 0.4451490031162539385, 0.5073517898351669331, 0.5668499291798032580, 0.6241610328603367508, 0.6786729269398031894, 0.7317959623183226681, 0.7836622608167483905, 0.8353862832626414159, 0.8886676195692653213, 0.9429343411461863500, 1.000000000000000000 ),
 .UNSPECIFIED. ) ;
#3031 = EDGE_LOOP ( 'NONE', ( #8190, #811, #3160, #7756 ) ) ;
#3032 = CARTESIAN_POINT ( 'NONE',  ( 17.49999999999963762, 1.387963681837774965, 207.6741013388981685 ) ) ;
#3033 = FILL_AREA_STYLE_COLOUR ( '', #9029 ) ;
#3034 =( GEOMETRIC_REPRESENTATION_CONTEXT ( 3 ) GLOBAL_UNCERTAINTY_ASSIGNED_CONTEXT ( ( #4457 ) ) GLOBAL_UNIT_ASSIGNED_CONTEXT ( ( #8570, #6086, #5446 ) ) REPRESENTATION_CONTEXT ( 'NONE', 'WORKASPACE' ) );
#3035 = CARTESIAN_POINT ( 'NONE',  ( 17.99999999999963052, 2.205750666127075377, 206.4084069542845441 ) ) ;
#3036 = FACE_BOUND ( 'NONE', #8038, .T. ) ;
#3037 = ORIENTED_EDGE ( 'NONE', *, *, #8114, .T. ) ;
#3038 = CARTESIAN_POINT ( 'NONE',  ( 0.000000000000000000, 7.575000000000000178, 212.0000000000000853 ) ) ;
#3039 = CARTESIAN_POINT ( 'NONE',  ( 17.99999999999962697, 3.512478028879009173, 207.6492486872021743 ) ) ;
#3040 = CARTESIAN_POINT ( 'NONE',  ( 17.49999999999963052, 2.830189033052280312, 207.0217699365846045 ) ) ;
#3041 = CARTESIAN_POINT ( 'NONE',  ( 16.12499999999963407, 0.000000000000000000, 217.0000000000000853 ) ) ;
#3042 = ORIENTED_EDGE ( 'NONE', *, *, #5958, .F. ) ;
#3043 = PRESENTATION_STYLE_ASSIGNMENT (( #6072 ) ) ;
#3044 =( NAMED_UNIT ( * ) PLANE_ANGLE_UNIT ( ) SI_UNIT ( $, .RADIAN. ) );
#3045 = FACE_OUTER_BOUND ( 'NONE', #9055, .T. ) ;
#3046 = SURFACE_SIDE_STYLE ('',( #7555 ) ) ;
#3047 = FACE_OUTER_BOUND ( 'NONE', #6762, .T. ) ;
#3048 =( NAMED_UNIT ( * ) SI_UNIT ( $, .STERADIAN. ) SOLID_ANGLE_UNIT ( ) );
#3049 = B_SPLINE_CURVE_WITH_KNOTS ( 'NONE', 3,
 ( #5159, #5209, #5807, #1417, #610, #557, #4461, #8278, #8085, #3604, #7324, #8901, #6666, #9749, #7526, #5057, #8181, #7370, #3654, #2111, #8230, #2161, #4259, #3507, #4310, #4360, #7424, #5955, #6723, #655 ),
 .UNSPECIFIED., .F., .F.,
 ( 4, 2, 2, 2, 2, 2, 2, 2, 2, 2, 2, 2, 2, 2, 4 ),
 ( 0.0005037574479393639544, 0.0008966354507060518087, 0.001289513453472739771, 0.002075269459006124587, 0.002468147461772815694, 0.002861025464539506367, 0.003253903467306197474, 0.003646781470072888581, 0.004432537475606275132, 0.004825415478372971009, 0.005218293481139666887, 0.005611171483906364499, 0.006004049486673060376, 0.006396927489439757988, 0.006789805492206454733 ),
 .UNSPECIFIED. ) ;
#3050 = ORIENTED_EDGE ( 'NONE', *, *, #2826, .F. ) ;
#3051 = PRESENTATION_LAYER_ASSIGNMENT (  '', '', ( #7859 ) ) ;
#3052 = ORIENTED_EDGE ( 'NONE', *, *, #1067, .F. ) ;
#3053 = CARTESIAN_POINT ( 'NONE',  ( -13.62499999999992895, -1.874731612229389333, 197.7500000000000000 ) ) ;
#3054 = SURFACE_STYLE_FILL_AREA ( #9936 ) ;
#3055 = PLANE ( 'NONE',  #7841 ) ;
#3056 = FILL_AREA_STYLE_COLOUR ( '', #9486 ) ;
#3057 = ORIENTED_EDGE ( 'NONE', *, *, #4472, .F. ) ;
#3058 = CARTESIAN_POINT ( 'NONE',  ( 17.99999999999963052, 2.449918887949845470, 207.3382277072562090 ) ) ;
#3059 = ORIENTED_EDGE ( 'NONE', *, *, #9133, .T. ) ;
#3060 = CARTESIAN_POINT ( 'NONE',  ( 17.49999999999963407, 2.070571501729397745, 208.9351567289844809 ) ) ;
#3061 = CYLINDRICAL_SURFACE ( 'NONE', #1400, 0.8750000000000007772 ) ;
#3062 = COLOUR_RGB ( '',1.000000000000000000, 1.000000000000000000, 1.000000000000000000 ) ;
#3063 = EDGE_CURVE ( 'NONE', #8571, #3073, #9196, .T. ) ;
#3064 =( NAMED_UNIT ( * ) PLANE_ANGLE_UNIT ( ) SI_UNIT ( $, .RADIAN. ) );
#3065 = CARTESIAN_POINT ( 'NONE',  ( 17.00000000000000711, -10.99999999999999822, 103.3588989435406802 ) ) ;
#3066 = CARTESIAN_POINT ( 'NONE',  ( 17.99999999999962697, 4.079236434714363035, 208.2766815675666692 ) ) ;
#3067 = COLOUR_RGB ( '',0.000000000000000000, 0.000000000000000000, 1.000000000000000000 ) ;
#3068 = CARTESIAN_POINT ( 'NONE',  ( 17.99999999999963407, 2.199023437499994404, 208.0937500000000853 ) ) ;
#3069 = DIRECTION ( 'NONE',  ( -0.000000000000000000, 0.000000000000000000, 1.000000000000000000 ) ) ;
#3070 = DIRECTION ( 'NONE',  ( -1.000000000000000000, 0.000000000000000000, 8.583663793918551117E-34 ) ) ;
#3071 = DIRECTION ( 'NONE',  ( -0.7071067811865463515, -0.7071067811865487940, 0.000000000000000000 ) ) ;
#3072 = SURFACE_STYLE_FILL_AREA ( #5316 ) ;
#3073 = VERTEX_POINT ( 'NONE', #5915 ) ;
#3074 = CARTESIAN_POINT ( 'NONE',  ( -14.99999999999993960, -3.000000000000001776, 108.0000000000000000 ) ) ;
#3075 =( GEOMETRIC_REPRESENTATION_CONTEXT ( 3 ) GLOBAL_UNCERTAINTY_ASSIGNED_CONTEXT ( ( #4608 ) ) GLOBAL_UNIT_ASSIGNED_CONTEXT ( ( #3311, #7069, #1748 ) ) REPRESENTATION_CONTEXT ( 'NONE', 'WORKASPACE' ) );
#3076 = VERTEX_POINT ( 'NONE', #8290 ) ;
#3077 = FACE_OUTER_BOUND ( 'NONE', #1101, .T. ) ;
#3078 = VECTOR ( 'NONE', #133, 1000.000000000000000 ) ;
#3079 = AXIS2_PLACEMENT_3D ( 'NONE', #1846, #7930, #4898 ) ;
#3080 = EDGE_LOOP ( 'NONE', ( #3057, #4566, #330, #1822 ) ) ;
#3081 = LINE ( 'NONE', #7690, #1563 ) ;
#3082 = DIRECTION ( 'NONE',  ( -1.000000000000000000, -5.728085021779797867E-16, 8.583663793918551117E-34 ) ) ;
#3083 = SURFACE_STYLE_FILL_AREA ( #3716 ) ;
#3084 = CARTESIAN_POINT ( 'NONE',  ( 17.49999999999962697, 2.415898103288544263, 207.0711741320152441 ) ) ;
#3085 =( NAMED_UNIT ( * ) SI_UNIT ( $, .STERADIAN. ) SOLID_ANGLE_UNIT ( ) );
#3086 = CARTESIAN_POINT ( 'NONE',  ( 17.99999999999963762, 1.903159428732844605, 206.9512105754500055 ) ) ;
#3087 = STYLED_ITEM ( 'NONE', ( #6500 ), #2457 ) ;
#3088 = VERTEX_POINT ( 'NONE', #6889 ) ;
#3089 =( LENGTH_UNIT ( ) NAMED_UNIT ( * ) SI_UNIT ( .MILLI., .METRE. ) );
#3090 = CARTESIAN_POINT ( 'NONE',  ( 17.49999999999962697, 3.815234374999993516, 208.5312500000000568 ) ) ;
#3091 = ADVANCED_FACE ( 'NONE', ( #7538 ), #8, .T. ) ;
#3092 = EDGE_LOOP ( 'NONE', ( #1214, #2713, #2286, #8279 ) ) ;
#3093 = FILL_AREA_STYLE_COLOUR ( '', #8737 ) ;
#3094 = VECTOR ( 'NONE', #5741, 1000.000000000000000 ) ;
#3095 = CARTESIAN_POINT ( 'NONE',  ( -12.62499999999999822, 4.500000000000000888, 195.0000000000000000 ) ) ;
#3096 = EDGE_CURVE ( 'NONE', #3872, #8768, #4665, .T. ) ;
#3097 = DIRECTION ( 'NONE',  ( -0.000000000000000000, -0.000000000000000000, 1.000000000000000000 ) ) ;
#3098 = CARTESIAN_POINT ( 'NONE',  ( 17.99999999999963052, 3.799227343514562705, 208.5306160341114037 ) ) ;
#3099 = DIRECTION ( 'NONE',  ( 0.000000000000000000, -1.000000000000000000, 0.000000000000000000 ) ) ;
#3100 = ORIENTED_EDGE ( 'NONE', *, *, #7704, .F. ) ;
#3101 = CARTESIAN_POINT ( 'NONE',  ( -4.813019604416389355E-14, 4.624194836688332977, 198.7500000000000000 ) ) ;
#3102 = STYLED_ITEM ( 'NONE', ( #6838 ), #3004 ) ;
#3103 = CARTESIAN_POINT ( 'NONE',  ( 17.49999999999963407, 2.283967329123146150, 206.4201849858294509 ) ) ;
#3104 = CARTESIAN_POINT ( 'NONE',  ( 17.99999999999963407, 2.572055671609229321, 208.8161579034378690 ) ) ;
#3105 = SURFACE_STYLE_USAGE ( .BOTH. , #41 ) ;
#3106 = ORIENTED_EDGE ( 'NONE', *, *, #815, .F. ) ;
#3107 = UNCERTAINTY_MEASURE_WITH_UNIT (LENGTH_MEASURE( 1.000000000000000082E-05 ), #822, 'distance_accuracy_value', 'NONE');
#3108 = PRESENTATION_STYLE_ASSIGNMENT (( #1590 ) ) ;
#3109 = CARTESIAN_POINT ( 'NONE',  ( 17.99999999999963052, 2.305498888045905304, 207.7064098476783158 ) ) ;
#3110 = ORIENTED_EDGE ( 'NONE', *, *, #7156, .F. ) ;
#3111 = PRESENTATION_LAYER_ASSIGNMENT (  '', '', ( #8556 ) ) ;
#3112 = CARTESIAN_POINT ( 'NONE',  ( 17.99999999999962341, 1.836767691229790556, 208.2166788591261479 ) ) ;
#3113 = ADVANCED_FACE ( 'NONE', ( #3916 ), #2428, .F. ) ;
#3114 = CARTESIAN_POINT ( 'NONE',  ( 17.99999999999963407, 2.184489858812235674, 208.0931995951622469 ) ) ;
#3115 = EDGE_CURVE ( 'NONE', #4020, #3728, #5473, .T. ) ;
#3116 = DIRECTION ( 'NONE',  ( -1.000000000000000000, -1.040834085586083152E-14, 0.000000000000000000 ) ) ;
#3117 = CARTESIAN_POINT ( 'NONE',  ( 9.999999999999626965, -5.324999999999989519, 212.0000000000000853 ) ) ;
#3118 = B_SPLINE_CURVE_WITH_KNOTS ( 'NONE', 3,
 ( #9883, #7613, #2303, #4589, #9169, #736, #686, #3103, #8472, #6084, #3837 ),
 .UNSPECIFIED., .F., .F.,
 ( 4, 1, 1, 1, 1, 1, 1, 1, 4 ),
 ( 0.000000000000000000, 0.1284655035832434067, 0.2529300052861420678, 0.3744718826948696400, 0.4953382562194545979, 0.6162435540240192022, 0.7394134285824648378, 0.8667802874430492466, 1.000000000000000000 ),
 .UNSPECIFIED. ) ;
#3119 = VECTOR ( 'NONE', #3097, 1000.000000000000000 ) ;
#3120 =( NAMED_UNIT ( * ) PLANE_ANGLE_UNIT ( ) SI_UNIT ( $, .RADIAN. ) );
#3121 = CARTESIAN_POINT ( 'NONE',  ( -14.99999999999998757, 0.9999999999999983347, 191.0000000000000000 ) ) ;
#3122 = UNCERTAINTY_MEASURE_WITH_UNIT (LENGTH_MEASURE( 1.000000000000000082E-05 ), #2283, 'distance_accuracy_value', 'NONE');
#3123 = UNCERTAINTY_MEASURE_WITH_UNIT (LENGTH_MEASURE( 1.000000000000000082E-05 ), #4138, 'distance_accuracy_value', 'NONE');
#3124 = DIRECTION ( 'NONE',  ( -8.583663793918551117E-34, 0.000000000000000000, -1.000000000000000000 ) ) ;
#3125 = DIRECTION ( 'NONE',  ( -1.000000000000000000, 0.000000000000000000, 0.000000000000000000 ) ) ;
#3126 = ORIENTED_EDGE ( 'NONE', *, *, #7335, .F. ) ;
#3127 = COLOUR_RGB ( '',1.000000000000000000, 0.7490196078431372584, 0.000000000000000000 ) ;
#3128 = FILL_AREA_STYLE ('',( #6938 ) ) ;
#3129 = CARTESIAN_POINT ( 'NONE',  ( 17.49999999999962341, 4.069140624999993072, 207.0527343750000568 ) ) ;
#3130 = FILL_AREA_STYLE ('',( #3815 ) ) ;
#3131 = CARTESIAN_POINT ( 'NONE',  ( 17.99999999999962341, 4.072268750515891433, 207.0668588906946184 ) ) ;
#3132 = LINE ( 'NONE', #3278, #5237 ) ;
#3133 = EDGE_CURVE ( 'NONE', #809, #1602, #6319, .T. ) ;
#3134 = MECHANICAL_DESIGN_GEOMETRIC_PRESENTATION_REPRESENTATION (  '', ( #9702 ), #8588 ) ;
#3135 = PRESENTATION_STYLE_ASSIGNMENT (( #9250 ) ) ;
#3136 = STYLED_ITEM ( 'NONE', ( #9544 ), #4592 ) ;
#3137 = ADVANCED_FACE ( 'NONE', ( #4816 ), #266, .T. ) ;
#3138 = DIRECTION ( 'NONE',  ( -0.000000000000000000, 0.000000000000000000, -1.000000000000000000 ) ) ;
#3139 = CARTESIAN_POINT ( 'NONE',  ( 9.999999999999628741, 7.825000000000000178, 212.0000000000000853 ) ) ;
#3140 = CARTESIAN_POINT ( 'NONE',  ( 17.49999999999963407, 3.904599718111236406, 206.8554829926777643 ) ) ;
#3141 = CARTESIAN_POINT ( 'NONE',  ( 17.49999999999963762, 2.199023437499993960, 208.0937500000000853 ) ) ;
#3142 = MECHANICAL_DESIGN_GEOMETRIC_PRESENTATION_REPRESENTATION (  '', ( #6981 ), #7145 ) ;
#3143 = EDGE_LOOP ( 'NONE', ( #398, #3519, #320, #643 ) ) ;
#3145 = CARTESIAN_POINT ( 'NONE',  ( 17.00000000000000355, 2.000000000000001776, 109.0000000000000000 ) ) ;
#3144 = PRESENTATION_LAYER_ASSIGNMENT (  '', '', ( #414 ) ) ;
#3146 = EDGE_CURVE ( 'NONE', #929, #3573, #8889, .T. ) ;
#3147 =( LENGTH_UNIT ( ) NAMED_UNIT ( * ) SI_UNIT ( .MILLI., .METRE. ) );
#3148 = PLANE ( 'NONE',  #4098 ) ;
#3149 = CARTESIAN_POINT ( 'NONE',  ( 16.23200958431292307, 11.97447024917752145, 99.73750542346954262 ) ) ;
#3150 = CARTESIAN_POINT ( 'NONE',  ( 17.99999999999962341, 3.301035548204604542, 206.6632443238181622 ) ) ;
#3151 = CARTESIAN_POINT ( 'NONE',  ( 17.99999999999962341, 4.357650307906682841, 206.7021209153429027 ) ) ;
#3152 = FILL_AREA_STYLE_COLOUR ( '', #7139 ) ;
#3153 = ORIENTED_EDGE ( 'NONE', *, *, #1479, .F. ) ;
#3154 = STYLED_ITEM ( 'NONE', ( #4996 ), #5966 ) ;
#3155 = SURFACE_STYLE_FILL_AREA ( #187 ) ;
#3156 = COLOUR_RGB ( '',1.000000000000000000, 1.000000000000000000, 1.000000000000000000 ) ;
#3157 =( NAMED_UNIT ( * ) PLANE_ANGLE_UNIT ( ) SI_UNIT ( $, .RADIAN. ) );
#3158 = FACE_OUTER_BOUND ( 'NONE', #4072, .T. ) ;
#3159 = ORIENTED_EDGE ( 'NONE', *, *, #9160, .T. ) ;
#3160 = ORIENTED_EDGE ( 'NONE', *, *, #6400, .F. ) ;
#3161 = CARTESIAN_POINT ( 'NONE',  ( 17.49999999999963052, 1.986826007127235671, 208.9186223125504682 ) ) ;
#3162 = CARTESIAN_POINT ( 'NONE',  ( 9.999999999999626965, -5.324999999999989519, 204.0000000000000568 ) ) ;
#3163 =( NAMED_UNIT ( * ) SI_UNIT ( $, .STERADIAN. ) SOLID_ANGLE_UNIT ( ) );
#3164 = FILL_AREA_STYLE ('',( #945 ) ) ;
#3165 = CARTESIAN_POINT ( 'NONE',  ( 17.99999999999963052, 0.6062499999999941824, 206.5000000000000568 ) ) ;
#3166 = PRESENTATION_STYLE_ASSIGNMENT (( #97 ) ) ;
#3167 = COLOUR_RGB ( '',1.000000000000000000, 0.7490196078431372584, 0.000000000000000000 ) ;
#3168 = MECHANICAL_DESIGN_GEOMETRIC_PRESENTATION_REPRESENTATION (  '', ( #1868 ), #8772 ) ;
#3169 = ADVANCED_FACE ( 'NONE', ( #5102, #8941, #9738 ), #3693, .T. ) ;
#3170 = DIRECTION ( 'NONE',  ( -0.000000000000000000, -0.000000000000000000, -1.000000000000000000 ) ) ;
#3171 = LINE ( 'NONE', #8637, #597 ) ;
#3172 = EDGE_CURVE ( 'NONE', #1791, #9122, #9190, .T. ) ;
#3173 = EDGE_CURVE ( 'NONE', #1449, #1914, #8126, .T. ) ;
#3174 = FILL_AREA_STYLE_COLOUR ( '', #5717 ) ;
#3175 = PRESENTATION_STYLE_ASSIGNMENT (( #2271 ) ) ;
#3176 = CARTESIAN_POINT ( 'NONE',  ( 17.99999999999963052, 1.824999999999993738, 208.0610351562500568 ) ) ;
#3177 = EDGE_LOOP ( 'NONE', ( #7895, #8719, #5501, #8265, #3980, #7550, #4261, #7200, #1150, #2905, #3389 ) ) ;
#3178 = COLOUR_RGB ( '',1.000000000000000000, 0.7490196078431372584, 0.000000000000000000 ) ;
#3179 = FILL_AREA_STYLE ('',( #1652 ) ) ;
#3180 = EDGE_CURVE ( 'NONE', #2223, #1914, #9818, .T. ) ;
#3181 = FILL_AREA_STYLE ('',( #3909 ) ) ;
#3182 = CARTESIAN_POINT ( 'NONE',  ( 17.49999999999962697, 2.436328124999993516, 208.3496093750000568 ) ) ;
#3183 = STYLED_ITEM ( 'NONE', ( #9466 ), #7453 ) ;
#3184 = AXIS2_PLACEMENT_3D ( 'NONE', #4387, #3581, #3536 ) ;
#3185 = VERTEX_POINT ( 'NONE', #6603 ) ;
#3186 = CARTESIAN_POINT ( 'NONE',  ( 17.99999999999962697, 3.815234374999993960, 206.4375000000000568 ) ) ;
#3187 = SURFACE_STYLE_FILL_AREA ( #109 ) ;
#3188 = DIRECTION ( 'NONE',  ( 5.276725402210824000E-16, -1.000000000000000000, 0.000000000000000000 ) ) ;
#3189 = VECTOR ( 'NONE', #4573, 1000.000000000000000 ) ;
#3190 = EDGE_CURVE ( 'NONE', #1948, #467, #9636, .T. ) ;
#3191 = CARTESIAN_POINT ( 'NONE',  ( 17.99999999999962341, 3.517587454119627033, 207.9984374333306221 ) ) ;
#3192 = CARTESIAN_POINT ( 'NONE',  ( 17.49999999999962697, 3.205773618909789846, 208.5528590444526174 ) ) ;
#3193 = CARTESIAN_POINT ( 'NONE',  ( 17.49999999999962697, 3.558398437499993516, 207.0527343750000568 ) ) ;
#3194 = FILL_AREA_STYLE ('',( #120 ) ) ;
#3195 = ORIENTED_EDGE ( 'NONE', *, *, #8633, .F. ) ;
#3196 = CARTESIAN_POINT ( 'NONE',  ( 2.073239848542206906E-14, -1.874731612229238564, 197.7500000000000000 ) ) ;
#3197 = DIRECTION ( 'NONE',  ( -0.000000000000000000, -0.000000000000000000, 1.000000000000000000 ) ) ;
#3198 = FILL_AREA_STYLE ('',( #7190 ) ) ;
#3199 = CARTESIAN_POINT ( 'NONE',  ( 17.49999999999963052, 4.229224064239704539, 206.5640843575268377 ) ) ;
#3200 = FILL_AREA_STYLE ('',( #3246 ) ) ;
#3201 = ORIENTED_EDGE ( 'NONE', *, *, #4156, .T. ) ;
#3202 = SURFACE_SIDE_STYLE ('',( #3155 ) ) ;
#3203 = VECTOR ( 'NONE', #8403, 1000.000000000000000 ) ;
#3204 = DIRECTION ( 'NONE',  ( 9.033312326975025749E-32, -1.577021341797095835E-16, -1.000000000000000000 ) ) ;
#3205 = CARTESIAN_POINT ( 'NONE',  ( 9.999999999999626965, -5.324999999999989519, 212.0000000000000853 ) ) ;
#3206 = ORIENTED_EDGE ( 'NONE', *, *, #2248, .F. ) ;
#3207 = UNCERTAINTY_MEASURE_WITH_UNIT (LENGTH_MEASURE( 1.000000000000000082E-05 ), #3602, 'distance_accuracy_value', 'NONE');
#3208 = CARTESIAN_POINT ( 'NONE',  ( 9.999999999999626965, -1.319181350552657238E-15, 212.0000000000000853 ) ) ;
#3209 = CARTESIAN_POINT ( 'NONE',  ( 17.99999999999962341, 3.658374506384189928, 208.9239218687914104 ) ) ;
#3210 = FACE_OUTER_BOUND ( 'NONE', #5447, .T. ) ;
#3211 = ORIENTED_EDGE ( 'NONE', *, *, #6705, .F. ) ;
#3212 =( GEOMETRIC_REPRESENTATION_CONTEXT ( 3 ) GLOBAL_UNCERTAINTY_ASSIGNED_CONTEXT ( ( #9894 ) ) GLOBAL_UNIT_ASSIGNED_CONTEXT ( ( #5578, #7279, #5673 ) ) REPRESENTATION_CONTEXT ( 'NONE', 'WORKASPACE' ) );
#3213 = CARTESIAN_POINT ( 'NONE',  ( 17.49999999999963052, 2.856249999999993960, 207.2910156250000568 ) ) ;
#3214 = SURFACE_SIDE_STYLE ('',( #7021 ) ) ;
#3215 = SURFACE_STYLE_USAGE ( .BOTH. , #4846 ) ;
#3216 = CARTESIAN_POINT ( 'NONE',  ( 17.49999999999962341, 2.065533351969250919, 208.0669368592127171 ) ) ;
#3217 = CARTESIAN_POINT ( 'NONE',  ( 17.99999999999963052, 0.1687499999999942379, 208.5937500000000568 ) ) ;
#3218 = CARTESIAN_POINT ( 'NONE',  ( 17.49999999999963052, 2.007936400704149804, 206.8443912646148135 ) ) ;
#3219 = CARTESIAN_POINT ( 'NONE',  ( 17.99999999999963052, 4.480561945228783038, 206.9981694959682841 ) ) ;
#3220 = UNCERTAINTY_MEASURE_WITH_UNIT (LENGTH_MEASURE( 1.000000000000000082E-05 ), #7318, 'distance_accuracy_value', 'NONE');
#3221 = CARTESIAN_POINT ( 'NONE',  ( 17.99999999999962697, 4.064001173057958383, 207.0363161660347089 ) ) ;
#3222 = CARTESIAN_POINT ( 'NONE',  ( 17.99999999999962341, 1.844155327750650386, 207.0840744450274542 ) ) ;
#3223 = VERTEX_POINT ( 'NONE', #8423 ) ;
#3224 = CARTESIAN_POINT ( 'NONE',  ( -11.87499999999999822, 3.000000000000000888, 191.7500000000000000 ) ) ;
#3225 = PRESENTATION_LAYER_ASSIGNMENT (  '', '', ( #4324 ) ) ;
#3226 = CARTESIAN_POINT ( 'NONE',  ( -0.7794341933975482695, -2.591159622449832334, 198.7500000000000000 ) ) ;
#3227 = ORIENTED_EDGE ( 'NONE', *, *, #1224, .T. ) ;
#3228 = CARTESIAN_POINT ( 'NONE',  ( 13.35326511305768804, -4.397054627213388578, 108.7085936604265015 ) ) ;
#3229 = CARTESIAN_POINT ( 'NONE',  ( 11.48572330470321035, -11.48572330470316061, 216.2500000000000853 ) ) ;
#3230 = COLOUR_RGB ( '',1.000000000000000000, 0.7490196078431372584, 0.000000000000000000 ) ;
#3231 = SURFACE_STYLE_USAGE ( .BOTH. , #5572 ) ;
#3232 = FILL_AREA_STYLE ('',( #5573 ) ) ;
#3233 = STYLED_ITEM ( 'NONE', ( #8931 ), #1757 ) ;
#3234 = VERTEX_POINT ( 'NONE', #840 ) ;
#3235 = CARTESIAN_POINT ( 'NONE',  ( -12.62499999999999822, -6.174999999999999822, 191.7500000000000000 ) ) ;
#3236 = CARTESIAN_POINT ( 'NONE',  ( 17.49999999999962697, 3.546250987536005095, 207.0995341549765385 ) ) ;
#3237 = DIRECTION ( 'NONE',  ( -0.000000000000000000, 0.000000000000000000, -1.000000000000000000 ) ) ;
#3238 = LINE ( 'NONE', #9155, #6668 ) ;
#3239 = ORIENTED_EDGE ( 'NONE', *, *, #6867, .F. ) ;
#3240 =( NAMED_UNIT ( * ) PLANE_ANGLE_UNIT ( ) SI_UNIT ( $, .RADIAN. ) );
#3241 = CARTESIAN_POINT ( 'NONE',  ( 16.12499999999963407, -0.6249999999999998890, 216.2500000000000853 ) ) ;
#3242 =( GEOMETRIC_REPRESENTATION_CONTEXT ( 3 ) GLOBAL_UNCERTAINTY_ASSIGNED_CONTEXT ( ( #3998 ) ) GLOBAL_UNIT_ASSIGNED_CONTEXT ( ( #233, #5492, #2597 ) ) REPRESENTATION_CONTEXT ( 'NONE', 'WORKASPACE' ) );
#3243 = CARTESIAN_POINT ( 'NONE',  ( 17.99999999999963052, 3.708756172803381990, 206.4433111146681199 ) ) ;
#3244 =( LENGTH_UNIT ( ) NAMED_UNIT ( * ) SI_UNIT ( .MILLI., .METRE. ) );
#3245 = VECTOR ( 'NONE', #7564, 1000.000000000000000 ) ;
#3246 = FILL_AREA_STYLE_COLOUR ( '', #6820 ) ;
#3247 = VERTEX_POINT ( 'NONE', #9839 ) ;
#3248 = FILL_AREA_STYLE_COLOUR ( '', #5142 ) ;
#3249 = EDGE_CURVE ( 'NONE', #1820, #4328, #5502, .T. ) ;
#3250 = DIRECTION ( 'NONE',  ( 0.000000000000000000, 0.000000000000000000, 1.000000000000000000 ) ) ;
#3251 = CARTESIAN_POINT ( 'NONE',  ( 13.99999999999962874, 2.499999999999999556, 216.2500000000000853 ) ) ;
#3252 = AXIS2_PLACEMENT_3D ( 'NONE', #4305, #1411, #6608 ) ;
#3253 = CARTESIAN_POINT ( 'NONE',  ( 17.49999999999963052, 4.480561945228783038, 206.9981694959682841 ) ) ;
#3254 = VERTEX_POINT ( 'NONE', #8532 ) ;
#3255 = SURFACE_STYLE_USAGE ( .BOTH. , #193 ) ;
#3256 = FILL_AREA_STYLE_COLOUR ( '', #711 ) ;
#3257 = ORIENTED_EDGE ( 'NONE', *, *, #4206, .F. ) ;
#3258 = CARTESIAN_POINT ( 'NONE',  ( -14.62499999999998224, -1.874731612229400435, 198.7500000000000000 ) ) ;
#3259 = PRESENTATION_LAYER_ASSIGNMENT (  '', '', ( #7579 ) ) ;
#3260 = CARTESIAN_POINT ( 'NONE',  ( 13.99999999999962874, -2.500000000000000000, 204.0000000000000568 ) ) ;
#3261 =( NAMED_UNIT ( * ) PLANE_ANGLE_UNIT ( ) SI_UNIT ( $, .RADIAN. ) );
#3262 = MECHANICAL_DESIGN_GEOMETRIC_PRESENTATION_REPRESENTATION (  '', ( #4205 ), #1168 ) ;
#3263 = CARTESIAN_POINT ( 'NONE',  ( 17.99999999999962341, 4.104075587598417840, 207.9061024020035973 ) ) ;
#3264 = CARTESIAN_POINT ( 'NONE',  ( 17.99999999999963052, 0.1687499999999942102, 206.5000000000000568 ) ) ;
#3265 = CARTESIAN_POINT ( 'NONE',  ( 17.49999999999963407, 1.981478142965041878, 206.8625108272688635 ) ) ;
#3266 = EDGE_LOOP ( 'NONE', ( #7376, #2699, #9263, #7276 ) ) ;
#3267 = EDGE_CURVE ( 'NONE', #6912, #4577, #1450, .T. ) ;
#3268 = CARTESIAN_POINT ( 'NONE',  ( -11.87499999999999822, -4.500000000000000888, 195.0000000000000000 ) ) ;
#3269 = AXIS2_PLACEMENT_3D ( 'NONE', #3945, #2312, #5993 ) ;
#3270 = SURFACE_STYLE_USAGE ( .BOTH. , #2718 ) ;
#3271 =( NAMED_UNIT ( * ) PLANE_ANGLE_UNIT ( ) SI_UNIT ( $, .RADIAN. ) );
#3272 = FILL_AREA_STYLE ('',( #1711 ) ) ;
#3273 = VERTEX_POINT ( 'NONE', #9131 ) ;
#3274 = CARTESIAN_POINT ( 'NONE',  ( 12.06447347523212166, -3.020389284362889448, 108.9486355208270396 ) ) ;
#3275 = CARTESIAN_POINT ( 'NONE',  ( 17.99999999999961986, 3.142741534294689387, 208.3749648708106861 ) ) ;
#3276 = PRESENTATION_LAYER_ASSIGNMENT (  '', '', ( #9523 ) ) ;
#3277 = CARTESIAN_POINT ( 'NONE',  ( 17.99999999999962697, 4.106249999999993960, 207.6875000000000568 ) ) ;
#3278 = CARTESIAN_POINT ( 'NONE',  ( 17.99999999999963052, -1.281933593750006262, 207.7758789062500568 ) ) ;
#3279 = CARTESIAN_POINT ( 'NONE',  ( -15.99999999999999645, -11.99999999999999822, 99.00000000000000000 ) ) ;
#3280 = PRESENTATION_LAYER_ASSIGNMENT (  '', '', ( #4223 ) ) ;
#3281 = ORIENTED_EDGE ( 'NONE', *, *, #4744, .T. ) ;
#3282 =( NAMED_UNIT ( * ) SI_UNIT ( $, .STERADIAN. ) SOLID_ANGLE_UNIT ( ) );
#3283 = CARTESIAN_POINT ( 'NONE',  ( 17.99999999999962341, 2.332677804538983768, 208.5103745598411535 ) ) ;
#3284 = EDGE_CURVE ( 'NONE', #5516, #4888, #6964, .T. ) ;
#3285 = FILL_AREA_STYLE_COLOUR ( '', #1441 ) ;
#3286 = PLANE ( 'NONE',  #8345 ) ;
#3287 = DIRECTION ( 'NONE',  ( -0.000000000000000000, -0.000000000000000000, 1.000000000000000000 ) ) ;
#3288 = EDGE_CURVE ( 'NONE', #5640, #2827, #4692, .T. ) ;
#3289 = ORIENTED_EDGE ( 'NONE', *, *, #5256, .T. ) ;
#3290 = PLANE ( 'NONE',  #8095 ) ;
#3291 = EDGE_CURVE ( 'NONE', #6910, #3640, #2259, .T. ) ;
#3292 = PLANE ( 'NONE',  #9495 ) ;
#3293 = COLOUR_RGB ( '',0.02352941176470588203, 0.1882352941176470562, 0.6039215686274509443 ) ;
#3294 = PRESENTATION_LAYER_ASSIGNMENT (  '', '', ( #6465 ) ) ;
#3295 = CARTESIAN_POINT ( 'NONE',  ( 17.99999999999962341, 2.709711993799037266, 206.7218118671509899 ) ) ;
#3296 = LINE ( 'NONE', #7102, #8952 ) ;
#3297 =( LENGTH_UNIT ( ) NAMED_UNIT ( * ) SI_UNIT ( .MILLI., .METRE. ) );
#3298 = EDGE_LOOP ( 'NONE', ( #984, #3592, #3527, #3633 ) ) ;
#3299 = PLANE ( 'NONE',  #9815 ) ;
#3300 = CARTESIAN_POINT ( 'NONE',  ( 3.772185518829998390E-14, -3.624194836688037658, 197.7500000000000000 ) ) ;
#3301 = LINE ( 'NONE', #4786, #1881 ) ;
#3302 = AXIS2_PLACEMENT_3D ( 'NONE', #2605, #5738, #9526 ) ;
#3303 = STYLED_ITEM ( 'NONE', ( #1566 ), #4507 ) ;
#3304 = EDGE_LOOP ( 'NONE', ( #5036, #12, #3289, #7935 ) ) ;
#3305 = UNCERTAINTY_MEASURE_WITH_UNIT (LENGTH_MEASURE( 1.000000000000000082E-05 ), #1496, 'distance_accuracy_value', 'NONE');
#3306 = DIRECTION ( 'NONE',  ( 0.7071067811865464625, -0.7071067811865486830, 0.000000000000000000 ) ) ;
#3307 = CARTESIAN_POINT ( 'NONE',  ( 17.74999999999963052, 1.000000000000000000, 216.2500000000000853 ) ) ;
#3308 = CARTESIAN_POINT ( 'NONE',  ( 17.49999999999963407, 1.496386718749993516, 206.8862304687500568 ) ) ;
#3309 = ORIENTED_EDGE ( 'NONE', *, *, #2039, .F. ) ;
#3310 = LINE ( 'NONE', #3357, #7006 ) ;
#3311 =( LENGTH_UNIT ( ) NAMED_UNIT ( * ) SI_UNIT ( .MILLI., .METRE. ) );
#3312 = VECTOR ( 'NONE', #5771, 1000.000000000000000 ) ;
#3313 = CARTESIAN_POINT ( 'NONE',  ( 17.99999999999962697, 3.768362126140329504, 206.8456199094556496 ) ) ;
#3314 =( GEOMETRIC_REPRESENTATION_CONTEXT ( 3 ) GLOBAL_UNCERTAINTY_ASSIGNED_CONTEXT ( ( #5603 ) ) GLOBAL_UNIT_ASSIGNED_CONTEXT ( ( #5462, #7681, #5708 ) ) REPRESENTATION_CONTEXT ( 'NONE', 'WORKASPACE' ) );
#3315 = EDGE_CURVE ( 'NONE', #3449, #3423, #7774, .T. ) ;
#3316 = CARTESIAN_POINT ( 'NONE',  ( 17.99999999999963052, 3.515285107853552304, 207.4711792467500118 ) ) ;
#3317 = CARTESIAN_POINT ( 'NONE',  ( 17.99999999999963052, 1.237597656249993960, 209.0000000000000568 ) ) ;
#3318 = COLOUR_RGB ( '',1.000000000000000000, 0.7490196078431372584, 0.000000000000000000 ) ;
#3319 = CARTESIAN_POINT ( 'NONE',  ( 17.99999999999963052, 4.458472286928091499, 206.9144220079150784 ) ) ;
#3320 =( GEOMETRIC_REPRESENTATION_CONTEXT ( 3 ) GLOBAL_UNCERTAINTY_ASSIGNED_CONTEXT ( ( #5216 ) ) GLOBAL_UNIT_ASSIGNED_CONTEXT ( ( #7477, #6564, #2775 ) ) REPRESENTATION_CONTEXT ( 'NONE', 'WORKASPACE' ) );
#3321 = UNCERTAINTY_MEASURE_WITH_UNIT (LENGTH_MEASURE( 1.000000000000000082E-05 ), #7840, 'distance_accuracy_value', 'NONE');
#3322 = CARTESIAN_POINT ( 'NONE',  ( 17.99999999999962697, 3.861287548624498633, 206.8456653052919592 ) ) ;
#3323 = CARTESIAN_POINT ( 'NONE',  ( 17.49999999999963762, 2.126269531249993516, 206.8125000000000284 ) ) ;
#3324 = VERTEX_POINT ( 'NONE', #1547 ) ;
#3325 = CARTESIAN_POINT ( 'NONE',  ( 16.44782782796679754, -11.90162390160875461, 2.212471526894208118 ) ) ;
#3326 = COLOUR_RGB ( '',1.000000000000000000, 1.000000000000000000, 1.000000000000000000 ) ;
#3327 = STYLED_ITEM ( 'NONE', ( #7811 ), #7740 ) ;
#3328 = PRESENTATION_STYLE_ASSIGNMENT (( #1855 ) ) ;
#3329 = EDGE_CURVE ( 'NONE', #2120, #3872, #2408, .T. ) ;
#3330 = SURFACE_SIDE_STYLE ('',( #365 ) ) ;
#3331 = LINE ( 'NONE', #6317, #9095 ) ;
#3332 = STYLED_ITEM ( 'NONE', ( #301 ), #6573 ) ;
#3333 = AXIS2_PLACEMENT_3D ( 'NONE', #9675, #8017, #2798 ) ;
#3334 = CARTESIAN_POINT ( 'NONE',  ( 17.99999999999962341, 4.008155130094674945, 208.4497724848999098 ) ) ;
#3335 = FILL_AREA_STYLE_COLOUR ( '', #7251 ) ;
#3336 =( NAMED_UNIT ( * ) SI_UNIT ( $, .STERADIAN. ) SOLID_ANGLE_UNIT ( ) );
#3337 = AXIS2_PLACEMENT_3D ( 'NONE', #2996, #8409, #8308 ) ;
#3338 = VERTEX_POINT ( 'NONE', #46 ) ;
#3339 = DIRECTION ( 'NONE',  ( 0.000000000000000000, -1.000000000000000000, 0.000000000000000000 ) ) ;
#3340 =( NAMED_UNIT ( * ) PLANE_ANGLE_UNIT ( ) SI_UNIT ( $, .RADIAN. ) );
#3341 = FACE_BOUND ( 'NONE', #21, .T. ) ;
#3342 = FACE_OUTER_BOUND ( 'NONE', #7161, .T. ) ;
#3343 = ORIENTED_EDGE ( 'NONE', *, *, #5363, .T. ) ;
#3344 = EDGE_CURVE ( 'NONE', #2407, #6287, #3734, .T. ) ;
#3345 = VECTOR ( 'NONE', #3690, 1000.000000000000000 ) ;
#3346 = PRESENTATION_STYLE_ASSIGNMENT (( #7002 ) ) ;
#3347 = DIRECTION ( 'NONE',  ( -1.000000000000000000, -5.728085021779797867E-16, 8.583663793918551117E-34 ) ) ;
#3348 = ORIENTED_EDGE ( 'NONE', *, *, #4206, .T. ) ;
#3349 = DIRECTION ( 'NONE',  ( 0.000000000000000000, -1.000000000000000000, 0.000000000000000000 ) ) ;
#3350 = FILL_AREA_STYLE_COLOUR ( '', #1318 ) ;
#3351 = CARTESIAN_POINT ( 'NONE',  ( 17.99999999999963052, 2.152187693927691381, 206.4069796705042279 ) ) ;
#3352 = VECTOR ( 'NONE', #371, 1000.000000000000000 ) ;
#3353 = DIRECTION ( 'NONE',  ( -1.000000000000000000, -5.728085021779797867E-16, 8.583663793918551117E-34 ) ) ;
#3354 = ORIENTED_EDGE ( 'NONE', *, *, #3063, .T. ) ;
#3355 = CARTESIAN_POINT ( 'NONE',  ( 17.99999999999962697, 3.081857313226081807, 207.4253087485936646 ) ) ;
#3356 = ORIENTED_EDGE ( 'NONE', *, *, #4361, .F. ) ;
#3357 = CARTESIAN_POINT ( 'NONE',  ( -16.62500000000006395, 0.000000000000000000, 198.7500000000000000 ) ) ;
#3358 = DIRECTION ( 'NONE',  ( 1.000000000000000000, 0.000000000000000000, 0.000000000000000000 ) ) ;
#3359 = STYLED_ITEM ( 'NONE', ( #9022 ), #9457 ) ;
#3360 =( NAMED_UNIT ( * ) SI_UNIT ( $, .STERADIAN. ) SOLID_ANGLE_UNIT ( ) );
#3361 = DIRECTION ( 'NONE',  ( 0.000000000000000000, 0.000000000000000000, 1.000000000000000000 ) ) ;
#3362 = FILL_AREA_STYLE_COLOUR ( '', #1153 ) ;
#3363 = SURFACE_SIDE_STYLE ('',( #4903 ) ) ;
#3364 = ORIENTED_EDGE ( 'NONE', *, *, #5485, .F. ) ;
#3365 =( LENGTH_UNIT ( ) NAMED_UNIT ( * ) SI_UNIT ( .MILLI., .METRE. ) );
#3366 = EDGE_CURVE ( 'NONE', #794, #689, #9080, .T. ) ;
#3367 = STYLED_ITEM ( 'NONE', ( #1526 ), #236 ) ;
#3368 = CARTESIAN_POINT ( 'NONE',  ( 17.49999999999963762, 2.748674975154318467, 206.7905057958475936 ) ) ;
#3369 = CARTESIAN_POINT ( 'NONE',  ( 14.26188663096744413, -4.500003074096114553, 108.6824575717903798 ) ) ;
#3370 = SURFACE_SIDE_STYLE ('',( #7943 ) ) ;
#3371 = ORIENTED_EDGE ( 'NONE', *, *, #8114, .F. ) ;
#3372 = LINE ( 'NONE', #4022, #4453 ) ;
#3373 = COLOUR_RGB ( '',1.000000000000000000, 1.000000000000000000, 1.000000000000000000 ) ;
#3374 = PRESENTATION_LAYER_ASSIGNMENT (  '', '', ( #981 ) ) ;
#3375 = ORIENTED_EDGE ( 'NONE', *, *, #6396, .T. ) ;
#3376 = SURFACE_STYLE_FILL_AREA ( #321 ) ;
#3377 = ORIENTED_EDGE ( 'NONE', *, *, #5041, .T. ) ;
#3378 = PLANE ( 'NONE',  #5522 ) ;
#3379 = CARTESIAN_POINT ( 'NONE',  ( -16.75118359161053050, 11.67197513619046312, 101.5677754550505085 ) ) ;
#3380 = CARTESIAN_POINT ( 'NONE',  ( -15.62500000000000355, 1.874463224458913002, 198.7500000000000000 ) ) ;
#3381 = DIRECTION ( 'NONE',  ( -0.000000000000000000, -0.000000000000000000, 1.000000000000000000 ) ) ;
#3382 = COLOUR_RGB ( '',1.000000000000000000, 1.000000000000000000, 1.000000000000000000 ) ;
#3383 = EDGE_LOOP ( 'NONE', ( #2641, #868, #2644, #2017 ) ) ;
#3384 = CARTESIAN_POINT ( 'NONE',  ( 17.49999999999963407, 2.196110038505939333, 206.8207433899612511 ) ) ;
#3385 = CARTESIAN_POINT ( 'NONE',  ( 13.99999999999962874, 2.499999999999999556, 215.7500000000000853 ) ) ;
#3386 = FACE_OUTER_BOUND ( 'NONE', #4390, .T. ) ;
#3387 = CARTESIAN_POINT ( 'NONE',  ( 17.99999999999963052, 3.570796107484091486, 208.3703042318917085 ) ) ;
#3388 = DIRECTION ( 'NONE',  ( -5.276725402210824000E-16, 1.000000000000000000, 0.000000000000000000 ) ) ;
#3389 = ORIENTED_EDGE ( 'NONE', *, *, #200, .T. ) ;
#3390 = FILL_AREA_STYLE_COLOUR ( '', #2642 ) ;
#3391 = COLOUR_RGB ( '',1.000000000000000000, 0.7490196078431372584, 0.000000000000000000 ) ;
#3392 = PRESENTATION_LAYER_ASSIGNMENT (  '', '', ( #6586 ) ) ;
#3393 = ORIENTED_EDGE ( 'NONE', *, *, #6321, .T. ) ;
#3394 = CARTESIAN_POINT ( 'NONE',  ( -15.50000000000000000, 6.174999999999999822, 191.7500000000000000 ) ) ;
#3395 = CARTESIAN_POINT ( 'NONE',  ( 17.99999999999962697, 4.383716884397239610, 206.7448764449110001 ) ) ;
#3396 = CARTESIAN_POINT ( 'NONE',  ( 17.49999999999963052, 2.305498888045904859, 207.7064098476783158 ) ) ;
#3397 = SURFACE_STYLE_USAGE ( .BOTH. , #3995 ) ;
#3398 = STYLED_ITEM ( 'NONE', ( #3166 ), #2362 ) ;
#3399 = CARTESIAN_POINT ( 'NONE',  ( 17.99999999999963052, 2.126269531249993960, 206.8125000000000284 ) ) ;
#3400 =( LENGTH_UNIT ( ) NAMED_UNIT ( * ) SI_UNIT ( .MILLI., .METRE. ) );
#3401 = DIRECTION ( 'NONE',  ( 0.000000000000000000, -0.4185496410151234858, 0.9081939209255429635 ) ) ;
#3402 = UNCERTAINTY_MEASURE_WITH_UNIT (LENGTH_MEASURE( 1.000000000000000082E-05 ), #6228, 'distance_accuracy_value', 'NONE');
#3403 = EDGE_CURVE ( 'NONE', #7683, #472, #5252, .T. ) ;
#3404 = ORIENTED_EDGE ( 'NONE', *, *, #7417, .T. ) ;
#3405 = EDGE_CURVE ( 'NONE', #8043, #3540, #8854, .T. ) ;
#3406 = CARTESIAN_POINT ( 'NONE',  ( 17.49999999999962697, 3.188552969108196411, 206.8633075736251214 ) ) ;
#3407 = SURFACE_STYLE_USAGE ( .BOTH. , #3363 ) ;
#3408 = EDGE_CURVE ( 'NONE', #5132, #9484, #705, .T. ) ;
#3409 = ORIENTED_EDGE ( 'NONE', *, *, #6622, .T. ) ;
#3410 = CARTESIAN_POINT ( 'NONE',  ( 17.49999999999965183, 2.449760427227615889, 207.3703651822345364 ) ) ;
#3411 = B_SPLINE_CURVE_WITH_KNOTS ( 'NONE', 3,
 ( #5077, #3566, #2689, #8918, #3430, #7288, #8865, #5822, #5684, #1923, #5016, #3474, #1977, #4329, #7338, #1877, #5729, #9512, #6434 ),
 .UNSPECIFIED., .F., .F.,
 ( 4, 1, 1, 1, 1, 1, 1, 1, 1, 1, 1, 1, 1, 1, 1, 1, 4 ),
 ( 0.000000000000000000, 0.06976253321146265451, 0.1366770996758818191, 0.2015798862110469436, 0.2647265813117870015, 0.3259783802682005849, 0.3861058458105121050, 0.4451401118445949545, 0.5037657857286406138, 0.5621794551253035399, 0.6209372433715732997, 0.6803772929510103484, 0.7408904009214637432, 0.8027844546397844283, 0.8665421624742997153, 0.9322877234863431450, 0.9999999999999998890 ),
 .UNSPECIFIED. ) ;
#3412 = CARTESIAN_POINT ( 'NONE',  ( -13.62499999999989519, -8.981530796869846030E-13, 197.7500000000000000 ) ) ;
#3413 = SURFACE_STYLE_USAGE ( .BOTH. , #3330 ) ;
#3414 = CARTESIAN_POINT ( 'NONE',  ( 17.99999999999963052, 2.449999999999994404, 207.3217773437500284 ) ) ;
#3415 = CARTESIAN_POINT ( 'NONE',  ( -14.62499999999999289, -0.8747316122293992136, 198.7500000000000000 ) ) ;
#3416 = VECTOR ( 'NONE', #146, 1000.000000000000000 ) ;
#3417 = ORIENTED_EDGE ( 'NONE', *, *, #1006, .F. ) ;
#3418 = CARTESIAN_POINT ( 'NONE',  ( 17.99999999999963052, 1.463533519399521365, 208.3544291580538186 ) ) ;
#3419 = MECHANICAL_DESIGN_GEOMETRIC_PRESENTATION_REPRESENTATION (  '', ( #2145 ), #7425 ) ;
#3420 = FACE_OUTER_BOUND ( 'NONE', #6088, .T. ) ;
#3421 = ORIENTED_EDGE ( 'NONE', *, *, #1172, .F. ) ;
#3422 = CARTESIAN_POINT ( 'NONE',  ( 17.49999999999962341, 4.297934608131380507, 206.6266297403663827 ) ) ;
#3423 = VERTEX_POINT ( 'NONE', #9422 ) ;
#3424 = LINE ( 'NONE', #2540, #2821 ) ;
#3425 = CARTESIAN_POINT ( 'NONE',  ( -16.11682447234501936, 11.99487324779686226, 99.36943199567841134 ) ) ;
#3426 = CARTESIAN_POINT ( 'NONE',  ( 4.813019604415816327E-14, -4.624194836688038990, 197.7500000000000000 ) ) ;
#3427 = PRESENTATION_STYLE_ASSIGNMENT (( #4221 ) ) ;
#3428 = CARTESIAN_POINT ( 'NONE',  ( 17.99999999999963052, 2.723394896973847512, 207.8346606627726487 ) ) ;
#3429 = ORIENTED_EDGE ( 'NONE', *, *, #951, .T. ) ;
#3430 = CARTESIAN_POINT ( 'NONE',  ( 17.49999999999963052, 3.972093481131357517, 208.9239202844645433 ) ) ;
#3431 = CARTESIAN_POINT ( 'NONE',  ( -14.62499999999996447, -3.624194836688189980, 197.7500000000000000 ) ) ;
#3432 = EDGE_CURVE ( 'NONE', #4135, #7588, #244, .T. ) ;
#3433 = STYLED_ITEM ( 'NONE', ( #9586 ), #4869 ) ;
#3434 = ORIENTED_EDGE ( 'NONE', *, *, #4438, .T. ) ;
#3436 = CARTESIAN_POINT ( 'NONE',  ( 17.99999999999963052, 2.723394896973847512, 207.8346606627726487 ) ) ;
#3435 = STYLED_ITEM ( 'NONE', ( #123 ), #4197 ) ;
#3437 = CARTESIAN_POINT ( 'NONE',  ( 17.49999999999962697, 3.220045057481521145, 206.7901260199356273 ) ) ;
#3438 = CARTESIAN_POINT ( 'NONE',  ( 17.49999999999962697, 3.198535156249993516, 208.5366210937500284 ) ) ;
#3439 = ORIENTED_EDGE ( 'NONE', *, *, #4630, .F. ) ;
#3440 = DIRECTION ( 'NONE',  ( 0.000000000000000000, 1.000000000000000000, 1.387778780781445676E-15 ) ) ;
#3441 = CARTESIAN_POINT ( 'NONE',  ( 17.49999999999963762, 2.279358744905681355, 207.7220765438395915 ) ) ;
#3442 = VECTOR ( 'NONE', #493, 1000.000000000000000 ) ;
#3443 = VECTOR ( 'NONE', #4267, 1000.000000000000000 ) ;
#3444 = SURFACE_SIDE_STYLE ('',( #9730 ) ) ;
#3445 = VERTEX_POINT ( 'NONE', #3258 ) ;
#3446 = CARTESIAN_POINT ( 'NONE',  ( 17.99999999999962697, 3.198535156249993960, 206.8383789062500284 ) ) ;
#3447 = VERTEX_POINT ( 'NONE', #2561 ) ;
#3448 = AXIS2_PLACEMENT_3D ( 'NONE', #4658, #6774, #8542 ) ;
#3449 = VERTEX_POINT ( 'NONE', #7020 ) ;
#3450 = CARTESIAN_POINT ( 'NONE',  ( 17.99999999999962697, 2.445458038793933753, 207.4169342137718672 ) ) ;
#3451 = SURFACE_STYLE_USAGE ( .BOTH. , #6558 ) ;
#3452 = PLANE ( 'NONE',  #2447 ) ;
#3453 = VECTOR ( 'NONE', #4955, 1000.000000000000000 ) ;
#3454 = EDGE_CURVE ( 'NONE', #8411, #5264, #5644, .T. ) ;
#3455 = EDGE_CURVE ( 'NONE', #2140, #3088, #8016, .T. ) ;
#3456 = CARTESIAN_POINT ( 'NONE',  ( 17.49999999999963052, 1.928561300962463143, 207.9849964127557485 ) ) ;
#3457 = CARTESIAN_POINT ( 'NONE',  ( 17.99999999999962697, 3.074999999999993960, 207.6875000000000568 ) ) ;
#3458 = FACE_OUTER_BOUND ( 'NONE', #6373, .T. ) ;
#3459 = VECTOR ( 'NONE', #4848, 1000.000000000000114 ) ;
#3460 = EDGE_CURVE ( 'NONE', #2421, #6524, #9370, .T. ) ;
#3461 = ORIENTED_EDGE ( 'NONE', *, *, #1808, .F. ) ;
#3462 = CARTESIAN_POINT ( 'NONE',  ( 17.49999999999963762, 2.057257875832067651, 207.7316719609150653 ) ) ;
#3463 = MECHANICAL_DESIGN_GEOMETRIC_PRESENTATION_REPRESENTATION (  '', ( #6511 ), #4758 ) ;
#3464 = VERTEX_POINT ( 'NONE', #4140 ) ;
#3465 = PRESENTATION_STYLE_ASSIGNMENT (( #419 ) ) ;
#3466 = EDGE_LOOP ( 'NONE', ( #3100, #7490, #452, #530 ) ) ;
#3467 = DIRECTION ( 'NONE',  ( 0.9576138124097653970, -0.2880551792314012816, 0.000000000000000000 ) ) ;
#3468 = CARTESIAN_POINT ( 'NONE',  ( -16.99999999999999645, 11.17020636130835243, 103.0074667879397339 ) ) ;
#3469 = CARTESIAN_POINT ( 'NONE',  ( 17.99999999999963052, 2.314540500507268117, 206.8916932222756770 ) ) ;
#3470 = ADVANCED_FACE ( 'NONE', ( #1792 ), #941, .T. ) ;
#3471 = CARTESIAN_POINT ( 'NONE',  ( 17.99999999999962697, 4.192085391526020999, 206.5369012286806196 ) ) ;
#3472 = EDGE_CURVE ( 'NONE', #2715, #5842, #4889, .T. ) ;
#3473 = VERTEX_POINT ( 'NONE', #3213 ) ;
#3474 = CARTESIAN_POINT ( 'NONE',  ( 17.49999999999963052, 4.264455957073579384, 208.7810474046625870 ) ) ;
#3475 = CARTESIAN_POINT ( 'NONE',  ( 17.99999999999963407, 2.124804687499994404, 206.4062500000000568 ) ) ;
#3476 = CARTESIAN_POINT ( 'NONE',  ( 11.66249999999983800, -11.66249999999980069, 204.0000000000000568 ) ) ;
#3477 = CARTESIAN_POINT ( 'NONE',  ( 17.49999999999962341, 1.825527723973102479, 208.0347982170202954 ) ) ;
#3478 = ORIENTED_EDGE ( 'NONE', *, *, #8752, .T. ) ;
#3479 =( GEOMETRIC_REPRESENTATION_CONTEXT ( 3 ) GLOBAL_UNCERTAINTY_ASSIGNED_CONTEXT ( ( #2870 ) ) GLOBAL_UNIT_ASSIGNED_CONTEXT ( ( #8214, #4443, #9832 ) ) REPRESENTATION_CONTEXT ( 'NONE', 'WORKASPACE' ) );
#3480 = CARTESIAN_POINT ( 'NONE',  ( 17.49999999999962697, 3.761254231481073962, 206.4381594896987622 ) ) ;
#3481 = LINE ( 'NONE', #1133, #2218 ) ;
#3482 = FILL_AREA_STYLE ('',( #390 ) ) ;
#3483 = LINE ( 'NONE', #5883, #5557 ) ;
#3484 = PRESENTATION_STYLE_ASSIGNMENT (( #1184 ) ) ;
#3485 = LINE ( 'NONE', #1139, #3442 ) ;
#3486 = VECTOR ( 'NONE', #729, 1000.000000000000000 ) ;
#3487 =( NAMED_UNIT ( * ) SI_UNIT ( $, .STERADIAN. ) SOLID_ANGLE_UNIT ( ) );
#3488 = CARTESIAN_POINT ( 'NONE',  ( 17.99999999999963052, 1.970195973217837127, 207.6737205614023196 ) ) ;
#3489 = FILL_AREA_STYLE_COLOUR ( '', #7680 ) ;
#3490 = PRESENTATION_STYLE_ASSIGNMENT (( #1097 ) ) ;
#3491 = DIRECTION ( 'NONE',  ( -0.000000000000000000, 0.000000000000000000, -1.000000000000000000 ) ) ;
#3492 = ORIENTED_EDGE ( 'NONE', *, *, #2784, .T. ) ;
#3493 = UNCERTAINTY_MEASURE_WITH_UNIT (LENGTH_MEASURE( 1.000000000000000082E-05 ), #2797, 'distance_accuracy_value', 'NONE');
#3494 = DIRECTION ( 'NONE',  ( 0.000000000000000000, 1.000000000000000000, 0.000000000000000000 ) ) ;
#3495 = ORIENTED_EDGE ( 'NONE', *, *, #6837, .T. ) ;
#3496 = COLOUR_RGB ( '',1.000000000000000000, 0.7490196078431372584, 0.000000000000000000 ) ;
#3497 = CARTESIAN_POINT ( 'NONE',  ( -16.95666463574067251, -11.32389684197506696, 1.090108708506230428 ) ) ;
#3498 = CARTESIAN_POINT ( 'NONE',  ( 17.49999999999962341, 3.512387453977297014, 207.7990092547674408 ) ) ;
#3499 = ORIENTED_EDGE ( 'NONE', *, *, #6019, .F. ) ;
#3500 = LINE ( 'NONE', #509, #1528 ) ;
#3501 =( NAMED_UNIT ( * ) SI_UNIT ( $, .STERADIAN. ) SOLID_ANGLE_UNIT ( ) );
#3502 = EDGE_CURVE ( 'NONE', #6671, #1870, #851, .T. ) ;
#3503 = CARTESIAN_POINT ( 'NONE',  ( 17.49999999999962341, 4.069140624999993072, 207.0527343750000568 ) ) ;
#3504 = CARTESIAN_POINT ( 'NONE',  ( 17.49999999999962697, 2.845226265782164976, 207.1076260055346836 ) ) ;
#3505 = CARTESIAN_POINT ( 'NONE',  ( 17.49999999999963407, 2.184489858812235230, 208.0931995951622469 ) ) ;
#3506 = FILL_AREA_STYLE ('',( #5003 ) ) ;
#3507 = CARTESIAN_POINT ( 'NONE',  ( 12.26489575763315365, 3.503127272519703794, 108.8869899058922073 ) ) ;
#3508 = B_SPLINE_SURFACE_WITH_KNOTS ( 'NONE', 3, 1, ( 
 ( #1637, #8673 ),
 ( #1790, #885 ),
 ( #6192, #2406 ),
 ( #7921, #5449 ),
 ( #4087, #7160 ),
 ( #293, #8530 ),
 ( #9368, #5642 ),
 ( #3355, #4690 ),
 ( #3941, #6392 ),
 ( #1685, #2601 ),
 ( #939, #7018 ) ),
 .UNSPECIFIED., .F., .F., .F.,
 ( 4, 1, 1, 1, 1, 1, 1, 1, 4 ),
 ( 2, 2 ),
 ( 0.000000000000000000, 0.09326873316671030478, 0.1954341891770950135, 0.3056073337855572114, 0.4255492048550005291, 0.5542737649490064866, 0.6927322116506374750, 0.8416281755282236654, 1.000000000000000000 ),
 ( 0.000000000000000000, 1.000000000000000000 ),
 .UNSPECIFIED. ) ;
#3509 = ORIENTED_EDGE ( 'NONE', *, *, #5371, .T. ) ;
#3510 = CARTESIAN_POINT ( 'NONE',  ( 17.49999999999964118, 1.943530949116606621, 207.6465218963489008 ) ) ;
#3511 = ORIENTED_EDGE ( 'NONE', *, *, #8185, .T. ) ;
#3512 = CARTESIAN_POINT ( 'NONE',  ( 17.49999999999962341, 4.429492187499993072, 208.5366210937500284 ) ) ;
#3513 = ORIENTED_EDGE ( 'NONE', *, *, #4412, .T. ) ;
#3514 = ADVANCED_FACE ( 'NONE', ( #4938 ), #4794, .F. ) ;
#3515 = CARTESIAN_POINT ( 'NONE',  ( -16.00000000000000000, 11.00000000000000355, 109.0000000000000000 ) ) ;
#3516 = SURFACE_STYLE_USAGE ( .BOTH. , #2683 ) ;
#3517 = CARTESIAN_POINT ( 'NONE',  ( 17.99999999999963407, 2.259402437926288698, 206.8470585145151404 ) ) ;
#3518 = FACE_OUTER_BOUND ( 'NONE', #5006, .T. ) ;
#3519 = ORIENTED_EDGE ( 'NONE', *, *, #922, .F. ) ;
#3520 = DIRECTION ( 'NONE',  ( 0.000000000000000000, -1.000000000000000000, 0.000000000000000000 ) ) ;
#3521 = B_SPLINE_CURVE_WITH_KNOTS ( 'NONE', 3,
 ( #9348, #4712, #2533, #9292, #3918, #4769, #8602, #8452, #3866, #4018, #5475, #3279 ),
 .UNSPECIFIED., .F., .F.,
 ( 4, 2, 2, 2, 2, 4 ),
 ( 0.000000000000000000, 0.001156159871250812517, 0.002312319742501625034, 0.003468479613752437768, 0.004046559549377843484, 0.004624639485003249201 ),
 .UNSPECIFIED. ) ;
#3522 = AXIS2_PLACEMENT_3D ( 'NONE', #4940, #5697, #3577 ) ;
#3523 = DIRECTION ( 'NONE',  ( 0.7071067811865464625, 0.7071067811865486830, 0.000000000000000000 ) ) ;
#3524 = CARTESIAN_POINT ( 'NONE',  ( 17.99999999999962697, 3.271262422811110682, 208.6730621786945221 ) ) ;
#3525 = CARTESIAN_POINT ( 'NONE',  ( -11.87499999999999822, -3.750000000000000444, 194.2500000000000000 ) ) ;
#3526 = CARTESIAN_POINT ( 'NONE',  ( 17.49999999999962341, 3.649260102698383523, 208.4798605423590914 ) ) ;
#3527 = ORIENTED_EDGE ( 'NONE', *, *, #8786, .F. ) ;
#3528 = CARTESIAN_POINT ( 'NONE',  ( 17.49999999999964118, 2.759110087031258818, 207.7741847239990420 ) ) ;
#3529 = CARTESIAN_POINT ( 'NONE',  ( 17.49999999999964828, 2.105916389549498557, 206.4066729753554057 ) ) ;
#3530 =( NAMED_UNIT ( * ) PLANE_ANGLE_UNIT ( ) SI_UNIT ( $, .RADIAN. ) );
#3531 =( GEOMETRIC_REPRESENTATION_CONTEXT ( 3 ) GLOBAL_UNCERTAINTY_ASSIGNED_CONTEXT ( ( #3801 ) ) GLOBAL_UNIT_ASSIGNED_CONTEXT ( ( #2194, #5242, #1442 ) ) REPRESENTATION_CONTEXT ( 'NONE', 'WORKASPACE' ) );
#3532 = CARTESIAN_POINT ( 'NONE',  ( 17.49999999999963052, 2.729384278808311137, 208.6428243882470497 ) ) ;
#3533 = VECTOR ( 'NONE', #1374, 1000.000000000000000 ) ;
#3534 = SURFACE_STYLE_FILL_AREA ( #7455 ) ;
#3535 = CARTESIAN_POINT ( 'NONE',  ( -14.14771880642093116, 3.228771940799972651, 108.9247923523819424 ) ) ;
#3536 = DIRECTION ( 'NONE',  ( -1.000000000000000000, 0.000000000000000000, 0.000000000000000000 ) ) ;
#3537 =( LENGTH_UNIT ( ) NAMED_UNIT ( * ) SI_UNIT ( .MILLI., .METRE. ) );
#3538 = MECHANICAL_DESIGN_GEOMETRIC_PRESENTATION_REPRESENTATION (  '', ( #23 ), #4661 ) ;
#3539 =( LENGTH_UNIT ( ) NAMED_UNIT ( * ) SI_UNIT ( .MILLI., .METRE. ) );
#3540 = VERTEX_POINT ( 'NONE', #6546 ) ;
#3541 = CARTESIAN_POINT ( 'NONE',  ( 17.49999999999962697, 3.761254231481073962, 206.4381594896987622 ) ) ;
#3542 = VERTEX_POINT ( 'NONE', #9622 ) ;
#3543 = PRESENTATION_STYLE_ASSIGNMENT (( #4299 ) ) ;
#3544 = CARTESIAN_POINT ( 'NONE',  ( 17.99999999999962341, 3.517587454119627033, 207.9984374333306221 ) ) ;
#3545 = ORIENTED_EDGE ( 'NONE', *, *, #6406, .F. ) ;
#3546 = ADVANCED_FACE ( 'NONE', ( #7248 ), #9674, .T. ) ;
#3547 = STYLED_ITEM ( 'NONE', ( #2819 ), #2273 ) ;
#3548 = DIRECTION ( 'NONE',  ( 6.591949208711860648E-14, -1.000000000000000000, 0.000000000000000000 ) ) ;
#3549 = UNCERTAINTY_MEASURE_WITH_UNIT (LENGTH_MEASURE( 1.000000000000000082E-05 ), #6540, 'distance_accuracy_value', 'NONE');
#3550 = CARTESIAN_POINT ( 'NONE',  ( 17.49999999999961986, 4.097588012899399779, 207.2888374930758175 ) ) ;
#3551 = VECTOR ( 'NONE', #5493, 1000.000000000000000 ) ;
#3552 = PRESENTATION_STYLE_ASSIGNMENT (( #514 ) ) ;
#3553 = DIRECTION ( 'NONE',  ( 6.938893903907229955E-15, -1.000000000000000000, 0.000000000000000000 ) ) ;
#3554 = PRODUCT_RELATED_PRODUCT_CATEGORY ( 'part', '', ( #2812 ) ) ;
#3555 = ORIENTED_EDGE ( 'NONE', *, *, #6966, .F. ) ;
#3556 = CARTESIAN_POINT ( 'NONE',  ( 17.49999999999964118, 1.825267424252941861, 207.2731219808586616 ) ) ;
#3557 = EDGE_LOOP ( 'NONE', ( #3377, #1838, #8241, #3409 ) ) ;
#3558 = CARTESIAN_POINT ( 'NONE',  ( 17.49999999999963052, 3.512435951266748457, 207.5759923472298283 ) ) ;
#3559 = VERTEX_POINT ( 'NONE', #8974 ) ;
#3560 = CARTESIAN_POINT ( 'NONE',  ( 17.99999999999963407, 1.763598209898949776, 208.8104667018372425 ) ) ;
#3561 = MECHANICAL_DESIGN_GEOMETRIC_PRESENTATION_REPRESENTATION (  '', ( #4536 ), #1653 ) ;
#3562 = FILL_AREA_STYLE_COLOUR ( '', #6602 ) ;
#3563 = CARTESIAN_POINT ( 'NONE',  ( 17.99999999999963407, 2.124804687499994404, 206.4062500000000568 ) ) ;
#3564 = FILL_AREA_STYLE_COLOUR ( '', #92 ) ;
#3565 = VERTEX_POINT ( 'NONE', #5787 ) ;
#3566 = CARTESIAN_POINT ( 'NONE',  ( 17.49999999999962697, 3.833475967286428698, 208.9372770977486482 ) ) ;
#3567 = EDGE_CURVE ( 'NONE', #8807, #4525, #584, .T. ) ;
#3568 = SURFACE_STYLE_USAGE ( .BOTH. , #8154 ) ;
#3569 = EDGE_CURVE ( 'NONE', #8612, #3840, #5135, .T. ) ;
#3570 = ADVANCED_FACE ( 'NONE', ( #8111 ), #4984, .F. ) ;
#3571 = FILL_AREA_STYLE_COLOUR ( '', #1261 ) ;
#3572 =( NAMED_UNIT ( * ) SI_UNIT ( $, .STERADIAN. ) SOLID_ANGLE_UNIT ( ) );
#3573 = VERTEX_POINT ( 'NONE', #5238 ) ;
#3574 = CARTESIAN_POINT ( 'NONE',  ( 17.49999999999964828, 1.864629683765122614, 206.4524769910225359 ) ) ;
#3575 = SURFACE_SIDE_STYLE ('',( #5693 ) ) ;
#3576 = CARTESIAN_POINT ( 'NONE',  ( 17.49999999999962697, 4.069140624999993072, 208.3222656250000568 ) ) ;
#3577 = DIRECTION ( 'NONE',  ( 1.000000000000000000, 0.000000000000000000, 0.000000000000000000 ) ) ;
#3578 = CARTESIAN_POINT ( 'NONE',  ( 16.49999999999962697, -1.000000000000000000, 216.2500000000000853 ) ) ;
#3579 = ADVANCED_FACE ( 'NONE', ( #5438 ), #4581, .T. ) ;
#3580 =( NAMED_UNIT ( * ) PLANE_ANGLE_UNIT ( ) SI_UNIT ( $, .RADIAN. ) );
#3581 = DIRECTION ( 'NONE',  ( 0.000000000000000000, 0.000000000000000000, 1.000000000000000000 ) ) ;
#3582 = DIRECTION ( 'NONE',  ( -1.000000000000000000, -1.040834085586084257E-14, 0.000000000000000000 ) ) ;
#3583 = SURFACE_STYLE_USAGE ( .BOTH. , #9783 ) ;
#3584 = EDGE_LOOP ( 'NONE', ( #196, #9734, #7513, #4242 ) ) ;
#3585 = UNCERTAINTY_MEASURE_WITH_UNIT (LENGTH_MEASURE( 1.000000000000000082E-05 ), #6024, 'distance_accuracy_value', 'NONE');
#3586 = LINE ( 'NONE', #6651, #2382 ) ;
#3587 = ORIENTED_EDGE ( 'NONE', *, *, #2122, .T. ) ;
#3588 = B_SPLINE_SURFACE_WITH_KNOTS ( 'NONE', 3, 1, ( 
 ( #6150, #3748 ),
 ( #7573, #6818 ),
 ( #5408, #4653 ),
 ( #9278, #2317 ),
 ( #2414, #896 ),
 ( #2264, #9893 ),
 ( #7732, #5359 ),
 ( #1645, #6973 ),
 ( #3066, #843 ),
 ( #3848, #5456 ),
 ( #7678, #3798 ) ),
 .UNSPECIFIED., .F., .F., .F.,
 ( 4, 1, 1, 1, 1, 1, 1, 1, 4 ),
 ( 2, 2 ),
 ( 0.000000000000000000, 0.1824831862611326905, 0.3488917103864720981, 0.4984746838703763561, 0.6312606013163450935, 0.7481082361682841464, 0.8482801806177775461, 0.9318818073965737803, 0.9999999999999998890 ),
 ( 0.000000000000000000, 1.000000000000000000 ),
 .UNSPECIFIED. ) ;
#3589 = PRESENTATION_STYLE_ASSIGNMENT (( #5042 ) ) ;
#3590 = CARTESIAN_POINT ( 'NONE',  ( 12.49999999999962874, -2.500000000000000444, 215.7500000000000853 ) ) ;
#3591 = FACE_OUTER_BOUND ( 'NONE', #4918, .T. ) ;
#3592 = ORIENTED_EDGE ( 'NONE', *, *, #441, .T. ) ;
#3593 = COLOUR_RGB ( '',1.000000000000000000, 0.7490196078431372584, 0.000000000000000000 ) ;
#3594 = CARTESIAN_POINT ( 'NONE',  ( 17.99999999999963052, 2.168604012536614167, 207.7495603903505526 ) ) ;
#3595 = STYLED_ITEM ( 'NONE', ( #3043 ), #4254 ) ;
#3596 = FILL_AREA_STYLE_COLOUR ( '', #4091 ) ;
#3597 = FACE_OUTER_BOUND ( 'NONE', #1289, .T. ) ;
#3598 = CARTESIAN_POINT ( 'NONE',  ( 17.49999999999962697, 2.436328124999993516, 208.3496093750000568 ) ) ;
#3599 = MECHANICAL_DESIGN_GEOMETRIC_PRESENTATION_REPRESENTATION (  '', ( #7289 ), #8255 ) ;
#3600 = UNCERTAINTY_MEASURE_WITH_UNIT (LENGTH_MEASURE( 1.000000000000000082E-05 ), #3740, 'distance_accuracy_value', 'NONE');
#3601 = CARTESIAN_POINT ( 'NONE',  ( 17.99999999999963407, 1.638893281016414960, 208.6863800410782801 ) ) ;
#3602 =( LENGTH_UNIT ( ) NAMED_UNIT ( * ) SI_UNIT ( .MILLI., .METRE. ) );
#3603 = PRESENTATION_STYLE_ASSIGNMENT (( #8084 ) ) ;
#3604 = CARTESIAN_POINT ( 'NONE',  ( 15.00541910951207747, 4.233808962462113357, 108.7475952703730115 ) ) ;
#3605 = AXIS2_PLACEMENT_3D ( 'NONE', #6015, #8195, #2230 ) ;
#3606 = ORIENTED_EDGE ( 'NONE', *, *, #5443, .F. ) ;
#3607 = VERTEX_POINT ( 'NONE', #779 ) ;
#3608 = CARTESIAN_POINT ( 'NONE',  ( 17.49999999999962697, 3.537526664376698715, 207.1536270218885818 ) ) ;
#3609 = CIRCLE ( 'NONE', #1552, 0.8750000000000007772 ) ;
#3610 = STYLED_ITEM ( 'NONE', ( #103 ), #7890 ) ;
#3611 = DIRECTION ( 'NONE',  ( -0.000000000000000000, -0.000000000000000000, -1.000000000000000000 ) ) ;
#3612 =( LENGTH_UNIT ( ) NAMED_UNIT ( * ) SI_UNIT ( .MILLI., .METRE. ) );
#3613 = CARTESIAN_POINT ( 'NONE',  ( 17.99999999999963052, 2.449063934043234969, 207.2668683175361934 ) ) ;
#3614 = SURFACE_STYLE_FILL_AREA ( #2785 ) ;
#3615 = ORIENTED_EDGE ( 'NONE', *, *, #8806, .F. ) ;
#3616 = VECTOR ( 'NONE', #3287, 1000.000000000000000 ) ;
#3617 = FACE_OUTER_BOUND ( 'NONE', #9923, .T. ) ;
#3618 =( GEOMETRIC_REPRESENTATION_CONTEXT ( 3 ) GLOBAL_UNCERTAINTY_ASSIGNED_CONTEXT ( ( #1513 ) ) GLOBAL_UNIT_ASSIGNED_CONTEXT ( ( #7883, #2576, #8732 ) ) REPRESENTATION_CONTEXT ( 'NONE', 'WORKASPACE' ) );
#3619 = DIRECTION ( 'NONE',  ( 0.7071067811865486830, -0.7071067811865464625, 0.000000000000000000 ) ) ;
#3620 = PRESENTATION_STYLE_ASSIGNMENT (( #2078 ) ) ;
#3621 = EDGE_CURVE ( 'NONE', #221, #2610, #6131, .T. ) ;
#3622 = CARTESIAN_POINT ( 'NONE',  ( -14.99999999999996625, -1.000000000000001776, 191.0000000000000000 ) ) ;
#3623 = CARTESIAN_POINT ( 'NONE',  ( 17.49999999999963052, 2.856249999999993960, 207.2910156250000568 ) ) ;
#3624 = ORIENTED_EDGE ( 'NONE', *, *, #1775, .F. ) ;
#3625 = CARTESIAN_POINT ( 'NONE',  ( 17.99999999999963052, 2.813603359204026599, 207.6356200817263016 ) ) ;
#3626 = CARTESIAN_POINT ( 'NONE',  ( 17.99999999999962341, 2.014259930436618440, 206.4126180197907843 ) ) ;
#3627 = DIRECTION ( 'NONE',  ( -0.2880551792313847947, -0.9576138124097703930, 0.000000000000000000 ) ) ;
#3628 = STYLED_ITEM ( 'NONE', ( #4637 ), #8281 ) ;
#3629 = PRESENTATION_STYLE_ASSIGNMENT (( #7450 ) ) ;
#3630 = CARTESIAN_POINT ( 'NONE',  ( 17.49999999999963052, 2.807777691641400786, 208.4099402439253481 ) ) ;
#3631 = SURFACE_STYLE_FILL_AREA ( #1336 ) ;
#3632 = CARTESIAN_POINT ( 'NONE',  ( -15.87500000000018119, 2.886306857476193866, 108.9613009618234543 ) ) ;
#3633 = ORIENTED_EDGE ( 'NONE', *, *, #3621, .F. ) ;
#3634 = FACE_OUTER_BOUND ( 'NONE', #9932, .T. ) ;
#3635 = PRESENTATION_LAYER_ASSIGNMENT (  '', '', ( #5084 ) ) ;
#3636 =( NAMED_UNIT ( * ) SI_UNIT ( $, .STERADIAN. ) SOLID_ANGLE_UNIT ( ) );
#3637 = CARTESIAN_POINT ( 'NONE',  ( 13.99999999999963052, -2.500000000000000444, 216.2500000000000853 ) ) ;
#3638 = VERTEX_POINT ( 'NONE', #3830 ) ;
#3639 = PRESENTATION_STYLE_ASSIGNMENT (( #9686 ) ) ;
#3640 = VERTEX_POINT ( 'NONE', #9117 ) ;
#3641 =( NAMED_UNIT ( * ) SI_UNIT ( $, .STERADIAN. ) SOLID_ANGLE_UNIT ( ) );
#3642 = DIRECTION ( 'NONE',  ( 1.000000000000000000, 2.891205793294678326E-16, -0.000000000000000000 ) ) ;
#3643 = ORIENTED_EDGE ( 'NONE', *, *, #9540, .T. ) ;
#3644 = PRESENTATION_LAYER_ASSIGNMENT (  '', '', ( #6363 ) ) ;
#3645 = DIRECTION ( 'NONE',  ( 1.000000000000000000, 9.432558900623880687E-15, 0.000000000000000000 ) ) ;
#3646 = CIRCLE ( 'NONE', #4925, 1.500000000000003109 ) ;
#3647 =( NAMED_UNIT ( * ) PLANE_ANGLE_UNIT ( ) SI_UNIT ( $, .RADIAN. ) );
#3648 = LINE ( 'NONE', #1299, #8861 ) ;
#3649 = CARTESIAN_POINT ( 'NONE',  ( 11.87499999999963229, 0.6250000000000001110, 217.0000000000000853 ) ) ;
#3650 = PRESENTATION_LAYER_ASSIGNMENT (  '', '', ( #5260 ) ) ;
#3651 =( NAMED_UNIT ( * ) PLANE_ANGLE_UNIT ( ) SI_UNIT ( $, .RADIAN. ) );
#3652 =( NAMED_UNIT ( * ) SI_UNIT ( $, .STERADIAN. ) SOLID_ANGLE_UNIT ( ) );
#3653 = DIRECTION ( 'NONE',  ( 0.000000000000000000, 0.000000000000000000, -1.000000000000000000 ) ) ;
#3654 = CARTESIAN_POINT ( 'NONE',  ( 12.99456539858004334, 4.233822121907966363, 108.7475936606386711 ) ) ;
#3655 = EDGE_LOOP ( 'NONE', ( #7795, #685, #7922, #8666 ) ) ;
#3656 = CARTESIAN_POINT ( 'NONE',  ( -16.99999999999999645, -1.999999999999998224, 109.0000000000000000 ) ) ;
#3657 = STYLED_ITEM ( 'NONE', ( #5689 ), #9666 ) ;
#3658 = EDGE_CURVE ( 'NONE', #7713, #3338, #9209, .T. ) ;
#3659 = ORIENTED_EDGE ( 'NONE', *, *, #1655, .F. ) ;
#3660 = CARTESIAN_POINT ( 'NONE',  ( 17.49999999999962697, 1.824999999999993516, 208.0610351562500568 ) ) ;
#3661 = ORIENTED_EDGE ( 'NONE', *, *, #8937, .F. ) ;
#3662 =( LENGTH_UNIT ( ) NAMED_UNIT ( * ) SI_UNIT ( .MILLI., .METRE. ) );
#3663 = CARTESIAN_POINT ( 'NONE',  ( 17.99999999999962697, 4.069140624999993072, 207.0527343750000568 ) ) ;
#3664 = CARTESIAN_POINT ( 'NONE',  ( 17.99999999999963052, 3.400726209281623280, 208.8107592122085805 ) ) ;
#3665 = SURFACE_STYLE_USAGE ( .BOTH. , #3763 ) ;
#3666 = DIRECTION ( 'NONE',  ( 1.000000000000000000, 5.276725402210824000E-16, -0.000000000000000000 ) ) ;
#3667 = SURFACE_STYLE_FILL_AREA ( #1375 ) ;
#3668 = ORIENTED_EDGE ( 'NONE', *, *, #5241, .F. ) ;
#3669 = CARTESIAN_POINT ( 'NONE',  ( 17.99999999999962697, 4.500839600450757594, 207.0904460035706904 ) ) ;
#3670 = B_SPLINE_SURFACE_WITH_KNOTS ( 'NONE', 3, 1, ( 
 ( #2782, #4926 ),
 ( #379, #4168 ),
 ( #6478, #2734 ),
 ( #8813, #476 ),
 ( #4971, #8048 ),
 ( #3517, #4220 ),
 ( #2023, #425 ),
 ( #3469, #6576 ),
 ( #8914, #5070 ),
 ( #1517, #9197 ),
 ( #7433, #2933 ),
 ( #9101, #5271 ),
 ( #2173, #3084 ),
 ( #2332, #7539 ),
 ( #6680, #18 ),
 ( #8346, #4523 ),
 ( #3613, #4420 ),
 ( #9861, #6891 ),
 ( #6061, #9051 ) ),
 .UNSPECIFIED., .F., .F., .F.,
 ( 4, 1, 1, 1, 1, 1, 1, 1, 1, 1, 1, 1, 1, 1, 1, 1, 4 ),
 ( 2, 2 ),
 ( 0.000000000000000000, 0.05389011679489538048, 0.1050881549891395927, 0.1556783718858233134, 0.2070619855349410121, 0.2582961604886557239, 0.3118121042148545574, 0.3679749472930728960, 0.4280853407817259981, 0.4905934977161042765, 0.5546888326450120088, 0.6211654728463675834, 0.6899871334689658964, 0.7620076493388510119, 0.8375962396701800428, 0.9170724110501728976, 1.000000000000000000 ),
 ( 0.000000000000000000, 1.000000000000000000 ),
 .UNSPECIFIED. ) ;
#3671 = DIRECTION ( 'NONE',  ( 0.7071067811865465735, -0.7071067811865485719, 0.000000000000000000 ) ) ;
#3672 = CARTESIAN_POINT ( 'NONE',  ( 17.49999999999962697, 2.781770899723154056, 206.8632951292069038 ) ) ;
#3673 = EDGE_CURVE ( 'NONE', #7244, #4318, #6318, .T. ) ;
#3674 = ORIENTED_EDGE ( 'NONE', *, *, #2221, .F. ) ;
#3675 = FILL_AREA_STYLE ('',( #4531 ) ) ;
#3676 = PLANE ( 'NONE',  #2327 ) ;
#3677 = FILL_AREA_STYLE ('',( #679 ) ) ;
#3678 = EDGE_CURVE ( 'NONE', #5225, #6667, #9700, .T. ) ;
#3679 =( NAMED_UNIT ( * ) PLANE_ANGLE_UNIT ( ) SI_UNIT ( $, .RADIAN. ) );
#3680 = CARTESIAN_POINT ( 'NONE',  ( 17.99999999999961986, 4.297934608131381395, 208.7483702596337025 ) ) ;
#3681 = CARTESIAN_POINT ( 'NONE',  ( -15.87499999999982059, -2.886252495240094085, 108.9613064254337047 ) ) ;
#3682 = PRESENTATION_LAYER_ASSIGNMENT (  '', '', ( #6733 ) ) ;
#3683 = DIRECTION ( 'NONE',  ( -0.000000000000000000, -0.000000000000000000, -1.000000000000000000 ) ) ;
#3684 = ORIENTED_EDGE ( 'NONE', *, *, #3344, .F. ) ;
#3685 = DIRECTION ( 'NONE',  ( 1.387778780781445676E-14, -1.000000000000000000, 0.000000000000000000 ) ) ;
#3686 = CARTESIAN_POINT ( 'NONE',  ( 17.99999999999963407, 3.978309745460478108, 206.8949822921628083 ) ) ;
#3687 = CARTESIAN_POINT ( 'NONE',  ( 13.99999999999962874, 2.499999999999999556, 216.2500000000000853 ) ) ;
#3688 = ORIENTED_EDGE ( 'NONE', *, *, #2371, .T. ) ;
#3689 = STYLED_ITEM ( 'NONE', ( #6924 ), #1605 ) ;
#3690 = DIRECTION ( 'NONE',  ( 0.9576138124097628435, -0.2880551792314094972, 0.000000000000000000 ) ) ;
#3691 = VERTEX_POINT ( 'NONE', #2545 ) ;
#3692 =( LENGTH_UNIT ( ) NAMED_UNIT ( * ) SI_UNIT ( .MILLI., .METRE. ) );
#3693 = PLANE ( 'NONE',  #2950 ) ;
#3694 = CARTESIAN_POINT ( 'NONE',  ( -14.12499999999993783, -3.000000000000001332, 108.9498743710662012 ) ) ;
#3695 = CARTESIAN_POINT ( 'NONE',  ( 8.250957454590196162E-15, -0.8747316122292613239, 198.7500000000000000 ) ) ;
#3696 = DIRECTION ( 'NONE',  ( -0.7071067811865464625, 0.7071067811865486830, 0.000000000000000000 ) ) ;
#3697 = VECTOR ( 'NONE', #7833, 1000.000000000000000 ) ;
#3698 = CYLINDRICAL_SURFACE ( 'NONE', #6430, 9.999999999999994671 ) ;
#3699 = EDGE_CURVE ( 'NONE', #3540, #9467, #2749, .T. ) ;
#3700 = CARTESIAN_POINT ( 'NONE',  ( 17.49999999999963407, 2.393933887091360013, 208.4424875167556479 ) ) ;
#3701 = CARTESIAN_POINT ( 'NONE',  ( 17.99999999999963407, 1.568287079932196848, 206.7235936216348478 ) ) ;
#3702 = ADVANCED_FACE ( 'NONE', ( #326 ), #4728, .T. ) ;
#3703 = UNCERTAINTY_MEASURE_WITH_UNIT (LENGTH_MEASURE( 1.000000000000000082E-05 ), #3539, 'distance_accuracy_value', 'NONE');
#3704 = ADVANCED_FACE ( 'NONE', ( #7812 ), #9505, .T. ) ;
#3705 = SURFACE_SIDE_STYLE ('',( #4408 ) ) ;
#3706 = VECTOR ( 'NONE', #9056, 1000.000000000000000 ) ;
#3707 = DIRECTION ( 'NONE',  ( -1.000000000000000000, -5.728085021779797867E-16, 8.583663793918551117E-34 ) ) ;
#3708 = MECHANICAL_DESIGN_GEOMETRIC_PRESENTATION_REPRESENTATION (  '', ( #5785 ), #1924 ) ;
#3709 = CARTESIAN_POINT ( 'NONE',  ( 17.49999999999962341, 4.429492187499993072, 208.5366210937500284 ) ) ;
#3710 = CIRCLE ( 'NONE', #678, 2.000000000000000000 ) ;
#3711 = EDGE_LOOP ( 'NONE', ( #7293, #3668, #6831, #6552 ) ) ;
#3712 = CARTESIAN_POINT ( 'NONE',  ( 17.99999999999963052, 2.418667133121031654, 208.3989042901693836 ) ) ;
#3713 = ORIENTED_EDGE ( 'NONE', *, *, #4930, .T. ) ;
#3714 = CARTESIAN_POINT ( 'NONE',  ( 17.49999999999962697, 4.458472286928101269, 208.4605779920850637 ) ) ;
#3715 = DIRECTION ( 'NONE',  ( -3.105602935857676970E-16, -1.000000000000000000, 0.000000000000000000 ) ) ;
#3716 = FILL_AREA_STYLE ('',( #3033 ) ) ;
#3717 = VECTOR ( 'NONE', #9215, 1000.000000000000000 ) ;
#3718 = CARTESIAN_POINT ( 'NONE',  ( 17.49999999999962341, 2.572055671609228877, 208.8161579034378690 ) ) ;
#3719 = DIRECTION ( 'NONE',  ( 0.000000000000000000, -1.000000000000000000, 0.000000000000000000 ) ) ;
#3720 = ORIENTED_EDGE ( 'NONE', *, *, #7092, .T. ) ;
#3721 = EDGE_CURVE ( 'NONE', #3737, #7013, #6380, .T. ) ;
#3722 =( LENGTH_UNIT ( ) NAMED_UNIT ( * ) SI_UNIT ( .MILLI., .METRE. ) );
#3723 = CARTESIAN_POINT ( 'NONE',  ( 17.99999999999963052, 3.519666008439210181, 208.8820605536478752 ) ) ;
#3724 = STYLED_ITEM ( 'NONE', ( #9860 ), #3091 ) ;
#3725 = DIRECTION ( 'NONE',  ( 1.000000000000000000, 0.000000000000000000, 0.000000000000000000 ) ) ;
#3726 = SURFACE_STYLE_USAGE ( .BOTH. , #7547 ) ;
#3727 = CARTESIAN_POINT ( 'NONE',  ( 17.99999999999963407, 2.199023437499994404, 208.0937500000000853 ) ) ;
#3728 = VERTEX_POINT ( 'NONE', #2446 ) ;
#3729 = FILL_AREA_STYLE ('',( #2084 ) ) ;
#3730 = CARTESIAN_POINT ( 'NONE',  ( -2.296437027241167605, -7.634300561729922663, 195.2500000000000000 ) ) ;
#3731 = DIRECTION ( 'NONE',  ( 8.583663793918551117E-34, -0.000000000000000000, 1.000000000000000000 ) ) ;
#3732 = CARTESIAN_POINT ( 'NONE',  ( 17.99999999999962341, 4.229224064239723191, 208.8109156424732760 ) ) ;
#3733 = SURFACE_STYLE_USAGE ( .BOTH. , #3832 ) ;
#3734 = CIRCLE ( 'NONE', #3269, 10.00000000000000000 ) ;
#3735 = PRESENTATION_STYLE_ASSIGNMENT (( #3780 ) ) ;
#3736 = EDGE_CURVE ( 'NONE', #8858, #8710, #8706, .T. ) ;
#3737 = VERTEX_POINT ( 'NONE', #5487 ) ;
#3738 = CARTESIAN_POINT ( 'NONE',  ( -11.87499999999999822, -3.000000000000000888, 197.0000000000000000 ) ) ;
#3739 = CARTESIAN_POINT ( 'NONE',  ( 17.99999999999963052, 4.458472286928101269, 208.4605779920850637 ) ) ;
#3740 =( LENGTH_UNIT ( ) NAMED_UNIT ( * ) SI_UNIT ( .MILLI., .METRE. ) );
#3741 = VERTEX_POINT ( 'NONE', #4877 ) ;
#3742 = CARTESIAN_POINT ( 'NONE',  ( 17.49999999999962697, 1.864629683765122614, 206.4524769910225359 ) ) ;
#3743 = ORIENTED_EDGE ( 'NONE', *, *, #1620, .T. ) ;
#3744 = DIRECTION ( 'NONE',  ( -0.000000000000000000, -0.000000000000000000, -1.000000000000000000 ) ) ;
#3745 = APPLICATION_CONTEXT ( 'automotive_design' ) ;
#3746 = LINE ( 'NONE', #1452, #8757 ) ;
#3747 = DIRECTION ( 'NONE',  ( -0.2873478855663213483, 0.9578262852211586464, 0.000000000000000000 ) ) ;
#3748 = CARTESIAN_POINT ( 'NONE',  ( 17.49999999999962697, 4.106249999999993960, 207.6875000000000568 ) ) ;
#3749 = UNCERTAINTY_MEASURE_WITH_UNIT (LENGTH_MEASURE( 1.000000000000000082E-05 ), #9719, 'distance_accuracy_value', 'NONE');
#3750 = SURFACE_STYLE_FILL_AREA ( #4656 ) ;
#3751 = LINE ( 'NONE', #2969, #6982 ) ;
#3752 = VECTOR ( 'NONE', #824, 1000.000000000000000 ) ;
#3753 = CARTESIAN_POINT ( 'NONE',  ( -0.01720183486216997348, 0.05733944954057539067, 195.2500000000000000 ) ) ;
#3754 = B_SPLINE_SURFACE_WITH_KNOTS ( 'NONE', 3, 1, ( 
 ( #9789, #5847 ),
 ( #451, #5103 ),
 ( #1292, #2150 ),
 ( #8172, #5197 ),
 ( #1405, #9739 ),
 ( #2863, #9587 ),
 ( #3544, #2815 ),
 ( #8220, #7468 ),
 ( #5895, #3498 ),
 ( #2714, #5748 ),
 ( #6554, #2913 ) ),
 .UNSPECIFIED., .F., .F., .F.,
 ( 4, 1, 1, 1, 1, 1, 1, 1, 4 ),
 ( 2, 2 ),
 ( 0.000000000000000000, 0.07078493116726439216, 0.1560369318247087633, 0.2571187695565232412, 0.3746652335176297033, 0.5066268614703199891, 0.6552874308566649653, 0.8200059092138830552, 0.9999999999999998890 ),
 ( 0.000000000000000000, 1.000000000000000000 ),
 .UNSPECIFIED. ) ;
#3755 = EDGE_CURVE ( 'NONE', #1966, #4530, #8000, .T. ) ;
#3756 = COLOUR_RGB ( '',0.03921568627450980338, 0.3019607843137254721, 0.9725490196078431238 ) ;
#3757 = ORIENTED_EDGE ( 'NONE', *, *, #7277, .F. ) ;
#3758 = CARTESIAN_POINT ( 'NONE',  ( 13.99999999999962874, 2.499999999999999556, 215.7500000000000853 ) ) ;
#3759 = EDGE_LOOP ( 'NONE', ( #6921, #7406, #8107, #7791 ) ) ;
#3760 = CARTESIAN_POINT ( 'NONE',  ( 17.99999999999963052, 1.401429110559547775, 207.4006766881980184 ) ) ;
#3761 = MECHANICAL_DESIGN_GEOMETRIC_PRESENTATION_REPRESENTATION (  '', ( #4404 ), #9387 ) ;
#3762 = COLOUR_RGB ( '',0.03921568627450980338, 0.3019607843137254721, 0.9725490196078431238 ) ;
#3763 = SURFACE_SIDE_STYLE ('',( #9150 ) ) ;
#3764 = CARTESIAN_POINT ( 'NONE',  ( 17.99999999999963762, 2.554956602480243699, 206.5474951543561133 ) ) ;
#3765 = PLANE ( 'NONE',  #7798 ) ;
#3766 = ORIENTED_EDGE ( 'NONE', *, *, #2115, .F. ) ;
#3767 = CARTESIAN_POINT ( 'NONE',  ( 0.000000000000000000, -7.825000000000000178, 204.0000000000000568 ) ) ;
#3768 = DIRECTION ( 'NONE',  ( -0.7071067811865460184, -0.7071067811865490160, 0.000000000000000000 ) ) ;
#3769 = CARTESIAN_POINT ( 'NONE',  ( 17.99999999999962697, 4.069140624999993072, 207.0527343750000568 ) ) ;
#3770 = SURFACE_STYLE_USAGE ( .BOTH. , #7703 ) ;
#3771 = ORIENTED_EDGE ( 'NONE', *, *, #4744, .F. ) ;
#3772 = EDGE_CURVE ( 'NONE', #6524, #8459, #5726, .T. ) ;
#3773 = LINE ( 'NONE', #7054, #774 ) ;
#3774 = EDGE_CURVE ( 'NONE', #305, #6850, #8812, .T. ) ;
#3775 = CARTESIAN_POINT ( 'NONE',  ( 17.49999999999964118, 3.921712789709932867, 208.9316893269025002 ) ) ;
#3776 = FACE_OUTER_BOUND ( 'NONE', #4671, .T. ) ;
#3777 =( NAMED_UNIT ( * ) SI_UNIT ( $, .STERADIAN. ) SOLID_ANGLE_UNIT ( ) );
#3778 = STYLED_ITEM ( 'NONE', ( #5654 ), #7939 ) ;
#3779 = ORIENTED_EDGE ( 'NONE', *, *, #4609, .F. ) ;
#3780 = SURFACE_STYLE_USAGE ( .BOTH. , #5185 ) ;
#3781 = ORIENTED_EDGE ( 'NONE', *, *, #2371, .F. ) ;
#3782 = PLANE ( 'NONE',  #50 ) ;
#3783 = LINE ( 'NONE', #6085, #8789 ) ;
#3784 = SURFACE_SIDE_STYLE ('',( #2855 ) ) ;
#3785 = PRESENTATION_STYLE_ASSIGNMENT (( #3583 ) ) ;
#3786 = PRESENTATION_LAYER_ASSIGNMENT (  '', '', ( #5712 ) ) ;
#3787 = EDGE_LOOP ( 'NONE', ( #3757, #9173, #4172, #6188, #1014, #4415, #9518, #6780 ) ) ;
#3788 = STYLED_ITEM ( 'NONE', ( #5355 ), #8080 ) ;
#3789 = UNCERTAINTY_MEASURE_WITH_UNIT (LENGTH_MEASURE( 1.000000000000000082E-05 ), #7794, 'distance_accuracy_value', 'NONE');
#3790 = CARTESIAN_POINT ( 'NONE',  ( 17.99999999999963052, 4.066573623958151806, 208.8989810010243957 ) ) ;
#3791 = ORIENTED_EDGE ( 'NONE', *, *, #6270, .F. ) ;
#3792 = CARTESIAN_POINT ( 'NONE',  ( 17.99999999999963407, 1.939513177393229260, 208.4564514873139842 ) ) ;
#3793 = CARTESIAN_POINT ( 'NONE',  ( -15.00000000000000178, 2.999999999999998224, 108.0000000000000000 ) ) ;
#3794 = CARTESIAN_POINT ( 'NONE',  ( -12.62499999999999822, 3.000000000000000888, 197.0000000000000000 ) ) ;
#3795 = COLOUR_RGB ( '',1.000000000000000000, 1.000000000000000000, 1.000000000000000000 ) ;
#3796 = CARTESIAN_POINT ( 'NONE',  ( 17.99999999999963052, 0.1687499999999942102, 206.5000000000000568 ) ) ;
#3797 =( GEOMETRIC_REPRESENTATION_CONTEXT ( 3 ) GLOBAL_UNCERTAINTY_ASSIGNED_CONTEXT ( ( #553 ) ) GLOBAL_UNIT_ASSIGNED_CONTEXT ( ( #1120, #1919, #7284 ) ) REPRESENTATION_CONTEXT ( 'NONE', 'WORKASPACE' ) );
#3798 = CARTESIAN_POINT ( 'NONE',  ( 17.49999999999962697, 4.069140624999993072, 208.3222656250000568 ) ) ;
#3799 = CARTESIAN_POINT ( 'NONE',  ( 17.49999999999962341, 1.844155327750650164, 207.0840744450274542 ) ) ;
#3800 = CARTESIAN_POINT ( 'NONE',  ( 17.99999999999963052, 1.517418420261862577, 206.8287902189450449 ) ) ;
#3801 = UNCERTAINTY_MEASURE_WITH_UNIT (LENGTH_MEASURE( 1.000000000000000082E-05 ), #2194, 'distance_accuracy_value', 'NONE');
#3802 = PRESENTATION_LAYER_ASSIGNMENT (  '', '', ( #3022 ) ) ;
#3803 = VECTOR ( 'NONE', #9515, 1000.000000000000000 ) ;
#3804 = CARTESIAN_POINT ( 'NONE',  ( -11.87499999999999822, 3.000000000000000888, 197.0000000000000000 ) ) ;
#3805 = CARTESIAN_POINT ( 'NONE',  ( 17.49999999999964118, 1.825744916917470650, 208.1149993596013985 ) ) ;
#3806 = CARTESIAN_POINT ( 'NONE',  ( 17.99999999999963052, -1.958203125000006040, 206.5000000000000568 ) ) ;
#3807 = ADVANCED_FACE ( 'NONE', ( #5121 ), #8046, .F. ) ;
#3808 = COLOUR_RGB ( '',1.000000000000000000, 1.000000000000000000, 1.000000000000000000 ) ;
#3809 = VECTOR ( 'NONE', #4627, 1000.000000000000000 ) ;
#3810 = ORIENTED_EDGE ( 'NONE', *, *, #6930, .F. ) ;
#3811 = ADVANCED_FACE ( 'NONE', ( #2781 ), #8337, .T. ) ;
#3812 = CARTESIAN_POINT ( 'NONE',  ( 17.49999999999962697, 2.158496093749993516, 208.5625000000000284 ) ) ;
#3813 = ORIENTED_EDGE ( 'NONE', *, *, #4313, .F. ) ;
#3814 = DIRECTION ( 'NONE',  ( -1.000000000000000000, -5.728085021779797867E-16, 8.583663793918551117E-34 ) ) ;
#3815 = FILL_AREA_STYLE_COLOUR ( '', #1046 ) ;
#3816 = PLANE ( 'NONE',  #5648 ) ;
#3817 = CARTESIAN_POINT ( 'NONE',  ( 17.49999999999961986, 2.225565605599585606, 208.9361278842037848 ) ) ;
#3818 = CARTESIAN_POINT ( 'NONE',  ( 17.99999999999963052, 1.871520346365342258, 207.0083186266964219 ) ) ;
#3819 = VERTEX_POINT ( 'NONE', #7201 ) ;
#3820 = CARTESIAN_POINT ( 'NONE',  ( 17.99999999999962697, 3.512461392487313816, 207.7257518623430883 ) ) ;
#3821 = CARTESIAN_POINT ( 'NONE',  ( 17.99999999999963052, 2.436328124999993960, 208.3496093750000568 ) ) ;
#3822 = PRESENTATION_LAYER_ASSIGNMENT (  '', '', ( #8165 ) ) ;
#3823 = EDGE_CURVE ( 'NONE', #2724, #1376, #7869, .T. ) ;
#3824 = CARTESIAN_POINT ( 'NONE',  ( 17.49999999999963052, 3.512435951266748457, 207.5759923472298283 ) ) ;
#3825 = DIRECTION ( 'NONE',  ( 1.000000000000000000, 0.000000000000000000, 0.000000000000000000 ) ) ;
#3826 = FILL_AREA_STYLE ('',( #1476 ) ) ;
#3827 = ORIENTED_EDGE ( 'NONE', *, *, #5905, .T. ) ;
#3828 = ADVANCED_FACE ( 'NONE', ( #4887 ), #7065, .T. ) ;
#3829 = CARTESIAN_POINT ( 'NONE',  ( 17.49999999999962697, 2.662890624999993960, 206.6591796875000568 ) ) ;
#3830 = CARTESIAN_POINT ( 'NONE',  ( 11.99999999999911182, -2.500000000000091926, 108.9874921777192753 ) ) ;
#3831 = CARTESIAN_POINT ( 'NONE',  ( 17.99999999999962341, 4.152285547016823841, 208.8613165979102746 ) ) ;
#3832 = SURFACE_SIDE_STYLE ('',( #3631 ) ) ;
#3833 = EDGE_LOOP ( 'NONE', ( #7095, #4979, #5896, #8370 ) ) ;
#3834 = CARTESIAN_POINT ( 'NONE',  ( -15.87499999999997868, 0.9999999999999983347, 109.0000000000000000 ) ) ;
#3835 = COLOUR_RGB ( '',1.000000000000000000, 0.7490196078431372584, 0.000000000000000000 ) ;
#3836 = ORIENTED_EDGE ( 'NONE', *, *, #4009, .T. ) ;
#3837 = CARTESIAN_POINT ( 'NONE',  ( 17.49999999999964118, 2.124804687499993960, 206.4062500000000568 ) ) ;
#3838 = DIRECTION ( 'NONE',  ( -0.000000000000000000, -0.000000000000000000, -1.000000000000000000 ) ) ;
#3839 = SURFACE_STYLE_FILL_AREA ( #789 ) ;
#3840 = VERTEX_POINT ( 'NONE', #3307 ) ;
#3841 = CARTESIAN_POINT ( 'NONE',  ( -13.62499999999999112, -0.8747316122293897767, 197.7500000000000000 ) ) ;
#3842 = CARTESIAN_POINT ( 'NONE',  ( 17.99999999999963052, 4.422404624724461719, 208.5528490461045408 ) ) ;
#3843 = ORIENTED_EDGE ( 'NONE', *, *, #8502, .F. ) ;
#3844 = CARTESIAN_POINT ( 'NONE',  ( 17.99999999999964118, 1.847468335955554375, 208.2631861786888976 ) ) ;
#3845 = FACE_OUTER_BOUND ( 'NONE', #8644, .T. ) ;
#3846 = CARTESIAN_POINT ( 'NONE',  ( 15.93649167310371517, -1.999999999999998224, 109.0000000000000000 ) ) ;
#3847 = FACE_OUTER_BOUND ( 'NONE', #5798, .T. ) ;
#3848 = CARTESIAN_POINT ( 'NONE',  ( 17.99999999999962697, 4.072268875225691254, 208.3081411177055884 ) ) ;
#3849 = STYLED_ITEM ( 'NONE', ( #8200 ), #1379 ) ;
#3850 = CYLINDRICAL_SURFACE ( 'NONE', #4173, 1.000000000000000888 ) ;
#3851 =( NAMED_UNIT ( * ) SI_UNIT ( $, .STERADIAN. ) SOLID_ANGLE_UNIT ( ) );
#3852 = SURFACE_STYLE_USAGE ( .BOTH. , #4460 ) ;
#3853 = EDGE_CURVE ( 'NONE', #6114, #4302, #8529, .T. ) ;
#3854 = FILL_AREA_STYLE ('',( #5415 ) ) ;
#3855 = CARTESIAN_POINT ( 'NONE',  ( 17.99999999999963052, 1.965827975257609772, 208.4843701316019065 ) ) ;
#3856 = EDGE_LOOP ( 'NONE', ( #9900, #1105, #5302, #4224 ) ) ;
#3857 = EDGE_CURVE ( 'NONE', #4037, #3542, #938, .T. ) ;
#3858 = VECTOR ( 'NONE', #7913, 1000.000000000000000 ) ;
#3859 = ORIENTED_EDGE ( 'NONE', *, *, #2880, .T. ) ;
#3860 = CARTESIAN_POINT ( 'NONE',  ( 17.99999999999963407, 2.393933887091360457, 208.4424875167556479 ) ) ;
#3861 = STYLED_ITEM ( 'NONE', ( #2128 ), #2117 ) ;
#3862 = DIRECTION ( 'NONE',  ( -1.000000000000000000, -1.445602896647339163E-16, 0.000000000000000000 ) ) ;
#3863 = DIRECTION ( 'NONE',  ( -0.000000000000000000, -0.000000000000000000, 1.000000000000000000 ) ) ;
#3864 = SURFACE_STYLE_FILL_AREA ( #6370 ) ;
#3865 = FACE_OUTER_BOUND ( 'NONE', #3759, .T. ) ;
#3866 = CARTESIAN_POINT ( 'NONE',  ( -16.23200958431291951, -11.97447024917751790, 99.73750542346954262 ) ) ;
#3867 = AXIS2_PLACEMENT_3D ( 'NONE', #494, #7403, #2040 ) ;
#3868 = SURFACE_STYLE_FILL_AREA ( #4718 ) ;
#3869 = CARTESIAN_POINT ( 'NONE',  ( 17.49999999999963052, 3.519666008439209737, 208.8820605536478752 ) ) ;
#3870 = CARTESIAN_POINT ( 'NONE',  ( 17.99999999999963052, 3.512435951266748901, 207.5759923472298283 ) ) ;
#3871 = CARTESIAN_POINT ( 'NONE',  ( 12.00000000000000000, 2.500000000000001332, 108.9874921777190906 ) ) ;
#3872 = VERTEX_POINT ( 'NONE', #7962 ) ;
#3873 = DIRECTION ( 'NONE',  ( 1.000000000000000000, 5.276725402210824000E-16, 0.000000000000000000 ) ) ;
#3874 = SURFACE_STYLE_FILL_AREA ( #7858 ) ;
#3875 =( NAMED_UNIT ( * ) SI_UNIT ( $, .STERADIAN. ) SOLID_ANGLE_UNIT ( ) );
#3876 =( NAMED_UNIT ( * ) SI_UNIT ( $, .STERADIAN. ) SOLID_ANGLE_UNIT ( ) );
#3877 = CARTESIAN_POINT ( 'NONE',  ( 17.99999999999962697, 4.383716884397239610, 206.7448764449110001 ) ) ;
#3878 = CARTESIAN_POINT ( 'NONE',  ( 17.49999999999961986, 3.768362126140329060, 206.8456199094556496 ) ) ;
#3879 = ADVANCED_FACE ( 'NONE', ( #4791 ), #9865, .T. ) ;
#3880 = ORIENTED_EDGE ( 'NONE', *, *, #5360, .T. ) ;
#3881 = EDGE_CURVE ( 'NONE', #3559, #4953, #7904, .T. ) ;
#3882 = CYLINDRICAL_SURFACE ( 'NONE', #22, 1.500000000000001332 ) ;
#3883 = AXIS2_PLACEMENT_3D ( 'NONE', #7847, #965, #8653 ) ;
#3884 = EDGE_CURVE ( 'NONE', #5096, #5394, #4232, .T. ) ;
#3885 = FILL_AREA_STYLE_COLOUR ( '', #1804 ) ;
#3886 = ORIENTED_EDGE ( 'NONE', *, *, #8940, .F. ) ;
#3887 = UNCERTAINTY_MEASURE_WITH_UNIT (LENGTH_MEASURE( 1.000000000000000082E-05 ), #5211, 'distance_accuracy_value', 'NONE');
#3888 = DIRECTION ( 'NONE',  ( -1.319181350552706246E-16, -1.000000000000000000, 0.000000000000000000 ) ) ;
#3889 = CARTESIAN_POINT ( 'NONE',  ( 17.99999999999963052, 2.168604012536614167, 207.7495603903505526 ) ) ;
#3890 = EDGE_LOOP ( 'NONE', ( #1418, #6508, #2231, #6294 ) ) ;
#3891 =( GEOMETRIC_REPRESENTATION_CONTEXT ( 3 ) GLOBAL_UNCERTAINTY_ASSIGNED_CONTEXT ( ( #3493 ) ) GLOBAL_UNIT_ASSIGNED_CONTEXT ( ( #2797, #8251, #8824 ) ) REPRESENTATION_CONTEXT ( 'NONE', 'WORKASPACE' ) );
#3892 = CARTESIAN_POINT ( 'NONE',  ( 17.49999999999963407, 1.833197528975698098, 208.8568773276839181 ) ) ;
#3893 = ADVANCED_FACE ( 'NONE', ( #6543 ), #3676, .T. ) ;
#3894 = DIRECTION ( 'NONE',  ( 1.000000000000000000, 0.000000000000000000, 0.000000000000000000 ) ) ;
#3895 = CARTESIAN_POINT ( 'NONE',  ( 17.49999999999962697, 1.928561300962463143, 207.9849964127557485 ) ) ;
#3896 = DIRECTION ( 'NONE',  ( -1.000000000000000000, -5.728085021779797867E-16, 8.583663793918551117E-34 ) ) ;
#3897 = FILL_AREA_STYLE_COLOUR ( '', #8031 ) ;
#3898 = CYLINDRICAL_SURFACE ( 'NONE', #5152, 1.999999999999998224 ) ;
#3899 =( GEOMETRIC_REPRESENTATION_CONTEXT ( 3 ) GLOBAL_UNCERTAINTY_ASSIGNED_CONTEXT ( ( #3402 ) ) GLOBAL_UNIT_ASSIGNED_CONTEXT ( ( #6228, #8663, #8563 ) ) REPRESENTATION_CONTEXT ( 'NONE', 'WORKASPACE' ) );
#3900 = CARTESIAN_POINT ( 'NONE',  ( 17.99999999999962697, 5.824999999999993960, 0.000000000000000000 ) ) ;
#3901 = DIRECTION ( 'NONE',  ( -3.469446951953611033E-15, -0.000000000000000000, 1.000000000000000000 ) ) ;
#3902 = UNCERTAINTY_MEASURE_WITH_UNIT (LENGTH_MEASURE( 1.000000000000000082E-05 ), #223, 'distance_accuracy_value', 'NONE');
#3903 = PRESENTATION_STYLE_ASSIGNMENT (( #3852 ) ) ;
#3904 = DIRECTION ( 'NONE',  ( 1.000000000000000000, 0.000000000000000000, -0.000000000000000000 ) ) ;
#3905 = CARTESIAN_POINT ( 'NONE',  ( 17.49999999999964473, 1.825251798338514586, 208.0792762465309806 ) ) ;
#3906 = ADVANCED_FACE ( 'NONE', ( #728 ), #2187, .T. ) ;
#3907 = ORIENTED_EDGE ( 'NONE', *, *, #1013, .F. ) ;
#3908 = PRESENTATION_LAYER_ASSIGNMENT (  '', '', ( #6142 ) ) ;
#3909 = FILL_AREA_STYLE_COLOUR ( '', #9328 ) ;
#3910 = CARTESIAN_POINT ( 'NONE',  ( 17.99999999999963407, 2.365566229095190209, 208.4797445024243245 ) ) ;
#3911 = VECTOR ( 'NONE', #8692, 1000.000000000000000 ) ;
#3912 =( GEOMETRIC_REPRESENTATION_CONTEXT ( 3 ) GLOBAL_UNCERTAINTY_ASSIGNED_CONTEXT ( ( #8122 ) ) GLOBAL_UNIT_ASSIGNED_CONTEXT ( ( #5338, #8760, #8661 ) ) REPRESENTATION_CONTEXT ( 'NONE', 'WORKASPACE' ) );
#3913 = VERTEX_POINT ( 'NONE', #8305 ) ;
#3914 = CARTESIAN_POINT ( 'NONE',  ( 17.99999999999963052, 1.469036404308810884, 206.9713473501954297 ) ) ;
#3915 = CARTESIAN_POINT ( 'NONE',  ( -17.37500000000000000, -6.174999999999999822, 191.0000000000000000 ) ) ;
#3916 = FACE_OUTER_BOUND ( 'NONE', #2951, .T. ) ;
#3917 = FILL_AREA_STYLE_COLOUR ( '', #8455 ) ;
#3918 = CARTESIAN_POINT ( 'NONE',  ( -16.75118507497035125, -11.67197341161087998, 101.5677817724111094 ) ) ;
#3919 =( NAMED_UNIT ( * ) PLANE_ANGLE_UNIT ( ) SI_UNIT ( $, .RADIAN. ) );
#3920 = CARTESIAN_POINT ( 'NONE',  ( 17.99999999999962697, 3.543705593781907304, 208.2754858640636826 ) ) ;
#3921 = DIRECTION ( 'NONE',  ( -0.000000000000000000, -0.000000000000000000, -1.000000000000000000 ) ) ;
#3922 = DIRECTION ( 'NONE',  ( -0.7071067811865490160, 0.7071067811865460184, 0.000000000000000000 ) ) ;
#3923 = FACE_OUTER_BOUND ( 'NONE', #3031, .T. ) ;
#3924 = CARTESIAN_POINT ( 'NONE',  ( 17.49999999999962697, 2.682367043275383001, 207.8891598545455111 ) ) ;
#3925 = AXIS2_PLACEMENT_3D ( 'NONE', #5682, #8815, #8098 ) ;
#3926 = VERTEX_POINT ( 'NONE', #7708 ) ;
#3928 = CARTESIAN_POINT ( 'NONE',  ( 17.49999999999962697, 3.555468749999993516, 208.3222656250000568 ) ) ;
#3927 = VECTOR ( 'NONE', #3071, 1000.000000000000000 ) ;
#3929 = LINE ( 'NONE', #1908, #1890 ) ;
#3930 = DIRECTION ( 'NONE',  ( 0.000000000000000000, -1.000000000000000000, 0.000000000000000000 ) ) ;
#3931 = CARTESIAN_POINT ( 'NONE',  ( 17.99999999999962697, 4.264455957073589154, 206.5939525953374698 ) ) ;
#3932 = SURFACE_SIDE_STYLE ('',( #874 ) ) ;
#3933 = ORIENTED_EDGE ( 'NONE', *, *, #3432, .F. ) ;
#3934 = LINE ( 'NONE', #7008, #3078 ) ;
#3935 = VECTOR ( 'NONE', #8081, 1000.000000000000000 ) ;
#3936 = SURFACE_SIDE_STYLE ('',( #6387 ) ) ;
#3937 = DIRECTION ( 'NONE',  ( 0.000000000000000000, -1.000000000000000000, 0.000000000000000000 ) ) ;
#3938 = CARTESIAN_POINT ( 'NONE',  ( 17.49999999999962697, 4.438867392842169579, 206.8629792253322250 ) ) ;
#3939 = VERTEX_POINT ( 'NONE', #4484 ) ;
#3940 =( LENGTH_UNIT ( ) NAMED_UNIT ( * ) SI_UNIT ( .MILLI., .METRE. ) );
#3941 = CARTESIAN_POINT ( 'NONE',  ( 17.99999999999963052, 3.076053481964338587, 207.5534907310785115 ) ) ;
#3942 = VERTEX_POINT ( 'NONE', #3829 ) ;
#3943 = MECHANICAL_DESIGN_GEOMETRIC_PRESENTATION_REPRESENTATION (  '', ( #4741 ), #5552 ) ;
#3944 = VECTOR ( 'NONE', #8334, 999.9999999999998863 ) ;
#3945 = CARTESIAN_POINT ( 'NONE',  ( -16.99999999999999645, -1.999999999999998224, 99.00000000000000000 ) ) ;
#3946 = FILL_AREA_STYLE ('',( #888 ) ) ;
#3947 = CYLINDRICAL_SURFACE ( 'NONE', #5932, 1.999999999999998224 ) ;
#3948 = CARTESIAN_POINT ( 'NONE',  ( 17.99999999999963407, 2.199023437499994404, 208.0937500000000853 ) ) ;
#3949 = LINE ( 'NONE', #8681, #9726 ) ;
#3950 = SURFACE_STYLE_FILL_AREA ( #4849 ) ;
#3951 = DIRECTION ( 'NONE',  ( 0.000000000000000000, 0.4767057622527412497, -0.8790629193834949007 ) ) ;
#3952 = COLOUR_RGB ( '',1.000000000000000000, 0.7490196078431372584, 0.000000000000000000 ) ;
#3953 = MECHANICAL_DESIGN_GEOMETRIC_PRESENTATION_REPRESENTATION (  '', ( #2678 ), #1714 ) ;
#3954 = SURFACE_STYLE_FILL_AREA ( #3996 ) ;
#3955 = DIRECTION ( 'NONE',  ( 1.000000000000000000, 0.000000000000000000, 0.000000000000000000 ) ) ;
#3956 = ORIENTED_EDGE ( 'NONE', *, *, #8523, .F. ) ;
#3957 = STYLED_ITEM ( 'NONE', ( #6002 ), #7232 ) ;
#3958 = DIRECTION ( 'NONE',  ( -0.000000000000000000, -0.3511234415883914273, -0.9363291775690445462 ) ) ;
#3959 = CARTESIAN_POINT ( 'NONE',  ( 17.99999999999963052, 4.542622140925191232, 207.5523593923908834 ) ) ;
#3960 = SURFACE_SIDE_STYLE ('',( #9682 ) ) ;
#3961 = VECTOR ( 'NONE', #9819, 1000.000000000000000 ) ;
#3962 = ORIENTED_EDGE ( 'NONE', *, *, #1070, .F. ) ;
#3963 = CARTESIAN_POINT ( 'NONE',  ( 13.73634575199764107, -4.486913921911813929, 108.6858644965954284 ) ) ;
#3964 = CARTESIAN_POINT ( 'NONE',  ( 0.000000000000000000, 7.575000000000000178, 216.2500000000000853 ) ) ;
#3965 = FILL_AREA_STYLE ('',( #4711 ) ) ;
#3966 = FILL_AREA_STYLE_COLOUR ( '', #7489 ) ;
#3967 = EDGE_CURVE ( 'NONE', #5464, #4873, #9208, .T. ) ;
#3968 = CARTESIAN_POINT ( 'NONE',  ( 17.00000000000000355, -1.999999999999998224, 109.0000000000000000 ) ) ;
#3969 = COLOUR_RGB ( '',1.000000000000000000, 1.000000000000000000, 1.000000000000000000 ) ;
#3970 =( LENGTH_UNIT ( ) NAMED_UNIT ( * ) SI_UNIT ( .MILLI., .METRE. ) );
#3971 = DIRECTION ( 'NONE',  ( 1.000000000000000000, 5.276725402210824000E-16, 0.000000000000000000 ) ) ;
#3972 = ORIENTED_EDGE ( 'NONE', *, *, #4920, .T. ) ;
#3973 = COLOUR_RGB ( '',1.000000000000000000, 1.000000000000000000, 1.000000000000000000 ) ;
#3974 = SURFACE_STYLE_FILL_AREA ( #124 ) ;
#3975 = CARTESIAN_POINT ( 'NONE',  ( 17.49999999999963407, 1.387499999999993516, 207.8222656250000568 ) ) ;
#3976 = CARTESIAN_POINT ( 'NONE',  ( 17.99999999999963052, 1.833301214083028263, 207.9280245579597306 ) ) ;
#3977 = CARTESIAN_POINT ( 'NONE',  ( 17.99999999999962697, 3.761254231481074406, 206.4381594896987622 ) ) ;
#3978 = PRESENTATION_STYLE_ASSIGNMENT (( #927 ) ) ;
#3979 = CARTESIAN_POINT ( 'NONE',  ( 17.49999999999962697, 3.650198452637130497, 206.8953103237465143 ) ) ;
#3980 = ORIENTED_EDGE ( 'NONE', *, *, #310, .T. ) ;
#3981 = CARTESIAN_POINT ( 'NONE',  ( 0.000000000000000000, -1.000000000000000000, 212.0000000000000853 ) ) ;
#3982 = VECTOR ( 'NONE', #3353, 1000.000000000000000 ) ;
#3983 = EDGE_CURVE ( 'NONE', #1368, #2832, #30, .T. ) ;
#3984 = CARTESIAN_POINT ( 'NONE',  ( 16.12499999999963407, 0.000000000000000000, 216.2500000000000853 ) ) ;
#3985 = CARTESIAN_POINT ( 'NONE',  ( 17.99999999999963762, 2.469820289247956158, 208.8765070768798751 ) ) ;
#3986 = ADVANCED_FACE ( 'NONE', ( #7552 ), #7112, .T. ) ;
#3987 = ORIENTED_EDGE ( 'NONE', *, *, #3772, .T. ) ;
#3988 = UNCERTAINTY_MEASURE_WITH_UNIT (LENGTH_MEASURE( 1.000000000000000082E-05 ), #4222, 'distance_accuracy_value', 'NONE');
#3989 = CARTESIAN_POINT ( 'NONE',  ( -16.62500000000006395, 2.175268387770571188, 198.7500000000000000 ) ) ;
#3990 =( NAMED_UNIT ( * ) SI_UNIT ( $, .STERADIAN. ) SOLID_ANGLE_UNIT ( ) );
#3991 = SURFACE_STYLE_USAGE ( .BOTH. , #7827 ) ;
#3992 = VERTEX_POINT ( 'NONE', #3989 ) ;
#3993 = CARTESIAN_POINT ( 'NONE',  ( 16.00000000000001066, -2.500000000000000000, 107.9999999999999858 ) ) ;
#3994 = CARTESIAN_POINT ( 'NONE',  ( 17.49999999999963052, -0.6081054687500063727, 209.0000000000000568 ) ) ;
#3995 = SURFACE_SIDE_STYLE ('',( #947 ) ) ;
#3996 = FILL_AREA_STYLE ('',( #6354 ) ) ;
#3997 = CARTESIAN_POINT ( 'NONE',  ( 17.49999999999962697, 5.824999999999993960, 210.5000000000000853 ) ) ;
#3998 = UNCERTAINTY_MEASURE_WITH_UNIT (LENGTH_MEASURE( 1.000000000000000082E-05 ), #233, 'distance_accuracy_value', 'NONE');
#3999 = CIRCLE ( 'NONE', #1118, 1.500000000000001332 ) ;
#4000 = CARTESIAN_POINT ( 'NONE',  ( 9.999999999999628741, 7.825000000000000178, 204.0000000000000568 ) ) ;
#4001 = CARTESIAN_POINT ( 'NONE',  ( 17.49999999999962697, 3.074999999999993516, 207.6875000000000568 ) ) ;
#4002 = CARTESIAN_POINT ( 'NONE',  ( 17.49999999999964473, 1.903159428732844383, 206.9512105754500055 ) ) ;
#4003 = ORIENTED_EDGE ( 'NONE', *, *, #7044, .F. ) ;
#4004 = PLANE ( 'NONE',  #6475 ) ;
#4005 = VECTOR ( 'NONE', #8658, 1000.000000000000000 ) ;
#4006 = ADVANCED_FACE ( 'NONE', ( #5206 ), #9317, .T. ) ;
#4007 = AXIS2_PLACEMENT_3D ( 'NONE', #9725, #7399, #3440 ) ;
#4008 = EDGE_CURVE ( 'NONE', #9416, #8446, #4597, .T. ) ;
#4009 = EDGE_CURVE ( 'NONE', #1134, #7532, #792, .T. ) ;
#4010 = SURFACE_SIDE_STYLE ('',( #1710 ) ) ;
#4011 = LINE ( 'NONE', #9389, #5188 ) ;
#4012 = ORIENTED_EDGE ( 'NONE', *, *, #9558, .F. ) ;
#4013 = PLANE ( 'NONE',  #5073 ) ;
#4014 = CARTESIAN_POINT ( 'NONE',  ( 17.99999999999963052, 3.861287548624504851, 208.5293346947081545 ) ) ;
#4015 = PRESENTATION_LAYER_ASSIGNMENT (  '', '', ( #3233 ) ) ;
#4016 = CARTESIAN_POINT ( 'NONE',  ( -15.62500000000006217, 4.624194836688377386, 198.7500000000000000 ) ) ;
#4017 = FILL_AREA_STYLE ('',( #3917 ) ) ;
#4018 = CARTESIAN_POINT ( 'NONE',  ( -16.11682888183159079, -11.99487271855003279, 99.36944599247885890 ) ) ;
#4019 = VECTOR ( 'NONE', #2838, 1000.000000000000000 ) ;
#4020 = VERTEX_POINT ( 'NONE', #8626 ) ;
#4021 = VECTOR ( 'NONE', #5153, 1000.000000000000000 ) ;
#4022 = CARTESIAN_POINT ( 'NONE',  ( -16.62500000000006395, 0.000000000000000000, 198.7500000000000000 ) ) ;
#4023 = FACE_BOUND ( 'NONE', #8733, .T. ) ;
#4024 = CARTESIAN_POINT ( 'NONE',  ( 17.49999999999962341, 4.357650307906682841, 206.7021209153429027 ) ) ;
#4025 = ORIENTED_EDGE ( 'NONE', *, *, #7034, .T. ) ;
#4026 = DIRECTION ( 'NONE',  ( 1.105886215935155989E-14, -1.000000000000000000, 0.000000000000000000 ) ) ;
#4027 =( GEOMETRIC_REPRESENTATION_CONTEXT ( 3 ) GLOBAL_UNCERTAINTY_ASSIGNED_CONTEXT ( ( #1099 ) ) GLOBAL_UNIT_ASSIGNED_CONTEXT ( ( #4402, #2966, #3501 ) ) REPRESENTATION_CONTEXT ( 'NONE', 'WORKASPACE' ) );
#4028 = CARTESIAN_POINT ( 'NONE',  ( 17.99999999999962697, 3.198535156249993960, 206.8383789062500284 ) ) ;
#4029 =( GEOMETRIC_REPRESENTATION_CONTEXT ( 3 ) GLOBAL_UNCERTAINTY_ASSIGNED_CONTEXT ( ( #8638 ) ) GLOBAL_UNIT_ASSIGNED_CONTEXT ( ( #7405, #6649, #8981 ) ) REPRESENTATION_CONTEXT ( 'NONE', 'WORKASPACE' ) );
#4030 = EDGE_CURVE ( 'NONE', #5214, #1129, #1683, .T. ) ;
#4031 =( LENGTH_UNIT ( ) NAMED_UNIT ( * ) SI_UNIT ( .MILLI., .METRE. ) );
#4032 = EDGE_LOOP ( 'NONE', ( #8022, #8124 ) ) ;
#4033 = CARTESIAN_POINT ( 'NONE',  ( 17.49999999999963052, 1.824999999999993516, 207.2548828125000284 ) ) ;
#4034 = CARTESIAN_POINT ( 'NONE',  ( 17.49999999999962697, 2.662890624999993960, 206.6591796875000568 ) ) ;
#4035 = STYLED_ITEM ( 'NONE', ( #9708 ), #2939 ) ;
#4036 = CARTESIAN_POINT ( 'NONE',  ( 17.49999999999962697, 3.198535156249993516, 208.5366210937500284 ) ) ;
#4037 = VERTEX_POINT ( 'NONE', #6918 ) ;
#4038 = DIRECTION ( 'NONE',  ( -1.000000000000000000, 1.319181350552706246E-16, 0.000000000000000000 ) ) ;
#4039 = FILL_AREA_STYLE_COLOUR ( '', #9693 ) ;
#4040 =( LENGTH_UNIT ( ) NAMED_UNIT ( * ) SI_UNIT ( .MILLI., .METRE. ) );
#4041 = ORIENTED_EDGE ( 'NONE', *, *, #3133, .T. ) ;
#4042 = FILL_AREA_STYLE ('',( #7872 ) ) ;
#4043 =( NAMED_UNIT ( * ) SI_UNIT ( $, .STERADIAN. ) SOLID_ANGLE_UNIT ( ) );
#4044 = CARTESIAN_POINT ( 'NONE',  ( 17.49999999999963052, 0.1687499999999939326, 208.5937500000000568 ) ) ;
#4045 = SURFACE_STYLE_USAGE ( .BOTH. , #6350 ) ;
#4046 = COLOUR_RGB ( '',1.000000000000000000, 0.7490196078431372584, 0.000000000000000000 ) ;
#4047 = EDGE_CURVE ( 'NONE', #8068, #4057, #8526, .T. ) ;
#4048 = CARTESIAN_POINT ( 'NONE',  ( -14.62500000000000000, -1.522219850169646711E-13, 197.7500000000000000 ) ) ;
#4049 =( NAMED_UNIT ( * ) SI_UNIT ( $, .STERADIAN. ) SOLID_ANGLE_UNIT ( ) );
#4050 = CARTESIAN_POINT ( 'NONE',  ( 17.99999999999963052, 2.314540500507268117, 206.8916932222756770 ) ) ;
#4051 = CARTESIAN_POINT ( 'NONE',  ( 15.39644660940635212, -7.575000000000001066, 216.2500000000000853 ) ) ;
#4052 = CARTESIAN_POINT ( 'NONE',  ( 17.99999999999963052, 4.542622140925191232, 207.5523593923908834 ) ) ;
#4053 = VECTOR ( 'NONE', #4122, 1000.000000000000000 ) ;
#4054 =( NAMED_UNIT ( * ) SI_UNIT ( $, .STERADIAN. ) SOLID_ANGLE_UNIT ( ) );
#4055 = CARTESIAN_POINT ( 'NONE',  ( 17.99999999999963407, 3.978309745460478108, 206.8949822921628083 ) ) ;
#4056 = CARTESIAN_POINT ( 'NONE',  ( 17.99999999999963052, 2.095105600562027881, 206.8136367773276731 ) ) ;
#4057 = VERTEX_POINT ( 'NONE', #7064 ) ;
#4058 = CARTESIAN_POINT ( 'NONE',  ( 16.22937457694385799, -11.98023605672586989, 2.602740124690904100 ) ) ;
#4059 = VECTOR ( 'NONE', #9788, 1000.000000000000000 ) ;
#4060 = PLANE ( 'NONE',  #9649 ) ;
#4061 = ADVANCED_FACE ( 'NONE', ( #1742 ), #7016, .F. ) ;
#4062 = DIRECTION ( 'NONE',  ( -0.000000000000000000, -0.000000000000000000, -1.000000000000000000 ) ) ;
#4063 = CARTESIAN_POINT ( 'NONE',  ( 10.24999999999962874, 0.000000000000000000, 216.2500000000000853 ) ) ;
#4064 = FILL_AREA_STYLE_COLOUR ( '', #2165 ) ;
#4065 = VECTOR ( 'NONE', #6191, 1000.000000000000000 ) ;
#4066 = VERTEX_POINT ( 'NONE', #4136 ) ;
#4067 = CARTESIAN_POINT ( 'NONE',  ( 17.49999999999962341, 1.836767691229790334, 208.2166788591261479 ) ) ;
#4068 = LINE ( 'NONE', #7366, #2588 ) ;
#4069 = SURFACE_SIDE_STYLE ('',( #6329 ) ) ;
#4070 = FILL_AREA_STYLE ('',( #8659 ) ) ;
#4071 = CARTESIAN_POINT ( 'NONE',  ( 17.49999999999962341, 4.110701701078390613, 206.4928133370338799 ) ) ;
#4072 = EDGE_LOOP ( 'NONE', ( #8782, #3624, #7210, #757, #2586, #5991, #9501, #28 ) ) ;
#4073 = VECTOR ( 'NONE', #3645, 1000.000000000000000 ) ;
#4074 = MECHANICAL_DESIGN_GEOMETRIC_PRESENTATION_REPRESENTATION (  '', ( #2494 ), #250 ) ;
#4075 = CARTESIAN_POINT ( 'NONE',  ( 17.99999999999963052, 1.825527723973102701, 208.0347982170202954 ) ) ;
#4076 = CARTESIAN_POINT ( 'NONE',  ( 17.99999999999962697, 3.519666008439223504, 206.4929394463522954 ) ) ;
#4077 = VERTEX_POINT ( 'NONE', #4935 ) ;
#4078 = SURFACE_STYLE_USAGE ( .BOTH. , #6288 ) ;
#4079 = CARTESIAN_POINT ( 'NONE',  ( 12.60355339059290714, -7.575000000000000178, 216.2500000000000853 ) ) ;
#4080 = SURFACE_STYLE_FILL_AREA ( #6538 ) ;
#4081 = VECTOR ( 'NONE', #1429, 1000.000000000000000 ) ;
#4082 = VECTOR ( 'NONE', #8910, 1000.000000000000000 ) ;
#4083 = DIRECTION ( 'NONE',  ( 0.000000000000000000, -1.000000000000000000, 0.000000000000000000 ) ) ;
#4084 = ORIENTED_EDGE ( 'NONE', *, *, #2780, .F. ) ;
#4085 =( LENGTH_UNIT ( ) NAMED_UNIT ( * ) SI_UNIT ( .MILLI., .METRE. ) );
#4086 = SURFACE_SIDE_STYLE ('',( #6240 ) ) ;
#4087 = CARTESIAN_POINT ( 'NONE',  ( 17.99999999999963052, 3.122042099234191070, 207.0934272515208932 ) ) ;
#4088 = VERTEX_POINT ( 'NONE', #291 ) ;
#4089 = PRESENTATION_STYLE_ASSIGNMENT (( #8773 ) ) ;
#4090 = CARTESIAN_POINT ( 'NONE',  ( 17.99999999999962341, 3.869214462040089231, 206.4381596070531941 ) ) ;
#4091 = COLOUR_RGB ( '',1.000000000000000000, 1.000000000000000000, 1.000000000000000000 ) ;
#4092 = CARTESIAN_POINT ( 'NONE',  ( 17.49999999999963052, 2.190229307193083841, 207.7487027328780584 ) ) ;
#4093 = MECHANICAL_DESIGN_GEOMETRIC_PRESENTATION_REPRESENTATION (  '', ( #1207 ), #3314 ) ;
#4094 = EDGE_CURVE ( 'NONE', #6916, #5801, #1086, .T. ) ;
#4095 = FACE_OUTER_BOUND ( 'NONE', #4396, .T. ) ;
#4096 = CARTESIAN_POINT ( 'NONE',  ( 17.99999999999962697, 2.339889703793232467, 206.9200819942334988 ) ) ;
#4097 = SURFACE_SIDE_STYLE ('',( #1044 ) ) ;
#4098 = AXIS2_PLACEMENT_3D ( 'NONE', #9304, #6176, #2622 ) ;
#4099 = UNCERTAINTY_MEASURE_WITH_UNIT (LENGTH_MEASURE( 1.000000000000000082E-05 ), #883, 'distance_accuracy_value', 'NONE');
#4100 = CARTESIAN_POINT ( 'NONE',  ( 17.99999999999961986, 4.097546746041694554, 208.0859971572113807 ) ) ;
#4101 = CARTESIAN_POINT ( 'NONE',  ( 16.22936128958083302, 11.98023930988521357, 2.602763413052526786 ) ) ;
#4102 = ORIENTED_EDGE ( 'NONE', *, *, #9048, .T. ) ;
#4103 = CARTESIAN_POINT ( 'NONE',  ( 17.49999999999965894, 2.440055818346178906, 207.4609212412907766 ) ) ;
#4104 = LINE ( 'NONE', #9487, #7154 ) ;
#4105 = MECHANICAL_DESIGN_GEOMETRIC_PRESENTATION_REPRESENTATION (  '', ( #8449 ), #9733 ) ;
#4106 =( GEOMETRIC_REPRESENTATION_CONTEXT ( 3 ) GLOBAL_UNCERTAINTY_ASSIGNED_CONTEXT ( ( #7641 ) ) GLOBAL_UNIT_ASSIGNED_CONTEXT ( ( #8074, #5149, #7413 ) ) REPRESENTATION_CONTEXT ( 'NONE', 'WORKASPACE' ) );
#4107 = PRESENTATION_STYLE_ASSIGNMENT (( #1055 ) ) ;
#4108 = CARTESIAN_POINT ( 'NONE',  ( 17.99999999999963407, 2.809378189998887887, 206.9403087228329241 ) ) ;
#4109 = CARTESIAN_POINT ( 'NONE',  ( 13.11187636878466201, -4.296752261247191562, 108.7328100155903314 ) ) ;
#4110 = VECTOR ( 'NONE', #7304, 1000.000000000000000 ) ;
#4111 = MECHANICAL_DESIGN_GEOMETRIC_PRESENTATION_REPRESENTATION (  '', ( #6189 ), #3797 ) ;
#4112 = SURFACE_SIDE_STYLE ('',( #5570 ) ) ;
#4113 = DIRECTION ( 'NONE',  ( 1.000000000000000000, 0.000000000000000000, 0.000000000000000000 ) ) ;
#4114 = EDGE_CURVE ( 'NONE', #1477, #9549, #2697, .T. ) ;
#4115 = VECTOR ( 'NONE', #4657, 1000.000000000000114 ) ;
#4116 = ORIENTED_EDGE ( 'NONE', *, *, #8007, .T. ) ;
#4117 = LINE ( 'NONE', #4964, #2554 ) ;
#4118 = DIRECTION ( 'NONE',  ( 0.000000000000000000, 0.000000000000000000, 1.000000000000000000 ) ) ;
#4119 = ORIENTED_EDGE ( 'NONE', *, *, #6321, .F. ) ;
#4120 = CARTESIAN_POINT ( 'NONE',  ( 17.49999999999963052, 4.152285547016833611, 206.5136834020897538 ) ) ;
#4121 = ORIENTED_EDGE ( 'NONE', *, *, #967, .T. ) ;
#4122 = DIRECTION ( 'NONE',  ( 1.040834085586083310E-14, -1.000000000000000000, 0.000000000000000000 ) ) ;
#4123 = VECTOR ( 'NONE', #9906, 1000.000000000000000 ) ;
#4124 = FILL_AREA_STYLE ('',( #9449 ) ) ;
#4125 = CARTESIAN_POINT ( 'NONE',  ( 17.49999999999962697, 4.079236434714363035, 208.2766815675666692 ) ) ;
#4126 = CARTESIAN_POINT ( 'NONE',  ( 17.99999999999962697, 2.223951750354162371, 208.0930378524659545 ) ) ;
#4127 = ORIENTED_EDGE ( 'NONE', *, *, #1808, .T. ) ;
#4128 = ADVANCED_FACE ( 'NONE', ( #2557 ), #6810, .T. ) ;
#4129 = B_SPLINE_CURVE_WITH_KNOTS ( 'NONE', 3,
 ( #1321, #9813, #7486, #3764, #9053, #5869, #8398, #9713, #3035, #2934, #3563 ),
 .UNSPECIFIED., .F., .F.,
 ( 4, 1, 1, 1, 1, 1, 1, 1, 4 ),
 ( 0.000000000000000000, 0.1284655035832434067, 0.2529300052861420678, 0.3744718826948696400, 0.4953382562194545979, 0.6162435540240192022, 0.7394134285824648378, 0.8667802874430492466, 1.000000000000000000 ),
 .UNSPECIFIED. ) ;
#4130 = CARTESIAN_POINT ( 'NONE',  ( -15.62500000000006217, 4.624194836688377386, 195.2500000000000000 ) ) ;
#4131 = CARTESIAN_POINT ( 'NONE',  ( 17.49999999999962697, 2.427724542662933249, 206.4677593061833534 ) ) ;
#4132 = EDGE_CURVE ( 'NONE', #8418, #823, #6745, .T. ) ;
#4133 = VECTOR ( 'NONE', #7011, 1000.000000000000000 ) ;
#4134 = ADVANCED_FACE ( 'NONE', ( #5831 ), #4483, .T. ) ;
#4135 = VERTEX_POINT ( 'NONE', #9873 ) ;
#4136 = CARTESIAN_POINT ( 'NONE',  ( 17.49999999999962697, 3.555468749999993516, 208.3222656250000568 ) ) ;
#4137 = CARTESIAN_POINT ( 'NONE',  ( 17.99999999999963052, 3.796992763627563772, 208.9372771374064826 ) ) ;
#4138 =( LENGTH_UNIT ( ) NAMED_UNIT ( * ) SI_UNIT ( .MILLI., .METRE. ) );
#4139 = EDGE_LOOP ( 'NONE', ( #2727, #9043 ) ) ;
#4140 = CARTESIAN_POINT ( 'NONE',  ( -16.62500000000006395, -0.5744632244588669945, 195.2500000000000000 ) ) ;
#4141 = FILL_AREA_STYLE_COLOUR ( '', #1124 ) ;
#4142 = CARTESIAN_POINT ( 'NONE',  ( 0.000000000000000000, 0.6250000000000001110, 216.2500000000000853 ) ) ;
#4143 = MECHANICAL_DESIGN_GEOMETRIC_PRESENTATION_REPRESENTATION (  '', ( #9437 ), #786 ) ;
#4144 = DIRECTION ( 'NONE',  ( 1.000000000000000000, 0.000000000000000000, -0.000000000000000000 ) ) ;
#4145 = LINE ( 'NONE', #1798, #8047 ) ;
#4146 = FACE_OUTER_BOUND ( 'NONE', #2367, .T. ) ;
#4147 = PRESENTATION_LAYER_ASSIGNMENT (  '', '', ( #1593 ) ) ;
#4148 = EDGE_LOOP ( 'NONE', ( #35, #9765, #9871, #2600, #6216, #1068, #2046, #4546, #6238, #9192, #5892, #6023 ) ) ;
#4149 = DIRECTION ( 'NONE',  ( 0.000000000000000000, -0.000000000000000000, -1.000000000000000000 ) ) ;
#4150 = CARTESIAN_POINT ( 'NONE',  ( 17.99999999999963052, 1.824999999999993738, 207.2548828125000284 ) ) ;
#4151 = EDGE_LOOP ( 'NONE', ( #8141, #5290, #2195, #6426 ) ) ;
#4152 = UNCERTAINTY_MEASURE_WITH_UNIT (LENGTH_MEASURE( 1.000000000000000082E-05 ), #3537, 'distance_accuracy_value', 'NONE');
#4153 = CARTESIAN_POINT ( 'NONE',  ( 17.49999999999962341, 3.198535156249993516, 206.8383789062500284 ) ) ;
#4154 =( NAMED_UNIT ( * ) SI_UNIT ( $, .STERADIAN. ) SOLID_ANGLE_UNIT ( ) );
#4155 = DIRECTION ( 'NONE',  ( -1.000000000000000000, -5.728085021779797867E-16, 8.583663793918551117E-34 ) ) ;
#4156 = EDGE_CURVE ( 'NONE', #6729, #2983, #5880, .T. ) ;
#4157 = CARTESIAN_POINT ( 'NONE',  ( 17.99999999999962697, 3.815234374999993960, 208.5312500000000568 ) ) ;
#4158 = CARTESIAN_POINT ( 'NONE',  ( 17.99999999999963052, -1.540234375000006262, 208.1704101562500284 ) ) ;
#4159 = ADVANCED_FACE ( 'NONE', ( #4381 ), #677, .F. ) ;
#4160 = ORIENTED_EDGE ( 'NONE', *, *, #8185, .F. ) ;
#4161 = LINE ( 'NONE', #6374, #3352 ) ;
#4162 = AXIS2_PLACEMENT_3D ( 'NONE', #4307, #971, #1201 ) ;
#4163 = VECTOR ( 'NONE', #8708, 1000.000000000000000 ) ;
#4164 = ORIENTED_EDGE ( 'NONE', *, *, #1965, .T. ) ;
#4165 =( NAMED_UNIT ( * ) SI_UNIT ( $, .STERADIAN. ) SOLID_ANGLE_UNIT ( ) );
#4166 = ORIENTED_EDGE ( 'NONE', *, *, #7578, .T. ) ;
#4167 =( LENGTH_UNIT ( ) NAMED_UNIT ( * ) SI_UNIT ( .MILLI., .METRE. ) );
#4168 = CARTESIAN_POINT ( 'NONE',  ( 17.49999999999963407, 2.138357582477394381, 206.8127494487420392 ) ) ;
#4169 =( NAMED_UNIT ( * ) SI_UNIT ( $, .STERADIAN. ) SOLID_ANGLE_UNIT ( ) );
#4170 =( NAMED_UNIT ( * ) SI_UNIT ( $, .STERADIAN. ) SOLID_ANGLE_UNIT ( ) );
#4171 = STYLED_ITEM ( 'NONE', ( #9577 ), #1706 ) ;
#4172 = ORIENTED_EDGE ( 'NONE', *, *, #8662, .F. ) ;
#4173 = AXIS2_PLACEMENT_3D ( 'NONE', #1696, #2415, #8539 ) ;
#4174 = CARTESIAN_POINT ( 'NONE',  ( 17.49999999999963052, 2.228849281220851353, 206.8312013270086425 ) ) ;
#4175 = DIRECTION ( 'NONE',  ( 0.000000000000000000, 1.000000000000000000, 0.000000000000000000 ) ) ;
#4176 = CARTESIAN_POINT ( 'NONE',  ( 17.49999999999962697, 2.493377326255819426, 206.5037258255016752 ) ) ;
#4177 = DIRECTION ( 'NONE',  ( -0.7071067811865464625, -0.7071067811865486830, 0.000000000000000000 ) ) ;
#4178 = CARTESIAN_POINT ( 'NONE',  ( 17.49999999999963052, 3.618364259611268174, 208.4500118577242631 ) ) ;
#4179 = ORIENTED_EDGE ( 'NONE', *, *, #3173, .F. ) ;
#4180 = CARTESIAN_POINT ( 'NONE',  ( 17.99999999999962697, 2.682367043275383445, 207.8891598545455111 ) ) ;
#4181 = MECHANICAL_DESIGN_GEOMETRIC_PRESENTATION_REPRESENTATION (  '', ( #5318 ), #2287 ) ;
#4182 = CARTESIAN_POINT ( 'NONE',  ( 17.49999999999962697, 3.519666008439223059, 206.4929394463522954 ) ) ;
#4183 = CARTESIAN_POINT ( 'NONE',  ( 17.99999999999963762, 3.122042099234191959, 208.2815727484793058 ) ) ;
#4184 = ORIENTED_EDGE ( 'NONE', *, *, #8734, .F. ) ;
#4185 = CARTESIAN_POINT ( 'NONE',  ( 17.49999999999963052, 2.795293026819213100, 208.4734682538731931 ) ) ;
#4186 = DIRECTION ( 'NONE',  ( -0.2873478855663048614, 0.9578262852211636424, 0.000000000000000000 ) ) ;
#4187 = EDGE_CURVE ( 'NONE', #9106, #5744, #5483, .T. ) ;
#4188 = CARTESIAN_POINT ( 'NONE',  ( -16.62500000000006395, 2.175268387770571188, 195.2500000000000000 ) ) ;
#4189 = EDGE_CURVE ( 'NONE', #4066, #4077, #8243, .T. ) ;
#4190 = CARTESIAN_POINT ( 'NONE',  ( -16.62500000000014566, 3.324194836688366905, 198.7500000000000000 ) ) ;
#4191 = PRESENTATION_LAYER_ASSIGNMENT (  '', '', ( #3398 ) ) ;
#4192 = CARTESIAN_POINT ( 'NONE',  ( 17.99999999999962697, 2.415898103288544707, 207.0711741320152441 ) ) ;
#4193 =( NAMED_UNIT ( * ) SI_UNIT ( $, .STERADIAN. ) SOLID_ANGLE_UNIT ( ) );
#4194 = CARTESIAN_POINT ( 'NONE',  ( 17.00000000000000000, 12.00000000000000178, 109.0000000000000000 ) ) ;
#4195 = VERTEX_POINT ( 'NONE', #29 ) ;
#4196 = UNCERTAINTY_MEASURE_WITH_UNIT (LENGTH_MEASURE( 1.000000000000000082E-05 ), #4085, 'distance_accuracy_value', 'NONE');
#4197 = ADVANCED_FACE ( 'NONE', ( #9925, #1531, #2390, #8560, #8460 ), #5537, .T. ) ;
#4198 = CARTESIAN_POINT ( 'NONE',  ( 17.49999999999962697, 3.563885347073003196, 206.4759986797624833 ) ) ;
#4199 = ORIENTED_EDGE ( 'NONE', *, *, #2962, .F. ) ;
#4200 = CARTESIAN_POINT ( 'NONE',  ( -14.12499999999998046, 0.9999999999999983347, 108.0000000000000000 ) ) ;
#4201 = ORIENTED_EDGE ( 'NONE', *, *, #9052, .T. ) ;
#4202 = FACE_OUTER_BOUND ( 'NONE', #2032, .T. ) ;
#4203 = FACE_OUTER_BOUND ( 'NONE', #4248, .T. ) ;
#4204 = DIRECTION ( 'NONE',  ( -8.583663793918552827E-34, 0.000000000000000000, -1.000000000000000000 ) ) ;
#4205 = STYLED_ITEM ( 'NONE', ( #6474 ), #2978 ) ;
#4206 = EDGE_CURVE ( 'NONE', #2914, #7996, #178, .T. ) ;
#4207 = DIRECTION ( 'NONE',  ( 1.000000000000000000, -2.168404344970974848E-16, 0.000000000000000000 ) ) ;
#4208 = DIRECTION ( 'NONE',  ( -0.000000000000000000, 0.000000000000000000, 1.000000000000000000 ) ) ;
#4209 = CARTESIAN_POINT ( 'NONE',  ( 17.49999999999962697, 3.978309745460468783, 208.4800177078373338 ) ) ;
#4210 = SURFACE_SIDE_STYLE ('',( #1863 ) ) ;
#4211 = VERTEX_POINT ( 'NONE', #2491 ) ;
#4212 = CARTESIAN_POINT ( 'NONE',  ( 17.49999999999963407, 1.993127468697625249, 208.5087333863203298 ) ) ;
#4213 = MECHANICAL_DESIGN_GEOMETRIC_PRESENTATION_REPRESENTATION (  '', ( #9195 ), #1987 ) ;
#4214 = B_SPLINE_CURVE_WITH_KNOTS ( 'NONE', 3,
 ( #4837, #7917, #1029, #288, #2599, #1832, #4885, #7198, #3387, #2031, #6689 ),
 .UNSPECIFIED., .F., .F.,
 ( 4, 1, 1, 1, 1, 1, 1, 1, 4 ),
 ( 0.000000000000000000, 0.1324302781917866267, 0.2553846284820704415, 0.3720301458066735401, 0.4867992895584977719, 0.6030938283014448675, 0.7257819152492418491, 0.8571930600966264358, 1.000000000000000000 ),
 .UNSPECIFIED. ) ;
#4215 = ORIENTED_EDGE ( 'NONE', *, *, #6881, .F. ) ;
#4216 = CARTESIAN_POINT ( 'NONE',  ( 17.49999999999963407, 4.328508710310702945, 206.6630882637648483 ) ) ;
#4217 = VERTEX_POINT ( 'NONE', #3145 ) ;
#4218 = DIRECTION ( 'NONE',  ( -0.000000000000000000, -0.000000000000000000, 1.000000000000000000 ) ) ;
#4219 = DIRECTION ( 'NONE',  ( 1.040834085586025565E-14, -1.000000000000000000, 0.000000000000000000 ) ) ;
#4220 = CARTESIAN_POINT ( 'NONE',  ( 17.49999999999963407, 2.259402437926288254, 206.8470585145151404 ) ) ;
#4221 = SURFACE_STYLE_USAGE ( .BOTH. , #4879 ) ;
#4222 =( LENGTH_UNIT ( ) NAMED_UNIT ( * ) SI_UNIT ( .MILLI., .METRE. ) );
#4223 = STYLED_ITEM ( 'NONE', ( #987 ), #3879 ) ;
#4224 = ORIENTED_EDGE ( 'NONE', *, *, #1623, .T. ) ;
#4225 = LINE ( 'NONE', #2787, #5938 ) ;
#4226 = CARTESIAN_POINT ( 'NONE',  ( 17.49999999999962697, 2.152187693927690937, 206.4069796705042279 ) ) ;
#4227 = CARTESIAN_POINT ( 'NONE',  ( 17.99999999999963052, -2.487500000000005596, 206.5000000000000568 ) ) ;
#4228 = VECTOR ( 'NONE', #608, 1000.000000000000000 ) ;
#4229 = ORIENTED_EDGE ( 'NONE', *, *, #8937, .T. ) ;
#4231 = CARTESIAN_POINT ( 'NONE',  ( 17.99999999999963052, 2.472987368035368227, 208.0438950501237230 ) ) ;
#4230 = PRESENTATION_LAYER_ASSIGNMENT (  '', '', ( #2494 ) ) ;
#4232 = LINE ( 'NONE', #7295, #5358 ) ;
#4233 = PLANE ( 'NONE',  #8640 ) ;
#4234 = CARTESIAN_POINT ( 'NONE',  ( 17.49999999999962697, 3.978309745460468783, 208.4800177078373338 ) ) ;
#4235 =( NAMED_UNIT ( * ) SI_UNIT ( $, .STERADIAN. ) SOLID_ANGLE_UNIT ( ) );
#4236 = DIRECTION ( 'NONE',  ( 5.201552865723459684E-14, 1.000000000000000000, 0.000000000000000000 ) ) ;
#4237 = AXIS2_PLACEMENT_3D ( 'NONE', #6196, #9275, #9372 ) ;
#4238 = CARTESIAN_POINT ( 'NONE',  ( 17.99999999999963052, 2.057257875832068095, 207.7316719609150653 ) ) ;
#4239 = FILL_AREA_STYLE ('',( #3489 ) ) ;
#4240 = PRESENTATION_STYLE_ASSIGNMENT (( #497 ) ) ;
#4241 = CARTESIAN_POINT ( 'NONE',  ( 17.49999999999963052, 0.6062499999999938494, 206.5000000000000568 ) ) ;
#4242 = ORIENTED_EDGE ( 'NONE', *, *, #3472, .T. ) ;
#4243 = DIRECTION ( 'NONE',  ( -0.000000000000000000, -0.000000000000000000, 1.000000000000000000 ) ) ;
#4244 = VERTEX_POINT ( 'NONE', #777 ) ;
#4245 = LINE ( 'NONE', #4200, #6165 ) ;
#4246 = COLOUR_RGB ( '',1.000000000000000000, 0.7490196078431372584, 0.000000000000000000 ) ;
#4247 = CARTESIAN_POINT ( 'NONE',  ( 17.00000000000000355, -1.999999999999998224, 99.00000000000000000 ) ) ;
#4248 = EDGE_LOOP ( 'NONE', ( #9715, #3052, #1681, #1227 ) ) ;
#4249 =( NAMED_UNIT ( * ) SI_UNIT ( $, .STERADIAN. ) SOLID_ANGLE_UNIT ( ) );
#4250 = PLANE ( 'NONE',  #7951 ) ;
#4251 = FILL_AREA_STYLE_COLOUR ( '', #9336 ) ;
#4252 = MECHANICAL_DESIGN_GEOMETRIC_PRESENTATION_REPRESENTATION (  '', ( #9078 ), #2349 ) ;
#4253 = STYLED_ITEM ( 'NONE', ( #9036 ), #5045 ) ;
#4254 = ADVANCED_FACE ( 'NONE', ( #6175 ), #9257, .T. ) ;
#4255 = FACE_OUTER_BOUND ( 'NONE', #1019, .T. ) ;
#4256 = APPLICATION_CONTEXT ( 'automotive_design' ) ;
#4257 = LINE ( 'NONE', #7319, #4228 ) ;
#4258 = CARTESIAN_POINT ( 'NONE',  ( 17.49999999999963407, 2.110382578919043794, 208.0822128734050693 ) ) ;
#4259 = CARTESIAN_POINT ( 'NONE',  ( 12.40912490085740139, 3.719002656141593199, 108.8517506497467195 ) ) ;
#4260 = MECHANICAL_DESIGN_GEOMETRIC_PRESENTATION_REPRESENTATION (  '', ( #4417 ), #6992 ) ;
#4261 = ORIENTED_EDGE ( 'NONE', *, *, #4412, .F. ) ;
#4262 = CARTESIAN_POINT ( 'NONE',  ( 17.99999999999962697, 1.825791144418716039, 207.3088413300615116 ) ) ;
#4263 = VECTOR ( 'NONE', #6306, 1000.000000000000000 ) ;
#4264 = CIRCLE ( 'NONE', #3333, 1.999999999999998224 ) ;
#4265 = ORIENTED_EDGE ( 'NONE', *, *, #615, .T. ) ;
#4266 = ORIENTED_EDGE ( 'NONE', *, *, #8940, .T. ) ;
#4267 = DIRECTION ( 'NONE',  ( 1.000000000000000000, 0.000000000000000000, 0.000000000000000000 ) ) ;
#4268 = ADVANCED_FACE ( 'NONE', ( #4922 ), #3378, .F. ) ;
#4269 = DIRECTION ( 'NONE',  ( 1.000000000000000000, -0.000000000000000000, -0.000000000000000000 ) ) ;
#4270 = CARTESIAN_POINT ( 'NONE',  ( 17.49999999999962697, 3.220045057481521145, 208.5848739800644296 ) ) ;
#4271 = SURFACE_STYLE_FILL_AREA ( #7382 ) ;
#4272 = CARTESIAN_POINT ( 'NONE',  ( -15.62499999999994493, -0.8752683877705511595, 195.2500000000000000 ) ) ;
#4273 = VECTOR ( 'NONE', #8288, 1000.000000000000000 ) ;
#4274 =( NAMED_UNIT ( * ) PLANE_ANGLE_UNIT ( ) SI_UNIT ( $, .RADIAN. ) );
#4275 = VECTOR ( 'NONE', #327, 1000.000000000000000 ) ;
#4276 = ORIENTED_EDGE ( 'NONE', *, *, #5660, .F. ) ;
#4277 = DIRECTION ( 'NONE',  ( -1.000000000000000000, -5.728085021779797867E-16, 8.583663793918551117E-34 ) ) ;
#4278 = PRESENTATION_STYLE_ASSIGNMENT (( #9766 ) ) ;
#4279 = CARTESIAN_POINT ( 'NONE',  ( 17.99999999999963052, 1.833301214083028263, 207.9280245579597306 ) ) ;
#4280 = COLOUR_RGB ( '',1.000000000000000000, 0.7490196078431372584, 0.000000000000000000 ) ;
#4281 = ORIENTED_EDGE ( 'NONE', *, *, #7290, .F. ) ;
#4282 = VECTOR ( 'NONE', #3204, 1000.000000000000000 ) ;
#4283 = CARTESIAN_POINT ( 'NONE',  ( 17.99999999999963052, 2.586289347377448422, 207.9795972576204974 ) ) ;
#4284 = CARTESIAN_POINT ( 'NONE',  ( 17.49999999999965539, 1.962215147401464854, 206.4228493253898762 ) ) ;
#4285 = CARTESIAN_POINT ( 'NONE',  ( 17.99999999999962697, 3.091693451150628658, 208.0690444316172716 ) ) ;
#4286 = SURFACE_STYLE_FILL_AREA ( #6492 ) ;
#4287 = DIRECTION ( 'NONE',  ( 0.000000000000000000, 0.000000000000000000, -1.000000000000000000 ) ) ;
#4288 = CARTESIAN_POINT ( 'NONE',  ( 17.49999999999963052, 2.168604012536613723, 207.7495603903505526 ) ) ;
#4289 = PRESENTATION_LAYER_ASSIGNMENT (  '', '', ( #3027 ) ) ;
#4290 = CARTESIAN_POINT ( 'NONE',  ( 0.000000000000000000, 1.000000000000000000, 212.0000000000000853 ) ) ;
#4291 = VECTOR ( 'NONE', #9396, 1000.000000000000000 ) ;
#4292 = CARTESIAN_POINT ( 'NONE',  ( 17.99999999999963407, 1.878215290366066936, 207.5412820576707986 ) ) ;
#4293 = CARTESIAN_POINT ( 'NONE',  ( 17.99999999999961986, 4.008155130094673169, 206.9252275151000902 ) ) ;
#4294 = FILL_AREA_STYLE ('',( #7254 ) ) ;
#4295 = DIRECTION ( 'NONE',  ( 0.000000000000000000, 0.000000000000000000, -1.000000000000000000 ) ) ;
#4296 = ORIENTED_EDGE ( 'NONE', *, *, #5364, .T. ) ;
#4297 = UNCERTAINTY_MEASURE_WITH_UNIT (LENGTH_MEASURE( 1.000000000000000082E-05 ), #3612, 'distance_accuracy_value', 'NONE');
#4298 = ORIENTED_EDGE ( 'NONE', *, *, #1955, .T. ) ;
#4299 = SURFACE_STYLE_USAGE ( .BOTH. , #1242 ) ;
#4300 = FILL_AREA_STYLE ('',( #547 ) ) ;
#4301 = DIRECTION ( 'NONE',  ( 1.000000000000000000, 0.000000000000000000, 0.000000000000000000 ) ) ;
#4302 = VERTEX_POINT ( 'NONE', #6427 ) ;
#4303 = DIRECTION ( 'NONE',  ( -5.728085021779798853E-16, 1.000000000000000000, 0.000000000000000000 ) ) ;
#4304 = CARTESIAN_POINT ( 'NONE',  ( 17.00000000000000000, 12.00000000000000178, 0.000000000000000000 ) ) ;
#4305 = CARTESIAN_POINT ( 'NONE',  ( 17.49999999999963052, 1.004671676909288557E-14, 0.000000000000000000 ) ) ;
#4306 = VECTOR ( 'NONE', #674, 1000.000000000000000 ) ;
#4307 = CARTESIAN_POINT ( 'NONE',  ( -13.62499999999974420, -8.981530796869747075E-13, 197.7500000000000000 ) ) ;
#4308 = SURFACE_STYLE_FILL_AREA ( #1253 ) ;
#4309 = CARTESIAN_POINT ( 'NONE',  ( 17.99999999999963052, 1.496386718749993738, 206.8862304687500568 ) ) ;
#4310 = CARTESIAN_POINT ( 'NONE',  ( 12.20332884639238991, 3.388460233603955096, 108.9039009328133858 ) ) ;
#4311 = ADVANCED_FACE ( 'NONE', ( #974 ), #3290, .T. ) ;
#4312 = B_SPLINE_SURFACE_WITH_KNOTS ( 'NONE', 3, 1, ( 
 ( #2132, #9297 ),
 ( #3039, #173 ),
 ( #3870, #3824 ),
 ( #6847, #6171 ),
 ( #6994, #6069 ),
 ( #7653, #865 ),
 ( #2386, #5431 ),
 ( #8609, #6944 ),
 ( #721, #3236 ),
 ( #71, #8508 ),
 ( #9354, #3193 ) ),
 .UNSPECIFIED., .F., .F., .F.,
 ( 4, 1, 1, 1, 1, 1, 1, 1, 4 ),
 ( 2, 2 ),
 ( 0.000000000000000000, 0.1798931296314935091, 0.3445192151345621845, 0.4931220323526277483, 0.6258202291055660060, 0.7426003627230716164, 0.8436255022655128055, 0.9290769118410150407, 1.000000000000000000 ),
 ( 0.000000000000000000, 1.000000000000000000 ),
 .UNSPECIFIED. ) ;
#4313 = EDGE_CURVE ( 'NONE', #9703, #2914, #3424, .T. ) ;
#4314 = EDGE_CURVE ( 'NONE', #6997, #3728, #9447, .T. ) ;
#4315 = AXIS2_PLACEMENT_3D ( 'NONE', #1274, #1226, #1931 ) ;
#4316 = ORIENTED_EDGE ( 'NONE', *, *, #8424, .F. ) ;
#4317 = CARTESIAN_POINT ( 'NONE',  ( 17.99999999999963052, 2.089400595330276111, 207.7423713307166793 ) ) ;
#4318 = VERTEX_POINT ( 'NONE', #4875 ) ;
#4319 = CARTESIAN_POINT ( 'NONE',  ( 17.99999999999962697, 4.516635796539206105, 208.1827796043741046 ) ) ;
#4320 = VERTEX_POINT ( 'NONE', #9099 ) ;
#4321 = LINE ( 'NONE', #8237, #5679 ) ;
#4322 = EDGE_CURVE ( 'NONE', #1514, #2808, #469, .T. ) ;
#4324 = STYLED_ITEM ( 'NONE', ( #6074 ), #463 ) ;
#4323 = FILL_AREA_STYLE ('',( #3562 ) ) ;
#4325 = CARTESIAN_POINT ( 'NONE',  ( 0.000000000000000000, 0.000000000000000000, 191.7500000000000000 ) ) ;
#4326 = CARTESIAN_POINT ( 'NONE',  ( 17.49999999999963407, -3.925000000000005596, 205.0000000000000568 ) ) ;
#4327 = SURFACE_STYLE_USAGE ( .BOTH. , #1268 ) ;
#4328 = VERTEX_POINT ( 'NONE', #525 ) ;
#4329 = CARTESIAN_POINT ( 'NONE',  ( 17.49999999999962697, 4.328508710310702057, 208.7119117362352370 ) ) ;
#4330 = STYLED_ITEM ( 'NONE', ( #1598 ), #1616 ) ;
#4331 = SURFACE_STYLE_FILL_AREA ( #9767 ) ;
#4332 = SURFACE_STYLE_USAGE ( .BOTH. , #8923 ) ;
#4333 = ORIENTED_EDGE ( 'NONE', *, *, #8444, .F. ) ;
#4334 = CARTESIAN_POINT ( 'NONE',  ( 17.49999999999965183, 1.496386718749993516, 206.8862304687500568 ) ) ;
#4335 = STYLED_ITEM ( 'NONE', ( #3735 ), #1809 ) ;
#4336 = CARTESIAN_POINT ( 'NONE',  ( 17.49999999999962697, 3.815234374999993516, 208.5312500000000568 ) ) ;
#4337 = DIRECTION ( 'NONE',  ( -0.000000000000000000, 1.000000000000000000, 1.334402673828312107E-16 ) ) ;
#4338 = COLOUR_RGB ( '',0.03921568627450980338, 0.3019607843137254721, 0.9725490196078431238 ) ;
#4339 = PLANE ( 'NONE',  #9640 ) ;
#4340 = SURFACE_STYLE_USAGE ( .BOTH. , #3444 ) ;
#4341 = CARTESIAN_POINT ( 'NONE',  ( 17.99999999999963407, -5.324999999999987743, 204.0000000000000568 ) ) ;
#4342 = VECTOR ( 'NONE', #3349, 1000.000000000000000 ) ;
#4343 =( NAMED_UNIT ( * ) PLANE_ANGLE_UNIT ( ) SI_UNIT ( $, .RADIAN. ) );
#4344 = FILL_AREA_STYLE ('',( #7616 ) ) ;
#4345 = ORIENTED_EDGE ( 'NONE', *, *, #4187, .T. ) ;
#4346 = CARTESIAN_POINT ( 'NONE',  ( -16.62500000000006395, 0.5744632244589198411, 195.2500000000000000 ) ) ;
#4347 = VERTEX_POINT ( 'NONE', #9047 ) ;
#4348 = FILL_AREA_STYLE_COLOUR ( '', #3156 ) ;
#4349 = FILL_AREA_STYLE_COLOUR ( '', #9246 ) ;
#4350 = ORIENTED_EDGE ( 'NONE', *, *, #164, .T. ) ;
#4351 = CARTESIAN_POINT ( 'NONE',  ( 17.49999999999965183, 2.251781973643926626, 207.7352758224158720 ) ) ;
#4352 = DIRECTION ( 'NONE',  ( 6.591949208711864434E-14, -1.000000000000000000, 0.000000000000000000 ) ) ;
#4353 = DIRECTION ( 'NONE',  ( 0.000000000000000000, -0.4467959804275458136, 0.8946358766972115628 ) ) ;
#4354 = UNCERTAINTY_MEASURE_WITH_UNIT (LENGTH_MEASURE( 1.000000000000000082E-05 ), #7717, 'distance_accuracy_value', 'NONE');
#4355 = CARTESIAN_POINT ( 'NONE',  ( 17.74999999999963052, -5.221446609406711126, 216.2500000000000853 ) ) ;
#4356 =( GEOMETRIC_REPRESENTATION_CONTEXT ( 3 ) GLOBAL_UNCERTAINTY_ASSIGNED_CONTEXT ( ( #8728 ) ) GLOBAL_UNIT_ASSIGNED_CONTEXT ( ( #1487, #3157, #8521 ) ) REPRESENTATION_CONTEXT ( 'NONE', 'WORKASPACE' ) );
#4357 = CARTESIAN_POINT ( 'NONE',  ( 17.49999999999963762, 1.586230468749993516, 208.6098632812500568 ) ) ;
#4358 = FACE_OUTER_BOUND ( 'NONE', #4538, .T. ) ;
#4359 =( NAMED_UNIT ( * ) PLANE_ANGLE_UNIT ( ) SI_UNIT ( $, .RADIAN. ) );
#4360 = CARTESIAN_POINT ( 'NONE',  ( 12.10223103578346304, 3.144873459957685746, 108.9350058011037987 ) ) ;
#4361 = EDGE_CURVE ( 'NONE', #5801, #9142, #4321, .T. ) ;
#4362 = PRESENTATION_LAYER_ASSIGNMENT (  '', '', ( #4205 ) ) ;
#4363 = ORIENTED_EDGE ( 'NONE', *, *, #6082, .F. ) ;
#4364 = CARTESIAN_POINT ( 'NONE',  ( 17.49999999999963762, 2.089400595330276111, 207.7423713307166793 ) ) ;
#4365 = EDGE_LOOP ( 'NONE', ( #6692, #9224, #4116, #5863 ) ) ;
#4366 = CARTESIAN_POINT ( 'NONE',  ( -16.00000000000000000, 12.00000000000000178, 99.00000000000000000 ) ) ;
#4367 = ORIENTED_EDGE ( 'NONE', *, *, #5681, .F. ) ;
#4368 = CARTESIAN_POINT ( 'NONE',  ( 17.99999999999963407, 1.586230468749993960, 208.6098632812500853 ) ) ;
#4369 = SURFACE_STYLE_USAGE ( .BOTH. , #1316 ) ;
#4370 = CARTESIAN_POINT ( 'NONE',  ( 17.99999999999961986, 3.331546187456889907, 208.7483697547849317 ) ) ;
#4371 = SURFACE_STYLE_USAGE ( .BOTH. , #9557 ) ;
#4372 = SURFACE_STYLE_USAGE ( .BOTH. , #1428 ) ;
#4373 = FILL_AREA_STYLE_COLOUR ( '', #8113 ) ;
#4374 = VERTEX_POINT ( 'NONE', #1424 ) ;
#4375 = CARTESIAN_POINT ( 'NONE',  ( 17.49999999999963052, 4.542622140925191232, 207.5523593923908834 ) ) ;
#4376 = LINE ( 'NONE', #2077, #8794 ) ;
#4377 =( NAMED_UNIT ( * ) PLANE_ANGLE_UNIT ( ) SI_UNIT ( $, .RADIAN. ) );
#4378 = SURFACE_STYLE_USAGE ( .BOTH. , #9769 ) ;
#4379 = CARTESIAN_POINT ( 'NONE',  ( 17.99999999999963052, 4.101185280399283428, 207.3735124014598910 ) ) ;
#4380 = ORIENTED_EDGE ( 'NONE', *, *, #4819, .F. ) ;
#4381 = FACE_OUTER_BOUND ( 'NONE', #1275, .T. ) ;
#4382 = CARTESIAN_POINT ( 'NONE',  ( 17.99999999999962697, 1.864629683765122836, 206.4524769910225359 ) ) ;
#4383 = STYLED_ITEM ( 'NONE', ( #2993 ), #3893 ) ;
#4384 = CARTESIAN_POINT ( 'NONE',  ( -12.62499999999999822, -6.174999999999999822, 191.7500000000000000 ) ) ;
#4385 = CARTESIAN_POINT ( 'NONE',  ( 17.49999999999963052, 3.799227343514562261, 208.5306160341114037 ) ) ;
#4386 = CARTESIAN_POINT ( 'NONE',  ( -15.87500000000762945, 3.000000000000974776, 108.9498743710667839 ) ) ;
#4387 = CARTESIAN_POINT ( 'NONE',  ( 13.99999999999962874, 2.500000000000000000, 204.0000000000000568 ) ) ;
#4388 = MECHANICAL_DESIGN_GEOMETRIC_PRESENTATION_REPRESENTATION (  '', ( #3595 ), #3912 ) ;
#4389 = CYLINDRICAL_SURFACE ( 'NONE', #360, 0.8749999999999990008 ) ;
#4390 = EDGE_LOOP ( 'NONE', ( #7527, #3810, #3281, #9552 ) ) ;
#4391 = UNCERTAINTY_MEASURE_WITH_UNIT (LENGTH_MEASURE( 1.000000000000000082E-05 ), #2700, 'distance_accuracy_value', 'NONE');
#4392 = ORIENTED_EDGE ( 'NONE', *, *, #7107, .F. ) ;
#4393 = DIRECTION ( 'NONE',  ( 0.000000000000000000, -1.000000000000000000, 1.334402673828312107E-16 ) ) ;
#4394 =( NAMED_UNIT ( * ) PLANE_ANGLE_UNIT ( ) SI_UNIT ( $, .RADIAN. ) );
#4395 = SURFACE_STYLE_FILL_AREA ( #8838 ) ;
#4396 = EDGE_LOOP ( 'NONE', ( #58, #170, #544, #7063 ) ) ;
#4397 = EDGE_CURVE ( 'NONE', #7414, #6325, #5067, .T. ) ;
#4398 = B_SPLINE_CURVE_WITH_KNOTS ( 'NONE', 3,
 ( #5675, #2590, #5626, #6528, #4024, #4216, #3422, #6470, #1772, #9550, #4120, #4071, #8702, #224, #1821, #7950, #7281, #1066, #5535 ),
 .UNSPECIFIED., .F., .F.,
 ( 4, 1, 1, 1, 1, 1, 1, 1, 1, 1, 1, 1, 1, 1, 1, 1, 4 ),
 ( 0.000000000000000000, 0.06771227651365734068, 0.1334578375257013394, 0.1972155453602171260, 0.2591095990785382552, 0.3196227070489921496, 0.3790627566284296979, 0.4378205448746770867, 0.4962342142713612181, 0.5548598881554074325, 0.6138941541894750165, 0.6740216197317999702, 0.7352734186882139422, 0.7984201137889469502, 0.8633229003241180699, 0.9302374667885376924, 1.000000000000000000 ),
 .UNSPECIFIED. ) ;
#4399 = CARTESIAN_POINT ( 'NONE',  ( 17.49999999999965183, 2.420670937689588964, 207.5401943370453921 ) ) ;
#4400 = VECTOR ( 'NONE', #5816, 1000.000000000000000 ) ;
#4401 = PRESENTATION_STYLE_ASSIGNMENT (( #8430 ) ) ;
#4402 =( LENGTH_UNIT ( ) NAMED_UNIT ( * ) SI_UNIT ( .MILLI., .METRE. ) );
#4403 = CARTESIAN_POINT ( 'NONE',  ( 17.49999999999962697, 1.932846374764496167, 206.9109976064753198 ) ) ;
#4404 = STYLED_ITEM ( 'NONE', ( #1281 ), #5508 ) ;
#4405 = UNCERTAINTY_MEASURE_WITH_UNIT (LENGTH_MEASURE( 1.000000000000000082E-05 ), #8977, 'distance_accuracy_value', 'NONE');
#4406 = COLOUR_RGB ( '',1.000000000000000000, 0.7490196078431372584, 0.000000000000000000 ) ;
#4407 = CARTESIAN_POINT ( 'NONE',  ( 17.99999999999963407, 1.763598209898949776, 208.8104667018372425 ) ) ;
#4408 = SURFACE_STYLE_FILL_AREA ( #3506 ) ;
#4409 = SURFACE_STYLE_FILL_AREA ( #2274 ) ;
#4410 = COLOUR_RGB ( '',1.000000000000000000, 0.7490196078431372584, 0.000000000000000000 ) ;
#4411 = VECTOR ( 'NONE', #1760, 1000.000000000000000 ) ;
#4412 = EDGE_CURVE ( 'NONE', #9384, #4530, #5965, .T. ) ;
#4413 = ORIENTED_EDGE ( 'NONE', *, *, #7365, .F. ) ;
#4414 = CARTESIAN_POINT ( 'NONE',  ( 17.49999999999964473, 1.997460364257303889, 207.6975866112307187 ) ) ;
#4415 = ORIENTED_EDGE ( 'NONE', *, *, #9133, .F. ) ;
#4416 = CARTESIAN_POINT ( 'NONE',  ( 17.49999999999962341, 4.528590222734419690, 208.0718033930376691 ) ) ;
#4417 = STYLED_ITEM ( 'NONE', ( #750 ), #6414 ) ;
#4418 = CARTESIAN_POINT ( 'NONE',  ( 17.99999999999963052, 1.604092220868156726, 208.6358156248131479 ) ) ;
#4419 = CARTESIAN_POINT ( 'NONE',  ( 17.49999999999963052, 3.519666008439209737, 208.8820605536478752 ) ) ;
#4420 = CARTESIAN_POINT ( 'NONE',  ( 17.49999999999963052, 2.449063934043234525, 207.2668683175361934 ) ) ;
#4421 = DIRECTION ( 'NONE',  ( -0.000000000000000000, -0.000000000000000000, 1.000000000000000000 ) ) ;
#4422 = CARTESIAN_POINT ( 'NONE',  ( -13.62499999999996270, -3.624194836688179322, 198.7500000000000000 ) ) ;
#4423 = VERTEX_POINT ( 'NONE', #6782 ) ;
#4424 = CARTESIAN_POINT ( 'NONE',  ( 17.99999999999963052, 4.516635796539212322, 207.1922203956259807 ) ) ;
#4425 = PRESENTATION_LAYER_ASSIGNMENT (  '', '', ( #3778 ) ) ;
#4426 = CARTESIAN_POINT ( 'NONE',  ( 17.00000000000001066, -8.999999999999998224, 3.000000000000002665 ) ) ;
#4427 = LINE ( 'NONE', #1380, #829 ) ;
#4428 = LINE ( 'NONE', #2341, #8174 ) ;
#4429 = ORIENTED_EDGE ( 'NONE', *, *, #9668, .T. ) ;
#4430 = CARTESIAN_POINT ( 'NONE',  ( 17.99999999999963052, 2.856249999999994404, 207.2910156250000568 ) ) ;
#4431 =( LENGTH_UNIT ( ) NAMED_UNIT ( * ) SI_UNIT ( .MILLI., .METRE. ) );
#4432 = DIRECTION ( 'NONE',  ( -1.000000000000000000, -5.728085021779797867E-16, 8.583663793918551117E-34 ) ) ;
#4433 =( GEOMETRIC_REPRESENTATION_CONTEXT ( 3 ) GLOBAL_UNCERTAINTY_ASSIGNED_CONTEXT ( ( #9316 ) ) GLOBAL_UNIT_ASSIGNED_CONTEXT ( ( #6931, #7581, #2968 ) ) REPRESENTATION_CONTEXT ( 'NONE', 'WORKASPACE' ) );
#4434 = COLOUR_RGB ( '',0.03921568627450980338, 0.3019607843137254721, 0.9725490196078431238 ) ;
#4435 = CARTESIAN_POINT ( 'NONE',  ( 17.99999999999962697, 2.845226265782165420, 207.1076260055346836 ) ) ;
#4436 = CARTESIAN_POINT ( 'NONE',  ( 17.49999999999963762, 4.110701701078405712, 208.8821866629663191 ) ) ;
#4437 = DIRECTION ( 'NONE',  ( 0.000000000000000000, 0.000000000000000000, 1.000000000000000000 ) ) ;
#4438 = EDGE_CURVE ( 'NONE', #4530, #4195, #1370, .T. ) ;
#4439 = EDGE_CURVE ( 'NONE', #8159, #1307, #8289, .T. ) ;
#4440 = ADVANCED_FACE ( 'NONE', ( #7431 ), #7536, .T. ) ;
#4441 = EDGE_LOOP ( 'NONE', ( #9027, #7506, #9784, #1323 ) ) ;
#4442 = CARTESIAN_POINT ( 'NONE',  ( -14.12500000000000000, 3.115611155953591727, 108.9382550127062785 ) ) ;
#4443 =( NAMED_UNIT ( * ) PLANE_ANGLE_UNIT ( ) SI_UNIT ( $, .RADIAN. ) );
#4444 = MECHANICAL_DESIGN_GEOMETRIC_PRESENTATION_REPRESENTATION (  '', ( #3183 ), #9103 ) ;
#4445 = CIRCLE ( 'NONE', #8295, 2.999999999999999112 ) ;
#4446 = CARTESIAN_POINT ( 'NONE',  ( 17.99999999999962341, 4.537206093894586623, 207.9517700146965922 ) ) ;
#4447 = CARTESIAN_POINT ( 'NONE',  ( 17.99999999999963052, -0.5187500000000057065, 208.5937500000000568 ) ) ;
#4448 = ORIENTED_EDGE ( 'NONE', *, *, #9540, .F. ) ;
#4449 = CARTESIAN_POINT ( 'NONE',  ( 11.87499999999963229, 0.6250000000000001110, 217.0000000000000853 ) ) ;
#4450 = VERTEX_POINT ( 'NONE', #8193 ) ;
#4451 = CARTESIAN_POINT ( 'NONE',  ( -16.82886812212440475, -11.57714298544141229, 1.448705279434124193 ) ) ;
#4452 = CARTESIAN_POINT ( 'NONE',  ( 17.99999999999963052, 2.251781973643927071, 207.7352758224158720 ) ) ;
#4453 = VECTOR ( 'NONE', #3339, 1000.000000000000000 ) ;
#4454 = DIRECTION ( 'NONE',  ( -1.000000000000000000, -5.728085021779797867E-16, 8.583663793918551117E-34 ) ) ;
#4455 =( LENGTH_UNIT ( ) NAMED_UNIT ( * ) SI_UNIT ( .MILLI., .METRE. ) );
#4456 = CARTESIAN_POINT ( 'NONE',  ( 17.99999999999962697, 3.075358306845346501, 207.6419212050889769 ) ) ;
#4457 = UNCERTAINTY_MEASURE_WITH_UNIT (LENGTH_MEASURE( 1.000000000000000082E-05 ), #8570, 'distance_accuracy_value', 'NONE');
#4458 = CARTESIAN_POINT ( 'NONE',  ( 17.49999999999963052, 2.207286754654023131, 208.5605936779614353 ) ) ;
#4459 = CARTESIAN_POINT ( 'NONE',  ( 17.99999999999963052, 1.463533519399521365, 208.3544291580538186 ) ) ;
#4460 = SURFACE_SIDE_STYLE ('',( #1459 ) ) ;
#4461 = CARTESIAN_POINT ( 'NONE',  ( 15.59940390681722100, 3.728940041374071868, 108.8512068117016298 ) ) ;
#4462 = ORIENTED_EDGE ( 'NONE', *, *, #9483, .F. ) ;
#4463 = SURFACE_SIDE_STYLE ('',( #4409 ) ) ;
#4464 = PRESENTATION_LAYER_ASSIGNMENT (  '', '', ( #952 ) ) ;
#4465 = EDGE_LOOP ( 'NONE', ( #7393, #507, #735, #3972 ) ) ;
#4466 = DIRECTION ( 'NONE',  ( -1.000000000000000000, 0.000000000000000000, 0.000000000000000000 ) ) ;
#4467 = EDGE_LOOP ( 'NONE', ( #1030, #2991, #7769, #6901 ) ) ;
#4468 = CARTESIAN_POINT ( 'NONE',  ( 17.49999999999963052, 3.515285107853551860, 207.4711792467500118 ) ) ;
#4469 = SURFACE_STYLE_USAGE ( .BOTH. , #665 ) ;
#4470 = CARTESIAN_POINT ( 'NONE',  ( -0.7740087006133666847, 2.580029002044871511, 195.2500000000000000 ) ) ;
#4471 = CARTESIAN_POINT ( 'NONE',  ( 17.49999999999961986, 2.522774623324849586, 208.8491404223512120 ) ) ;
#4472 = EDGE_CURVE ( 'NONE', #8051, #6141, #2068, .T. ) ;
#4473 =( NAMED_UNIT ( * ) PLANE_ANGLE_UNIT ( ) SI_UNIT ( $, .RADIAN. ) );
#4474 = LINE ( 'NONE', #1322, #2656 ) ;
#4475 = VERTEX_POINT ( 'NONE', #5119 ) ;
#4476 = CARTESIAN_POINT ( 'NONE',  ( 17.99999999999963052, 4.458472286928091499, 206.9144220079150784 ) ) ;
#4477 = FACE_OUTER_BOUND ( 'NONE', #4365, .T. ) ;
#4478 = CARTESIAN_POINT ( 'NONE',  ( 17.99999999999963407, 3.301035548204606318, 208.7117556761819230 ) ) ;
#4479 = STYLED_ITEM ( 'NONE', ( #8897 ), #48 ) ;
#4480 = DIRECTION ( 'NONE',  ( -1.000000000000000000, -5.728085021779797867E-16, 8.583663793918551117E-34 ) ) ;
#4481 = DIRECTION ( 'NONE',  ( 1.000000000000000000, 0.000000000000000000, -0.000000000000000000 ) ) ;
#4482 = VERTEX_POINT ( 'NONE', #8093 ) ;
#4483 = PLANE ( 'NONE',  #718 ) ;
#4484 = CARTESIAN_POINT ( 'NONE',  ( 17.99999999999963407, 2.157519531249994404, 207.7500000000000853 ) ) ;
#4485 = SURFACE_SIDE_STYLE ('',( #1532 ) ) ;
#4486 = CARTESIAN_POINT ( 'NONE',  ( -14.55931379143502369, -2.235511360811907711, 108.9973219963645903 ) ) ;
#4487 = PRESENTATION_LAYER_ASSIGNMENT (  '', '', ( #5759 ) ) ;
#4488 = CARTESIAN_POINT ( 'NONE',  ( -14.99999999999994493, -3.000000000000001776, 191.0000000000000000 ) ) ;
#4489 = ORIENTED_EDGE ( 'NONE', *, *, #7765, .F. ) ;
#4490 = FILL_AREA_STYLE ('',( #3885 ) ) ;
#4491 = DIRECTION ( 'NONE',  ( 0.000000000000000000, -0.4767057622527412497, 0.8790629193834949007 ) ) ;
#4492 = DIRECTION ( 'NONE',  ( 0.000000000000000000, -0.000000000000000000, -1.000000000000000000 ) ) ;
#4493 = ORIENTED_EDGE ( 'NONE', *, *, #7027, .T. ) ;
#4494 = UNCERTAINTY_MEASURE_WITH_UNIT (LENGTH_MEASURE( 1.000000000000000082E-05 ), #7344, 'distance_accuracy_value', 'NONE');
#4495 = AXIS2_PLACEMENT_3D ( 'NONE', #3796, #1550, #6769 ) ;
#4496 = STYLED_ITEM ( 'NONE', ( #3978 ), #466 ) ;
#4497 = CARTESIAN_POINT ( 'NONE',  ( 17.49999999999962341, 2.014259930436617996, 206.4126180197907843 ) ) ;
#4498 = EDGE_LOOP ( 'NONE', ( #1632, #6273 ) ) ;
#4499 = EDGE_CURVE ( 'NONE', #7763, #2377, #1314, .T. ) ;
#4500 = CARTESIAN_POINT ( 'NONE',  ( 10.24999999999962874, -5.221446609406717343, 216.2500000000000853 ) ) ;
#4501 = CARTESIAN_POINT ( 'NONE',  ( -15.53986623274283119, -3.697952327221787350, 108.8551330731017543 ) ) ;
#4502 = EDGE_CURVE ( 'NONE', #8571, #2348, #9003, .T. ) ;
#4503 = LINE ( 'NONE', #3695, #4073 ) ;
#4504 = PRESENTATION_STYLE_ASSIGNMENT (( #5948 ) ) ;
#4505 = PRESENTATION_LAYER_ASSIGNMENT (  '', '', ( #4335 ) ) ;
#4506 = MECHANICAL_DESIGN_GEOMETRIC_PRESENTATION_REPRESENTATION (  '', ( #9164 ), #3075 ) ;
#4507 = ADVANCED_FACE ( 'NONE', ( #2280 ), #759, .F. ) ;
#4508 = LINE ( 'NONE', #2108, #819 ) ;
#4509 = CARTESIAN_POINT ( 'NONE',  ( 17.99999999999962697, 1.864629683765122836, 206.4524769910225359 ) ) ;
#4510 = CARTESIAN_POINT ( 'NONE',  ( 17.99999999999963052, -2.487500000000005596, 206.5000000000000568 ) ) ;
#4511 = CARTESIAN_POINT ( 'NONE',  ( -16.62500000000006395, -0.5744632244588669945, 195.2500000000000000 ) ) ;
#4512 = VECTOR ( 'NONE', #7155, 1000.000000000000000 ) ;
#4513 = CARTESIAN_POINT ( 'NONE',  ( 17.99999999999963052, 2.087328686049005011, 208.5543663750809742 ) ) ;
#4514 = CYLINDRICAL_SURFACE ( 'NONE', #9397, 0.8749999999999990008 ) ;
#4515 = EDGE_CURVE ( 'NONE', #1976, #467, #7645, .T. ) ;
#4516 = ORIENTED_EDGE ( 'NONE', *, *, #8651, .F. ) ;
#4517 = EDGE_CURVE ( 'NONE', #8411, #5323, #8132, .T. ) ;
#4518 = CARTESIAN_POINT ( 'NONE',  ( 17.49999999999963052, 2.365566229095189765, 208.4797445024243245 ) ) ;
#4519 = ORIENTED_EDGE ( 'NONE', *, *, #3774, .F. ) ;
#4520 = CARTESIAN_POINT ( 'NONE',  ( 17.99999999999963052, -1.122265625000006262, 206.5000000000000568 ) ) ;
#4521 = FILL_AREA_STYLE_COLOUR ( '', #2470 ) ;
#4522 =( GEOMETRIC_REPRESENTATION_CONTEXT ( 3 ) GLOBAL_UNCERTAINTY_ASSIGNED_CONTEXT ( ( #6504 ) ) GLOBAL_UNIT_ASSIGNED_CONTEXT ( ( #6283, #4779, #7053 ) ) REPRESENTATION_CONTEXT ( 'NONE', 'WORKASPACE' ) );
#4523 = CARTESIAN_POINT ( 'NONE',  ( 17.49999999999963052, 2.445257983704552274, 207.2136999237905286 ) ) ;
#4524 = LINE ( 'NONE', #7648, #2179 ) ;
#4525 = VERTEX_POINT ( 'NONE', #5325 ) ;
#4526 =( NAMED_UNIT ( * ) SI_UNIT ( $, .STERADIAN. ) SOLID_ANGLE_UNIT ( ) );
#4527 = MECHANICAL_DESIGN_GEOMETRIC_PRESENTATION_REPRESENTATION (  '', ( #8878 ), #6118 ) ;
#4528 = DIRECTION ( 'NONE',  ( -3.469446951953611033E-15, -0.000000000000000000, 1.000000000000000000 ) ) ;
#4529 = DIRECTION ( 'NONE',  ( -0.000000000000000000, -0.000000000000000000, 1.000000000000000000 ) ) ;
#4530 = VERTEX_POINT ( 'NONE', #3915 ) ;
#4531 = FILL_AREA_STYLE_COLOUR ( '', #1520 ) ;
#4532 = PLANE ( 'NONE',  #9433 ) ;
#4533 = CARTESIAN_POINT ( 'NONE',  ( 17.99999999999963407, 2.809378189998887887, 206.9403087228329241 ) ) ;
#4534 =( LENGTH_UNIT ( ) NAMED_UNIT ( * ) SI_UNIT ( .MILLI., .METRE. ) );
#4535 = CARTESIAN_POINT ( 'NONE',  ( 17.49999999999962341, 3.592554851106326552, 208.4132330107684368 ) ) ;
#4536 = STYLED_ITEM ( 'NONE', ( #1291 ), #3169 ) ;
#4537 = EDGE_LOOP ( 'NONE', ( #7436, #1116, #7019, #2776 ) ) ;
#4538 = EDGE_LOOP ( 'NONE', ( #6707, #4995, #7672, #9547, #2453, #4413, #2238, #5960, #6686, #8884, #3206, #9604 ) ) ;
#4539 = DIRECTION ( 'NONE',  ( 0.000000000000000000, -1.000000000000000000, 0.000000000000000000 ) ) ;
#4540 = CARTESIAN_POINT ( 'NONE',  ( 17.99999999999963052, 2.813281249999993960, 208.3437500000000568 ) ) ;
#4541 =( LENGTH_UNIT ( ) NAMED_UNIT ( * ) SI_UNIT ( .MILLI., .METRE. ) );
#4542 = DIRECTION ( 'NONE',  ( -0.000000000000000000, -0.000000000000000000, 1.000000000000000000 ) ) ;
#4543 = VERTEX_POINT ( 'NONE', #63 ) ;
#4544 = VECTOR ( 'NONE', #6477, 1000.000000000000000 ) ;
#4545 = CARTESIAN_POINT ( 'NONE',  ( 17.99999999999962341, 4.152285547016823841, 208.8613165979102746 ) ) ;
#4546 = ORIENTED_EDGE ( 'NONE', *, *, #6406, .T. ) ;
#4547 = CARTESIAN_POINT ( 'NONE',  ( 17.99999999999963407, 1.993127468697625693, 208.5087333863203298 ) ) ;
#4548 = SURFACE_STYLE_FILL_AREA ( #6923 ) ;
#4549 = ADVANCED_FACE ( 'NONE', ( #6985 ), #912, .F. ) ;
#4550 = CARTESIAN_POINT ( 'NONE',  ( 17.49999999999965183, 2.372510860815592260, 207.6376424214228393 ) ) ;
#4551 = EDGE_CURVE ( 'NONE', #7414, #3185, #9194, .T. ) ;
#4552 = VECTOR ( 'NONE', #6129, 1000.000000000000227 ) ;
#4553 = FILL_AREA_STYLE_COLOUR ( '', #7892 ) ;
#4554 = CARTESIAN_POINT ( 'NONE',  ( 17.49999999999963052, 1.827816081797511094, 207.1672753519269747 ) ) ;
#4555 = CARTESIAN_POINT ( 'NONE',  ( 17.49999999999963762, 1.586230468749993738, 208.6098632812500853 ) ) ;
#4556 =( NAMED_UNIT ( * ) PLANE_ANGLE_UNIT ( ) SI_UNIT ( $, .RADIAN. ) );
#4557 = COLOUR_RGB ( '',1.000000000000000000, 0.7490196078431372584, 0.000000000000000000 ) ;
#4558 = PRESENTATION_LAYER_ASSIGNMENT (  '', '', ( #6155 ) ) ;
#4559 =( NAMED_UNIT ( * ) SI_UNIT ( $, .STERADIAN. ) SOLID_ANGLE_UNIT ( ) );
#4560 = ORIENTED_EDGE ( 'NONE', *, *, #6276, .T. ) ;
#4561 =( NAMED_UNIT ( * ) SI_UNIT ( $, .STERADIAN. ) SOLID_ANGLE_UNIT ( ) );
#4562 = EDGE_CURVE ( 'NONE', #9467, #8282, #6836, .T. ) ;
#4563 = MECHANICAL_DESIGN_GEOMETRIC_PRESENTATION_REPRESENTATION (  '', ( #3136 ), #1530 ) ;
#4564 = ORIENTED_EDGE ( 'NONE', *, *, #6672, .T. ) ;
#4565 = CARTESIAN_POINT ( 'NONE',  ( 17.99999999999963052, 2.430304046768827497, 208.3664236302476525 ) ) ;
#4566 = ORIENTED_EDGE ( 'NONE', *, *, #6473, .F. ) ;
#4567 = CARTESIAN_POINT ( 'NONE',  ( 17.99999999999963407, 1.387963681837775187, 207.6741013388981685 ) ) ;
#4568 = VECTOR ( 'NONE', #8364, 1000.000000000000000 ) ;
#4569 =( GEOMETRIC_REPRESENTATION_CONTEXT ( 3 ) GLOBAL_UNCERTAINTY_ASSIGNED_CONTEXT ( ( #9835 ) ) GLOBAL_UNIT_ASSIGNED_CONTEXT ( ( #2875, #9599, #8953 ) ) REPRESENTATION_CONTEXT ( 'NONE', 'WORKASPACE' ) );
#4570 = CARTESIAN_POINT ( 'NONE',  ( 17.99999999999963407, 2.157519531249994404, 208.9375000000000853 ) ) ;
#4571 =( NAMED_UNIT ( * ) PLANE_ANGLE_UNIT ( ) SI_UNIT ( $, .RADIAN. ) );
#4572 = ORIENTED_EDGE ( 'NONE', *, *, #6324, .T. ) ;
#4573 = DIRECTION ( 'NONE',  ( -0.000000000000000000, 0.7071067811865473507, -0.7071067811865477948 ) ) ;
#4574 = CARTESIAN_POINT ( 'NONE',  ( 17.99999999999962697, 3.815234374999993960, 208.9375000000000568 ) ) ;
#4575 = PLANE ( 'NONE',  #8005 ) ;
#4576 = CARTESIAN_POINT ( 'NONE',  ( 17.49999999999962697, 2.845226265782164976, 207.1076260055346836 ) ) ;
#4577 = VERTEX_POINT ( 'NONE', #9493 ) ;
#4578 =( NAMED_UNIT ( * ) SI_UNIT ( $, .STERADIAN. ) SOLID_ANGLE_UNIT ( ) );
#4579 = PRESENTATION_STYLE_ASSIGNMENT (( #9158 ) ) ;
#4580 = DIRECTION ( 'NONE',  ( -1.000000000000000000, -5.728085021779797867E-16, 8.583663793918551117E-34 ) ) ;
#4581 = PLANE ( 'NONE',  #9042 ) ;
#4582 = SURFACE_STYLE_FILL_AREA ( #2136 ) ;
#4583 = PRESENTATION_LAYER_ASSIGNMENT (  '', '', ( #1389 ) ) ;
#4584 = DIRECTION ( 'NONE',  ( 0.7071067811865460184, 0.7071067811865490160, 0.000000000000000000 ) ) ;
#4585 = ORIENTED_EDGE ( 'NONE', *, *, #285, .T. ) ;
#4586 = PRESENTATION_STYLE_ASSIGNMENT (( #9214 ) ) ;
#4587 = ORIENTED_EDGE ( 'NONE', *, *, #4114, .T. ) ;
#4588 = EDGE_CURVE ( 'NONE', #3273, #8567, #8866, .T. ) ;
#4589 = CARTESIAN_POINT ( 'NONE',  ( 17.49999999999963762, 2.554956602480243255, 206.5474951543561133 ) ) ;
#4590 = PRESENTATION_STYLE_ASSIGNMENT (( #1541 ) ) ;
#4591 = PLANE ( 'NONE',  #2067 ) ;
#4592 = ADVANCED_FACE ( 'NONE', ( #2480 ), #2970, .T. ) ;
#4593 = PRESENTATION_LAYER_ASSIGNMENT (  '', '', ( #3332 ) ) ;
#4594 = ORIENTED_EDGE ( 'NONE', *, *, #5776, .F. ) ;
#4595 = VECTOR ( 'NONE', #2002, 1000.000000000000000 ) ;
#4596 = UNCERTAINTY_MEASURE_WITH_UNIT (LENGTH_MEASURE( 1.000000000000000082E-05 ), #4031, 'distance_accuracy_value', 'NONE');
#4597 = LINE ( 'NONE', #5448, #2805 ) ;
#4598 = CARTESIAN_POINT ( 'NONE',  ( 15.39644660940635212, -7.575000000000001066, 216.2500000000000853 ) ) ;
#4599 = VERTEX_POINT ( 'NONE', #8798 ) ;
#4600 = CARTESIAN_POINT ( 'NONE',  ( 17.99999999999963052, 2.022707503611397506, 208.5284370029383751 ) ) ;
#4601 = CARTESIAN_POINT ( 'NONE',  ( -14.55816549681880190, -3.763963116154837252, 108.8432944920836007 ) ) ;
#4602 = FACE_OUTER_BOUND ( 'NONE', #9301, .T. ) ;
#4603 = PRESENTATION_LAYER_ASSIGNMENT (  '', '', ( #8285 ) ) ;
#4604 = SURFACE_STYLE_USAGE ( .BOTH. , #2316 ) ;
#4605 = PRESENTATION_LAYER_ASSIGNMENT (  '', '', ( #6189 ) ) ;
#4606 = DIRECTION ( 'NONE',  ( -1.000000000000000000, -5.728085021779797867E-16, 8.583663793918551117E-34 ) ) ;
#4607 = CARTESIAN_POINT ( 'NONE',  ( 17.99999999999962697, 1.596933232568782390, 206.6763453816255947 ) ) ;
#4608 = UNCERTAINTY_MEASURE_WITH_UNIT (LENGTH_MEASURE( 1.000000000000000082E-05 ), #3311, 'distance_accuracy_value', 'NONE');
#4609 = EDGE_CURVE ( 'NONE', #1129, #1675, #7220, .T. ) ;
#4610 = STYLED_ITEM ( 'NONE', ( #2574 ), #7317 ) ;
#4611 = AXIS2_PLACEMENT_3D ( 'NONE', #932, #9265, #8522 ) ;
#4612 = LINE ( 'NONE', #3753, #3944 ) ;
#4613 = ORIENTED_EDGE ( 'NONE', *, *, #140, .T. ) ;
#4614 = CARTESIAN_POINT ( 'NONE',  ( 17.99999999999962697, 2.105916389549499002, 206.4066729753554057 ) ) ;
#4615 = AXIS2_PLACEMENT_3D ( 'NONE', #8802, #2536, #1062 ) ;
#4616 = ORIENTED_EDGE ( 'NONE', *, *, #2411, .F. ) ;
#4617 = CARTESIAN_POINT ( 'NONE',  ( 17.99999999999963052, 2.175145800284588038, 208.5618494717654130 ) ) ;
#4618 = PLANE ( 'NONE',  #5444 ) ;
#4619 =( LENGTH_UNIT ( ) NAMED_UNIT ( * ) SI_UNIT ( .MILLI., .METRE. ) );
#4620 = ADVANCED_FACE ( 'NONE', ( #410 ), #7137, .T. ) ;
#4621 = CARTESIAN_POINT ( 'NONE',  ( 17.49999999999962341, 4.106212029147669362, 207.6487619549355941 ) ) ;
#4622 = EDGE_CURVE ( 'NONE', #6193, #4244, #1304, .T. ) ;
#4623 = CARTESIAN_POINT ( 'NONE',  ( 17.99999999999963052, 2.807777691641401230, 208.4099402439253481 ) ) ;
#4624 = ADVANCED_FACE ( 'NONE', ( #8848 ), #6665, .T. ) ;
#4625 = FILL_AREA_STYLE_COLOUR ( '', #7082 ) ;
#4626 = CARTESIAN_POINT ( 'NONE',  ( -15.50000000000000000, 6.174999999999999822, 191.0000000000000000 ) ) ;
#4627 = DIRECTION ( 'NONE',  ( -1.000000000000000000, 0.000000000000000000, -0.000000000000000000 ) ) ;
#4628 = CARTESIAN_POINT ( 'NONE',  ( 17.49999999999963052, 3.796992763627563328, 208.9372771374064826 ) ) ;
#4629 = MECHANICAL_DESIGN_GEOMETRIC_PRESENTATION_REPRESENTATION (  '', ( #6885 ), #7848 ) ;
#4630 = EDGE_CURVE ( 'NONE', #1870, #5524, #5056, .T. ) ;
#4631 = SURFACE_SIDE_STYLE ('',( #2538 ) ) ;
#4632 = CARTESIAN_POINT ( 'NONE',  ( -17.00000000000000000, 9.000000000000001776, 0.000000000000000000 ) ) ;
#4633 = ORIENTED_EDGE ( 'NONE', *, *, #6641, .T. ) ;
#4634 = CARTESIAN_POINT ( 'NONE',  ( 17.49999999999962697, 3.512499999999993516, 207.6875000000000568 ) ) ;
#4635 = CARTESIAN_POINT ( 'NONE',  ( 0.000000000000000000, 6.174999999999999822, 191.7500000000000000 ) ) ;
#4636 = CARTESIAN_POINT ( 'NONE',  ( 16.56133417647983563, 11.83709690304402784, 100.8363271565155088 ) ) ;
#4637 = PRESENTATION_STYLE_ASSIGNMENT (( #6856 ) ) ;
#4638 = CARTESIAN_POINT ( 'NONE',  ( 17.49999999999963052, 4.422404624724461719, 206.8221509538955445 ) ) ;
#4639 = EDGE_LOOP ( 'NONE', ( #4843, #2955, #486, #4041 ) ) ;
#4640 = DIRECTION ( 'NONE',  ( 1.000000000000000000, 0.000000000000000000, 0.000000000000000000 ) ) ;
#4641 =( GEOMETRIC_REPRESENTATION_CONTEXT ( 3 ) GLOBAL_UNCERTAINTY_ASSIGNED_CONTEXT ( ( #1413 ) ) GLOBAL_UNIT_ASSIGNED_CONTEXT ( ( #7135, #4863, #4154 ) ) REPRESENTATION_CONTEXT ( 'NONE', 'WORKASPACE' ) );
#4642 = LINE ( 'NONE', #6032, #3717 ) ;
#4643 = CARTESIAN_POINT ( 'NONE',  ( 17.74999999999963052, 1.000000000000000000, 212.0000000000000853 ) ) ;
#4644 = EDGE_CURVE ( 'NONE', #4832, #1638, #8138, .T. ) ;
#4645 = ORIENTED_EDGE ( 'NONE', *, *, #6521, .F. ) ;
#4646 = CARTESIAN_POINT ( 'NONE',  ( 17.99999999999963407, 2.352106520094841891, 207.6639567031895695 ) ) ;
#4647 = ORIENTED_EDGE ( 'NONE', *, *, #8943, .F. ) ;
#4648 = CARTESIAN_POINT ( 'NONE',  ( 17.49999999999963762, 1.586230468749993738, 208.6098632812500853 ) ) ;
#4649 = DIRECTION ( 'NONE',  ( -0.000000000000000000, -0.000000000000000000, 1.000000000000000000 ) ) ;
#4650 = COLOUR_RGB ( '',1.000000000000000000, 0.7490196078431372584, 0.000000000000000000 ) ;
#4651 =( NAMED_UNIT ( * ) SI_UNIT ( $, .STERADIAN. ) SOLID_ANGLE_UNIT ( ) );
#4652 = CARTESIAN_POINT ( 'NONE',  ( -1.530815566364603475, 5.102718554549144692, 195.2500000000000000 ) ) ;
#4653 = CARTESIAN_POINT ( 'NONE',  ( 17.49999999999963052, 4.106140866940706680, 207.8003018387558143 ) ) ;
#4654 = MECHANICAL_DESIGN_GEOMETRIC_PRESENTATION_REPRESENTATION (  '', ( #1769 ), #8518 ) ;
#4655 = CARTESIAN_POINT ( 'NONE',  ( -14.62499999999999289, -0.8747316122293992136, 197.7500000000000000 ) ) ;
#4656 = FILL_AREA_STYLE ('',( #701 ) ) ;
#4657 = DIRECTION ( 'NONE',  ( 0.000000000000000000, 0.4829875504252271190, 0.8756272187033924403 ) ) ;
#4658 = CARTESIAN_POINT ( 'NONE',  ( -15.00000000000000888, 2.999999999999998224, 191.0000000000000000 ) ) ;
#4659 = DIRECTION ( 'NONE',  ( -3.469446951953611033E-15, -0.000000000000000000, 1.000000000000000000 ) ) ;
#4660 = ORIENTED_EDGE ( 'NONE', *, *, #5958, .T. ) ;
#4661 =( GEOMETRIC_REPRESENTATION_CONTEXT ( 3 ) GLOBAL_UNCERTAINTY_ASSIGNED_CONTEXT ( ( #2919 ) ) GLOBAL_UNIT_ASSIGNED_CONTEXT ( ( #8584, #3120, #2469 ) ) REPRESENTATION_CONTEXT ( 'NONE', 'WORKASPACE' ) );
#4662 = CIRCLE ( 'NONE', #4982, 1.500000000000001332 ) ;
#4663 = PRESENTATION_STYLE_ASSIGNMENT (( #8498 ) ) ;
#4664 = CARTESIAN_POINT ( 'NONE',  ( -13.62500000000004974, 4.624194836688191756, 197.7500000000000000 ) ) ;
#4665 = LINE ( 'NONE', #9346, #5326 ) ;
#4666 = SURFACE_STYLE_FILL_AREA ( #1611 ) ;
#4667 =( NAMED_UNIT ( * ) PLANE_ANGLE_UNIT ( ) SI_UNIT ( $, .RADIAN. ) );
#4668 =( LENGTH_UNIT ( ) NAMED_UNIT ( * ) SI_UNIT ( .MILLI., .METRE. ) );
#4669 = CARTESIAN_POINT ( 'NONE',  ( 17.49999999999962697, 3.708756172803383766, 208.9316888853320222 ) ) ;
#4670 =( NAMED_UNIT ( * ) PLANE_ANGLE_UNIT ( ) SI_UNIT ( $, .RADIAN. ) );
#4671 = EDGE_LOOP ( 'NONE', ( #9740, #132, #7007, #1621 ) ) ;
#4672 = SURFACE_STYLE_FILL_AREA ( #8512 ) ;
#4673 = VECTOR ( 'NONE', #8614, 1000.000000000000000 ) ;
#4674 = DIRECTION ( 'NONE',  ( 0.000000000000000000, -1.000000000000000000, 0.000000000000000000 ) ) ;
#4675 = FILL_AREA_STYLE_COLOUR ( '', #3969 ) ;
#4676 = CARTESIAN_POINT ( 'NONE',  ( 17.00000000000000711, -10.99999999999999822, 109.0000000000000000 ) ) ;
#4677 = CARTESIAN_POINT ( 'NONE',  ( 17.99999999999963407, 2.199023437499994404, 208.0937500000000853 ) ) ;
#4678 = CARTESIAN_POINT ( 'NONE',  ( 17.99999999999962341, 4.297934608131380507, 206.6266297403663827 ) ) ;
#4679 = FACE_OUTER_BOUND ( 'NONE', #5076, .T. ) ;
#4680 = EDGE_LOOP ( 'NONE', ( #5249, #940, #3375, #1932 ) ) ;
#4681 = SURFACE_STYLE_FILL_AREA ( #4733 ) ;
#4682 = PRESENTATION_LAYER_ASSIGNMENT (  '', '', ( #8062 ) ) ;
#4683 = CARTESIAN_POINT ( 'NONE',  ( 17.49999999999963052, 1.970195973217836682, 207.6737205614023196 ) ) ;
#4684 = CARTESIAN_POINT ( 'NONE',  ( 17.99999999999963407, 2.660154380718765754, 208.7376183159161087 ) ) ;
#4685 = CARTESIAN_POINT ( 'NONE',  ( 17.49999999999962697, 4.500839600450757594, 207.0904460035706904 ) ) ;
#4686 = ORIENTED_EDGE ( 'NONE', *, *, #3180, .F. ) ;
#4687 = UNCERTAINTY_MEASURE_WITH_UNIT (LENGTH_MEASURE( 1.000000000000000082E-05 ), #7070, 'distance_accuracy_value', 'NONE');
#4688 = CARTESIAN_POINT ( 'NONE',  ( 2.337499999999834710, 2.337499999999827160, 204.0000000000000568 ) ) ;
#4689 = CARTESIAN_POINT ( 'NONE',  ( 17.49999999999962697, 3.708756172803383766, 208.9316888853320222 ) ) ;
#4690 = CARTESIAN_POINT ( 'NONE',  ( 17.49999999999962341, 3.081857313226081363, 207.4253087485936646 ) ) ;
#4691 = ORIENTED_EDGE ( 'NONE', *, *, #644, .F. ) ;
#4692 = LINE ( 'NONE', #9272, #8395 ) ;
#4693 = CARTESIAN_POINT ( 'NONE',  ( 17.99999999999963052, 4.152285547016833611, 206.5136834020897538 ) ) ;
#4694 = CARTESIAN_POINT ( 'NONE',  ( 0.000000000000000000, 0.000000000000000000, 212.0000000000000853 ) ) ;
#4695 = CARTESIAN_POINT ( 'NONE',  ( 17.49999999999962697, 1.413961105225020498, 207.2787541787828332 ) ) ;
#4696 = PLANE ( 'NONE',  #6660 ) ;
#4697 = SURFACE_SIDE_STYLE ('',( #202 ) ) ;
#4698 = PRESENTATION_LAYER_ASSIGNMENT (  '', '', ( #9195 ) ) ;
#4699 = DIRECTION ( 'NONE',  ( 1.319181350552706246E-16, 1.000000000000000000, 0.000000000000000000 ) ) ;
#4700 = DIRECTION ( 'NONE',  ( 0.000000000000000000, -0.7071067811865473507, -0.7071067811865477948 ) ) ;
#4701 = ADVANCED_FACE ( 'NONE', ( #7323 ), #8899, .T. ) ;
#4702 =( NAMED_UNIT ( * ) PLANE_ANGLE_UNIT ( ) SI_UNIT ( $, .RADIAN. ) );
#4703 = CARTESIAN_POINT ( 'NONE',  ( 17.49999999999964828, 2.054107464937525052, 208.5436945937803728 ) ) ;
#4704 = ORIENTED_EDGE ( 'NONE', *, *, #5461, .F. ) ;
#4705 = CARTESIAN_POINT ( 'NONE',  ( 17.49999999999964118, 1.833197528975698098, 208.8568773276839181 ) ) ;
#4706 = STYLED_ITEM ( 'NONE', ( #3108 ), #4006 ) ;
#4707 = CARTESIAN_POINT ( 'NONE',  ( 17.99999999999963052, 4.543365534704056685, 207.6414331864606879 ) ) ;
#4708 = VECTOR ( 'NONE', #8795, 1000.000000000000114 ) ;
#4709 = EDGE_LOOP ( 'NONE', ( #4380, #3309, #4775, #8092 ) ) ;
#4710 = CARTESIAN_POINT ( 'NONE',  ( -15.62500000000005151, 3.624194836688377386, 195.2500000000000000 ) ) ;
#4711 = FILL_AREA_STYLE_COLOUR ( '', #693 ) ;
#4712 = CARTESIAN_POINT ( 'NONE',  ( -17.00000000000000000, -11.17020577380345259, 103.0074680009855683 ) ) ;
#4713 = EDGE_CURVE ( 'NONE', #3464, #4374, #848, .T. ) ;
#4714 =( GEOMETRIC_REPRESENTATION_CONTEXT ( 3 ) GLOBAL_UNCERTAINTY_ASSIGNED_CONTEXT ( ( #2506 ) ) GLOBAL_UNIT_ASSIGNED_CONTEXT ( ( #8840, #1952, #4249 ) ) REPRESENTATION_CONTEXT ( 'NONE', 'WORKASPACE' ) );
#4715 = CARTESIAN_POINT ( 'NONE',  ( 0.000000000000000000, 6.174999999999999822, 191.7500000000000000 ) ) ;
#4716 = AXIS2_PLACEMENT_3D ( 'NONE', #2931, #3715, #2833 ) ;
#4717 = EDGE_CURVE ( 'NONE', #3423, #7409, #1371, .T. ) ;
#4718 = FILL_AREA_STYLE ('',( #1663 ) ) ;
#4719 = SURFACE_STYLE_USAGE ( .BOTH. , #7600 ) ;
#4720 = CARTESIAN_POINT ( 'NONE',  ( 17.49999999999961986, 4.008155130094673169, 206.9252275151000902 ) ) ;
#4721 = CARTESIAN_POINT ( 'NONE',  ( 17.49999999999963052, 2.586289347377447978, 207.9795972576204974 ) ) ;
#4722 = PRESENTATION_LAYER_ASSIGNMENT (  '', '', ( #9226 ) ) ;
#4723 = ORIENTED_EDGE ( 'NONE', *, *, #3249, .F. ) ;
#4725 = CARTESIAN_POINT ( 'NONE',  ( 17.49999999999963052, 3.522994014152760478, 208.0828771862001361 ) ) ;
#4724 = MECHANICAL_DESIGN_GEOMETRIC_PRESENTATION_REPRESENTATION (  '', ( #8922 ), #1538 ) ;
#4726 = CYLINDRICAL_SURFACE ( 'NONE', #5333, 1.500000000000003109 ) ;
#4727 = EDGE_CURVE ( 'NONE', #7649, #1472, #5262, .T. ) ;
#4728 = PLANE ( 'NONE',  #2956 ) ;
#4729 = DIRECTION ( 'NONE',  ( -1.000000000000000000, -0.000000000000000000, -0.000000000000000000 ) ) ;
#4730 = CARTESIAN_POINT ( 'NONE',  ( 17.49999999999962697, 4.408435358735310672, 206.7901663930418010 ) ) ;
#4731 = CARTESIAN_POINT ( 'NONE',  ( -14.12500000000000000, 2.999999999999998668, 108.9498743710662012 ) ) ;
#4732 = VERTEX_POINT ( 'NONE', #9849 ) ;
#4733 = FILL_AREA_STYLE ('',( #3248 ) ) ;
#4734 = CARTESIAN_POINT ( 'NONE',  ( 16.12499999999963407, 0.6250000000000001110, 217.0000000000000853 ) ) ;
#4735 = CARTESIAN_POINT ( 'NONE',  ( 17.99999999999963052, 2.729384278808311581, 208.6428243882470497 ) ) ;
#4736 = VERTEX_POINT ( 'NONE', #3804 ) ;
#4737 = SURFACE_STYLE_FILL_AREA ( #5498 ) ;
#4738 = CARTESIAN_POINT ( 'NONE',  ( -11.87499999999999822, -3.750000000000000000, 191.0000000000000000 ) ) ;
#4739 = SURFACE_STYLE_FILL_AREA ( #5500 ) ;
#4740 = ORIENTED_EDGE ( 'NONE', *, *, #4397, .F. ) ;
#4741 = STYLED_ITEM ( 'NONE', ( #9276 ), #6212 ) ;
#4742 = VECTOR ( 'NONE', #924, 1000.000000000000000 ) ;
#4743 = FILL_AREA_STYLE_COLOUR ( '', #2839 ) ;
#4744 = EDGE_CURVE ( 'NONE', #8858, #1145, #3751, .T. ) ;
#4745 = DIRECTION ( 'NONE',  ( -0.000000000000000000, -1.000000000000000000, -0.000000000000000000 ) ) ;
#4746 = EDGE_CURVE ( 'NONE', #9786, #9549, #9089, .T. ) ;
#4747 = PRESENTATION_STYLE_ASSIGNMENT (( #4045 ) ) ;
#4748 = EDGE_CURVE ( 'NONE', #794, #929, #9718, .T. ) ;
#4749 = PRESENTATION_STYLE_ASSIGNMENT (( #7877 ) ) ;
#4750 =( NAMED_UNIT ( * ) PLANE_ANGLE_UNIT ( ) SI_UNIT ( $, .RADIAN. ) );
#4751 = MECHANICAL_DESIGN_GEOMETRIC_PRESENTATION_REPRESENTATION (  '', ( #8617 ), #7314 ) ;
#4752 = AXIS2_PLACEMENT_3D ( 'NONE', #6395, #9423, #5696 ) ;
#4753 = CARTESIAN_POINT ( 'NONE',  ( -11.87499999999999822, -4.500000000000000888, 195.0000000000000000 ) ) ;
#4754 = DIRECTION ( 'NONE',  ( 1.000000000000000000, 5.276725402210824000E-16, -0.000000000000000000 ) ) ;
#4755 = DIRECTION ( 'NONE',  ( -0.9578262852211560929, -0.2873478855663295639, 0.000000000000000000 ) ) ;
#4756 = CARTESIAN_POINT ( 'NONE',  ( 17.49999999999963052, 3.861287548624498189, 206.8456653052919592 ) ) ;
#4757 = ORIENTED_EDGE ( 'NONE', *, *, #4047, .T. ) ;
#4758 =( GEOMETRIC_REPRESENTATION_CONTEXT ( 3 ) GLOBAL_UNCERTAINTY_ASSIGNED_CONTEXT ( ( #7719 ) ) GLOBAL_UNIT_ASSIGNED_CONTEXT ( ( #6330, #1018, #9605 ) ) REPRESENTATION_CONTEXT ( 'NONE', 'WORKASPACE' ) );
#4759 = CARTESIAN_POINT ( 'NONE',  ( 16.00000000000000711, -11.99999999999999822, 3.000000000000002665 ) ) ;
#4760 = STYLED_ITEM ( 'NONE', ( #1568 ), #8485 ) ;
#4761 = CARTESIAN_POINT ( 'NONE',  ( -4.662500000000028066, -4.662500000000012079, 191.7500000000000000 ) ) ;
#4762 = PRESENTATION_LAYER_ASSIGNMENT (  '', '', ( #6865 ) ) ;
#4763 = AXIS2_PLACEMENT_3D ( 'NONE', #1737, #8053, #6388 ) ;
#4764 = FACE_BOUND ( 'NONE', #5398, .T. ) ;
#4765 = CARTESIAN_POINT ( 'NONE',  ( 15.93565686418444294, -3.019846876746963282, 108.9486882816308935 ) ) ;
#4766 = ADVANCED_FACE ( 'NONE', ( #6107 ), #1505, .T. ) ;
#4767 = CARTESIAN_POINT ( 'NONE',  ( 17.99999999999962697, 4.064001173057957494, 208.3386838339653764 ) ) ;
#4768 = PRESENTATION_STYLE_ASSIGNMENT (( #3231 ) ) ;
#4769 = CARTESIAN_POINT ( 'NONE',  ( -16.56133417647982853, -11.83709690304402073, 100.8363271565155088 ) ) ;
#4770 = ORIENTED_EDGE ( 'NONE', *, *, #9242, .F. ) ;
#4771 = CARTESIAN_POINT ( 'NONE',  ( 17.49999999999962697, 2.122204472205047487, 208.5617091097078912 ) ) ;
#4772 = SURFACE_STYLE_USAGE ( .BOTH. , #7047 ) ;
#4773 = SURFACE_SIDE_STYLE ('',( #2489 ) ) ;
#4774 = SURFACE_STYLE_USAGE ( .BOTH. , #4825 ) ;
#4775 = ORIENTED_EDGE ( 'NONE', *, *, #2249, .T. ) ;
#4776 =( GEOMETRIC_REPRESENTATION_CONTEXT ( 3 ) GLOBAL_UNCERTAINTY_ASSIGNED_CONTEXT ( ( #1455 ) ) GLOBAL_UNIT_ASSIGNED_CONTEXT ( ( #7587, #6159, #8778 ) ) REPRESENTATION_CONTEXT ( 'NONE', 'WORKASPACE' ) );
#4777 = FILL_AREA_STYLE ('',( #1727 ) ) ;
#4778 = ADVANCED_FACE ( 'NONE', ( #7736 ), #2076, .T. ) ;
#4779 =( NAMED_UNIT ( * ) PLANE_ANGLE_UNIT ( ) SI_UNIT ( $, .RADIAN. ) );
#4780 = LINE ( 'NONE', #180, #5862 ) ;
#4781 = FILL_AREA_STYLE_COLOUR ( '', #6570 ) ;
#4782 =( LENGTH_UNIT ( ) NAMED_UNIT ( * ) SI_UNIT ( .MILLI., .METRE. ) );
#4783 = ORIENTED_EDGE ( 'NONE', *, *, #4905, .F. ) ;
#4784 = VECTOR ( 'NONE', #7442, 1000.000000000000000 ) ;
#4785 = DIRECTION ( 'NONE',  ( -0.000000000000000000, 0.000000000000000000, -1.000000000000000000 ) ) ;
#4786 = CARTESIAN_POINT ( 'NONE',  ( 17.99999999999963052, 2.436328124999993960, 208.3496093750000568 ) ) ;
#4787 = CARTESIAN_POINT ( 'NONE',  ( 17.49999999999963052, 4.543365534704056685, 207.6414331864606879 ) ) ;
#4788 = ORIENTED_EDGE ( 'NONE', *, *, #3249, .T. ) ;
#4789 = UNCERTAINTY_MEASURE_WITH_UNIT (LENGTH_MEASURE( 1.000000000000000082E-05 ), #8579, 'distance_accuracy_value', 'NONE');
#4790 =( LENGTH_UNIT ( ) NAMED_UNIT ( * ) SI_UNIT ( .MILLI., .METRE. ) );
#4791 = FACE_OUTER_BOUND ( 'NONE', #4680, .T. ) ;
#4792 = CARTESIAN_POINT ( 'NONE',  ( 17.49999999999963762, 1.503507168521541759, 206.8667836154666588 ) ) ;
#4793 = VERTEX_POINT ( 'NONE', #9381 ) ;
#4794 = PLANE ( 'NONE',  #2139 ) ;
#4795 =( NAMED_UNIT ( * ) PLANE_ANGLE_UNIT ( ) SI_UNIT ( $, .RADIAN. ) );
#4796 = LINE ( 'NONE', #5646, #6919 ) ;
#4797 = CARTESIAN_POINT ( 'NONE',  ( 17.49999999999962341, 2.154810033703183692, 208.0920755829917539 ) ) ;
#4798 = MECHANICAL_DESIGN_GEOMETRIC_PRESENTATION_REPRESENTATION (  '', ( #8828 ), #1273 ) ;
#4799 = DIRECTION ( 'NONE',  ( 6.591949208711860648E-14, -1.000000000000000000, 0.000000000000000000 ) ) ;
#4800 = CARTESIAN_POINT ( 'NONE',  ( -16.62500000000006395, -3.324194836688339372, 195.2500000000000000 ) ) ;
#4801 = CARTESIAN_POINT ( 'NONE',  ( -14.99999999999996625, -1.000000000000001776, 191.0000000000000000 ) ) ;
#4802 = CARTESIAN_POINT ( 'NONE',  ( -14.62499999999995381, -4.624194836688190868, 197.7500000000000000 ) ) ;
#4803 = ADVANCED_FACE ( 'NONE', ( #1803 ), #256, .F. ) ;
#4804 = CARTESIAN_POINT ( 'NONE',  ( 17.99999999999962341, 4.085898033633400317, 208.2235702283400940 ) ) ;
#4805 = CARTESIAN_POINT ( 'NONE',  ( 0.000000000000000000, -1.000000000000000000, 216.2500000000000853 ) ) ;
#4806 = CARTESIAN_POINT ( 'NONE',  ( 17.99999999999962697, 1.932846374764496389, 206.9109976064753198 ) ) ;
#4807 = ORIENTED_EDGE ( 'NONE', *, *, #7745, .F. ) ;
#4808 = CARTESIAN_POINT ( 'NONE',  ( 17.49999999999963407, 1.907378522367534579, 208.8936599000264778 ) ) ;
#4809 = AXIS2_PLACEMENT_3D ( 'NONE', #6351, #1844, #4799 ) ;
#4810 = VECTOR ( 'NONE', #328, 1000.000000000000000 ) ;
#4811 = CARTESIAN_POINT ( 'NONE',  ( 17.99999999999963052, 0.6062499999999941824, 206.5000000000000568 ) ) ;
#4812 = ORIENTED_EDGE ( 'NONE', *, *, #3774, .T. ) ;
#4813 = CARTESIAN_POINT ( 'NONE',  ( 15.32258311810032403, -4.005930749072506458, 108.7971986315035906 ) ) ;
#4814 = CARTESIAN_POINT ( 'NONE',  ( 17.49999999999963052, 3.830911764317241452, 208.5305979931054310 ) ) ;
#4815 = PRESENTATION_LAYER_ASSIGNMENT (  '', '', ( #4171 ) ) ;
#4817 = MECHANICAL_DESIGN_GEOMETRIC_PRESENTATION_REPRESENTATION (  '', ( #981 ), #814 ) ;
#4816 = FACE_OUTER_BOUND ( 'NONE', #4937, .T. ) ;
#4818 =( LENGTH_UNIT ( ) NAMED_UNIT ( * ) SI_UNIT ( .MILLI., .METRE. ) );
#4819 = EDGE_CURVE ( 'NONE', #4953, #5132, #1296, .T. ) ;
#4820 = ORIENTED_EDGE ( 'NONE', *, *, #5363, .F. ) ;
#4821 = VECTOR ( 'NONE', #2516, 1000.000000000000000 ) ;
#4822 = CARTESIAN_POINT ( 'NONE',  ( 17.49999999999963407, 1.876080608614070666, 208.3487941586467684 ) ) ;
#4823 = FILL_AREA_STYLE ('',( #1251 ) ) ;
#4824 = PRESENTATION_STYLE_ASSIGNMENT (( #9299 ) ) ;
#4825 = SURFACE_SIDE_STYLE ('',( #3376 ) ) ;
#4826 = VERTEX_POINT ( 'NONE', #206 ) ;
#4827 = CARTESIAN_POINT ( 'NONE',  ( -15.62500000000005151, 3.624194836688377386, 195.2500000000000000 ) ) ;
#4828 = FACE_OUTER_BOUND ( 'NONE', #7037, .T. ) ;
#4829 = SURFACE_SIDE_STYLE ('',( #5539 ) ) ;
#4830 = CARTESIAN_POINT ( 'NONE',  ( 17.99999999999962697, 3.555468749999993960, 208.3222656250000568 ) ) ;
#4831 = CARTESIAN_POINT ( 'NONE',  ( -13.62499999999998401, 3.624194836688190424, 197.7500000000000000 ) ) ;
#4832 = VERTEX_POINT ( 'NONE', #3264 ) ;
#4833 = DIRECTION ( 'NONE',  ( 0.000000000000000000, 0.9998792132753625550, -0.01554216393692331791 ) ) ;
#4834 = CARTESIAN_POINT ( 'NONE',  ( -12.62499999999999822, 3.750000000000000444, 197.0000000000000000 ) ) ;
#4835 = CARTESIAN_POINT ( 'NONE',  ( -11.87499999999999822, -3.750000000000000444, 194.2500000000000000 ) ) ;
#4836 = MECHANICAL_DESIGN_GEOMETRIC_PRESENTATION_REPRESENTATION (  '', ( #7579 ), #4522 ) ;
#4837 = CARTESIAN_POINT ( 'NONE',  ( 17.99999999999962697, 3.815234374999993960, 208.5312500000000568 ) ) ;
#4838 = EDGE_LOOP ( 'NONE', ( #9830, #6555, #9499, #5919 ) ) ;
#4839 = DIRECTION ( 'NONE',  ( 0.000000000000000000, 0.000000000000000000, 1.000000000000000000 ) ) ;
#4840 = B_SPLINE_CURVE_WITH_KNOTS ( 'NONE', 3,
 ( #1695, #996, #1043, #9428 ),
 .UNSPECIFIED., .F., .F.,
 ( 4, 4 ),
 ( 0.000000000000000000, 0.0005037574479393681828 ),
 .UNSPECIFIED. ) ;
#4841 = FILL_AREA_STYLE ('',( #3256 ) ) ;
#4842 = SURFACE_STYLE_FILL_AREA ( #7870 ) ;
#4843 = ORIENTED_EDGE ( 'NONE', *, *, #8186, .F. ) ;
#4844 = SURFACE_SIDE_STYLE ('',( #5596 ) ) ;
#4845 = CARTESIAN_POINT ( 'NONE',  ( 11.99999999999962874, 2.500000000000000444, 204.0000000000000568 ) ) ;
#4846 = SURFACE_SIDE_STYLE ('',( #2564 ) ) ;
#4847 = CARTESIAN_POINT ( 'NONE',  ( 17.49999999999963052, 2.251781973643926626, 207.7352758224158720 ) ) ;
#4848 = DIRECTION ( 'NONE',  ( -0.9578262852211560929, -0.2873478855663295639, 0.000000000000000000 ) ) ;
#4849 = FILL_AREA_STYLE ('',( #2514 ) ) ;
#4850 = CARTESIAN_POINT ( 'NONE',  ( 17.99999999999963052, 3.512435951266748901, 207.5759923472298283 ) ) ;
#4851 = FILL_AREA_STYLE ('',( #9430 ) ) ;
#4852 = COLOUR_RGB ( '',1.000000000000000000, 0.7490196078431372584, 0.000000000000000000 ) ;
#4853 = CARTESIAN_POINT ( 'NONE',  ( 17.99999999999962697, 4.069140624999993072, 208.3222656250000568 ) ) ;
#4854 = EDGE_CURVE ( 'NONE', #6671, #2485, #4245, .T. ) ;
#4855 = SURFACE_STYLE_FILL_AREA ( #7837 ) ;
#4856 = CARTESIAN_POINT ( 'NONE',  ( 16.00000000000000000, 12.00000000000000178, 3.000000000000002665 ) ) ;
#4857 = ORIENTED_EDGE ( 'NONE', *, *, #7765, .T. ) ;
#4858 = EDGE_CURVE ( 'NONE', #689, #3573, #1858, .T. ) ;
#4859 = CARTESIAN_POINT ( 'NONE',  ( 17.49999999999963407, -3.925000000000004707, 210.5000000000000853 ) ) ;
#4860 = MECHANICAL_DESIGN_GEOMETRIC_PRESENTATION_REPRESENTATION (  '', ( #6134 ), #6312 ) ;
#4861 = CARTESIAN_POINT ( 'NONE',  ( 17.99999999999963052, -1.958203125000006040, 206.5000000000000568 ) ) ;
#4862 = LINE ( 'NONE', #5614, #2640 ) ;
#4863 =( NAMED_UNIT ( * ) PLANE_ANGLE_UNIT ( ) SI_UNIT ( $, .RADIAN. ) );
#4864 = CARTESIAN_POINT ( 'NONE',  ( 11.99999999999911182, -2.500000000000091926, 108.9874921777192753 ) ) ;
#4865 = FILL_AREA_STYLE ('',( #6369 ) ) ;
#4866 = PRESENTATION_LAYER_ASSIGNMENT (  '', '', ( #4383 ) ) ;
#4867 = CARTESIAN_POINT ( 'NONE',  ( 8.250957454590196162E-15, -0.8747316122292613239, 197.7500000000000000 ) ) ;
#4868 = ADVANCED_FACE ( 'NONE', ( #450 ), #504, .F. ) ;
#4869 = ADVANCED_FACE ( 'NONE', ( #7466 ), #9635, .T. ) ;
#4870 = VECTOR ( 'NONE', #1033, 1000.000000000000000 ) ;
#4871 = ORIENTED_EDGE ( 'NONE', *, *, #287, .T. ) ;
#4872 = CARTESIAN_POINT ( 'NONE',  ( 0.000000000000000000, 7.575000000000000178, 216.2500000000000853 ) ) ;
#4873 = VERTEX_POINT ( 'NONE', #5195 ) ;
#4874 = ORIENTED_EDGE ( 'NONE', *, *, #1407, .F. ) ;
#4875 = CARTESIAN_POINT ( 'NONE',  ( 16.00000000000000000, 12.00000000000000178, 99.00000000000000000 ) ) ;
#4876 = AXIS2_PLACEMENT_3D ( 'NONE', #7052, #7706, #2345 ) ;
#4877 = CARTESIAN_POINT ( 'NONE',  ( 17.00000000000000711, -8.999999999999996447, 0.000000000000000000 ) ) ;
#4878 = CARTESIAN_POINT ( 'NONE',  ( 17.99999999999962341, 3.365061470390744880, 206.5937861142807321 ) ) ;
#4879 = SURFACE_SIDE_STYLE ('',( #1218 ) ) ;
#4880 = VERTEX_POINT ( 'NONE', #1148 ) ;
#4881 = DIRECTION ( 'NONE',  ( -1.000000000000000000, 0.000000000000000000, 0.000000000000000000 ) ) ;
#4882 = LINE ( 'NONE', #7197, #1730 ) ;
#4883 = VECTOR ( 'NONE', #2594, 1000.000000000000000 ) ;
#4884 = MECHANICAL_DESIGN_GEOMETRIC_PRESENTATION_REPRESENTATION (  '', ( #8590 ), #6476 ) ;
#4885 = CARTESIAN_POINT ( 'NONE',  ( 17.99999999999963052, 3.618364259611268618, 208.4500118577242631 ) ) ;
#4886 = ORIENTED_EDGE ( 'NONE', *, *, #2221, .T. ) ;
#4887 = FACE_OUTER_BOUND ( 'NONE', #6182, .T. ) ;
#4888 = VERTEX_POINT ( 'NONE', #9688 ) ;
#4889 = LINE ( 'NONE', #3394, #1978 ) ;
#4890 = SURFACE_STYLE_USAGE ( .BOTH. , #2037 ) ;
#4891 = COLOUR_RGB ( '',1.000000000000000000, 0.7490196078431372584, 0.000000000000000000 ) ;
#4892 = SURFACE_STYLE_USAGE ( .BOTH. , #440 ) ;
#4893 =( GEOMETRIC_REPRESENTATION_CONTEXT ( 3 ) GLOBAL_UNCERTAINTY_ASSIGNED_CONTEXT ( ( #8023 ) ) GLOBAL_UNIT_ASSIGNED_CONTEXT ( ( #7169, #954, #1103 ) ) REPRESENTATION_CONTEXT ( 'NONE', 'WORKASPACE' ) );
#4894 = ADVANCED_FACE ( 'NONE', ( #2861 ), #8073, .T. ) ;
#4895 = PLANE ( 'NONE',  #4973 ) ;
#4896 = EDGE_CURVE ( 'NONE', #4320, #6567, #4862, .T. ) ;
#4897 = CARTESIAN_POINT ( 'NONE',  ( 17.99999999999962697, 3.554608099554624978, 207.0673371914270149 ) ) ;
#4898 = DIRECTION ( 'NONE',  ( 0.000000000000000000, 0.4467959804275458136, -0.8946358766972115628 ) ) ;
#4899 = MECHANICAL_DESIGN_GEOMETRIC_PRESENTATION_REPRESENTATION (  '', ( #1389 ), #2670 ) ;
#4900 = SURFACE_STYLE_USAGE ( .BOTH. , #8585 ) ;
#4901 = ORIENTED_EDGE ( 'NONE', *, *, #4515, .F. ) ;
#4902 = CARTESIAN_POINT ( 'NONE',  ( 17.99999999999961986, 4.008155130094673169, 206.9252275151000902 ) ) ;
#4903 = SURFACE_STYLE_FILL_AREA ( #1758 ) ;
#4904 = ORIENTED_EDGE ( 'NONE', *, *, #3472, .F. ) ;
#4905 = EDGE_CURVE ( 'NONE', #2083, #61, #9541, .T. ) ;
#4906 = LINE ( 'NONE', #1899, #3453 ) ;
#4907 = STYLED_ITEM ( 'NONE', ( #3465 ), #6815 ) ;
#4908 = PRESENTATION_LAYER_ASSIGNMENT (  '', '', ( #9409 ) ) ;
#4909 =( NAMED_UNIT ( * ) SI_UNIT ( $, .STERADIAN. ) SOLID_ANGLE_UNIT ( ) );
#4910 = DIRECTION ( 'NONE',  ( -1.000000000000000000, -5.728085021779797867E-16, 8.583663793918551117E-34 ) ) ;
#4911 = FACE_OUTER_BOUND ( 'NONE', #4441, .T. ) ;
#4912 = CARTESIAN_POINT ( 'NONE',  ( 17.00000000000000711, -10.99999999999999822, 0.7639320225002188547 ) ) ;
#4913 = VECTOR ( 'NONE', #7747, 1000.000000000000000 ) ;
#4914 = VECTOR ( 'NONE', #4243, 1000.000000000000000 ) ;
#4915 = ORIENTED_EDGE ( 'NONE', *, *, #8603, .F. ) ;
#4916 = CARTESIAN_POINT ( 'NONE',  ( -4.662500000000028066, -4.662500000000012079, 191.0000000000000000 ) ) ;
#4917 = EDGE_CURVE ( 'NONE', #7713, #3234, #6365, .T. ) ;
#4918 = EDGE_LOOP ( 'NONE', ( #7603, #6744, #3059, #6778 ) ) ;
#4919 = SURFACE_SIDE_STYLE ('',( #9445 ) ) ;
#4920 = EDGE_CURVE ( 'NONE', #9243, #5344, #4011, .T. ) ;
#4921 = ORIENTED_EDGE ( 'NONE', *, *, #5519, .T. ) ;
#4922 = FACE_OUTER_BOUND ( 'NONE', #7464, .T. ) ;
#4923 = ADVANCED_FACE ( 'NONE', ( #6460 ), #6415, .F. ) ;
#4924 = MECHANICAL_DESIGN_GEOMETRIC_PRESENTATION_REPRESENTATION (  '', ( #2059 ), #137 ) ;
#4925 = AXIS2_PLACEMENT_3D ( 'NONE', #3758, #7688, #4466 ) ;
#4926 = CARTESIAN_POINT ( 'NONE',  ( 17.49999999999963052, 2.126269531249993516, 206.8125000000000284 ) ) ;
#4927 = CARTESIAN_POINT ( 'NONE',  ( 17.99999999999963762, 2.410162562352728521, 208.0662374436725486 ) ) ;
#4928 = ORIENTED_EDGE ( 'NONE', *, *, #9794, .T. ) ;
#4929 = CARTESIAN_POINT ( 'NONE',  ( 17.49999999999963052, 2.445257983704552274, 207.2136999237905286 ) ) ;
#4930 = EDGE_CURVE ( 'NONE', #1966, #1536, #2477, .T. ) ;
#4931 =( NAMED_UNIT ( * ) SI_UNIT ( $, .STERADIAN. ) SOLID_ANGLE_UNIT ( ) );
#4932 = DIRECTION ( 'NONE',  ( 0.000000000000000000, -0.4829875504252271190, -0.8756272187033924403 ) ) ;
#4933 = LINE ( 'NONE', #7292, #484 ) ;
#4934 = ORIENTED_EDGE ( 'NONE', *, *, #5754, .T. ) ;
#4935 = CARTESIAN_POINT ( 'NONE',  ( 17.49999999999962697, 3.512499999999993516, 207.6875000000000568 ) ) ;
#4936 = CARTESIAN_POINT ( 'NONE',  ( 17.99999999999963052, 1.661524269768417827, 206.5933492331139973 ) ) ;
#4937 = EDGE_LOOP ( 'NONE', ( #8785, #8248, #4564, #3836 ) ) ;
#4938 = FACE_OUTER_BOUND ( 'NONE', #1950, .T. ) ;
#4939 = PLANE ( 'NONE',  #3337 ) ;
#4940 = CARTESIAN_POINT ( 'NONE',  ( -14.99999999999998046, 0.9999999999999983347, 108.0000000000000000 ) ) ;
#4941 = CARTESIAN_POINT ( 'NONE',  ( 17.49999999999963052, 2.391441402030203278, 207.6083450192777207 ) ) ;
#4942 = MECHANICAL_DESIGN_GEOMETRIC_PRESENTATION_REPRESENTATION (  '', ( #1593 ), #1901 ) ;
#4943 = DIRECTION ( 'NONE',  ( 1.000000000000000000, 0.000000000000000000, 0.000000000000000000 ) ) ;
#4944 = EDGE_CURVE ( 'NONE', #7170, #9369, #1859, .T. ) ;
#4945 = CARTESIAN_POINT ( 'NONE',  ( -14.62500000000000711, -1.014813233446432908E-13, 198.7500000000000000 ) ) ;
#4946 = DIRECTION ( 'NONE',  ( 0.7071067811865487940, 0.7071067811865462405, -0.000000000000000000 ) ) ;
#4947 =( NAMED_UNIT ( * ) SI_UNIT ( $, .STERADIAN. ) SOLID_ANGLE_UNIT ( ) );
#4948 = VERTEX_POINT ( 'NONE', #4811 ) ;
#4949 = CARTESIAN_POINT ( 'NONE',  ( 17.49999999999963052, 3.437884293341139763, 206.5368955216971187 ) ) ;
#4950 = ORIENTED_EDGE ( 'NONE', *, *, #8705, .F. ) ;
#4951 = PRESENTATION_STYLE_ASSIGNMENT (( #2657 ) ) ;
#4952 = CARTESIAN_POINT ( 'NONE',  ( 17.99999999999962697, 2.115828677561443438, 206.8128808545806976 ) ) ;
#4953 = VERTEX_POINT ( 'NONE', #4153 ) ;
#4954 = CARTESIAN_POINT ( 'NONE',  ( 17.99999999999963052, 2.449999999999994404, 207.3217773437500284 ) ) ;
#4955 = DIRECTION ( 'NONE',  ( -0.000000000000000000, -1.000000000000000000, -0.000000000000000000 ) ) ;
#4956 = DIRECTION ( 'NONE',  ( 1.000000000000000000, 1.029992063861167523E-14, 0.000000000000000000 ) ) ;
#4957 = MECHANICAL_DESIGN_GEOMETRIC_PRESENTATION_REPRESENTATION (  '', ( #4479 ), #6727 ) ;
#4958 = FILL_AREA_STYLE_COLOUR ( '', #6005 ) ;
#4959 =( NAMED_UNIT ( * ) PLANE_ANGLE_UNIT ( ) SI_UNIT ( $, .RADIAN. ) );
#4960 = CARTESIAN_POINT ( 'NONE',  ( 17.49999999999962697, 3.593948680655651096, 206.9617035697823155 ) ) ;
#4961 = DIRECTION ( 'NONE',  ( -0.000000000000000000, -0.000000000000000000, 1.000000000000000000 ) ) ;
#4962 = SURFACE_STYLE_FILL_AREA ( #411 ) ;
#4963 = ORIENTED_EDGE ( 'NONE', *, *, #571, .T. ) ;
#4964 = CARTESIAN_POINT ( 'NONE',  ( -11.87499999999999822, 3.000000000000000888, 197.0000000000000000 ) ) ;
#4965 = MECHANICAL_DESIGN_GEOMETRIC_PRESENTATION_REPRESENTATION (  '', ( #3689 ), #5126 ) ;
#4966 = CARTESIAN_POINT ( 'NONE',  ( 17.49999999999963407, -1.793164062500018918, 207.7587890625000000 ) ) ;
#4967 = ORIENTED_EDGE ( 'NONE', *, *, #9545, .F. ) ;
#4968 = DIRECTION ( 'NONE',  ( 6.245004513516508064E-14, -1.000000000000000000, 0.000000000000000000 ) ) ;
#4969 = VERTEX_POINT ( 'NONE', #213 ) ;
#4970 = FILL_AREA_STYLE_COLOUR ( '', #6304 ) ;
#4971 = CARTESIAN_POINT ( 'NONE',  ( 17.99999999999963052, 2.228849281220851797, 206.8312013270086425 ) ) ;
#4972 = CARTESIAN_POINT ( 'NONE',  ( 17.99999999999962341, 4.110701701078390613, 206.4928133370338799 ) ) ;
#4973 = AXIS2_PLACEMENT_3D ( 'NONE', #9327, #1093, #4144 ) ;
#4974 = ORIENTED_EDGE ( 'NONE', *, *, #3190, .T. ) ;
#4975 = MECHANICAL_DESIGN_GEOMETRIC_PRESENTATION_REPRESENTATION (  '', ( #2435 ), #7887 ) ;
#4976 = LINE ( 'NONE', #1175, #4019 ) ;
#4977 = CARTESIAN_POINT ( 'NONE',  ( 17.49999999999963052, 2.283967329123146150, 206.4201849858294509 ) ) ;
#4978 = SURFACE_STYLE_USAGE ( .BOTH. , #7158 ) ;
#4979 = ORIENTED_EDGE ( 'NONE', *, *, #8604, .F. ) ;
#4980 = CARTESIAN_POINT ( 'NONE',  ( 17.99999999999963407, 2.531556370266442535, 208.0147409846729829 ) ) ;
#4981 = PRESENTATION_LAYER_ASSIGNMENT (  '', '', ( #3861 ) ) ;
#4982 = AXIS2_PLACEMENT_3D ( 'NONE', #3637, #2045, #2197 ) ;
#4983 = CARTESIAN_POINT ( 'NONE',  ( 17.49999999999962697, 3.205773618909789846, 206.8221409555474963 ) ) ;
#4984 = PLANE ( 'NONE',  #5510 ) ;
#4985 = CARTESIAN_POINT ( 'NONE',  ( 17.49999999999962697, 2.618142278308930759, 208.7790608687302267 ) ) ;
#4986 = LINE ( 'NONE', #6447, #5198 ) ;
#4987 = CARTESIAN_POINT ( 'NONE',  ( -14.23521391893662269, 3.440252295891418122, 108.8963153266544310 ) ) ;
#4988 = CARTESIAN_POINT ( 'NONE',  ( 17.99999999999963407, 2.110382578919044239, 208.0822128734050693 ) ) ;
#4989 = ORIENTED_EDGE ( 'NONE', *, *, #3454, .F. ) ;
#4990 = UNCERTAINTY_MEASURE_WITH_UNIT (LENGTH_MEASURE( 1.000000000000000082E-05 ), #3147, 'distance_accuracy_value', 'NONE');
#4991 = CARTESIAN_POINT ( 'NONE',  ( 17.99999999999962697, 3.205773618909790290, 206.8221409555474963 ) ) ;
#4992 = ORIENTED_EDGE ( 'NONE', *, *, #3857, .F. ) ;
#4993 = MECHANICAL_DESIGN_GEOMETRIC_PRESENTATION_REPRESENTATION (  '', ( #1161 ), #4356 ) ;
#4994 = LINE ( 'NONE', #1196, #8947 ) ;
#4995 = ORIENTED_EDGE ( 'NONE', *, *, #9664, .F. ) ;
#4996 = PRESENTATION_STYLE_ASSIGNMENT (( #3451 ) ) ;
#4997 =( GEOMETRIC_REPRESENTATION_CONTEXT ( 3 ) GLOBAL_UNCERTAINTY_ASSIGNED_CONTEXT ( ( #4297 ) ) GLOBAL_UNIT_ASSIGNED_CONTEXT ( ( #3612, #6678, #65 ) ) REPRESENTATION_CONTEXT ( 'NONE', 'WORKASPACE' ) );
#4998 = ADVANCED_FACE ( 'NONE', ( #1009 ), #7134, .T. ) ;
#4999 = CARTESIAN_POINT ( 'NONE',  ( 17.49999999999962341, 4.072268750515891433, 207.0668588906946184 ) ) ;
#5000 = CARTESIAN_POINT ( 'NONE',  ( -12.62499999999999822, 0.000000000000000000, 191.0000000000000000 ) ) ;
#5001 = CARTESIAN_POINT ( 'NONE',  ( 17.49999999999962341, 2.709711993799036822, 206.7218118671509899 ) ) ;
#5002 = DIRECTION ( 'NONE',  ( -0.000000000000000000, 0.000000000000000000, 1.000000000000000000 ) ) ;
#5003 = FILL_AREA_STYLE_COLOUR ( '', #3762 ) ;
#5004 = CARTESIAN_POINT ( 'NONE',  ( 17.49999999999963052, 1.463533519399521143, 208.3544291580538186 ) ) ;
#5005 = AXIS2_PLACEMENT_3D ( 'NONE', #9524, #2645, #1885 ) ;
#5006 = EDGE_LOOP ( 'NONE', ( #1592, #5568, #2176, #1025 ) ) ;
#5007 = SURFACE_STYLE_FILL_AREA ( #9044 ) ;
#5008 = VERTEX_POINT ( 'NONE', #408 ) ;
#5009 = CARTESIAN_POINT ( 'NONE',  ( 17.49999999999962341, 4.543749999999993960, 207.6875000000000568 ) ) ;
#5010 = ORIENTED_EDGE ( 'NONE', *, *, #7383, .T. ) ;
#5011 = CARTESIAN_POINT ( 'NONE',  ( -16.99999999999999645, -11.99999999999999822, 99.00000000000000000 ) ) ;
#5012 = CARTESIAN_POINT ( 'NONE',  ( 17.99999999999962697, 4.066573623958159800, 206.4760189989756611 ) ) ;
#5013 = ADVANCED_FACE ( 'NONE', ( #6561 ), #1156, .T. ) ;
#5014 = CARTESIAN_POINT ( 'NONE',  ( -15.87499999999995914, -1.000000000000001776, 108.0000000000000000 ) ) ;
#5015 = EDGE_LOOP ( 'NONE', ( #3434, #6955, #8003, #1343 ) ) ;
#5016 = CARTESIAN_POINT ( 'NONE',  ( 17.49999999999962341, 4.229224064239723191, 208.8109156424732760 ) ) ;
#5017 = B_SPLINE_SURFACE_WITH_KNOTS ( 'NONE', 3, 1, ( 
 ( #4150, #1703 ),
 ( #1004, #7211 ),
 ( #955, #6358 ),
 ( #3222, #5515 ),
 ( #5607, #2659 ),
 ( #6255, #4002 ),
 ( #4806, #8643 ),
 ( #6309, #7078 ),
 ( #208, #3265 ),
 ( #5709, #9383 ),
 ( #8687, #1897 ),
 ( #2522, #8784 ),
 ( #4056, #1805 ),
 ( #4952, #7128 ),
 ( #257, #3323 ) ),
 .UNSPECIFIED., .F., .F., .F.,
 ( 4, 1, 1, 1, 1, 1, 1, 1, 1, 1, 1, 1, 4 ),
 ( 2, 2 ),
 ( 0.000000000000000000, 0.1513149748899930425, 0.2926265664829389435, 0.4278761614311641925, 0.5583078186967525003, 0.6220270875358198115, 0.6810452318806076155, 0.7371823958053350667, 0.7912109152963734404, 0.8432614804530385033, 0.8949508754006062494, 0.9470733742829997581, 1.000000000000000000 ),
 ( 0.000000000000000000, 1.000000000000000000 ),
 .UNSPECIFIED. ) ;
#5018 = CARTESIAN_POINT ( 'NONE',  ( -13.62500000000001954, 1.874731612229401101, 197.7500000000000000 ) ) ;
#5019 = FACE_OUTER_BOUND ( 'NONE', #2508, .T. ) ;
#5020 = CARTESIAN_POINT ( 'NONE',  ( -12.62499999999999822, 3.750000000000000444, 197.0000000000000000 ) ) ;
#5021 = CARTESIAN_POINT ( 'NONE',  ( -14.62499999999998224, -1.874731612229400435, 197.7500000000000000 ) ) ;
#5022 = STYLED_ITEM ( 'NONE', ( #2665 ), #4998 ) ;
#5023 = ORIENTED_EDGE ( 'NONE', *, *, #1300, .T. ) ;
#5024 = CARTESIAN_POINT ( 'NONE',  ( 17.99999999999963762, 2.410162562352728521, 208.0662374436725486 ) ) ;
#5025 = CARTESIAN_POINT ( 'NONE',  ( 17.99999999999963407, 1.541351898961228706, 206.7741358337268593 ) ) ;
#5026 = CARTESIAN_POINT ( 'NONE',  ( 17.49999999999962341, 3.188552969108196411, 208.5116924263749354 ) ) ;
#5027 = DIRECTION ( 'NONE',  ( 1.000000000000000000, 0.000000000000000000, 0.000000000000000000 ) ) ;
#5028 = CARTESIAN_POINT ( 'NONE',  ( -11.87499999999999822, -3.750000000000000444, 197.0000000000000000 ) ) ;
#5029 = CARTESIAN_POINT ( 'NONE',  ( -0.01720183486216997348, 0.05733944954057539067, 195.2500000000000000 ) ) ;
#5030 = VECTOR ( 'NONE', #3358, 1000.000000000000000 ) ;
#5031 = VECTOR ( 'NONE', #3863, 1000.000000000000000 ) ;
#5032 = LINE ( 'NONE', #6594, #369 ) ;
#5033 =( NAMED_UNIT ( * ) SI_UNIT ( $, .STERADIAN. ) SOLID_ANGLE_UNIT ( ) );
#5034 = LINE ( 'NONE', #9476, #9329 ) ;
#5035 = CARTESIAN_POINT ( 'NONE',  ( 17.99999999999962697, 2.154810033703184136, 208.0920755829917539 ) ) ;
#5036 = ORIENTED_EDGE ( 'NONE', *, *, #6077, .F. ) ;
#5037 = EDGE_CURVE ( 'NONE', #7952, #5344, #1960, .T. ) ;
#5038 = CARTESIAN_POINT ( 'NONE',  ( 17.49999999999962697, 3.477793800870984775, 206.5135492865707079 ) ) ;
#5039 = ORIENTED_EDGE ( 'NONE', *, *, #5900, .F. ) ;
#5040 =( GEOMETRIC_REPRESENTATION_CONTEXT ( 3 ) GLOBAL_UNCERTAINTY_ASSIGNED_CONTEXT ( ( #9939 ) ) GLOBAL_UNIT_ASSIGNED_CONTEXT ( ( #4782, #9212, #3048 ) ) REPRESENTATION_CONTEXT ( 'NONE', 'WORKASPACE' ) );
#5041 = EDGE_CURVE ( 'NONE', #5652, #472, #4257, .T. ) ;
#5042 = SURFACE_STYLE_USAGE ( .BOTH. , #7309 ) ;
#5043 = SURFACE_STYLE_USAGE ( .BOTH. , #2050 ) ;
#5044 = CARTESIAN_POINT ( 'NONE',  ( 17.99999999999963052, 2.158496093749993960, 208.5625000000000284 ) ) ;
#5045 = ADVANCED_FACE ( 'NONE', ( #6721 ), #2892, .T. ) ;
#5046 = EDGE_LOOP ( 'NONE', ( #5193, #8770, #733, #3511, #9287, #524, #1346, #9822, #2064, #1189, #7202, #1773 ) ) ;
#5047 = CARTESIAN_POINT ( 'NONE',  ( -15.62500000000006217, 4.624194836688377386, 195.2500000000000000 ) ) ;
#5048 = LINE ( 'NONE', #3412, #1856 ) ;
#5049 = LINE ( 'NONE', #8991, #2285 ) ;
#5050 = STYLED_ITEM ( 'NONE', ( #5173 ), #5780 ) ;
#5051 = UNCERTAINTY_MEASURE_WITH_UNIT (LENGTH_MEASURE( 1.000000000000000082E-05 ), #5176, 'distance_accuracy_value', 'NONE');
#5052 = SURFACE_STYLE_FILL_AREA ( #4823 ) ;
#5053 = SURFACE_STYLE_FILL_AREA ( #1252 ) ;
#5054 =( NAMED_UNIT ( * ) SI_UNIT ( $, .STERADIAN. ) SOLID_ANGLE_UNIT ( ) );
#5055 = DIRECTION ( 'NONE',  ( -1.000000000000000000, -5.728085021779797867E-16, 8.583663793918551117E-34 ) ) ;
#5056 = LINE ( 'NONE', #5954, #94 ) ;
#5057 = CARTESIAN_POINT ( 'NONE',  ( 13.73811336903257541, 4.500003074096112776, 108.6824575717903372 ) ) ;
#5058 = CIRCLE ( 'NONE', #1864, 0.8750000000000007772 ) ;
#5059 = ORIENTED_EDGE ( 'NONE', *, *, #6593, .F. ) ;
#5060 = EDGE_CURVE ( 'NONE', #5482, #305, #8592, .T. ) ;
#5061 = CARTESIAN_POINT ( 'NONE',  ( 17.99999999999963052, 1.861010290892737506, 207.5006292129513383 ) ) ;
#5062 = PRESENTATION_LAYER_ASSIGNMENT (  '', '', ( #8617 ) ) ;
#5063 = PRESENTATION_LAYER_ASSIGNMENT (  '', '', ( #3788 ) ) ;
#5064 = ORIENTED_EDGE ( 'NONE', *, *, #7580, .T. ) ;
#5065 = CARTESIAN_POINT ( 'NONE',  ( 17.49999999999962341, 4.516635796539206105, 208.1827796043741046 ) ) ;
#5066 = ORIENTED_EDGE ( 'NONE', *, *, #5629, .F. ) ;
#5067 = LINE ( 'NONE', #1215, #4400 ) ;
#5068 = CARTESIAN_POINT ( 'NONE',  ( -16.00000000000000000, 12.00000000000000178, 99.00000000000000000 ) ) ;
#5069 = SURFACE_STYLE_FILL_AREA ( #568 ) ;
#5070 = CARTESIAN_POINT ( 'NONE',  ( 17.49999999999962697, 2.339889703793232023, 206.9200819942334988 ) ) ;
#5071 = LINE ( 'NONE', #8862, #17 ) ;
#5072 = B_SPLINE_CURVE_WITH_KNOTS ( 'NONE', 3,
 ( #9683, #7974, #8882, #8684, #1994, #6501, #2709, #8118, #1238, #5144, #7460 ),
 .UNSPECIFIED., .F., .F.,
 ( 4, 1, 1, 1, 1, 1, 1, 1, 4 ),
 ( 0.000000000000000000, 0.1440889623402645536, 0.2758803691537084490, 0.3992627404775520028, 0.5150185267345387397, 0.6300404746326031535, 0.7455790149309514669, 0.8686895853269761547, 1.000000000000000000 ),
 .UNSPECIFIED. ) ;
#5073 = AXIS2_PLACEMENT_3D ( 'NONE', #6664, #1962, #3553 ) ;
#5074 = LINE ( 'NONE', #478, #6642 ) ;
#5075 = MECHANICAL_DESIGN_GEOMETRIC_PRESENTATION_REPRESENTATION (  '', ( #4760 ), #2848 ) ;
#5076 = EDGE_LOOP ( 'NONE', ( #4392, #8235, #9750, #9522 ) ) ;
#5077 = CARTESIAN_POINT ( 'NONE',  ( 17.49999999999963052, 3.815234374999993516, 208.9375000000000568 ) ) ;
#5078 = FACE_OUTER_BOUND ( 'NONE', #2307, .T. ) ;
#5079 = CARTESIAN_POINT ( 'NONE',  ( 17.99999999999963052, 3.609957437522214985, 208.9134337853711543 ) ) ;
#5080 = ADVANCED_FACE ( 'NONE', ( #2578 ), #4004, .T. ) ;
#5081 = LINE ( 'NONE', #5130, #7195 ) ;
#5082 =( GEOMETRIC_REPRESENTATION_CONTEXT ( 3 ) GLOBAL_UNCERTAINTY_ASSIGNED_CONTEXT ( ( #1682 ) ) GLOBAL_UNIT_ASSIGNED_CONTEXT ( ( #1045, #4702, #4054 ) ) REPRESENTATION_CONTEXT ( 'NONE', 'WORKASPACE' ) );
#5083 = EDGE_LOOP ( 'NONE', ( #4333, #5970, #7260, #3643, #4928, #4915 ) ) ;
#5084 = STYLED_ITEM ( 'NONE', ( #7916 ), #8895 ) ;
#5085 = DIRECTION ( 'NONE',  ( 1.445602896647339163E-16, -1.000000000000000000, 0.000000000000000000 ) ) ;
#5086 = CARTESIAN_POINT ( 'NONE',  ( 17.49999999999963052, 3.708756172803381546, 206.4433111146681199 ) ) ;
#5087 = SURFACE_SIDE_STYLE ('',( #2035 ) ) ;
#5088 = CARTESIAN_POINT ( 'NONE',  ( 17.49999999999963407, 4.033642376763790338, 208.4133502155476947 ) ) ;
#5089 = FILL_AREA_STYLE ('',( #2849 ) ) ;
#5090 = CARTESIAN_POINT ( 'NONE',  ( -15.76493513117915768, -2.559949524672203047, 108.9848753336628988 ) ) ;
#5091 = VECTOR ( 'NONE', #6904, 1000.000000000000000 ) ;
#5092 = FILL_AREA_STYLE ('',( #1942 ) ) ;
#5093 = PRESENTATION_LAYER_ASSIGNMENT (  '', '', ( #9595 ) ) ;
#5094 = CARTESIAN_POINT ( 'NONE',  ( -14.55826579998661785, 3.763900649801328768, 108.8433046708469334 ) ) ;
#5095 = CARTESIAN_POINT ( 'NONE',  ( 17.99999999999963052, 4.543749999999994849, 207.6875000000000853 ) ) ;
#5096 = VERTEX_POINT ( 'NONE', #4859 ) ;
#5097 = UNCERTAINTY_MEASURE_WITH_UNIT (LENGTH_MEASURE( 1.000000000000000082E-05 ), #7592, 'distance_accuracy_value', 'NONE');
#5098 = CARTESIAN_POINT ( 'NONE',  ( 17.49999999999962697, 3.519666008439223059, 206.4929394463522954 ) ) ;
#5099 = ORIENTED_EDGE ( 'NONE', *, *, #6881, .T. ) ;
#5100 = PRESENTATION_LAYER_ASSIGNMENT (  '', '', ( #8799 ) ) ;
#5101 = EDGE_CURVE ( 'NONE', #166, #7013, #1131, .T. ) ;
#5102 = FACE_BOUND ( 'NONE', #5975, .T. ) ;
#5103 = CARTESIAN_POINT ( 'NONE',  ( 17.49999999999962697, 3.551797789043127818, 208.3076669345818459 ) ) ;
#5104 = ORIENTED_EDGE ( 'NONE', *, *, #1539, .F. ) ;
#5105 = LINE ( 'NONE', #8030, #1052 ) ;
#5106 = SURFACE_STYLE_FILL_AREA ( #512 ) ;
#5107 = MECHANICAL_DESIGN_GEOMETRIC_PRESENTATION_REPRESENTATION (  '', ( #2885 ), #8654 ) ;
#5108 = CARTESIAN_POINT ( 'NONE',  ( 16.23200564476300300, -11.97447119881434396, 99.73749274096728357 ) ) ;
#5109 =( NAMED_UNIT ( * ) SI_UNIT ( $, .STERADIAN. ) SOLID_ANGLE_UNIT ( ) );
#5110 = SURFACE_STYLE_USAGE ( .BOTH. , #461 ) ;
#5111 = PRESENTATION_STYLE_ASSIGNMENT (( #6417 ) ) ;
#5112 = CARTESIAN_POINT ( 'NONE',  ( 17.49999999999962697, 1.538105006586047097, 208.5304671590533303 ) ) ;
#5113 = COLOUR_RGB ( '',1.000000000000000000, 0.7490196078431372584, 0.000000000000000000 ) ;
#5114 = ORIENTED_EDGE ( 'NONE', *, *, #763, .F. ) ;
#5115 = CARTESIAN_POINT ( 'NONE',  ( 17.99999999999963052, 2.157519531249994404, 207.7500000000000568 ) ) ;
#5116 = ORIENTED_EDGE ( 'NONE', *, *, #8750, .T. ) ;
#5117 = CARTESIAN_POINT ( 'NONE',  ( 17.99999999999962697, 4.429492187499993072, 208.5366210937500284 ) ) ;
#5118 = ORIENTED_EDGE ( 'NONE', *, *, #6184, .F. ) ;
#5119 = CARTESIAN_POINT ( 'NONE',  ( 17.49999999999961986, 3.558398437499993516, 207.0527343750000568 ) ) ;
#5120 =( LENGTH_UNIT ( ) NAMED_UNIT ( * ) SI_UNIT ( .MILLI., .METRE. ) );
#5121 = FACE_OUTER_BOUND ( 'NONE', #2695, .T. ) ;
#5122 = FILL_AREA_STYLE_COLOUR ( '', #1236 ) ;
#5123 = ADVANCED_BREP_SHAPE_REPRESENTATION ( '3s Turnigy Li-Po battery', ( #9454, #457 ), #2553 ) ;
#5124 = ORIENTED_EDGE ( 'NONE', *, *, #7045, .T. ) ;
#5125 = CARTESIAN_POINT ( 'NONE',  ( 17.49999999999963052, 1.825527723973102479, 208.0347982170202954 ) ) ;
#5126 =( GEOMETRIC_REPRESENTATION_CONTEXT ( 3 ) GLOBAL_UNCERTAINTY_ASSIGNED_CONTEXT ( ( #8437 ) ) GLOBAL_UNIT_ASSIGNED_CONTEXT ( ( #4455, #5357, #8431 ) ) REPRESENTATION_CONTEXT ( 'NONE', 'WORKASPACE' ) );
#5127 = COLOUR_RGB ( '',1.000000000000000000, 0.7490196078431372584, 0.000000000000000000 ) ;
#5128 = DIRECTION ( 'NONE',  ( -0.7071067811865485719, -0.7071067811865465735, 0.000000000000000000 ) ) ;
#5129 = EDGE_CURVE ( 'NONE', #663, #7098, #8645, .T. ) ;
#5130 = CARTESIAN_POINT ( 'NONE',  ( -1.176359357146760478E-15, 5.425000000000030909, 191.7500000000000000 ) ) ;
#5131 = CARTESIAN_POINT ( 'NONE',  ( 17.49999999999962341, 1.826605627199249682, 207.9812079257295636 ) ) ;
#5132 = VERTEX_POINT ( 'NONE', #9385 ) ;
#5133 =( NAMED_UNIT ( * ) SI_UNIT ( $, .STERADIAN. ) SOLID_ANGLE_UNIT ( ) );
#5134 = CARTESIAN_POINT ( 'NONE',  ( 17.49999999999964828, 1.596933232568782168, 206.6763453816255947 ) ) ;
#5136 = PRESENTATION_LAYER_ASSIGNMENT (  '', '', ( #6259 ) ) ;
#5135 = LINE ( 'NONE', #8209, #1498 ) ;
#5137 = AXIS2_PLACEMENT_3D ( 'NONE', #4694, #890, #6995 ) ;
#5138 = CARTESIAN_POINT ( 'NONE',  ( -15.53735318452567071, -2.299817094788017879, 108.9958400040877109 ) ) ;
#5139 = SURFACE_STYLE_USAGE ( .BOTH. , #6643 ) ;
#5140 = CARTESIAN_POINT ( 'NONE',  ( -15.85233663012614080, 3.228533749509172157, 108.9248213681011634 ) ) ;
#5141 = CARTESIAN_POINT ( 'NONE',  ( 17.99999999999961986, 3.943732448137940771, 206.8718276528141757 ) ) ;
#5142 = COLOUR_RGB ( '',0.03921568627450980338, 0.3019607843137254721, 0.9725490196078431238 ) ;
#5143 = FILL_AREA_STYLE ('',( #6036 ) ) ;
#5144 = CARTESIAN_POINT ( 'NONE',  ( 17.99999999999963052, 3.830911764317241897, 208.5305979931054310 ) ) ;
#5145 = ORIENTED_EDGE ( 'NONE', *, *, #9353, .T. ) ;
#5146 = CARTESIAN_POINT ( 'NONE',  ( 17.49999999999962697, 3.245383072782976441, 206.7450255022803844 ) ) ;
#5147 = VERTEX_POINT ( 'NONE', #3224 ) ;
#5148 = DIRECTION ( 'NONE',  ( -0.000000000000000000, -0.000000000000000000, -1.000000000000000000 ) ) ;
#5149 =( NAMED_UNIT ( * ) PLANE_ANGLE_UNIT ( ) SI_UNIT ( $, .RADIAN. ) );
#5150 = EDGE_LOOP ( 'NONE', ( #9284, #8413, #271, #8672, #5783, #7689 ) ) ;
#5151 = CARTESIAN_POINT ( 'NONE',  ( 17.99999999999963762, 2.279358744905681800, 207.7220765438395915 ) ) ;
#5152 = AXIS2_PLACEMENT_3D ( 'NONE', #349, #1096, #948 ) ;
#5153 = DIRECTION ( 'NONE',  ( -1.000000000000000000, -5.728085021779797867E-16, 8.583663793918551117E-34 ) ) ;
#5154 = COLOUR_RGB ( '',1.000000000000000000, 1.000000000000000000, 1.000000000000000000 ) ;
#5155 = CARTESIAN_POINT ( 'NONE',  ( 17.49999999999964118, 1.638893281016414738, 208.6863800410782801 ) ) ;
#5156 = PRODUCT_DEFINITION ( 'UNKNOWN', '', #6531, #1250 ) ;
#5157 =( NAMED_UNIT ( * ) PLANE_ANGLE_UNIT ( ) SI_UNIT ( $, .RADIAN. ) );
#5158 = DIRECTION ( 'NONE',  ( 0.000000000000000000, -0.4467959804275458136, -0.8946358766972115628 ) ) ;
#5159 = CARTESIAN_POINT ( 'NONE',  ( 16.00000000000090594, 2.500000000000092371, 108.9874921777192753 ) ) ;
#5160 = DIRECTION ( 'NONE',  ( 1.000000000000000000, 0.000000000000000000, -0.000000000000000000 ) ) ;
#5161 = VECTOR ( 'NONE', #1764, 1000.000000000000000 ) ;
#5162 = ORIENTED_EDGE ( 'NONE', *, *, #3146, .F. ) ;
#5163 = CARTESIAN_POINT ( 'NONE',  ( 17.99999999999962697, 1.919528250660171853, 207.6145437755853607 ) ) ;
#5164 = ORIENTED_EDGE ( 'NONE', *, *, #7417, .F. ) ;
#5165 = CARTESIAN_POINT ( 'NONE',  ( 17.49999999999961986, 3.558398437499993516, 207.0527343750000568 ) ) ;
#5166 = VECTOR ( 'NONE', #6922, 1000.000000000000000 ) ;
#5167 = ADVANCED_FACE ( 'NONE', ( #8546, #7741, #6935, #2369, #7792 ), #5418, .T. ) ;
#5168 = EDGE_CURVE ( 'NONE', #5450, #7713, #7213, .T. ) ;
#5169 = CARTESIAN_POINT ( 'NONE',  ( 17.49999999999963407, 3.365061470390756426, 208.7812138857193816 ) ) ;
#5170 = CARTESIAN_POINT ( 'NONE',  ( 17.99999999999963052, 2.354325951788267535, 208.9161302930936586 ) ) ;
#5171 = EDGE_CURVE ( 'NONE', #3939, #258, #2005, .T. ) ;
#5172 = PRESENTATION_STYLE_ASSIGNMENT (( #4372 ) ) ;
#5173 = PRESENTATION_STYLE_ASSIGNMENT (( #4327 ) ) ;
#5174 = ORIENTED_EDGE ( 'NONE', *, *, #6247, .T. ) ;
#5175 = CARTESIAN_POINT ( 'NONE',  ( 17.49999999999961986, 4.537206093894587511, 207.4232299853033794 ) ) ;
#5176 =( LENGTH_UNIT ( ) NAMED_UNIT ( * ) SI_UNIT ( .MILLI., .METRE. ) );
#5177 = LINE ( 'NONE', #482, #520 ) ;
#5178 = PRESENTATION_STYLE_ASSIGNMENT (( #4332 ) ) ;
#5179 = ORIENTED_EDGE ( 'NONE', *, *, #5629, .T. ) ;
#5180 = CARTESIAN_POINT ( 'NONE',  ( 17.99999999999963052, 2.789566512352566807, 207.7079736411794499 ) ) ;
#5181 = SURFACE_SIDE_STYLE ('',( #1279 ) ) ;
#5182 =( NAMED_UNIT ( * ) PLANE_ANGLE_UNIT ( ) SI_UNIT ( $, .RADIAN. ) );
#5183 = CARTESIAN_POINT ( 'NONE',  ( 12.49999999999962519, 2.499999999999999556, 215.7500000000000853 ) ) ;
#5184 = CARTESIAN_POINT ( 'NONE',  ( -15.44189352460275266, 2.236121949101525175, 108.9973089768866430 ) ) ;
#5185 = SURFACE_SIDE_STYLE ('',( #9167 ) ) ;
#5186 = VERTEX_POINT ( 'NONE', #5047 ) ;
#5187 = CARTESIAN_POINT ( 'NONE',  ( 16.49999999999962697, 1.000000000000000000, 216.2500000000000853 ) ) ;
#5188 = VECTOR ( 'NONE', #9438, 1000.000000000000000 ) ;
#5189 = AXIS2_PLACEMENT_3D ( 'NONE', #5677, #2731, #3467 ) ;
#5190 = VERTEX_POINT ( 'NONE', #9485 ) ;
#5191 = UNCERTAINTY_MEASURE_WITH_UNIT (LENGTH_MEASURE( 1.000000000000000082E-05 ), #8396, 'distance_accuracy_value', 'NONE');
#5192 = DIRECTION ( 'NONE',  ( 0.000000000000000000, -1.000000000000000000, 0.000000000000000000 ) ) ;
#5193 = ORIENTED_EDGE ( 'NONE', *, *, #8313, .T. ) ;
#5194 = B_SPLINE_SURFACE_WITH_KNOTS ( 'NONE', 3, 1, ( 
 ( #2582, #1110 ),
 ( #7320, #1813 ),
 ( #460, #1056 ),
 ( #9542, #3504 ),
 ( #2619, #1961 ),
 ( #4108, #7178 ),
 ( #312, #2666 ),
 ( #6514, #3368 ),
 ( #8796, #5001 ),
 ( #5664, #8743 ),
 ( #2721, #5715 ) ),
 .UNSPECIFIED., .F., .F., .F.,
 ( 4, 1, 1, 1, 1, 1, 1, 1, 4 ),
 ( 2, 2 ),
 ( 0.000000000000000000, 0.1400282003168415168, 0.2748929970091747443, 0.4037760303667294326, 0.5281298201608586318, 0.6490095926725262254, 0.7677827492806615917, 0.8840861351216373620, 1.000000000000000000 ),
 ( 0.000000000000000000, 1.000000000000000000 ),
 .UNSPECIFIED. ) ;
#5195 = CARTESIAN_POINT ( 'NONE',  ( -15.62500000000000355, 1.874463224458913002, 195.2500000000000000 ) ) ;
#5196 = CARTESIAN_POINT ( 'NONE',  ( -15.99999999999999645, -11.99999999999999822, 109.0000000000000000 ) ) ;
#5197 = CARTESIAN_POINT ( 'NONE',  ( 17.49999999999962697, 3.536448478601552203, 208.2212626650426159 ) ) ;
#5198 = VECTOR ( 'NONE', #9576, 1000.000000000000000 ) ;
#5199 = SURFACE_STYLE_USAGE ( .BOTH. , #9792 ) ;
#5200 = MECHANICAL_DESIGN_GEOMETRIC_PRESENTATION_REPRESENTATION (  '', ( #5530 ), #2650 ) ;
#5201 = LINE ( 'NONE', #2869, #363 ) ;
#5202 = DIRECTION ( 'NONE',  ( 1.000000000000000000, 1.029992063861167523E-14, 0.000000000000000000 ) ) ;
#5203 = VECTOR ( 'NONE', #392, 1000.000000000000000 ) ;
#5204 = CARTESIAN_POINT ( 'NONE',  ( 17.49999999999963407, 1.463533519399521143, 208.3544291580538186 ) ) ;
#5205 = EDGE_CURVE ( 'NONE', #122, #663, #8736, .T. ) ;
#5206 = FACE_OUTER_BOUND ( 'NONE', #9321, .T. ) ;
#5207 =( LENGTH_UNIT ( ) NAMED_UNIT ( * ) SI_UNIT ( .MILLI., .METRE. ) );
#5208 = SURFACE_SIDE_STYLE ('',( #1416 ) ) ;
#5209 = CARTESIAN_POINT ( 'NONE',  ( 15.99999999999999645, 2.631305568736977296, 108.9809186772647109 ) ) ;
#5210 = ORIENTED_EDGE ( 'NONE', *, *, #3881, .T. ) ;
#5211 =( LENGTH_UNIT ( ) NAMED_UNIT ( * ) SI_UNIT ( .MILLI., .METRE. ) );
#5212 = MECHANICAL_DESIGN_GEOMETRIC_PRESENTATION_REPRESENTATION (  '', ( #3154 ), #6829 ) ;
#5213 = AXIS2_PLACEMENT_3D ( 'NONE', #9490, #5663, #8648 ) ;
#5214 = VERTEX_POINT ( 'NONE', #7363 ) ;
#5215 = CARTESIAN_POINT ( 'NONE',  ( 17.49999999999963762, 2.145932811444292376, 207.7496754084053521 ) ) ;
#5216 = UNCERTAINTY_MEASURE_WITH_UNIT (LENGTH_MEASURE( 1.000000000000000082E-05 ), #7477, 'distance_accuracy_value', 'NONE');
#5217 = ORIENTED_EDGE ( 'NONE', *, *, #4748, .T. ) ;
#5218 = CARTESIAN_POINT ( 'NONE',  ( 2.514276695296471242, 2.514276695296464137, 212.0000000000000853 ) ) ;
#5219 = VECTOR ( 'NONE', #5319, 1000.000000000000000 ) ;
#5220 = CARTESIAN_POINT ( 'NONE',  ( 17.99999999999963052, 1.986826007127235894, 208.9186223125504682 ) ) ;
#5221 = SURFACE_STYLE_FILL_AREA ( #2171 ) ;
#5222 = CARTESIAN_POINT ( 'NONE',  ( 17.49999999999962697, 2.469820289247955714, 208.8765070768798751 ) ) ;
#5223 = SURFACE_STYLE_FILL_AREA ( #2888 ) ;
#5224 = LINE ( 'NONE', #8294, #8749 ) ;
#5225 = VERTEX_POINT ( 'NONE', #6606 ) ;
#5226 = PRESENTATION_STYLE_ASSIGNMENT (( #8350 ) ) ;
#5227 = VECTOR ( 'NONE', #2204, 1000.000000000000000 ) ;
#5228 = EDGE_CURVE ( 'NONE', #7228, #3324, #3500, .T. ) ;
#5229 = CARTESIAN_POINT ( 'NONE',  ( 17.99999999999963407, 3.365061470390756870, 208.7812138857193816 ) ) ;
#5230 = ADVANCED_FACE ( 'NONE', ( #4202 ), #558, .T. ) ;
#5231 = CARTESIAN_POINT ( 'NONE',  ( 17.99999999999962341, 4.072268750515891433, 207.0668588906946184 ) ) ;
#5232 = ORIENTED_EDGE ( 'NONE', *, *, #3133, .F. ) ;
#5233 =( NAMED_UNIT ( * ) SI_UNIT ( $, .STERADIAN. ) SOLID_ANGLE_UNIT ( ) );
#5234 = DIRECTION ( 'NONE',  ( -8.583663793918551117E-34, 0.000000000000000000, -1.000000000000000000 ) ) ;
#5235 = LINE ( 'NONE', #2994, #3486 ) ;
#5236 = PRESENTATION_LAYER_ASSIGNMENT (  '', '', ( #7171 ) ) ;
#5237 = VECTOR ( 'NONE', #8503, 1000.000000000000000 ) ;
#5238 = CARTESIAN_POINT ( 'NONE',  ( 12.49999999999962874, -2.500000000000000444, 216.2500000000000853 ) ) ;
#5239 = CARTESIAN_POINT ( 'NONE',  ( 17.99999999999963407, 3.921712789709932867, 208.9316893269025002 ) ) ;
#5240 =( NAMED_UNIT ( * ) PLANE_ANGLE_UNIT ( ) SI_UNIT ( $, .RADIAN. ) );
#5241 = EDGE_CURVE ( 'NONE', #5214, #9888, #2867, .T. ) ;
#5242 =( NAMED_UNIT ( * ) PLANE_ANGLE_UNIT ( ) SI_UNIT ( $, .RADIAN. ) );
#5243 = ORIENTED_EDGE ( 'NONE', *, *, #3455, .F. ) ;
#5244 = CARTESIAN_POINT ( 'NONE',  ( 11.87499999999963229, 0.000000000000000000, 216.2500000000000853 ) ) ;
#5245 = LINE ( 'NONE', #3002, #7667 ) ;
#5246 = VECTOR ( 'NONE', #5365, 1000.000000000000000 ) ;
#5247 = COLOUR_RGB ( '',1.000000000000000000, 0.7490196078431372584, 0.000000000000000000 ) ;
#5248 = PLANE ( 'NONE',  #1426 ) ;
#5249 = ORIENTED_EDGE ( 'NONE', *, *, #7441, .F. ) ;
#5250 = CARTESIAN_POINT ( 'NONE',  ( 17.99999999999963407, 3.921712789709932867, 208.9316893269025002 ) ) ;
#5251 = ORIENTED_EDGE ( 'NONE', *, *, #3096, .T. ) ;
#5252 = LINE ( 'NONE', #4500, #9352 ) ;
#5253 = CARTESIAN_POINT ( 'NONE',  ( -14.46119801276334549, -3.698786422980223865, 108.8549888059462205 ) ) ;
#5254 = CARTESIAN_POINT ( 'NONE',  ( 17.99999999999963052, 2.372510860815592704, 207.6376424214228393 ) ) ;
#5255 = EDGE_CURVE ( 'NONE', #8387, #1368, #7517, .T. ) ;
#5256 = EDGE_CURVE ( 'NONE', #2147, #6934, #8376, .T. ) ;
#5257 = PLANE ( 'NONE',  #4809 ) ;
#5258 = CARTESIAN_POINT ( 'NONE',  ( 0.000000000000000000, -1.999999999999998224, 99.00000000000000000 ) ) ;
#5259 = UNCERTAINTY_MEASURE_WITH_UNIT (LENGTH_MEASURE( 1.000000000000000082E-05 ), #9762, 'distance_accuracy_value', 'NONE');
#5260 = STYLED_ITEM ( 'NONE', ( #8215 ), #9462 ) ;
#5261 = LINE ( 'NONE', #702, #2212 ) ;
#5262 = LINE ( 'NONE', #6003, #8104 ) ;
#5263 = CARTESIAN_POINT ( 'NONE',  ( 17.49999999999964473, 1.965827975257609328, 208.4843701316019065 ) ) ;
#5264 = VERTEX_POINT ( 'NONE', #7416 ) ;
#5265 = COLOUR_RGB ( '',1.000000000000000000, 0.7490196078431372584, 0.000000000000000000 ) ;
#5266 = ORIENTED_EDGE ( 'NONE', *, *, #3405, .T. ) ;
#5267 = ORIENTED_EDGE ( 'NONE', *, *, #959, .F. ) ;
#5268 = CARTESIAN_POINT ( 'NONE',  ( 17.49999999999963052, 1.413961105225020498, 207.2787541787828332 ) ) ;
#5269 =( NAMED_UNIT ( * ) PLANE_ANGLE_UNIT ( ) SI_UNIT ( $, .RADIAN. ) );
#5270 = DIRECTION ( 'NONE',  ( -0.9578262852211586464, -0.2873478855663213483, 0.000000000000000000 ) ) ;
#5271 = CARTESIAN_POINT ( 'NONE',  ( 17.49999999999962697, 2.401073110991139181, 207.0290277684576381 ) ) ;
#5272 = CARTESIAN_POINT ( 'NONE',  ( -14.99999999999995914, -1.000000000000001776, 108.0000000000000000 ) ) ;
#5273 = CARTESIAN_POINT ( 'NONE',  ( 17.49999999999963052, -1.922558593750006484, 209.0000000000000568 ) ) ;
#5274 = ORIENTED_EDGE ( 'NONE', *, *, #2229, .T. ) ;
#5275 = DIRECTION ( 'NONE',  ( 0.000000000000000000, -0.000000000000000000, -1.000000000000000000 ) ) ;
#5276 = B_SPLINE_SURFACE_WITH_KNOTS ( 'NONE', 3, 1, ( 
 ( #2314, #2151 ),
 ( #696, #5356 ),
 ( #1294, #247 ),
 ( #49, #3895 ),
 ( #7022, #943 ),
 ( #9325, #7675 ),
 ( #8426, #3216 ),
 ( #93, #8578 ),
 ( #1549, #4797 ),
 ( #3114, #6968 ),
 ( #3948, #8632 ) ),
 .UNSPECIFIED., .F., .F., .F.,
 ( 4, 1, 1, 1, 1, 1, 1, 1, 4 ),
 ( 2, 2 ),
 ( 0.000000000000000000, 0.1549437864281181798, 0.2989181743483522169, 0.4334097818455280304, 0.5596603401954908241, 0.6773843817687859037, 0.7888281110535896312, 0.8965936203003666005, 1.000000000000000000 ),
 ( 0.000000000000000000, 1.000000000000000000 ),
 .UNSPECIFIED. ) ;
#5277 =( NAMED_UNIT ( * ) PLANE_ANGLE_UNIT ( ) SI_UNIT ( $, .RADIAN. ) );
#5278 = CARTESIAN_POINT ( 'NONE',  ( 17.49999999999962697, 3.271262422811110238, 208.6730621786945221 ) ) ;
#5279 = DIRECTION ( 'NONE',  ( 1.000000000000000000, 1.040834085586025565E-14, 0.000000000000000000 ) ) ;
#5280 = PRESENTATION_LAYER_ASSIGNMENT (  '', '', ( #7863 ) ) ;
#5281 = FILL_AREA_STYLE_COLOUR ( '', #8019 ) ;
#5282 = CARTESIAN_POINT ( 'NONE',  ( 17.49999999999963407, 2.531556370266442091, 208.0147409846729829 ) ) ;
#5283 = EDGE_CURVE ( 'NONE', #7718, #7532, #4503, .T. ) ;
#5284 = VERTEX_POINT ( 'NONE', #1495 ) ;
#5285 =( NAMED_UNIT ( * ) PLANE_ANGLE_UNIT ( ) SI_UNIT ( $, .RADIAN. ) );
#5286 = CARTESIAN_POINT ( 'NONE',  ( 17.99999999999963052, 2.856249999999994404, 207.2910156250000568 ) ) ;
#5287 = CARTESIAN_POINT ( 'NONE',  ( 17.49999999999963407, 4.408435358735309784, 208.5848336069582842 ) ) ;
#5288 = CARTESIAN_POINT ( 'NONE',  ( 17.49999999999962341, 3.649260102698383523, 208.4798605423590914 ) ) ;
#5289 = LINE ( 'NONE', #9827, #4568 ) ;
#5290 = ORIENTED_EDGE ( 'NONE', *, *, #770, .F. ) ;
#5291 = MECHANICAL_DESIGN_GEOMETRIC_PRESENTATION_REPRESENTATION (  '', ( #4324 ), #7364 ) ;
#5292 = PLANE ( 'NONE',  #184 ) ;
#5293 = ORIENTED_EDGE ( 'NONE', *, *, #9359, .F. ) ;
#5294 = LINE ( 'NONE', #3053, #6772 ) ;
#5295 = CARTESIAN_POINT ( 'NONE',  ( 17.99999999999962697, 3.198535156249993960, 208.5366210937500284 ) ) ;
#5296 = SURFACE_SIDE_STYLE ('',( #8934 ) ) ;
#5297 = DIRECTION ( 'NONE',  ( 0.000000000000000000, 0.000000000000000000, -1.000000000000000000 ) ) ;
#5298 = VERTEX_POINT ( 'NONE', #6766 ) ;
#5299 = UNCERTAINTY_MEASURE_WITH_UNIT (LENGTH_MEASURE( 1.000000000000000082E-05 ), #7358, 'distance_accuracy_value', 'NONE');
#5300 = PRESENTATION_LAYER_ASSIGNMENT (  '', '', ( #2099 ) ) ;
#5301 = CARTESIAN_POINT ( 'NONE',  ( 17.99999999999962697, 4.408435358735309784, 208.5848336069582842 ) ) ;
#5302 = ORIENTED_EDGE ( 'NONE', *, *, #1315, .T. ) ;
#5303 = DIRECTION ( 'NONE',  ( -0.000000000000000000, -0.000000000000000000, 1.000000000000000000 ) ) ;
#5304 = DIRECTION ( 'NONE',  ( -0.000000000000000000, 0.000000000000000000, -1.000000000000000000 ) ) ;
#5305 = ADVANCED_FACE ( 'NONE', ( #5306 ), #5276, .T. ) ;
#5306 = FACE_OUTER_BOUND ( 'NONE', #5346, .T. ) ;
#5307 = LINE ( 'NONE', #51, #6164 ) ;
#5308 = CARTESIAN_POINT ( 'NONE',  ( -15.62499999999999289, 0.8744632244589126691, 198.7500000000000000 ) ) ;
#5309 = B_SPLINE_CURVE_WITH_KNOTS ( 'NONE', 3,
 ( #1793, #7829, #7924, #3395, #147, #245, #942, #7203, #7966, #343, #4693, #8676, #1036, #5645, #2562, #1840, #4090, #2646, #8629 ),
 .UNSPECIFIED., .F., .F.,
 ( 4, 1, 1, 1, 1, 1, 1, 1, 1, 1, 1, 1, 1, 1, 1, 1, 4 ),
 ( 0.000000000000000000, 0.06771227651365734068, 0.1334578375257013394, 0.1972155453602171260, 0.2591095990785382552, 0.3196227070489921496, 0.3790627566284296979, 0.4378205448746770867, 0.4962342142713612181, 0.5548598881554074325, 0.6138941541894750165, 0.6740216197317999702, 0.7352734186882139422, 0.7984201137889469502, 0.8633229003241180699, 0.9302374667885376924, 1.000000000000000000 ),
 .UNSPECIFIED. ) ;
#5310 = LINE ( 'NONE', #5901, #7721 ) ;
#5311 = CARTESIAN_POINT ( 'NONE',  ( 17.99999999999963052, 1.570304536001098317, 208.5835890961145651 ) ) ;
#5312 = UNCERTAINTY_MEASURE_WITH_UNIT (LENGTH_MEASURE( 1.000000000000000082E-05 ), #2633, 'distance_accuracy_value', 'NONE');
#5313 = CARTESIAN_POINT ( 'NONE',  ( 15.49999999999963052, -7.825000000000000178, 212.0000000000000853 ) ) ;
#5314 =( NAMED_UNIT ( * ) SI_UNIT ( $, .STERADIAN. ) SOLID_ANGLE_UNIT ( ) );
#5315 = STYLED_ITEM ( 'NONE', ( #456 ), #2282 ) ;
#5316 = FILL_AREA_STYLE ('',( #7789 ) ) ;
#5317 = ORIENTED_EDGE ( 'NONE', *, *, #4030, .T. ) ;
#5318 = STYLED_ITEM ( 'NONE', ( #1398 ), #1303 ) ;
#5319 = DIRECTION ( 'NONE',  ( -0.9578262852211586464, -0.2873478855663213483, 0.000000000000000000 ) ) ;
#5320 = EDGE_CURVE ( 'NONE', #8366, #3076, #535, .T. ) ;
#5321 = PRESENTATION_LAYER_ASSIGNMENT (  '', '', ( #1161 ) ) ;
#5322 = ORIENTED_EDGE ( 'NONE', *, *, #1064, .T. ) ;
#5323 = VERTEX_POINT ( 'NONE', #3846 ) ;
#5324 = PRESENTATION_STYLE_ASSIGNMENT (( #7796 ) ) ;
#5325 = CARTESIAN_POINT ( 'NONE',  ( -12.62499999999999822, 3.750000000000000444, 194.2500000000000000 ) ) ;
#5326 = VECTOR ( 'NONE', #2531, 1000.000000000000000 ) ;
#5327 = CARTESIAN_POINT ( 'NONE',  ( 17.99999999999963407, 2.180486858278851692, 208.9370368750878129 ) ) ;
#5328 = ADVANCED_FACE ( 'NONE', ( #4602 ), #5454, .F. ) ;
#5329 = CARTESIAN_POINT ( 'NONE',  ( 17.99999999999962341, 1.824999999999993738, 207.2548828125000284 ) ) ;
#5330 = ORIENTED_EDGE ( 'NONE', *, *, #2333, .T. ) ;
#5331 = CARTESIAN_POINT ( 'NONE',  ( 17.99999999999962697, 2.710119584182229424, 207.8515315454169752 ) ) ;
#5332 = CARTESIAN_POINT ( 'NONE',  ( 17.49999999999962697, 3.437884293341147757, 208.8381044783030234 ) ) ;
#5333 = AXIS2_PLACEMENT_3D ( 'NONE', #5767, #4218, #7231 ) ;
#5334 = LINE ( 'NONE', #119, #3203 ) ;
#5335 = CARTESIAN_POINT ( 'NONE',  ( 17.49999999999963407, 2.809378189998887443, 206.9403087228329241 ) ) ;
#5336 = CARTESIAN_POINT ( 'NONE',  ( -14.62499999999996447, -3.624194836688189980, 198.7500000000000000 ) ) ;
#5337 = EDGE_LOOP ( 'NONE', ( #4807, #2388, #1241, #1880 ) ) ;
#5338 =( LENGTH_UNIT ( ) NAMED_UNIT ( * ) SI_UNIT ( .MILLI., .METRE. ) );
#5339 =( NAMED_UNIT ( * ) PLANE_ANGLE_UNIT ( ) SI_UNIT ( $, .RADIAN. ) );
#5340 = CARTESIAN_POINT ( 'NONE',  ( 17.99999999999963052, 2.157519531249994404, 208.9375000000000568 ) ) ;
#5341 = CARTESIAN_POINT ( 'NONE',  ( 17.49999999999963052, 4.020514041537930794, 208.9134394559440011 ) ) ;
#5342 = CARTESIAN_POINT ( 'NONE',  ( 17.99999999999962697, 3.815234374999993960, 208.5312500000000568 ) ) ;
#5343 = PRESENTATION_LAYER_ASSIGNMENT (  '', '', ( #7591 ) ) ;
#5344 = VERTEX_POINT ( 'NONE', #2512 ) ;
#5345 = DIRECTION ( 'NONE',  ( -1.000000000000000000, -5.728085021779797867E-16, 8.583663793918551117E-34 ) ) ;
#5346 = EDGE_LOOP ( 'NONE', ( #9606, #2935, #4633, #3429 ) ) ;
#5347 = SURFACE_SIDE_STYLE ('',( #8367 ) ) ;
#5348 = CARTESIAN_POINT ( 'NONE',  ( 17.99999999999963407, -3.925000000000038014, 6.189808766553677054E-16 ) ) ;
#5349 = CARTESIAN_POINT ( 'NONE',  ( -15.87499999999996625, -1.000000000000001776, 191.0000000000000000 ) ) ;
#5350 = VERTEX_POINT ( 'NONE', #2566 ) ;
#5351 = STYLED_ITEM ( 'NONE', ( #7101 ), #3702 ) ;
#5352 = CARTESIAN_POINT ( 'NONE',  ( 17.99999999999962697, 4.328508710310702057, 208.7119117362352370 ) ) ;
#5353 = ORIENTED_EDGE ( 'NONE', *, *, #238, .T. ) ;
#5354 = CARTESIAN_POINT ( 'NONE',  ( 17.49999999999963407, 1.638893281016414738, 208.6863800410782801 ) ) ;
#5355 = PRESENTATION_STYLE_ASSIGNMENT (( #745 ) ) ;
#5356 = CARTESIAN_POINT ( 'NONE',  ( 17.49999999999962341, 1.852117481729199433, 207.9162604520089701 ) ) ;
#5357 =( NAMED_UNIT ( * ) PLANE_ANGLE_UNIT ( ) SI_UNIT ( $, .RADIAN. ) );
#5358 = VECTOR ( 'NONE', #435, 1000.000000000000000 ) ;
#5359 = CARTESIAN_POINT ( 'NONE',  ( 17.49999999999963407, 4.092220779504941675, 208.1600791959008063 ) ) ;
#5360 = EDGE_CURVE ( 'NONE', #8258, #5643, #8801, .T. ) ;
#5361 = CARTESIAN_POINT ( 'NONE',  ( 17.49999999999963052, 2.253399776706216606, 208.5507877503942495 ) ) ;
#5362 = CARTESIAN_POINT ( 'NONE',  ( 17.99999999999963052, 1.496386718749993738, 206.8862304687500568 ) ) ;
#5363 = EDGE_CURVE ( 'NONE', #2793, #258, #6257, .T. ) ;
#5364 = EDGE_CURVE ( 'NONE', #418, #7409, #7164, .T. ) ;
#5365 = DIRECTION ( 'NONE',  ( -0.000000000000000000, -0.000000000000000000, -1.000000000000000000 ) ) ;
#5366 = VECTOR ( 'NONE', #1352, 1000.000000000000000 ) ;
#5367 = CARTESIAN_POINT ( 'NONE',  ( 17.99999999999963052, 2.022707503611397506, 208.5284370029383751 ) ) ;
#5368 = ORIENTED_EDGE ( 'NONE', *, *, #2061, .F. ) ;
#5369 = CARTESIAN_POINT ( 'NONE',  ( -13.62499999999998401, 3.624194836688190424, 198.7500000000000000 ) ) ;
#5370 = B_SPLINE_SURFACE_WITH_KNOTS ( 'NONE', 3, 1, ( 
 ( #8970, #2081 ),
 ( #8767, #3477 ),
 ( #8055, #5131 ),
 ( #4279, #1082 ),
 ( #8821, #1878 ) ),
 .UNSPECIFIED., .F., .F., .F.,
 ( 4, 1, 4 ),
 ( 2, 2 ),
 ( 0.000000000000000000, 0.4895838144904829936, 1.000000000000000000 ),
 ( 0.000000000000000000, 1.000000000000000000 ),
 .UNSPECIFIED. ) ;
#5371 = EDGE_CURVE ( 'NONE', #9613, #1208, #4986, .T. ) ;
#5372 = VECTOR ( 'NONE', #4584, 1000.000000000000114 ) ;
#5373 =( GEOMETRIC_REPRESENTATION_CONTEXT ( 3 ) GLOBAL_UNCERTAINTY_ASSIGNED_CONTEXT ( ( #2608 ) ) GLOBAL_UNIT_ASSIGNED_CONTEXT ( ( #6218, #8394, #7039 ) ) REPRESENTATION_CONTEXT ( 'NONE', 'WORKASPACE' ) );
#5374 = EDGE_LOOP ( 'NONE', ( #159, #5941 ) ) ;
#5375 = CARTESIAN_POINT ( 'NONE',  ( 17.49999999999962697, 2.418667133121031210, 208.3989042901693836 ) ) ;
#5376 = FACE_BOUND ( 'NONE', #6127, .T. ) ;
#5377 = FILL_AREA_STYLE_COLOUR ( '', #3178 ) ;
#5378 = AXIS2_PLACEMENT_3D ( 'NONE', #5711, #2770, #8076 ) ;
#5379 = SURFACE_STYLE_FILL_AREA ( #3232 ) ;
#5380 = ORIENTED_EDGE ( 'NONE', *, *, #6556, .T. ) ;
#5381 = AXIS2_PLACEMENT_3D ( 'NONE', #5897, #8223, #3696 ) ;
#5382 = CARTESIAN_POINT ( 'NONE',  ( 17.49999999999963052, 3.609957437522214541, 208.9134337853711543 ) ) ;
#5383 = CARTESIAN_POINT ( 'NONE',  ( -12.62499999999999822, 0.000000000000000000, 191.0000000000000000 ) ) ;
#5384 = DIRECTION ( 'NONE',  ( 1.000000000000000000, 1.105886215935155989E-14, 0.000000000000000000 ) ) ;
#5385 = ORIENTED_EDGE ( 'NONE', *, *, #1585, .F. ) ;
#5386 = CARTESIAN_POINT ( 'NONE',  ( 17.49999999999962341, 3.517587454119626589, 207.9984374333306221 ) ) ;
#5387 = SURFACE_STYLE_FILL_AREA ( #2135 ) ;
#5388 = CARTESIAN_POINT ( 'NONE',  ( 3.772185518829998390E-14, -3.624194836688037658, 197.7500000000000000 ) ) ;
#5389 = CARTESIAN_POINT ( 'NONE',  ( 17.99999999999963052, -1.540234375000006262, 208.1704101562500284 ) ) ;
#5390 = CARTESIAN_POINT ( 'NONE',  ( 17.99999999999963052, 4.264455957073579384, 208.7810474046625870 ) ) ;
#5391 = PRESENTATION_LAYER_ASSIGNMENT (  '', '', ( #4417 ) ) ;
#5392 = CARTESIAN_POINT ( 'NONE',  ( -14.12500000000000178, 2.769710785760969074, 108.9730193079418825 ) ) ;
#5393 = COLOUR_RGB ( '',1.000000000000000000, 1.000000000000000000, 1.000000000000000000 ) ;
#5394 = VERTEX_POINT ( 'NONE', #8018 ) ;
#5395 = FACE_OUTER_BOUND ( 'NONE', #1833, .T. ) ;
#5396 = CARTESIAN_POINT ( 'NONE',  ( 17.99999999999963052, 1.848464861763666978, 207.4565464615546375 ) ) ;
#5397 = COLOUR_RGB ( '',1.000000000000000000, 0.7490196078431372584, 0.000000000000000000 ) ;
#5398 = EDGE_LOOP ( 'NONE', ( #5732, #1463 ) ) ;
#5399 = STYLED_ITEM ( 'NONE', ( #4768 ), #8500 ) ;
#5400 = UNCERTAINTY_MEASURE_WITH_UNIT (LENGTH_MEASURE( 1.000000000000000082E-05 ), #1751, 'distance_accuracy_value', 'NONE');
#5401 = CARTESIAN_POINT ( 'NONE',  ( 17.99999999999963052, 2.391441402030203722, 207.6083450192777207 ) ) ;
#5402 = ORIENTED_EDGE ( 'NONE', *, *, #6473, .T. ) ;
#5403 = CARTESIAN_POINT ( 'NONE',  ( -14.12500000000000000, 2.999999999999998224, 108.0000000000000000 ) ) ;
#5404 =( NAMED_UNIT ( * ) PLANE_ANGLE_UNIT ( ) SI_UNIT ( $, .RADIAN. ) );
#5405 = STYLED_ITEM ( 'NONE', ( #3903 ), #7217 ) ;
#5406 = FACE_OUTER_BOUND ( 'NONE', #3266, .T. ) ;
#5407 = VECTOR ( 'NONE', #7508, 1000.000000000000000 ) ;
#5408 = CARTESIAN_POINT ( 'NONE',  ( 17.99999999999963052, 4.106140866940706680, 207.8003018387558143 ) ) ;
#5409 = CARTESIAN_POINT ( 'NONE',  ( -13.62499999999999112, -0.8747316122293897767, 197.7500000000000000 ) ) ;
#5410 = UNCERTAINTY_MEASURE_WITH_UNIT (LENGTH_MEASURE( 1.000000000000000082E-05 ), #2130, 'distance_accuracy_value', 'NONE');
#5412 = EDGE_CURVE ( 'NONE', #9888, #5516, #3485, .T. ) ;
#5411 = UNCERTAINTY_MEASURE_WITH_UNIT (LENGTH_MEASURE( 1.000000000000000082E-05 ), #5928, 'distance_accuracy_value', 'NONE');
#5413 = AXIS2_PLACEMENT_3D ( 'NONE', #2034, #8014, #6490 ) ;
#5414 = STYLED_ITEM ( 'NONE', ( #11 ), #9356 ) ;
#5415 = FILL_AREA_STYLE_COLOUR ( '', #9881 ) ;
#5416 = CARTESIAN_POINT ( 'NONE',  ( 17.49999999999964828, 1.993127468697625249, 208.5087333863203298 ) ) ;
#5417 = EDGE_LOOP ( 'NONE', ( #7185, #980, #2003, #9442, #5655, #2326, #9126, #5116, #3713, #8936, #4519 ) ) ;
#5418 = PLANE ( 'NONE',  #2649 ) ;
#5419 = B_SPLINE_CURVE_WITH_KNOTS ( 'NONE', 3,
 ( #7599, #6067, #3920, #6845, #8401, #6991, #3191, #8456, #768, #3820, #1614 ),
 .UNSPECIFIED., .F., .F.,
 ( 4, 1, 1, 1, 1, 1, 1, 1, 4 ),
 ( 0.000000000000000000, 0.07078493116726439216, 0.1560369318247087633, 0.2571187695565232412, 0.3746652335176297033, 0.5066268614703199891, 0.6552874308566649653, 0.8200059092138830552, 0.9999999999999998890 ),
 .UNSPECIFIED. ) ;
#5420 = COLOUR_RGB ( '',0.7921568627450980005, 0.8196078431372548767, 0.9333333333333333481 ) ;
#5421 = FILL_AREA_STYLE ('',( #9855 ) ) ;
#5422 = ORIENTED_EDGE ( 'NONE', *, *, #316, .T. ) ;
#5423 = CARTESIAN_POINT ( 'NONE',  ( 17.49999999999963407, 1.401429110559547553, 207.4006766881980184 ) ) ;
#5424 = CARTESIAN_POINT ( 'NONE',  ( 17.49999999999962341, 4.106249999999993960, 207.6875000000000568 ) ) ;
#5425 = COLOUR_RGB ( '',1.000000000000000000, 0.7490196078431372584, 0.000000000000000000 ) ;
#5426 = DIRECTION ( 'NONE',  ( 0.000000000000000000, 0.3511234415883914273, -0.9363291775690445462 ) ) ;
#5427 = FILL_AREA_STYLE ('',( #4625 ) ) ;
#5428 = CARTESIAN_POINT ( 'NONE',  ( 17.99999999999963052, 9.498105723979288153E-15, 212.0000000000000853 ) ) ;
#5429 = CARTESIAN_POINT ( 'NONE',  ( -13.62499999999992895, -1.874731612229389333, 198.7500000000000000 ) ) ;
#5430 = CARTESIAN_POINT ( 'NONE',  ( 17.49999999999963052, 3.400726209281622836, 208.8107592122085805 ) ) ;
#5431 = CARTESIAN_POINT ( 'NONE',  ( 17.49999999999963407, 3.529760271997795407, 207.2176390379184454 ) ) ;
#5432 = LINE ( 'NONE', #6224, #1282 ) ;
#5433 = CARTESIAN_POINT ( 'NONE',  ( 17.49999999999963762, 2.410162562352728077, 208.0662374436725486 ) ) ;
#5434 = ORIENTED_EDGE ( 'NONE', *, *, #5412, .T. ) ;
#5435 = CARTESIAN_POINT ( 'NONE',  ( 17.49999999999962697, 3.551797789043127818, 208.3076669345818459 ) ) ;
#5436 = CARTESIAN_POINT ( 'NONE',  ( -2.073239848542661290E-14, 1.874731612229551647, 197.7500000000000000 ) ) ;
#5437 = CARTESIAN_POINT ( 'NONE',  ( -13.62500000000020250, -8.981530796870042930E-13, 198.7500000000000000 ) ) ;
#5438 = FACE_OUTER_BOUND ( 'NONE', #214, .T. ) ;
#5439 = LINE ( 'NONE', #1731, #6026 ) ;
#5440 = CARTESIAN_POINT ( 'NONE',  ( 17.49999999999962341, 3.799228530848210106, 206.8443885330351009 ) ) ;
#5441 = ORIENTED_EDGE ( 'NONE', *, *, #2672, .T. ) ;
#5442 = CARTESIAN_POINT ( 'NONE',  ( 17.49999999999962697, 4.069140624999993072, 208.3222656250000568 ) ) ;
#5443 = EDGE_CURVE ( 'NONE', #1583, #1035, #296, .T. ) ;
#5444 = AXIS2_PLACEMENT_3D ( 'NONE', #9597, #4208, #8033 ) ;
#5445 = CARTESIAN_POINT ( 'NONE',  ( 17.99999999999963407, 2.778254248941757876, 208.5334689684619889 ) ) ;
#5446 =( NAMED_UNIT ( * ) SI_UNIT ( $, .STERADIAN. ) SOLID_ANGLE_UNIT ( ) );
#5447 = EDGE_LOOP ( 'NONE', ( #400, #8341, #6657, #4350 ) ) ;
#5448 = CARTESIAN_POINT ( 'NONE',  ( 17.49999999999963052, 1.004671676909288557E-14, 205.0000000000000568 ) ) ;
#5449 = CARTESIAN_POINT ( 'NONE',  ( 17.49999999999961986, 3.142741534294688499, 207.0000351291893139 ) ) ;
#5450 = VERTEX_POINT ( 'NONE', #1185 ) ;
#5451 = CARTESIAN_POINT ( 'NONE',  ( 17.49999999999962697, 1.907378522367534579, 208.8936599000264778 ) ) ;
#5452 = CARTESIAN_POINT ( 'NONE',  ( -14.12499999999994316, -3.231162662352570880, 108.9266416493522485 ) ) ;
#5453 = FACE_OUTER_BOUND ( 'NONE', #7230, .T. ) ;
#5454 = PLANE ( 'NONE',  #4237 ) ;
#5455 = CARTESIAN_POINT ( 'NONE',  ( 17.99999999999962697, 4.069140624999993072, 208.3222656250000568 ) ) ;
#5456 = CARTESIAN_POINT ( 'NONE',  ( 17.49999999999962697, 4.072268875225691254, 208.3081411177055884 ) ) ;
#5457 = MECHANICAL_DESIGN_GEOMETRIC_PRESENTATION_REPRESENTATION (  '', ( #7873 ), #172 ) ;
#5458 = STYLED_ITEM ( 'NONE', ( #9151 ), #622 ) ;
#5459 = DIRECTION ( 'NONE',  ( 0.000000000000000000, 0.000000000000000000, 1.000000000000000000 ) ) ;
#5460 = FACE_OUTER_BOUND ( 'NONE', #3080, .T. ) ;
#5461 = EDGE_CURVE ( 'NONE', #7918, #9106, #8775, .T. ) ;
#5462 =( LENGTH_UNIT ( ) NAMED_UNIT ( * ) SI_UNIT ( .MILLI., .METRE. ) );
#5463 = CARTESIAN_POINT ( 'NONE',  ( 17.99999999999962697, 2.122204472205047932, 208.5617091097078912 ) ) ;
#5464 = VERTEX_POINT ( 'NONE', #4188 ) ;
#5465 = EDGE_CURVE ( 'NONE', #4450, #6729, #2007, .T. ) ;
#5466 = CARTESIAN_POINT ( 'NONE',  ( 17.00000000000000711, -10.99999999999999822, 0.7639320225002188547 ) ) ;
#5467 = COLOUR_RGB ( '',1.000000000000000000, 0.7490196078431372584, 0.000000000000000000 ) ;
#5468 = VECTOR ( 'NONE', #9034, 1000.000000000000000 ) ;
#5469 = CARTESIAN_POINT ( 'NONE',  ( 17.49999999999962697, 2.207286754654023131, 208.5605936779614353 ) ) ;
#5470 = PRESENTATION_LAYER_ASSIGNMENT (  '', '', ( #6419 ) ) ;
#5471 = EDGE_LOOP ( 'NONE', ( #2101, #849 ) ) ;
#5472 = CARTESIAN_POINT ( 'NONE',  ( 17.49999999999963407, 1.447083169611956377, 207.0640485895369522 ) ) ;
#5473 = LINE ( 'NONE', #4016, #1810 ) ;
#5474 = CARTESIAN_POINT ( 'NONE',  ( 17.49999999999961986, 2.813281249999993960, 208.3437500000000568 ) ) ;
#5475 = CARTESIAN_POINT ( 'NONE',  ( -16.05809902749056661, -11.99999999999999822, 99.18372600831862940 ) ) ;
#5476 = CARTESIAN_POINT ( 'NONE',  ( -15.62499999999998401, -1.626303258728254632E-13, 195.2500000000000000 ) ) ;
#5477 = EDGE_CURVE ( 'NONE', #61, #9662, #2703, .T. ) ;
#5478 = SURFACE_STYLE_FILL_AREA ( #918 ) ;
#5479 = DIRECTION ( 'NONE',  ( 0.000000000000000000, -1.000000000000000000, 0.000000000000000000 ) ) ;
#5480 = LINE ( 'NONE', #3041, #1558 ) ;
#5481 = ADVANCED_FACE ( 'NONE', ( #6495 ), #9676, .F. ) ;
#5482 = VERTEX_POINT ( 'NONE', #2245 ) ;
#5483 = LINE ( 'NONE', #869, #3752 ) ;
#5484 = COLOUR_RGB ( '',1.000000000000000000, 1.000000000000000000, 1.000000000000000000 ) ;
#5485 = EDGE_CURVE ( 'NONE', #5464, #3073, #5289, .T. ) ;
#5486 = CARTESIAN_POINT ( 'NONE',  ( 17.99999999999962697, 7.825000000000001954, 212.0000000000000853 ) ) ;
#5487 = CARTESIAN_POINT ( 'NONE',  ( 17.00000000000000711, -10.99999999999999822, 103.3588989435406802 ) ) ;
#5488 = CARTESIAN_POINT ( 'NONE',  ( 17.99999999999962697, 3.220045057481521589, 206.7901260199356273 ) ) ;
#5489 = CARTESIAN_POINT ( 'NONE',  ( 17.99999999999963052, 4.422404624724461719, 206.8221509538955445 ) ) ;
#5490 = CARTESIAN_POINT ( 'NONE',  ( 17.99999999999962697, 3.724444255760314348, 206.8555195484666740 ) ) ;
#5491 = ORIENTED_EDGE ( 'NONE', *, *, #7575, .T. ) ;
#5492 =( NAMED_UNIT ( * ) PLANE_ANGLE_UNIT ( ) SI_UNIT ( $, .RADIAN. ) );
#5493 = DIRECTION ( 'NONE',  ( 0.000000000000000000, -1.000000000000000000, 0.000000000000000000 ) ) ;
#5494 = LINE ( 'NONE', #7820, #7024 ) ;
#5495 = SURFACE_STYLE_FILL_AREA ( #7821 ) ;
#5496 = ORIENTED_EDGE ( 'NONE', *, *, #4854, .T. ) ;
#5497 = UNCERTAINTY_MEASURE_WITH_UNIT (LENGTH_MEASURE( 1.000000000000000082E-05 ), #8490, 'distance_accuracy_value', 'NONE');
#5498 = FILL_AREA_STYLE ('',( #2460 ) ) ;
#5499 = CARTESIAN_POINT ( 'NONE',  ( 17.49999999999962697, 3.815234374999993516, 208.9375000000000568 ) ) ;
#5500 = FILL_AREA_STYLE ('',( #9320 ) ) ;
#5501 = ORIENTED_EDGE ( 'NONE', *, *, #5825, .F. ) ;
#5502 = B_SPLINE_CURVE_WITH_KNOTS ( 'NONE', 3,
 ( #4648, #7724, #5354, #7568, #1639, #3892, #5451, #3161, #3060, #2959, #1494 ),
 .UNSPECIFIED., .F., .F.,
 ( 4, 1, 1, 1, 1, 1, 1, 1, 4 ),
 ( 0.000000000000000000, 0.1369929120007324086, 0.2669110252389327309, 0.3908951174740073475, 0.5109078560786849410, 0.6299976319681426240, 0.7498179753150736593, 0.8723268738248091125, 1.000000000000000000 ),
 .UNSPECIFIED. ) ;
#5503 = VECTOR ( 'NONE', #8267, 1000.000000000000000 ) ;
#5504 = CARTESIAN_POINT ( 'NONE',  ( 17.49999999999963762, 3.122042099234191515, 208.2815727484793058 ) ) ;
#5505 =( LENGTH_UNIT ( ) NAMED_UNIT ( * ) SI_UNIT ( .MILLI., .METRE. ) );
#5506 = CARTESIAN_POINT ( 'NONE',  ( 14.00000000000001243, 2.500000000000000000, 107.9999999999999858 ) ) ;
#5507 = CARTESIAN_POINT ( 'NONE',  ( 17.99999999999962697, 3.724444255760314348, 206.8555195484666740 ) ) ;
#5508 = ADVANCED_FACE ( 'NONE', ( #5981 ), #9066, .T. ) ;
#5509 = CARTESIAN_POINT ( 'NONE',  ( 17.99999999999962341, 3.523795710318576635, 207.2919383525443209 ) ) ;
#5510 = AXIS2_PLACEMENT_3D ( 'NONE', #31, #1387, #9161 ) ;
#5511 = SURFACE_STYLE_USAGE ( .BOTH. , #897 ) ;
#5512 = CARTESIAN_POINT ( 'NONE',  ( 17.99999999999962697, 4.438867392842169579, 206.8629792253322250 ) ) ;
#5513 = UNCERTAINTY_MEASURE_WITH_UNIT (LENGTH_MEASURE( 1.000000000000000082E-05 ), #2792, 'distance_accuracy_value', 'NONE');
#5514 = CARTESIAN_POINT ( 'NONE',  ( 17.00000000000000000, 11.00000000000000355, 0.7639320225002188547 ) ) ;
#5515 = CARTESIAN_POINT ( 'NONE',  ( 17.49999999999963052, 1.844155327750650164, 207.0840744450274542 ) ) ;
#5516 = VERTEX_POINT ( 'NONE', #5835 ) ;
#5517 = CARTESIAN_POINT ( 'NONE',  ( 17.99999999999963052, 2.157519531249994404, 208.9375000000000568 ) ) ;
#5518 = MECHANICAL_DESIGN_GEOMETRIC_PRESENTATION_REPRESENTATION (  '', ( #4706 ), #7131 ) ;
#5519 = EDGE_CURVE ( 'NONE', #5008, #2473, #6746, .T. ) ;
#5520 = SURFACE_STYLE_USAGE ( .BOTH. , #3960 ) ;
#5521 = VECTOR ( 'NONE', #4910, 1000.000000000000000 ) ;
#5522 = AXIS2_PLACEMENT_3D ( 'NONE', #276, #6472, #1915 ) ;
#5523 =( NAMED_UNIT ( * ) PLANE_ANGLE_UNIT ( ) SI_UNIT ( $, .RADIAN. ) );
#5524 = VERTEX_POINT ( 'NONE', #8930 ) ;
#5525 = CARTESIAN_POINT ( 'NONE',  ( 15.73510424236686589, -3.503127272519703350, 108.8869899058921931 ) ) ;
#5526 = CARTESIAN_POINT ( 'NONE',  ( 17.99999999999962697, 4.106212029147669362, 207.6487619549355941 ) ) ;
#5527 = CARTESIAN_POINT ( 'NONE',  ( 17.99999999999963052, 2.813281249999993960, 208.3437500000000568 ) ) ;
#5528 = PLANE ( 'NONE',  #6260 ) ;
#5529 = VECTOR ( 'NONE', #1842, 1000.000000000000000 ) ;
#5530 = STYLED_ITEM ( 'NONE', ( #1117 ), #4311 ) ;
#5531 = ORIENTED_EDGE ( 'NONE', *, *, #4622, .F. ) ;
#5532 = CARTESIAN_POINT ( 'NONE',  ( 0.000000000000000000, 6.174999999999999822, 191.7500000000000000 ) ) ;
#5533 = CARTESIAN_POINT ( 'NONE',  ( 17.99999999999963052, 2.175145800284588038, 208.5618494717654130 ) ) ;
#5534 = LINE ( 'NONE', #5383, #2423 ) ;
#5535 = CARTESIAN_POINT ( 'NONE',  ( 17.49999999999962697, 3.815234374999993516, 206.4375000000000568 ) ) ;
#5536 = ORIENTED_EDGE ( 'NONE', *, *, #1064, .F. ) ;
#5537 = PLANE ( 'NONE',  #4876 ) ;
#5538 = DIRECTION ( 'NONE',  ( 1.000000000000000000, 0.000000000000000000, 0.000000000000000000 ) ) ;
#5539 = SURFACE_STYLE_FILL_AREA ( #3198 ) ;
#5540 = SURFACE_STYLE_USAGE ( .BOTH. , #9406 ) ;
#5541 = PLANE ( 'NONE',  #3925 ) ;
#5542 = ORIENTED_EDGE ( 'NONE', *, *, #2729, .F. ) ;
#5543 = EDGE_CURVE ( 'NONE', #601, #7228, #9727, .T. ) ;
#5544 = MECHANICAL_DESIGN_GEOMETRIC_PRESENTATION_REPRESENTATION (  '', ( #4253 ), #8740 ) ;
#5545 = DIRECTION ( 'NONE',  ( 1.000000000000000000, 0.000000000000000000, 0.000000000000000000 ) ) ;
#5546 = CARTESIAN_POINT ( 'NONE',  ( 17.99999999999963052, 2.795293026819213544, 208.4734682538731931 ) ) ;
#5547 = PLANE ( 'NONE',  #2567 ) ;
#5548 = VERTEX_POINT ( 'NONE', #1337 ) ;
#5549 = SURFACE_STYLE_USAGE ( .BOTH. , #9367 ) ;
#5550 = PRESENTATION_STYLE_ASSIGNMENT (( #3991 ) ) ;
#5551 = ORIENTED_EDGE ( 'NONE', *, *, #7776, .F. ) ;
#5552 =( GEOMETRIC_REPRESENTATION_CONTEXT ( 3 ) GLOBAL_UNCERTAINTY_ASSIGNED_CONTEXT ( ( #5400 ) ) GLOBAL_UNIT_ASSIGNED_CONTEXT ( ( #1751, #5404, #9229 ) ) REPRESENTATION_CONTEXT ( 'NONE', 'WORKASPACE' ) );
#5553 =( NAMED_UNIT ( * ) SI_UNIT ( $, .STERADIAN. ) SOLID_ANGLE_UNIT ( ) );
#5554 = CARTESIAN_POINT ( 'NONE',  ( 17.49999999999963407, 1.387963681837774965, 207.6741013388981685 ) ) ;
#5555 = SURFACE_STYLE_USAGE ( .BOTH. , #1796 ) ;
#5556 = CARTESIAN_POINT ( 'NONE',  ( 17.99999999999963407, 2.196110038505939777, 206.8207433899612511 ) ) ;
#5557 = VECTOR ( 'NONE', #6696, 1000.000000000000000 ) ;
#5558 = LINE ( 'NONE', #4753, #3697 ) ;
#5559 = DIRECTION ( 'NONE',  ( -0.000000000000000000, -0.000000000000000000, -1.000000000000000000 ) ) ;
#5560 = PLANE ( 'NONE',  #297 ) ;
#5561 = CARTESIAN_POINT ( 'NONE',  ( 17.49999999999962697, 3.830911764317239676, 206.8444020068946259 ) ) ;
#5562 = CARTESIAN_POINT ( 'NONE',  ( 16.74437441937169524, 11.67954351778283417, 1.634819513676545766 ) ) ;
#5563 = EDGE_CURVE ( 'NONE', #418, #3449, #9508, .T. ) ;
#5564 = ORIENTED_EDGE ( 'NONE', *, *, #3772, .F. ) ;
#5565 =( GEOMETRIC_REPRESENTATION_CONTEXT ( 3 ) GLOBAL_UNCERTAINTY_ASSIGNED_CONTEXT ( ( #882 ) ) GLOBAL_UNIT_ASSIGNED_CONTEXT ( ( #2378, #855, #9148 ) ) REPRESENTATION_CONTEXT ( 'NONE', 'WORKASPACE' ) );
#5566 = VECTOR ( 'NONE', #3930, 1000.000000000000000 ) ;
#5567 = MECHANICAL_DESIGN_GEOMETRIC_PRESENTATION_REPRESENTATION (  '', ( #3957 ), #9266 ) ;
#5568 = ORIENTED_EDGE ( 'NONE', *, *, #6716, .F. ) ;
#5569 = CARTESIAN_POINT ( 'NONE',  ( 12.25367011875754031, -3.509733723173399600, 108.8884135722118316 ) ) ;
#5570 = SURFACE_STYLE_FILL_AREA ( #8695 ) ;
#5571 = CARTESIAN_POINT ( 'NONE',  ( 17.99999999999963407, 4.106139432236780351, 207.5746982393874305 ) ) ;
#5572 = SURFACE_SIDE_STYLE ('',( #6219 ) ) ;
#5573 = FILL_AREA_STYLE_COLOUR ( '', #5127 ) ;
#5574 = VECTOR ( 'NONE', #2029, 1000.000000000000000 ) ;
#5575 = ORIENTED_EDGE ( 'NONE', *, *, #2563, .T. ) ;
#5576 = CARTESIAN_POINT ( 'NONE',  ( 17.49999999999963407, 1.894604961207935423, 208.3877819461357888 ) ) ;
#5577 = CARTESIAN_POINT ( 'NONE',  ( 17.49999999999963407, 4.106139432236780351, 207.5746982393874305 ) ) ;
#5578 =( LENGTH_UNIT ( ) NAMED_UNIT ( * ) SI_UNIT ( .MILLI., .METRE. ) );
#5579 = CARTESIAN_POINT ( 'NONE',  ( 17.99999999999963052, 0.1687499999999942379, 208.5937500000000568 ) ) ;
#5580 = ORIENTED_EDGE ( 'NONE', *, *, #8680, .F. ) ;
#5581 = PRESENTATION_LAYER_ASSIGNMENT (  '', '', ( #8156 ) ) ;
#5582 = DIRECTION ( 'NONE',  ( -1.000000000000000000, -2.168404344970974848E-16, 0.000000000000000000 ) ) ;
#5583 = SURFACE_STYLE_FILL_AREA ( #7055 ) ;
#5584 = CARTESIAN_POINT ( 'NONE',  ( 16.00000000000001776, -2.500000000000000888, 108.9874921777190906 ) ) ;
#5585 = CYLINDRICAL_SURFACE ( 'NONE', #511, 0.8750000000000007772 ) ;
#5586 = CARTESIAN_POINT ( 'NONE',  ( 17.99999999999963052, 2.813603359204026599, 207.6356200817263016 ) ) ;
#5587 = ORIENTED_EDGE ( 'NONE', *, *, #2672, .F. ) ;
#5588 = EDGE_CURVE ( 'NONE', #9703, #191, #7816, .T. ) ;
#5589 = CARTESIAN_POINT ( 'NONE',  ( 17.99999999999963052, 2.157519531249994404, 208.9375000000000568 ) ) ;
#5590 = DIRECTION ( 'NONE',  ( -0.000000000000000000, 0.7071067811865473507, -0.7071067811865477948 ) ) ;
#5591 =( NAMED_UNIT ( * ) SI_UNIT ( $, .STERADIAN. ) SOLID_ANGLE_UNIT ( ) );
#5592 = EDGE_CURVE ( 'NONE', #2724, #7326, #9931, .T. ) ;
#5593 = ORIENTED_EDGE ( 'NONE', *, *, #7150, .T. ) ;
#5594 = FACE_OUTER_BOUND ( 'NONE', #4709, .T. ) ;
#5595 = ORIENTED_EDGE ( 'NONE', *, *, #2520, .T. ) ;
#5596 = SURFACE_STYLE_FILL_AREA ( #2603 ) ;
#5597 = PRESENTATION_STYLE_ASSIGNMENT (( #1794 ) ) ;
#5598 = FILL_AREA_STYLE ('',( #6548 ) ) ;
#5599 = CARTESIAN_POINT ( 'NONE',  ( 17.99999999999963052, 2.126269531249993960, 206.8125000000000284 ) ) ;
#5600 = CARTESIAN_POINT ( 'NONE',  ( 17.99999999999963407, 2.428825956111206441, 207.1157720864091232 ) ) ;
#5601 = LINE ( 'NONE', #6251, #8528 ) ;
#5602 = CARTESIAN_POINT ( 'NONE',  ( 17.99999999999963052, 4.516635796539212322, 207.1922203956259807 ) ) ;
#5603 = UNCERTAINTY_MEASURE_WITH_UNIT (LENGTH_MEASURE( 1.000000000000000082E-05 ), #5462, 'distance_accuracy_value', 'NONE');
#5604 = ADVANCED_FACE ( 'NONE', ( #4679 ), #8422, .T. ) ;
#5605 = VECTOR ( 'NONE', #175, 1000.000000000000000 ) ;
#5606 = SURFACE_STYLE_USAGE ( .BOTH. , #9432 ) ;
#5607 = CARTESIAN_POINT ( 'NONE',  ( 17.99999999999963052, 1.871520346365342258, 207.0083186266964219 ) ) ;
#5608 = ADVANCED_FACE ( 'NONE', ( #7005 ), #5541, .T. ) ;
#5609 = ORIENTED_EDGE ( 'NONE', *, *, #6291, .T. ) ;
#5610 = SURFACE_STYLE_FILL_AREA ( #3179 ) ;
#5611 = PRESENTATION_LAYER_ASSIGNMENT (  '', '', ( #7873 ) ) ;
#5612 = STYLED_ITEM ( 'NONE', ( #5172 ), #658 ) ;
#5613 = LINE ( 'NONE', #4861, #1308 ) ;
#5614 = CARTESIAN_POINT ( 'NONE',  ( 17.99999999999963052, -0.5187500000000057065, 208.5937500000000568 ) ) ;
#5615 = CARTESIAN_POINT ( 'NONE',  ( -15.87499999999995914, -1.000000000000001776, 109.0000000000000000 ) ) ;
#5616 = CARTESIAN_POINT ( 'NONE',  ( 17.49999999999962341, 4.008155130094674945, 208.4497724848999098 ) ) ;
#5617 = VECTOR ( 'NONE', #6136, 1000.000000000000000 ) ;
#5618 = PRESENTATION_LAYER_ASSIGNMENT (  '', '', ( #23 ) ) ;
#5619 =( GEOMETRIC_REPRESENTATION_CONTEXT ( 3 ) GLOBAL_UNCERTAINTY_ASSIGNED_CONTEXT ( ( #999 ) ) GLOBAL_UNIT_ASSIGNED_CONTEXT ( ( #3722, #162, #7491 ) ) REPRESENTATION_CONTEXT ( 'NONE', 'WORKASPACE' ) );
#5620 = ORIENTED_EDGE ( 'NONE', *, *, #344, .T. ) ;
#5621 = VECTOR ( 'NONE', #5297, 1000.000000000000000 ) ;
#5622 = SURFACE_STYLE_USAGE ( .BOTH. , #2587 ) ;
#5623 = CARTESIAN_POINT ( 'NONE',  ( 17.49999999999962697, 4.106212029147669362, 207.6487619549355941 ) ) ;
#5624 = APPLICATION_PROTOCOL_DEFINITION ( 'draft international standard', 'automotive_design', 1998, #3745 ) ;
#5625 = ORIENTED_EDGE ( 'NONE', *, *, #310, .F. ) ;
#5626 = CARTESIAN_POINT ( 'NONE',  ( 17.49999999999962697, 4.408435358735310672, 206.7901663930418010 ) ) ;
#5627 = ORIENTED_EDGE ( 'NONE', *, *, #4314, .F. ) ;
#5628 = SURFACE_STYLE_FILL_AREA ( #7998 ) ;
#5629 = EDGE_CURVE ( 'NONE', #4577, #6378, #9408, .T. ) ;
#5630 = DIRECTION ( 'NONE',  ( 0.000000000000000000, 0.000000000000000000, -1.000000000000000000 ) ) ;
#5631 = CARTESIAN_POINT ( 'NONE',  ( 17.49999999999962341, 4.104075587598417840, 207.9061024020035973 ) ) ;
#5632 = LINE ( 'NONE', #6577, #4163 ) ;
#5633 = EDGE_CURVE ( 'NONE', #3247, #4302, #6383, .T. ) ;
#5634 = CARTESIAN_POINT ( 'NONE',  ( 17.99999999999963407, 2.531556370266442535, 208.0147409846729829 ) ) ;
#5635 = ORIENTED_EDGE ( 'NONE', *, *, #516, .F. ) ;
#5636 = CARTESIAN_POINT ( 'NONE',  ( 17.99999999999963052, 1.496386718749993738, 206.8862304687500568 ) ) ;
#5637 = CARTESIAN_POINT ( 'NONE',  ( 17.49999999999963407, 1.830268451875888269, 207.3608538221865274 ) ) ;
#5638 = CARTESIAN_POINT ( 'NONE',  ( 17.49999999999962341, 2.611884478939784149, 206.5996130722284647 ) ) ;
#5639 = VECTOR ( 'NONE', #9412, 1000.000000000000000 ) ;
#5640 = VERTEX_POINT ( 'NONE', #230 ) ;
#5641 = DIRECTION ( 'NONE',  ( -1.000000000000000000, 0.000000000000000000, 0.000000000000000000 ) ) ;
#5642 = CARTESIAN_POINT ( 'NONE',  ( 17.49999999999962697, 3.091693451150625549, 207.3059555683828421 ) ) ;
#5643 = VERTEX_POINT ( 'NONE', #8863 ) ;
#5644 = LINE ( 'NONE', #3993, #2788 ) ;
#5645 = CARTESIAN_POINT ( 'NONE',  ( 17.99999999999963052, 4.020514041537933458, 206.4615605440561126 ) ) ;
#5646 = CARTESIAN_POINT ( 'NONE',  ( -12.62499999999999822, -3.750000000000000444, 197.0000000000000000 ) ) ;
#5647 = SURFACE_STYLE_FILL_AREA ( #5598 ) ;
#5648 = AXIS2_PLACEMENT_3D ( 'NONE', #4470, #9049, #2226 ) ;
#5649 = CARTESIAN_POINT ( 'NONE',  ( 17.99999999999963762, 2.362439653655270533, 206.9532688236553213 ) ) ;
#5650 = LINE ( 'NONE', #3997, #3006 ) ;
#5651 = COLOUR_RGB ( '',0.03921568627450980338, 0.3019607843137254721, 0.9725490196078431238 ) ;
#5652 = VERTEX_POINT ( 'NONE', #1975 ) ;
#5653 = CARTESIAN_POINT ( 'NONE',  ( 17.49999999999962341, 3.943732448137940771, 206.8718276528141757 ) ) ;
#5654 = PRESENTATION_STYLE_ASSIGNMENT (( #3407 ) ) ;
#5655 = ORIENTED_EDGE ( 'NONE', *, *, #38, .T. ) ;
#5656 = CARTESIAN_POINT ( 'NONE',  ( 17.49999999999965183, 2.449918887949845026, 207.3382277072562090 ) ) ;
#5657 = COLOUR_RGB ( '',1.000000000000000000, 0.7490196078431372584, 0.000000000000000000 ) ;
#5658 = EDGE_CURVE ( 'NONE', #7066, #1330, #2548, .T. ) ;
#5659 = CARTESIAN_POINT ( 'NONE',  ( 17.99999999999963052, 0.6062499999999941824, 206.5000000000000568 ) ) ;
#5660 = EDGE_CURVE ( 'NONE', #8357, #5225, #2336, .T. ) ;
#5661 = UNCERTAINTY_MEASURE_WITH_UNIT (LENGTH_MEASURE( 1.000000000000000082E-05 ), #9072, 'distance_accuracy_value', 'NONE');
#5662 = ADVANCED_FACE ( 'NONE', ( #7192 ), #8665, .F. ) ;
#5663 = DIRECTION ( 'NONE',  ( 0.000000000000000000, 1.000000000000000000, 0.000000000000000000 ) ) ;
#5664 = CARTESIAN_POINT ( 'NONE',  ( 17.99999999999963052, 2.678480285255080418, 206.6800337211782050 ) ) ;
#5665 = CARTESIAN_POINT ( 'NONE',  ( 15.79667115360762075, -3.388460233603955984, 108.9039009328133858 ) ) ;
#5666 = CARTESIAN_POINT ( 'NONE',  ( 17.99999999999962697, 3.091693451150628658, 208.0690444316172716 ) ) ;
#5667 = COLOUR_RGB ( '',1.000000000000000000, 1.000000000000000000, 1.000000000000000000 ) ;
#5668 = SURFACE_STYLE_USAGE ( .BOTH. , #7001 ) ;
#5669 = EDGE_CURVE ( 'NONE', #8989, #5516, #5224, .T. ) ;
#5670 = VECTOR ( 'NONE', #5085, 1000.000000000000000 ) ;
#5671 = ORIENTED_EDGE ( 'NONE', *, *, #2673, .T. ) ;
#5672 = PRESENTATION_STYLE_ASSIGNMENT (( #5622 ) ) ;
#5673 =( NAMED_UNIT ( * ) SI_UNIT ( $, .STERADIAN. ) SOLID_ANGLE_UNIT ( ) );
#5674 = ORIENTED_EDGE ( 'NONE', *, *, #4551, .T. ) ;
#5675 = CARTESIAN_POINT ( 'NONE',  ( 17.49999999999962697, 4.429492187499993072, 206.8383789062500284 ) ) ;
#5676 = ORIENTED_EDGE ( 'NONE', *, *, #2979, .T. ) ;
#5677 = CARTESIAN_POINT ( 'NONE',  ( -0.7794341933975482695, -2.591159622449832334, 195.2500000000000000 ) ) ;
#5678 = PRESENTATION_LAYER_ASSIGNMENT (  '', '', ( #1202 ) ) ;
#5679 = VECTOR ( 'NONE', #7330, 1000.000000000000000 ) ;
#5680 =( NAMED_UNIT ( * ) PLANE_ANGLE_UNIT ( ) SI_UNIT ( $, .RADIAN. ) );
#5681 = EDGE_CURVE ( 'NONE', #6675, #3338, #5871, .T. ) ;
#5682 = CARTESIAN_POINT ( 'NONE',  ( 17.99999999999963052, 0.6062499999999941824, 208.5937500000000568 ) ) ;
#5683 = EDGE_LOOP ( 'NONE', ( #5542, #8939, #1565, #8559 ) ) ;
#5684 = CARTESIAN_POINT ( 'NONE',  ( 17.49999999999962341, 4.152285547016823841, 208.8613165979102746 ) ) ;
#5685 = CARTESIAN_POINT ( 'NONE',  ( 17.49999999999963052, 2.145932811444292376, 207.7496754084053521 ) ) ;
#5686 = CARTESIAN_POINT ( 'NONE',  ( 17.99999999999963762, 2.554956602480243699, 206.5474951543561133 ) ) ;
#5687 = MECHANICAL_DESIGN_GEOMETRIC_PRESENTATION_REPRESENTATION (  '', ( #9226 ), #5040 ) ;
#5688 = VECTOR ( 'NONE', #5806, 1000.000000000000000 ) ;
#5689 = PRESENTATION_STYLE_ASSIGNMENT (( #4978 ) ) ;
#5690 = VERTEX_POINT ( 'NONE', #9714 ) ;
#5691 =( NAMED_UNIT ( * ) PLANE_ANGLE_UNIT ( ) SI_UNIT ( $, .RADIAN. ) );
#5692 = CARTESIAN_POINT ( 'NONE',  ( 17.49999999999965539, 1.776642790816713724, 206.4975361655831705 ) ) ;
#5693 = SURFACE_STYLE_FILL_AREA ( #1935 ) ;
#5694 = ORIENTED_EDGE ( 'NONE', *, *, #9088, .F. ) ;
#5695 = CARTESIAN_POINT ( 'NONE',  ( 17.99999999999963052, 1.825251798338514808, 208.0792762465309806 ) ) ;
#5696 = DIRECTION ( 'NONE',  ( 1.000000000000000000, 5.728085021779797867E-16, 0.000000000000000000 ) ) ;
#5697 = DIRECTION ( 'NONE',  ( -0.000000000000000000, -0.000000000000000000, 1.000000000000000000 ) ) ;
#5698 = PRESENTATION_LAYER_ASSIGNMENT (  '', '', ( #98 ) ) ;
#5699 = CARTESIAN_POINT ( 'NONE',  ( 17.49999999999963052, 2.406504429313958582, 207.5753407642650359 ) ) ;
#5700 = PRESENTATION_LAYER_ASSIGNMENT (  '', '', ( #5022 ) ) ;
#5701 = DIRECTION ( 'NONE',  ( 1.000000000000000000, 0.000000000000000000, 0.000000000000000000 ) ) ;
#5702 = CARTESIAN_POINT ( 'NONE',  ( -14.62500000000000178, -1.522219850169647720E-13, 198.7500000000000000 ) ) ;
#5703 = LINE ( 'NONE', #8779, #6421 ) ;
#5704 =( LENGTH_UNIT ( ) NAMED_UNIT ( * ) SI_UNIT ( .MILLI., .METRE. ) );
#5705 = UNCERTAINTY_MEASURE_WITH_UNIT (LENGTH_MEASURE( 1.000000000000000082E-05 ), #9696, 'distance_accuracy_value', 'NONE');
#5706 = CARTESIAN_POINT ( 'NONE',  ( 17.99999999999963052, 3.437884293341140207, 206.5368955216971187 ) ) ;
#5707 = VERTEX_POINT ( 'NONE', #8916 ) ;
#5708 =( NAMED_UNIT ( * ) SI_UNIT ( $, .STERADIAN. ) SOLID_ANGLE_UNIT ( ) );
#5709 = CARTESIAN_POINT ( 'NONE',  ( 17.99999999999963052, 2.007936400704150248, 206.8443912646148135 ) ) ;
#5710 = ORIENTED_EDGE ( 'NONE', *, *, #4502, .T. ) ;
#5711 = CARTESIAN_POINT ( 'NONE',  ( -11.87499999999999822, -4.500000000000000888, 195.0000000000000000 ) ) ;
#5712 = STYLED_ITEM ( 'NONE', ( #7655 ), #6681 ) ;
#5713 =( GEOMETRIC_REPRESENTATION_CONTEXT ( 3 ) GLOBAL_UNCERTAINTY_ASSIGNED_CONTEXT ( ( #2664 ) ) GLOBAL_UNIT_ASSIGNED_CONTEXT ( ( #1640, #6348, #1688 ) ) REPRESENTATION_CONTEXT ( 'NONE', 'WORKASPACE' ) );
#5714 = CARTESIAN_POINT ( 'NONE',  ( -9.009666186049111071E-15, 0.8747316122295407670, 197.7500000000000000 ) ) ;
#5715 = CARTESIAN_POINT ( 'NONE',  ( 17.49999999999963052, 2.662890624999993960, 206.6591796875000568 ) ) ;
#5716 = CARTESIAN_POINT ( 'NONE',  ( 12.01322397857320823, -2.764176032302867458, 108.9715885399247242 ) ) ;
#5717 = COLOUR_RGB ( '',1.000000000000000000, 0.7490196078431372584, 0.000000000000000000 ) ;
#5718 = FILL_AREA_STYLE_COLOUR ( '', #2705 ) ;
#5719 = ORIENTED_EDGE ( 'NONE', *, *, #2648, .T. ) ;
#5720 = CARTESIAN_POINT ( 'NONE',  ( 17.49999999999963052, 2.022707503611397062, 208.5284370029383751 ) ) ;
#5721 = DIRECTION ( 'NONE',  ( -1.000000000000000000, 0.000000000000000000, 0.000000000000000000 ) ) ;
#5722 = ORIENTED_EDGE ( 'NONE', *, *, #2674, .F. ) ;
#5723 = FILL_AREA_STYLE_COLOUR ( '', #9245 ) ;
#5724 = ORIENTED_EDGE ( 'NONE', *, *, #2981, .F. ) ;
#5725 = VECTOR ( 'NONE', #820, 1000.000000000000000 ) ;
#5726 = LINE ( 'NONE', #9658, #4544 ) ;
#5727 = CARTESIAN_POINT ( 'NONE',  ( 13.99999999999963052, -2.500000000000000444, 215.7500000000000853 ) ) ;
#5728 = VERTEX_POINT ( 'NONE', #572 ) ;
#5729 = CARTESIAN_POINT ( 'NONE',  ( 17.49999999999962697, 4.408435358735309784, 208.5848336069582842 ) ) ;
#5730 = SURFACE_STYLE_USAGE ( .BOTH. , #1080 ) ;
#5731 = CARTESIAN_POINT ( 'NONE',  ( 14.00000000000000888, 2.500000000000000000, 109.0000000000000000 ) ) ;
#5732 = ORIENTED_EDGE ( 'NONE', *, *, #2780, .T. ) ;
#5733 = SURFACE_STYLE_FILL_AREA ( #8717 ) ;
#5734 = CARTESIAN_POINT ( 'NONE',  ( 17.99999999999963407, 1.568287079932196848, 206.7235936216348478 ) ) ;
#5735 =( NAMED_UNIT ( * ) SI_UNIT ( $, .STERADIAN. ) SOLID_ANGLE_UNIT ( ) );
#5736 =( NAMED_UNIT ( * ) SI_UNIT ( $, .STERADIAN. ) SOLID_ANGLE_UNIT ( ) );
#5737 = DIRECTION ( 'NONE',  ( 0.000000000000000000, -1.000000000000000000, 0.000000000000000000 ) ) ;
#5738 = DIRECTION ( 'NONE',  ( -1.000000000000000000, -1.445602896647339163E-16, 0.000000000000000000 ) ) ;
#5739 = MECHANICAL_DESIGN_GEOMETRIC_PRESENTATION_REPRESENTATION (  '', ( #952 ), #958 ) ;
#5740 = EDGE_CURVE ( 'NONE', #4969, #9384, #4474, .T. ) ;
#5741 = DIRECTION ( 'NONE',  ( -1.000000000000000000, -5.728085021779797867E-16, 8.583663793918551117E-34 ) ) ;
#5742 = FACE_OUTER_BOUND ( 'NONE', #5015, .T. ) ;
#5743 = DIRECTION ( 'NONE',  ( 0.000000000000000000, 1.000000000000000000, 0.000000000000000000 ) ) ;
#5744 = VERTEX_POINT ( 'NONE', #9764 ) ;
#5745 = CARTESIAN_POINT ( 'NONE',  ( 17.99999999999963052, 3.271262422811112014, 206.7019378213055347 ) ) ;
#5746 = ORIENTED_EDGE ( 'NONE', *, *, #968, .F. ) ;
#5747 = CARTESIAN_POINT ( 'NONE',  ( -2.073239848542661290E-14, 1.874731612229551647, 197.7500000000000000 ) ) ;
#5748 = CARTESIAN_POINT ( 'NONE',  ( 17.49999999999962697, 3.512461392487313372, 207.7257518623430883 ) ) ;
#5749 = ORIENTED_EDGE ( 'NONE', *, *, #720, .T. ) ;
#5750 = CARTESIAN_POINT ( 'NONE',  ( 17.99999999999963407, 2.157519531249994404, 207.7500000000000853 ) ) ;
#5751 = CARTESIAN_POINT ( 'NONE',  ( 17.99999999999963052, 2.126269531249993960, 206.8125000000000284 ) ) ;
#5752 = UNCERTAINTY_MEASURE_WITH_UNIT (LENGTH_MEASURE( 1.000000000000000082E-05 ), #4668, 'distance_accuracy_value', 'NONE');
#5753 = AXIS2_PLACEMENT_3D ( 'NONE', #5731, #6690, #1435 ) ;
#5754 = EDGE_CURVE ( 'NONE', #7718, #3445, #7385, .T. ) ;
#5755 = FILL_AREA_STYLE_COLOUR ( '', #9626 ) ;
#5756 = PLANE ( 'NONE',  #7658 ) ;
#5757 = EDGE_CURVE ( 'NONE', #8391, #4374, #5074, .T. ) ;
#5758 = CARTESIAN_POINT ( 'NONE',  ( 17.49999999999963052, 1.435933698415715165, 208.2583252442622097 ) ) ;
#5759 = STYLED_ITEM ( 'NONE', ( #4824 ), #314 ) ;
#5760 = ORIENTED_EDGE ( 'NONE', *, *, #763, .T. ) ;
#5761 = LINE ( 'NONE', #6525, #1739 ) ;
#5762 =( GEOMETRIC_REPRESENTATION_CONTEXT ( 3 ) GLOBAL_UNCERTAINTY_ASSIGNED_CONTEXT ( ( #6105 ) ) GLOBAL_UNIT_ASSIGNED_CONTEXT ( ( #9375, #8535, #4049 ) ) REPRESENTATION_CONTEXT ( 'NONE', 'WORKASPACE' ) );
#5763 = DIRECTION ( 'NONE',  ( 1.000000000000000000, 0.000000000000000000, 0.000000000000000000 ) ) ;
#5764 = ORIENTED_EDGE ( 'NONE', *, *, #7156, .T. ) ;
#5765 = CARTESIAN_POINT ( 'NONE',  ( 17.99999999999962341, 4.537206093894586623, 207.9517700146965922 ) ) ;
#5766 = VERTEX_POINT ( 'NONE', #4422 ) ;
#5767 = CARTESIAN_POINT ( 'NONE',  ( 13.99999999999962874, 2.499999999999999556, 215.7500000000000853 ) ) ;
#5768 = CARTESIAN_POINT ( 'NONE',  ( 17.49999999999962697, 3.198535156249993516, 208.5366210937500284 ) ) ;
#5769 = PRESENTATION_STYLE_ASSIGNMENT (( #7909 ) ) ;
#5770 = CARTESIAN_POINT ( 'NONE',  ( 10.24999999999962874, -5.221446609406717343, 212.0000000000000853 ) ) ;
#5771 = DIRECTION ( 'NONE',  ( -0.000000000000000000, -0.000000000000000000, 1.000000000000000000 ) ) ;
#5772 =( GEOMETRIC_REPRESENTATION_CONTEXT ( 3 ) GLOBAL_UNCERTAINTY_ASSIGNED_CONTEXT ( ( #7631 ) ) GLOBAL_UNIT_ASSIGNED_CONTEXT ( ( #833, #6911, #2904 ) ) REPRESENTATION_CONTEXT ( 'NONE', 'WORKASPACE' ) );
#5773 = ORIENTED_EDGE ( 'NONE', *, *, #200, .F. ) ;
#5774 = STYLED_ITEM ( 'NONE', ( #148 ), #889 ) ;
#5775 = CARTESIAN_POINT ( 'NONE',  ( 17.99999999999963052, 2.662890624999994404, 206.6591796875000568 ) ) ;
#5776 = EDGE_CURVE ( 'NONE', #7183, #5284, #407, .T. ) ;
#5777 = LINE ( 'NONE', #5922, #6205 ) ;
#5778 = ADVANCED_FACE ( 'NONE', ( #2073 ), #9661, .F. ) ;
#5779 =( NAMED_UNIT ( * ) PLANE_ANGLE_UNIT ( ) SI_UNIT ( $, .RADIAN. ) );
#5780 = ADVANCED_FACE ( 'NONE', ( #3518 ), #6578, .T. ) ;
#5781 = DIRECTION ( 'NONE',  ( 0.000000000000000000, 0.000000000000000000, -1.000000000000000000 ) ) ;
#5782 = FACE_OUTER_BOUND ( 'NONE', #2816, .T. ) ;
#5783 = ORIENTED_EDGE ( 'NONE', *, *, #8735, .F. ) ;
#5784 = CARTESIAN_POINT ( 'NONE',  ( 17.99999999999962697, 2.223951750354162371, 208.0930378524659545 ) ) ;
#5785 = STYLED_ITEM ( 'NONE', ( #3490 ), #1197 ) ;
#5786 = CARTESIAN_POINT ( 'NONE',  ( 17.99999999999963407, 1.962215147401465298, 206.4228493253898762 ) ) ;
#5787 = CARTESIAN_POINT ( 'NONE',  ( 17.49999999999962697, 1.824999999999993516, 208.0610351562500568 ) ) ;
#5788 = CARTESIAN_POINT ( 'NONE',  ( 17.49999999999963762, 2.440055818346178906, 207.4609212412907766 ) ) ;
#5789 = SURFACE_STYLE_FILL_AREA ( #5092 ) ;
#5790 = COLOUR_RGB ( '',1.000000000000000000, 0.7490196078431372584, 0.000000000000000000 ) ;
#5791 = CARTESIAN_POINT ( 'NONE',  ( 17.99999999999962697, 1.919528250660171853, 207.6145437755853607 ) ) ;
#5792 = PLANE ( 'NONE',  #7186 ) ;
#5793 = DIRECTION ( 'NONE',  ( 0.000000000000000000, -0.000000000000000000, 1.000000000000000000 ) ) ;
#5794 = CARTESIAN_POINT ( 'NONE',  ( 10.24999999999962874, 7.575000000000000178, 216.2500000000000853 ) ) ;
#5795 = EDGE_LOOP ( 'NONE', ( #3042, #8758, #5317, #9338 ) ) ;
#5796 = UNCERTAINTY_MEASURE_WITH_UNIT (LENGTH_MEASURE( 1.000000000000000082E-05 ), #3940, 'distance_accuracy_value', 'NONE');
#5797 = CARTESIAN_POINT ( 'NONE',  ( 17.49999999999963407, 3.609957437522211432, 206.4615662146289878 ) ) ;
#5798 = EDGE_LOOP ( 'NONE', ( #4757, #6886, #545, #5330 ) ) ;
#5799 =( LENGTH_UNIT ( ) NAMED_UNIT ( * ) SI_UNIT ( .MILLI., .METRE. ) );
#5800 = CARTESIAN_POINT ( 'NONE',  ( 17.99999999999962697, 4.069140624999993072, 207.0527343750000568 ) ) ;
#5801 = VERTEX_POINT ( 'NONE', #2383 ) ;
#5802 = ADVANCED_FACE ( 'NONE', ( #307, #3036 ), #3765, .F. ) ;
#5803 = SURFACE_STYLE_FILL_AREA ( #9537 ) ;
#5804 = CARTESIAN_POINT ( 'NONE',  ( 17.99999999999963052, 2.207286754654023575, 208.5605936779614353 ) ) ;
#5805 = LINE ( 'NONE', #8898, #2853 ) ;
#5806 = DIRECTION ( 'NONE',  ( 0.000000000000000000, 1.294569758191643735E-17, 1.000000000000000000 ) ) ;
#5807 = CARTESIAN_POINT ( 'NONE',  ( 15.98677602142680598, 2.764176032302868791, 108.9715885399247526 ) ) ;
#5808 = AXIS2_PLACEMENT_3D ( 'NONE', #1746, #6394, #9468 ) ;
#5809 = EDGE_CURVE ( 'NONE', #8703, #4599, #9294, .T. ) ;
#5810 = ORIENTED_EDGE ( 'NONE', *, *, #9238, .F. ) ;
#5811 = CARTESIAN_POINT ( 'NONE',  ( 17.99999999999963407, 1.830268451875888491, 207.3608538221865274 ) ) ;
#5812 = PRESENTATION_LAYER_ASSIGNMENT (  '', '', ( #5351 ) ) ;
#5813 = ORIENTED_EDGE ( 'NONE', *, *, #1585, .T. ) ;
#5814 = DIRECTION ( 'NONE',  ( -5.276725402210820055E-16, 1.000000000000000000, 0.000000000000000000 ) ) ;
#5815 = ORIENTED_EDGE ( 'NONE', *, *, #4397, .T. ) ;
#5816 = DIRECTION ( 'NONE',  ( -1.000000000000000000, 3.105602935857676970E-16, 0.000000000000000000 ) ) ;
#5817 = CARTESIAN_POINT ( 'NONE',  ( -14.62500000000000178, -1.522219850169646963E-13, 197.7500000000000000 ) ) ;
#5818 = DIRECTION ( 'NONE',  ( -0.000000000000000000, -0.000000000000000000, -1.000000000000000000 ) ) ;
#5819 = CARTESIAN_POINT ( 'NONE',  ( 17.99999999999962341, 3.869214462040089231, 206.4381596070531941 ) ) ;
#5820 = COLOUR_RGB ( '',1.000000000000000000, 0.7490196078431372584, 0.000000000000000000 ) ;
#5821 = ORIENTED_EDGE ( 'NONE', *, *, #5037, .F. ) ;
#5822 = CARTESIAN_POINT ( 'NONE',  ( 17.49999999999963052, 4.110701701078405712, 208.8821866629663191 ) ) ;
#5823 = B_SPLINE_SURFACE_WITH_KNOTS ( 'NONE', 3, 1, ( 
 ( #1654, #8593 ),
 ( #4707, #7793 ),
 ( #3959, #4375 ),
 ( #574, #5175 ),
 ( #8242, #1377 ),
 ( #4424, #626 ),
 ( #3669, #6739 ),
 ( #1431, #2936 ),
 ( #4476, #6458 ),
 ( #7175, #9386 ),
 ( #9538, #7269 ) ),
 .UNSPECIFIED., .F., .F., .F.,
 ( 4, 1, 1, 1, 1, 1, 1, 1, 4 ),
 ( 2, 2 ),
 ( 0.000000000000000000, 0.1604189366294143382, 0.3101825854315374276, 0.4499868513674199488, 0.5794271875306518105, 0.6987950236347574284, 0.8084108428128279344, 0.9083806481130527466, 1.000000000000000000 ),
 ( 0.000000000000000000, 1.000000000000000000 ),
 .UNSPECIFIED. ) ;
#5824 = DIRECTION ( 'NONE',  ( 0.000000000000000000, -1.000000000000000000, 0.000000000000000000 ) ) ;
#5825 = EDGE_CURVE ( 'NONE', #6114, #9243, #7802, .T. ) ;
#5826 = SURFACE_STYLE_FILL_AREA ( #628 ) ;
#5827 =( NAMED_UNIT ( * ) PLANE_ANGLE_UNIT ( ) SI_UNIT ( $, .RADIAN. ) );
#5828 = VECTOR ( 'NONE', #402, 1000.000000000000000 ) ;
#5829 = B_SPLINE_CURVE_WITH_KNOTS ( 'NONE', 3,
 ( #8236, #7377, #3558, #4468, #8091, #1212, #1312, #3608, #9002, #2121, #5165 ),
 .UNSPECIFIED., .F., .F.,
 ( 4, 1, 1, 1, 1, 1, 1, 1, 4 ),
 ( 0.000000000000000000, 0.1798931296314935091, 0.3445192151345621845, 0.4931220323526277483, 0.6258202291055660060, 0.7426003627230716164, 0.8436255022655128055, 0.9290769118410150407, 1.000000000000000000 ),
 .UNSPECIFIED. ) ;
#5830 = ORIENTED_EDGE ( 'NONE', *, *, #1462, .F. ) ;
#5831 = FACE_OUTER_BOUND ( 'NONE', #5795, .T. ) ;
#5832 = CARTESIAN_POINT ( 'NONE',  ( 17.99999999999963052, 1.496386718749993738, 206.8862304687500568 ) ) ;
#5833 = SURFACE_STYLE_USAGE ( .BOTH. , #5181 ) ;
#5834 = LINE ( 'NONE', #4384, #290 ) ;
#5835 = CARTESIAN_POINT ( 'NONE',  ( -13.62500000000001954, 1.874731612229401101, 198.7500000000000000 ) ) ;
#5836 = VECTOR ( 'NONE', #7266, 1000.000000000000000 ) ;
#5837 = DIRECTION ( 'NONE',  ( -1.000000000000000000, 0.000000000000000000, 8.583663793918551117E-34 ) ) ;
#5838 = VECTOR ( 'NONE', #856, 1000.000000000000000 ) ;
#5839 =( NAMED_UNIT ( * ) PLANE_ANGLE_UNIT ( ) SI_UNIT ( $, .RADIAN. ) );
#5840 = LINE ( 'NONE', #495, #7173 ) ;
#5841 = CARTESIAN_POINT ( 'NONE',  ( 0.000000000000000000, -6.174999999999999822, 191.7500000000000000 ) ) ;
#5842 = VERTEX_POINT ( 'NONE', #4626 ) ;
#5843 = VERTEX_POINT ( 'NONE', #1050 ) ;
#5844 = AXIS2_PLACEMENT_3D ( 'NONE', #5933, #1390, #2949 ) ;
#5845 = VECTOR ( 'NONE', #7582, 1000.000000000000000 ) ;
#5846 = CARTESIAN_POINT ( 'NONE',  ( -16.55256158419768298, -11.84294030894515615, 2.019509498411565129 ) ) ;
#5847 = CARTESIAN_POINT ( 'NONE',  ( 17.49999999999962697, 3.555468749999993516, 208.3222656250000568 ) ) ;
#5848 = ORIENTED_EDGE ( 'NONE', *, *, #4322, .F. ) ;
#5849 = PLANE ( 'NONE',  #5378 ) ;
#5850 = CARTESIAN_POINT ( 'NONE',  ( 17.99999999999963407, 3.167636413430486630, 206.9155428054151855 ) ) ;
#5851 = AXIS2_PLACEMENT_3D ( 'NONE', #7174, #6221, #6168 ) ;
#5852 = UNCERTAINTY_MEASURE_WITH_UNIT (LENGTH_MEASURE( 1.000000000000000082E-05 ), #8967, 'distance_accuracy_value', 'NONE');
#5853 = CARTESIAN_POINT ( 'NONE',  ( 17.49999999999963052, 4.101185280399283428, 207.3735124014598910 ) ) ;
#5854 = SURFACE_SIDE_STYLE ('',( #7368 ) ) ;
#5855 = CARTESIAN_POINT ( 'NONE',  ( 17.49999999999963407, 1.497843459692578483, 208.4450356463760556 ) ) ;
#5856 = VECTOR ( 'NONE', #1597, 999.9999999999998863 ) ;
#5857 = CIRCLE ( 'NONE', #2364, 3.000000000000000000 ) ;
#5858 = EDGE_CURVE ( 'NONE', #9882, #5943, #4104, .T. ) ;
#5859 = ORIENTED_EDGE ( 'NONE', *, *, #7034, .F. ) ;
#5860 = CARTESIAN_POINT ( 'NONE',  ( 17.49999999999963762, 1.830452571154370656, 208.1671224051322611 ) ) ;
#5861 = VECTOR ( 'NONE', #5384, 1000.000000000000000 ) ;
#5862 = VECTOR ( 'NONE', #6229, 1000.000000000000000 ) ;
#5863 = ORIENTED_EDGE ( 'NONE', *, *, #7264, .T. ) ;
#5864 =( NAMED_UNIT ( * ) PLANE_ANGLE_UNIT ( ) SI_UNIT ( $, .RADIAN. ) );
#5865 = ORIENTED_EDGE ( 'NONE', *, *, #7188, .T. ) ;
#5866 =( NAMED_UNIT ( * ) SI_UNIT ( $, .STERADIAN. ) SOLID_ANGLE_UNIT ( ) );
#5867 = CARTESIAN_POINT ( 'NONE',  ( -16.28885140866398018, 11.95919880193847185, 99.92106913921365674 ) ) ;
#5868 = CARTESIAN_POINT ( 'NONE',  ( 17.99999999999962697, 3.245383072782976441, 208.6299744977196724 ) ) ;
#5869 = CARTESIAN_POINT ( 'NONE',  ( 17.99999999999963052, 2.427724542662933693, 206.4677593061833534 ) ) ;
#5870 = VECTOR ( 'NONE', #6984, 1000.000000000000000 ) ;
#5871 = LINE ( 'NONE', #5273, #8425 ) ;
#5872 = EDGE_LOOP ( 'NONE', ( #8836, #1061, #8203, #581 ) ) ;
#5873 = LINE ( 'NONE', #5775, #2756 ) ;
#5874 = SURFACE_STYLE_FILL_AREA ( #2789 ) ;
#5875 = CARTESIAN_POINT ( 'NONE',  ( 17.49999999999962697, 5.824999999999993960, 0.000000000000000000 ) ) ;
#5876 = FILL_AREA_STYLE ('',( #9669 ) ) ;
#5877 =( GEOMETRIC_REPRESENTATION_CONTEXT ( 3 ) GLOBAL_UNCERTAINTY_ASSIGNED_CONTEXT ( ( #8844 ) ) GLOBAL_UNIT_ASSIGNED_CONTEXT ( ( #205, #1848, #1100 ) ) REPRESENTATION_CONTEXT ( 'NONE', 'WORKASPACE' ) );
#5878 = EDGE_LOOP ( 'NONE', ( #9535, #1896, #2560, #8056 ) ) ;
#5879 = VECTOR ( 'NONE', #2041, 1000.000000000000000 ) ;
#5880 = LINE ( 'NONE', #632, #5670 ) ;
#5881 = CARTESIAN_POINT ( 'NONE',  ( 17.99999999999963407, 1.697812536543165107, 206.5578840617075116 ) ) ;
#5882 = CARTESIAN_POINT ( 'NONE',  ( 17.99999999999962697, 3.198535156249993960, 208.5366210937500284 ) ) ;
#5883 = CARTESIAN_POINT ( 'NONE',  ( -11.87499999999999822, 3.750000000000000444, 194.2500000000000000 ) ) ;
#5884 = SURFACE_STYLE_FILL_AREA ( #6446 ) ;
#5885 =( NAMED_UNIT ( * ) SI_UNIT ( $, .STERADIAN. ) SOLID_ANGLE_UNIT ( ) );
#5886 = VECTOR ( 'NONE', #7227, 1000.000000000000000 ) ;
#5887 = EDGE_CURVE ( 'NONE', #809, #4826, #4524, .T. ) ;
#5888 = CARTESIAN_POINT ( 'NONE',  ( -15.53818719012941862, 3.699494722222182563, 108.8548756409397669 ) ) ;
#5889 = CARTESIAN_POINT ( 'NONE',  ( -1.696776399939814439E-15, 7.824999999999998401, 204.0000000000000568 ) ) ;
#5890 =( NAMED_UNIT ( * ) PLANE_ANGLE_UNIT ( ) SI_UNIT ( $, .RADIAN. ) );
#5891 = ORIENTED_EDGE ( 'NONE', *, *, #8061, .T. ) ;
#5892 = ORIENTED_EDGE ( 'NONE', *, *, #4439, .T. ) ;
#5893 = MECHANICAL_DESIGN_GEOMETRIC_PRESENTATION_REPRESENTATION (  '', ( #1750 ), #3034 ) ;
#5894 = FILL_AREA_STYLE_COLOUR ( '', #9054 ) ;
#5895 = CARTESIAN_POINT ( 'NONE',  ( 17.99999999999962341, 3.512387453977297458, 207.7990092547674408 ) ) ;
#5896 = ORIENTED_EDGE ( 'NONE', *, *, #7888, .T. ) ;
#5897 = CARTESIAN_POINT ( 'NONE',  ( 2.337499999999834710, 2.337499999999827160, 212.0000000000000853 ) ) ;
#5898 = FILL_AREA_STYLE ('',( #4251 ) ) ;
#5899 = PRESENTATION_LAYER_ASSIGNMENT (  '', '', ( #2885 ) ) ;
#5900 = EDGE_CURVE ( 'NONE', #2140, #6242, #6149, .T. ) ;
#5901 = CARTESIAN_POINT ( 'NONE',  ( -14.62500000000004086, 3.624194836688179766, 197.7500000000000000 ) ) ;
#5902 = EDGE_CURVE ( 'NONE', #8816, #9737, #455, .T. ) ;
#5903 = UNCERTAINTY_MEASURE_WITH_UNIT (LENGTH_MEASURE( 1.000000000000000082E-05 ), #1661, 'distance_accuracy_value', 'NONE');
#5904 = UNCERTAINTY_MEASURE_WITH_UNIT (LENGTH_MEASURE( 1.000000000000000082E-05 ), #1160, 'distance_accuracy_value', 'NONE');
#5905 = EDGE_CURVE ( 'NONE', #3741, #9157, #9592, .T. ) ;
#5906 = CARTESIAN_POINT ( 'NONE',  ( 17.49999999999963762, 1.698702362735022175, 208.7537784272732324 ) ) ;
#5907 = CARTESIAN_POINT ( 'NONE',  ( -16.99999999999999645, -8.999999999999998224, 3.000000000000002665 ) ) ;
#5908 = CYLINDRICAL_SURFACE ( 'NONE', #8274, 1.999999999999998224 ) ;
#5909 = ORIENTED_EDGE ( 'NONE', *, *, #4189, .T. ) ;
#5910 = LINE ( 'NONE', #9091, #8935 ) ;
#5911 = COLOUR_RGB ( '',1.000000000000000000, 0.7490196078431372584, 0.000000000000000000 ) ;
#5912 = VERTEX_POINT ( 'NONE', #1854 ) ;
#5913 = ORIENTED_EDGE ( 'NONE', *, *, #7264, .F. ) ;
#5914 = CARTESIAN_POINT ( 'NONE',  ( 17.99999999999962697, 4.543365534704055797, 207.7335668135393973 ) ) ;
#5916 = VECTOR ( 'NONE', #5737, 1000.000000000000000 ) ;
#5915 = CARTESIAN_POINT ( 'NONE',  ( -16.62500000000006395, 0.5744632244589198411, 195.2500000000000000 ) ) ;
#5917 = CARTESIAN_POINT ( 'NONE',  ( 17.49999999999961986, 3.331546187456889463, 208.7483697547849317 ) ) ;
#5918 = CARTESIAN_POINT ( 'NONE',  ( 17.99999999999963052, 1.469036404308810884, 206.9713473501954297 ) ) ;
#5919 = ORIENTED_EDGE ( 'NONE', *, *, #1504, .T. ) ;
#5920 = CARTESIAN_POINT ( 'NONE',  ( -17.00000000000000000, 12.00000000000000178, 109.0000000000000000 ) ) ;
#5921 = VECTOR ( 'NONE', #3921, 1000.000000000000000 ) ;
#5922 = CARTESIAN_POINT ( 'NONE',  ( -17.00000000000000000, 12.00000000000000178, 109.0000000000000000 ) ) ;
#5923 = CARTESIAN_POINT ( 'NONE',  ( 0.000000000000000000, -8.999999999999998224, 0.000000000000000000 ) ) ;
#5924 = DIRECTION ( 'NONE',  ( 6.591949208711864434E-14, -1.000000000000000000, 0.000000000000000000 ) ) ;
#5925 = EDGE_LOOP ( 'NONE', ( #5059, #625, #3029, #614, #3827, #5891, #2730, #8075 ) ) ;
#5926 = SURFACE_STYLE_USAGE ( .BOTH. , #1331 ) ;
#5927 = CARTESIAN_POINT ( 'NONE',  ( -0.7794341933975482695, -2.591159622449832334, 195.2500000000000000 ) ) ;
#5928 =( LENGTH_UNIT ( ) NAMED_UNIT ( * ) SI_UNIT ( .MILLI., .METRE. ) );
#5929 = EDGE_CURVE ( 'NONE', #9511, #7586, #6607, .T. ) ;
#5930 = VECTOR ( 'NONE', #4943, 1000.000000000000000 ) ;
#5931 = SURFACE_SIDE_STYLE ('',( #4582 ) ) ;
#5932 = AXIS2_PLACEMENT_3D ( 'NONE', #5506, #990, #3894 ) ;
#5933 = CARTESIAN_POINT ( 'NONE',  ( 17.49999999999963052, 1.004671676909288557E-14, 210.5000000000000853 ) ) ;
#5934 = DIRECTION ( 'NONE',  ( 1.000000000000000000, 5.728085021779798853E-16, 0.000000000000000000 ) ) ;
#5935 = EDGE_CURVE ( 'NONE', #2715, #1477, #1295, .T. ) ;
#5936 = EDGE_LOOP ( 'NONE', ( #2052, #4127 ) ) ;
#5937 = CARTESIAN_POINT ( 'NONE',  ( 17.99999999999963052, -1.540234375000006262, 207.3369140625000568 ) ) ;
#5938 = VECTOR ( 'NONE', #430, 1000.000000000000114 ) ;
#5939 = PRESENTATION_LAYER_ASSIGNMENT (  '', '', ( #5318 ) ) ;
#5940 = CARTESIAN_POINT ( 'NONE',  ( -14.99999999999993960, -3.000000000000001776, 108.0000000000000000 ) ) ;
#5941 = ORIENTED_EDGE ( 'NONE', *, *, #8070, .F. ) ;
#5942 = CARTESIAN_POINT ( 'NONE',  ( 17.99999999999963407, 2.157519531249994404, 207.7500000000000853 ) ) ;
#5943 = VERTEX_POINT ( 'NONE', #8738 ) ;
#5944 = FILL_AREA_STYLE ('',( #546 ) ) ;
#5945 = PRESENTATION_STYLE_ASSIGNMENT (( #7263 ) ) ;
#5946 = ORIENTED_EDGE ( 'NONE', *, *, #3454, .T. ) ;
#5947 = CARTESIAN_POINT ( 'NONE',  ( 17.49999999999965539, 2.330181822618500487, 207.6874714921877967 ) ) ;
#5948 = SURFACE_STYLE_USAGE ( .BOTH. , #7518 ) ;
#5949 = CARTESIAN_POINT ( 'NONE',  ( -16.62500000000006395, 0.000000000000000000, 198.7500000000000000 ) ) ;
#5950 = CARTESIAN_POINT ( 'NONE',  ( 17.49999999999963762, 1.388969836369708055, 207.9378378781081267 ) ) ;
#5951 = AXIS2_PLACEMENT_3D ( 'NONE', #1444, #6802, #5984 ) ;
#5952 = SURFACE_STYLE_FILL_AREA ( #9644 ) ;
#5953 = FILL_AREA_STYLE ('',( #8995 ) ) ;
#5954 = CARTESIAN_POINT ( 'NONE',  ( -15.87499999999997868, 0.9999999999999983347, 108.0000000000000000 ) ) ;
#5955 = CARTESIAN_POINT ( 'NONE',  ( 12.01322535361575561, 2.764073428448624359, 108.9715935523369978 ) ) ;
#5956 = VERTEX_POINT ( 'NONE', #9692 ) ;
#5957 = LINE ( 'NONE', #7637, #8119 ) ;
#5958 = EDGE_CURVE ( 'NONE', #8989, #9009, #5048, .T. ) ;
#5959 = EDGE_CURVE ( 'NONE', #4482, #8545, #6457, .T. ) ;
#5960 = ORIENTED_EDGE ( 'NONE', *, *, #7188, .F. ) ;
#5961 = CARTESIAN_POINT ( 'NONE',  ( 17.99999999999962341, 2.026507413333320518, 207.7168317669029136 ) ) ;
#5962 = EDGE_LOOP ( 'NONE', ( #1782, #5118, #7639, #2103 ) ) ;
#5963 = CARTESIAN_POINT ( 'NONE',  ( 17.49999999999961986, 4.537206093894586623, 207.9517700146965922 ) ) ;
#5964 = B_SPLINE_CURVE_WITH_KNOTS ( 'NONE', 3,
 ( #8830, #4442, #3535, #4987, #8932, #2141, #5094, #8978, #8065, #8116, #6646, #2851, #5888, #594, #2093, #5140, #8213, #8259 ),
 .UNSPECIFIED., .F., .F.,
 ( 4, 2, 2, 2, 2, 2, 2, 2, 4 ),
 ( 4.336808689942017736E-19, 0.0003436028576692317857, 0.0006872057153384631377, 0.001030808573007694490, 0.001374411430676925842, 0.001718014288346157194, 0.002061617146015388546, 0.002405220003684619898, 0.002748822861353851250 ),
 .UNSPECIFIED. ) ;
#5965 = LINE ( 'NONE', #9858, #4082 ) ;
#5966 = ADVANCED_FACE ( 'NONE', ( #4203 ), #5849, .F. ) ;
#5967 = CARTESIAN_POINT ( 'NONE',  ( -1.530815566364603475, 5.102718554549144692, 195.2500000000000000 ) ) ;
#5968 = CARTESIAN_POINT ( 'NONE',  ( 17.99999999999963762, 2.469820289247956158, 208.8765070768798751 ) ) ;
#5969 = CARTESIAN_POINT ( 'NONE',  ( 17.49999999999963052, 1.004671676909288557E-14, 210.5000000000000853 ) ) ;
#5970 = ORIENTED_EDGE ( 'NONE', *, *, #6728, .T. ) ;
#5971 = PRESENTATION_LAYER_ASSIGNMENT (  '', '', ( #8232 ) ) ;
#5972 = CARTESIAN_POINT ( 'NONE',  ( 17.99999999999962697, 3.198535156249993960, 208.5366210937500284 ) ) ;
#5973 = CARTESIAN_POINT ( 'NONE',  ( 17.99999999999961986, 4.097588012899399779, 207.2888374930758175 ) ) ;
#5974 = CARTESIAN_POINT ( 'NONE',  ( -16.99999999999999645, -10.99999999999999822, 109.0000000000000000 ) ) ;
#5975 = EDGE_LOOP ( 'NONE', ( #921, #5587 ) ) ;
#5976 = EDGE_CURVE ( 'NONE', #1999, #1976, #8891, .T. ) ;
#5977 =( LENGTH_UNIT ( ) NAMED_UNIT ( * ) SI_UNIT ( .MILLI., .METRE. ) );
#5978 = AXIS2_PLACEMENT_3D ( 'NONE', #8573, #1743, #9319 ) ;
#5979 = CARTESIAN_POINT ( 'NONE',  ( 17.49999999999963052, 4.152285547016823841, 208.8613165979102746 ) ) ;
#5980 = CARTESIAN_POINT ( 'NONE',  ( 17.49999999999962697, 3.815234374999993516, 208.5312500000000568 ) ) ;
#5981 = FACE_OUTER_BOUND ( 'NONE', #5150, .T. ) ;
#5982 = DIRECTION ( 'NONE',  ( 0.000000000000000000, 0.000000000000000000, 1.000000000000000000 ) ) ;
#5983 = ORIENTED_EDGE ( 'NONE', *, *, #9251, .T. ) ;
#5984 = DIRECTION ( 'NONE',  ( 1.000000000000000000, 0.000000000000000000, 0.000000000000000000 ) ) ;
#5985 = CARTESIAN_POINT ( 'NONE',  ( -15.62499999999999289, 0.8744632244589126691, 195.2500000000000000 ) ) ;
#5986 =( GEOMETRIC_REPRESENTATION_CONTEXT ( 3 ) GLOBAL_UNCERTAINTY_ASSIGNED_CONTEXT ( ( #302 ) ) GLOBAL_UNIT_ASSIGNED_CONTEXT ( ( #1903, #5523, #6264 ) ) REPRESENTATION_CONTEXT ( 'NONE', 'WORKASPACE' ) );
#5987 =( LENGTH_UNIT ( ) NAMED_UNIT ( * ) SI_UNIT ( .MILLI., .METRE. ) );
#5988 = LINE ( 'NONE', #9023, #9651 ) ;
#5989 = ORIENTED_EDGE ( 'NONE', *, *, #9201, .F. ) ;
#5990 = CARTESIAN_POINT ( 'NONE',  ( 17.99999999999963052, 2.449999999999994404, 207.3217773437500284 ) ) ;
#5991 = ORIENTED_EDGE ( 'NONE', *, *, #2011, .F. ) ;
#5992 = CARTESIAN_POINT ( 'NONE',  ( 17.99999999999963052, -1.793164062500006262, 207.7587890625000284 ) ) ;
#5993 = DIRECTION ( 'NONE',  ( 0.000000000000000000, 1.000000000000000000, 0.000000000000000000 ) ) ;
#5994 = MECHANICAL_DESIGN_GEOMETRIC_PRESENTATION_REPRESENTATION (  '', ( #255 ), #7940 ) ;
#5995 = SURFACE_STYLE_FILL_AREA ( #7625 ) ;
#5996 = CARTESIAN_POINT ( 'NONE',  ( 17.49999999999963407, 2.813281249999993960, 208.3437500000000568 ) ) ;
#5997 =( LENGTH_UNIT ( ) NAMED_UNIT ( * ) SI_UNIT ( .MILLI., .METRE. ) );
#5998 = DIRECTION ( 'NONE',  ( 0.000000000000000000, 0.000000000000000000, 1.000000000000000000 ) ) ;
#5999 = UNCERTAINTY_MEASURE_WITH_UNIT (LENGTH_MEASURE( 1.000000000000000082E-05 ), #298, 'distance_accuracy_value', 'NONE');
#6000 = VECTOR ( 'NONE', #5158, 999.9999999999998863 ) ;
#6001 = UNCERTAINTY_MEASURE_WITH_UNIT (LENGTH_MEASURE( 1.000000000000000082E-05 ), #4040, 'distance_accuracy_value', 'NONE');
#6002 = PRESENTATION_STYLE_ASSIGNMENT (( #9848 ) ) ;
#6003 = CARTESIAN_POINT ( 'NONE',  ( -16.62500000000006395, -4.925000000000025580, 195.2500000000000000 ) ) ;
#6004 = CARTESIAN_POINT ( 'NONE',  ( 17.00000000000000711, -1.999999999999998224, 109.0000000000000000 ) ) ;
#6005 = COLOUR_RGB ( '',1.000000000000000000, 0.7490196078431372584, 0.000000000000000000 ) ;
#6006 = ORIENTED_EDGE ( 'NONE', *, *, #6270, .T. ) ;
#6007 = CARTESIAN_POINT ( 'NONE',  ( 17.49999999999963052, 2.393933887091360013, 208.4424875167556479 ) ) ;
#6008 = ORIENTED_EDGE ( 'NONE', *, *, #9050, .F. ) ;
#6009 = DIRECTION ( 'NONE',  ( -1.000000000000000000, -5.728085021779797867E-16, 8.583663793918551117E-34 ) ) ;
#6010 = COLOUR_RGB ( '',1.000000000000000000, 1.000000000000000000, 1.000000000000000000 ) ;
#6011 = DIRECTION ( 'NONE',  ( -0.9578262852211609779, -0.2873478855663131326, 0.000000000000000000 ) ) ;
#6012 = SURFACE_STYLE_FILL_AREA ( #566 ) ;
#6013 = CARTESIAN_POINT ( 'NONE',  ( 17.99999999999963407, 2.660154380718765754, 208.7376183159161087 ) ) ;
#6014 = SURFACE_SIDE_STYLE ('',( #5223 ) ) ;
#6015 = CARTESIAN_POINT ( 'NONE',  ( 13.99999999999963052, -2.500000000000000444, 215.7500000000000853 ) ) ;
#6016 = ORIENTED_EDGE ( 'NONE', *, *, #6520, .T. ) ;
#6017 =( GEOMETRIC_REPRESENTATION_CONTEXT ( 3 ) GLOBAL_UNCERTAINTY_ASSIGNED_CONTEXT ( ( #2403 ) ) GLOBAL_UNIT_ASSIGNED_CONTEXT ( ( #5704, #630, #9821 ) ) REPRESENTATION_CONTEXT ( 'NONE', 'WORKASPACE' ) );
#6018 = FACE_OUTER_BOUND ( 'NONE', #8839, .T. ) ;
#6019 = EDGE_CURVE ( 'NONE', #5147, #3254, #4906, .T. ) ;
#6020 = PRESENTATION_STYLE_ASSIGNMENT (( #4378 ) ) ;
#6021 = CARTESIAN_POINT ( 'NONE',  ( 17.99999999999963407, 4.106139432236780351, 207.5746982393874305 ) ) ;
#6022 = PRESENTATION_STYLE_ASSIGNMENT (( #1188 ) ) ;
#6023 = ORIENTED_EDGE ( 'NONE', *, *, #6214, .T. ) ;
#6024 =( LENGTH_UNIT ( ) NAMED_UNIT ( * ) SI_UNIT ( .MILLI., .METRE. ) );
#6025 = PRESENTATION_STYLE_ASSIGNMENT (( #9876 ) ) ;
#6026 = VECTOR ( 'NONE', #4729, 1000.000000000000000 ) ;
#6027 =( NAMED_UNIT ( * ) PLANE_ANGLE_UNIT ( ) SI_UNIT ( $, .RADIAN. ) );
#6028 = CARTESIAN_POINT ( 'NONE',  ( 17.49999999999963407, 4.328508710310702057, 208.7119117362352370 ) ) ;
#6029 = FACE_OUTER_BOUND ( 'NONE', #2856, .T. ) ;
#6030 = CARTESIAN_POINT ( 'NONE',  ( -14.88539934195200765, -2.125041367155907857, 108.9992182023499510 ) ) ;
#6031 = ORIENTED_EDGE ( 'NONE', *, *, #9859, .F. ) ;
#6032 = CARTESIAN_POINT ( 'NONE',  ( -13.62499999999995381, 0.8747316122294004348, 197.7500000000000000 ) ) ;
#6033 = LINE ( 'NONE', #5095, #5407 ) ;
#6034 = COLOUR_RGB ( '',1.000000000000000000, 1.000000000000000000, 1.000000000000000000 ) ;
#6035 = MECHANICAL_DESIGN_GEOMETRIC_PRESENTATION_REPRESENTATION (  '', ( #925 ), #1247 ) ;
#6036 = FILL_AREA_STYLE_COLOUR ( '', #3973 ) ;
#6037 = LINE ( 'NONE', #4447, #3245 ) ;
#6038 = ORIENTED_EDGE ( 'NONE', *, *, #2087, .T. ) ;
#6039 = CARTESIAN_POINT ( 'NONE',  ( 17.49999999999963407, 1.819366934479246023, 206.4728288387435953 ) ) ;
#6040 = EDGE_LOOP ( 'NONE', ( #854, #837 ) ) ;
#6041 = CARTESIAN_POINT ( 'NONE',  ( 4.813019604415816327E-14, -4.624194836688038990, 198.7500000000000000 ) ) ;
#6042 = CARTESIAN_POINT ( 'NONE',  ( -15.44290917706221755, -3.763305530464750692, 108.8434127256231960 ) ) ;
#6043 = EDGE_CURVE ( 'NONE', #4423, #2908, #5105, .T. ) ;
#6044 = VECTOR ( 'NONE', #4580, 1000.000000000000000 ) ;
#6045 = CARTESIAN_POINT ( 'NONE',  ( 17.49999999999965539, 2.157519531249994404, 207.7500000000000853 ) ) ;
#6046 =( GEOMETRIC_REPRESENTATION_CONTEXT ( 3 ) GLOBAL_UNCERTAINTY_ASSIGNED_CONTEXT ( ( #5051 ) ) GLOBAL_UNIT_ASSIGNED_CONTEXT ( ( #5176, #627, #2338 ) ) REPRESENTATION_CONTEXT ( 'NONE', 'WORKASPACE' ) );
#6047 = DIRECTION ( 'NONE',  ( 0.000000000000000000, -0.000000000000000000, 1.000000000000000000 ) ) ;
#6048 = LINE ( 'NONE', #8380, #7094 ) ;
#6049 = UNCERTAINTY_MEASURE_WITH_UNIT (LENGTH_MEASURE( 1.000000000000000082E-05 ), #496, 'distance_accuracy_value', 'NONE');
#6050 = CARTESIAN_POINT ( 'NONE',  ( 17.49999999999963052, 1.398506682107911514, 208.0500221419004276 ) ) ;
#6051 = DIRECTION ( 'NONE',  ( -0.000000000000000000, -0.000000000000000000, 1.000000000000000000 ) ) ;
#6052 =( LENGTH_UNIT ( ) NAMED_UNIT ( * ) SI_UNIT ( .MILLI., .METRE. ) );
#6053 = CARTESIAN_POINT ( 'NONE',  ( 17.49999999999964473, 2.087328686049004567, 208.5543663750809742 ) ) ;
#6054 = ORIENTED_EDGE ( 'NONE', *, *, #6247, .F. ) ;
#6055 = DIRECTION ( 'NONE',  ( 0.000000000000000000, -1.000000000000000000, 0.000000000000000000 ) ) ;
#6056 = VECTOR ( 'NONE', #2182, 1000.000000000000000 ) ;
#6057 = ORIENTED_EDGE ( 'NONE', *, *, #1522, .T. ) ;
#6058 = SURFACE_STYLE_FILL_AREA ( #6779 ) ;
#6059 = VERTEX_POINT ( 'NONE', #7267 ) ;
#6060 = CARTESIAN_POINT ( 'NONE',  ( 17.99999999999963052, 1.387657923715743813, 207.7718028880624672 ) ) ;
#6061 = CARTESIAN_POINT ( 'NONE',  ( 17.99999999999963052, 2.449999999999994404, 207.3217773437500284 ) ) ;
#6062 =( LENGTH_UNIT ( ) NAMED_UNIT ( * ) SI_UNIT ( .MILLI., .METRE. ) );
#6063 = MECHANICAL_DESIGN_GEOMETRIC_PRESENTATION_REPRESENTATION (  '', ( #7863 ), #9140 ) ;
#6064 =( NAMED_UNIT ( * ) SI_UNIT ( $, .STERADIAN. ) SOLID_ANGLE_UNIT ( ) );
#6065 = EDGE_LOOP ( 'NONE', ( #5164, #4616, #5039, #7147 ) ) ;
#6066 = PRODUCT_DEFINITION_SHAPE ( 'NONE', 'NONE',  #5156 ) ;
#6067 = CARTESIAN_POINT ( 'NONE',  ( 17.99999999999962697, 3.551797789043128262, 208.3076669345818459 ) ) ;
#6068 = PLANE ( 'NONE',  #500 ) ;
#6069 = CARTESIAN_POINT ( 'NONE',  ( 17.49999999999963052, 3.518129582791113652, 207.3763971048858821 ) ) ;
#6070 = CARTESIAN_POINT ( 'NONE',  ( 17.49999999999963052, 2.678480285255079973, 206.6800337211782050 ) ) ;
#6071 = ORIENTED_EDGE ( 'NONE', *, *, #6670, .T. ) ;
#6072 = SURFACE_STYLE_USAGE ( .BOTH. , #1622 ) ;
#6073 = CARTESIAN_POINT ( 'NONE',  ( 17.49999999999963052, -0.5900390625000062617, 206.5000000000000568 ) ) ;
#6074 = PRESENTATION_STYLE_ASSIGNMENT (( #2902 ) ) ;
#6075 = CARTESIAN_POINT ( 'NONE',  ( 17.99999999999962697, 3.558398437499993960, 207.0527343750000568 ) ) ;
#6076 = MECHANICAL_DESIGN_GEOMETRIC_PRESENTATION_REPRESENTATION (  '', ( #4330 ), #1456 ) ;
#6077 = EDGE_CURVE ( 'NONE', #7588, #1239, #1956, .T. ) ;
#6078 = ORIENTED_EDGE ( 'NONE', *, *, #7383, .F. ) ;
#6079 = VECTOR ( 'NONE', #1518, 1000.000000000000000 ) ;
#6080 = ADVANCED_FACE ( 'NONE', ( #1199 ), #4250, .F. ) ;
#6081 = LINE ( 'NONE', #9019, #7374 ) ;
#6082 = EDGE_CURVE ( 'NONE', #6242, #4543, #9180, .T. ) ;
#6083 = VERTEX_POINT ( 'NONE', #2262 ) ;
#6084 = CARTESIAN_POINT ( 'NONE',  ( 17.49999999999963052, 2.152187693927690937, 206.4069796705042279 ) ) ;
#6085 = CARTESIAN_POINT ( 'NONE',  ( -3.772185518830095577E-14, 3.624194836688332089, 197.7500000000000000 ) ) ;
#6086 =( NAMED_UNIT ( * ) PLANE_ANGLE_UNIT ( ) SI_UNIT ( $, .RADIAN. ) );
#6087 = PLANE ( 'NONE',  #1954 ) ;
#6088 = EDGE_LOOP ( 'NONE', ( #4448, #9864, #2323, #9271, #4199, #421, #9480, #4992, #973, #5551 ) ) ;
#6089 = UNCERTAINTY_MEASURE_WITH_UNIT (LENGTH_MEASURE( 1.000000000000000082E-05 ), #3365, 'distance_accuracy_value', 'NONE');
#6090 = PRESENTATION_LAYER_ASSIGNMENT (  '', '', ( #1781 ) ) ;
#6091 = VECTOR ( 'NONE', #5202, 1000.000000000000000 ) ;
#6092 = CARTESIAN_POINT ( 'NONE',  ( 17.99999999999962697, 3.833475967286429142, 208.9372770977486482 ) ) ;
#6093 = ORIENTED_EDGE ( 'NONE', *, *, #3267, .T. ) ;
#6094 = CARTESIAN_POINT ( 'NONE',  ( 17.99999999999962697, 2.122204472205047932, 208.5617091097078912 ) ) ;
#6095 = DIRECTION ( 'NONE',  ( 1.000000000000000000, 0.000000000000000000, 0.000000000000000000 ) ) ;
#6096 = EDGE_CURVE ( 'NONE', #503, #2348, #5307, .T. ) ;
#6097 = CARTESIAN_POINT ( 'NONE',  ( 17.49999999999965183, 2.391441402030203278, 207.6083450192777207 ) ) ;
#6098 = SURFACE_STYLE_FILL_AREA ( #6875 ) ;
#6099 = FILL_AREA_STYLE ('',( #9135 ) ) ;
#6100 = AXIS2_PLACEMENT_3D ( 'NONE', #5920, #2177, #5275 ) ;
#6101 = VECTOR ( 'NONE', #2409, 1000.000000000000000 ) ;
#6102 = SURFACE_SIDE_STYLE ('',( #6877 ) ) ;
#6103 = FACE_OUTER_BOUND ( 'NONE', #670, .T. ) ;
#6104 = LINE ( 'NONE', #2209, #2027 ) ;
#6105 = UNCERTAINTY_MEASURE_WITH_UNIT (LENGTH_MEASURE( 1.000000000000000082E-05 ), #9375, 'distance_accuracy_value', 'NONE');
#6106 = LINE ( 'NONE', #3021, #8293 ) ;
#6107 = FACE_OUTER_BOUND ( 'NONE', #8121, .T. ) ;
#6108 = VECTOR ( 'NONE', #8683, 1000.000000000000000 ) ;
#6109 = CARTESIAN_POINT ( 'NONE',  ( 17.99999999999962341, 1.836767691229790556, 208.2166788591261479 ) ) ;
#6110 = ORIENTED_EDGE ( 'NONE', *, *, #7236, .T. ) ;
#6111 = PRESENTATION_LAYER_ASSIGNMENT (  '', '', ( #9817 ) ) ;
#6112 = DIRECTION ( 'NONE',  ( 0.000000000000000000, -1.000000000000000000, 0.000000000000000000 ) ) ;
#6113 = MECHANICAL_DESIGN_GEOMETRIC_PRESENTATION_REPRESENTATION (  '', ( #6436 ), #7100 ) ;
#6114 = VERTEX_POINT ( 'NONE', #7472 ) ;
#6115 =( NAMED_UNIT ( * ) SI_UNIT ( $, .STERADIAN. ) SOLID_ANGLE_UNIT ( ) );
#6116 = EDGE_LOOP ( 'NONE', ( #1849, #1245, #357, #9220 ) ) ;
#6117 = CARTESIAN_POINT ( 'NONE',  ( -4.813019604416389355E-14, 4.624194836688332977, 197.7500000000000000 ) ) ;
#6118 =( GEOMETRIC_REPRESENTATION_CONTEXT ( 3 ) GLOBAL_UNCERTAINTY_ASSIGNED_CONTEXT ( ( #1190 ) ) GLOBAL_UNIT_ASSIGNED_CONTEXT ( ( #1659, #6987, #9290 ) ) REPRESENTATION_CONTEXT ( 'NONE', 'WORKASPACE' ) );
#6119 = FACE_OUTER_BOUND ( 'NONE', #6345, .T. ) ;
#6120 = CARTESIAN_POINT ( 'NONE',  ( 17.99999999999962697, 1.932846374764496389, 206.9109976064753198 ) ) ;
#6121 = EDGE_LOOP ( 'NONE', ( #2523, #2589, #3211, #7153 ) ) ;
#6122 = CARTESIAN_POINT ( 'NONE',  ( -15.87499999999994493, -3.000000000000001776, 191.0000000000000000 ) ) ;
#6123 = CARTESIAN_POINT ( 'NONE',  ( -15.00000000000000533, 5.674999999999999822, 191.7500000000000000 ) ) ;
#6124 = VECTOR ( 'NONE', #5303, 1000.000000000000000 ) ;
#6125 = CARTESIAN_POINT ( 'NONE',  ( 17.49999999999963762, 2.748674975154318467, 206.7905057958475936 ) ) ;
#6126 = DIRECTION ( 'NONE',  ( 1.000000000000000000, 9.432558900623880687E-15, 0.000000000000000000 ) ) ;
#6127 = EDGE_LOOP ( 'NONE', ( #8478, #709 ) ) ;
#6128 = DIRECTION ( 'NONE',  ( 5.276725402210824000E-16, -1.000000000000000000, 1.577021341797095835E-16 ) ) ;
#6129 = DIRECTION ( 'NONE',  ( 0.000000000000000000, -0.3511234415883914273, 0.9363291775690445462 ) ) ;
#6130 =( NAMED_UNIT ( * ) PLANE_ANGLE_UNIT ( ) SI_UNIT ( $, .RADIAN. ) );
#6131 = LINE ( 'NONE', #8307, #3119 ) ;
#6132 = CARTESIAN_POINT ( 'NONE',  ( 17.99999999999962697, 3.833475967286429142, 208.9372770977486482 ) ) ;
#6133 = SURFACE_SIDE_STYLE ('',( #9165 ) ) ;
#6134 = STYLED_ITEM ( 'NONE', ( #884 ), #3828 ) ;
#6135 = VERTEX_POINT ( 'NONE', #3794 ) ;
#6136 = DIRECTION ( 'NONE',  ( 1.000000000000000000, 1.040834085586083310E-14, 0.000000000000000000 ) ) ;
#6137 = EDGE_CURVE ( 'NONE', #3913, #8674, #3746, .T. ) ;
#6138 = CARTESIAN_POINT ( 'NONE',  ( -15.62499999999995737, -2.168404344971003062E-13, 198.7500000000000000 ) ) ;
#6139 = FACE_OUTER_BOUND ( 'NONE', #7901, .T. ) ;
#6140 = DIRECTION ( 'NONE',  ( -0.000000000000000000, 0.000000000000000000, 1.000000000000000000 ) ) ;
#6141 = VERTEX_POINT ( 'NONE', #2315 ) ;
#6142 = STYLED_ITEM ( 'NONE', ( #9773 ), #3986 ) ;
#6143 = CARTESIAN_POINT ( 'NONE',  ( 17.99999999999963052, 2.372510860815592704, 207.6376424214228393 ) ) ;
#6144 = ORIENTED_EDGE ( 'NONE', *, *, #4562, .T. ) ;
#6145 = CARTESIAN_POINT ( 'NONE',  ( 17.99999999999963052, 2.087328686049005011, 208.5543663750809742 ) ) ;
#6146 = CARTESIAN_POINT ( 'NONE',  ( 17.99999999999962341, 3.619339431672319307, 206.9248522395523651 ) ) ;
#6147 = PRESENTATION_STYLE_ASSIGNMENT (( #5555 ) ) ;
#6148 = PLANE ( 'NONE',  #6909 ) ;
#6149 = B_SPLINE_CURVE_WITH_KNOTS ( 'NONE', 3,
 ( #5329, #8399, #1519, #765, #3818, #3086, #6120, #9199, #8453, #1570, #2818, #7313, #510, #9742, #5751 ),
 .UNSPECIFIED., .F., .F.,
 ( 4, 1, 1, 1, 1, 1, 1, 1, 1, 1, 1, 1, 4 ),
 ( 0.000000000000000000, 0.1513149748899930425, 0.2926265664829389435, 0.4278761614311641925, 0.5583078186967525003, 0.6220270875358198115, 0.6810452318806076155, 0.7371823958053350667, 0.7912109152963734404, 0.8432614804530385033, 0.8949508754006062494, 0.9470733742829997581, 1.000000000000000000 ),
 .UNSPECIFIED. ) ;
#6150 = CARTESIAN_POINT ( 'NONE',  ( 17.99999999999962697, 4.106249999999993960, 207.6875000000000568 ) ) ;
#6151 =( LENGTH_UNIT ( ) NAMED_UNIT ( * ) SI_UNIT ( .MILLI., .METRE. ) );
#6152 = PLANE ( 'NONE',  #7985 ) ;
#6153 = MECHANICAL_DESIGN_GEOMETRIC_PRESENTATION_REPRESENTATION (  '', ( #559 ), #7624 ) ;
#6154 = DIRECTION ( 'NONE',  ( -0.000000000000000000, 0.000000000000000000, -1.000000000000000000 ) ) ;
#6155 = STYLED_ITEM ( 'NONE', ( #1787 ), #4128 ) ;
#6156 = ORIENTED_EDGE ( 'NONE', *, *, #4717, .F. ) ;
#6157 = DIRECTION ( 'NONE',  ( 1.000000000000000000, 0.000000000000000000, 0.000000000000000000 ) ) ;
#6158 = COLOUR_RGB ( '',1.000000000000000000, 0.7490196078431372584, 0.000000000000000000 ) ;
#6159 =( NAMED_UNIT ( * ) PLANE_ANGLE_UNIT ( ) SI_UNIT ( $, .RADIAN. ) );
#6160 = SURFACE_STYLE_FILL_AREA ( #3128 ) ;
#6161 = FILL_AREA_STYLE ('',( #5377 ) ) ;
#6162 = FILL_AREA_STYLE_COLOUR ( '', #6814 ) ;
#6163 = CARTESIAN_POINT ( 'NONE',  ( 17.49999999999963052, 4.106139432236780351, 207.5746982393874305 ) ) ;
#6164 = VECTOR ( 'NONE', #8270, 1000.000000000000000 ) ;
#6165 = VECTOR ( 'NONE', #2102, 1000.000000000000000 ) ;
#6166 = ADVANCED_FACE ( 'NONE', ( #3847 ), #9032, .F. ) ;
#6167 = PRESENTATION_STYLE_ASSIGNMENT (( #2483 ) ) ;
#6168 = DIRECTION ( 'NONE',  ( 0.000000000000000000, 0.4822272466064917995, 0.8760461646684618575 ) ) ;
#6169 = CARTESIAN_POINT ( 'NONE',  ( 17.00000000000000000, 9.000000000000001776, 0.000000000000000000 ) ) ;
#6170 = CARTESIAN_POINT ( 'NONE',  ( 17.49999999999962341, 3.477793800870990548, 208.8614507134293206 ) ) ;
#6171 = CARTESIAN_POINT ( 'NONE',  ( 17.49999999999963052, 3.515285107853551860, 207.4711792467500118 ) ) ;
#6172 = CARTESIAN_POINT ( 'NONE',  ( 17.49999999999963407, 4.033642376763790338, 206.9616497844524758 ) ) ;
#6173 = CARTESIAN_POINT ( 'NONE',  ( 12.00000000000000888, 2.331306120687278494, 108.9959374348622703 ) ) ;
#6174 = EDGE_LOOP ( 'NONE', ( #6316, #1876, #7430, #8173, #6506, #1423, #3720, #8955, #4740, #5674 ) ) ;
#6175 = FACE_OUTER_BOUND ( 'NONE', #6116, .T. ) ;
#6176 = DIRECTION ( 'NONE',  ( 1.000000000000000000, 0.000000000000000000, -0.000000000000000000 ) ) ;
#6177 = CARTESIAN_POINT ( 'NONE',  ( 16.05809902749057017, 12.00000000000000178, 99.18372600831862940 ) ) ;
#6178 = CARTESIAN_POINT ( 'NONE',  ( 17.99999999999962341, 3.658374506384197034, 206.4510781312086181 ) ) ;
#6179 = CARTESIAN_POINT ( 'NONE',  ( 17.49999999999962341, 4.357650307906682841, 206.7021209153429027 ) ) ;
#6180 =( GEOMETRIC_REPRESENTATION_CONTEXT ( 3 ) GLOBAL_UNCERTAINTY_ASSIGNED_CONTEXT ( ( #6190 ) ) GLOBAL_UNIT_ASSIGNED_CONTEXT ( ( #7208, #2653, #2990 ) ) REPRESENTATION_CONTEXT ( 'NONE', 'WORKASPACE' ) );
#6181 = CARTESIAN_POINT ( 'NONE',  ( 17.99999999999962697, 3.563532807148631854, 207.0363109087359135 ) ) ;
#6182 = EDGE_LOOP ( 'NONE', ( #2257, #5441, #5353, #80 ) ) ;
#6183 = SURFACE_STYLE_USAGE ( .BOTH. , #3202 ) ;
#6184 = EDGE_CURVE ( 'NONE', #5225, #3473, #6816, .T. ) ;
#6185 = CARTESIAN_POINT ( 'NONE',  ( 17.99999999999963052, 2.756207452643796962, 208.5898956089895364 ) ) ;
#6186 = CARTESIAN_POINT ( 'NONE',  ( 17.99999999999963052, 1.836718749999993738, 207.9008789062500568 ) ) ;
#6187 = VECTOR ( 'NONE', #6009, 1000.000000000000000 ) ;
#6188 = ORIENTED_EDGE ( 'NONE', *, *, #5320, .F. ) ;
#6189 = STYLED_ITEM ( 'NONE', ( #7235 ), #8471 ) ;
#6190 = UNCERTAINTY_MEASURE_WITH_UNIT (LENGTH_MEASURE( 1.000000000000000082E-05 ), #7208, 'distance_accuracy_value', 'NONE');
#6191 = DIRECTION ( 'NONE',  ( 6.938893903907229955E-15, -1.000000000000000000, 0.000000000000000000 ) ) ;
#6192 = CARTESIAN_POINT ( 'NONE',  ( 17.99999999999963407, 3.167636413430486630, 206.9155428054151855 ) ) ;
#6193 = VERTEX_POINT ( 'NONE', #6768 ) ;
#6194 = DIRECTION ( 'NONE',  ( 6.591949208711864434E-14, -1.000000000000000000, 0.000000000000000000 ) ) ;
#6195 = CARTESIAN_POINT ( 'NONE',  ( -14.77063501900336462, -3.852202485644562913, 108.8270727220881753 ) ) ;
#6196 = CARTESIAN_POINT ( 'NONE',  ( -17.00000000000000000, 12.00000000000000178, 109.0000000000000000 ) ) ;
#6197 = ADVANCED_FACE ( 'NONE', ( #9841 ), #9892, .F. ) ;
#6198 =( NAMED_UNIT ( * ) PLANE_ANGLE_UNIT ( ) SI_UNIT ( $, .RADIAN. ) );
#6199 = LINE ( 'NONE', #3165, #812 ) ;
#6200 =( GEOMETRIC_REPRESENTATION_CONTEXT ( 3 ) GLOBAL_UNCERTAINTY_ASSIGNED_CONTEXT ( ( #7574 ) ) GLOBAL_UNIT_ASSIGNED_CONTEXT ( ( #2741, #8620, #4931 ) ) REPRESENTATION_CONTEXT ( 'NONE', 'WORKASPACE' ) );
#6201 = CARTESIAN_POINT ( 'NONE',  ( 17.49999999999963052, 2.095105600562027437, 206.8136367773276731 ) ) ;
#6202 = DIRECTION ( 'NONE',  ( 1.387778780781445676E-14, -1.000000000000000000, 0.000000000000000000 ) ) ;
#6203 = UNCERTAINTY_MEASURE_WITH_UNIT (LENGTH_MEASURE( 1.000000000000000082E-05 ), #1326, 'distance_accuracy_value', 'NONE');
#6204 =( GEOMETRIC_REPRESENTATION_CONTEXT ( 3 ) GLOBAL_UNCERTAINTY_ASSIGNED_CONTEXT ( ( #3123 ) ) GLOBAL_UNIT_ASSIGNED_CONTEXT ( ( #4138, #9673, #387 ) ) REPRESENTATION_CONTEXT ( 'NONE', 'WORKASPACE' ) );
#6205 = VECTOR ( 'NONE', #2129, 1000.000000000000000 ) ;
#6206 = SURFACE_STYLE_FILL_AREA ( #7634 ) ;
#6207 = CARTESIAN_POINT ( 'NONE',  ( 17.49999999999964473, 1.824999999999993516, 208.0610351562500568 ) ) ;
#6208 = ORIENTED_EDGE ( 'NONE', *, *, #3284, .F. ) ;
#6209 = DIRECTION ( 'NONE',  ( -0.000000000000000000, 0.000000000000000000, 1.000000000000000000 ) ) ;
#6210 = EDGE_CURVE ( 'NONE', #6997, #7918, #2513, .T. ) ;
#6211 = PLANE ( 'NONE',  #6100 ) ;
#6212 = ADVANCED_FACE ( 'NONE', ( #7121 ), #2363, .F. ) ;
#6213 =( GEOMETRIC_REPRESENTATION_CONTEXT ( 3 ) GLOBAL_UNCERTAINTY_ASSIGNED_CONTEXT ( ( #8177 ) ) GLOBAL_UNIT_ASSIGNED_CONTEXT ( ( #5987, #8261, #2953 ) ) REPRESENTATION_CONTEXT ( 'NONE', 'WORKASPACE' ) );
#6214 = EDGE_CURVE ( 'NONE', #1307, #4135, #9424, .T. ) ;
#6215 = LINE ( 'NONE', #2222, #4123 ) ;
#6216 = ORIENTED_EDGE ( 'NONE', *, *, #8986, .T. ) ;
#6217 = SURFACE_STYLE_FILL_AREA ( #6161 ) ;
#6218 =( LENGTH_UNIT ( ) NAMED_UNIT ( * ) SI_UNIT ( .MILLI., .METRE. ) );
#6219 = SURFACE_STYLE_FILL_AREA ( #4017 ) ;
#6220 = CARTESIAN_POINT ( 'NONE',  ( 17.99999999999963052, 9.498105723979288153E-15, 204.0000000000000568 ) ) ;
#6221 = DIRECTION ( 'NONE',  ( -5.018066914225054082E-16, 0.8760461646684618575, -0.4822272466064917995 ) ) ;
#6222 = LINE ( 'NONE', #9295, #5725 ) ;
#6223 = DIRECTION ( 'NONE',  ( -0.000000000000000000, -0.000000000000000000, 1.000000000000000000 ) ) ;
#6224 = CARTESIAN_POINT ( 'NONE',  ( -15.62499999999990763, -1.084202172485497997E-13, 198.7500000000000000 ) ) ;
#6225 = LINE ( 'NONE', #9206, #5861 ) ;
#6226 = ORIENTED_EDGE ( 'NONE', *, *, #1067, .T. ) ;
#6227 = LINE ( 'NONE', #7908, #4673 ) ;
#6228 =( LENGTH_UNIT ( ) NAMED_UNIT ( * ) SI_UNIT ( .MILLI., .METRE. ) );
#6229 = DIRECTION ( 'NONE',  ( -0.000000000000000000, -0.000000000000000000, -1.000000000000000000 ) ) ;
#6230 = SURFACE_SIDE_STYLE ('',( #978 ) ) ;
#6231 = CARTESIAN_POINT ( 'NONE',  ( 17.49999999999961986, 3.593948680655651096, 206.9617035697823155 ) ) ;
#6232 = ORIENTED_EDGE ( 'NONE', *, *, #6210, .T. ) ;
#6233 = PRESENTATION_STYLE_ASSIGNMENT (( #4078 ) ) ;
#6234 = B_SPLINE_CURVE_WITH_KNOTS ( 'NONE', 3,
 ( #3623, #6848, #9111, #4576, #3040, #5335, #3672, #6125, #2989, #6070, #722 ),
 .UNSPECIFIED., .F., .F.,
 ( 4, 1, 1, 1, 1, 1, 1, 1, 4 ),
 ( 0.000000000000000000, 0.1400282003168415168, 0.2748929970091747443, 0.4037760303667294326, 0.5281298201608586318, 0.6490095926725262254, 0.7677827492806615917, 0.8840861351216373620, 1.000000000000000000 ),
 .UNSPECIFIED. ) ;
#6235 =( LENGTH_UNIT ( ) NAMED_UNIT ( * ) SI_UNIT ( .MILLI., .METRE. ) );
#6236 = LINE ( 'NONE', #7716, #2854 ) ;
#6237 = LINE ( 'NONE', #9314, #9761 ) ;
#6238 = ORIENTED_EDGE ( 'NONE', *, *, #5681, .T. ) ;
#6239 = DIRECTION ( 'NONE',  ( -0.000000000000000000, -0.000000000000000000, 1.000000000000000000 ) ) ;
#6240 = SURFACE_STYLE_FILL_AREA ( #7771 ) ;
#6241 = CARTESIAN_POINT ( 'NONE',  ( 17.99999999999962697, 3.074999999999993960, 207.6875000000000568 ) ) ;
#6242 = VERTEX_POINT ( 'NONE', #5599 ) ;
#6243 = CARTESIAN_POINT ( 'NONE',  ( 17.49999999999963052, 3.075358306845346945, 207.7330787949111368 ) ) ;
#6244 =( NAMED_UNIT ( * ) PLANE_ANGLE_UNIT ( ) SI_UNIT ( $, .RADIAN. ) );
#6245 = MECHANICAL_DESIGN_GEOMETRIC_PRESENTATION_REPRESENTATION (  '', ( #808 ), #8992 ) ;
#6246 = CARTESIAN_POINT ( 'NONE',  ( 17.99999999999962697, 3.593948680655651540, 206.9617035697823155 ) ) ;
#6247 = EDGE_CURVE ( 'NONE', #7129, #6378, #3949, .T. ) ;
#6248 = DIRECTION ( 'NONE',  ( -1.000000000000000000, -5.728085021779797867E-16, 8.583663793918551117E-34 ) ) ;
#6249 = LINE ( 'NONE', #5702, #6108 ) ;
#6250 = MECHANICAL_DESIGN_GEOMETRIC_PRESENTATION_REPRESENTATION (  '', ( #5612 ), #9471 ) ;
#6251 = CARTESIAN_POINT ( 'NONE',  ( 17.99999999999962697, 4.069140624999993072, 208.3222656250000568 ) ) ;
#6252 = CARTESIAN_POINT ( 'NONE',  ( -15.62499999999995737, -2.168404344971003062E-13, 195.2500000000000000 ) ) ;
#6253 = PLANE ( 'NONE',  #1729 ) ;
#6254 = CARTESIAN_POINT ( 'NONE',  ( 17.49999999999963052, 3.076053481964338143, 207.5534907310785115 ) ) ;
#6255 = CARTESIAN_POINT ( 'NONE',  ( 17.99999999999963762, 1.903159428732844605, 206.9512105754500055 ) ) ;
#6256 = VERTEX_POINT ( 'NONE', #2412 ) ;
#6257 = B_SPLINE_CURVE_WITH_KNOTS ( 'NONE', 3,
 ( #7205, #8724, #1888, #1795, #5788, #8679, #7968, #5699, #4941, #8877, #2647, #346, #3396, #3441, #4847, #1038, #4092, #4288, #1091 ),
 .UNSPECIFIED., .F., .F.,
 ( 4, 1, 1, 1, 1, 1, 1, 1, 1, 1, 1, 1, 1, 1, 1, 1, 4 ),
 ( 0.000000000000000000, 0.08462961205201141590, 0.1653326407488330541, 0.2405673126550000873, 0.3125360737221975493, 0.3804302334193093160, 0.4451490031162539385, 0.5073517898351669331, 0.5668499291798032580, 0.6241610328603367508, 0.6786729269398031894, 0.7317959623183226681, 0.7836622608167483905, 0.8353862832626414159, 0.8886676195692653213, 0.9429343411461863500, 1.000000000000000000 ),
 .UNSPECIFIED. ) ;
#6258 = SURFACE_SIDE_STYLE ('',( #7033 ) ) ;
#6259 = STYLED_ITEM ( 'NONE', ( #7781 ), #1678 ) ;
#6260 = AXIS2_PLACEMENT_3D ( 'NONE', #268, #7925, #199 ) ;
#6261 = LINE ( 'NONE', #2891, #3706 ) ;
#6262 = DIRECTION ( 'NONE',  ( 6.938893903907228378E-15, -1.000000000000000000, 0.000000000000000000 ) ) ;
#6263 = COLOUR_RGB ( '',1.000000000000000000, 0.7490196078431372584, 0.000000000000000000 ) ;
#6264 =( NAMED_UNIT ( * ) SI_UNIT ( $, .STERADIAN. ) SOLID_ANGLE_UNIT ( ) );
#6265 = CIRCLE ( 'NONE', #8537, 1.500000000000003109 ) ;
#6266 = DIRECTION ( 'NONE',  ( 0.000000000000000000, 1.000000000000000000, 0.000000000000000000 ) ) ;
#6267 = CARTESIAN_POINT ( 'NONE',  ( 17.49999999999962697, 3.684839142175080351, 206.8716461796566080 ) ) ;
#6268 = SURFACE_SIDE_STYLE ('',( #3187 ) ) ;
#6269 = CARTESIAN_POINT ( 'NONE',  ( 17.49999999999962341, 4.085900251424392060, 207.1514296222750318 ) ) ;
#6270 = EDGE_CURVE ( 'NONE', #8233, #7947, #7728, .T. ) ;
#6271 = ADVANCED_FACE ( 'NONE', ( #95 ), #4696, .F. ) ;
#6272 = VECTOR ( 'NONE', #9527, 1000.000000000000000 ) ;
#6273 = ORIENTED_EDGE ( 'NONE', *, *, #269, .T. ) ;
#6274 = DIRECTION ( 'NONE',  ( -1.000000000000000000, -0.000000000000000000, -0.000000000000000000 ) ) ;
#6275 = CARTESIAN_POINT ( 'NONE',  ( 16.56133172794870489, -11.83709859823153110, 100.8363183251596951 ) ) ;
#6276 = EDGE_CURVE ( 'NONE', #1602, #4880, #807, .T. ) ;
#6277 = FILL_AREA_STYLE ('',( #1574 ) ) ;
#6278 = CARTESIAN_POINT ( 'NONE',  ( 17.99999999999962697, 4.106212029147669362, 207.6487619549355941 ) ) ;
#6279 = CARTESIAN_POINT ( 'NONE',  ( 17.49999999999963052, 2.854430612241212195, 207.3844213456565058 ) ) ;
#6280 = ORIENTED_EDGE ( 'NONE', *, *, #815, .T. ) ;
#6281 = CARTESIAN_POINT ( 'NONE',  ( -16.62500000000006395, 5.425000000000027356, 198.7500000000000000 ) ) ;
#6282 = CIRCLE ( 'NONE', #2612, 1.500000000000003109 ) ;
#6283 =( LENGTH_UNIT ( ) NAMED_UNIT ( * ) SI_UNIT ( .MILLI., .METRE. ) );
#6284 =( NAMED_UNIT ( * ) PLANE_ANGLE_UNIT ( ) SI_UNIT ( $, .RADIAN. ) );
#6285 = CARTESIAN_POINT ( 'NONE',  ( 17.99999999999962697, 3.477793800870985219, 206.5135492865707079 ) ) ;
#6286 = CARTESIAN_POINT ( 'NONE',  ( 17.49999999999961986, 3.563532807148631409, 207.0363109087359135 ) ) ;
#6287 = VERTEX_POINT ( 'NONE', #3656 ) ;
#6288 = SURFACE_SIDE_STYLE ('',( #4681 ) ) ;
#6289 = LINE ( 'NONE', #4130, #2124 ) ;
#6290 = DIRECTION ( 'NONE',  ( -1.000000000000000000, 0.000000000000000000, -0.000000000000000000 ) ) ;
#6291 = EDGE_CURVE ( 'NONE', #2348, #8391, #8336, .T. ) ;
#6292 = CARTESIAN_POINT ( 'NONE',  ( -16.00000000000000000, 12.00000000000000178, 109.0000000000000000 ) ) ;
#6293 = EDGE_CURVE ( 'NONE', #3464, #6141, #5910, .T. ) ;
#6294 = ORIENTED_EDGE ( 'NONE', *, *, #6184, .T. ) ;
#6295 = UNCERTAINTY_MEASURE_WITH_UNIT (LENGTH_MEASURE( 1.000000000000000082E-05 ), #6990, 'distance_accuracy_value', 'NONE');
#6296 = PRESENTATION_STYLE_ASSIGNMENT (( #3255 ) ) ;
#6297 = SURFACE_STYLE_FILL_AREA ( #4841 ) ;
#6298 = ORIENTED_EDGE ( 'NONE', *, *, #6291, .F. ) ;
#6299 = DIRECTION ( 'NONE',  ( -3.469446951953611033E-15, -0.000000000000000000, 1.000000000000000000 ) ) ;
#6300 = LINE ( 'NONE', #2511, #1945 ) ;
#6301 =( NAMED_UNIT ( * ) PLANE_ANGLE_UNIT ( ) SI_UNIT ( $, .RADIAN. ) );
#6302 = SURFACE_STYLE_FILL_AREA ( #3164 ) ;
#6303 = CARTESIAN_POINT ( 'NONE',  ( -16.99999999999999645, -10.99999999999999822, 103.3588989435406802 ) ) ;
#6304 = COLOUR_RGB ( '',1.000000000000000000, 1.000000000000000000, 1.000000000000000000 ) ;
#6305 = CARTESIAN_POINT ( 'NONE',  ( 9.999999999999626965, -1.319181350552657238E-15, 212.0000000000000853 ) ) ;
#6306 = DIRECTION ( 'NONE',  ( -1.000000000000000000, -0.000000000000000000, -0.000000000000000000 ) ) ;
#6307 = UNCERTAINTY_MEASURE_WITH_UNIT (LENGTH_MEASURE( 1.000000000000000082E-05 ), #492, 'distance_accuracy_value', 'NONE');
#6308 = CARTESIAN_POINT ( 'NONE',  ( 17.99999999999962697, 4.101205930323846616, 208.0013259412326363 ) ) ;
#6309 = CARTESIAN_POINT ( 'NONE',  ( 17.99999999999963052, 1.956466092947767077, 206.8847140234164499 ) ) ;
#6310 = EDGE_LOOP ( 'NONE', ( #8218, #3791, #5865, #4585 ) ) ;
#6311 = CARTESIAN_POINT ( 'NONE',  ( -16.62500000000006395, -5.425000000000027356, 198.7500000000000000 ) ) ;
#6312 =( GEOMETRIC_REPRESENTATION_CONTEXT ( 3 ) GLOBAL_UNCERTAINTY_ASSIGNED_CONTEXT ( ( #5796 ) ) GLOBAL_UNIT_ASSIGNED_CONTEXT ( ( #3940, #7017, #3990 ) ) REPRESENTATION_CONTEXT ( 'NONE', 'WORKASPACE' ) );
#6313 =( NAMED_UNIT ( * ) PLANE_ANGLE_UNIT ( ) SI_UNIT ( $, .RADIAN. ) );
#6314 = AXIS2_PLACEMENT_3D ( 'NONE', #8845, #9596, #8179 ) ;
#6315 = AXIS2_PLACEMENT_3D ( 'NONE', #6851, #6128, #3873 ) ;
#6316 = ORIENTED_EDGE ( 'NONE', *, *, #8335, .F. ) ;
#6317 = CARTESIAN_POINT ( 'NONE',  ( 17.74999999999963052, 1.000000000000000000, 216.2500000000000853 ) ) ;
#6318 = B_SPLINE_CURVE_WITH_KNOTS ( 'NONE', 3,
 ( #9063, #1580, #826, #2242, #6951, #4636, #7710, #76, #3149, #9824, #6177, #2946 ),
 .UNSPECIFIED., .F., .F.,
 ( 4, 2, 2, 2, 2, 4 ),
 ( 0.000000000000000000, 0.001156159871250812517, 0.002312319742501625034, 0.003468479613752437768, 0.004046559549377843484, 0.004624639485003249201 ),
 .UNSPECIFIED. ) ;
#6319 = LINE ( 'NONE', #813, #5161 ) ;
#6320 =( NAMED_UNIT ( * ) SI_UNIT ( $, .STERADIAN. ) SOLID_ANGLE_UNIT ( ) );
#6321 = EDGE_CURVE ( 'NONE', #6287, #3691, #9751, .T. ) ;
#6322 = VECTOR ( 'NONE', #7936, 1000.000000000000000 ) ;
#6323 = STYLED_ITEM ( 'NONE', ( #565 ), #4440 ) ;
#6324 = EDGE_CURVE ( 'NONE', #6724, #5766, #5957, .T. ) ;
#6325 = VERTEX_POINT ( 'NONE', #2216 ) ;
#6326 = CARTESIAN_POINT ( 'NONE',  ( 17.99999999999963407, 1.497843459692578705, 208.4450356463760556 ) ) ;
#6327 = B_SPLINE_CURVE_WITH_KNOTS ( 'NONE', 3,
 ( #2906, #393, #8881, #1186, #4238, #7302, #443, #3488, #2755, #5791, #1234, #4292, #638, #5396, #7561, #7665, #2251, #2399, #9935 ),
 .UNSPECIFIED., .F., .F.,
 ( 4, 1, 1, 1, 1, 1, 1, 1, 1, 1, 1, 1, 1, 1, 1, 1, 4 ),
 ( 0.000000000000000000, 0.05238778022535008766, 0.1033897834753507994, 0.1546412386691223551, 0.2053818692673640978, 0.2574839855469217009, 0.3118193982334155345, 0.3691297375483189036, 0.4295426348734991406, 0.4924852742369817959, 0.5567293564649405946, 0.6228057824453987479, 0.6920270070984687605, 0.7638644630420158288, 0.8383574139512324219, 0.9174613645920162153, 1.000000000000000000 ),
 .UNSPECIFIED. ) ;
#6328 =( NAMED_UNIT ( * ) SI_UNIT ( $, .STERADIAN. ) SOLID_ANGLE_UNIT ( ) );
#6329 = SURFACE_STYLE_FILL_AREA ( #7994 ) ;
#6330 =( LENGTH_UNIT ( ) NAMED_UNIT ( * ) SI_UNIT ( .MILLI., .METRE. ) );
#6331 = STYLED_ITEM ( 'NONE', ( #183 ), #5608 ) ;
#6332 = ORIENTED_EDGE ( 'NONE', *, *, #7575, .F. ) ;
#6333 = MECHANICAL_DESIGN_GEOMETRIC_PRESENTATION_REPRESENTATION (  '', ( #2658 ), #1053 ) ;
#6334 = CARTESIAN_POINT ( 'NONE',  ( 0.000000000000000000, 0.000000000000000000, 197.7500000000000000 ) ) ;
#6335 = CARTESIAN_POINT ( 'NONE',  ( 17.99999999999962697, 3.245383072782976885, 206.7450255022803844 ) ) ;
#6336 = ORIENTED_EDGE ( 'NONE', *, *, #2729, .T. ) ;
#6337 =( GEOMETRIC_REPRESENTATION_CONTEXT ( 3 ) GLOBAL_UNCERTAINTY_ASSIGNED_CONTEXT ( ( #9221 ) ) GLOBAL_UNIT_ASSIGNED_CONTEXT ( ( #2982, #4274, #6785 ) ) REPRESENTATION_CONTEXT ( 'NONE', 'WORKASPACE' ) );
#6338 = LINE ( 'NONE', #7818, #4342 ) ;
#6339 = ADVANCED_FACE ( 'NONE', ( #2925 ), #4514, .T. ) ;
#6340 = DIRECTION ( 'NONE',  ( 3.469446951953614189E-16, -1.000000000000000000, 0.000000000000000000 ) ) ;
#6341 = CARTESIAN_POINT ( 'NONE',  ( 17.49999999999962697, 2.205750666127074933, 206.4084069542845441 ) ) ;
#6342 = CARTESIAN_POINT ( 'NONE',  ( -12.62499999999999822, 3.750000000000000444, 194.2500000000000000 ) ) ;
#6343 = ORIENTED_EDGE ( 'NONE', *, *, #7258, .T. ) ;
#6344 = SURFACE_SIDE_STYLE ('',( #9222 ) ) ;
#6345 = EDGE_LOOP ( 'NONE', ( #5531, #6332, #8623, #4886 ) ) ;
#6346 =( GEOMETRIC_REPRESENTATION_CONTEXT ( 3 ) GLOBAL_UNCERTAINTY_ASSIGNED_CONTEXT ( ( #3887 ) ) GLOBAL_UNIT_ASSIGNED_CONTEXT ( ( #5211, #2114, #4561 ) ) REPRESENTATION_CONTEXT ( 'NONE', 'WORKASPACE' ) );
#6347 = CARTESIAN_POINT ( 'NONE',  ( 17.49999999999962697, 3.198535156249993516, 208.5366210937500284 ) ) ;
#6348 =( NAMED_UNIT ( * ) PLANE_ANGLE_UNIT ( ) SI_UNIT ( $, .RADIAN. ) );
#6349 = CARTESIAN_POINT ( 'NONE',  ( 17.99999999999963052, -2.454785156250005596, 209.0000000000000568 ) ) ;
#6350 = SURFACE_SIDE_STYLE ('',( #8484 ) ) ;
#6351 = CARTESIAN_POINT ( 'NONE',  ( -13.62500000000020250, -8.981530796870042930E-13, 197.7500000000000000 ) ) ;
#6352 = AXIS2_PLACEMENT_3D ( 'NONE', #9921, #867, #3971 ) ;
#6353 = COLOUR_RGB ( '',1.000000000000000000, 0.000000000000000000, 0.000000000000000000 ) ;
#6354 = FILL_AREA_STYLE_COLOUR ( '', #4338 ) ;
#6355 = FACE_OUTER_BOUND ( 'NONE', #1996, .T. ) ;
#6356 = DIRECTION ( 'NONE',  ( 0.000000000000000000, 0.4368060411765821160, 0.8995557138897189997 ) ) ;
#6357 = CARTESIAN_POINT ( 'NONE',  ( 17.49999999999963762, 3.904599718111236406, 206.8554829926777643 ) ) ;
#6358 = CARTESIAN_POINT ( 'NONE',  ( 17.49999999999963762, 1.827816081797511094, 207.1672753519269747 ) ) ;
#6359 = ORIENTED_EDGE ( 'NONE', *, *, #2372, .F. ) ;
#6360 =( GEOMETRIC_REPRESENTATION_CONTEXT ( 3 ) GLOBAL_UNCERTAINTY_ASSIGNED_CONTEXT ( ( #3207 ) ) GLOBAL_UNIT_ASSIGNED_CONTEXT ( ( #3602, #5157, #3652 ) ) REPRESENTATION_CONTEXT ( 'NONE', 'WORKASPACE' ) );
#6361 =( NAMED_UNIT ( * ) SI_UNIT ( $, .STERADIAN. ) SOLID_ANGLE_UNIT ( ) );
#6362 = EDGE_CURVE ( 'NONE', #7445, #8233, #656, .T. ) ;
#6363 = STYLED_ITEM ( 'NONE', ( #5550 ), #7471 ) ;
#6364 = VECTOR ( 'NONE', #5590, 1000.000000000000000 ) ;
#6365 = LINE ( 'NONE', #1812, #4708 ) ;
#6366 = SURFACE_STYLE_FILL_AREA ( #6562 ) ;
#6367 = CARTESIAN_POINT ( 'NONE',  ( 12.10236772670730865, -3.145212613652626388, 108.9349631500085707 ) ) ;
#6368 = EDGE_CURVE ( 'NONE', #5298, #6730, #1776, .T. ) ;
#6369 = FILL_AREA_STYLE_COLOUR ( '', #6158 ) ;
#6370 = FILL_AREA_STYLE ('',( #3335 ) ) ;
#6371 = VECTOR ( 'NONE', #6463, 1000.000000000000000 ) ;
#6372 = STYLED_ITEM ( 'NONE', ( #9717 ), #9073 ) ;
#6373 = EDGE_LOOP ( 'NONE', ( #3126, #5627, #6232, #9585 ) ) ;
#6374 = CARTESIAN_POINT ( 'NONE',  ( 17.99999999999963052, -1.922558593750006262, 209.0000000000000568 ) ) ;
#6375 = PRESENTATION_STYLE_ASSIGNMENT (( #6468 ) ) ;
#6376 = CARTESIAN_POINT ( 'NONE',  ( 17.49999999999962697, 3.861287548624498189, 206.8456653052919592 ) ) ;
#6377 = PLANE ( 'NONE',  #8280 ) ;
#6378 = VERTEX_POINT ( 'NONE', #5369 ) ;
#6379 = DIRECTION ( 'NONE',  ( 1.000000000000000000, 0.000000000000000000, 0.000000000000000000 ) ) ;
#6380 = LINE ( 'NONE', #4676, #7268 ) ;
#6381 = CARTESIAN_POINT ( 'NONE',  ( -15.62499999999994493, -0.8752683877705511595, 195.2500000000000000 ) ) ;
#6382 = CARTESIAN_POINT ( 'NONE',  ( -13.62499999999989697, -4.624194836688180210, 198.7500000000000000 ) ) ;
#6383 = LINE ( 'NONE', #1875, #4883 ) ;
#6384 = ORIENTED_EDGE ( 'NONE', *, *, #3673, .F. ) ;
#6385 =( NAMED_UNIT ( * ) PLANE_ANGLE_UNIT ( ) SI_UNIT ( $, .RADIAN. ) );
#6386 = MECHANICAL_DESIGN_GEOMETRIC_PRESENTATION_REPRESENTATION (  '', ( #8165 ), #7041 ) ;
#6387 = SURFACE_STYLE_FILL_AREA ( #8619 ) ;
#6388 = DIRECTION ( 'NONE',  ( 1.000000000000000000, 0.000000000000000000, 0.000000000000000000 ) ) ;
#6389 = B_SPLINE_CURVE_WITH_KNOTS ( 'NONE', 3,
 ( #1615, #3192, #7751, #2437, #5278, #70, #1474, #2339, #5430, #5332, #6170, #3869, #9110, #5382, #6846, #4669, #6943, #4628, #864 ),
 .UNSPECIFIED., .F., .F.,
 ( 4, 1, 1, 1, 1, 1, 1, 1, 1, 1, 1, 1, 1, 1, 1, 1, 4 ),
 ( 0.000000000000000000, 0.06783905803906928322, 0.1337522889972232454, 0.1973850191154391809, 0.2595286092226563035, 0.3199230995342072781, 0.3792466348613999227, 0.4383647567973350534, 0.4966639238498927744, 0.5551746798191102839, 0.6146509980048966426, 0.6746606018237308877, 0.7357923351408228729, 0.7988152502310579273, 0.8635908144692157062, 0.9303742151501103175, 0.9999999999999998890 ),
 .UNSPECIFIED. ) ;
#6390 = ORIENTED_EDGE ( 'NONE', *, *, #4472, .T. ) ;
#6391 = CARTESIAN_POINT ( 'NONE',  ( -12.62499999999999822, -3.000000000000000888, 191.7500000000000000 ) ) ;
#6392 = CARTESIAN_POINT ( 'NONE',  ( 17.49999999999962697, 3.076053481964338143, 207.5534907310785115 ) ) ;
#6393 = ORIENTED_EDGE ( 'NONE', *, *, #4499, .F. ) ;
#6394 = DIRECTION ( 'NONE',  ( -2.168404344971009361E-16, 1.000000000000000000, 0.000000000000000000 ) ) ;
#6395 = CARTESIAN_POINT ( 'NONE',  ( 17.99999999999963052, -0.5187500000000057065, 208.5937500000000568 ) ) ;
#6396 = EDGE_CURVE ( 'NONE', #7170, #7183, #2270, .T. ) ;
#6397 = CARTESIAN_POINT ( 'NONE',  ( 17.99999999999963052, 2.813281249999993960, 208.3437500000000568 ) ) ;
#6398 = EDGE_CURVE ( 'NONE', #1870, #6671, #3609, .T. ) ;
#6399 = CARTESIAN_POINT ( 'NONE',  ( -15.87500000000000000, 2.999999999999998224, 108.0000000000000000 ) ) ;
#6400 = EDGE_CURVE ( 'NONE', #2485, #5524, #5058, .T. ) ;
#6401 = PRESENTATION_LAYER_ASSIGNMENT (  '', '', ( #8828 ) ) ;
#6402 =( NAMED_UNIT ( * ) SI_UNIT ( $, .STERADIAN. ) SOLID_ANGLE_UNIT ( ) );
#6403 = LINE ( 'NONE', #7072, #518 ) ;
#6404 = FACE_OUTER_BOUND ( 'NONE', #8660, .T. ) ;
#6405 = UNCERTAINTY_MEASURE_WITH_UNIT (LENGTH_MEASURE( 1.000000000000000082E-05 ), #3662, 'distance_accuracy_value', 'NONE');
#6406 = EDGE_CURVE ( 'NONE', #5943, #6675, #6104, .T. ) ;
#6407 = PRESENTATION_LAYER_ASSIGNMENT (  '', '', ( #808 ) ) ;
#6408 = CARTESIAN_POINT ( 'NONE',  ( 10.24999999999962874, 0.000000000000000000, 216.2500000000000853 ) ) ;
#6409 = CARTESIAN_POINT ( 'NONE',  ( 16.95666463574068317, 11.32389684197507052, 1.090108708506230872 ) ) ;
#6410 = ORIENTED_EDGE ( 'NONE', *, *, #708, .T. ) ;
#6411 = CARTESIAN_POINT ( 'NONE',  ( -11.87499999999999822, 3.750000000000000000, 191.0000000000000000 ) ) ;
#6412 = COLOUR_RGB ( '',1.000000000000000000, 1.000000000000000000, 1.000000000000000000 ) ;
#6413 =( LENGTH_UNIT ( ) NAMED_UNIT ( * ) SI_UNIT ( .MILLI., .METRE. ) );
#6414 = ADVANCED_FACE ( 'NONE', ( #802 ), #9787, .T. ) ;
#6415 = PLANE ( 'NONE',  #5213 ) ;
#6416 = CARTESIAN_POINT ( 'NONE',  ( 12.77822254883832009, -4.088779709059387812, 108.7796991447997073 ) ) ;
#6417 = SURFACE_STYLE_USAGE ( .BOTH. , #3370 ) ;
#6418 = VECTOR ( 'NONE', #4699, 1000.000000000000000 ) ;
#6419 = STYLED_ITEM ( 'NONE', ( #6233 ), #1906 ) ;
#6420 = ORIENTED_EDGE ( 'NONE', *, *, #8879, .T. ) ;
#6421 = VECTOR ( 'NONE', #1799, 1000.000000000000000 ) ;
#6422 = CARTESIAN_POINT ( 'NONE',  ( -11.87499999999999822, 3.750000000000000000, 191.0000000000000000 ) ) ;
#6423 = LINE ( 'NONE', #4872, #7521 ) ;
#6424 = ORIENTED_EDGE ( 'NONE', *, *, #7026, .T. ) ;
#6425 = CARTESIAN_POINT ( 'NONE',  ( -13.62500000000004441, -8.508818649666270100E-13, 197.7500000000000000 ) ) ;
#6426 = ORIENTED_EDGE ( 'NONE', *, *, #894, .T. ) ;
#6427 = CARTESIAN_POINT ( 'NONE',  ( -12.62499999999999822, -3.750000000000000000, 191.0000000000000000 ) ) ;
#6428 = CARTESIAN_POINT ( 'NONE',  ( -16.95877604367208136, 11.31667686418683694, 102.6530031570373183 ) ) ;
#6430 = AXIS2_PLACEMENT_3D ( 'NONE', #5258, #1551, #3017 ) ;
#6429 =( NAMED_UNIT ( * ) SI_UNIT ( $, .STERADIAN. ) SOLID_ANGLE_UNIT ( ) );
#6431 = CARTESIAN_POINT ( 'NONE',  ( -15.62499999999988276, -3.625000000000015543, 198.7500000000000000 ) ) ;
#6432 = CARTESIAN_POINT ( 'NONE',  ( 17.49999999999962697, 4.192085391526020999, 206.5369012286806196 ) ) ;
#6433 = ORIENTED_EDGE ( 'NONE', *, *, #8313, .F. ) ;
#6434 = CARTESIAN_POINT ( 'NONE',  ( 17.49999999999962341, 4.429492187499993072, 208.5366210937500284 ) ) ;
#6435 = CARTESIAN_POINT ( 'NONE',  ( 17.49999999999963052, 2.057257875832067651, 207.7316719609150653 ) ) ;
#6436 = STYLED_ITEM ( 'NONE', ( #870 ), #2864 ) ;
#6437 =( NAMED_UNIT ( * ) PLANE_ANGLE_UNIT ( ) SI_UNIT ( $, .RADIAN. ) );
#6438 = CARTESIAN_POINT ( 'NONE',  ( 17.49999999999962697, 3.815234374999993516, 208.5312500000000568 ) ) ;
#6439 = EDGE_LOOP ( 'NONE', ( #4164, #784, #6809, #676 ) ) ;
#6440 = CARTESIAN_POINT ( 'NONE',  ( 17.49999999999964473, 2.531556370266442091, 208.0147409846729829 ) ) ;
#6441 = SURFACE_STYLE_USAGE ( .BOTH. , #4086 ) ;
#6442 = CARTESIAN_POINT ( 'NONE',  ( 17.99999999999963052, 3.076053481964340808, 207.8215092689216590 ) ) ;
#6443 = VERTEX_POINT ( 'NONE', #2571 ) ;
#6444 = DIRECTION ( 'NONE',  ( -0.000000000000000000, -0.000000000000000000, -1.000000000000000000 ) ) ;
#6445 = SURFACE_SIDE_STYLE ('',( #7163 ) ) ;
#6446 = FILL_AREA_STYLE ('',( #4141 ) ) ;
#6447 = CARTESIAN_POINT ( 'NONE',  ( 17.49999999999963052, 0.6062499999999938494, 208.5937500000000568 ) ) ;
#6448 = STYLED_ITEM ( 'NONE', ( #6710 ), #3137 ) ;
#6449 = PRESENTATION_STYLE_ASSIGNMENT (( #3397 ) ) ;
#6450 = CARTESIAN_POINT ( 'NONE',  ( 17.99999999999962697, 2.401073110991139625, 207.0290277684576381 ) ) ;
#6451 = DIRECTION ( 'NONE',  ( -2.891205793294678326E-16, 1.000000000000000000, -0.000000000000000000 ) ) ;
#6452 = DIRECTION ( 'NONE',  ( 1.000000000000000000, 0.000000000000000000, -0.000000000000000000 ) ) ;
#6453 = ORIENTED_EDGE ( 'NONE', *, *, #2784, .F. ) ;
#6454 = CARTESIAN_POINT ( 'NONE',  ( 17.49999999999963052, 3.122042099234190626, 207.0934272515208932 ) ) ;
#6455 = ORIENTED_EDGE ( 'NONE', *, *, #1989, .T. ) ;
#6456 =( NAMED_UNIT ( * ) PLANE_ANGLE_UNIT ( ) SI_UNIT ( $, .RADIAN. ) );
#6457 = LINE ( 'NONE', #8176, #7465 ) ;
#6458 = CARTESIAN_POINT ( 'NONE',  ( 17.49999999999963052, 4.458472286928091499, 206.9144220079150784 ) ) ;
#6459 = UNCERTAINTY_MEASURE_WITH_UNIT (LENGTH_MEASURE( 1.000000000000000082E-05 ), #4541, 'distance_accuracy_value', 'NONE');
#6460 = FACE_OUTER_BOUND ( 'NONE', #8924, .T. ) ;
#6461 = CARTESIAN_POINT ( 'NONE',  ( 17.99999999999963052, 0.1687499999999942102, 206.5000000000000568 ) ) ;
#6462 = CARTESIAN_POINT ( 'NONE',  ( 17.99999999999963052, 3.075358306845347389, 207.7330787949111368 ) ) ;
#6463 = DIRECTION ( 'NONE',  ( 0.000000000000000000, -1.000000000000000000, 0.000000000000000000 ) ) ;
#6464 =( GEOMETRIC_REPRESENTATION_CONTEXT ( 3 ) GLOBAL_UNCERTAINTY_ASSIGNED_CONTEXT ( ( #3789 ) ) GLOBAL_UNIT_ASSIGNED_CONTEXT ( ( #7794, #311, #7843 ) ) REPRESENTATION_CONTEXT ( 'NONE', 'WORKASPACE' ) );
#6465 = STYLED_ITEM ( 'NONE', ( #1069 ), #4268 ) ;
#6466 = ORIENTED_EDGE ( 'NONE', *, *, #4030, .F. ) ;
#6467 = CARTESIAN_POINT ( 'NONE',  ( 17.99999999999963407, 1.586230468749993960, 208.6098632812500853 ) ) ;
#6468 = SURFACE_STYLE_USAGE ( .BOTH. , #4069 ) ;
#6469 = VERTEX_POINT ( 'NONE', #7834 ) ;
#6470 = CARTESIAN_POINT ( 'NONE',  ( 17.49999999999962697, 4.264455957073589154, 206.5939525953374698 ) ) ;
#6471 = ORIENTED_EDGE ( 'NONE', *, *, #8429, .T. ) ;
#6472 = DIRECTION ( 'NONE',  ( -0.000000000000000000, 0.7071067811865477948, 0.7071067811865473507 ) ) ;
#6473 = EDGE_CURVE ( 'NONE', #519, #8051, #1847, .T. ) ;
#6474 = PRESENTATION_STYLE_ASSIGNMENT (( #526 ) ) ;
#6475 = AXIS2_PLACEMENT_3D ( 'NONE', #1807, #6209, #6157 ) ;
#6476 =( GEOMETRIC_REPRESENTATION_CONTEXT ( 3 ) GLOBAL_UNCERTAINTY_ASSIGNED_CONTEXT ( ( #9025 ) ) GLOBAL_UNIT_ASSIGNED_CONTEXT ( ( #4619, #5269, #8450 ) ) REPRESENTATION_CONTEXT ( 'NONE', 'WORKASPACE' ) );
#6477 = DIRECTION ( 'NONE',  ( -0.000000000000000000, -0.000000000000000000, 1.000000000000000000 ) ) ;
#6478 = CARTESIAN_POINT ( 'NONE',  ( 17.99999999999963052, 2.161929826822984513, 206.8132358850241417 ) ) ;
#6479 = CYLINDRICAL_SURFACE ( 'NONE', #9805, 1.500000000000001332 ) ;
#6480 = CARTESIAN_POINT ( 'NONE',  ( -11.87499999999999822, 3.000000000000000888, 197.0000000000000000 ) ) ;
#6481 = EDGE_LOOP ( 'NONE', ( #470, #3343, #6336, #9690 ) ) ;
#6482 = CARTESIAN_POINT ( 'NONE',  ( -13.62499999999996270, -3.624194836688179322, 197.7500000000000000 ) ) ;
#6483 =( NAMED_UNIT ( * ) PLANE_ANGLE_UNIT ( ) SI_UNIT ( $, .RADIAN. ) );
#6484 = CARTESIAN_POINT ( 'NONE',  ( 17.99999999999963052, 2.427724542662933693, 206.4677593061833534 ) ) ;
#6485 = STYLED_ITEM ( 'NONE', ( #7540 ), #5778 ) ;
#6486 = CARTESIAN_POINT ( 'NONE',  ( 17.49999999999963052, 3.570796107484091042, 208.3703042318917085 ) ) ;
#6487 = ORIENTED_EDGE ( 'NONE', *, *, #1929, .F. ) ;
#6488 = CARTESIAN_POINT ( 'NONE',  ( 17.99999999999963052, 2.759110087031259262, 207.7741847239990420 ) ) ;
#6489 = CARTESIAN_POINT ( 'NONE',  ( 17.49999999999963052, 3.331546187456892572, 206.6266302452151535 ) ) ;
#6490 = DIRECTION ( 'NONE',  ( -1.000000000000000000, 0.000000000000000000, 0.000000000000000000 ) ) ;
#6491 = ORIENTED_EDGE ( 'NONE', *, *, #5205, .F. ) ;
#6492 = FILL_AREA_STYLE ('',( #1334 ) ) ;
#6493 = SURFACE_STYLE_USAGE ( .BOTH. , #9724 ) ;
#6494 = MECHANICAL_DESIGN_GEOMETRIC_PRESENTATION_REPRESENTATION (  '', ( #5050 ), #1378 ) ;
#6495 = FACE_OUTER_BOUND ( 'NONE', #7746, .T. ) ;
#6496 = MECHANICAL_DESIGN_GEOMETRIC_PRESENTATION_REPRESENTATION (  '', ( #8903 ), #6464 ) ;
#6497 = ADVANCED_FACE ( 'NONE', ( #6355 ), #1647, .F. ) ;
#6498 = FACE_OUTER_BOUND ( 'NONE', #6712, .T. ) ;
#6499 = EDGE_CURVE ( 'NONE', #3607, #7906, #946, .T. ) ;
#6500 = PRESENTATION_STYLE_ASSIGNMENT (( #4340 ) ) ;
#6501 = CARTESIAN_POINT ( 'NONE',  ( 17.99999999999962697, 3.978309745460468783, 208.4800177078373338 ) ) ;
#6502 = VECTOR ( 'NONE', #2878, 1000.000000000000114 ) ;
#6503 = ORIENTED_EDGE ( 'NONE', *, *, #2248, .T. ) ;
#6504 = UNCERTAINTY_MEASURE_WITH_UNIT (LENGTH_MEASURE( 1.000000000000000082E-05 ), #6283, 'distance_accuracy_value', 'NONE');
#6505 = CARTESIAN_POINT ( 'NONE',  ( 17.49999999999962697, 3.198535156249993516, 206.8383789062500284 ) ) ;
#6506 = ORIENTED_EDGE ( 'NONE', *, *, #9048, .F. ) ;
#6507 = DIRECTION ( 'NONE',  ( 0.000000000000000000, -1.334402673828312107E-16, -1.000000000000000000 ) ) ;
#6508 = ORIENTED_EDGE ( 'NONE', *, *, #951, .F. ) ;
#6509 = CARTESIAN_POINT ( 'NONE',  ( 17.99999999999963052, -1.922558593750006262, 209.0000000000000568 ) ) ;
#6510 = CARTESIAN_POINT ( 'NONE',  ( 17.49999999999963052, -0.5900390625000062617, 206.5000000000000568 ) ) ;
#6511 = STYLED_ITEM ( 'NONE', ( #9500 ), #6839 ) ;
#6512 = PRESENTATION_LAYER_ASSIGNMENT (  '', '', ( #2678 ) ) ;
#6513 = FILL_AREA_STYLE ('',( #1709 ) ) ;
#6514 = CARTESIAN_POINT ( 'NONE',  ( 17.99999999999963762, 2.748674975154318911, 206.7905057958475936 ) ) ;
#6515 = CARTESIAN_POINT ( 'NONE',  ( 17.49999999999962697, 2.020387074133159100, 208.0454755757019143 ) ) ;
#6516 =( GEOMETRIC_REPRESENTATION_CONTEXT ( 3 ) GLOBAL_UNCERTAINTY_ASSIGNED_CONTEXT ( ( #7015 ) ) GLOBAL_UNIT_ASSIGNED_CONTEXT ( ( #5207, #2874, #9800 ) ) REPRESENTATION_CONTEXT ( 'NONE', 'WORKASPACE' ) );
#6517 = STYLED_ITEM ( 'NONE', ( #5769 ), #8428 ) ;
#6518 = CARTESIAN_POINT ( 'NONE',  ( 17.99999999999962341, 3.188552969108196855, 208.5116924263749354 ) ) ;
#6519 =( LENGTH_UNIT ( ) NAMED_UNIT ( * ) SI_UNIT ( .MILLI., .METRE. ) );
#6520 = EDGE_CURVE ( 'NONE', #2655, #3223, #5650, .T. ) ;
#6521 = EDGE_CURVE ( 'NONE', #3638, #4732, #3171, .T. ) ;
#6522 = EDGE_CURVE ( 'NONE', #9720, #3247, #6974, .T. ) ;
#6523 = PRESENTATION_LAYER_ASSIGNMENT (  '', '', ( #925 ) ) ;
#6524 = VERTEX_POINT ( 'NONE', #8727 ) ;
#6525 = CARTESIAN_POINT ( 'NONE',  ( 17.99999999999963052, -1.540234375000006262, 207.3369140625000568 ) ) ;
#6526 =( NAMED_UNIT ( * ) PLANE_ANGLE_UNIT ( ) SI_UNIT ( $, .RADIAN. ) );
#6527 = ORIENTED_EDGE ( 'NONE', *, *, #3569, .F. ) ;
#6528 = CARTESIAN_POINT ( 'NONE',  ( 17.49999999999962697, 4.383716884397239610, 206.7448764449110001 ) ) ;
#6529 = ORIENTED_EDGE ( 'NONE', *, *, #8680, .T. ) ;
#6530 = SURFACE_STYLE_FILL_AREA ( #4323 ) ;
#6531 = PRODUCT_DEFINITION_FORMATION_WITH_SPECIFIED_SOURCE ( 'ANY', '', #2812, .NOT_KNOWN. ) ;
#6532 = AXIS2_PLACEMENT_3D ( 'NONE', #5331, #24, #7697 ) ;
#6533 = CARTESIAN_POINT ( 'NONE',  ( -1.176359357146760478E-15, -5.425000000000030909, 191.7500000000000000 ) ) ;
#6534 = LINE ( 'NONE', #2632, #4275 ) ;
#6535 = CARTESIAN_POINT ( 'NONE',  ( 17.99999999999963052, 4.152285547016833611, 206.5136834020897538 ) ) ;
#6536 = ORIENTED_EDGE ( 'NONE', *, *, #4819, .T. ) ;
#6537 = CARTESIAN_POINT ( 'NONE',  ( 17.99999999999963052, 0.6062499999999941824, 206.5000000000000568 ) ) ;
#6538 = FILL_AREA_STYLE ('',( #2552 ) ) ;
#6539 =( GEOMETRIC_REPRESENTATION_CONTEXT ( 3 ) GLOBAL_UNCERTAINTY_ASSIGNED_CONTEXT ( ( #5661 ) ) GLOBAL_UNIT_ASSIGNED_CONTEXT ( ( #9072, #4343, #640 ) ) REPRESENTATION_CONTEXT ( 'NONE', 'WORKASPACE' ) );
#6540 =( LENGTH_UNIT ( ) NAMED_UNIT ( * ) SI_UNIT ( .MILLI., .METRE. ) );
#6541 = ORIENTED_EDGE ( 'NONE', *, *, #3460, .T. ) ;
#6542 = CARTESIAN_POINT ( 'NONE',  ( 17.49999999999964118, 2.199023437499993516, 208.0937500000000568 ) ) ;
#6543 = FACE_OUTER_BOUND ( 'NONE', #7960, .T. ) ;
#6544 = DIRECTION ( 'NONE',  ( -0.000000000000000000, -0.3511234415883914273, -0.9363291775690445462 ) ) ;
#6545 = EDGE_CURVE ( 'NONE', #8545, #2908, #9379, .T. ) ;
#6546 = CARTESIAN_POINT ( 'NONE',  ( 17.99999999999963052, 1.824999999999993738, 208.0610351562500568 ) ) ;
#6547 = FACE_OUTER_BOUND ( 'NONE', #5925, .T. ) ;
#6548 = FILL_AREA_STYLE_COLOUR ( '', #8102 ) ;
#6549 = CARTESIAN_POINT ( 'NONE',  ( -15.87500000000571809, -2.999999999999462208, 108.9498743710667696 ) ) ;
#6550 = CARTESIAN_POINT ( 'NONE',  ( 17.99999999999963052, 1.836718749999993738, 207.9008789062500568 ) ) ;
#6551 = ORIENTED_EDGE ( 'NONE', *, *, #4944, .T. ) ;
#6552 = ORIENTED_EDGE ( 'NONE', *, *, #5669, .T. ) ;
#6553 = CARTESIAN_POINT ( 'NONE',  ( -16.11451602886286949, -11.99999999999999467, 2.801651939152733473 ) ) ;
#6554 = CARTESIAN_POINT ( 'NONE',  ( 17.99999999999962697, 3.512499999999993960, 207.6875000000000568 ) ) ;
#6555 = ORIENTED_EDGE ( 'NONE', *, *, #7026, .F. ) ;
#6556 = EDGE_CURVE ( 'NONE', #5843, #1948, #1755, .T. ) ;
#6557 = CARTESIAN_POINT ( 'NONE',  ( 17.49999999999965183, 2.449999999999993960, 207.3217773437500284 ) ) ;
#6558 = SURFACE_SIDE_STYLE ('',( #5803 ) ) ;
#6559 = CARTESIAN_POINT ( 'NONE',  ( 17.99999999999963052, 3.091693451150625993, 207.3059555683828421 ) ) ;
#6560 = CARTESIAN_POINT ( 'NONE',  ( 17.49999999999962697, 4.106249999999993960, 207.6875000000000568 ) ) ;
#6561 = FACE_OUTER_BOUND ( 'NONE', #6636, .T. ) ;
#6562 = FILL_AREA_STYLE ('',( #5755 ) ) ;
#6563 = CARTESIAN_POINT ( 'NONE',  ( -14.62500000000004086, 3.624194836688179766, 198.7500000000000000 ) ) ;
#6564 =( NAMED_UNIT ( * ) PLANE_ANGLE_UNIT ( ) SI_UNIT ( $, .RADIAN. ) );
#6565 =( GEOMETRIC_REPRESENTATION_CONTEXT ( 3 ) GLOBAL_UNCERTAINTY_ASSIGNED_CONTEXT ( ( #1699 ) ) GLOBAL_UNIT_ASSIGNED_CONTEXT ( ( #7971, #8682, #1797 ) ) REPRESENTATION_CONTEXT ( 'NONE', 'WORKASPACE' ) );
#6566 = COLOUR_RGB ( '',1.000000000000000000, 0.7490196078431372584, 0.000000000000000000 ) ;
#6567 = VERTEX_POINT ( 'NONE', #998 ) ;
#6568 = CARTESIAN_POINT ( 'NONE',  ( 17.49999999999962697, 1.825744916917470650, 208.1149993596013985 ) ) ;
#6569 = MECHANICAL_DESIGN_GEOMETRIC_PRESENTATION_REPRESENTATION (  '', ( #4335 ), #5772 ) ;
#6570 = COLOUR_RGB ( '',1.000000000000000000, 0.7490196078431372584, 0.000000000000000000 ) ;
#6571 = ORIENTED_EDGE ( 'NONE', *, *, #8183, .F. ) ;
#6572 = CARTESIAN_POINT ( 'NONE',  ( 17.49999999999962341, 4.543365534704055797, 207.7335668135393973 ) ) ;
#6573 = ADVANCED_FACE ( 'NONE', ( #6404 ), #7124, .T. ) ;
#6574 = ORIENTED_EDGE ( 'NONE', *, *, #3288, .F. ) ;
#6575 = CARTESIAN_POINT ( 'NONE',  ( 17.99999999999962697, 3.271262422811110682, 208.6730621786945221 ) ) ;
#6576 = CARTESIAN_POINT ( 'NONE',  ( 17.49999999999963052, 2.314540500507267673, 206.8916932222756770 ) ) ;
#6577 = CARTESIAN_POINT ( 'NONE',  ( -1.176359357146760478E-15, -5.425000000000030909, 198.7500000000000000 ) ) ;
#6578 = PLANE ( 'NONE',  #5851 ) ;
#6579 = VERTEX_POINT ( 'NONE', #8883 ) ;
#6580 = CARTESIAN_POINT ( 'NONE',  ( 17.49999999999962697, 2.126269531249993516, 206.8125000000000284 ) ) ;
#6581 = FILL_AREA_STYLE_COLOUR ( '', #2060 ) ;
#6582 = CARTESIAN_POINT ( 'NONE',  ( 17.99999999999962341, 3.563885347073009857, 208.8990013202375167 ) ) ;
#6583 = LINE ( 'NONE', #5923, #6056 ) ;
#6584 = ORIENTED_EDGE ( 'NONE', *, *, #2039, .T. ) ;
#6585 = CARTESIAN_POINT ( 'NONE',  ( 17.49999999999964118, 2.854430612241212195, 207.3844213456565058 ) ) ;
#6586 = STYLED_ITEM ( 'NONE', ( #3785 ), #1320 ) ;
#6587 = CARTESIAN_POINT ( 'NONE',  ( 17.49999999999965183, 1.911961116668973837, 206.4349810995303187 ) ) ;
#6588 = CARTESIAN_POINT ( 'NONE',  ( 17.49999999999962697, 3.104376725502062673, 208.1797722557102475 ) ) ;
#6589 = CARTESIAN_POINT ( 'NONE',  ( 17.49999999999963052, 2.756207452643796518, 208.5898956089895364 ) ) ;
#6590 = DIRECTION ( 'NONE',  ( 0.7071067811865462405, 0.7071067811865487940, 0.000000000000000000 ) ) ;
#6591 = PRESENTATION_LAYER_ASSIGNMENT (  '', '', ( #4035 ) ) ;
#6592 = EDGE_CURVE ( 'NONE', #2223, #2407, #8780, .T. ) ;
#6593 = EDGE_CURVE ( 'NONE', #725, #4217, #397, .T. ) ;
#6594 = CARTESIAN_POINT ( 'NONE',  ( -14.62499999999998224, -1.874731612229400435, 197.7500000000000000 ) ) ;
#6595 = B_SPLINE_CURVE_WITH_KNOTS ( 'NONE', 3,
 ( #9836, #1448, #3010, #4497, #7566, #691, #3742, #6039, #8627, #1034, #8718, #2559, #6962, #2461, #242, #144, #1744, #4792, #3308 ),
 .UNSPECIFIED., .F., .F.,
 ( 4, 1, 1, 1, 1, 1, 1, 1, 1, 1, 1, 1, 1, 1, 1, 1, 4 ),
 ( 0.000000000000000000, 0.06645718292760703638, 0.1303233700831427921, 0.1926490091855872500, 0.2529182569577372863, 0.3119620458555742992, 0.3698677371220183696, 0.4273215772062111117, 0.4852979938712448926, 0.5434325231963703651, 0.6029491455468195538, 0.6635032917448473455, 0.7258052563892073428, 0.7903225959668802592, 0.8576837664792464899, 0.9271556858163065851, 1.000000000000000000 ),
 .UNSPECIFIED. ) ;
#6596 = FILL_AREA_STYLE_COLOUR ( '', #5420 ) ;
#6597 = SURFACE_STYLE_FILL_AREA ( #9530 ) ;
#6598 = VERTEX_POINT ( 'NONE', #2184 ) ;
#6599 = UNCERTAINTY_MEASURE_WITH_UNIT (LENGTH_MEASURE( 1.000000000000000082E-05 ), #5120, 'distance_accuracy_value', 'NONE');
#6600 = CARTESIAN_POINT ( 'NONE',  ( 17.99999999999963052, 3.708756172803381990, 206.4433111146681199 ) ) ;
#6601 = ORIENTED_EDGE ( 'NONE', *, *, #3460, .F. ) ;
#6602 = COLOUR_RGB ( '',0.03921568627450980338, 0.3019607843137254721, 0.9725490196078431238 ) ;
#6603 = CARTESIAN_POINT ( 'NONE',  ( 17.74999999999963052, -5.221446609406711126, 216.2500000000000853 ) ) ;
#6604 = LINE ( 'NONE', #9637, #2529 ) ;
#6605 = ORIENTED_EDGE ( 'NONE', *, *, #2520, .F. ) ;
#6606 = CARTESIAN_POINT ( 'NONE',  ( 17.99999999999963052, 2.856249999999994404, 207.2910156250000568 ) ) ;
#6607 = LINE ( 'NONE', #7418, #8443 ) ;
#6608 = DIRECTION ( 'NONE',  ( -5.728085021779798853E-16, 1.000000000000000000, 0.000000000000000000 ) ) ;
#6609 = COLOUR_RGB ( '',1.000000000000000000, 1.000000000000000000, 1.000000000000000000 ) ;
#6610 = DIRECTION ( 'NONE',  ( 1.040834085586084257E-14, -1.000000000000000000, 0.000000000000000000 ) ) ;
#6611 =( LENGTH_UNIT ( ) NAMED_UNIT ( * ) SI_UNIT ( .MILLI., .METRE. ) );
#6612 = SURFACE_SIDE_STYLE ('',( #4308 ) ) ;
#6613 = SURFACE_STYLE_USAGE ( .BOTH. , #5854 ) ;
#6614 = AXIS2_PLACEMENT_3D ( 'NONE', #9774, #1936, #8874 ) ;
#6615 = ORIENTED_EDGE ( 'NONE', *, *, #9311, .F. ) ;
#6616 = CARTESIAN_POINT ( 'NONE',  ( 17.99999999999963052, 1.824999999999993738, 207.2548828125000284 ) ) ;
#6617 = VECTOR ( 'NONE', #3197, 1000.000000000000000 ) ;
#6618 = ORIENTED_EDGE ( 'NONE', *, *, #9859, .T. ) ;
#6619 = ORIENTED_EDGE ( 'NONE', *, *, #9311, .T. ) ;
#6620 = DIRECTION ( 'NONE',  ( 0.000000000000000000, 1.000000000000000000, 0.000000000000000000 ) ) ;
#6621 = LINE ( 'NONE', #8911, #9185 ) ;
#6622 = EDGE_CURVE ( 'NONE', #7979, #5652, #9531, .T. ) ;
#6623 =( LENGTH_UNIT ( ) NAMED_UNIT ( * ) SI_UNIT ( .MILLI., .METRE. ) );
#6624 = FILL_AREA_STYLE ('',( #2072 ) ) ;
#6625 = ADVANCED_FACE ( 'NONE', ( #2760 ), #2942, .F. ) ;
#6626 = DIRECTION ( 'NONE',  ( 0.000000000000000000, -0.000000000000000000, 1.000000000000000000 ) ) ;
#6627 = COLOUR_RGB ( '',1.000000000000000000, 1.000000000000000000, 1.000000000000000000 ) ;
#6628 = ORIENTED_EDGE ( 'NONE', *, *, #5588, .T. ) ;
#6629 = B_SPLINE_CURVE_WITH_KNOTS ( 'NONE', 3,
 ( #8966, #5125, #8199, #1324, #7194 ),
 .UNSPECIFIED., .F., .F.,
 ( 4, 1, 4 ),
 ( 0.000000000000000000, 0.4895838144904829936, 1.000000000000000000 ),
 .UNSPECIFIED. ) ;
#6630 = CARTESIAN_POINT ( 'NONE',  ( -17.37500000000000000, -6.174999999999999822, 191.7500000000000000 ) ) ;
#6631 = B_SPLINE_SURFACE_WITH_KNOTS ( 'NONE', 3, 1, ( 
 ( #5342, #5980 ),
 ( #3098, #4385 ),
 ( #782, #586 ),
 ( #2137, #682 ),
 ( #9065, #6750 ),
 ( #2190, #5288 ),
 ( #9878, #8362 ),
 ( #1482, #4535 ),
 ( #1534, #9930 ),
 ( #229, #7861 ),
 ( #4830, #7814 ) ),
 .UNSPECIFIED., .F., .F., .F.,
 ( 4, 1, 1, 1, 1, 1, 1, 1, 4 ),
 ( 2, 2 ),
 ( 0.000000000000000000, 0.1324302781917866267, 0.2553846284820704415, 0.3720301458066735401, 0.4867992895584977719, 0.6030938283014448675, 0.7257819152492418491, 0.8571930600966264358, 1.000000000000000000 ),
 ( 0.000000000000000000, 1.000000000000000000 ),
 .UNSPECIFIED. ) ;
#6632 =( NAMED_UNIT ( * ) PLANE_ANGLE_UNIT ( ) SI_UNIT ( $, .RADIAN. ) );
#6633 = CARTESIAN_POINT ( 'NONE',  ( 17.99999999999963052, 3.400726209281623280, 208.8107592122085805 ) ) ;
#6634 = CARTESIAN_POINT ( 'NONE',  ( -3.772185518830095577E-14, 3.624194836688332089, 197.7500000000000000 ) ) ;
#6635 = PRESENTATION_STYLE_ASSIGNMENT (( #7392 ) ) ;
#6636 = EDGE_LOOP ( 'NONE', ( #1285, #2250, #8804, #1635 ) ) ;
#6637 = CARTESIAN_POINT ( 'NONE',  ( 17.49999999999964828, 1.736149428447919307, 206.5258278877145415 ) ) ;
#6638 = FILL_AREA_STYLE_COLOUR ( '', #4434 ) ;
#6639 = CYLINDRICAL_SURFACE ( 'NONE', #3522, 0.8750000000000007772 ) ;
#6640 = SURFACE_SIDE_STYLE ('',( #636 ) ) ;
#6641 = EDGE_CURVE ( 'NONE', #9467, #8357, #2503, .T. ) ;
#6642 = VECTOR ( 'NONE', #3719, 1000.000000000000000 ) ;
#6643 = SURFACE_SIDE_STYLE ('',( #3534 ) ) ;
#6644 = AXIS2_PLACEMENT_3D ( 'NONE', #7748, #1516, #6939 ) ;
#6645 = EDGE_CURVE ( 'NONE', #1208, #6443, #8067, .T. ) ;
#6646 = CARTESIAN_POINT ( 'NONE',  ( -15.22951903299573750, 3.852150782009770680, 108.8270823806201264 ) ) ;
#6647 = DIRECTION ( 'NONE',  ( -0.9578262852211636424, -0.2873478855663048614, 0.000000000000000000 ) ) ;
#6648 =( NAMED_UNIT ( * ) PLANE_ANGLE_UNIT ( ) SI_UNIT ( $, .RADIAN. ) );
#6649 =( NAMED_UNIT ( * ) PLANE_ANGLE_UNIT ( ) SI_UNIT ( $, .RADIAN. ) );
#6650 = ORIENTED_EDGE ( 'NONE', *, *, #1623, .F. ) ;
#6651 = CARTESIAN_POINT ( 'NONE',  ( 17.99999999999963052, -2.454785156250005596, 209.0000000000000568 ) ) ;
#6652 = ORIENTED_EDGE ( 'NONE', *, *, #7685, .F. ) ;
#6653 = VECTOR ( 'NONE', #2717, 1000.000000000000000 ) ;
#6654 = SURFACE_SIDE_STYLE ('',( #9028 ) ) ;
#6655 =( NAMED_UNIT ( * ) SI_UNIT ( $, .STERADIAN. ) SOLID_ANGLE_UNIT ( ) );
#6656 = SURFACE_SIDE_STYLE ('',( #4395 ) ) ;
#6657 = ORIENTED_EDGE ( 'NONE', *, *, #4588, .T. ) ;
#6658 = CARTESIAN_POINT ( 'NONE',  ( 17.49999999999965894, 2.279358744905681355, 207.7220765438395915 ) ) ;
#6659 =( LENGTH_UNIT ( ) NAMED_UNIT ( * ) SI_UNIT ( .MILLI., .METRE. ) );
#6660 = AXIS2_PLACEMENT_3D ( 'NONE', #9803, #5160, #9902 ) ;
#6661 = UNCERTAINTY_MEASURE_WITH_UNIT (LENGTH_MEASURE( 1.000000000000000082E-05 ), #695, 'distance_accuracy_value', 'NONE');
#6662 = SURFACE_STYLE_USAGE ( .BOTH. , #2872 ) ;
#6663 = CARTESIAN_POINT ( 'NONE',  ( 17.99999999999963052, 1.698702362735022398, 208.7537784272732324 ) ) ;
#6664 = CARTESIAN_POINT ( 'NONE',  ( -14.62500000000000711, -1.014813233446432908E-13, 197.7500000000000000 ) ) ;
#6665 = CYLINDRICAL_SURFACE ( 'NONE', #1692, 3.000000000000000000 ) ;
#6666 = CARTESIAN_POINT ( 'NONE',  ( 14.52189221955821807, 4.435192240254515639, 108.6989974045986145 ) ) ;
#6667 = VERTEX_POINT ( 'NONE', #446 ) ;
#6668 = VECTOR ( 'NONE', #2291, 1000.000000000000000 ) ;
#6669 = AXIS2_PLACEMENT_3D ( 'NONE', #4247, #3642, #9689 ) ;
#6670 = EDGE_CURVE ( 'NONE', #6083, #3473, #7999, .T. ) ;
#6671 = VERTEX_POINT ( 'NONE', #723 ) ;
#6672 = EDGE_CURVE ( 'NONE', #2083, #1134, #1619, .T. ) ;
#6673 =( LENGTH_UNIT ( ) NAMED_UNIT ( * ) SI_UNIT ( .MILLI., .METRE. ) );
#6674 = VECTOR ( 'NONE', #7881, 1000.000000000000000 ) ;
#6675 = VERTEX_POINT ( 'NONE', #7808 ) ;
#6676 = CARTESIAN_POINT ( 'NONE',  ( 17.99999999999963052, 4.458472286928101269, 208.4605779920850637 ) ) ;
#6677 = CARTESIAN_POINT ( 'NONE',  ( 17.99999999999962697, 1.907378522367534801, 208.8936599000264778 ) ) ;
#6678 =( NAMED_UNIT ( * ) PLANE_ANGLE_UNIT ( ) SI_UNIT ( $, .RADIAN. ) );
#6679 = CARTESIAN_POINT ( 'NONE',  ( 17.49999999999963407, 3.301035548204605874, 208.7117556761819230 ) ) ;
#6680 = CARTESIAN_POINT ( 'NONE',  ( 17.99999999999963052, 2.438466069297900773, 207.1632982475784672 ) ) ;
#6681 = ADVANCED_FACE ( 'NONE', ( #27 ), #7755, .T. ) ;
#6682 = DIRECTION ( 'NONE',  ( 5.728085021779798853E-16, -1.000000000000000000, 0.000000000000000000 ) ) ;
#6683 = VECTOR ( 'NONE', #8598, 1000.000000000000000 ) ;
#6684 = DIRECTION ( 'NONE',  ( -0.000000000000000000, 1.000000000000000000, 0.000000000000000000 ) ) ;
#6685 = STYLED_ITEM ( 'NONE', ( #4590 ), #8818 ) ;
#6686 = ORIENTED_EDGE ( 'NONE', *, *, #6362, .F. ) ;
#6687 = DIRECTION ( 'NONE',  ( 1.000000000000000000, 2.891205793294678326E-16, -0.000000000000000000 ) ) ;
#6688 = CARTESIAN_POINT ( 'NONE',  ( 12.60355339059290714, -7.575000000000000178, 212.0000000000000853 ) ) ;
#6689 = CARTESIAN_POINT ( 'NONE',  ( 17.99999999999962697, 3.555468749999993960, 208.3222656250000568 ) ) ;
#6690 = DIRECTION ( 'NONE',  ( -0.000000000000000000, 0.000000000000000000, 1.000000000000000000 ) ) ;
#6691 = PRESENTATION_LAYER_ASSIGNMENT (  '', '', ( #4610 ) ) ;
#6692 = ORIENTED_EDGE ( 'NONE', *, *, #9645, .F. ) ;
#6693 = CARTESIAN_POINT ( 'NONE',  ( 17.49999999999964118, 2.846778553753661178, 207.4740269730285718 ) ) ;
#6694 = SURFACE_SIDE_STYLE ('',( #825 ) ) ;
#6695 = SURFACE_STYLE_FILL_AREA ( #2899 ) ;
#6696 = DIRECTION ( 'NONE',  ( 0.000000000000000000, 0.7071067811865473507, 0.7071067811865477948 ) ) ;
#6697 = CARTESIAN_POINT ( 'NONE',  ( -15.76538296734286426, 2.560935346751093800, 108.9848123632555996 ) ) ;
#6698 = CARTESIAN_POINT ( 'NONE',  ( 0.000000000000000000, 0.000000000000000000, 191.0000000000000000 ) ) ;
#6699 = MECHANICAL_DESIGN_GEOMETRIC_PRESENTATION_REPRESENTATION (  '', ( #8799 ), #4776 ) ;
#6700 = VERTEX_POINT ( 'NONE', #3090 ) ;
#6701 = LINE ( 'NONE', #9781, #3094 ) ;
#6702 = CARTESIAN_POINT ( 'NONE',  ( 16.12499999999963407, -0.6249999999999998890, 217.0000000000000853 ) ) ;
#6703 = EDGE_LOOP ( 'NONE', ( #3907, #5243, #1521, #9024 ) ) ;
#6704 = UNCERTAINTY_MEASURE_WITH_UNIT (LENGTH_MEASURE( 1.000000000000000082E-05 ), #4790, 'distance_accuracy_value', 'NONE');
#6705 = EDGE_CURVE ( 'NONE', #3445, #9175, #6225, .T. ) ;
#6706 = FACE_OUTER_BOUND ( 'NONE', #2066, .T. ) ;
#6707 = ORIENTED_EDGE ( 'NONE', *, *, #2361, .F. ) ;
#6708 = EDGE_CURVE ( 'NONE', #2763, #8545, #5480, .T. ) ;
#6709 = SURFACE_STYLE_USAGE ( .BOTH. , #6654 ) ;
#6710 = PRESENTATION_STYLE_ASSIGNMENT (( #5043 ) ) ;
#6711 = EDGE_CURVE ( 'NONE', #1852, #4736, #6849, .T. ) ;
#6712 = EDGE_LOOP ( 'NONE', ( #9780, #3674, #8999, #6006 ) ) ;
#6713 = CARTESIAN_POINT ( 'NONE',  ( 17.99999999999963407, 2.157519531249994404, 207.7500000000000853 ) ) ;
#6714 = CARTESIAN_POINT ( 'NONE',  ( 0.000000000000000000, -0.6249999999999998890, 217.0000000000000853 ) ) ;
#6715 = CARTESIAN_POINT ( 'NONE',  ( 17.99999999999962341, 3.142741534294688943, 207.0000351291893139 ) ) ;
#6716 = EDGE_CURVE ( 'NONE', #5912, #1307, #3238, .T. ) ;
#6717 = CARTESIAN_POINT ( 'NONE',  ( 17.49999999999963052, 1.956466092947766633, 206.8847140234164499 ) ) ;
#6718 = CARTESIAN_POINT ( 'NONE',  ( 17.49999999999963407, 1.387499999999993516, 207.8222656250000568 ) ) ;
#6719 = UNCERTAINTY_MEASURE_WITH_UNIT (LENGTH_MEASURE( 1.000000000000000082E-05 ), #6899, 'distance_accuracy_value', 'NONE');
#6720 = UNCERTAINTY_MEASURE_WITH_UNIT (LENGTH_MEASURE( 1.000000000000000082E-05 ), #2762, 'distance_accuracy_value', 'NONE');
#6721 = FACE_OUTER_BOUND ( 'NONE', #1313, .T. ) ;
#6722 = FILL_AREA_STYLE ('',( #2110 ) ) ;
#6723 = CARTESIAN_POINT ( 'NONE',  ( 12.00000000000000533, 2.631831285348818827, 108.9808923585150495 ) ) ;
#6724 = VERTEX_POINT ( 'NONE', #5336 ) ;
#6725 = CARTESIAN_POINT ( 'NONE',  ( 17.49999999999963052, 4.458472286928101269, 208.4605779920850637 ) ) ;
#6726 = B_SPLINE_SURFACE_WITH_KNOTS ( 'NONE', 3, 1, ( 
 ( #6241, #7396 ),
 ( #1278, #8208 ),
 ( #6442, #2796 ),
 ( #9570, #8926 ),
 ( #4285, #8823 ),
 ( #1883, #6588 ),
 ( #4183, #9723 ),
 ( #8873, #2846 ),
 ( #9521, #1986 ),
 ( #7246, #5026 ),
 ( #5882, #3438 ) ),
 .UNSPECIFIED., .F., .F., .F.,
 ( 4, 1, 1, 1, 1, 1, 1, 1, 4 ),
 ( 2, 2 ),
 ( 0.000000000000000000, 0.1583718244717491341, 0.3072677883493722395, 0.4457262350509756388, 0.5744507951449857597, 0.6943926662144329631, 0.8045658108228986860, 0.9067312668332866421, 1.000000000000000000 ),
 ( 0.000000000000000000, 1.000000000000000000 ),
 .UNSPECIFIED. ) ;
#6727 =( GEOMETRIC_REPRESENTATION_CONTEXT ( 3 ) GLOBAL_UNCERTAINTY_ASSIGNED_CONTEXT ( ( #8226 ) ) GLOBAL_UNIT_ASSIGNED_CONTEXT ( ( #8693, #4959, #5054 ) ) REPRESENTATION_CONTEXT ( 'NONE', 'WORKASPACE' ) );
#6728 = EDGE_CURVE ( 'NONE', #8965, #4037, #8491, .T. ) ;
#6729 = VERTEX_POINT ( 'NONE', #4632 ) ;
#6730 = VERTEX_POINT ( 'NONE', #1725 ) ;
#6731 = CARTESIAN_POINT ( 'NONE',  ( 17.49999999999962341, 4.480561945228772380, 208.3768305040318580 ) ) ;
#6733 = STYLED_ITEM ( 'NONE', ( #7204 ), #353 ) ;
#6732 = SURFACE_STYLE_USAGE ( .BOTH. , #619 ) ;
#6734 = CARTESIAN_POINT ( 'NONE',  ( 17.99999999999962341, 3.477793800870990992, 208.8614507134293206 ) ) ;
#6735 =( NAMED_UNIT ( * ) PLANE_ANGLE_UNIT ( ) SI_UNIT ( $, .RADIAN. ) );
#6736 = CARTESIAN_POINT ( 'NONE',  ( 16.49999999999962697, -1.000000000000000000, 216.2500000000000853 ) ) ;
#6737 = SURFACE_SIDE_STYLE ('',( #3667 ) ) ;
#6738 = ORIENTED_EDGE ( 'NONE', *, *, #6890, .F. ) ;
#6739 = CARTESIAN_POINT ( 'NONE',  ( 17.49999999999962697, 4.500839600450757594, 207.0904460035706904 ) ) ;
#6740 = VECTOR ( 'NONE', #1016, 1000.000000000000000 ) ;
#6741 = COLOUR_RGB ( '',0.03921568627450980338, 0.3019607843137254721, 0.9725490196078431238 ) ;
#6742 = DIRECTION ( 'NONE',  ( 1.040834085586025565E-14, -1.000000000000000000, 0.000000000000000000 ) ) ;
#6743 =( NAMED_UNIT ( * ) PLANE_ANGLE_UNIT ( ) SI_UNIT ( $, .RADIAN. ) );
#6744 = ORIENTED_EDGE ( 'NONE', *, *, #1620, .F. ) ;
#6745 = LINE ( 'NONE', #8204, #2160 ) ;
#6746 = B_SPLINE_CURVE_WITH_KNOTS ( 'NONE', 3,
 ( #2192, #6799, #2850, #8164, #1440, #8976, #4486, #7504, #6030, #6858, #2090, #7400, #5138, #732, #5090, #8254, #3681, #7558 ),
 .UNSPECIFIED., .F., .F.,
 ( 4, 2, 2, 2, 2, 2, 2, 2, 4 ),
 ( 0.000000000000000000, 0.0003423452302570395935, 0.0006846904605140791871, 0.001027035690771118835, 0.001369380921028158374, 0.001711726151285197913, 0.002054071381542237670, 0.002396416611799277209, 0.002738761842056316748 ),
 .UNSPECIFIED. ) ;
#6747 = SURFACE_SIDE_STYLE ('',( #5387 ) ) ;
#6748 =( NAMED_UNIT ( * ) SI_UNIT ( $, .STERADIAN. ) SOLID_ANGLE_UNIT ( ) );
#6749 = CARTESIAN_POINT ( 'NONE',  ( 17.49999999999962697, 4.297934608131381395, 208.7483702596337025 ) ) ;
#6750 = CARTESIAN_POINT ( 'NONE',  ( 17.49999999999963052, 3.684392464722554994, 208.5033458436068656 ) ) ;
#6751 = STYLED_ITEM ( 'NONE', ( #67 ), #761 ) ;
#6752 = FILL_AREA_STYLE ('',( #588 ) ) ;
#6753 = B_SPLINE_CURVE_WITH_KNOTS ( 'NONE', 3,
 ( #9124, #639, #2252, #8368, #5141, #3686, #4293, #7351, #8166, #1340, #1283 ),
 .UNSPECIFIED., .F., .F.,
 ( 4, 1, 1, 1, 1, 1, 1, 1, 4 ),
 ( 0.000000000000000000, 0.1313104146730182109, 0.2544209850690203889, 0.3699595253673939599, 0.4849814732654102456, 0.6007372595223918754, 0.7241196308462301001, 0.8559110376596682501, 1.000000000000000000 ),
 .UNSPECIFIED. ) ;
#6754 = ORIENTED_EDGE ( 'NONE', *, *, #9198, .T. ) ;
#6755 = CARTESIAN_POINT ( 'NONE',  ( 17.99999999999963407, -3.925000000000005596, 205.0000000000000568 ) ) ;
#6756 = CARTESIAN_POINT ( 'NONE',  ( -14.50000000000000533, 6.174999999999999822, 191.7500000000000000 ) ) ;
#6757 = VECTOR ( 'NONE', #2663, 1000.000000000000000 ) ;
#6758 = FILL_AREA_STYLE ('',( #1893 ) ) ;
#6759 = AXIS2_PLACEMENT_3D ( 'NONE', #4801, #5459, #1554 ) ;
#6760 = ORIENTED_EDGE ( 'NONE', *, *, #6520, .F. ) ;
#6761 = CARTESIAN_POINT ( 'NONE',  ( -16.00000000000000000, 12.00000000000000178, 3.000000000000002665 ) ) ;
#6762 = EDGE_LOOP ( 'NONE', ( #8026, #9152, #5010, #5575 ) ) ;
#6763 =( NAMED_UNIT ( * ) PLANE_ANGLE_UNIT ( ) SI_UNIT ( $, .RADIAN. ) );
#6764 = CARTESIAN_POINT ( 'NONE',  ( -16.22936128958082236, -11.98023930988521180, 2.602763413052526342 ) ) ;
#6765 = FILL_AREA_STYLE_COLOUR ( '', #6353 ) ;
#6766 = CARTESIAN_POINT ( 'NONE',  ( 17.49999999999962341, 4.429492187499993072, 208.5366210937500284 ) ) ;
#6767 = MECHANICAL_DESIGN_GEOMETRIC_PRESENTATION_REPRESENTATION (  '', ( #7737 ), #994 ) ;
#6768 = CARTESIAN_POINT ( 'NONE',  ( 17.49999999999963407, -1.540234375000004707, 207.3369140625000568 ) ) ;
#6769 = DIRECTION ( 'NONE',  ( 1.000000000000000000, 5.728085021779797867E-16, 0.000000000000000000 ) ) ;
#6770 = PRESENTATION_STYLE_ASSIGNMENT (( #6662 ) ) ;
#6771 = CARTESIAN_POINT ( 'NONE',  ( 17.99999999999963762, 1.503507168521541981, 206.8667836154666588 ) ) ;
#6772 = VECTOR ( 'NONE', #6957, 1000.000000000000000 ) ;
#6773 = SURFACE_SIDE_STYLE ('',( #847 ) ) ;
#6774 = DIRECTION ( 'NONE',  ( 0.000000000000000000, 0.000000000000000000, 1.000000000000000000 ) ) ;
#6775 = FACE_OUTER_BOUND ( 'NONE', #5083, .T. ) ;
#6776 = CARTESIAN_POINT ( 'NONE',  ( 17.49999999999962697, 4.543365534704055797, 207.7335668135393973 ) ) ;
#6777 =( GEOMETRIC_REPRESENTATION_CONTEXT ( 3 ) GLOBAL_UNCERTAINTY_ASSIGNED_CONTEXT ( ( #5097 ) ) GLOBAL_UNIT_ASSIGNED_CONTEXT ( ( #7592, #715, #666 ) ) REPRESENTATION_CONTEXT ( 'NONE', 'WORKASPACE' ) );
#6778 = ORIENTED_EDGE ( 'NONE', *, *, #7764, .T. ) ;
#6779 = FILL_AREA_STYLE ('',( #9146 ) ) ;
#6780 = ORIENTED_EDGE ( 'NONE', *, *, #1224, .F. ) ;
#6781 = CARTESIAN_POINT ( 'NONE',  ( 17.49999999999963762, 1.487579912239743285, 206.9136381209456772 ) ) ;
#6782 = CARTESIAN_POINT ( 'NONE',  ( 11.87499999999963229, -0.6249999999999998890, 216.2500000000000853 ) ) ;
#6783 = SURFACE_SIDE_STYLE ('',( #5221 ) ) ;
#6784 = CARTESIAN_POINT ( 'NONE',  ( 17.99999999999962697, 2.618142278308931203, 208.7790608687302267 ) ) ;
#6785 =( NAMED_UNIT ( * ) SI_UNIT ( $, .STERADIAN. ) SOLID_ANGLE_UNIT ( ) );
#6786 = ORIENTED_EDGE ( 'NONE', *, *, #5905, .F. ) ;
#6787 = MECHANICAL_DESIGN_GEOMETRIC_PRESENTATION_REPRESENTATION (  '', ( #8232 ), #8566 ) ;
#6788 = LINE ( 'NONE', #2840, #5574 ) ;
#6789 = SURFACE_STYLE_FILL_AREA ( #9172 ) ;
#6790 = EDGE_CURVE ( 'NONE', #7329, #7244, #1165, .T. ) ;
#6791 = FILL_AREA_STYLE ('',( #5281 ) ) ;
#6792 = DIRECTION ( 'NONE',  ( 0.000000000000000000, -0.000000000000000000, 1.000000000000000000 ) ) ;
#6793 = ORIENTED_EDGE ( 'NONE', *, *, #2246, .F. ) ;
#6794 = SURFACE_STYLE_FILL_AREA ( #3729 ) ;
#6795 = SURFACE_STYLE_USAGE ( .BOTH. , #6694 ) ;
#6796 = CARTESIAN_POINT ( 'NONE',  ( -16.62500000000006395, -4.925000000000025580, 195.2500000000000000 ) ) ;
#6797 = CARTESIAN_POINT ( 'NONE',  ( 17.99999999999962697, 4.408435358735309784, 208.5848336069582842 ) ) ;
#6798 = CARTESIAN_POINT ( 'NONE',  ( 0.000000000000000000, 0.000000000000000000, 217.0000000000000853 ) ) ;
#6799 = CARTESIAN_POINT ( 'NONE',  ( -14.12499999999994138, -2.884830286416133927, 108.9614493627986604 ) ) ;
#6800 = FILL_AREA_STYLE ('',( #8312 ) ) ;
#6801 = ORIENTED_EDGE ( 'NONE', *, *, #7530, .F. ) ;
#6802 = DIRECTION ( 'NONE',  ( -0.000000000000000000, 0.000000000000000000, 1.000000000000000000 ) ) ;
#6803 = PRESENTATION_LAYER_ASSIGNMENT (  '', '', ( #2158 ) ) ;
#6804 = FACE_OUTER_BOUND ( 'NONE', #3655, .T. ) ;
#6805 = DIRECTION ( 'NONE',  ( -1.000000000000000000, 0.000000000000000000, 0.000000000000000000 ) ) ;
#6806 = ORIENTED_EDGE ( 'NONE', *, *, #8786, .T. ) ;
#6807 = UNCERTAINTY_MEASURE_WITH_UNIT (LENGTH_MEASURE( 1.000000000000000082E-05 ), #9646, 'distance_accuracy_value', 'NONE');
#6808 = CARTESIAN_POINT ( 'NONE',  ( -12.62499999999999822, 0.000000000000000000, 191.7500000000000000 ) ) ;
#6809 = ORIENTED_EDGE ( 'NONE', *, *, #8810, .F. ) ;
#6810 = B_SPLINE_SURFACE_WITH_KNOTS ( 'NONE', 3, 1, ( 
 ( #1228, #6542 ),
 ( #5784, #1933 ),
 ( #338, #1031 ),
 ( #8871, #1984 ),
 ( #5024, #8012 ),
 ( #4231, #7961 ),
 ( #4980, #6440 ),
 ( #4283, #8057 ),
 ( #1130, #8108 ),
 ( #4180, #7342 ),
 ( #3436, #487 ),
 ( #6488, #3528 ),
 ( #5180, #8304 ),
 ( #3625, #9671 ),
 ( #2239, #7551 ),
 ( #2898, #6693 ),
 ( #2186, #6585 ),
 ( #9823, #9721 ),
 ( #4430, #2944 ) ),
 .UNSPECIFIED., .F., .F., .F.,
 ( 4, 1, 1, 1, 1, 1, 1, 1, 1, 1, 1, 1, 1, 1, 1, 1, 4 ),
 ( 2, 2 ),
 ( 0.000000000000000000, 0.06353102772978892754, 0.1237801523605780024, 0.1818301461835552524, 0.2382492591916548774, 0.2933445270451748854, 0.3482254551814976673, 0.4035668869823221261, 0.4598944352349127462, 0.5176353499477298614, 0.5769650260022520794, 0.6385864481738021681, 0.7029929910599225229, 0.7710014760629591013, 0.8428771447221968804, 0.9190754138269552342, 1.000000000000000000 ),
 ( 0.000000000000000000, 1.000000000000000000 ),
 .UNSPECIFIED. ) ;
#6811 = CARTESIAN_POINT ( 'NONE',  ( 17.99999999999963052, 2.146249996698605944, 208.5622331251991284 ) ) ;
#6812 = SURFACE_SIDE_STYLE ('',( #7516 ) ) ;
#6813 =( NAMED_UNIT ( * ) SI_UNIT ( $, .STERADIAN. ) SOLID_ANGLE_UNIT ( ) );
#6814 = COLOUR_RGB ( '',1.000000000000000000, 0.7490196078431372584, 0.000000000000000000 ) ;
#6815 = ADVANCED_FACE ( 'NONE', ( #3342 ), #6377, .T. ) ;
#6816 = LINE ( 'NONE', #8327, #1059 ) ;
#6817 = CARTESIAN_POINT ( 'NONE',  ( 17.99999999999963052, 1.237597656249993960, 208.5937500000000568 ) ) ;
#6818 = CARTESIAN_POINT ( 'NONE',  ( 17.49999999999962697, 4.106212521849424313, 207.7262380719001555 ) ) ;
#6819 =( NAMED_UNIT ( * ) SI_UNIT ( $, .STERADIAN. ) SOLID_ANGLE_UNIT ( ) );
#6820 = COLOUR_RGB ( '',1.000000000000000000, 0.7490196078431372584, 0.000000000000000000 ) ;
#6821 = CARTESIAN_POINT ( 'NONE',  ( 17.49999999999963762, 1.387997045556972120, 207.8613479855274022 ) ) ;
#6822 = UNCERTAINTY_MEASURE_WITH_UNIT (LENGTH_MEASURE( 1.000000000000000082E-05 ), #3244, 'distance_accuracy_value', 'NONE');
#6823 = PRESENTATION_LAYER_ASSIGNMENT (  '', '', ( #1207 ) ) ;
#6824 = DIRECTION ( 'NONE',  ( -0.000000000000000000, -0.000000000000000000, 1.000000000000000000 ) ) ;
#6825 = CARTESIAN_POINT ( 'NONE',  ( 13.99999999999963052, -2.500000000000000444, 215.7500000000000853 ) ) ;
#6826 = CARTESIAN_POINT ( 'NONE',  ( 17.49999999999965539, 1.847468335955554153, 208.2631861786888976 ) ) ;
#6827 = ORIENTED_EDGE ( 'NONE', *, *, #161, .T. ) ;
#6828 = CARTESIAN_POINT ( 'NONE',  ( 17.49999999999962341, 4.537206093894586623, 207.9517700146965922 ) ) ;
#6829 =( GEOMETRIC_REPRESENTATION_CONTEXT ( 3 ) GLOBAL_UNCERTAINTY_ASSIGNED_CONTEXT ( ( #2308 ) ) GLOBAL_UNIT_ASSIGNED_CONTEXT ( ( #6659, #1248, #1106 ) ) REPRESENTATION_CONTEXT ( 'NONE', 'WORKASPACE' ) );
#6830 =( GEOMETRIC_REPRESENTATION_CONTEXT ( 3 ) GLOBAL_UNCERTAINTY_ASSIGNED_CONTEXT ( ( #1491 ) ) GLOBAL_UNIT_ASSIGNED_CONTEXT ( ( #5799, #8888, #8125 ) ) REPRESENTATION_CONTEXT ( 'NONE', 'WORKASPACE' ) );
#6831 = ORIENTED_EDGE ( 'NONE', *, *, #2871, .T. ) ;
#6832 = CARTESIAN_POINT ( 'NONE',  ( 17.99999999999962341, 2.332677804538983768, 208.5103745598411535 ) ) ;
#6833 = UNCERTAINTY_MEASURE_WITH_UNIT (LENGTH_MEASURE( 1.000000000000000082E-05 ), #2322, 'distance_accuracy_value', 'NONE');
#6834 = ORIENTED_EDGE ( 'NONE', *, *, #8879, .F. ) ;
#6835 = CARTESIAN_POINT ( 'NONE',  ( -12.62499999999999822, 3.000000000000000888, 191.7500000000000000 ) ) ;
#6836 = LINE ( 'NONE', #9910, #1365 ) ;
#6837 = EDGE_CURVE ( 'NONE', #7809, #3559, #4398, .T. ) ;
#6838 = PRESENTATION_STYLE_ASSIGNMENT (( #4369 ) ) ;
#6839 = ADVANCED_FACE ( 'NONE', ( #1115 ), #8611, .T. ) ;
#6840 = ADVANCED_FACE ( 'NONE', ( #1369 ), #8244, .T. ) ;
#6841 = CARTESIAN_POINT ( 'NONE',  ( 17.99999999999963052, 1.031055303920342613E-14, 205.0000000000000568 ) ) ;
#6842 = ORIENTED_EDGE ( 'NONE', *, *, #2960, .T. ) ;
#6843 = VECTOR ( 'NONE', #6792, 1000.000000000000000 ) ;
#6844 = PRESENTATION_LAYER_ASSIGNMENT (  '', '', ( #1868 ) ) ;
#6845 = CARTESIAN_POINT ( 'NONE',  ( 17.99999999999962697, 3.536448478601552647, 208.2212626650426159 ) ) ;
#6846 = CARTESIAN_POINT ( 'NONE',  ( 17.49999999999962341, 3.658374506384189484, 208.9239218687914104 ) ) ;
#6847 = CARTESIAN_POINT ( 'NONE',  ( 17.99999999999963052, 3.515285107853552304, 207.4711792467500118 ) ) ;
#6848 = CARTESIAN_POINT ( 'NONE',  ( 17.49999999999963052, 2.855750656940780452, 207.2595786090322747 ) ) ;
#6849 = LINE ( 'NONE', #1575, #9743 ) ;
#6850 = VERTEX_POINT ( 'NONE', #2169 ) ;
#6851 = CARTESIAN_POINT ( 'NONE',  ( 17.49999999999963407, -3.925000000000038014, 6.189808766553677054E-16 ) ) ;
#6852 = FILL_AREA_STYLE_COLOUR ( '', #6627 ) ;
#6853 = VECTOR ( 'NONE', #7589, 1000.000000000000000 ) ;
#6854 = PRESENTATION_LAYER_ASSIGNMENT (  '', '', ( #6517 ) ) ;
#6855 = CARTESIAN_POINT ( 'NONE',  ( 17.99999999999962697, 2.781770899723154500, 206.8632951292069038 ) ) ;
#6856 = SURFACE_STYLE_USAGE ( .BOTH. , #5931 ) ;
#6857 = PRESENTATION_STYLE_ASSIGNMENT (( #3733 ) ) ;
#6858 = CARTESIAN_POINT ( 'NONE',  ( -15.11396809140748232, -2.124958747169972906, 108.9992192351809308 ) ) ;
#6859 = ORIENTED_EDGE ( 'NONE', *, *, #9797, .F. ) ;
#6860 = CARTESIAN_POINT ( 'NONE',  ( 13.99999999999963052, -2.500000000000000444, 215.7500000000000853 ) ) ;
#6861 = B_SPLINE_CURVE_WITH_KNOTS ( 'NONE', 3,
 ( #3769, #5231, #9154, #8202, #9920, #5973, #4379, #9869, #6021, #6278, #1771 ),
 .UNSPECIFIED., .F., .F.,
 ( 4, 1, 1, 1, 1, 1, 1, 1, 4 ),
 ( 0.000000000000000000, 0.06811811090816485836, 0.1517196374222167798, 0.2518914617339232387, 0.3679742411501016885, 0.5015259139580999781, 0.6511087080447940378, 0.8175170325938195814, 1.000000000000000000 ),
 .UNSPECIFIED. ) ;
#6862 = VERTEX_POINT ( 'NONE', #4366 ) ;
#6863 = CARTESIAN_POINT ( 'NONE',  ( 17.74999999999963052, 0.000000000000000000, 216.2500000000000853 ) ) ;
#6864 = CARTESIAN_POINT ( 'NONE',  ( -11.87499999999999822, 3.750000000000000444, 194.2500000000000000 ) ) ;
#6865 = STYLED_ITEM ( 'NONE', ( #3639 ), #7380 ) ;
#6866 = AXIS2_PLACEMENT_3D ( 'NONE', #7389, #3619, #3523 ) ;
#6867 = EDGE_CURVE ( 'NONE', #1376, #472, #2018, .T. ) ;
#6868 = ORIENTED_EDGE ( 'NONE', *, *, #9504, .F. ) ;
#6869 = CARTESIAN_POINT ( 'NONE',  ( 17.99999999999963407, 4.192085391526013005, 208.8380987713194941 ) ) ;
#6870 = ORIENTED_EDGE ( 'NONE', *, *, #7440, .T. ) ;
#6871 = CARTESIAN_POINT ( 'NONE',  ( 17.99999999999962341, 1.916027502967635687, 208.4237215019021221 ) ) ;
#6872 = SURFACE_STYLE_USAGE ( .BOTH. , #6812 ) ;
#6873 =( GEOMETRIC_REPRESENTATION_CONTEXT ( 3 ) GLOBAL_UNCERTAINTY_ASSIGNED_CONTEXT ( ( #2210 ) ) GLOBAL_UNIT_ASSIGNED_CONTEXT ( ( #7657, #6130, #6748 ) ) REPRESENTATION_CONTEXT ( 'NONE', 'WORKASPACE' ) );
#6874 = FILL_AREA_STYLE_COLOUR ( '', #8094 ) ;
#6875 = FILL_AREA_STYLE ('',( #7677 ) ) ;
#6876 = FILL_AREA_STYLE ('',( #3897 ) ) ;
#6877 = SURFACE_STYLE_FILL_AREA ( #9230 ) ;
#6878 = DIRECTION ( 'NONE',  ( -0.000000000000000000, -0.000000000000000000, -1.000000000000000000 ) ) ;
#6879 = CARTESIAN_POINT ( 'NONE',  ( 17.99999999999964118, 1.628509465857119309, 206.6333977109070190 ) ) ;
#6880 = VECTOR ( 'NONE', #7109, 1000.000000000000000 ) ;
#6881 = EDGE_CURVE ( 'NONE', #4077, #4475, #5829, .T. ) ;
#6882 = LINE ( 'NONE', #7633, #9589 ) ;
#6883 = CARTESIAN_POINT ( 'NONE',  ( 17.99999999999963407, 1.894604961207935645, 208.3877819461357888 ) ) ;
#6884 = CARTESIAN_POINT ( 'NONE',  ( 17.49999999999962697, 4.438867392842171355, 208.5120207746678318 ) ) ;
#6885 = STYLED_ITEM ( 'NONE', ( #8476 ), #9539 ) ;
#6886 = ORIENTED_EDGE ( 'NONE', *, *, #1811, .F. ) ;
#6887 = ORIENTED_EDGE ( 'NONE', *, *, #8445, .F. ) ;
#6888 = SURFACE_STYLE_FILL_AREA ( #3130 ) ;
#6889 = CARTESIAN_POINT ( 'NONE',  ( 17.49999999999963052, 1.824999999999993516, 207.2548828125000284 ) ) ;
#6890 = EDGE_CURVE ( 'NONE', #6567, #3926, #13, .T. ) ;
#6891 = CARTESIAN_POINT ( 'NONE',  ( 17.49999999999962697, 2.449683588366828424, 207.3032168411120324 ) ) ;
#6892 = DIRECTION ( 'NONE',  ( -5.276725402210824000E-16, 1.000000000000000000, 0.000000000000000000 ) ) ;
#6893 = MECHANICAL_DESIGN_GEOMETRIC_PRESENTATION_REPRESENTATION (  '', ( #3367 ), #7362 ) ;
#6894 = DIRECTION ( 'NONE',  ( 1.000000000000000000, 0.000000000000000000, 0.000000000000000000 ) ) ;
#6895 = ORIENTED_EDGE ( 'NONE', *, *, #646, .T. ) ;
#6896 = CARTESIAN_POINT ( 'NONE',  ( 17.99999999999963052, 2.430304046768827497, 208.3664236302476525 ) ) ;
#6897 = SURFACE_SIDE_STYLE ('',( #5478 ) ) ;
#6898 = VECTOR ( 'NONE', #8610, 1000.000000000000000 ) ;
#6899 =( LENGTH_UNIT ( ) NAMED_UNIT ( * ) SI_UNIT ( .MILLI., .METRE. ) );
#6900 = CARTESIAN_POINT ( 'NONE',  ( 17.49999999999963052, 2.723394896973847068, 207.8346606627726487 ) ) ;
#6901 = ORIENTED_EDGE ( 'NONE', *, *, #5543, .T. ) ;
#6902 = CARTESIAN_POINT ( 'NONE',  ( 17.49999999999962697, 3.536448478601552203, 208.2212626650426159 ) ) ;
#6903 = DIRECTION ( 'NONE',  ( 0.9576138124097653970, -0.2880551792314013371, 0.000000000000000000 ) ) ;
#6904 = DIRECTION ( 'NONE',  ( 1.000000000000000000, 0.000000000000000000, 0.000000000000000000 ) ) ;
#6905 = DIRECTION ( 'NONE',  ( 1.000000000000000000, 0.000000000000000000, -8.583663793918551117E-34 ) ) ;
#6906 = CARTESIAN_POINT ( 'NONE',  ( 17.99999999999963407, 4.192085391526013005, 208.8380987713194941 ) ) ;
#6907 =( NAMED_UNIT ( * ) SI_UNIT ( $, .STERADIAN. ) SOLID_ANGLE_UNIT ( ) );
#6908 = CARTESIAN_POINT ( 'NONE',  ( 17.99999999999963052, 3.799228530848210550, 206.8443885330351009 ) ) ;
#6909 = AXIS2_PLACEMENT_3D ( 'NONE', #4652, #3747, #842 ) ;
#6910 = VERTEX_POINT ( 'NONE', #1515 ) ;
#6911 =( NAMED_UNIT ( * ) PLANE_ANGLE_UNIT ( ) SI_UNIT ( $, .RADIAN. ) );
#6912 = VERTEX_POINT ( 'NONE', #4664 ) ;
#6913 = LINE ( 'NONE', #9831, #9659 ) ;
#6914 =( LENGTH_UNIT ( ) NAMED_UNIT ( * ) SI_UNIT ( .MILLI., .METRE. ) );
#6915 = CARTESIAN_POINT ( 'NONE',  ( 17.99999999999963052, 2.864042510889898933E-16, -4.291831896959275558E-34 ) ) ;
#6916 = VERTEX_POINT ( 'NONE', #6835 ) ;
#6917 = UNCERTAINTY_MEASURE_WITH_UNIT (LENGTH_MEASURE( 1.000000000000000082E-05 ), #8540, 'distance_accuracy_value', 'NONE');
#6918 = CARTESIAN_POINT ( 'NONE',  ( 12.06350832689630082, 2.000000000000003109, 109.0000000000000000 ) ) ;
#6919 = VECTOR ( 'NONE', #4745, 1000.000000000000000 ) ;
#6920 = CARTESIAN_POINT ( 'NONE',  ( 17.99999999999962697, 4.429492187499993072, 208.5366210937500284 ) ) ;
#6921 = ORIENTED_EDGE ( 'NONE', *, *, #3983, .T. ) ;
#6922 = DIRECTION ( 'NONE',  ( -1.000000000000000000, -5.728085021779797867E-16, 8.583663793918551117E-34 ) ) ;
#6923 = FILL_AREA_STYLE ('',( #6765 ) ) ;
#6924 = PRESENTATION_STYLE_ASSIGNMENT (( #8379 ) ) ;
#6925 = VECTOR ( 'NONE', #3170, 1000.000000000000000 ) ;
#6926 = DIRECTION ( 'NONE',  ( -0.000000000000000000, -0.000000000000000000, -1.000000000000000000 ) ) ;
#6927 = FACE_OUTER_BOUND ( 'NONE', #9362, .T. ) ;
#6928 = CARTESIAN_POINT ( 'NONE',  ( 17.99999999999963407, 1.387997045556972342, 207.8613479855274022 ) ) ;
#6929 = UNCERTAINTY_MEASURE_WITH_UNIT (LENGTH_MEASURE( 1.000000000000000082E-05 ), #2507, 'distance_accuracy_value', 'NONE');
#6930 = EDGE_CURVE ( 'NONE', #8858, #6912, #2224, .T. ) ;
#6931 =( LENGTH_UNIT ( ) NAMED_UNIT ( * ) SI_UNIT ( .MILLI., .METRE. ) );
#6932 =( NAMED_UNIT ( * ) SI_UNIT ( $, .STERADIAN. ) SOLID_ANGLE_UNIT ( ) );
#6933 = CARTESIAN_POINT ( 'NONE',  ( 17.99999999999963407, 2.054107464937525496, 208.5436945937803728 ) ) ;
#6934 = VERTEX_POINT ( 'NONE', #4520 ) ;
#6935 = FACE_BOUND ( 'NONE', #8170, .T. ) ;
#6936 = CIRCLE ( 'NONE', #2466, 2.000000000000000000 ) ;
#6937 = SURFACE_SIDE_STYLE ('',( #6058 ) ) ;
#6938 = FILL_AREA_STYLE_COLOUR ( '', #3835 ) ;
#6939 = DIRECTION ( 'NONE',  ( 0.000000000000000000, -0.000000000000000000, 1.000000000000000000 ) ) ;
#6940 = VECTOR ( 'NONE', #4269, 1000.000000000000000 ) ;
#6941 =( NAMED_UNIT ( * ) SI_UNIT ( $, .STERADIAN. ) SOLID_ANGLE_UNIT ( ) );
#6942 = SURFACE_STYLE_FILL_AREA ( #5427 ) ;
#6943 = CARTESIAN_POINT ( 'NONE',  ( 17.49999999999962697, 3.761254231481073074, 208.9368405103013515 ) ) ;
#6944 = CARTESIAN_POINT ( 'NONE',  ( 17.49999999999962697, 3.537526664376698715, 207.1536270218885818 ) ) ;
#6945 = CARTESIAN_POINT ( 'NONE',  ( 17.49999999999961986, 3.943732448137940771, 206.8718276528141757 ) ) ;
#6946 =( NAMED_UNIT ( * ) SI_UNIT ( $, .STERADIAN. ) SOLID_ANGLE_UNIT ( ) );
#6947 = VERTEX_POINT ( 'NONE', #3129 ) ;
#6948 = CARTESIAN_POINT ( 'NONE',  ( 17.49999999999962697, 3.543705593781906860, 208.2754858640636826 ) ) ;
#6949 = SURFACE_STYLE_FILL_AREA ( #1823 ) ;
#6950 = EDGE_CURVE ( 'NONE', #7906, #7809, #9193, .T. ) ;
#6951 = CARTESIAN_POINT ( 'NONE',  ( 16.75118507497035480, 11.67197341161088531, 101.5677817724111094 ) ) ;
#6952 = CARTESIAN_POINT ( 'NONE',  ( 17.49999999999962697, 4.383716884397239610, 206.7448764449110001 ) ) ;
#6953 = SURFACE_STYLE_USAGE ( .BOTH. , #6133 ) ;
#6954 = COLOUR_RGB ( '',1.000000000000000000, 1.000000000000000000, 1.000000000000000000 ) ;
#6955 = ORIENTED_EDGE ( 'NONE', *, *, #8194, .F. ) ;
#6956 = FILL_AREA_STYLE ('',( #7714 ) ) ;
#6957 = DIRECTION ( 'NONE',  ( -0.000000000000000000, -0.000000000000000000, 1.000000000000000000 ) ) ;
#6958 =( NAMED_UNIT ( * ) SI_UNIT ( $, .STERADIAN. ) SOLID_ANGLE_UNIT ( ) );
#6959 = EDGE_LOOP ( 'NONE', ( #3239, #1088, #7705, #2859 ) ) ;
#6961 = DIRECTION ( 'NONE',  ( -0.000000000000000000, -0.000000000000000000, 1.000000000000000000 ) ) ;
#6960 = MECHANICAL_DESIGN_GEOMETRIC_PRESENTATION_REPRESENTATION (  '', ( #1032 ), #8087 ) ;
#6962 = CARTESIAN_POINT ( 'NONE',  ( 17.49999999999964118, 1.628509465857119087, 206.6333977109070190 ) ) ;
#6963 = EDGE_LOOP ( 'NONE', ( #2328, #2927, #5815, #8649 ) ) ;
#6964 = LINE ( 'NONE', #9176, #7115 ) ;
#6965 =( NAMED_UNIT ( * ) SI_UNIT ( $, .STERADIAN. ) SOLID_ANGLE_UNIT ( ) );
#6966 = EDGE_CURVE ( 'NONE', #6912, #5548, #2329, .T. ) ;
#6967 = EDGE_CURVE ( 'NONE', #6256, #5350, #3081, .T. ) ;
#6968 = CARTESIAN_POINT ( 'NONE',  ( 17.49999999999963052, 2.184489858812235230, 208.0931995951622469 ) ) ;
#6969 = EDGE_CURVE ( 'NONE', #2343, #3559, #2279, .T. ) ;
#6970 = DIRECTION ( 'NONE',  ( 1.040834085586083783E-14, -1.000000000000000000, 0.000000000000000000 ) ) ;
#6971 = DIRECTION ( 'NONE',  ( -1.000000000000000000, -5.728085021779797867E-16, 8.583663793918551117E-34 ) ) ;
#6972 = MECHANICAL_DESIGN_GEOMETRIC_PRESENTATION_REPRESENTATION (  '', ( #3435 ), #9376 ) ;
#6973 = CARTESIAN_POINT ( 'NONE',  ( 17.49999999999962341, 4.085898033633400317, 208.2235702283400940 ) ) ;
#6974 = LINE ( 'NONE', #7075, #4263 ) ;
#6975 = CARTESIAN_POINT ( 'NONE',  ( 17.99999999999963052, -0.5900390625000059286, 206.5000000000000568 ) ) ;
#6976 = FILL_AREA_STYLE_COLOUR ( '', #4246 ) ;
#6977 = VECTOR ( 'NONE', #7907, 1000.000000000000000 ) ;
#6978 = SURFACE_SIDE_STYLE ('',( #3072 ) ) ;
#6979 = EDGE_LOOP ( 'NONE', ( #962, #5564, #7612, #2973 ) ) ;
#6980 = CARTESIAN_POINT ( 'NONE',  ( 17.49999999999964118, 2.070571501729397745, 208.9351567289844809 ) ) ;
#6981 = STYLED_ITEM ( 'NONE', ( #1780 ), #5662 ) ;
#6982 = VECTOR ( 'NONE', #703, 1000.000000000000000 ) ;
#6983 = ORIENTED_EDGE ( 'NONE', *, *, #3884, .F. ) ;
#6984 = DIRECTION ( 'NONE',  ( 1.000000000000000000, 1.040834085586083310E-14, 0.000000000000000000 ) ) ;
#6985 = FACE_OUTER_BOUND ( 'NONE', #2462, .T. ) ;
#6986 = B_SPLINE_CURVE_WITH_KNOTS ( 'NONE', 3,
 ( #7959, #8869, #8009, #8105 ),
 .UNSPECIFIED., .F., .F.,
 ( 4, 4 ),
 ( 1.301042606982605321E-18, 0.0005037574479393639544 ),
 .UNSPECIFIED. ) ;
#6987 =( NAMED_UNIT ( * ) PLANE_ANGLE_UNIT ( ) SI_UNIT ( $, .RADIAN. ) );
#6988 = MECHANICAL_DESIGN_GEOMETRIC_PRESENTATION_REPRESENTATION (  '', ( #98 ), #9551 ) ;
#6989 = PLANE ( 'NONE',  #9579 ) ;
#6990 =( LENGTH_UNIT ( ) NAMED_UNIT ( * ) SI_UNIT ( .MILLI., .METRE. ) );
#6991 = CARTESIAN_POINT ( 'NONE',  ( 17.99999999999963052, 3.522994014152760922, 208.0828771862001361 ) ) ;
#6992 =( GEOMETRIC_REPRESENTATION_CONTEXT ( 3 ) GLOBAL_UNCERTAINTY_ASSIGNED_CONTEXT ( ( #791 ) ) GLOBAL_UNIT_ASSIGNED_CONTEXT ( ( #6151, #8330, #3851 ) ) REPRESENTATION_CONTEXT ( 'NONE', 'WORKASPACE' ) );
#6993 = LINE ( 'NONE', #769, #1136 ) ;
#6994 = CARTESIAN_POINT ( 'NONE',  ( 17.99999999999963052, 3.518129582791114096, 207.3763971048858821 ) ) ;
#6995 = DIRECTION ( 'NONE',  ( 1.000000000000000000, 0.000000000000000000, 0.000000000000000000 ) ) ;
#6996 = CARTESIAN_POINT ( 'NONE',  ( 17.49999999999962697, 2.833351372951718794, 207.5578487706536350 ) ) ;
#6997 = VERTEX_POINT ( 'NONE', #4710 ) ;
#6998 = SURFACE_SIDE_STYLE ('',( #4672 ) ) ;
#6999 = ADVANCED_FACE ( 'NONE', ( #2976 ), #2337, .T. ) ;
#7000 = FACE_OUTER_BOUND ( 'NONE', #3298, .T. ) ;
#7001 = SURFACE_SIDE_STYLE ('',( #4962 ) ) ;
#7002 = SURFACE_STYLE_USAGE ( .BOTH. , #227 ) ;
#7003 = FACE_OUTER_BOUND ( 'NONE', #5417, .T. ) ;
#7004 = CARTESIAN_POINT ( 'NONE',  ( 17.49999999999962697, 4.264455957073589154, 206.5939525953374698 ) ) ;
#7005 = FACE_OUTER_BOUND ( 'NONE', #3856, .T. ) ;
#7006 = VECTOR ( 'NONE', #9469, 1000.000000000000000 ) ;
#7007 = ORIENTED_EDGE ( 'NONE', *, *, #6708, .F. ) ;
#7008 = CARTESIAN_POINT ( 'NONE',  ( 2.337499999999834710, 2.337499999999827160, 212.0000000000000853 ) ) ;
#7009 = SURFACE_STYLE_USAGE ( .BOTH. , #3936 ) ;
#7010 = DIRECTION ( 'NONE',  ( 1.000000000000000000, -0.000000000000000000, 0.000000000000000000 ) ) ;
#7011 = DIRECTION ( 'NONE',  ( 1.000000000000000000, -0.000000000000000000, 0.000000000000000000 ) ) ;
#7012 = STYLED_ITEM ( 'NONE', ( #5324 ), #6999 ) ;
#7013 = VERTEX_POINT ( 'NONE', #4912 ) ;
#7014 = COLOUR_RGB ( '',1.000000000000000000, 1.000000000000000000, 1.000000000000000000 ) ;
#7015 = UNCERTAINTY_MEASURE_WITH_UNIT (LENGTH_MEASURE( 1.000000000000000082E-05 ), #5207, 'distance_accuracy_value', 'NONE');
#7016 = PLANE ( 'NONE',  #7275 ) ;
#7017 =( NAMED_UNIT ( * ) PLANE_ANGLE_UNIT ( ) SI_UNIT ( $, .RADIAN. ) );
#7018 = CARTESIAN_POINT ( 'NONE',  ( 17.49999999999962341, 3.074999999999993516, 207.6875000000000568 ) ) ;
#7019 = ORIENTED_EDGE ( 'NONE', *, *, #270, .T. ) ;
#7020 = CARTESIAN_POINT ( 'NONE',  ( -14.12500000000000000, 2.999999999999998668, 108.9498743710662012 ) ) ;
#7021 = SURFACE_STYLE_FILL_AREA ( #3946 ) ;
#7022 = CARTESIAN_POINT ( 'NONE',  ( 17.99999999999963052, 1.974359970010570287, 208.0187564522406092 ) ) ;
#7023 = SURFACE_SIDE_STYLE ('',( #895 ) ) ;
#7024 = VECTOR ( 'NONE', #7010, 1000.000000000000000 ) ;
#7025 = CARTESIAN_POINT ( 'NONE',  ( -11.87499999999999822, 3.750000000000000444, 194.2500000000000000 ) ) ;
#7026 = EDGE_CURVE ( 'NONE', #122, #9142, #1111, .T. ) ;
#7027 = EDGE_CURVE ( 'NONE', #1865, #2793, #1011, .T. ) ;
#7028 = CARTESIAN_POINT ( 'NONE',  ( 17.99999999999962697, 4.072268875225691254, 208.3081411177055884 ) ) ;
#7029 = AXIS2_PLACEMENT_3D ( 'NONE', #7273, #9600, #9494 ) ;
#7030 = VECTOR ( 'NONE', #9866, 1000.000000000000000 ) ;
#7031 = CARTESIAN_POINT ( 'NONE',  ( 17.49999999999962697, 3.104376725502063561, 207.1952277442898662 ) ) ;
#7032 = EDGE_LOOP ( 'NONE', ( #2112, #3659, #9191, #903 ) ) ;
#7033 = SURFACE_STYLE_FILL_AREA ( #904 ) ;
#7034 = EDGE_CURVE ( 'NONE', #3840, #8768, #3331, .T. ) ;
#7035 = FILL_AREA_STYLE_COLOUR ( '', #1788 ) ;
#7036 = AXIS2_PLACEMENT_3D ( 'NONE', #4761, #4946, #212 ) ;
#7037 = EDGE_LOOP ( 'NONE', ( #3011, #8730, #428, #775 ) ) ;
#7038 = CARTESIAN_POINT ( 'NONE',  ( 16.00000000000001776, -2.500000000000000888, 108.9874921777190906 ) ) ;
#7039 =( NAMED_UNIT ( * ) SI_UNIT ( $, .STERADIAN. ) SOLID_ANGLE_UNIT ( ) );
#7040 = SURFACE_STYLE_USAGE ( .BOTH. , #2482 ) ;
#7041 =( GEOMETRIC_REPRESENTATION_CONTEXT ( 3 ) GLOBAL_UNCERTAINTY_ASSIGNED_CONTEXT ( ( #7474 ) ) GLOBAL_UNIT_ASSIGNED_CONTEXT ( ( #7493, #7391, #7700 ) ) REPRESENTATION_CONTEXT ( 'NONE', 'WORKASPACE' ) );
#7042 = CARTESIAN_POINT ( 'NONE',  ( 17.49999999999962341, 2.811422747149541213, 208.3661018583782436 ) ) ;
#7043 = B_SPLINE_CURVE_WITH_KNOTS ( 'NONE', 3,
 ( #8082, #7270, #409, #3456, #1204, #6515, #9598, #4258, #7321, #3505, #2773 ),
 .UNSPECIFIED., .F., .F.,
 ( 4, 1, 1, 1, 1, 1, 1, 1, 4 ),
 ( 0.000000000000000000, 0.1549437864281181798, 0.2989181743483522169, 0.4334097818455280304, 0.5596603401954908241, 0.6773843817687859037, 0.7888281110535896312, 0.8965936203003666005, 1.000000000000000000 ),
 .UNSPECIFIED. ) ;
#7044 = EDGE_CURVE ( 'NONE', #3638, #8411, #2745, .T. ) ;
#7045 = EDGE_CURVE ( 'NONE', #4832, #6443, #8744, .T. ) ;
#7046 = LINE ( 'NONE', #3767, #7676 ) ;
#7047 = SURFACE_SIDE_STYLE ('',( #5052 ) ) ;
#7048 = SURFACE_SIDE_STYLE ('',( #2488 ) ) ;
#7049 = DIRECTION ( 'NONE',  ( -1.000000000000000000, 0.000000000000000000, 0.000000000000000000 ) ) ;
#7050 = DIRECTION ( 'NONE',  ( 0.000000000000000000, -1.000000000000000000, 0.000000000000000000 ) ) ;
#7051 = ORIENTED_EDGE ( 'NONE', *, *, #2205, .T. ) ;
#7052 = CARTESIAN_POINT ( 'NONE',  ( 0.000000000000000000, 0.000000000000000000, 198.7500000000000000 ) ) ;
#7053 =( NAMED_UNIT ( * ) SI_UNIT ( $, .STERADIAN. ) SOLID_ANGLE_UNIT ( ) );
#7054 = CARTESIAN_POINT ( 'NONE',  ( -16.62500000000006395, -2.175268387770555201, 195.2500000000000000 ) ) ;
#7055 = FILL_AREA_STYLE ('',( #9305 ) ) ;
#7056 = CARTESIAN_POINT ( 'NONE',  ( -16.62500000000006395, 0.5744632244589198411, 198.7500000000000000 ) ) ;
#7057 = SURFACE_STYLE_USAGE ( .BOTH. , #3932 ) ;
#7058 = ORIENTED_EDGE ( 'NONE', *, *, #2411, .T. ) ;
#7059 = FILL_AREA_STYLE_COLOUR ( '', #3391 ) ;
#7060 = DIRECTION ( 'NONE',  ( 1.000000000000000000, 1.040834085586083310E-14, 0.000000000000000000 ) ) ;
#7061 = CARTESIAN_POINT ( 'NONE',  ( -14.62500000000005151, 4.624194836688181098, 198.7500000000000000 ) ) ;
#7062 = DIRECTION ( 'NONE',  ( -1.000000000000000000, 0.000000000000000000, -0.000000000000000000 ) ) ;
#7063 = ORIENTED_EDGE ( 'NONE', *, *, #508, .T. ) ;
#7064 = CARTESIAN_POINT ( 'NONE',  ( 12.49999999999963052, -7.825000000000000178, 204.0000000000000568 ) ) ;
#7065 = CYLINDRICAL_SURFACE ( 'NONE', #5978, 0.8750000000000007772 ) ;
#7066 = VERTEX_POINT ( 'NONE', #5615 ) ;
#7068 = VECTOR ( 'NONE', #2964, 1000.000000000000000 ) ;
#7067 = CARTESIAN_POINT ( 'NONE',  ( 17.49999999999962697, 3.074999999999993516, 207.6875000000000568 ) ) ;
#7069 =( NAMED_UNIT ( * ) PLANE_ANGLE_UNIT ( ) SI_UNIT ( $, .RADIAN. ) );
#7070 =( LENGTH_UNIT ( ) NAMED_UNIT ( * ) SI_UNIT ( .MILLI., .METRE. ) );
#7071 = CARTESIAN_POINT ( 'NONE',  ( -14.62500000000000178, -1.522219850169647720E-13, 197.7500000000000000 ) ) ;
#7072 = CARTESIAN_POINT ( 'NONE',  ( -11.87499999999999822, 3.000000000000000888, 197.0000000000000000 ) ) ;
#7073 = MECHANICAL_DESIGN_GEOMETRIC_PRESENTATION_REPRESENTATION (  '', ( #2434 ), #5762 ) ;
#7074 = VECTOR ( 'NONE', #7285, 1000.000000000000000 ) ;
#7075 = CARTESIAN_POINT ( 'NONE',  ( -11.87499999999999822, -3.750000000000000444, 194.2500000000000000 ) ) ;
#7076 = DIRECTION ( 'NONE',  ( -0.000000000000000000, 0.000000000000000000, -1.000000000000000000 ) ) ;
#7077 = CARTESIAN_POINT ( 'NONE',  ( 17.49999999999963762, 3.978309745460478108, 206.8949822921628083 ) ) ;
#7078 = CARTESIAN_POINT ( 'NONE',  ( 17.49999999999963762, 1.956466092947766633, 206.8847140234164499 ) ) ;
#7079 = ORIENTED_EDGE ( 'NONE', *, *, #9625, .F. ) ;
#7080 = CARTESIAN_POINT ( 'NONE',  ( 17.99999999999963407, 2.128140742265913765, 208.9367082343318032 ) ) ;
#7081 = AXIS2_PLACEMENT_3D ( 'NONE', #2498, #982, #284 ) ;
#7082 = COLOUR_RGB ( '',1.000000000000000000, 0.7490196078431372584, 0.000000000000000000 ) ;
#7083 = CARTESIAN_POINT ( 'NONE',  ( 17.99999999999963052, -0.5900390625000059286, 206.5000000000000568 ) ) ;
#7084 = PRESENTATION_LAYER_ASSIGNMENT (  '', '', ( #1953 ) ) ;
#7085 = SURFACE_SIDE_STYLE ('',( #7941 ) ) ;
#7086 = VECTOR ( 'NONE', #9378, 1000.000000000000000 ) ;
#7087 = VERTEX_POINT ( 'NONE', #8797 ) ;
#7088 = FILL_AREA_STYLE_COLOUR ( '', #3795 ) ;
#7089 = CARTESIAN_POINT ( 'NONE',  ( 17.99999999999962697, 3.081857313226078698, 207.9496912514063638 ) ) ;
#7090 = DIRECTION ( 'NONE',  ( 1.040834085586084257E-14, -1.000000000000000000, 0.000000000000000000 ) ) ;
#7091 = CARTESIAN_POINT ( 'NONE',  ( -11.87499999999999822, 4.500000000000000888, 195.0000000000000000 ) ) ;
#7092 = EDGE_CURVE ( 'NONE', #7979, #7683, #7219, .T. ) ;
#7093 = SURFACE_STYLE_USAGE ( .BOTH. , #817 ) ;
#7094 = VECTOR ( 'NONE', #3951, 1000.000000000000114 ) ;
#7095 = ORIENTED_EDGE ( 'NONE', *, *, #8586, .F. ) ;
#7096 = CARTESIAN_POINT ( 'NONE',  ( 17.49999999999964118, 1.847468335955554153, 208.2631861786888976 ) ) ;
#7097 = CARTESIAN_POINT ( 'NONE',  ( -11.87499999999999822, -3.000000000000000888, 191.7500000000000000 ) ) ;
#7098 = VERTEX_POINT ( 'NONE', #215 ) ;
#7099 = SURFACE_STYLE_USAGE ( .BOTH. , #8044 ) ;
#7100 =( GEOMETRIC_REPRESENTATION_CONTEXT ( 3 ) GLOBAL_UNCERTAINTY_ASSIGNED_CONTEXT ( ( #4990 ) ) GLOBAL_UNIT_ASSIGNED_CONTEXT ( ( #3147, #1021, #9448 ) ) REPRESENTATION_CONTEXT ( 'NONE', 'WORKASPACE' ) );
#7101 = PRESENTATION_STYLE_ASSIGNMENT (( #9404 ) ) ;
#7102 = CARTESIAN_POINT ( 'NONE',  ( 17.99999999999962697, 3.074999999999993960, 207.6875000000000568 ) ) ;
#7103 = FILL_AREA_STYLE ('',( #280 ) ) ;
#7104 = CARTESIAN_POINT ( 'NONE',  ( 17.99999999999962697, 2.682367043275383445, 207.8891598545455111 ) ) ;
#7105 = ORIENTED_EDGE ( 'NONE', *, *, #6969, .T. ) ;
#7106 =( NAMED_UNIT ( * ) SI_UNIT ( $, .STERADIAN. ) SOLID_ANGLE_UNIT ( ) );
#7107 = EDGE_CURVE ( 'NONE', #4475, #7087, #9313, .T. ) ;
#7108 = CARTESIAN_POINT ( 'NONE',  ( 13.99999999999962874, -2.500000000000000000, 204.0000000000000568 ) ) ;
#7109 = DIRECTION ( 'NONE',  ( -0.000000000000000000, -0.000000000000000000, 1.000000000000000000 ) ) ;
#7110 = ORIENTED_EDGE ( 'NONE', *, *, #3699, .T. ) ;
#7111 = UNCERTAINTY_MEASURE_WITH_UNIT (LENGTH_MEASURE( 1.000000000000000082E-05 ), #1941, 'distance_accuracy_value', 'NONE');
#7112 = CYLINDRICAL_SURFACE ( 'NONE', #241, 0.8750000000000007772 ) ;
#7113 = CARTESIAN_POINT ( 'NONE',  ( 17.49999999999962697, 3.761254231481073074, 208.9368405103013515 ) ) ;
#7114 = ORIENTED_EDGE ( 'NONE', *, *, #6522, .T. ) ;
#7115 = VECTOR ( 'NONE', #6194, 1000.000000000000000 ) ;
#7116 = CARTESIAN_POINT ( 'NONE',  ( 17.49999999999963052, 3.167636413430485298, 208.4594571945850134 ) ) ;
#7117 = FACE_OUTER_BOUND ( 'NONE', #8400, .T. ) ;
#7118 = PLANE ( 'NONE',  #5137 ) ;
#7119 = CARTESIAN_POINT ( 'NONE',  ( 17.99999999999962697, 3.558398437499993960, 207.0527343750000568 ) ) ;
#7120 = ADVANCED_FACE ( 'NONE', ( #963 ), #4013, .F. ) ;
#7121 = FACE_OUTER_BOUND ( 'NONE', #7817, .T. ) ;
#7122 = CARTESIAN_POINT ( 'NONE',  ( 17.99999999999963052, 2.438466069297900773, 207.1632982475784672 ) ) ;
#7123 = COLOUR_RGB ( '',1.000000000000000000, 0.7490196078431372584, 0.000000000000000000 ) ;
#7124 = PLANE ( 'NONE',  #8454 ) ;
#7125 = UNCERTAINTY_MEASURE_WITH_UNIT (LENGTH_MEASURE( 1.000000000000000082E-05 ), #6413, 'distance_accuracy_value', 'NONE');
#7126 = CARTESIAN_POINT ( 'NONE',  ( 17.74999999999963052, -5.221446609406711126, 212.0000000000000853 ) ) ;
#7127 = CARTESIAN_POINT ( 'NONE',  ( 17.99999999999963407, 4.033642376763790338, 206.9616497844524758 ) ) ;
#7128 = CARTESIAN_POINT ( 'NONE',  ( 17.49999999999963407, 2.115828677561442994, 206.8128808545806976 ) ) ;
#7129 = VERTEX_POINT ( 'NONE', #6563 ) ;
#7130 = CARTESIAN_POINT ( 'NONE',  ( 17.49999999999963762, 2.157519531249993960, 208.9375000000000568 ) ) ;
#7131 =( GEOMETRIC_REPRESENTATION_CONTEXT ( 3 ) GLOBAL_UNCERTAINTY_ASSIGNED_CONTEXT ( ( #4099 ) ) GLOBAL_UNIT_ASSIGNED_CONTEXT ( ( #883, #142, #937 ) ) REPRESENTATION_CONTEXT ( 'NONE', 'WORKASPACE' ) );
#7132 = CARTESIAN_POINT ( 'NONE',  ( 17.74999999999962697, 7.575000000000000178, 216.2500000000000853 ) ) ;
#7133 = STYLED_ITEM ( 'NONE', ( #727 ), #4159 ) ;
#7134 = PLANE ( 'NONE',  #101 ) ;
#7135 =( LENGTH_UNIT ( ) NAMED_UNIT ( * ) SI_UNIT ( .MILLI., .METRE. ) );
#7136 = CARTESIAN_POINT ( 'NONE',  ( 15.50717698353876273, -3.821162770281183896, 108.8332204978507463 ) ) ;
#7137 = PLANE ( 'NONE',  #8751 ) ;
#7138 = SURFACE_STYLE_FILL_AREA ( #3965 ) ;
#7139 = COLOUR_RGB ( '',1.000000000000000000, 0.7490196078431372584, 0.000000000000000000 ) ;
#7140 = ORIENTED_EDGE ( 'NONE', *, *, #1811, .T. ) ;
#7141 = CARTESIAN_POINT ( 'NONE',  ( 17.49999999999963407, 1.939513177393229038, 208.4564514873139842 ) ) ;
#7142 = CARTESIAN_POINT ( 'NONE',  ( 17.99999999999963407, 2.295213265302409766, 208.5339457930067795 ) ) ;
#7143 = EDGE_CURVE ( 'NONE', #4318, #2877, #9746, .T. ) ;
#7144 = CARTESIAN_POINT ( 'NONE',  ( 0.000000000000000000, 0.000000000000000000, 216.2500000000000853 ) ) ;
#7145 =( GEOMETRIC_REPRESENTATION_CONTEXT ( 3 ) GLOBAL_UNCERTAINTY_ASSIGNED_CONTEXT ( ( #3988 ) ) GLOBAL_UNIT_ASSIGNED_CONTEXT ( ( #4222, #1075, #9510 ) ) REPRESENTATION_CONTEXT ( 'NONE', 'WORKASPACE' ) );
#7146 = ADVANCED_FACE ( 'NONE', ( #4358 ), #5756, .F. ) ;
#7147 = ORIENTED_EDGE ( 'NONE', *, *, #2565, .F. ) ;
#7149 = FILL_AREA_STYLE_COLOUR ( '', #871 ) ;
#7148 = COLOUR_RGB ( '',1.000000000000000000, 0.7490196078431372584, 0.000000000000000000 ) ;
#7150 = EDGE_CURVE ( 'NONE', #8282, #6083, #7043, .T. ) ;
#7151 = SURFACE_SIDE_STYLE ('',( #3874 ) ) ;
#7152 = CARTESIAN_POINT ( 'NONE',  ( 17.99999999999962697, 3.400726209281641488, 206.5642407877915616 ) ) ;
#7153 = ORIENTED_EDGE ( 'NONE', *, *, #5754, .F. ) ;
#7154 = VECTOR ( 'NONE', #2616, 1000.000000000000000 ) ;
#7155 = DIRECTION ( 'NONE',  ( 0.000000000000000000, -1.000000000000000000, 0.000000000000000000 ) ) ;
#7156 = EDGE_CURVE ( 'NONE', #5284, #5643, #5805, .T. ) ;
#7157 = CARTESIAN_POINT ( 'NONE',  ( 17.49999999999963407, 2.157519531249993960, 207.7500000000000568 ) ) ;
#7158 = SURFACE_SIDE_STYLE ('',( #383 ) ) ;
#7159 = ORIENTED_EDGE ( 'NONE', *, *, #6043, .T. ) ;
#7160 = CARTESIAN_POINT ( 'NONE',  ( 17.49999999999962697, 3.122042099234190626, 207.0934272515208932 ) ) ;
#7161 = EDGE_LOOP ( 'NONE', ( #3766, #9655, #6529, #522 ) ) ;
#7162 = CARTESIAN_POINT ( 'NONE',  ( 17.49999999999962697, 3.104376725502062673, 208.1797722557102475 ) ) ;
#7163 = SURFACE_STYLE_FILL_AREA ( #7775 ) ;
#7164 = LINE ( 'NONE', #6399, #5529 ) ;
#7165 = CARTESIAN_POINT ( 'NONE',  ( 17.99999999999962697, 3.512499999999993960, 207.6875000000000568 ) ) ;
#7166 = VECTOR ( 'NONE', #6451, 1000.000000000000000 ) ;
#7167 = COLOUR_RGB ( '',1.000000000000000000, 0.7490196078431372584, 0.000000000000000000 ) ;
#7168 = SURFACE_STYLE_USAGE ( .BOTH. , #4097 ) ;
#7169 =( LENGTH_UNIT ( ) NAMED_UNIT ( * ) SI_UNIT ( .MILLI., .METRE. ) );
#7170 = VERTEX_POINT ( 'NONE', #1254 ) ;
#7171 = STYLED_ITEM ( 'NONE', ( #556 ), #7120 ) ;
#7172 =( LENGTH_UNIT ( ) NAMED_UNIT ( * ) SI_UNIT ( .MILLI., .METRE. ) );
#7173 = VECTOR ( 'NONE', #8260, 1000.000000000000000 ) ;
#7174 = CARTESIAN_POINT ( 'NONE',  ( 17.99999999999963052, -0.6081054687500061506, 209.0000000000000568 ) ) ;
#7175 = CARTESIAN_POINT ( 'NONE',  ( 17.99999999999962697, 4.438867392842169579, 206.8629792253322250 ) ) ;
#7176 = UNCERTAINTY_MEASURE_WITH_UNIT (LENGTH_MEASURE( 1.000000000000000082E-05 ), #8458, 'distance_accuracy_value', 'NONE');
#7177 = AXIS2_PLACEMENT_3D ( 'NONE', #3251, #3838, #81 ) ;
#7178 = CARTESIAN_POINT ( 'NONE',  ( 17.49999999999963407, 2.809378189998887443, 206.9403087228329241 ) ) ;
#7179 = CARTESIAN_POINT ( 'NONE',  ( 13.47810778044180502, -4.435192240254515639, 108.6989974045986287 ) ) ;
#7180 = EDGE_LOOP ( 'NONE', ( #5434, #1493, #6834, #2185 ) ) ;
#7181 = LINE ( 'NONE', #5532, #5886 ) ;
#7182 = DIRECTION ( 'NONE',  ( 1.000000000000000000, 0.000000000000000000, 0.000000000000000000 ) ) ;
#7183 = VERTEX_POINT ( 'NONE', #4309 ) ;
#7184 = FILL_AREA_STYLE_COLOUR ( '', #3952 ) ;
#7185 = ORIENTED_EDGE ( 'NONE', *, *, #1392, .T. ) ;
#7186 = AXIS2_PLACEMENT_3D ( 'NONE', #5841, #8117, #2476 ) ;
#7187 = SURFACE_STYLE_FILL_AREA ( #2628 ) ;
#7188 = EDGE_CURVE ( 'NONE', #8233, #8418, #8951, .T. ) ;
#7189 = CARTESIAN_POINT ( 'NONE',  ( 17.99999999999963052, 2.678480285255080418, 206.6800337211782050 ) ) ;
#7190 = FILL_AREA_STYLE_COLOUR ( '', #7014 ) ;
#7191 = DIRECTION ( 'NONE',  ( -0.9578262852211609779, -0.2873478855663131326, 0.000000000000000000 ) ) ;
#7192 = FACE_OUTER_BOUND ( 'NONE', #9684, .T. ) ;
#7193 = ORIENTED_EDGE ( 'NONE', *, *, #5, .T. ) ;
#7194 = CARTESIAN_POINT ( 'NONE',  ( 17.49999999999963052, 1.836718749999993516, 207.9008789062500568 ) ) ;
#7195 = VECTOR ( 'NONE', #8299, 1000.000000000000000 ) ;
#7196 = CARTESIAN_POINT ( 'NONE',  ( 17.49999999999963052, 2.449999999999993960, 207.3217773437500284 ) ) ;
#7197 = CARTESIAN_POINT ( 'NONE',  ( -9.009666186049111071E-15, 0.8747316122295407670, 198.7500000000000000 ) ) ;
#7198 = CARTESIAN_POINT ( 'NONE',  ( 17.99999999999962341, 3.592554851106326996, 208.4132330107684368 ) ) ;
#7199 =( NAMED_UNIT ( * ) SI_UNIT ( $, .STERADIAN. ) SOLID_ANGLE_UNIT ( ) );
#7200 = ORIENTED_EDGE ( 'NONE', *, *, #8008, .T. ) ;
#7201 = CARTESIAN_POINT ( 'NONE',  ( -16.00000000000000000, 12.00000000000000178, 3.000000000000002665 ) ) ;
#7202 = ORIENTED_EDGE ( 'NONE', *, *, #5129, .T. ) ;
#7203 = CARTESIAN_POINT ( 'NONE',  ( 17.99999999999962697, 4.264455957073589154, 206.5939525953374698 ) ) ;
#7204 = PRESENTATION_STYLE_ASSIGNMENT (( #4890 ) ) ;
#7205 = CARTESIAN_POINT ( 'NONE',  ( 17.49999999999963052, 2.449999999999993960, 207.3217773437500284 ) ) ;
#7206 = LINE ( 'NONE', #3217, #1943 ) ;
#7207 = SURFACE_SIDE_STYLE ('',( #445 ) ) ;
#7208 =( LENGTH_UNIT ( ) NAMED_UNIT ( * ) SI_UNIT ( .MILLI., .METRE. ) );
#7209 = UNCERTAINTY_MEASURE_WITH_UNIT (LENGTH_MEASURE( 1.000000000000000082E-05 ), #8149, 'distance_accuracy_value', 'NONE');
#7210 = ORIENTED_EDGE ( 'NONE', *, *, #4896, .F. ) ;
#7211 = CARTESIAN_POINT ( 'NONE',  ( 17.49999999999963762, 1.825959845625527489, 207.2250223028126754 ) ) ;
#7212 = ORIENTED_EDGE ( 'NONE', *, *, #1042, .T. ) ;
#7213 = LINE ( 'NONE', #6509, #1843 ) ;
#7214 = DIRECTION ( 'NONE',  ( 1.000000000000000000, 0.000000000000000000, 0.000000000000000000 ) ) ;
#7215 = PRESENTATION_LAYER_ASSIGNMENT (  '', '', ( #3849 ) ) ;
#7216 = STYLED_ITEM ( 'NONE', ( #3427 ), #589 ) ;
#7217 = ADVANCED_FACE ( 'NONE', ( #7525 ), #8332, .T. ) ;
#7218 = FILL_AREA_STYLE ('',( #262 ) ) ;
#7219 = LINE ( 'NONE', #4063, #1235 ) ;
#7220 = LINE ( 'NONE', #1907, #567 ) ;
#7221 = MECHANICAL_DESIGN_GEOMETRIC_PRESENTATION_REPRESENTATION (  '', ( #1781 ), #3531 ) ;
#7222 = PRESENTATION_STYLE_ASSIGNMENT (( #7758 ) ) ;
#7223 = AXIS2_PLACEMENT_3D ( 'NONE', #554, #2267, #9745 ) ;
#7224 = PRESENTATION_LAYER_ASSIGNMENT (  '', '', ( #1627 ) ) ;
#7225 = EDGE_LOOP ( 'NONE', ( #1198, #2505, #5422, #7354 ) ) ;
#7226 = VECTOR ( 'NONE', #4295, 1000.000000000000000 ) ;
#7227 = DIRECTION ( 'NONE',  ( 1.000000000000000000, 0.000000000000000000, 0.000000000000000000 ) ) ;
#7228 = VERTEX_POINT ( 'NONE', #8439 ) ;
#7229 =( NAMED_UNIT ( * ) PLANE_ANGLE_UNIT ( ) SI_UNIT ( $, .RADIAN. ) );
#7230 = EDGE_LOOP ( 'NONE', ( #2478, #9886, #6801, #73 ) ) ;
#7231 = DIRECTION ( 'NONE',  ( 1.000000000000000000, 0.000000000000000000, 0.000000000000000000 ) ) ;
#7232 = ADVANCED_FACE ( 'NONE', ( #54 ), #6152, .T. ) ;
#7234 = VECTOR ( 'NONE', #6926, 1000.000000000000000 ) ;
#7233 = SURFACE_STYLE_FILL_AREA ( #475 ) ;
#7235 = PRESENTATION_STYLE_ASSIGNMENT (( #4371 ) ) ;
#7236 = EDGE_CURVE ( 'NONE', #1999, #5766, #5261, .T. ) ;
#7237 = CARTESIAN_POINT ( 'NONE',  ( 17.99999999999962697, 2.833351372951719238, 207.5578487706536350 ) ) ;
#7238 = EDGE_LOOP ( 'NONE', ( #1166, #6650, #1872, #5124 ) ) ;
#7239 = CARTESIAN_POINT ( 'NONE',  ( 17.49999999999963407, 2.428825956111205997, 207.1157720864091232 ) ) ;
#7240 = DIRECTION ( 'NONE',  ( 0.000000000000000000, -0.000000000000000000, 1.000000000000000000 ) ) ;
#7241 = CIRCLE ( 'NONE', #9341, 10.00000000000000000 ) ;
#7242 = FILL_AREA_STYLE_COLOUR ( '', #1756 ) ;
#7243 = CARTESIAN_POINT ( 'NONE',  ( 17.49999999999962341, 3.592554851106326552, 208.4132330107684368 ) ) ;
#7244 = VERTEX_POINT ( 'NONE', #2321 ) ;
#7245 = CARTESIAN_POINT ( 'NONE',  ( 17.49999999999962341, 3.365061470390744436, 206.5937861142807321 ) ) ;
#7246 = CARTESIAN_POINT ( 'NONE',  ( 17.99999999999962341, 3.188552969108196855, 208.5116924263749354 ) ) ;
#7247 = ORIENTED_EDGE ( 'NONE', *, *, #6368, .T. ) ;
#7248 = FACE_OUTER_BOUND ( 'NONE', #3584, .T. ) ;
#7249 = CARTESIAN_POINT ( 'NONE',  ( 17.49999999999963052, 3.861287548624504407, 208.5293346947081545 ) ) ;
#7250 = CARTESIAN_POINT ( 'NONE',  ( 2.073239848542206906E-14, -1.874731612229238564, 197.7500000000000000 ) ) ;
#7251 = COLOUR_RGB ( '',1.000000000000000000, 1.000000000000000000, 1.000000000000000000 ) ;
#7252 = CARTESIAN_POINT ( 'NONE',  ( -14.12499999999994671, -3.000000000000001776, 191.0000000000000000 ) ) ;
#7253 = CARTESIAN_POINT ( 'NONE',  ( 17.99999999999963052, 2.445257983704552718, 207.2136999237905286 ) ) ;
#7254 = FILL_AREA_STYLE_COLOUR ( '', #944 ) ;
#7255 = CARTESIAN_POINT ( 'NONE',  ( 17.99999999999962697, 1.881824776754609907, 207.9459345917915414 ) ) ;
#7256 = ORIENTED_EDGE ( 'NONE', *, *, #1925, .T. ) ;
#7257 = VECTOR ( 'NONE', #7965, 1000.000000000000114 ) ;
#7258 = EDGE_CURVE ( 'NONE', #5956, #4450, #6882, .T. ) ;
#7259 = LINE ( 'NONE', #4346, #4914 ) ;
#7260 = ORIENTED_EDGE ( 'NONE', *, *, #163, .T. ) ;
#7261 = EDGE_CURVE ( 'NONE', #5008, #1791, #6106, .T. ) ;
#7262 = CARTESIAN_POINT ( 'NONE',  ( -11.87499999999999822, 3.750000000000000000, 191.0000000000000000 ) ) ;
#7263 = SURFACE_STYLE_USAGE ( .BOTH. , #6656 ) ;
#7264 = EDGE_CURVE ( 'NONE', #2827, #5728, #2269, .T. ) ;
#7265 = ORIENTED_EDGE ( 'NONE', *, *, #8283, .F. ) ;
#7266 = DIRECTION ( 'NONE',  ( -1.000000000000000000, -5.728085021779797867E-16, 8.583663793918551117E-34 ) ) ;
#7267 = CARTESIAN_POINT ( 'NONE',  ( -12.62499999999999822, -3.750000000000000444, 197.0000000000000000 ) ) ;
#7268 = VECTOR ( 'NONE', #5630, 1000.000000000000000 ) ;
#7269 = CARTESIAN_POINT ( 'NONE',  ( 17.49999999999962697, 4.429492187499993072, 206.8383789062500284 ) ) ;
#7270 = CARTESIAN_POINT ( 'NONE',  ( 17.49999999999962697, 1.852117481729199433, 207.9162604520089701 ) ) ;
#7271 = CARTESIAN_POINT ( 'NONE',  ( 17.49999999999963052, 3.861287548624504407, 208.5293346947081545 ) ) ;
#7272 = PRESENTATION_LAYER_ASSIGNMENT (  '', '', ( #4706 ) ) ;
#7273 = CARTESIAN_POINT ( 'NONE',  ( -15.62500000000005151, 3.624194836688377386, 195.2500000000000000 ) ) ;
#7274 = COLOUR_RGB ( '',1.000000000000000000, 1.000000000000000000, 1.000000000000000000 ) ;
#7275 = AXIS2_PLACEMENT_3D ( 'NONE', #434, #5641, #4839 ) ;
#7276 = ORIENTED_EDGE ( 'NONE', *, *, #1689, .T. ) ;
#7277 = EDGE_CURVE ( 'NONE', #6910, #1588, #2972, .T. ) ;
#7278 = CARTESIAN_POINT ( 'NONE',  ( 17.49999999999963762, 1.970195973217836682, 207.6737205614023196 ) ) ;
#7279 =( NAMED_UNIT ( * ) PLANE_ANGLE_UNIT ( ) SI_UNIT ( $, .RADIAN. ) );
#7280 = EDGE_LOOP ( 'NONE', ( #4489, #3110, #5983, #9269 ) ) ;
#7281 = CARTESIAN_POINT ( 'NONE',  ( 17.49999999999962341, 3.869214462040088787, 206.4381596070531941 ) ) ;
#7282 = ORIENTED_EDGE ( 'NONE', *, *, #6398, .T. ) ;
#7283 = FILL_AREA_STYLE_COLOUR ( '', #7123 ) ;
#7284 =( NAMED_UNIT ( * ) SI_UNIT ( $, .STERADIAN. ) SOLID_ANGLE_UNIT ( ) );
#7285 = DIRECTION ( 'NONE',  ( 6.938893903907228378E-15, -1.000000000000000000, 0.000000000000000000 ) ) ;
#7286 = CARTESIAN_POINT ( 'NONE',  ( 17.99999999999963052, 2.856249999999994404, 207.2910156250000568 ) ) ;
#7287 = ORIENTED_EDGE ( 'NONE', *, *, #2430, .T. ) ;
#7288 = CARTESIAN_POINT ( 'NONE',  ( 17.49999999999962341, 4.020514041537930794, 208.9134394559440011 ) ) ;
#7289 = STYLED_ITEM ( 'NONE', ( #8827 ), #5481 ) ;
#7290 = EDGE_CURVE ( 'NONE', #3338, #8159, #7932, .T. ) ;
#7291 = LINE ( 'NONE', #9566, #3982 ) ;
#7292 = CARTESIAN_POINT ( 'NONE',  ( 17.99999999999963052, 9.498105723979288153E-15, 212.0000000000000853 ) ) ;
#7293 = ORIENTED_EDGE ( 'NONE', *, *, #5412, .F. ) ;
#7294 = DIRECTION ( 'NONE',  ( -0.000000000000000000, -0.000000000000000000, -1.000000000000000000 ) ) ;
#7295 = CARTESIAN_POINT ( 'NONE',  ( 17.49999999999963407, -3.925000000000004707, 210.5000000000000853 ) ) ;
#7296 = CARTESIAN_POINT ( 'NONE',  ( -14.62500000000000178, -1.522219850169646963E-13, 197.7500000000000000 ) ) ;
#7297 = DIRECTION ( 'NONE',  ( -0.000000000000000000, 0.000000000000000000, -1.000000000000000000 ) ) ;
#7298 = CARTESIAN_POINT ( 'NONE',  ( 17.99999999999963052, -2.487500000000005596, 206.5000000000000568 ) ) ;
#7299 = DIRECTION ( 'NONE',  ( -0.9578262852211635314, -0.2873478855663048059, 0.000000000000000000 ) ) ;
#7300 =( NAMED_UNIT ( * ) PLANE_ANGLE_UNIT ( ) SI_UNIT ( $, .RADIAN. ) );
#7301 = AXIS2_PLACEMENT_3D ( 'NONE', #5747, #2813, #8837 ) ;
#7302 = CARTESIAN_POINT ( 'NONE',  ( 17.99999999999962341, 2.026507413333320518, 207.7168317669029136 ) ) ;
#7303 = STYLED_ITEM ( 'NONE', ( #2162 ), #6339 ) ;
#7304 = DIRECTION ( 'NONE',  ( 0.000000000000000000, -1.000000000000000000, 0.000000000000000000 ) ) ;
#7305 = ORIENTED_EDGE ( 'NONE', *, *, #3180, .T. ) ;
#7306 =( GEOMETRIC_REPRESENTATION_CONTEXT ( 3 ) GLOBAL_UNCERTAINTY_ASSIGNED_CONTEXT ( ( #6833 ) ) GLOBAL_UNIT_ASSIGNED_CONTEXT ( ( #2322, #1650, #4559 ) ) REPRESENTATION_CONTEXT ( 'NONE', 'WORKASPACE' ) );
#7307 = UNCERTAINTY_MEASURE_WITH_UNIT (LENGTH_MEASURE( 1.000000000000000082E-05 ), #2404, 'distance_accuracy_value', 'NONE');
#7308 = ORIENTED_EDGE ( 'NONE', *, *, #4517, .T. ) ;
#7309 = SURFACE_SIDE_STYLE ('',( #7410 ) ) ;
#7310 = DIRECTION ( 'NONE',  ( -0.7071067811865464625, -0.7071067811865486830, 0.000000000000000000 ) ) ;
#7311 = ORIENTED_EDGE ( 'NONE', *, *, #8070, .T. ) ;
#7312 = DIRECTION ( 'NONE',  ( 1.000000000000000000, 5.728085021779798853E-16, 0.000000000000000000 ) ) ;
#7313 = CARTESIAN_POINT ( 'NONE',  ( 17.99999999999962697, 2.064612243116644930, 206.8195290230416958 ) ) ;
#7314 =( GEOMETRIC_REPRESENTATION_CONTEXT ( 3 ) GLOBAL_UNCERTAINTY_ASSIGNED_CONTEXT ( ( #6917 ) ) GLOBAL_UNIT_ASSIGNED_CONTEXT ( ( #8540, #3261, #99 ) ) REPRESENTATION_CONTEXT ( 'NONE', 'WORKASPACE' ) );
#7315 = AXIS2_PLACEMENT_3D ( 'NONE', #5028, #4287, #8975 ) ;
#7316 =( NAMED_UNIT ( * ) PLANE_ANGLE_UNIT ( ) SI_UNIT ( $, .RADIAN. ) );
#7317 = ADVANCED_FACE ( 'NONE', ( #5460 ), #5560, .T. ) ;
#7318 =( LENGTH_UNIT ( ) NAMED_UNIT ( * ) SI_UNIT ( .MILLI., .METRE. ) );
#7319 = CARTESIAN_POINT ( 'NONE',  ( 10.24999999999962874, 0.000000000000000000, 212.0000000000000853 ) ) ;
#7320 = CARTESIAN_POINT ( 'NONE',  ( 17.99999999999963052, 2.855750656940780896, 207.2595786090322747 ) ) ;
#7321 = CARTESIAN_POINT ( 'NONE',  ( 17.49999999999962697, 2.154810033703183692, 208.0920755829917539 ) ) ;
#7322 = PRESENTATION_LAYER_ASSIGNMENT (  '', '', ( #7012 ) ) ;
#7323 = FACE_OUTER_BOUND ( 'NONE', #7225, .T. ) ;
#7324 = CARTESIAN_POINT ( 'NONE',  ( 14.88812363121535753, 4.296752261247192450, 108.7328100155903456 ) ) ;
#7325 = MECHANICAL_DESIGN_GEOMETRIC_PRESENTATION_REPRESENTATION (  '', ( #4610 ), #5082 ) ;
#7326 = VERTEX_POINT ( 'NONE', #7126 ) ;
#7327 =( NAMED_UNIT ( * ) PLANE_ANGLE_UNIT ( ) SI_UNIT ( $, .RADIAN. ) );
#7328 = ORIENTED_EDGE ( 'NONE', *, *, #7745, .T. ) ;
#7329 = VERTEX_POINT ( 'NONE', #5514 ) ;
#7330 = DIRECTION ( 'NONE',  ( -0.000000000000000000, -0.000000000000000000, 1.000000000000000000 ) ) ;
#7331 = SURFACE_SIDE_STYLE ('',( #6530 ) ) ;
#7332 = CARTESIAN_POINT ( 'NONE',  ( 17.49999999999962697, 3.245383072782975997, 208.6299744977196724 ) ) ;
#7333 = ADVANCED_FACE ( 'NONE', ( #8639 ), #6253, .F. ) ;
#7334 = CARTESIAN_POINT ( 'NONE',  ( -2.296437027241167605, -7.634300561729922663, 198.7500000000000000 ) ) ;
#7335 = EDGE_CURVE ( 'NONE', #3728, #1761, #9333, .T. ) ;
#7336 = CARTESIAN_POINT ( 'NONE',  ( -14.62500000000000000, -1.522219850169646711E-13, 198.7500000000000000 ) ) ;
#7337 = EDGE_LOOP ( 'NONE', ( #3439, #7282, #5496, #447 ) ) ;
#7338 = CARTESIAN_POINT ( 'NONE',  ( 17.49999999999963052, 4.357650307906684617, 208.6728790846572110 ) ) ;
#7339 = FACE_BOUND ( 'NONE', #6065, .T. ) ;
#7340 =( LENGTH_UNIT ( ) NAMED_UNIT ( * ) SI_UNIT ( .MILLI., .METRE. ) );
#7341 = ORIENTED_EDGE ( 'NONE', *, *, #5171, .T. ) ;
#7342 = CARTESIAN_POINT ( 'NONE',  ( 17.49999999999963762, 2.682367043275383001, 207.8891598545455111 ) ) ;
#7343 = CARTESIAN_POINT ( 'NONE',  ( 17.49999999999965539, 1.541351898961228484, 206.7741358337268593 ) ) ;
#7344 =( LENGTH_UNIT ( ) NAMED_UNIT ( * ) SI_UNIT ( .MILLI., .METRE. ) );
#7345 = CARTESIAN_POINT ( 'NONE',  ( 17.49999999999963052, 2.354325951788267091, 208.9161302930936586 ) ) ;
#7346 =( NAMED_UNIT ( * ) SI_UNIT ( $, .STERADIAN. ) SOLID_ANGLE_UNIT ( ) );
#7347 =( GEOMETRIC_REPRESENTATION_CONTEXT ( 3 ) GLOBAL_UNCERTAINTY_ASSIGNED_CONTEXT ( ( #3549 ) ) GLOBAL_UNIT_ASSIGNED_CONTEXT ( ( #6540, #6437, #9616 ) ) REPRESENTATION_CONTEXT ( 'NONE', 'WORKASPACE' ) );
#7348 = B_SPLINE_CURVE_WITH_KNOTS ( 'NONE', 3,
 ( #2592, #1023, #9405, #5631, #7955, #9360, #1778, #1073, #4125, #7760, #2495 ),
 .UNSPECIFIED., .F., .F.,
 ( 4, 1, 1, 1, 1, 1, 1, 1, 4 ),
 ( 0.000000000000000000, 0.1824831862611326905, 0.3488917103864720981, 0.4984746838703763561, 0.6312606013163450935, 0.7481082361682841464, 0.8482801806177775461, 0.9318818073965737803, 0.9999999999999998890 ),
 .UNSPECIFIED. ) ;
#7349 = SURFACE_STYLE_USAGE ( .BOTH. , #2802 ) ;
#7350 = CARTESIAN_POINT ( 'NONE',  ( -14.99999999999995914, -1.000000000000001776, 109.0000000000000000 ) ) ;
#7351 = CARTESIAN_POINT ( 'NONE',  ( 17.99999999999963407, 4.033642376763790338, 206.9616497844524758 ) ) ;
#7352 = SURFACE_STYLE_USAGE ( .BOTH. , #4010 ) ;
#7353 =( NAMED_UNIT ( * ) PLANE_ANGLE_UNIT ( ) SI_UNIT ( $, .RADIAN. ) );
#7354 = ORIENTED_EDGE ( 'NONE', *, *, #1243, .T. ) ;
#7355 = SURFACE_STYLE_FILL_AREA ( #1240 ) ;
#7356 = ORIENTED_EDGE ( 'NONE', *, *, #9231, .F. ) ;
#7357 = B_SPLINE_SURFACE_WITH_KNOTS ( 'NONE', 3, 1, ( 
 ( #1581, #2449 ),
 ( #5489, #4638 ),
 ( #828, #4730 ),
 ( #3877, #6952 ),
 ( #3151, #6179 ),
 ( #9261, #1629 ),
 ( #4678, #7761 ),
 ( #3931, #7004 ),
 ( #130, #3199 ),
 ( #3471, #6432 ),
 ( #6535, #477 ),
 ( #4972, #2735 ),
 ( #5012, #2024 ),
 ( #7384, #8814 ),
 ( #8915, #9507 ),
 ( #1920, #9611 ),
 ( #5819, #1874 ),
 ( #528, #8001 ),
 ( #1121, #9451 ) ),
 .UNSPECIFIED., .F., .F., .F.,
 ( 4, 1, 1, 1, 1, 1, 1, 1, 1, 1, 1, 1, 1, 1, 1, 1, 4 ),
 ( 2, 2 ),
 ( 0.000000000000000000, 0.06771227651365734068, 0.1334578375257013394, 0.1972155453602171260, 0.2591095990785382552, 0.3196227070489921496, 0.3790627566284296979, 0.4378205448746770867, 0.4962342142713612181, 0.5548598881554074325, 0.6138941541894750165, 0.6740216197317999702, 0.7352734186882139422, 0.7984201137889469502, 0.8633229003241180699, 0.9302374667885376924, 1.000000000000000000 ),
 ( 0.000000000000000000, 1.000000000000000000 ),
 .UNSPECIFIED. ) ;
#7358 =( LENGTH_UNIT ( ) NAMED_UNIT ( * ) SI_UNIT ( .MILLI., .METRE. ) );
#7359 = CARTESIAN_POINT ( 'NONE',  ( -14.99999999999994493, -3.000000000000001776, 191.0000000000000000 ) ) ;
#7360 = DIRECTION ( 'NONE',  ( 0.000000000000000000, -1.000000000000000000, -8.673617379884035472E-16 ) ) ;
#7361 = VERTEX_POINT ( 'NONE', #4000 ) ;
#7362 =( GEOMETRIC_REPRESENTATION_CONTEXT ( 3 ) GLOBAL_UNCERTAINTY_ASSIGNED_CONTEXT ( ( #6719 ) ) GLOBAL_UNIT_ASSIGNED_CONTEXT ( ( #6899, #6743, #1475 ) ) REPRESENTATION_CONTEXT ( 'NONE', 'WORKASPACE' ) );
#7363 = CARTESIAN_POINT ( 'NONE',  ( -14.62500000000001954, 1.874731612229389999, 197.7500000000000000 ) ) ;
#7364 =( GEOMETRIC_REPRESENTATION_CONTEXT ( 3 ) GLOBAL_UNCERTAINTY_ASSIGNED_CONTEXT ( ( #9332 ) ) GLOBAL_UNIT_ASSIGNED_CONTEXT ( ( #8253, #2297, #8410 ) ) REPRESENTATION_CONTEXT ( 'NONE', 'WORKASPACE' ) );
#7365 = EDGE_CURVE ( 'NONE', #823, #5450, #3586, .T. ) ;
#7366 = CARTESIAN_POINT ( 'NONE',  ( -15.62500000000006217, 4.624194836688377386, 195.2500000000000000 ) ) ;
#7367 = FILL_AREA_STYLE_COLOUR ( '', #5911 ) ;
#7368 = SURFACE_STYLE_FILL_AREA ( #1158 ) ;
#7369 = EDGE_CURVE ( 'NONE', #3073, #8391, #7259, .T. ) ;
#7370 = CARTESIAN_POINT ( 'NONE',  ( 13.11175542806564209, 4.296686787852245892, 108.7328253723036084 ) ) ;
#7371 = VECTOR ( 'NONE', #8049, 1000.000000000000114 ) ;
#7372 = ORIENTED_EDGE ( 'NONE', *, *, #3115, .T. ) ;
#7373 = CARTESIAN_POINT ( 'NONE',  ( 17.99999999999963052, 2.057257875832068095, 207.7316719609150653 ) ) ;
#7374 = VECTOR ( 'NONE', #5345, 1000.000000000000000 ) ;
#7375 = COLOUR_RGB ( '',1.000000000000000000, 0.7490196078431372584, 0.000000000000000000 ) ;
#7376 = ORIENTED_EDGE ( 'NONE', *, *, #2860, .F. ) ;
#7377 = CARTESIAN_POINT ( 'NONE',  ( 17.49999999999962697, 3.512478028879008729, 207.6492486872021743 ) ) ;
#7378 = ORIENTED_EDGE ( 'NONE', *, *, #6592, .T. ) ;
#7379 = CARTESIAN_POINT ( 'NONE',  ( 17.99999999999963407, 1.638893281016414960, 208.6863800410782801 ) ) ;
#7380 = ADVANCED_FACE ( 'NONE', ( #6706 ), #7696, .T. ) ;
#7381 = CARTESIAN_POINT ( 'NONE',  ( -16.05805289307436823, 12.00000000000000355, 99.18358011788809847 ) ) ;
#7382 = FILL_AREA_STYLE ('',( #5122 ) ) ;
#7383 = EDGE_CURVE ( 'NONE', #6256, #7957, #7938, .T. ) ;
#7384 = CARTESIAN_POINT ( 'NONE',  ( 17.99999999999963052, 4.020514041537933458, 206.4615605440561126 ) ) ;
#7385 = LINE ( 'NONE', #7336, #4081 ) ;
#7386 =( GEOMETRIC_REPRESENTATION_CONTEXT ( 3 ) GLOBAL_UNCERTAINTY_ASSIGNED_CONTEXT ( ( #7421 ) ) GLOBAL_UNIT_ASSIGNED_CONTEXT ( ( #8547, #2984, #7743 ) ) REPRESENTATION_CONTEXT ( 'NONE', 'WORKASPACE' ) );
#7387 = ORIENTED_EDGE ( 'NONE', *, *, #285, .F. ) ;
#7388 = CARTESIAN_POINT ( 'NONE',  ( 17.49999999999963052, 2.288413867939223412, 206.8667519221855855 ) ) ;
#7389 = CARTESIAN_POINT ( 'NONE',  ( 11.66249999999983800, -11.66249999999980069, 212.0000000000000853 ) ) ;
#7390 = DIRECTION ( 'NONE',  ( -0.7071067811865465735, 0.7071067811865485719, 0.000000000000000000 ) ) ;
#7391 =( NAMED_UNIT ( * ) PLANE_ANGLE_UNIT ( ) SI_UNIT ( $, .RADIAN. ) );
#7392 = SURFACE_STYLE_USAGE ( .BOTH. , #485 ) ;
#7393 = ORIENTED_EDGE ( 'NONE', *, *, #1265, .T. ) ;
#7394 = PRESENTATION_LAYER_ASSIGNMENT (  '', '', ( #7737 ) ) ;
#7395 = CARTESIAN_POINT ( 'NONE',  ( 17.49999999999962697, 3.815234374999993516, 206.4375000000000568 ) ) ;
#7396 = CARTESIAN_POINT ( 'NONE',  ( 17.49999999999962697, 3.074999999999993516, 207.6875000000000568 ) ) ;
#7397 = SURFACE_STYLE_USAGE ( .BOTH. , #5087 ) ;
#7398 = CARTESIAN_POINT ( 'NONE',  ( 17.49999999999963407, 1.496386718749993516, 206.8862304687500568 ) ) ;
#7399 = DIRECTION ( 'NONE',  ( -1.000000000000000000, -1.445602896647339163E-16, 0.000000000000000000 ) ) ;
#7400 = CARTESIAN_POINT ( 'NONE',  ( -15.44089913814233306, -2.235530452414658420, 108.9973224505960872 ) ) ;
#7401 = FACE_OUTER_BOUND ( 'NONE', #3177, .T. ) ;
#7402 = STYLED_ITEM ( 'NONE', ( #135 ), #2842 ) ;
#7403 = DIRECTION ( 'NONE',  ( -0.2880551792314095527, -0.9576138124097628435, 0.000000000000000000 ) ) ;
#7404 = LINE ( 'NONE', #9731, #2213 ) ;
#7405 =( LENGTH_UNIT ( ) NAMED_UNIT ( * ) SI_UNIT ( .MILLI., .METRE. ) );
#7406 = ORIENTED_EDGE ( 'NONE', *, *, #8311, .F. ) ;
#7407 = UNCERTAINTY_MEASURE_WITH_UNIT (LENGTH_MEASURE( 1.000000000000000082E-05 ), #4431, 'distance_accuracy_value', 'NONE');
#7408 = SURFACE_SIDE_STYLE ('',( #7355 ) ) ;
#7409 = VERTEX_POINT ( 'NONE', #8371 ) ;
#7410 = SURFACE_STYLE_FILL_AREA ( #1347 ) ;
#7411 = MECHANICAL_DESIGN_GEOMETRIC_PRESENTATION_REPRESENTATION (  '', ( #6448 ), #2318 ) ;
#7412 = SURFACE_STYLE_USAGE ( .BOTH. , #2001 ) ;
#7413 =( NAMED_UNIT ( * ) SI_UNIT ( $, .STERADIAN. ) SOLID_ANGLE_UNIT ( ) );
#7414 = VERTEX_POINT ( 'NONE', #4598 ) ;
#7415 = EDGE_CURVE ( 'NONE', #3819, #4450, #9732, .T. ) ;
#7416 = CARTESIAN_POINT ( 'NONE',  ( 15.99999999999962874, -2.500000000000000000, 204.0000000000000568 ) ) ;
#7417 = EDGE_CURVE ( 'NONE', #1865, #3939, #3030, .T. ) ;
#7418 = CARTESIAN_POINT ( 'NONE',  ( 17.49999999999963052, 1.237597656249993738, 209.0000000000000568 ) ) ;
#7419 = CARTESIAN_POINT ( 'NONE',  ( 17.99999999999962697, 3.104376725502064005, 207.1952277442898662 ) ) ;
#7420 = COLOUR_RGB ( '',1.000000000000000000, 1.000000000000000000, 1.000000000000000000 ) ;
#7421 = UNCERTAINTY_MEASURE_WITH_UNIT (LENGTH_MEASURE( 1.000000000000000082E-05 ), #8547, 'distance_accuracy_value', 'NONE');
#7422 = CARTESIAN_POINT ( 'NONE',  ( 17.99999999999963052, 1.604092220868156726, 208.6358156248131479 ) ) ;
#7423 = PRESENTATION_STYLE_ASSIGNMENT (( #5110 ) ) ;
#7424 = CARTESIAN_POINT ( 'NONE',  ( 12.06434313581557483, 3.019846876746962394, 108.9486882816308935 ) ) ;
#7425 =( GEOMETRIC_REPRESENTATION_CONTEXT ( 3 ) GLOBAL_UNCERTAINTY_ASSIGNED_CONTEXT ( ( #7209 ) ) GLOBAL_UNIT_ASSIGNED_CONTEXT ( ( #8149, #2070, #9609 ) ) REPRESENTATION_CONTEXT ( 'NONE', 'WORKASPACE' ) );
#7426 = ORIENTED_EDGE ( 'NONE', *, *, #6522, .F. ) ;
#7427 = CARTESIAN_POINT ( 'NONE',  ( 17.99999999999963762, 1.997460364257304333, 207.6975866112307187 ) ) ;
#7428 = VECTOR ( 'NONE', #6903, 1000.000000000000000 ) ;
#7429 = VERTEX_POINT ( 'NONE', #4449 ) ;
#7430 = ORIENTED_EDGE ( 'NONE', *, *, #9031, .T. ) ;
#7431 = FACE_OUTER_BOUND ( 'NONE', #6963, .T. ) ;
#7432 = DIRECTION ( 'NONE',  ( 1.000000000000000000, -2.168404344970974848E-16, 0.000000000000000000 ) ) ;
#7433 = CARTESIAN_POINT ( 'NONE',  ( 17.99999999999962697, 2.382719822526577325, 206.9898370629573492 ) ) ;
#7434 = FACE_OUTER_BOUND ( 'NONE', #5878, .T. ) ;
#7435 =( GEOMETRIC_REPRESENTATION_CONTEXT ( 3 ) GLOBAL_UNCERTAINTY_ASSIGNED_CONTEXT ( ( #3585 ) ) GLOBAL_UNIT_ASSIGNED_CONTEXT ( ( #6024, #1276, #5133 ) ) REPRESENTATION_CONTEXT ( 'NONE', 'WORKASPACE' ) );
#7436 = ORIENTED_EDGE ( 'NONE', *, *, #1509, .F. ) ;
#7437 = FACE_OUTER_BOUND ( 'NONE', #9810, .T. ) ;
#7438 = EDGE_CURVE ( 'NONE', #4599, #8041, #2146, .T. ) ;
#7439 = CARTESIAN_POINT ( 'NONE',  ( 17.49999999999963052, -0.5187500000000060396, 208.5937500000000568 ) ) ;
#7440 = EDGE_CURVE ( 'NONE', #5744, #4020, #8320, .T. ) ;
#7441 = EDGE_CURVE ( 'NONE', #9369, #8258, #6595, .T. ) ;
#7442 = DIRECTION ( 'NONE',  ( -1.000000000000000000, -0.000000000000000000, -0.000000000000000000 ) ) ;
#7443 = CARTESIAN_POINT ( 'NONE',  ( 16.00000000000000711, -11.99999999999999822, 3.000000000000002665 ) ) ;
#7444 = PRESENTATION_LAYER_ASSIGNMENT (  '', '', ( #9702 ) ) ;
#7445 = VERTEX_POINT ( 'NONE', #9270 ) ;
#7447 = SURFACE_STYLE_USAGE ( .BOTH. , #2992 ) ;
#7446 = PRESENTATION_LAYER_ASSIGNMENT (  '', '', ( #8590 ) ) ;
#7448 = CARTESIAN_POINT ( 'NONE',  ( 17.99999999999962697, 1.596933232568782390, 206.6763453816255947 ) ) ;
#7449 = PLANE ( 'NONE',  #8302 ) ;
#7450 = SURFACE_STYLE_USAGE ( .BOTH. , #9573 ) ;
#7451 = CARTESIAN_POINT ( 'NONE',  ( 17.49999999999962341, 2.157519531249993960, 208.9375000000000568 ) ) ;
#7452 = CARTESIAN_POINT ( 'NONE',  ( -17.00000000000000000, 9.000000000000001776, 3.000000000000002665 ) ) ;
#7453 = ADVANCED_FACE ( 'NONE', ( #5594 ), #3508, .T. ) ;
#7454 = PRESENTATION_LAYER_ASSIGNMENT (  '', '', ( #6981 ) ) ;
#7455 = FILL_AREA_STYLE ('',( #8880 ) ) ;
#7456 = STYLED_ITEM ( 'NONE', ( #5111 ), #4620 ) ;
#7457 = PLANE ( 'NONE',  #3867 ) ;
#7458 = CARTESIAN_POINT ( 'NONE',  ( 17.49999999999963052, -0.5187500000000060396, 208.5937500000000568 ) ) ;
#7459 = CARTESIAN_POINT ( 'NONE',  ( 17.99999999999962697, 4.542622140925188567, 207.8226406076092587 ) ) ;
#7460 = CARTESIAN_POINT ( 'NONE',  ( 17.99999999999962697, 3.815234374999993960, 208.5312500000000568 ) ) ;
#7461 = ORIENTED_EDGE ( 'NONE', *, *, #6545, .F. ) ;
#7462 = B_SPLINE_CURVE_WITH_KNOTS ( 'NONE', 3,
 ( #8615, #926, #3977, #3243, #6178, #9260, #1824, #4076, #6285, #7860, #7152, #4878, #8664, #3150, #8564, #6335, #5488, #977, #4028 ),
 .UNSPECIFIED., .F., .F.,
 ( 4, 1, 1, 1, 1, 1, 1, 1, 1, 1, 1, 1, 1, 1, 1, 1, 4 ),
 ( 0.000000000000000000, 0.06962578484988925231, 0.1364091855307843770, 0.2011847497689481790, 0.2642076648591759613, 0.3253393981762684462, 0.3853490019951159584, 0.4448253201808872737, 0.5033360761501052272, 0.5616352432026840980, 0.6207533651385971352, 0.6800769004657901684, 0.7404713907773416981, 0.8026149808845592926, 0.8662477110027757554, 0.9321609419609301339, 1.000000000000000000 ),
 .UNSPECIFIED. ) ;
#7463 = CARTESIAN_POINT ( 'NONE',  ( 17.99999999999962697, 3.220045057481521589, 206.7901260199356273 ) ) ;
#7464 = EDGE_LOOP ( 'NONE', ( #8028, #7426, #4647, #6226 ) ) ;
#7465 = VECTOR ( 'NONE', #552, 1000.000000000000000 ) ;
#7466 = FACE_OUTER_BOUND ( 'NONE', #3711, .T. ) ;
#7467 = AXIS2_PLACEMENT_3D ( 'NONE', #2148, #5148, #1290 ) ;
#7468 = CARTESIAN_POINT ( 'NONE',  ( 17.49999999999963052, 3.515452858365851529, 207.9038097586839058 ) ) ;
#7469 = ORIENTED_EDGE ( 'NONE', *, *, #2432, .T. ) ;
#7470 = DIRECTION ( 'NONE',  ( -0.000000000000000000, -0.000000000000000000, 1.000000000000000000 ) ) ;
#7471 = ADVANCED_FACE ( 'NONE', ( #3210 ), #6726, .T. ) ;
#7472 = CARTESIAN_POINT ( 'NONE',  ( -11.87499999999999822, -3.750000000000000000, 191.0000000000000000 ) ) ;
#7473 = COLOUR_RGB ( '',1.000000000000000000, 0.7490196078431372584, 0.000000000000000000 ) ;
#7474 = UNCERTAINTY_MEASURE_WITH_UNIT (LENGTH_MEASURE( 1.000000000000000082E-05 ), #7493, 'distance_accuracy_value', 'NONE');
#7475 = LINE ( 'NONE', #5949, #5468 ) ;
#7476 = CARTESIAN_POINT ( 'NONE',  ( 17.49999999999964118, 1.763598209898949554, 208.8104667018372425 ) ) ;
#7477 =( LENGTH_UNIT ( ) NAMED_UNIT ( * ) SI_UNIT ( .MILLI., .METRE. ) );
#7478 = STYLED_ITEM ( 'NONE', ( #6022 ), #6625 ) ;
#7479 = CARTESIAN_POINT ( 'NONE',  ( 17.49999999999962697, 4.542622140925188567, 207.8226406076092587 ) ) ;
#7480 = ORIENTED_EDGE ( 'NONE', *, *, #8748, .F. ) ;
#7481 = CARTESIAN_POINT ( 'NONE',  ( 17.49999999999963407, 1.919528250660171631, 207.6145437755853607 ) ) ;
#7482 = ORIENTED_EDGE ( 'NONE', *, *, #7440, .F. ) ;
#7483 = FILL_AREA_STYLE_COLOUR ( '', #9382 ) ;
#7484 = DIRECTION ( 'NONE',  ( -0.2880551792314095527, -0.9576138124097628435, 0.000000000000000000 ) ) ;
#7485 = CARTESIAN_POINT ( 'NONE',  ( 17.99999999999962341, 3.563885347073009857, 208.8990013202375167 ) ) ;
#7486 = CARTESIAN_POINT ( 'NONE',  ( 17.99999999999962697, 2.611884478939784593, 206.5996130722284647 ) ) ;
#7487 =( GEOMETRIC_REPRESENTATION_CONTEXT ( 3 ) GLOBAL_UNCERTAINTY_ASSIGNED_CONTEXT ( ( #6720 ) ) GLOBAL_UNIT_ASSIGNED_CONTEXT ( ( #2762, #8169, #1895 ) ) REPRESENTATION_CONTEXT ( 'NONE', 'WORKASPACE' ) );
#7488 = CARTESIAN_POINT ( 'NONE',  ( 17.99999999999963052, 1.496386718749993738, 206.8862304687500568 ) ) ;
#7489 = COLOUR_RGB ( '',1.000000000000000000, 0.7490196078431372584, 0.000000000000000000 ) ;
#7490 = ORIENTED_EDGE ( 'NONE', *, *, #846, .F. ) ;
#7491 =( NAMED_UNIT ( * ) SI_UNIT ( $, .STERADIAN. ) SOLID_ANGLE_UNIT ( ) );
#7492 = FILL_AREA_STYLE_COLOUR ( '', #9804 ) ;
#7493 =( LENGTH_UNIT ( ) NAMED_UNIT ( * ) SI_UNIT ( .MILLI., .METRE. ) );
#7494 = DIRECTION ( 'NONE',  ( 0.000000000000000000, -0.3511234415883914273, 0.9363291775690445462 ) ) ;
#7495 = PRESENTATION_LAYER_ASSIGNMENT (  '', '', ( #2059 ) ) ;
#7496 = VERTEX_POINT ( 'NONE', #8110 ) ;
#7497 = MECHANICAL_DESIGN_GEOMETRIC_PRESENTATION_REPRESENTATION (  '', ( #6372 ), #6046 ) ;
#7498 = SURFACE_STYLE_FILL_AREA ( #3675 ) ;
#7499 =( NAMED_UNIT ( * ) SI_UNIT ( $, .STERADIAN. ) SOLID_ANGLE_UNIT ( ) );
#7500 = SURFACE_SIDE_STYLE ('',( #6695 ) ) ;
#7501 = CARTESIAN_POINT ( 'NONE',  ( 17.99999999999963052, 2.830189033052280756, 207.0217699365846045 ) ) ;
#7502 = CARTESIAN_POINT ( 'NONE',  ( 17.49999999999964118, 4.192085391526013005, 208.8380987713194941 ) ) ;
#7503 = DIRECTION ( 'NONE',  ( -0.000000000000000000, -0.000000000000000000, 1.000000000000000000 ) ) ;
#7504 = CARTESIAN_POINT ( 'NONE',  ( -14.77012382269364110, -2.148058595340017529, 108.9989995175723578 ) ) ;
#7505 = PRESENTATION_LAYER_ASSIGNMENT (  '', '', ( #1750 ) ) ;
#7506 = ORIENTED_EDGE ( 'NONE', *, *, #9359, .T. ) ;
#7507 = LINE ( 'NONE', #5244, #8697 ) ;
#7508 = DIRECTION ( 'NONE',  ( -1.000000000000000000, -5.728085021779797867E-16, 8.583663793918551117E-34 ) ) ;
#7509 = SURFACE_STYLE_FILL_AREA ( #2954 ) ;
#7510 = ORIENTED_EDGE ( 'NONE', *, *, #2229, .F. ) ;
#7511 = UNCERTAINTY_MEASURE_WITH_UNIT (LENGTH_MEASURE( 1.000000000000000082E-05 ), #8696, 'distance_accuracy_value', 'NONE');
#7512 = CARTESIAN_POINT ( 'NONE',  ( -16.62500000000006395, 4.925000000000026468, 198.7500000000000000 ) ) ;
#7513 = ORIENTED_EDGE ( 'NONE', *, *, #9235, .T. ) ;
#7514 = AXIS2_PLACEMENT_3D ( 'NONE', #7753, #3922, #3768 ) ;
#7515 = CARTESIAN_POINT ( 'NONE',  ( -16.74437441937169524, -11.67954351778282884, 1.634819513676546210 ) ) ;
#7516 = SURFACE_STYLE_FILL_AREA ( #8324 ) ;
#7517 = LINE ( 'NONE', #9741, #8415 ) ;
#7518 = SURFACE_SIDE_STYLE ('',( #6098 ) ) ;
#7519 = CARTESIAN_POINT ( 'NONE',  ( 17.99999999999962697, 3.555468749999993960, 208.3222656250000568 ) ) ;
#7520 = FACE_OUTER_BOUND ( 'NONE', #6481, .T. ) ;
#7521 = VECTOR ( 'NONE', #7905, 1000.000000000000000 ) ;
#7522 = CARTESIAN_POINT ( 'NONE',  ( 17.49999999999963407, 2.158496093749993516, 208.5625000000000284 ) ) ;
#7523 = CARTESIAN_POINT ( 'NONE',  ( 17.99999999999963407, 1.497843459692578705, 208.4450356463760556 ) ) ;
#7524 = UNCERTAINTY_MEASURE_WITH_UNIT (LENGTH_MEASURE( 1.000000000000000082E-05 ), #7652, 'distance_accuracy_value', 'NONE');
#7525 = FACE_OUTER_BOUND ( 'NONE', #3304, .T. ) ;
#7526 = CARTESIAN_POINT ( 'NONE',  ( 14.13097852871696070, 4.499998462745280925, 108.6824587624360134 ) ) ;
#7527 = ORIENTED_EDGE ( 'NONE', *, *, #3267, .F. ) ;
#7528 = DIRECTION ( 'NONE',  ( 1.000000000000000000, 0.000000000000000000, 0.000000000000000000 ) ) ;
#7529 = B_SPLINE_SURFACE_WITH_KNOTS ( 'NONE', 3, 1, ( 
 ( #4570, #2281 ),
 ( #5327, #569 ),
 ( #2887, #3817 ),
 ( #2125, #8397 ),
 ( #5170, #8239 ),
 ( #621, #1373 ),
 ( #5968, #5222 ),
 ( #1427, #4471 ),
 ( #667, #3718 ),
 ( #6784, #2980 ),
 ( #6013, #2227 ),
 ( #2431, #7749 ),
 ( #914, #169 ),
 ( #7692, #816 ),
 ( #7849, #9291 ),
 ( #966, #2532 ),
 ( #4623, #110 ),
 ( #859, #7042 ),
 ( #5527, #5474 ) ),
 .UNSPECIFIED., .F., .F., .F.,
 ( 4, 1, 1, 1, 1, 1, 1, 1, 1, 1, 1, 1, 1, 1, 1, 1, 4 ),
 ( 2, 2 ),
 ( 0.000000000000000000, 0.06977439093998297204, 0.1369485502030623747, 0.2015427567344003634, 0.2639747700983332557, 0.3245860531409137106, 0.3847498050942625980, 0.4446895585472929735, 0.5044699681115539791, 0.5642687851787119291, 0.6236654370962211313, 0.6826488898969217400, 0.7425866031602458284, 0.8036581578908771339, 0.8664261657430645247, 0.9318947678140718782, 1.000000000000000000 ),
 ( 0.000000000000000000, 1.000000000000000000 ),
 .UNSPECIFIED. ) ;
#7530 = EDGE_CURVE ( 'NONE', #1443, #8145, #453, .T. ) ;
#7531 = PRESENTATION_LAYER_ASSIGNMENT (  '', '', ( #4479 ) ) ;
#7532 = VERTEX_POINT ( 'NONE', #8161 ) ;
#7533 = CARTESIAN_POINT ( 'NONE',  ( 17.99999999999963052, 2.253399776706217050, 208.5507877503942495 ) ) ;
#7534 = EDGE_LOOP ( 'NONE', ( #8303, #7596, #564, #7212, #1010, #2958 ) ) ;
#7535 = DIRECTION ( 'NONE',  ( 1.000000000000000000, 5.276725402210820055E-16, -0.000000000000000000 ) ) ;
#7536 = PLANE ( 'NONE',  #4716 ) ;
#7537 = CIRCLE ( 'NONE', #6759, 0.8750000000000007772 ) ;
#7538 = FACE_OUTER_BOUND ( 'NONE', #4537, .T. ) ;
#7539 = CARTESIAN_POINT ( 'NONE',  ( 17.49999999999963407, 2.428825956111205997, 207.1157720864091232 ) ) ;
#7540 = PRESENTATION_STYLE_ASSIGNMENT (( #9814 ) ) ;
#7541 = VERTEX_POINT ( 'NONE', #1229 ) ;
#7542 = SURFACE_SIDE_STYLE ('',( #9010 ) ) ;
#7543 = VECTOR ( 'NONE', #2385, 1000.000000000000000 ) ;
#7544 = MECHANICAL_DESIGN_GEOMETRIC_PRESENTATION_REPRESENTATION (  '', ( #2099 ), #351 ) ;
#7545 = CARTESIAN_POINT ( 'NONE',  ( 17.99999999999962697, 3.437884293341148201, 208.8381044783030234 ) ) ;
#7546 = LINE ( 'NONE', #5875, #4306 ) ;
#7547 = SURFACE_SIDE_STYLE ('',( #8355 ) ) ;
#7548 = CARTESIAN_POINT ( 'NONE',  ( 17.99999999999962697, 1.852117481729199655, 207.9162604520089701 ) ) ;
#7549 = ADVANCED_FACE ( 'NONE', ( #8973 ), #4233, .F. ) ;
#7550 = ORIENTED_EDGE ( 'NONE', *, *, #4438, .F. ) ;
#7551 = CARTESIAN_POINT ( 'NONE',  ( 17.49999999999963762, 2.833351372951718794, 207.5578487706536350 ) ) ;
#7552 = FACE_OUTER_BOUND ( 'NONE', #1712, .T. ) ;
#7553 =( NAMED_UNIT ( * ) SI_UNIT ( $, .STERADIAN. ) SOLID_ANGLE_UNIT ( ) );
#7554 = EDGE_CURVE ( 'NONE', #6059, #5190, #3481, .T. ) ;
#7555 = SURFACE_STYLE_FILL_AREA ( #7606 ) ;
#7556 = CARTESIAN_POINT ( 'NONE',  ( 17.99999999999962341, 4.383716884397238722, 208.6301235550890851 ) ) ;
#7557 = MECHANICAL_DESIGN_GEOMETRIC_PRESENTATION_REPRESENTATION (  '', ( #6751 ), #9318 ) ;
#7558 = CARTESIAN_POINT ( 'NONE',  ( -15.87500000000571809, -2.999999999999462208, 108.9498743710667696 ) ) ;
#7559 = CARTESIAN_POINT ( 'NONE',  ( 17.49999999999963052, 1.004671676909288557E-14, 0.000000000000000000 ) ) ;
#7560 = ORIENTED_EDGE ( 'NONE', *, *, #2205, .F. ) ;
#7561 = CARTESIAN_POINT ( 'NONE',  ( 17.99999999999963052, 1.837328987461781304, 207.4102156044224046 ) ) ;
#7562 = LINE ( 'NONE', #5889, #5879 ) ;
#7563 = VECTOR ( 'NONE', #1754, 1000.000000000000000 ) ;
#7564 = DIRECTION ( 'NONE',  ( -1.000000000000000000, -5.728085021779797867E-16, 8.583663793918551117E-34 ) ) ;
#7565 = ORIENTED_EDGE ( 'NONE', *, *, #7261, .F. ) ;
#7566 = CARTESIAN_POINT ( 'NONE',  ( 17.49999999999963407, 1.962215147401464854, 206.4228493253898762 ) ) ;
#7567 = ORIENTED_EDGE ( 'NONE', *, *, #3755, .F. ) ;
#7568 = CARTESIAN_POINT ( 'NONE',  ( 17.49999999999963052, 1.698702362735022175, 208.7537784272732324 ) ) ;
#7569 = CARTESIAN_POINT ( 'NONE',  ( -16.62500000000006395, -3.324194836688339372, 195.2500000000000000 ) ) ;
#7570 = CARTESIAN_POINT ( 'NONE',  ( 17.99999999999963407, 2.330181822618500931, 207.6874714921877967 ) ) ;
#7571 = MECHANICAL_DESIGN_GEOMETRIC_PRESENTATION_REPRESENTATION (  '', ( #3398 ), #8543 ) ;
#7572 = SURFACE_STYLE_FILL_AREA ( #6099 ) ;
#7573 = CARTESIAN_POINT ( 'NONE',  ( 17.99999999999962697, 4.106212521849424313, 207.7262380719001555 ) ) ;
#7574 = UNCERTAINTY_MEASURE_WITH_UNIT (LENGTH_MEASURE( 1.000000000000000082E-05 ), #2741, 'distance_accuracy_value', 'NONE');
#7575 = EDGE_CURVE ( 'NONE', #8575, #6193, #9621, .T. ) ;
#7576 = LINE ( 'NONE', #2155, #6091 ) ;
#7577 = DIRECTION ( 'NONE',  ( 0.000000000000000000, 1.000000000000000000, 0.000000000000000000 ) ) ;
#7578 = EDGE_CURVE ( 'NONE', #2914, #5744, #9159, .T. ) ;
#7579 = STYLED_ITEM ( 'NONE', ( #277 ), #2857 ) ;
#7580 = EDGE_CURVE ( 'NONE', #7429, #2763, #778, .T. ) ;
#7581 =( NAMED_UNIT ( * ) PLANE_ANGLE_UNIT ( ) SI_UNIT ( $, .RADIAN. ) );
#7582 = DIRECTION ( 'NONE',  ( -0.000000000000000000, -0.000000000000000000, 1.000000000000000000 ) ) ;
#7583 = CARTESIAN_POINT ( 'NONE',  ( 17.99999999999963052, 1.859761127776416334, 208.3074808773083078 ) ) ;
#7584 = CARTESIAN_POINT ( 'NONE',  ( 17.49999999999962697, 4.480561945228772380, 208.3768305040318580 ) ) ;
#7585 = VECTOR ( 'NONE', #5270, 1000.000000000000000 ) ;
#7586 = VERTEX_POINT ( 'NONE', #1333 ) ;
#7587 =( LENGTH_UNIT ( ) NAMED_UNIT ( * ) SI_UNIT ( .MILLI., .METRE. ) );
#7588 = VERTEX_POINT ( 'NONE', #6073 ) ;
#7589 = DIRECTION ( 'NONE',  ( -1.000000000000000000, -5.728085021779797867E-16, 8.583663793918551117E-34 ) ) ;
#7590 = CARTESIAN_POINT ( 'NONE',  ( -13.62499999999989697, -4.624194836688180210, 197.7500000000000000 ) ) ;
#7591 = STYLED_ITEM ( 'NONE', ( #538 ), #3546 ) ;
#7592 =( LENGTH_UNIT ( ) NAMED_UNIT ( * ) SI_UNIT ( .MILLI., .METRE. ) );
#7593 = DIRECTION ( 'NONE',  ( 1.040834085586083310E-14, -1.000000000000000000, 0.000000000000000000 ) ) ;
#7594 = LINE ( 'NONE', #1469, #6079 ) ;
#7595 =( NAMED_UNIT ( * ) SI_UNIT ( $, .STERADIAN. ) SOLID_ANGLE_UNIT ( ) );
#7596 = ORIENTED_EDGE ( 'NONE', *, *, #9160, .F. ) ;
#7597 = EDGE_CURVE ( 'NONE', #2808, #4328, #1437, .T. ) ;
#7598 =( GEOMETRIC_REPRESENTATION_CONTEXT ( 3 ) GLOBAL_UNCERTAINTY_ASSIGNED_CONTEXT ( ( #4494 ) ) GLOBAL_UNIT_ASSIGNED_CONTEXT ( ( #7344, #3679, #2295 ) ) REPRESENTATION_CONTEXT ( 'NONE', 'WORKASPACE' ) );
#7599 = CARTESIAN_POINT ( 'NONE',  ( 17.99999999999962697, 3.555468749999993960, 208.3222656250000568 ) ) ;
#7600 = SURFACE_SIDE_STYLE ('',( #1524 ) ) ;
#7601 =( NAMED_UNIT ( * ) SI_UNIT ( $, .STERADIAN. ) SOLID_ANGLE_UNIT ( ) );
#7602 = CARTESIAN_POINT ( 'NONE',  ( 17.49999999999963052, 2.636048581212073305, 207.9370023875079596 ) ) ;
#7603 = ORIENTED_EDGE ( 'NONE', *, *, #4189, .F. ) ;
#7604 = CARTESIAN_POINT ( 'NONE',  ( 0.000000000000000000, 0.000000000000000000, 197.7500000000000000 ) ) ;
#7605 = DIRECTION ( 'NONE',  ( 0.000000000000000000, 1.000000000000000000, 0.000000000000000000 ) ) ;
#7606 = FILL_AREA_STYLE ('',( #2995 ) ) ;
#7607 = CARTESIAN_POINT ( 'NONE',  ( 17.49999999999963052, 1.836718749999993516, 207.9008789062500568 ) ) ;
#7608 = PLANE ( 'NONE',  #2091 ) ;
#7609 = DIRECTION ( 'NONE',  ( -1.000000000000000000, 0.000000000000000000, 0.000000000000000000 ) ) ;
#7610 = EDGE_LOOP ( 'NONE', ( #8349, #1686, #1311, #4266 ) ) ;
#7611 = ADVANCED_FACE ( 'NONE', ( #8407 ), #7449, .T. ) ;
#7612 = ORIENTED_EDGE ( 'NONE', *, *, #516, .T. ) ;
#7613 = CARTESIAN_POINT ( 'NONE',  ( 17.49999999999963052, 2.645710217556577870, 206.6391158559927419 ) ) ;
#7614 = FILL_AREA_STYLE_COLOUR ( '', #8140 ) ;
#7615 = AXIS2_PLACEMENT_3D ( 'NONE', #5992, #2581, #8596 ) ;
#7616 = FILL_AREA_STYLE_COLOUR ( '', #995 ) ;
#7617 = ORIENTED_EDGE ( 'NONE', *, *, #8283, .T. ) ;
#7618 = UNCERTAINTY_MEASURE_WITH_UNIT (LENGTH_MEASURE( 1.000000000000000082E-05 ), #3692, 'distance_accuracy_value', 'NONE');
#7619 = CARTESIAN_POINT ( 'NONE',  ( -16.95666564899315887, 11.32389324575230916, 1.090104606598312431 ) ) ;
#7620 = ORIENTED_EDGE ( 'NONE', *, *, #9483, .T. ) ;
#7621 = B_SPLINE_SURFACE_WITH_KNOTS ( 'NONE', 3, 1, ( 
 ( #5115, #1310 ),
 ( #2725, #5215 ),
 ( #468, #521 ),
 ( #4317, #4364 ),
 ( #7373, #3462 ),
 ( #5961, #1367 ),
 ( #7427, #4414 ),
 ( #2119, #7278 ),
 ( #562, #3510 ),
 ( #5163, #7481 ),
 ( #8284, #616 ),
 ( #9807, #1422 ),
 ( #5061, #8142 ),
 ( #9652, #9602 ),
 ( #8089, #1257 ),
 ( #5811, #1210 ),
 ( #4262, #8906 ),
 ( #2016, #3556 ),
 ( #6616, #9704 ) ),
 .UNSPECIFIED., .F., .F., .F.,
 ( 4, 1, 1, 1, 1, 1, 1, 1, 1, 1, 1, 1, 1, 1, 1, 1, 4 ),
 ( 2, 2 ),
 ( 0.000000000000000000, 0.05238778022535008766, 0.1033897834753507994, 0.1546412386691223551, 0.2053818692673640978, 0.2574839855469217009, 0.3118193982334155345, 0.3691297375483189036, 0.4295426348734991406, 0.4924852742369817959, 0.5567293564649405946, 0.6228057824453987479, 0.6920270070984687605, 0.7638644630420158288, 0.8383574139512324219, 0.9174613645920162153, 1.000000000000000000 ),
 ( 0.000000000000000000, 1.000000000000000000 ),
 .UNSPECIFIED. ) ;
#7622 = DIRECTION ( 'NONE',  ( -0.000000000000000000, -0.000000000000000000, -1.000000000000000000 ) ) ;
#7623 = FACE_OUTER_BOUND ( 'NONE', #754, .T. ) ;
#7624 =( GEOMETRIC_REPRESENTATION_CONTEXT ( 3 ) GLOBAL_UNCERTAINTY_ASSIGNED_CONTEXT ( ( #8625 ) ) GLOBAL_UNIT_ASSIGNED_CONTEXT ( ( #7172, #6456, #8788 ) ) REPRESENTATION_CONTEXT ( 'NONE', 'WORKASPACE' ) );
#7625 = FILL_AREA_STYLE ('',( #6874 ) ) ;
#7626 = DIRECTION ( 'NONE',  ( -1.000000000000000000, -5.728085021779797867E-16, 8.583663793918551117E-34 ) ) ;
#7627 = CARTESIAN_POINT ( 'NONE',  ( 17.00000000000000355, -11.17020636130835065, 103.0074667879397339 ) ) ;
#7628 = LINE ( 'NONE', #3649, #9809 ) ;
#7629 =( GEOMETRIC_REPRESENTATION_CONTEXT ( 3 ) GLOBAL_UNCERTAINTY_ASSIGNED_CONTEXT ( ( #4596 ) ) GLOBAL_UNIT_ASSIGNED_CONTEXT ( ( #4031, #329, #4170 ) ) REPRESENTATION_CONTEXT ( 'NONE', 'WORKASPACE' ) );
#7630 = CARTESIAN_POINT ( 'NONE',  ( 17.99999999999963407, 1.586230468749993960, 208.6098632812500853 ) ) ;
#7631 = UNCERTAINTY_MEASURE_WITH_UNIT (LENGTH_MEASURE( 1.000000000000000082E-05 ), #833, 'distance_accuracy_value', 'NONE');
#7632 = ADVANCED_FACE ( 'NONE', ( #3045 ), #4532, .T. ) ;
#7633 = CARTESIAN_POINT ( 'NONE',  ( -17.00000000000000000, 11.00000000000000355, 109.0000000000000000 ) ) ;
#7634 = FILL_AREA_STYLE ('',( #6976 ) ) ;
#7635 = CARTESIAN_POINT ( 'NONE',  ( 17.49999999999964473, 2.022707503611397062, 208.5284370029383751 ) ) ;
#7636 = ORIENTED_EDGE ( 'NONE', *, *, #891, .T. ) ;
#7637 = CARTESIAN_POINT ( 'NONE',  ( 3.772185518829998390E-14, -3.624194836688037658, 198.7500000000000000 ) ) ;
#7638 = VECTOR ( 'NONE', #8514, 1000.000000000000000 ) ;
#7639 = ORIENTED_EDGE ( 'NONE', *, *, #3678, .T. ) ;
#7640 = CARTESIAN_POINT ( 'NONE',  ( 17.49999999999961986, 2.332677804538983324, 208.5103745598411535 ) ) ;
#7641 = UNCERTAINTY_MEASURE_WITH_UNIT (LENGTH_MEASURE( 1.000000000000000082E-05 ), #8074, 'distance_accuracy_value', 'NONE');
#7642 = ORIENTED_EDGE ( 'NONE', *, *, #7369, .F. ) ;
#7643 = CARTESIAN_POINT ( 'NONE',  ( 17.49999999999963407, 1.387657923715743591, 207.7718028880624672 ) ) ;
#7644 = PRESENTATION_LAYER_ASSIGNMENT (  '', '', ( #8449 ) ) ;
#7645 = LINE ( 'NONE', #7590, #5838 ) ;
#7646 = CARTESIAN_POINT ( 'NONE',  ( -14.62500000000000178, -1.522219850169646963E-13, 198.7500000000000000 ) ) ;
#7647 = SURFACE_STYLE_USAGE ( .BOTH. , #6014 ) ;
#7648 = CARTESIAN_POINT ( 'NONE',  ( 17.99999999999963052, 2.813281249999993960, 208.3437500000000568 ) ) ;
#7649 = VERTEX_POINT ( 'NONE', #6796 ) ;
#7650 = COLOUR_RGB ( '',1.000000000000000000, 1.000000000000000000, 1.000000000000000000 ) ;
#7651 = LINE ( 'NONE', #3038, #3809 ) ;
#7652 =( LENGTH_UNIT ( ) NAMED_UNIT ( * ) SI_UNIT ( .MILLI., .METRE. ) );
#7653 = CARTESIAN_POINT ( 'NONE',  ( 17.99999999999962341, 3.523795710318576635, 207.2919383525443209 ) ) ;
#7654 = FACE_OUTER_BOUND ( 'NONE', #388, .T. ) ;
#7655 = PRESENTATION_STYLE_ASSIGNMENT (( #3770 ) ) ;
#7656 = ORIENTED_EDGE ( 'NONE', *, *, #5633, .F. ) ;
#7657 =( LENGTH_UNIT ( ) NAMED_UNIT ( * ) SI_UNIT ( .MILLI., .METRE. ) );
#7658 = AXIS2_PLACEMENT_3D ( 'NONE', #8847, #2157, #5002 ) ;
#7659 = MECHANICAL_DESIGN_GEOMETRIC_PRESENTATION_REPRESENTATION (  '', ( #7973 ), #8137 ) ;
#7660 = FILL_AREA_STYLE_COLOUR ( '', #652 ) ;
#7661 = CARTESIAN_POINT ( 'NONE',  ( 17.99999999999963407, 3.650198452637130941, 206.8953103237465143 ) ) ;
#7662 = ORIENTED_EDGE ( 'NONE', *, *, #8007, .F. ) ;
#7663 = CARTESIAN_POINT ( 'NONE',  ( 17.99999999999963052, 2.449999999999994404, 207.3217773437500284 ) ) ;
#7664 = EDGE_LOOP ( 'NONE', ( #2614, #573, #9630, #8392 ) ) ;
#7665 = CARTESIAN_POINT ( 'NONE',  ( 17.99999999999963407, 1.830268451875888491, 207.3608538221865274 ) ) ;
#7666 = PRESENTATION_LAYER_ASSIGNMENT (  '', '', ( #3957 ) ) ;
#7667 = VECTOR ( 'NONE', #9681, 1000.000000000000000 ) ;
#7668 = FILL_AREA_STYLE_COLOUR ( '', #1108 ) ;
#7669 = EDGE_LOOP ( 'NONE', ( #7305, #4179, #7828, #104 ) ) ;
#7670 = DIRECTION ( 'NONE',  ( 5.728085021779798853E-16, -1.000000000000000000, 0.000000000000000000 ) ) ;
#7671 = CARTESIAN_POINT ( 'NONE',  ( 17.99999999999962341, 4.383716884397238722, 208.6301235550890851 ) ) ;
#7672 = ORIENTED_EDGE ( 'NONE', *, *, #2057, .F. ) ;
#7673 = CARTESIAN_POINT ( 'NONE',  ( 17.99999999999963052, 2.158496093749993960, 208.5625000000000284 ) ) ;
#7674 = CARTESIAN_POINT ( 'NONE',  ( -15.78085756060472455, -3.455805299845518430, 108.8948163654101791 ) ) ;
#7675 = CARTESIAN_POINT ( 'NONE',  ( 17.49999999999962341, 2.020387074133159100, 208.0454755757019143 ) ) ;
#7676 = VECTOR ( 'NONE', #9253, 1000.000000000000000 ) ;
#7677 = FILL_AREA_STYLE_COLOUR ( '', #4891 ) ;
#7678 = CARTESIAN_POINT ( 'NONE',  ( 17.99999999999962697, 4.069140624999993072, 208.3222656250000568 ) ) ;
#7679 = CARTESIAN_POINT ( 'NONE',  ( 9.999999999999626965, -1.319181350552657238E-15, 204.0000000000000568 ) ) ;
#7680 = COLOUR_RGB ( '',1.000000000000000000, 1.000000000000000000, 1.000000000000000000 ) ;
#7681 =( NAMED_UNIT ( * ) PLANE_ANGLE_UNIT ( ) SI_UNIT ( $, .RADIAN. ) );
#7682 = FACE_OUTER_BOUND ( 'NONE', #2811, .T. ) ;
#7683 = VERTEX_POINT ( 'NONE', #2188 ) ;
#7684 = CARTESIAN_POINT ( 'NONE',  ( 17.99999999999963407, 2.068876200128222376, 206.4075024353376762 ) ) ;
#7685 = EDGE_CURVE ( 'NONE', #5147, #6916, #5235, .T. ) ;
#7686 = EDGE_LOOP ( 'NONE', ( #7372, #8852, #4121, #6038, #1220, #5609, #1260, #289, #7867, #9941, #8339, #7862, #4871, #9040, #7976, #8263, #2292, #2786, #4166, #6870 ) ) ;
#7687 = EDGE_CURVE ( 'NONE', #6141, #6469, #3773, .T. ) ;
#7688 = DIRECTION ( 'NONE',  ( -0.000000000000000000, -0.000000000000000000, -1.000000000000000000 ) ) ;
#7689 = ORIENTED_EDGE ( 'NONE', *, *, #5465, .F. ) ;
#7690 = CARTESIAN_POINT ( 'NONE',  ( 17.99999999999962697, 3.815234374999993960, 208.9375000000000568 ) ) ;
#7691 = DIRECTION ( 'NONE',  ( 0.000000000000000000, -0.000000000000000000, -1.000000000000000000 ) ) ;
#7692 = CARTESIAN_POINT ( 'NONE',  ( 17.99999999999963052, 2.756207452643796962, 208.5898956089895364 ) ) ;
#7693 = CIRCLE ( 'NONE', #5753, 1.999999999999998224 ) ;
#7694 = SURFACE_SIDE_STYLE ('',( #1470 ) ) ;
#7695 = B_SPLINE_CURVE_WITH_KNOTS ( 'NONE', 3,
 ( #9548, #1721, #4771, #8657, #2676, #5720, #4212, #2486, #7141, #7854, #5576, #4822, #970, #7096, #4067, #5860, #6568, #2928, #3660 ),
 .UNSPECIFIED., .F., .F.,
 ( 4, 1, 1, 1, 1, 1, 1, 1, 1, 1, 1, 1, 1, 1, 1, 1, 4 ),
 ( 0.000000000000000000, 0.05467217484717798448, 0.1073502123890818505, 0.1586833168903032110, 0.2104481451307871065, 0.2629397646628381935, 0.3171056146062987136, 0.3737625311397523853, 0.4341849227711149228, 0.4968543904591583016, 0.5606675482846413816, 0.6270408329746153253, 0.6952333322558255091, 0.7660558807706716600, 0.8402795333726900129, 0.9184428455124614699, 1.000000000000000000 ),
 .UNSPECIFIED. ) ;
#7696 = B_SPLINE_SURFACE_WITH_KNOTS ( 'NONE', 3, 1, ( 
 ( #1949, #1998 ),
 ( #2858, #8938 ),
 ( #8071, #3541 ),
 ( #6600, #2654 ),
 ( #2047, #448 ),
 ( #2810, #5797 ),
 ( #1288, #4198 ),
 ( #8886, #5098 ),
 ( #399, #5038 ),
 ( #5706, #4949 ),
 ( #8123, #8983 ),
 ( #8781, #502 ),
 ( #1192, #600 ),
 ( #8025, #2100 ),
 ( #5745, #1146 ),
 ( #8835, #5146 ),
 ( #7463, #8217 ),
 ( #4991, #1345 ),
 ( #3446, #6505 ) ),
 .UNSPECIFIED., .F., .F., .F.,
 ( 4, 1, 1, 1, 1, 1, 1, 1, 1, 1, 1, 1, 1, 1, 1, 1, 4 ),
 ( 2, 2 ),
 ( 0.000000000000000000, 0.06962578484988925231, 0.1364091855307843770, 0.2011847497689481790, 0.2642076648591759613, 0.3253393981762684462, 0.3853490019951159584, 0.4448253201808872737, 0.5033360761501052272, 0.5616352432026840980, 0.6207533651385971352, 0.6800769004657901684, 0.7404713907773416981, 0.8026149808845592926, 0.8662477110027757554, 0.9321609419609301339, 1.000000000000000000 ),
 ( 0.000000000000000000, 1.000000000000000000 ),
 .UNSPECIFIED. ) ;
#7697 = DIRECTION ( 'NONE',  ( 2.807606825585413020E-12, 0.000000000000000000, -1.000000000000000000 ) ) ;
#7698 = LINE ( 'NONE', #3139, #5921 ) ;
#7699 = EDGE_CURVE ( 'NONE', #3926, #9511, #3929, .T. ) ;
#7700 =( NAMED_UNIT ( * ) SI_UNIT ( $, .STERADIAN. ) SOLID_ANGLE_UNIT ( ) );
#7701 = VECTOR ( 'NONE', #7503, 1000.000000000000000 ) ;
#7702 = CARTESIAN_POINT ( 'NONE',  ( -16.62500000000006395, -5.425000000000027356, 191.7500000000000000 ) ) ;
#7703 = SURFACE_SIDE_STYLE ('',( #1527 ) ) ;
#7704 = EDGE_CURVE ( 'NONE', #1384, #7326, #8746, .T. ) ;
#7705 = ORIENTED_EDGE ( 'NONE', *, *, #1358, .T. ) ;
#7706 = DIRECTION ( 'NONE',  ( -0.000000000000000000, 0.000000000000000000, 1.000000000000000000 ) ) ;
#7707 = ADVANCED_FACE ( 'NONE', ( #3458 ), #7709, .T. ) ;
#7708 = CARTESIAN_POINT ( 'NONE',  ( 17.49999999999963052, -0.5187500000000060396, 209.0000000000000568 ) ) ;
#7709 = PLANE ( 'NONE',  #7029 ) ;
#7710 = CARTESIAN_POINT ( 'NONE',  ( 16.45542059996984818, 11.89809904923457218, 100.4709421580448208 ) ) ;
#7711 = DIRECTION ( 'NONE',  ( 1.000000000000000000, 0.000000000000000000, 0.000000000000000000 ) ) ;
#7712 = CARTESIAN_POINT ( 'NONE',  ( 17.99999999999962341, 3.573363343582728557, 207.0048656691967608 ) ) ;
#7713 = VERTEX_POINT ( 'NONE', #4158 ) ;
#7714 = FILL_AREA_STYLE_COLOUR ( '', #8189 ) ;
#7715 = SURFACE_STYLE_USAGE ( .BOTH. , #5347 ) ;
#7716 = CARTESIAN_POINT ( 'NONE',  ( 0.000000000000000000, -1.000000000000000000, 216.2500000000000853 ) ) ;
#7717 =( LENGTH_UNIT ( ) NAMED_UNIT ( * ) SI_UNIT ( .MILLI., .METRE. ) );
#7718 = VERTEX_POINT ( 'NONE', #3415 ) ;
#7719 = UNCERTAINTY_MEASURE_WITH_UNIT (LENGTH_MEASURE( 1.000000000000000082E-05 ), #6330, 'distance_accuracy_value', 'NONE');
#7720 =( NAMED_UNIT ( * ) PLANE_ANGLE_UNIT ( ) SI_UNIT ( $, .RADIAN. ) );
#7721 = VECTOR ( 'NONE', #8993, 1000.000000000000000 ) ;
#7722 = CARTESIAN_POINT ( 'NONE',  ( 17.99999999999963407, 2.221920829209961923, 207.7438649339206904 ) ) ;
#7723 = EDGE_LOOP ( 'NONE', ( #8909, #2074, #3227, #5145 ) ) ;
#7724 = CARTESIAN_POINT ( 'NONE',  ( 17.49999999999963052, 1.604092220868156504, 208.6358156248131479 ) ) ;
#7725 = PRESENTATION_STYLE_ASSIGNMENT (( #6872 ) ) ;
#7726 = CARTESIAN_POINT ( 'NONE',  ( 17.99999999999963052, 3.799228530848210550, 206.8443885330351009 ) ) ;
#7727 = B_SPLINE_CURVE_WITH_KNOTS ( 'NONE', 3,
 ( #3821, #6896, #8843, #2537, #8896, #3283, #7142, #1958, #5804, #5533, #1768 ),
 .UNSPECIFIED., .F., .F.,
 ( 4, 1, 1, 1, 1, 1, 1, 1, 4 ),
 ( 0.000000000000000000, 0.1415167395303526809, 0.2733726247299045342, 0.3958343887312814613, 0.5119177198710919141, 0.6280226071370464958, 0.7450720338868632719, 0.8679418235545310889, 1.000000000000000000 ),
 .UNSPECIFIED. ) ;
#7728 = LINE ( 'NONE', #841, #1221 ) ;
#7729 =( NAMED_UNIT ( * ) SI_UNIT ( $, .STERADIAN. ) SOLID_ANGLE_UNIT ( ) );
#7730 = VECTOR ( 'NONE', #1900, 1000.000000000000000 ) ;
#7731 = MECHANICAL_DESIGN_GEOMETRIC_PRESENTATION_REPRESENTATION (  '', ( #1473 ), #2924 ) ;
#7732 = CARTESIAN_POINT ( 'NONE',  ( 17.99999999999963407, 4.092220779504941675, 208.1600791959008063 ) ) ;
#7733 = DIRECTION ( 'NONE',  ( -0.000000000000000000, -0.000000000000000000, 1.000000000000000000 ) ) ;
#7734 = CARTESIAN_POINT ( 'NONE',  ( 17.99999999999963052, 1.661524269768417827, 206.5933492331139973 ) ) ;
#7735 = UNCERTAINTY_MEASURE_WITH_UNIT (LENGTH_MEASURE( 1.000000000000000082E-05 ), #9624, 'distance_accuracy_value', 'NONE');
#7736 = FACE_OUTER_BOUND ( 'NONE', #7664, .T. ) ;
#7737 = STYLED_ITEM ( 'NONE', ( #2208 ), #2300 ) ;
#7738 = CARTESIAN_POINT ( 'NONE',  ( 17.99999999999963052, 2.146249996698605944, 208.5622331251991284 ) ) ;
#7739 = ORIENTED_EDGE ( 'NONE', *, *, #4858, .F. ) ;
#7740 = ADVANCED_FACE ( 'NONE', ( #1112 ), #3148, .T. ) ;
#7741 = FACE_BOUND ( 'NONE', #8887, .T. ) ;
#7742 = B_SPLINE_CURVE_WITH_KNOTS ( 'NONE', 3,
 ( #8382, #1500, #4554, #3799, #9183, #1357, #4403, #6717, #1646, #3218, #204, #52, #6201, #2570, #8489 ),
 .UNSPECIFIED., .F., .F.,
 ( 4, 1, 1, 1, 1, 1, 1, 1, 1, 1, 1, 1, 4 ),
 ( 0.000000000000000000, 0.1513149748899930425, 0.2926265664829389435, 0.4278761614311641925, 0.5583078186967525003, 0.6220270875358198115, 0.6810452318806076155, 0.7371823958053350667, 0.7912109152963734404, 0.8432614804530385033, 0.8949508754006062494, 0.9470733742829997581, 1.000000000000000000 ),
 .UNSPECIFIED. ) ;
#7743 =( NAMED_UNIT ( * ) SI_UNIT ( $, .STERADIAN. ) SOLID_ANGLE_UNIT ( ) );
#7744 = VECTOR ( 'NONE', #7060, 1000.000000000000000 ) ;
#7745 = EDGE_CURVE ( 'NONE', #5766, #467, #2392, .T. ) ;
#7746 = EDGE_LOOP ( 'NONE', ( #3478, #6983, #4691, #6016 ) ) ;
#7747 = DIRECTION ( 'NONE',  ( -0.000000000000000000, -0.000000000000000000, 1.000000000000000000 ) ) ;
#7748 = CARTESIAN_POINT ( 'NONE',  ( 0.000000000000000000, 1.000000000000000000, 216.2500000000000853 ) ) ;
#7749 = CARTESIAN_POINT ( 'NONE',  ( 17.49999999999961631, 2.697369803027354074, 208.6921506465936034 ) ) ;
#7750 = PLANE ( 'NONE',  #4615 ) ;
#7751 = CARTESIAN_POINT ( 'NONE',  ( 17.49999999999962697, 3.220045057481521145, 208.5848739800644296 ) ) ;
#7752 =( GEOMETRIC_REPRESENTATION_CONTEXT ( 3 ) GLOBAL_UNCERTAINTY_ASSIGNED_CONTEXT ( ( #4391 ) ) GLOBAL_UNIT_ASSIGNED_CONTEXT ( ( #2700, #2900, #5736 ) ) REPRESENTATION_CONTEXT ( 'NONE', 'WORKASPACE' ) );
#7753 = CARTESIAN_POINT ( 'NONE',  ( 11.48572330470321035, -11.48572330470316061, 216.2500000000000853 ) ) ;
#7754 = CARTESIAN_POINT ( 'NONE',  ( 17.49999999999962697, 4.064001173057958383, 207.0363161660347089 ) ) ;
#7755 = PLANE ( 'NONE',  #6352 ) ;
#7756 = ORIENTED_EDGE ( 'NONE', *, *, #4854, .F. ) ;
#7757 = CARTESIAN_POINT ( 'NONE',  ( -16.62500000000006395, 5.425000000000027356, 198.7500000000000000 ) ) ;
#7758 = SURFACE_STYLE_USAGE ( .BOTH. , #4210 ) ;
#7759 =( LENGTH_UNIT ( ) NAMED_UNIT ( * ) SI_UNIT ( .MILLI., .METRE. ) );
#7760 = CARTESIAN_POINT ( 'NONE',  ( 17.49999999999962697, 4.072268875225691254, 208.3081411177055884 ) ) ;
#7761 = CARTESIAN_POINT ( 'NONE',  ( 17.49999999999962341, 4.297934608131380507, 206.6266297403663827 ) ) ;
#7762 = PRESENTATION_LAYER_ASSIGNMENT (  '', '', ( #2145 ) ) ;
#7763 = VERTEX_POINT ( 'NONE', #5486 ) ;
#7764 = EDGE_CURVE ( 'NONE', #8890, #4077, #8562, .T. ) ;
#7765 = EDGE_CURVE ( 'NONE', #5643, #1820, #60, .T. ) ;
#7766 = LINE ( 'NONE', #3984, #3551 ) ;
#7767 = LINE ( 'NONE', #5348, #4282 ) ;
#7768 = SURFACE_STYLE_USAGE ( .BOTH. , #237 ) ;
#7769 = ORIENTED_EDGE ( 'NONE', *, *, #9031, .F. ) ;
#7770 = COLOUR_RGB ( '',1.000000000000000000, 0.000000000000000000, 0.000000000000000000 ) ;
#7771 = FILL_AREA_STYLE ('',( #4039 ) ) ;
#7772 = FILL_AREA_STYLE_COLOUR ( '', #2694 ) ;
#7773 = ORIENTED_EDGE ( 'NONE', *, *, #3190, .F. ) ;
#7774 = LINE ( 'NONE', #5403, #6124 ) ;
#7775 = FILL_AREA_STYLE ('',( #4743 ) ) ;
#7776 = EDGE_CURVE ( 'NONE', #8519, #8965, #3049, .T. ) ;
#7777 = CARTESIAN_POINT ( 'NONE',  ( 11.87499999999963229, -0.6249999999999998890, 217.0000000000000853 ) ) ;
#7778 = CARTESIAN_POINT ( 'NONE',  ( 17.49999999999963052, 1.428630191173396291, 207.1666037178139845 ) ) ;
#7779 = FILL_AREA_STYLE ('',( #1643 ) ) ;
#7780 = MECHANICAL_DESIGN_GEOMETRIC_PRESENTATION_REPRESENTATION (  '', ( #5022 ), #5986 ) ;
#7781 = PRESENTATION_STYLE_ASSIGNMENT (( #993 ) ) ;
#7782 = MECHANICAL_DESIGN_GEOMETRIC_PRESENTATION_REPRESENTATION (  '', ( #6465 ), #403 ) ;
#7783 = FACE_OUTER_BOUND ( 'NONE', #2626, .T. ) ;
#7784 = LINE ( 'NONE', #7679, #6418 ) ;
#7785 = CARTESIAN_POINT ( 'NONE',  ( 17.99999999999963052, 4.543749999999994849, 207.6875000000000853 ) ) ;
#7786 = CARTESIAN_POINT ( 'NONE',  ( 0.000000000000000000, 0.000000000000000000, 195.2500000000000000 ) ) ;
#7787 = CARTESIAN_POINT ( 'NONE',  ( 16.12499999999963407, 0.000000000000000000, 217.0000000000000853 ) ) ;
#7788 = PRESENTATION_LAYER_ASSIGNMENT (  '', '', ( #7456 ) ) ;
#7789 = FILL_AREA_STYLE_COLOUR ( '', #1060 ) ;
#7790 = EDGE_CURVE ( 'NONE', #823, #5943, #8139, .T. ) ;
#7791 = ORIENTED_EDGE ( 'NONE', *, *, #5255, .T. ) ;
#7792 = FACE_OUTER_BOUND ( 'NONE', #1293, .T. ) ;
#7793 = CARTESIAN_POINT ( 'NONE',  ( 17.49999999999963052, 4.543365534704056685, 207.6414331864606879 ) ) ;
#7794 =( LENGTH_UNIT ( ) NAMED_UNIT ( * ) SI_UNIT ( .MILLI., .METRE. ) );
#7795 = ORIENTED_EDGE ( 'NONE', *, *, #3115, .F. ) ;
#7796 = SURFACE_STYLE_USAGE ( .BOTH. , #9288 ) ;
#7797 = CARTESIAN_POINT ( 'NONE',  ( 17.99999999999962697, 4.079236032238122256, 207.0983184595431794 ) ) ;
#7798 = AXIS2_PLACEMENT_3D ( 'NONE', #5428, #113, #3188 ) ;
#7799 = PRESENTATION_LAYER_ASSIGNMENT (  '', '', ( #8759 ) ) ;
#7800 = SURFACE_SIDE_STYLE ('',( #4666 ) ) ;
#7801 = CARTESIAN_POINT ( 'NONE',  ( 0.000000000000000000, 0.000000000000000000, 0.000000000000000000 ) ) ;
#7802 = LINE ( 'NONE', #6411, #1546 ) ;
#7803 = SURFACE_STYLE_USAGE ( .BOTH. , #9917 ) ;
#7804 = PRESENTATION_STYLE_ASSIGNMENT (( #4719 ) ) ;
#7805 = STYLED_ITEM ( 'NONE', ( #9699 ), #7850 ) ;
#7806 = PLANE ( 'NONE',  #7514 ) ;
#7807 = LINE ( 'NONE', #919, #5605 ) ;
#7808 = CARTESIAN_POINT ( 'NONE',  ( 17.49999999999963052, -1.922558593750006262, 209.0000000000000568 ) ) ;
#7809 = VERTEX_POINT ( 'NONE', #2876 ) ;
#7810 = FILL_AREA_STYLE_COLOUR ( '', #4046 ) ;
#7811 = PRESENTATION_STYLE_ASSIGNMENT (( #5668 ) ) ;
#7812 = FACE_OUTER_BOUND ( 'NONE', #2881, .T. ) ;
#7813 = CARTESIAN_POINT ( 'NONE',  ( -11.87499999999999822, 4.500000000000000888, 195.0000000000000000 ) ) ;
#7814 = CARTESIAN_POINT ( 'NONE',  ( 17.49999999999962697, 3.555468749999993516, 208.3222656250000568 ) ) ;
#7815 = PRESENTATION_LAYER_ASSIGNMENT (  '', '', ( #6511 ) ) ;
#7816 = LINE ( 'NONE', #131, #1206 ) ;
#7817 = EDGE_LOOP ( 'NONE', ( #4934, #6605, #4783, #617 ) ) ;
#7818 = CARTESIAN_POINT ( 'NONE',  ( -16.62500000000006395, 0.000000000000000000, 195.2500000000000000 ) ) ;
#7819 = LINE ( 'NONE', #3300, #7744 ) ;
#7820 = CARTESIAN_POINT ( 'NONE',  ( 0.000000000000000000, 9.000000000000001776, 0.000000000000000000 ) ) ;
#7821 = FILL_AREA_STYLE ('',( #2458 ) ) ;
#7822 = PRESENTATION_LAYER_ASSIGNMENT (  '', '', ( #1083 ) ) ;
#7823 = ORIENTED_EDGE ( 'NONE', *, *, #1265, .F. ) ;
#7824 = AXIS2_PLACEMENT_3D ( 'NONE', #4325, #1319, #9506 ) ;
#7825 = UNCERTAINTY_MEASURE_WITH_UNIT (LENGTH_MEASURE( 1.000000000000000082E-05 ), #1603, 'distance_accuracy_value', 'NONE');
#7826 = CARTESIAN_POINT ( 'NONE',  ( 17.99999999999962697, 3.815234374999993960, 208.9375000000000568 ) ) ;
#7827 = SURFACE_SIDE_STYLE ('',( #4739 ) ) ;
#7828 = ORIENTED_EDGE ( 'NONE', *, *, #720, .F. ) ;
#7829 = CARTESIAN_POINT ( 'NONE',  ( 17.99999999999963052, 4.422404624724461719, 206.8221509538955445 ) ) ;
#7830 = CARTESIAN_POINT ( 'NONE',  ( -12.62499999999999822, -5.425000000000027356, 198.7500000000000000 ) ) ;
#7831 = COLOUR_RGB ( '',1.000000000000000000, 0.7490196078431372584, 0.000000000000000000 ) ;
#7832 = VECTOR ( 'NONE', #2381, 1000.000000000000000 ) ;
#7833 = DIRECTION ( 'NONE',  ( -1.000000000000000000, -0.000000000000000000, -0.000000000000000000 ) ) ;
#7834 = CARTESIAN_POINT ( 'NONE',  ( -16.62500000000006395, -2.175268387770555201, 198.7500000000000000 ) ) ;
#7835 = UNCERTAINTY_MEASURE_WITH_UNIT (LENGTH_MEASURE( 1.000000000000000082E-05 ), #6062, 'distance_accuracy_value', 'NONE');
#7836 = MECHANICAL_DESIGN_GEOMETRIC_PRESENTATION_REPRESENTATION (  '', ( #9595 ), #9924 ) ;
#7837 = FILL_AREA_STYLE ('',( #8731 ) ) ;
#7838 = CARTESIAN_POINT ( 'NONE',  ( 17.99999999999963052, 1.237597656249993960, 209.0000000000000568 ) ) ;
#7839 = ORIENTED_EDGE ( 'NONE', *, *, #1194, .T. ) ;
#7840 =( LENGTH_UNIT ( ) NAMED_UNIT ( * ) SI_UNIT ( .MILLI., .METRE. ) );
#7841 = AXIS2_PLACEMENT_3D ( 'NONE', #2907, #6140, #1740 ) ;
#7842 = PRESENTATION_STYLE_ASSIGNMENT (( #7352 ) ) ;
#7843 =( NAMED_UNIT ( * ) SI_UNIT ( $, .STERADIAN. ) SOLID_ANGLE_UNIT ( ) );
#7844 = ORIENTED_EDGE ( 'NONE', *, *, #8735, .T. ) ;
#7845 = CARTESIAN_POINT ( 'NONE',  ( 17.49999999999962697, 3.815234374999993516, 206.8437500000000568 ) ) ;
#7846 = CARTESIAN_POINT ( 'NONE',  ( 17.49999999999963407, 4.033642376763790338, 208.4133502155476947 ) ) ;
#7847 = CARTESIAN_POINT ( 'NONE',  ( -11.87499999999999822, 3.750000000000000444, 197.0000000000000000 ) ) ;
#7848 =( GEOMETRIC_REPRESENTATION_CONTEXT ( 3 ) GLOBAL_UNCERTAINTY_ASSIGNED_CONTEXT ( ( #4354 ) ) GLOBAL_UNIT_ASSIGNED_CONTEXT ( ( #7717, #83, #5591 ) ) REPRESENTATION_CONTEXT ( 'NONE', 'WORKASPACE' ) );
#7849 = CARTESIAN_POINT ( 'NONE',  ( 17.99999999999963407, 2.778254248941757876, 208.5334689684619889 ) ) ;
#7850 = ADVANCED_FACE ( 'NONE', ( #6775 ), #5908, .T. ) ;
#7851 = CARTESIAN_POINT ( 'NONE',  ( 17.99999999999963052, -1.540234375000006262, 207.3369140625000568 ) ) ;
#7852 = B_SPLINE_CURVE_WITH_KNOTS ( 'NONE', 3,
 ( #5972, #2180, #1433, #532, #3524, #4478, #2742, #5229, #6633, #7545, #673, #3723, #6582, #5079, #25, #1573, #8506, #8353, #4574 ),
 .UNSPECIFIED., .F., .F.,
 ( 4, 1, 1, 1, 1, 1, 1, 1, 1, 1, 1, 1, 1, 1, 1, 1, 4 ),
 ( 0.000000000000000000, 0.06783905803906928322, 0.1337522889972232454, 0.1973850191154391809, 0.2595286092226563035, 0.3199230995342072781, 0.3792466348613999227, 0.4383647567973350534, 0.4966639238498927744, 0.5551746798191102839, 0.6146509980048966426, 0.6746606018237308877, 0.7357923351408228729, 0.7988152502310579273, 0.8635908144692157062, 0.9303742151501103175, 0.9999999999999998890 ),
 .UNSPECIFIED. ) ;
#7853 = ORIENTED_EDGE ( 'NONE', *, *, #2568, .F. ) ;
#7854 = CARTESIAN_POINT ( 'NONE',  ( 17.49999999999962341, 1.916027502967635465, 208.4237215019021221 ) ) ;
#7855 = SURFACE_STYLE_USAGE ( .BOTH. , #4773 ) ;
#7856 = ORIENTED_EDGE ( 'NONE', *, *, #7438, .T. ) ;
#7857 = SURFACE_STYLE_FILL_AREA ( #4777 ) ;
#7859 = STYLED_ITEM ( 'NONE', ( #4663 ), #34 ) ;
#7858 = FILL_AREA_STYLE ('',( #9403 ) ) ;
#7860 = CARTESIAN_POINT ( 'NONE',  ( 17.99999999999963052, 3.437884293341140207, 206.5368955216971187 ) ) ;
#7861 = CARTESIAN_POINT ( 'NONE',  ( 17.49999999999962341, 3.560717483024886221, 208.3387160681193961 ) ) ;
#7862 = ORIENTED_EDGE ( 'NONE', *, *, #550, .T. ) ;
#7863 = STYLED_ITEM ( 'NONE', ( #3552 ), #57 ) ;
#7864 = CARTESIAN_POINT ( 'NONE',  ( 17.49999999999962341, 2.026507413333320073, 207.7168317669029136 ) ) ;
#7865 = PLANE ( 'NONE',  #4763 ) ;
#7866 = CARTESIAN_POINT ( 'NONE',  ( 17.49999999999962697, 4.528590222734415249, 207.3031966069625298 ) ) ;
#7867 = ORIENTED_EDGE ( 'NONE', *, *, #2568, .T. ) ;
#7868 = CARTESIAN_POINT ( 'NONE',  ( -15.00000000000000178, 2.999999999999998224, 108.0000000000000000 ) ) ;
#7869 = LINE ( 'NONE', #339, #2324 ) ;
#7870 = FILL_AREA_STYLE ('',( #7772 ) ) ;
#7871 = ORIENTED_EDGE ( 'NONE', *, *, #2542, .F. ) ;
#7873 = STYLED_ITEM ( 'NONE', ( #272 ), #1502 ) ;
#7872 = FILL_AREA_STYLE_COLOUR ( '', #9844 ) ;
#7874 = FILL_AREA_STYLE ('',( #8677 ) ) ;
#7875 = MECHANICAL_DESIGN_GEOMETRIC_PRESENTATION_REPRESENTATION (  '', ( #2903 ), #332 ) ;
#7876 = FILL_AREA_STYLE_COLOUR ( '', #3756 ) ;
#7877 = SURFACE_STYLE_USAGE ( .BOTH. , #4697 ) ;
#7878 =( NAMED_UNIT ( * ) SI_UNIT ( $, .STERADIAN. ) SOLID_ANGLE_UNIT ( ) );
#7879 = MECHANICAL_DESIGN_GEOMETRIC_PRESENTATION_REPRESENTATION (  '', ( #7216 ), #1770 ) ;
#7880 = CARTESIAN_POINT ( 'NONE',  ( -14.62500000000001243, 0.8747316122293901097, 197.7500000000000000 ) ) ;
#7881 = DIRECTION ( 'NONE',  ( -0.000000000000000000, -0.000000000000000000, 1.000000000000000000 ) ) ;
#7882 = CARTESIAN_POINT ( 'NONE',  ( 17.49999999999963052, 3.091693451150625549, 207.3059555683828421 ) ) ;
#7883 =( LENGTH_UNIT ( ) NAMED_UNIT ( * ) SI_UNIT ( .MILLI., .METRE. ) );
#7884 = ORIENTED_EDGE ( 'NONE', *, *, #6837, .F. ) ;
#7885 = CARTESIAN_POINT ( 'NONE',  ( 17.99999999999963407, 2.070571501729398189, 208.9351567289844809 ) ) ;
#7886 = VECTOR ( 'NONE', #9107, 1000.000000000000000 ) ;
#7887 =( GEOMETRIC_REPRESENTATION_CONTEXT ( 3 ) GLOBAL_UNCERTAINTY_ASSIGNED_CONTEXT ( ( #100 ) ) GLOBAL_UNIT_ASSIGNED_CONTEXT ( ( #5997, #9086, #6819 ) ) REPRESENTATION_CONTEXT ( 'NONE', 'WORKASPACE' ) );
#7888 = EDGE_CURVE ( 'NONE', #5707, #7649, #4612, .T. ) ;
#7889 = CARTESIAN_POINT ( 'NONE',  ( -12.62499999999999822, 3.000000000000000888, 197.0000000000000000 ) ) ;
#7890 = ADVANCED_FACE ( 'NONE', ( #7682 ), #481, .T. ) ;
#7891 = EDGE_CURVE ( 'NONE', #7329, #2877, #1723, .T. ) ;
#7892 = COLOUR_RGB ( '',0.1019607843137254888, 0.1019607843137254888, 0.1019607843137254888 ) ;
#7893 = CARTESIAN_POINT ( 'NONE',  ( -14.62500000000000000, -1.522219850169646711E-13, 197.7500000000000000 ) ) ;
#7894 = MECHANICAL_DESIGN_GEOMETRIC_PRESENTATION_REPRESENTATION (  '', ( #6586 ), #4029 ) ;
#7895 = ORIENTED_EDGE ( 'NONE', *, *, #5037, .T. ) ;
#7896 = CARTESIAN_POINT ( 'NONE',  ( 15.22226031862550322, -4.088432435347336913, 108.7797747115277645 ) ) ;
#7897 = CARTESIAN_POINT ( 'NONE',  ( 17.49999999999962697, 4.064001173057957494, 208.3386838339653764 ) ) ;
#7898 = CARTESIAN_POINT ( 'NONE',  ( 17.49999999999962341, 4.079236032238122256, 207.0983184595431794 ) ) ;
#7899 = EDGE_CURVE ( 'NONE', #1164, #8816, #304, .T. ) ;
#7900 = VECTOR ( 'NONE', #3685, 1000.000000000000000 ) ;
#7901 = EDGE_LOOP ( 'NONE', ( #8753, #5368, #6895, #6551 ) ) ;
#7902 = CARTESIAN_POINT ( 'NONE',  ( -1.696776399939814439E-15, 7.824999999999998401, 212.0000000000000853 ) ) ;
#7903 = CARTESIAN_POINT ( 'NONE',  ( 17.49999999999963052, 4.092193905937065779, 207.2147600232352147 ) ) ;
#7904 = B_SPLINE_CURVE_WITH_KNOTS ( 'NONE', 3,
 ( #7395, #8013, #3480, #5086, #1132, #9520, #8972, #4182, #8207, #582, #1934, #7245, #6489, #2643, #8769, #386, #3437, #4983, #8058 ),
 .UNSPECIFIED., .F., .F.,
 ( 4, 1, 1, 1, 1, 1, 1, 1, 1, 1, 1, 1, 1, 1, 1, 1, 4 ),
 ( 0.000000000000000000, 0.06962578484988925231, 0.1364091855307843770, 0.2011847497689481790, 0.2642076648591759613, 0.3253393981762684462, 0.3853490019951159584, 0.4448253201808872737, 0.5033360761501052272, 0.5616352432026840980, 0.6207533651385971352, 0.6800769004657901684, 0.7404713907773416981, 0.8026149808845592926, 0.8662477110027757554, 0.9321609419609301339, 1.000000000000000000 ),
 .UNSPECIFIED. ) ;
#7905 = DIRECTION ( 'NONE',  ( -1.000000000000000000, 0.000000000000000000, -0.000000000000000000 ) ) ;
#7906 = VERTEX_POINT ( 'NONE', #9482 ) ;
#7907 = DIRECTION ( 'NONE',  ( -0.000000000000000000, -0.000000000000000000, 1.000000000000000000 ) ) ;
#7908 = CARTESIAN_POINT ( 'NONE',  ( 17.49999999999963052, 0.1687499999999939049, 206.5000000000000568 ) ) ;
#7909 = SURFACE_STYLE_USAGE ( .BOTH. , #4829 ) ;
#7910 = CARTESIAN_POINT ( 'NONE',  ( -14.99999999999998046, 0.9999999999999983347, 108.0000000000000000 ) ) ;
#7911 = FILL_AREA_STYLE ('',( #8002 ) ) ;
#7912 = ORIENTED_EDGE ( 'NONE', *, *, #7258, .F. ) ;
#7913 = DIRECTION ( 'NONE',  ( 1.000000000000000000, -0.000000000000000000, 0.000000000000000000 ) ) ;
#7914 = PRESENTATION_LAYER_ASSIGNMENT (  '', '', ( #4536 ) ) ;
#7915 = FACE_OUTER_BOUND ( 'NONE', #1561, .T. ) ;
#7916 = PRESENTATION_STYLE_ASSIGNMENT (( #5730 ) ) ;
#7917 = CARTESIAN_POINT ( 'NONE',  ( 17.99999999999963052, 3.799227343514562705, 208.5306160341114037 ) ) ;
#7918 = VERTEX_POINT ( 'NONE', #1149 ) ;
#7919 = SURFACE_STYLE_USAGE ( .BOTH. , #1835 ) ;
#7920 =( LENGTH_UNIT ( ) NAMED_UNIT ( * ) SI_UNIT ( .MILLI., .METRE. ) );
#7921 = CARTESIAN_POINT ( 'NONE',  ( 17.99999999999962341, 3.142741534294688943, 207.0000351291893139 ) ) ;
#7922 = ORIENTED_EDGE ( 'NONE', *, *, #1539, .T. ) ;
#7923 = CARTESIAN_POINT ( 'NONE',  ( -2.296437027241167605, -7.634300561729922663, 195.2500000000000000 ) ) ;
#7924 = CARTESIAN_POINT ( 'NONE',  ( 17.99999999999962697, 4.408435358735310672, 206.7901663930418010 ) ) ;
#7925 = DIRECTION ( 'NONE',  ( 8.583663793918551117E-34, -0.000000000000000000, 1.000000000000000000 ) ) ;
#7926 = CARTESIAN_POINT ( 'NONE',  ( 17.49999999999963407, 1.387499999999993516, 207.8222656250000568 ) ) ;
#7927 = SURFACE_STYLE_USAGE ( .BOTH. , #8486 ) ;
#7928 = CARTESIAN_POINT ( 'NONE',  ( 17.99999999999962697, 3.537526664376699159, 207.1536270218885818 ) ) ;
#7929 = PRESENTATION_LAYER_ASSIGNMENT (  '', '', ( #6134 ) ) ;
#7930 = DIRECTION ( 'NONE',  ( 5.124550365256135592E-16, -0.8946358766972115628, -0.4467959804275458136 ) ) ;
#7931 = UNCERTAINTY_MEASURE_WITH_UNIT (LENGTH_MEASURE( 1.000000000000000082E-05 ), #6052, 'distance_accuracy_value', 'NONE');
#7932 = LINE ( 'NONE', #8541, #8474 ) ;
#7933 = CARTESIAN_POINT ( 'NONE',  ( 17.99999999999961631, 4.054160905795376024, 207.0048809923985687 ) ) ;
#7934 = CARTESIAN_POINT ( 'NONE',  ( 17.49999999999963052, -2.487500000000006040, 206.5000000000000568 ) ) ;
#7935 = ORIENTED_EDGE ( 'NONE', *, *, #1070, .T. ) ;
#7936 = DIRECTION ( 'NONE',  ( -0.000000000000000000, -0.000000000000000000, -1.000000000000000000 ) ) ;
#7937 = VECTOR ( 'NONE', #1789, 1000.000000000000000 ) ;
#7938 = B_SPLINE_CURVE_WITH_KNOTS ( 'NONE', 3,
 ( #9584, #6092, #2309, #5250, #741, #9026, #3790, #9785, #4545, #6869, #1492, #9887, #2957, #5352, #793, #7671, #5301, #3842, #6920 ),
 .UNSPECIFIED., .F., .F.,
 ( 4, 1, 1, 1, 1, 1, 1, 1, 1, 1, 1, 1, 1, 1, 1, 1, 4 ),
 ( 0.000000000000000000, 0.06976253321146265451, 0.1366770996758818191, 0.2015798862110469436, 0.2647265813117870015, 0.3259783802682005849, 0.3861058458105121050, 0.4451401118445949545, 0.5037657857286406138, 0.5621794551253035399, 0.6209372433715732997, 0.6803772929510103484, 0.7408904009214637432, 0.8027844546397844283, 0.8665421624742997153, 0.9322877234863431450, 0.9999999999999998890 ),
 .UNSPECIFIED. ) ;
#7939 = ADVANCED_FACE ( 'NONE', ( #1104 ), #5017, .T. ) ;
#7940 =( GEOMETRIC_REPRESENTATION_CONTEXT ( 3 ) GLOBAL_UNCERTAINTY_ASSIGNED_CONTEXT ( ( #7825 ) ) GLOBAL_UNIT_ASSIGNED_CONTEXT ( ( #1603, #59, #6361 ) ) REPRESENTATION_CONTEXT ( 'NONE', 'WORKASPACE' ) );
#7941 = SURFACE_STYLE_FILL_AREA ( #3272 ) ;
#7942 = CARTESIAN_POINT ( 'NONE',  ( 17.49999999999963407, 1.387499999999993516, 207.8222656250000568 ) ) ;
#7943 = SURFACE_STYLE_FILL_AREA ( #4865 ) ;
#7944 = DIRECTION ( 'NONE',  ( -0.000000000000000000, 0.000000000000000000, 1.000000000000000000 ) ) ;
#7945 = PRESENTATION_LAYER_ASSIGNMENT (  '', '', ( #7289 ) ) ;
#7946 = COLOUR_RGB ( '',1.000000000000000000, 1.000000000000000000, 1.000000000000000000 ) ;
#7947 = VERTEX_POINT ( 'NONE', #7934 ) ;
#7948 = DIRECTION ( 'NONE',  ( 0.000000000000000000, 0.000000000000000000, -1.000000000000000000 ) ) ;
#7949 = ORIENTED_EDGE ( 'NONE', *, *, #2542, .T. ) ;
#7950 = CARTESIAN_POINT ( 'NONE',  ( 17.49999999999962697, 3.921712789709936420, 206.4433106730975283 ) ) ;
#7951 = AXIS2_PLACEMENT_3D ( 'NONE', #6714, #605, #6047 ) ;
#7952 = VERTEX_POINT ( 'NONE', #602 ) ;
#7953 =( LENGTH_UNIT ( ) NAMED_UNIT ( * ) SI_UNIT ( .MILLI., .METRE. ) );
#7954 = DIRECTION ( 'NONE',  ( -1.000000000000000000, -1.387778780781445676E-14, 0.000000000000000000 ) ) ;
#7955 = CARTESIAN_POINT ( 'NONE',  ( 17.49999999999962697, 4.101205930323846616, 208.0013259412326363 ) ) ;
#7956 = CARTESIAN_POINT ( 'NONE',  ( 17.99999999999963052, 2.343432725156210150, 208.0824659728172321 ) ) ;
#7957 = VERTEX_POINT ( 'NONE', #548 ) ;
#7958 = CARTESIAN_POINT ( 'NONE',  ( 17.49999999999963407, 1.825267424252941861, 207.2731219808586616 ) ) ;
#7959 = CARTESIAN_POINT ( 'NONE',  ( 15.93649167310371517, 2.000000000000001776, 109.0000000000000000 ) ) ;
#7960 = EDGE_LOOP ( 'NONE', ( #5773, #2627, #232, #1529 ) ) ;
#7961 = CARTESIAN_POINT ( 'NONE',  ( 17.49999999999964118, 2.472987368035367783, 208.0438950501237230 ) ) ;
#7962 = CARTESIAN_POINT ( 'NONE',  ( 17.74999999999962697, 7.575000000000000178, 212.0000000000000853 ) ) ;
#7963 = SURFACE_STYLE_USAGE ( .BOTH. , #1837 ) ;
#7964 = ORIENTED_EDGE ( 'NONE', *, *, #5858, .F. ) ;
#7965 = DIRECTION ( 'NONE',  ( 0.000000000000000000, 0.4767057622527412497, -0.8790629193834949007 ) ) ;
#7966 = CARTESIAN_POINT ( 'NONE',  ( 17.99999999999963052, 4.229224064239704539, 206.5640843575268377 ) ) ;
#7967 = FACE_OUTER_BOUND ( 'NONE', #3833, .T. ) ;
#7968 = CARTESIAN_POINT ( 'NONE',  ( 17.49999999999963052, 2.420670937689588964, 207.5401943370453921 ) ) ;
#7969 = ADVANCED_FACE ( 'NONE', ( #3591 ), #3754, .T. ) ;
#7970 = PRESENTATION_STYLE_ASSIGNMENT (( #151 ) ) ;
#7971 =( LENGTH_UNIT ( ) NAMED_UNIT ( * ) SI_UNIT ( .MILLI., .METRE. ) );
#7972 = CARTESIAN_POINT ( 'NONE',  ( 17.99999999999962697, 3.558398437499993960, 207.0527343750000568 ) ) ;
#7973 = STYLED_ITEM ( 'NONE', ( #2701 ), #8268 ) ;
#7974 = CARTESIAN_POINT ( 'NONE',  ( 17.99999999999962697, 4.064001173057957494, 208.3386838339653764 ) ) ;
#7975 = DIRECTION ( 'NONE',  ( -0.000000000000000000, -0.000000000000000000, -1.000000000000000000 ) ) ;
#7976 = ORIENTED_EDGE ( 'NONE', *, *, #9238, .T. ) ;
#7977 = CARTESIAN_POINT ( 'NONE',  ( 17.99999999999962697, 4.069140624999993072, 207.0527343750000568 ) ) ;
#7978 = CARTESIAN_POINT ( 'NONE',  ( 17.00000000000000000, 11.17258389690902654, 0.9182957526243720192 ) ) ;
#7979 = VERTEX_POINT ( 'NONE', #8988 ) ;
#7980 = VECTOR ( 'NONE', #9697, 1000.000000000000000 ) ;
#7981 = SURFACE_STYLE_FILL_AREA ( #9639 ) ;
#7982 = DIRECTION ( 'NONE',  ( 0.000000000000000000, 0.000000000000000000, -1.000000000000000000 ) ) ;
#7983 = SURFACE_STYLE_FILL_AREA ( #1051 ) ;
#7984 = UNCERTAINTY_MEASURE_WITH_UNIT (LENGTH_MEASURE( 1.000000000000000082E-05 ), #9574, 'distance_accuracy_value', 'NONE');
#7985 = AXIS2_PLACEMENT_3D ( 'NONE', #2211, #2418, #8276 ) ;
#7986 =( GEOMETRIC_REPRESENTATION_CONTEXT ( 3 ) GLOBAL_UNCERTAINTY_ASSIGNED_CONTEXT ( ( #8894 ) ) GLOBAL_UNIT_ASSIGNED_CONTEXT ( ( #853, #1606, #6115 ) ) REPRESENTATION_CONTEXT ( 'NONE', 'WORKASPACE' ) );
#7987 = FACE_OUTER_BOUND ( 'NONE', #5962, .T. ) ;
#7988 = CARTESIAN_POINT ( 'NONE',  ( 15.59087509914262348, -3.719002656141592311, 108.8517506497467480 ) ) ;
#7989 = CARTESIAN_POINT ( 'NONE',  ( 17.99999999999962697, 3.978309745460468783, 208.4800177078373338 ) ) ;
#7990 =( NAMED_UNIT ( * ) PLANE_ANGLE_UNIT ( ) SI_UNIT ( $, .RADIAN. ) );
#7991 = MECHANICAL_DESIGN_GEOMETRIC_PRESENTATION_REPRESENTATION (  '', ( #8156 ), #2389 ) ;
#7992 = ORIENTED_EDGE ( 'NONE', *, *, #1172, .T. ) ;
#7993 = DIRECTION ( 'NONE',  ( 0.7071067811865463515, -0.7071067811865487940, 0.000000000000000000 ) ) ;
#7994 = FILL_AREA_STYLE ('',( #3285 ) ) ;
#7995 = ORIENTED_EDGE ( 'NONE', *, *, #2739, .F. ) ;
#7996 = VERTEX_POINT ( 'NONE', #1349 ) ;
#7997 = AXIS2_PLACEMENT_3D ( 'NONE', #1178, #2743, #5781 ) ;
#7998 = FILL_AREA_STYLE ('',( #9554 ) ) ;
#7999 = B_SPLINE_CURVE_WITH_KNOTS ( 'NONE', 3,
 ( #3141, #2387, #9355, #8558, #5433, #2441, #5282, #4721, #7602, #3924, #6900, #773, #121, #1666, #6996, #8356, #6279, #9300, #8510 ),
 .UNSPECIFIED., .F., .F.,
 ( 4, 1, 1, 1, 1, 1, 1, 1, 1, 1, 1, 1, 1, 1, 1, 1, 4 ),
 ( 0.000000000000000000, 0.06353102772978892754, 0.1237801523605780024, 0.1818301461835552524, 0.2382492591916548774, 0.2933445270451748854, 0.3482254551814976673, 0.4035668869823221261, 0.4598944352349127462, 0.5176353499477298614, 0.5769650260022520794, 0.6385864481738021681, 0.7029929910599225229, 0.7710014760629591013, 0.8428771447221968804, 0.9190754138269552342, 1.000000000000000000 ),
 .UNSPECIFIED. ) ;
#8000 = LINE ( 'NONE', #1119, #1344 ) ;
#8001 = CARTESIAN_POINT ( 'NONE',  ( 17.49999999999963052, 3.833475967286429142, 206.4377229022514939 ) ) ;
#8002 = FILL_AREA_STYLE_COLOUR ( '', #1537 ) ;
#8003 = ORIENTED_EDGE ( 'NONE', *, *, #4930, .F. ) ;
#8004 = CARTESIAN_POINT ( 'NONE',  ( 17.49999999999963052, 2.314540500507267673, 206.8916932222756770 ) ) ;
#8005 = AXIS2_PLACEMENT_3D ( 'NONE', #372, #5721, #8803 ) ;
#8006 = EDGE_CURVE ( 'NONE', #725, #3737, #273, .T. ) ;
#8007 = EDGE_CURVE ( 'NONE', #3913, #2827, #4994, .T. ) ;
#8008 = EDGE_CURVE ( 'NONE', #9384, #5842, #6604, .T. ) ;
#8009 = CARTESIAN_POINT ( 'NONE',  ( 16.00000000000002132, 2.331636900663284884, 108.9959208751508726 ) ) ;
#8010 = CARTESIAN_POINT ( 'NONE',  ( 17.49999999999962697, 3.768358649097962143, 208.5293934651857057 ) ) ;
#8011 = ORIENTED_EDGE ( 'NONE', *, *, #6210, .F. ) ;
#8012 = CARTESIAN_POINT ( 'NONE',  ( 17.49999999999964828, 2.410162562352728077, 208.0662374436725486 ) ) ;
#8013 = CARTESIAN_POINT ( 'NONE',  ( 17.49999999999962697, 3.796992763627562883, 206.4377228625936596 ) ) ;
#8014 = DIRECTION ( 'NONE',  ( 0.000000000000000000, 0.000000000000000000, 1.000000000000000000 ) ) ;
#8015 = ORIENTED_EDGE ( 'NONE', *, *, #1243, .F. ) ;
#8016 = LINE ( 'NONE', #8675, #3416 ) ;
#8017 = DIRECTION ( 'NONE',  ( -0.000000000000000000, 0.000000000000000000, 1.000000000000000000 ) ) ;
#8018 = CARTESIAN_POINT ( 'NONE',  ( 17.99999999999963407, -3.925000000000004707, 210.5000000000000853 ) ) ;
#8019 = COLOUR_RGB ( '',1.000000000000000000, 1.000000000000000000, 1.000000000000000000 ) ;
#8020 = FACE_BOUND ( 'NONE', #6040, .T. ) ;
#8021 = CARTESIAN_POINT ( 'NONE',  ( 17.99999999999963052, 3.518129582791114096, 207.3763971048858821 ) ) ;
#8022 = ORIENTED_EDGE ( 'NONE', *, *, #3502, .F. ) ;
#8023 = UNCERTAINTY_MEASURE_WITH_UNIT (LENGTH_MEASURE( 1.000000000000000082E-05 ), #7169, 'distance_accuracy_value', 'NONE');
#8024 = PRESENTATION_LAYER_ASSIGNMENT (  '', '', ( #2903 ) ) ;
#8025 = CARTESIAN_POINT ( 'NONE',  ( 17.99999999999962341, 3.301035548204604542, 206.6632443238181622 ) ) ;
#8026 = ORIENTED_EDGE ( 'NONE', *, *, #1989, .F. ) ;
#8027 = CARTESIAN_POINT ( 'NONE',  ( 17.49999999999963407, 3.167636413430486186, 206.9155428054151855 ) ) ;
#8028 = ORIENTED_EDGE ( 'NONE', *, *, #9109, .T. ) ;
#8029 = CARTESIAN_POINT ( 'NONE',  ( 17.49999999999964473, 2.430926271590049481, 207.5017323999452685 ) ) ;
#8030 = CARTESIAN_POINT ( 'NONE',  ( 0.000000000000000000, -0.6249999999999998890, 216.2500000000000853 ) ) ;
#8031 = COLOUR_RGB ( '',1.000000000000000000, 0.7490196078431372584, 0.000000000000000000 ) ;
#8032 = FACE_OUTER_BOUND ( 'NONE', #7238, .T. ) ;
#8033 = DIRECTION ( 'NONE',  ( 1.000000000000000000, 0.000000000000000000, 0.000000000000000000 ) ) ;
#8034 = CARTESIAN_POINT ( 'NONE',  ( 17.49999999999962341, 3.619339431672318863, 206.9248522395523651 ) ) ;
#8035 = PRESENTATION_LAYER_ASSIGNMENT (  '', '', ( #2434 ) ) ;
#8036 = EDGE_CURVE ( 'NONE', #4211, #6947, #2765, .T. ) ;
#8037 = PRESENTATION_LAYER_ASSIGNMENT (  '', '', ( #203 ) ) ;
#8038 = EDGE_LOOP ( 'NONE', ( #4265, #4184, #8221, #7992 ) ) ;
#8039 = CARTESIAN_POINT ( 'NONE',  ( 17.99999999999962697, 1.413791258902434400, 208.1569095572537265 ) ) ;
#8040 = CYLINDRICAL_SURFACE ( 'NONE', #160, 9.999999999999994671 ) ;
#8041 = VERTEX_POINT ( 'NONE', #8942 ) ;
#8042 = CARTESIAN_POINT ( 'NONE',  ( 17.00000000000000000, 11.00000000000000355, 109.0000000000000000 ) ) ;
#8043 = VERTEX_POINT ( 'NONE', #5044 ) ;
#8044 = SURFACE_SIDE_STYLE ('',( #7187 ) ) ;
#8045 = PLANE ( 'NONE',  #1971 ) ;
#8047 = VECTOR ( 'NONE', #251, 1000.000000000000000 ) ;
#8046 = PLANE ( 'NONE',  #231 ) ;
#8048 = CARTESIAN_POINT ( 'NONE',  ( 17.49999999999963052, 2.228849281220851353, 206.8312013270086425 ) ) ;
#8049 = DIRECTION ( 'NONE',  ( 0.9576138124097702820, -0.2880551792313847392, 0.000000000000000000 ) ) ;
#8050 = CARTESIAN_POINT ( 'NONE',  ( 17.99999999999963052, 2.759110087031259262, 207.7741847239990420 ) ) ;
#8051 = VERTEX_POINT ( 'NONE', #2051 ) ;
#8052 = LINE ( 'NONE', #3226, #7886 ) ;
#8053 = DIRECTION ( 'NONE',  ( -0.000000000000000000, 0.000000000000000000, 1.000000000000000000 ) ) ;
#8054 = VECTOR ( 'NONE', #39, 1000.000000000000000 ) ;
#8055 = CARTESIAN_POINT ( 'NONE',  ( 17.99999999999963052, 1.826605627199249904, 207.9812079257295636 ) ) ;
#8056 = ORIENTED_EDGE ( 'NONE', *, *, #238, .F. ) ;
#8057 = CARTESIAN_POINT ( 'NONE',  ( 17.49999999999964118, 2.586289347377447978, 207.9795972576204974 ) ) ;
#8058 = CARTESIAN_POINT ( 'NONE',  ( 17.49999999999962341, 3.198535156249993516, 206.8383789062500284 ) ) ;
#8059 = CARTESIAN_POINT ( 'NONE',  ( 17.49999999999963407, 3.943732448137958979, 208.5031723471859380 ) ) ;
#8060 = SURFACE_STYLE_FILL_AREA ( #5089 ) ;
#8061 = EDGE_CURVE ( 'NONE', #9157, #7329, #5857, .T. ) ;
#8062 = STYLED_ITEM ( 'NONE', ( #2932 ), #3020 ) ;
#8063 = EDGE_CURVE ( 'NONE', #2421, #6579, #506, .T. ) ;
#8064 = FACE_BOUND ( 'NONE', #5936, .T. ) ;
#8065 = CARTESIAN_POINT ( 'NONE',  ( -14.88490143307978109, 3.874941541980820414, 108.8226571872219637 ) ) ;
#8066 = SURFACE_SIDE_STYLE ('',( #6597 ) ) ;
#8067 = LINE ( 'NONE', #4241, #4110 ) ;
#8068 = VERTEX_POINT ( 'NONE', #3162 ) ;
#8069 = VECTOR ( 'NONE', #89, 1000.000000000000000 ) ;
#8070 = EDGE_CURVE ( 'NONE', #2473, #5008, #412, .T. ) ;
#8071 = CARTESIAN_POINT ( 'NONE',  ( 17.99999999999962697, 3.761254231481074406, 206.4381594896987622 ) ) ;
#8072 = ORIENTED_EDGE ( 'NONE', *, *, #1889, .T. ) ;
#8073 = PLANE ( 'NONE',  #7615 ) ;
#8074 =( LENGTH_UNIT ( ) NAMED_UNIT ( * ) SI_UNIT ( .MILLI., .METRE. ) );
#8075 = ORIENTED_EDGE ( 'NONE', *, *, #2801, .T. ) ;
#8076 = DIRECTION ( 'NONE',  ( 0.000000000000000000, 0.3511234415883914273, 0.9363291775690445462 ) ) ;
#8077 = PRESENTATION_LAYER_ASSIGNMENT (  '', '', ( #8720 ) ) ;
#8078 = DIRECTION ( 'NONE',  ( 0.000000000000000000, -0.4467959804275458136, 0.8946358766972115628 ) ) ;
#8079 = LINE ( 'NONE', #2772, #4005 ) ;
#8080 = ADVANCED_FACE ( 'NONE', ( #3845 ), #3061, .T. ) ;
#8081 = DIRECTION ( 'NONE',  ( 0.000000000000000000, -1.000000000000000000, 0.000000000000000000 ) ) ;
#8082 = CARTESIAN_POINT ( 'NONE',  ( 17.49999999999963052, 1.836718749999993516, 207.9008789062500568 ) ) ;
#8083 = ADVANCED_FACE ( 'NONE', ( #7623 ), #9890, .F. ) ;
#8084 = SURFACE_STYLE_USAGE ( .BOTH. , #3705 ) ;
#8085 = CARTESIAN_POINT ( 'NONE',  ( 15.22177745116169589, 4.088779709059387812, 108.7796991447997215 ) ) ;
#8086 = PRESENTATION_LAYER_ASSIGNMENT (  '', '', ( #8903 ) ) ;
#8087 =( GEOMETRIC_REPRESENTATION_CONTEXT ( 3 ) GLOBAL_UNCERTAINTY_ASSIGNED_CONTEXT ( ( #6704 ) ) GLOBAL_UNIT_ASSIGNED_CONTEXT ( ( #4790, #1180, #9464 ) ) REPRESENTATION_CONTEXT ( 'NONE', 'WORKASPACE' ) );
#8088 = VERTEX_POINT ( 'NONE', #8375 ) ;
#8089 = CARTESIAN_POINT ( 'NONE',  ( 17.99999999999963052, 1.837328987461781304, 207.4102156044224046 ) ) ;
#8090 = EDGE_LOOP ( 'NONE', ( #3513, #7567, #2526, #2402 ) ) ;
#8091 = CARTESIAN_POINT ( 'NONE',  ( 17.49999999999963052, 3.518129582791113652, 207.3763971048858821 ) ) ;
#8092 = ORIENTED_EDGE ( 'NONE', *, *, #8373, .T. ) ;
#8093 = CARTESIAN_POINT ( 'NONE',  ( 11.87499999999963229, -0.6249999999999998890, 217.0000000000000853 ) ) ;
#8094 = COLOUR_RGB ( '',1.000000000000000000, 0.7490196078431372584, 0.000000000000000000 ) ;
#8095 = AXIS2_PLACEMENT_3D ( 'NONE', #8809, #8704, #6379 ) ;
#8096 =( NAMED_UNIT ( * ) SI_UNIT ( $, .STERADIAN. ) SOLID_ANGLE_UNIT ( ) );
#8097 = FILL_AREA_STYLE ('',( #1171 ) ) ;
#8098 = DIRECTION ( 'NONE',  ( -1.000000000000000000, -5.728085021779797867E-16, 0.000000000000000000 ) ) ;
#8099 = ORIENTED_EDGE ( 'NONE', *, *, #5364, .F. ) ;
#8100 = CARTESIAN_POINT ( 'NONE',  ( 17.49999999999962697, 2.339889703793232023, 206.9200819942334988 ) ) ;
#8101 = LINE ( 'NONE', #1325, #7030 ) ;
#8102 = COLOUR_RGB ( '',1.000000000000000000, 0.7490196078431372584, 0.000000000000000000 ) ;
#8103 = SURFACE_STYLE_USAGE ( .BOTH. , #2790 ) ;
#8104 = VECTOR ( 'NONE', #2365, 1000.000000000000000 ) ;
#8105 = CARTESIAN_POINT ( 'NONE',  ( 16.00000000000090594, 2.500000000000092371, 108.9874921777192753 ) ) ;
#8106 = SURFACE_STYLE_FILL_AREA ( #5876 ) ;
#8107 = ORIENTED_EDGE ( 'NONE', *, *, #218, .F. ) ;
#8108 = CARTESIAN_POINT ( 'NONE',  ( 17.49999999999964118, 2.636048581212073305, 207.9370023875079596 ) ) ;
#8109 = CARTESIAN_POINT ( 'NONE',  ( 17.49999999999966249, 1.628509465857119087, 206.6333977109070190 ) ) ;
#8110 = CARTESIAN_POINT ( 'NONE',  ( 17.49999999999963407, 2.158496093749993516, 208.5625000000000284 ) ) ;
#8111 = FACE_OUTER_BOUND ( 'NONE', #8143, .T. ) ;
#8112 = CARTESIAN_POINT ( 'NONE',  ( -15.87500000000762945, 3.000000000000974776, 108.9498743710667839 ) ) ;
#8113 = COLOUR_RGB ( '',1.000000000000000000, 0.7490196078431372584, 0.000000000000000000 ) ;
#8114 = EDGE_CURVE ( 'NONE', #7906, #2343, #5309, .T. ) ;
#8115 = FACE_BOUND ( 'NONE', #4498, .T. ) ;
#8116 = CARTESIAN_POINT ( 'NONE',  ( -15.11420802772337169, 3.875058231430572153, 108.8226349129076880 ) ) ;
#8117 = DIRECTION ( 'NONE',  ( 0.000000000000000000, 1.000000000000000000, 0.000000000000000000 ) ) ;
#8118 = CARTESIAN_POINT ( 'NONE',  ( 17.99999999999962341, 3.904599718111223083, 208.5195170073223778 ) ) ;
#8119 = VECTOR ( 'NONE', #3025, 1000.000000000000000 ) ;
#8120 = CARTESIAN_POINT ( 'NONE',  ( 17.99999999999963407, 2.184489858812235674, 208.0931995951622469 ) ) ;
#8121 = EDGE_LOOP ( 'NONE', ( #3050, #7265, #8716, #2425 ) ) ;
#8122 = UNCERTAINTY_MEASURE_WITH_UNIT (LENGTH_MEASURE( 1.000000000000000082E-05 ), #5338, 'distance_accuracy_value', 'NONE');
#8123 = CARTESIAN_POINT ( 'NONE',  ( 17.99999999999962697, 3.400726209281641488, 206.5642407877915616 ) ) ;
#8124 = ORIENTED_EDGE ( 'NONE', *, *, #6398, .F. ) ;
#8125 =( NAMED_UNIT ( * ) SI_UNIT ( $, .STERADIAN. ) SOLID_ANGLE_UNIT ( ) );
#8126 = LINE ( 'NONE', #5196, #5503 ) ;
#8127 = CARTESIAN_POINT ( 'NONE',  ( 17.00000000000000000, 9.000000000000001776, 3.000000000000002665 ) ) ;
#8128 = ORIENTED_EDGE ( 'NONE', *, *, #2430, .F. ) ;
#8129 = CARTESIAN_POINT ( 'NONE',  ( 17.49999999999963052, 1.004671676909288557E-14, 0.000000000000000000 ) ) ;
#8130 = CARTESIAN_POINT ( 'NONE',  ( 17.99999999999963052, 1.237597656249993960, 208.5937500000000568 ) ) ;
#8131 = VECTOR ( 'NONE', #6126, 1000.000000000000000 ) ;
#8132 = B_SPLINE_CURVE_WITH_KNOTS ( 'NONE', 3,
 ( #9345, #168, #2379, #14 ),
 .UNSPECIFIED., .F., .F.,
 ( 4, 4 ),
 ( 0.006789805492206466009, 0.007292539833360669327 ),
 .UNSPECIFIED. ) ;
#8133 =( LENGTH_UNIT ( ) NAMED_UNIT ( * ) SI_UNIT ( .MILLI., .METRE. ) );
#8134 = ADVANCED_FACE ( 'NONE', ( #7117 ), #9525, .T. ) ;
#8135 = SURFACE_SIDE_STYLE ('',( #5053 ) ) ;
#8136 = MECHANICAL_DESIGN_GEOMETRIC_PRESENTATION_REPRESENTATION (  '', ( #7012 ), #5565 ) ;
#8137 =( GEOMETRIC_REPRESENTATION_CONTEXT ( 3 ) GLOBAL_UNCERTAINTY_ASSIGNED_CONTEXT ( ( #7984 ) ) GLOBAL_UNIT_ASSIGNED_CONTEXT ( ( #9574, #8875, #1232 ) ) REPRESENTATION_CONTEXT ( 'NONE', 'WORKASPACE' ) );
#8138 = LINE ( 'NONE', #2159, #5688 ) ;
#8139 = LINE ( 'NONE', #2922, #2671 ) ;
#8140 = COLOUR_RGB ( '',1.000000000000000000, 0.7490196078431372584, 0.000000000000000000 ) ;
#8141 = ORIENTED_EDGE ( 'NONE', *, *, #2629, .T. ) ;
#8142 = CARTESIAN_POINT ( 'NONE',  ( 17.49999999999963762, 1.861010290892737284, 207.5006292129513383 ) ) ;
#8143 = EDGE_LOOP ( 'NONE', ( #8822, #3257, #3813, #2929 ) ) ;
#8144 = CARTESIAN_POINT ( 'NONE',  ( 17.74999999999963052, 9.366187588924009985E-15, 216.2500000000000853 ) ) ;
#8145 = VERTEX_POINT ( 'NONE', #4845 ) ;
#8146 = CARTESIAN_POINT ( 'NONE',  ( 17.49999999999963052, -1.137402343750006262, 209.0000000000000568 ) ) ;
#8147 = COLOUR_RGB ( '',1.000000000000000000, 1.000000000000000000, 1.000000000000000000 ) ;
#8148 = PRESENTATION_LAYER_ASSIGNMENT (  '', '', ( #8960 ) ) ;
#8149 =( LENGTH_UNIT ( ) NAMED_UNIT ( * ) SI_UNIT ( .MILLI., .METRE. ) );
#8150 = CARTESIAN_POINT ( 'NONE',  ( -15.62499999999990763, -1.084202172485497997E-13, 195.2500000000000000 ) ) ;
#8151 = CARTESIAN_POINT ( 'NONE',  ( 17.99999999999963052, 1.387499999999993738, 207.8222656250000568 ) ) ;
#8152 = ORIENTED_EDGE ( 'NONE', *, *, #8206, .T. ) ;
#8153 = CARTESIAN_POINT ( 'NONE',  ( 17.49999999999962697, 2.415898103288544263, 207.0711741320152441 ) ) ;
#8154 = SURFACE_SIDE_STYLE ('',( #5874 ) ) ;
#8155 = DIRECTION ( 'NONE',  ( -0.000000000000000000, -0.000000000000000000, 1.000000000000000000 ) ) ;
#8156 = STYLED_ITEM ( 'NONE', ( #7842 ), #9388 ) ;
#8157 =( NAMED_UNIT ( * ) PLANE_ANGLE_UNIT ( ) SI_UNIT ( $, .RADIAN. ) );
#8158 = EDGE_CURVE ( 'NONE', #6469, #6579, #3310, .T. ) ;
#8159 = VERTEX_POINT ( 'NONE', #1090 ) ;
#8160 = CARTESIAN_POINT ( 'NONE',  ( 17.99999999999962697, 2.105916389549499002, 206.4066729753554057 ) ) ;
#8161 = CARTESIAN_POINT ( 'NONE',  ( -13.62499999999999112, -0.8747316122293897767, 198.7500000000000000 ) ) ;
#8162 = ADVANCED_FACE ( 'NONE', ( #2510 ), #198, .F. ) ;
#8163 = CARTESIAN_POINT ( 'NONE',  ( 17.49999999999963407, 2.778254248941757432, 208.5334689684619889 ) ) ;
#8164 = CARTESIAN_POINT ( 'NONE',  ( -14.23519842434596328, -2.559724412816255068, 108.9848875374337780 ) ) ;
#8165 = STYLED_ITEM ( 'NONE', ( #5178 ), #9852 ) ;
#8166 = CARTESIAN_POINT ( 'NONE',  ( 17.99999999999961631, 4.054160905795376024, 207.0048809923985687 ) ) ;
#8167 = CARTESIAN_POINT ( 'NONE',  ( 17.99999999999963052, 0.6062499999999941824, 208.5937500000000568 ) ) ;
#8168 = ORIENTED_EDGE ( 'NONE', *, *, #3884, .T. ) ;
#8169 =( NAMED_UNIT ( * ) PLANE_ANGLE_UNIT ( ) SI_UNIT ( $, .RADIAN. ) );
#8170 = EDGE_LOOP ( 'NONE', ( #8698, #3859, #3509, #9315, #370, #6471, #4201, #9583 ) ) ;
#8171 = SURFACE_STYLE_FILL_AREA ( #4300 ) ;
#8172 = CARTESIAN_POINT ( 'NONE',  ( 17.99999999999962697, 3.536448478601552647, 208.2212626650426159 ) ) ;
#8173 = ORIENTED_EDGE ( 'NONE', *, *, #3569, .T. ) ;
#8174 = VECTOR ( 'NONE', #4529, 1000.000000000000000 ) ;
#8175 = CARTESIAN_POINT ( 'NONE',  ( 17.99999999999963762, 2.440055818346179350, 207.4609212412907766 ) ) ;
#8176 = CARTESIAN_POINT ( 'NONE',  ( 0.000000000000000000, -0.6249999999999998890, 217.0000000000000853 ) ) ;
#8177 = UNCERTAINTY_MEASURE_WITH_UNIT (LENGTH_MEASURE( 1.000000000000000082E-05 ), #5987, 'distance_accuracy_value', 'NONE');
#8178 = CARTESIAN_POINT ( 'NONE',  ( 16.28885140866399084, -11.95919880193846829, 99.92106913921365674 ) ) ;
#8179 = DIRECTION ( 'NONE',  ( -1.000000000000000000, -5.728085021779797867E-16, 0.000000000000000000 ) ) ;
#8180 = CARTESIAN_POINT ( 'NONE',  ( 16.00000000000000000, 12.00000000000000178, 109.0000000000000000 ) ) ;
#8181 = CARTESIAN_POINT ( 'NONE',  ( 13.47360569058453450, 4.447089202853787171, 108.6965145361764371 ) ) ;
#8182 = VECTOR ( 'NONE', #6971, 1000.000000000000000 ) ;
#8183 = EDGE_CURVE ( 'NONE', #5323, #3691, #4264, .T. ) ;
#8184 =( GEOMETRIC_REPRESENTATION_CONTEXT ( 3 ) GLOBAL_UNCERTAINTY_ASSIGNED_CONTEXT ( ( #9139 ) ) GLOBAL_UNIT_ASSIGNED_CONTEXT ( ( #3297, #1779, #9211 ) ) REPRESENTATION_CONTEXT ( 'NONE', 'WORKASPACE' ) );
#8185 = EDGE_CURVE ( 'NONE', #8807, #8387, #3483, .T. ) ;
#8186 = EDGE_CURVE ( 'NONE', #4328, #1602, #8433, .T. ) ;
#8187 = EDGE_LOOP ( 'NONE', ( #7853, #2220, #5402, #1745 ) ) ;
#8188 = FILL_AREA_STYLE_COLOUR ( '', #3028 ) ;
#8189 = COLOUR_RGB ( '',1.000000000000000000, 0.7490196078431372584, 0.000000000000000000 ) ;
#8190 = ORIENTED_EDGE ( 'NONE', *, *, #3502, .T. ) ;
#8191 = SURFACE_SIDE_STYLE ('',( #9654 ) ) ;
#8192 = EDGE_LOOP ( 'NONE', ( #3688, #9854, #4084, #4989, #7308, #2396 ) ) ;
#8193 = CARTESIAN_POINT ( 'NONE',  ( -17.00000000000000000, 11.00000000000000355, 0.7639320225002188547 ) ) ;
#8194 = EDGE_CURVE ( 'NONE', #1536, #4195, #5834, .T. ) ;
#8195 = DIRECTION ( 'NONE',  ( -0.000000000000000000, 0.000000000000000000, -1.000000000000000000 ) ) ;
#8196 = VECTOR ( 'NONE', #4277, 1000.000000000000000 ) ;
#8197 = EDGE_LOOP ( 'NONE', ( #341, #5859, #6527, #498 ) ) ;
#8198 = PRESENTATION_LAYER_ASSIGNMENT (  '', '', ( #1473 ) ) ;
#8199 = CARTESIAN_POINT ( 'NONE',  ( 17.49999999999963052, 1.826605627199249682, 207.9812079257295636 ) ) ;
#8200 = PRESENTATION_STYLE_ASSIGNMENT (( #8103 ) ) ;
#8201 = CARTESIAN_POINT ( 'NONE',  ( -11.87499999999999822, -3.750000000000000444, 197.0000000000000000 ) ) ;
#8202 = CARTESIAN_POINT ( 'NONE',  ( 17.99999999999962697, 4.085900251424392060, 207.1514296222750318 ) ) ;
#8203 = ORIENTED_EDGE ( 'NONE', *, *, #3967, .F. ) ;
#8204 = CARTESIAN_POINT ( 'NONE',  ( 17.99999999999963052, -1.793164062500006262, 207.7587890625000284 ) ) ;
#8205 =( GEOMETRIC_REPRESENTATION_CONTEXT ( 3 ) GLOBAL_UNCERTAINTY_ASSIGNED_CONTEXT ( ( #8834 ) ) GLOBAL_UNIT_ASSIGNED_CONTEXT ( ( #2803, #5839, #1395 ) ) REPRESENTATION_CONTEXT ( 'NONE', 'WORKASPACE' ) );
#8206 = EDGE_CURVE ( 'NONE', #1951, #6700, #8919, .T. ) ;
#8207 = CARTESIAN_POINT ( 'NONE',  ( 17.49999999999962697, 3.477793800870984775, 206.5135492865707079 ) ) ;
#8208 = CARTESIAN_POINT ( 'NONE',  ( 17.49999999999963052, 3.075358306845346945, 207.7330787949111368 ) ) ;
#8209 = CARTESIAN_POINT ( 'NONE',  ( 0.000000000000000000, 1.000000000000000000, 216.2500000000000853 ) ) ;
#8210 = FILL_AREA_STYLE_COLOUR ( '', #4650 ) ;
#8211 = DIRECTION ( 'NONE',  ( -0.000000000000000000, -0.000000000000000000, -1.000000000000000000 ) ) ;
#8212 = VECTOR ( 'NONE', #876, 1000.000000000000000 ) ;
#8213 = CARTESIAN_POINT ( 'NONE',  ( -15.87499999999981704, 3.114153810241814480, 108.9384014814613124 ) ) ;
#8214 =( LENGTH_UNIT ( ) NAMED_UNIT ( * ) SI_UNIT ( .MILLI., .METRE. ) );
#8215 = PRESENTATION_STYLE_ASSIGNMENT (( #2044 ) ) ;
#8216 = ORIENTED_EDGE ( 'NONE', *, *, #3983, .F. ) ;
#8217 = CARTESIAN_POINT ( 'NONE',  ( 17.49999999999962697, 3.220045057481521145, 206.7901260199356273 ) ) ;
#8218 = ORIENTED_EDGE ( 'NONE', *, *, #2009, .F. ) ;
#8219 = MECHANICAL_DESIGN_GEOMETRIC_PRESENTATION_REPRESENTATION (  '', ( #8062 ), #377 ) ;
#8220 = CARTESIAN_POINT ( 'NONE',  ( 17.99999999999963052, 3.515452858365851974, 207.9038097586839058 ) ) ;
#8221 = ORIENTED_EDGE ( 'NONE', *, *, #8752, .F. ) ;
#8222 = CARTESIAN_POINT ( 'NONE',  ( 17.49999999999965539, 2.221920829209961479, 207.7438649339206904 ) ) ;
#8223 = DIRECTION ( 'NONE',  ( 0.7071067811865486830, 0.7071067811865464625, -0.000000000000000000 ) ) ;
#8224 = FACE_BOUND ( 'NONE', #5374, .T. ) ;
#8225 = CARTESIAN_POINT ( 'NONE',  ( 17.49999999999963052, 2.418667133121031210, 208.3989042901693836 ) ) ;
#8226 = UNCERTAINTY_MEASURE_WITH_UNIT (LENGTH_MEASURE( 1.000000000000000082E-05 ), #8693, 'distance_accuracy_value', 'NONE');
#8227 = CARTESIAN_POINT ( 'NONE',  ( -1.176359357146760478E-15, -5.425000000000030909, 198.7500000000000000 ) ) ;
#8228 = SURFACE_STYLE_FILL_AREA ( #5953 ) ;
#8229 = CARTESIAN_POINT ( 'NONE',  ( 17.99999999999963052, -1.540234375000006262, 208.1704101562500284 ) ) ;
#8230 = CARTESIAN_POINT ( 'NONE',  ( 12.67741688189969906, 4.005930749072508235, 108.7971986315036190 ) ) ;
#8231 = DIRECTION ( 'NONE',  ( -0.000000000000000000, -0.000000000000000000, 1.000000000000000000 ) ) ;
#8232 = STYLED_ITEM ( 'NONE', ( #3346 ), #3704 ) ;
#8233 = VERTEX_POINT ( 'NONE', #7298 ) ;
#8234 = FACE_OUTER_BOUND ( 'NONE', #5683, .T. ) ;
#8235 = ORIENTED_EDGE ( 'NONE', *, *, #2979, .F. ) ;
#8236 = CARTESIAN_POINT ( 'NONE',  ( 17.49999999999962697, 3.512499999999993516, 207.6875000000000568 ) ) ;
#8237 = CARTESIAN_POINT ( 'NONE',  ( -12.62499999999999822, -3.000000000000000888, 197.0000000000000000 ) ) ;
#8238 = CARTESIAN_POINT ( 'NONE',  ( 17.99999999999963052, 3.519666008439210181, 208.8820605536478752 ) ) ;
#8239 = CARTESIAN_POINT ( 'NONE',  ( 17.49999999999961986, 2.354325951788267091, 208.9161302930936586 ) ) ;
#8240 = DIRECTION ( 'NONE',  ( -0.000000000000000000, -0.000000000000000000, -1.000000000000000000 ) ) ;
#8241 = ORIENTED_EDGE ( 'NONE', *, *, #7092, .F. ) ;
#8242 = CARTESIAN_POINT ( 'NONE',  ( 17.99999999999962697, 4.528590222734415249, 207.3031966069625298 ) ) ;
#8243 = B_SPLINE_CURVE_WITH_KNOTS ( 'NONE', 3,
 ( #3928, #5435, #6948, #6902, #9302, #4725, #5386, #1668, #74, #8613, #4634 ),
 .UNSPECIFIED., .F., .F.,
 ( 4, 1, 1, 1, 1, 1, 1, 1, 4 ),
 ( 0.000000000000000000, 0.07078493116726439216, 0.1560369318247087633, 0.2571187695565232412, 0.3746652335176297033, 0.5066268614703199891, 0.6552874308566649653, 0.8200059092138830552, 0.9999999999999998890 ),
 .UNSPECIFIED. ) ;
#8244 = B_SPLINE_SURFACE_WITH_KNOTS ( 'NONE', 3, 1, ( 
 ( #5117, #3512 ),
 ( #8908, #664 ),
 ( #6676, #3714 ),
 ( #9758, #6731 ),
 ( #9046, #1968 ),
 ( #4319, #5065 ),
 ( #2930, #4416 ),
 ( #5765, #5963 ),
 ( #471, #2884 ),
 ( #5914, #6572 ),
 ( #8857, #5009 ) ),
 .UNSPECIFIED., .F., .F., .F.,
 ( 4, 1, 1, 1, 1, 1, 1, 1, 4 ),
 ( 2, 2 ),
 ( 0.000000000000000000, 0.09161935188691987253, 0.1915891571871788934, 0.3012049763652211998, 0.4205728124693625114, 0.5500131486325662289, 0.6898174145684852210, 0.8395810633706128900, 1.000000000000000000 ),
 ( 0.000000000000000000, 1.000000000000000000 ),
 .UNSPECIFIED. ) ;
#8245 = FILL_AREA_STYLE_COLOUR ( '', #5247 ) ;
#8246 = CARTESIAN_POINT ( 'NONE',  ( -12.62499999999999822, 5.425000000000027356, 198.7500000000000000 ) ) ;
#8247 = PRESENTATION_LAYER_ASSIGNMENT (  '', '', ( #255 ) ) ;
#8248 = ORIENTED_EDGE ( 'NONE', *, *, #1169, .F. ) ;
#8249 = CARTESIAN_POINT ( 'NONE',  ( 17.99999999999963052, 1.237597656249993960, 208.5937500000000568 ) ) ;
#8250 = DIRECTION ( 'NONE',  ( 0.9576138124097702820, -0.2880551792313847392, 0.000000000000000000 ) ) ;
#8251 =( NAMED_UNIT ( * ) PLANE_ANGLE_UNIT ( ) SI_UNIT ( $, .RADIAN. ) );
#8252 = FILL_AREA_STYLE_COLOUR ( '', #606 ) ;
#8253 =( LENGTH_UNIT ( ) NAMED_UNIT ( * ) SI_UNIT ( .MILLI., .METRE. ) );
#8254 = CARTESIAN_POINT ( 'NONE',  ( -15.85248608513595947, -2.771882375959564104, 108.9707309910885584 ) ) ;
#8255 =( GEOMETRIC_REPRESENTATION_CONTEXT ( 3 ) GLOBAL_UNCERTAINTY_ASSIGNED_CONTEXT ( ( #7111 ) ) GLOBAL_UNIT_ASSIGNED_CONTEXT ( ( #1941, #7300, #1990 ) ) REPRESENTATION_CONTEXT ( 'NONE', 'WORKASPACE' ) );
#8256 = LINE ( 'NONE', #1393, #3858 ) ;
#8257 = AXIS2_PLACEMENT_3D ( 'NONE', #55, #9898, #8492 ) ;
#8258 = VERTEX_POINT ( 'NONE', #7398 ) ;
#8259 = CARTESIAN_POINT ( 'NONE',  ( -15.87500000000762945, 3.000000000000974776, 108.9498743710667839 ) ) ;
#8260 = DIRECTION ( 'NONE',  ( -0.000000000000000000, -0.000000000000000000, -1.000000000000000000 ) ) ;
#8261 =( NAMED_UNIT ( * ) PLANE_ANGLE_UNIT ( ) SI_UNIT ( $, .RADIAN. ) );
#8262 = DIRECTION ( 'NONE',  ( -0.000000000000000000, -0.000000000000000000, -1.000000000000000000 ) ) ;
#8263 = ORIENTED_EDGE ( 'NONE', *, *, #571, .F. ) ;
#8264 = CARTESIAN_POINT ( 'NONE',  ( -16.44782782796679399, 11.90162390160876171, 2.212471526894211227 ) ) ;
#8265 = ORIENTED_EDGE ( 'NONE', *, *, #3853, .T. ) ;
#8266 = MECHANICAL_DESIGN_GEOMETRIC_PRESENTATION_REPRESENTATION (  '', ( #3433 ), #6830 ) ;
#8267 = DIRECTION ( 'NONE',  ( -0.000000000000000000, 0.000000000000000000, -1.000000000000000000 ) ) ;
#8268 = ADVANCED_FACE ( 'NONE', ( #6547 ), #4939, .F. ) ;
#8269 = CARTESIAN_POINT ( 'NONE',  ( 17.49999999999965539, 2.352106520094841446, 207.6639567031895695 ) ) ;
#8270 = DIRECTION ( 'NONE',  ( 1.040834085586084099E-14, -1.000000000000000000, 0.000000000000000000 ) ) ;
#8271 = FILL_AREA_STYLE_COLOUR ( '', #207 ) ;
#8272 = AXIS2_PLACEMENT_3D ( 'NONE', #7071, #201, #6970 ) ;
#8273 = UNCERTAINTY_MEASURE_WITH_UNIT (LENGTH_MEASURE( 1.000000000000000082E-05 ), #8699, 'distance_accuracy_value', 'NONE');
#8274 = AXIS2_PLACEMENT_3D ( 'NONE', #1556, #4659, #3955 ) ;
#8275 = LINE ( 'NONE', #3068, #4021 ) ;
#8276 = DIRECTION ( 'NONE',  ( 1.000000000000000000, 0.000000000000000000, -8.583663793918551117E-34 ) ) ;
#8277 = PRESENTATION_STYLE_ASSIGNMENT (( #2012 ) ) ;
#8278 = CARTESIAN_POINT ( 'NONE',  ( 15.32209502438259285, 4.006373581523466676, 108.7971088786315192 ) ) ;
#8279 = ORIENTED_EDGE ( 'NONE', *, *, #8390, .T. ) ;
#8280 = AXIS2_PLACEMENT_3D ( 'NONE', #6425, #8805, #4968 ) ;
#8281 = ADVANCED_FACE ( 'NONE', ( #3047 ), #2258, .T. ) ;
#8282 = VERTEX_POINT ( 'NONE', #7607 ) ;
#8283 = EDGE_CURVE ( 'NONE', #2763, #1035, #4780, .T. ) ;
#8284 = CARTESIAN_POINT ( 'NONE',  ( 17.99999999999963052, 1.896826739058594891, 207.5797820698750229 ) ) ;
#8285 = STYLED_ITEM ( 'NONE', ( #8957 ), #6840 ) ;
#8286 =( GEOMETRIC_REPRESENTATION_CONTEXT ( 3 ) GLOBAL_UNCERTAINTY_ASSIGNED_CONTEXT ( ( #362 ) ) GLOBAL_UNIT_ASSIGNED_CONTEXT ( ( #4818, #8655, #6941 ) ) REPRESENTATION_CONTEXT ( 'NONE', 'WORKASPACE' ) );
#8287 = ORIENTED_EDGE ( 'NONE', *, *, #5101, .T. ) ;
#8288 = DIRECTION ( 'NONE',  ( -0.7071067811865465735, 0.7071067811865485719, 0.000000000000000000 ) ) ;
#8289 = LINE ( 'NONE', #8146, #8741 ) ;
#8290 = CARTESIAN_POINT ( 'NONE',  ( 17.99999999999962341, 3.815234374999993960, 206.8437500000000568 ) ) ;
#8291 = FILL_AREA_STYLE_COLOUR ( '', #7167 ) ;
#8292 = SURFACE_STYLE_FILL_AREA ( #6624 ) ;
#8293 = VECTOR ( 'NONE', #6051, 1000.000000000000000 ) ;
#8294 = CARTESIAN_POINT ( 'NONE',  ( -13.62500000000001954, 1.874731612229401101, 197.7500000000000000 ) ) ;
#8295 = AXIS2_PLACEMENT_3D ( 'NONE', #4426, #6687, #5824 ) ;
#8296 = ORIENTED_EDGE ( 'NONE', *, *, #3096, .F. ) ;
#8297 = SURFACE_STYLE_USAGE ( .BOTH. , #7542 ) ;
#8298 = DIRECTION ( 'NONE',  ( 0.000000000000000000, 0.000000000000000000, 1.000000000000000000 ) ) ;
#8299 = DIRECTION ( 'NONE',  ( 1.000000000000000000, 2.168404344970974848E-16, 0.000000000000000000 ) ) ;
#8300 = DIRECTION ( 'NONE',  ( -1.000000000000000000, -6.591949208711864434E-14, 0.000000000000000000 ) ) ;
#8301 = CARTESIAN_POINT ( 'NONE',  ( 11.87499999999963229, 0.000000000000000000, 217.0000000000000853 ) ) ;
#8302 = AXIS2_PLACEMENT_3D ( 'NONE', #5388, #634, #583 ) ;
#8303 = ORIENTED_EDGE ( 'NONE', *, *, #9645, .T. ) ;
#8304 = CARTESIAN_POINT ( 'NONE',  ( 17.49999999999964118, 2.789566512352566363, 207.7079736411794499 ) ) ;
#8305 = CARTESIAN_POINT ( 'NONE',  ( 17.99999999999963407, -5.324999999999987743, 212.0000000000000853 ) ) ;
#8306 = CARTESIAN_POINT ( 'NONE',  ( -16.62500000000006395, 0.000000000000000000, 198.7500000000000000 ) ) ;
#8307 = CARTESIAN_POINT ( 'NONE',  ( 15.49999999999963229, 2.499999999999999556, 215.7500000000000853 ) ) ;
#8308 = DIRECTION ( 'NONE',  ( 2.891205793294678326E-16, -1.000000000000000000, 0.000000000000000000 ) ) ;
#8309 =( NAMED_UNIT ( * ) PLANE_ANGLE_UNIT ( ) SI_UNIT ( $, .RADIAN. ) );
#8310 = EDGE_CURVE ( 'NONE', #9243, #8807, #8707, .T. ) ;
#8311 = EDGE_CURVE ( 'NONE', #1852, #2832, #5439, .T. ) ;
#8312 = FILL_AREA_STYLE_COLOUR ( '', #8351 ) ;
#8313 = EDGE_CURVE ( 'NONE', #9720, #6114, #1628, .T. ) ;
#8314 = ORIENTED_EDGE ( 'NONE', *, *, #6790, .F. ) ;
#8315 = LINE ( 'NONE', #6138, #7900 ) ;
#8316 = LINE ( 'NONE', #687, #1415 ) ;
#8317 = PLANE ( 'NONE',  #1630 ) ;
#8318 = ORIENTED_EDGE ( 'NONE', *, *, #9134, .T. ) ;
#8319 = UNCERTAINTY_MEASURE_WITH_UNIT (LENGTH_MEASURE( 1.000000000000000082E-05 ), #8488, 'distance_accuracy_value', 'NONE');
#8320 = LINE ( 'NONE', #7512, #3345 ) ;
#8321 = ORIENTED_EDGE ( 'NONE', *, *, #3408, .T. ) ;
#8322 = VECTOR ( 'NONE', #4177, 1000.000000000000000 ) ;
#8323 = CARTESIAN_POINT ( 'NONE',  ( 17.99999999999962697, 4.106249999999993960, 207.6875000000000568 ) ) ;
#8324 = FILL_AREA_STYLE ('',( #2313 ) ) ;
#8325 =( NAMED_UNIT ( * ) PLANE_ANGLE_UNIT ( ) SI_UNIT ( $, .RADIAN. ) );
#8326 = B_SPLINE_CURVE_WITH_KNOTS ( 'NONE', 3,
 ( #1722, #9695, #2058, #5108, #8178, #1301, #6275, #9351, #2487, #9181, #7627, #3065 ),
 .UNSPECIFIED., .F., .F.,
 ( 4, 2, 2, 2, 2, 4 ),
 ( -2.000000826450419155E-05, 0.0005576208941980336431, 0.001135241796660571437, 0.002290483601585650061, 0.003445725406510728901, 0.004600967211435807308 ),
 .UNSPECIFIED. ) ;
#8327 = CARTESIAN_POINT ( 'NONE',  ( 17.99999999999963052, 2.856249999999994404, 207.2910156250000568 ) ) ;
#8328 = SURFACE_SIDE_STYLE ('',( #9277 ) ) ;
#8329 = LINE ( 'NONE', #4355, #8363 ) ;
#8330 =( NAMED_UNIT ( * ) PLANE_ANGLE_UNIT ( ) SI_UNIT ( $, .RADIAN. ) );
#8331 = UNCERTAINTY_MEASURE_WITH_UNIT (LENGTH_MEASURE( 1.000000000000000082E-05 ), #6519, 'distance_accuracy_value', 'NONE');
#8332 = PLANE ( 'NONE',  #114 ) ;
#8333 = SURFACE_STYLE_FILL_AREA ( #3854 ) ;
#8334 = DIRECTION ( 'NONE',  ( -0.9578262852211636424, -0.2873478855663048614, 0.000000000000000000 ) ) ;
#8335 = EDGE_CURVE ( 'NONE', #4347, #3185, #872, .T. ) ;
#8336 = LINE ( 'NONE', #8388, #5219 ) ;
#8337 = B_SPLINE_SURFACE_WITH_KNOTS ( 'NONE', 3, 1, ( 
 ( #2733, #5768 ),
 ( #9711, #8860 ),
 ( #2835, #4270 ),
 ( #5868, #7332 ),
 ( #6575, #8961 ),
 ( #1317, #6679 ),
 ( #4370, #5917 ),
 ( #2886, #5169 ),
 ( #3664, #9005 ),
 ( #1372, #620 ),
 ( #6734, #2123 ),
 ( #8238, #4419 ),
 ( #7485, #2558 ),
 ( #9420, #1087 ),
 ( #3209, #292 ),
 ( #1636, #4689 ),
 ( #2405, #7113 ),
 ( #4137, #1684 ),
 ( #7826, #5499 ) ),
 .UNSPECIFIED., .F., .F., .F.,
 ( 4, 1, 1, 1, 1, 1, 1, 1, 1, 1, 1, 1, 1, 1, 1, 1, 4 ),
 ( 2, 2 ),
 ( 0.000000000000000000, 0.06783905803906928322, 0.1337522889972232454, 0.1973850191154391809, 0.2595286092226563035, 0.3199230995342072781, 0.3792466348613999227, 0.4383647567973350534, 0.4966639238498927744, 0.5551746798191102839, 0.6146509980048966426, 0.6746606018237308877, 0.7357923351408228729, 0.7988152502310579273, 0.8635908144692157062, 0.9303742151501103175, 0.9999999999999998890 ),
 ( 0.000000000000000000, 1.000000000000000000 ),
 .UNSPECIFIED. ) ;
#8338 = PRESENTATION_LAYER_ASSIGNMENT (  '', '', ( #3367 ) ) ;
#8339 = ORIENTED_EDGE ( 'NONE', *, *, #8158, .T. ) ;
#8340 = PRESENTATION_STYLE_ASSIGNMENT (( #9094 ) ) ;
#8341 = ORIENTED_EDGE ( 'NONE', *, *, #8373, .F. ) ;
#8342 = CARTESIAN_POINT ( 'NONE',  ( 17.99999999999963052, -0.5187500000000057065, 209.0000000000000568 ) ) ;
#8343 = DIRECTION ( 'NONE',  ( 0.000000000000000000, -1.000000000000000000, 0.000000000000000000 ) ) ;
#8344 = PRESENTATION_LAYER_ASSIGNMENT (  '', '', ( #2098 ) ) ;
#8345 = AXIS2_PLACEMENT_3D ( 'NONE', #7144, #3237, #7049 ) ;
#8346 = CARTESIAN_POINT ( 'NONE',  ( 17.99999999999963052, 2.445257983704552718, 207.2136999237905286 ) ) ;
#8347 = EDGE_CURVE ( 'NONE', #2343, #1211, #7462, .T. ) ;
#8348 = CARTESIAN_POINT ( 'NONE',  ( 17.49999999999962697, 5.824999999999993960, 205.0000000000000568 ) ) ;
#8349 = ORIENTED_EDGE ( 'NONE', *, *, #8477, .T. ) ;
#8350 = SURFACE_STYLE_USAGE ( .BOTH. , #907 ) ;
#8351 = COLOUR_RGB ( '',1.000000000000000000, 0.7490196078431372584, 0.000000000000000000 ) ;
#8352 = VECTOR ( 'NONE', #6682, 1000.000000000000000 ) ;
#8353 = CARTESIAN_POINT ( 'NONE',  ( 17.99999999999963052, 3.796992763627563772, 208.9372771374064826 ) ) ;
#8354 = DIRECTION ( 'NONE',  ( -1.000000000000000000, -5.728085021779797867E-16, 8.583663793918551117E-34 ) ) ;
#8355 = SURFACE_STYLE_FILL_AREA ( #6791 ) ;
#8356 = CARTESIAN_POINT ( 'NONE',  ( 17.49999999999963052, 2.846778553753661178, 207.4740269730285718 ) ) ;
#8357 = VERTEX_POINT ( 'NONE', #4677 ) ;
#8358 = CARTESIAN_POINT ( 'NONE',  ( 0.000000000000000000, 0.6250000000000001110, 217.0000000000000853 ) ) ;
#8360 = COLOUR_RGB ( '',1.000000000000000000, 1.000000000000000000, 1.000000000000000000 ) ;
#8359 = CARTESIAN_POINT ( 'NONE',  ( 17.99999999999963407, 2.854770383611750617, 207.1978637864689858 ) ) ;
#8361 = CARTESIAN_POINT ( 'NONE',  ( 17.99999999999962697, 4.429492187499993072, 208.5366210937500284 ) ) ;
#8362 = CARTESIAN_POINT ( 'NONE',  ( 17.49999999999963052, 3.618364259611268174, 208.4500118577242631 ) ) ;
#8363 = VECTOR ( 'NONE', #2319, 1000.000000000000000 ) ;
#8364 = DIRECTION ( 'NONE',  ( 0.000000000000000000, -1.000000000000000000, 0.000000000000000000 ) ) ;
#8365 = ORIENTED_EDGE ( 'NONE', *, *, #2401, .F. ) ;
#8366 = VERTEX_POINT ( 'NONE', #279 ) ;
#8367 = SURFACE_STYLE_FILL_AREA ( #4490 ) ;
#8368 = CARTESIAN_POINT ( 'NONE',  ( 17.99999999999963407, 3.904599718111236850, 206.8554829926777643 ) ) ;
#8369 = FACE_OUTER_BOUND ( 'NONE', #9097, .T. ) ;
#8370 = ORIENTED_EDGE ( 'NONE', *, *, #4727, .T. ) ;
#8371 = CARTESIAN_POINT ( 'NONE',  ( -15.87500000000000711, 2.999999999999998224, 191.0000000000000000 ) ) ;
#8372 = ORIENTED_EDGE ( 'NONE', *, *, #4713, .T. ) ;
#8373 = EDGE_CURVE ( 'NONE', #3273, #5132, #3296, .T. ) ;
#8374 = CARTESIAN_POINT ( 'NONE',  ( 15.49999999999963229, -2.500000000000000444, 215.7500000000000853 ) ) ;
#8375 = CARTESIAN_POINT ( 'NONE',  ( -15.62499999999994493, -0.8752683877705511595, 198.7500000000000000 ) ) ;
#8376 = LINE ( 'NONE', #604, #5366 ) ;
#8377 = MECHANICAL_DESIGN_GEOMETRIC_PRESENTATION_REPRESENTATION (  '', ( #3547 ), #1634 ) ;
#8378 = SURFACE_SIDE_STYLE ('',( #2152 ) ) ;
#8379 = SURFACE_STYLE_USAGE ( .BOTH. , #8328 ) ;
#8380 = CARTESIAN_POINT ( 'NONE',  ( 17.99999999999963052, -1.281933593750006262, 207.7758789062500568 ) ) ;
#8381 = UNCERTAINTY_MEASURE_WITH_UNIT (LENGTH_MEASURE( 1.000000000000000082E-05 ), #6914, 'distance_accuracy_value', 'NONE');
#8382 = CARTESIAN_POINT ( 'NONE',  ( 17.49999999999963052, 1.824999999999993516, 207.2548828125000284 ) ) ;
#8383 = CARTESIAN_POINT ( 'NONE',  ( 17.49999999999963407, 1.570304536001098095, 208.5835890961145651 ) ) ;
#8384 = VECTOR ( 'NONE', #4674, 1000.000000000000000 ) ;
#8385 = FILL_AREA_STYLE_COLOUR ( '', #9747 ) ;
#8386 = CARTESIAN_POINT ( 'NONE',  ( 17.99999999999962697, 1.825744916917470873, 208.1149993596013985 ) ) ;
#8387 = VERTEX_POINT ( 'NONE', #7813 ) ;
#8388 = CARTESIAN_POINT ( 'NONE',  ( -1.530815566364603475, 5.102718554549144692, 198.7500000000000000 ) ) ;
#8389 = AXIS2_PLACEMENT_3D ( 'NONE', #3515, #378, #9657 ) ;
#8390 = EDGE_CURVE ( 'NONE', #519, #8088, #228, .T. ) ;
#8391 = VERTEX_POINT ( 'NONE', #7056 ) ;
#8392 = ORIENTED_EDGE ( 'NONE', *, *, #8036, .T. ) ;
#8393 = CARTESIAN_POINT ( 'NONE',  ( 17.99999999999963052, 1.496386718749993738, 206.8862304687500568 ) ) ;
#8394 =( NAMED_UNIT ( * ) PLANE_ANGLE_UNIT ( ) SI_UNIT ( $, .RADIAN. ) );
#8395 = VECTOR ( 'NONE', #2358, 1000.000000000000000 ) ;
#8396 =( LENGTH_UNIT ( ) NAMED_UNIT ( * ) SI_UNIT ( .MILLI., .METRE. ) );
#8397 = CARTESIAN_POINT ( 'NONE',  ( 17.49999999999961986, 2.291598555621146449, 208.9288258270470067 ) ) ;
#8398 = CARTESIAN_POINT ( 'NONE',  ( 17.99999999999962341, 2.357665749420739143, 206.4405409632642545 ) ) ;
#8399 = CARTESIAN_POINT ( 'NONE',  ( 17.99999999999963052, 1.825959845625527711, 207.2250223028126754 ) ) ;
#8400 = EDGE_LOOP ( 'NONE', ( #2127, #8015, #8958, #2897 ) ) ;
#8401 = CARTESIAN_POINT ( 'NONE',  ( 17.99999999999962697, 3.528017925053920312, 208.1572434063212143 ) ) ;
#8402 = CARTESIAN_POINT ( 'NONE',  ( -15.99999999999999645, -11.99999999999999822, 99.00000000000000000 ) ) ;
#8403 = DIRECTION ( 'NONE',  ( 9.033312326975025749E-32, -1.577021341797095835E-16, -1.000000000000000000 ) ) ;
#8404 = CARTESIAN_POINT ( 'NONE',  ( 17.49999999999963407, 2.157519531249993960, 207.7500000000000568 ) ) ;
#8405 = CARTESIAN_POINT ( 'NONE',  ( 8.250957454590196162E-15, -0.8747316122292613239, 197.7500000000000000 ) ) ;
#8406 = ORIENTED_EDGE ( 'NONE', *, *, #1407, .T. ) ;
#8407 = FACE_OUTER_BOUND ( 'NONE', #2761, .T. ) ;
#8408 = VECTOR ( 'NONE', #6961, 1000.000000000000000 ) ;
#8409 = DIRECTION ( 'NONE',  ( -1.000000000000000000, -2.891205793294678326E-16, 0.000000000000000000 ) ) ;
#8410 =( NAMED_UNIT ( * ) SI_UNIT ( $, .STERADIAN. ) SOLID_ANGLE_UNIT ( ) );
#8411 = VERTEX_POINT ( 'NONE', #5584 ) ;
#8412 = CARTESIAN_POINT ( 'NONE',  ( -11.87499999999999822, 3.750000000000000444, 197.0000000000000000 ) ) ;
#8413 = ORIENTED_EDGE ( 'NONE', *, *, #2661, .F. ) ;
#8414 = LINE ( 'NONE', #136, #9748 ) ;
#8415 = VECTOR ( 'NONE', #9132, 1000.000000000000000 ) ;
#8416 = LINE ( 'NONE', #2305, #4133 ) ;
#8417 = FACE_OUTER_BOUND ( 'NONE', #6959, .T. ) ;
#8418 = VERTEX_POINT ( 'NONE', #9450 ) ;
#8419 = UNCERTAINTY_MEASURE_WITH_UNIT (LENGTH_MEASURE( 1.000000000000000082E-05 ), #2800, 'distance_accuracy_value', 'NONE');
#8420 = CARTESIAN_POINT ( 'NONE',  ( -16.74437967111206049, 11.67953756062286530, 1.634808137661294625 ) ) ;
#8421 = EDGE_LOOP ( 'NONE', ( #3956, #5830, #603, #9497 ) ) ;
#8422 = B_SPLINE_SURFACE_WITH_KNOTS ( 'NONE', 3, 1, ( 
 ( #6075, #8468 ),
 ( #6181, #6286 ),
 ( #7712, #831 ),
 ( #1535, #6231 ),
 ( #928, #9307 ),
 ( #7661, #3979 ),
 ( #783, #2451 ),
 ( #5490, #2496 ),
 ( #2395, #3878 ),
 ( #6908, #5440 ),
 ( #79, #8517 ) ),
 .UNSPECIFIED., .F., .F., .F.,
 ( 4, 1, 1, 1, 1, 1, 1, 1, 4 ),
 ( 2, 2 ),
 ( 0.000000000000000000, 0.1430511810501047254, 0.2738933780560572351, 0.3963871045147792094, 0.5132402418846570002, 0.6274337597381003384, 0.7433886801844452608, 0.8669336182356663922, 1.000000000000000000 ),
 ( 0.000000000000000000, 1.000000000000000000 ),
 .UNSPECIFIED. ) ;
#8423 = CARTESIAN_POINT ( 'NONE',  ( 17.99999999999962697, 5.824999999999993960, 210.5000000000000853 ) ) ;
#8424 = EDGE_CURVE ( 'NONE', #3640, #1951, #7348, .T. ) ;
#8425 = VECTOR ( 'NONE', #2025, 1000.000000000000227 ) ;
#8426 = CARTESIAN_POINT ( 'NONE',  ( 17.99999999999962697, 2.065533351969251363, 208.0669368592127171 ) ) ;
#8427 = PRESENTATION_LAYER_ASSIGNMENT (  '', '', ( #5530 ) ) ;
#8428 = ADVANCED_FACE ( 'NONE', ( #7003 ), #129, .T. ) ;
#8429 = EDGE_CURVE ( 'NONE', #881, #8550, #9660, .T. ) ;
#8430 = SURFACE_STYLE_USAGE ( .BOTH. , #8378 ) ;
#8431 =( NAMED_UNIT ( * ) SI_UNIT ( $, .STERADIAN. ) SOLID_ANGLE_UNIT ( ) );
#8432 =( NAMED_UNIT ( * ) PLANE_ANGLE_UNIT ( ) SI_UNIT ( $, .RADIAN. ) );
#8433 = B_SPLINE_CURVE_WITH_KNOTS ( 'NONE', 3,
 ( #7451, #8927, #1938, #539, #7345, #585, #491, #2901, #1183, #4985, #1335, #1137, #3532, #6589, #8163, #4185, #3630, #2089, #8825 ),
 .UNSPECIFIED., .F., .F.,
 ( 4, 1, 1, 1, 1, 1, 1, 1, 1, 1, 1, 1, 1, 1, 1, 1, 4 ),
 ( 0.000000000000000000, 0.06977439093998297204, 0.1369485502030623747, 0.2015427567344003634, 0.2639747700983332557, 0.3245860531409137106, 0.3847498050942625980, 0.4446895585472929735, 0.5044699681115539791, 0.5642687851787119291, 0.6236654370962211313, 0.6826488898969217400, 0.7425866031602458284, 0.8036581578908771339, 0.8664261657430645247, 0.9318947678140718782, 1.000000000000000000 ),
 .UNSPECIFIED. ) ;
#8434 = SURFACE_STYLE_FILL_AREA ( #700 ) ;
#8435 = VECTOR ( 'NONE', #2054, 1000.000000000000000 ) ;
#8436 = SURFACE_STYLE_USAGE ( .BOTH. , #1501 ) ;
#8437 = UNCERTAINTY_MEASURE_WITH_UNIT (LENGTH_MEASURE( 1.000000000000000082E-05 ), #4455, 'distance_accuracy_value', 'NONE');
#8438 = MECHANICAL_DESIGN_GEOMETRIC_PRESENTATION_REPRESENTATION (  '', ( #9237 ), #4893 ) ;
#8439 = CARTESIAN_POINT ( 'NONE',  ( 16.49999999999962697, -1.000000000000000000, 212.0000000000000853 ) ) ;
#8440 = CARTESIAN_POINT ( 'NONE',  ( 17.99999999999964118, 1.847468335955554375, 208.2631861786888976 ) ) ;
#8441 = EDGE_LOOP ( 'NONE', ( #6806, #1490 ) ) ;
#8442 = CARTESIAN_POINT ( 'NONE',  ( 17.49999999999962697, 4.528590222734419690, 208.0718033930376691 ) ) ;
#8443 = VECTOR ( 'NONE', #7982, 1000.000000000000000 ) ;
#8444 = EDGE_CURVE ( 'NONE', #8965, #8145, #6534, .T. ) ;
#8445 = EDGE_CURVE ( 'NONE', #9561, #1449, #9610, .T. ) ;
#8446 = VERTEX_POINT ( 'NONE', #1217 ) ;
#8447 = CARTESIAN_POINT ( 'NONE',  ( 17.49999999999963052, 2.295213265302409322, 208.5339457930067795 ) ) ;
#8448 = FACE_OUTER_BOUND ( 'NONE', #7534, .T. ) ;
#8449 = STYLED_ITEM ( 'NONE', ( #7970 ), #6271 ) ;
#8450 =( NAMED_UNIT ( * ) SI_UNIT ( $, .STERADIAN. ) SOLID_ANGLE_UNIT ( ) );
#8451 = CARTESIAN_POINT ( 'NONE',  ( 17.49999999999961631, 4.097588012899399779, 207.2888374930758175 ) ) ;
#8452 = CARTESIAN_POINT ( 'NONE',  ( -16.28885510497563871, -11.95919767754501173, 99.92108117165371084 ) ) ;
#8453 = CARTESIAN_POINT ( 'NONE',  ( 17.99999999999962697, 1.981478142965042100, 206.8625108272688635 ) ) ;
#8454 = AXIS2_PLACEMENT_3D ( 'NONE', #2237, #352, #3401 ) ;
#8455 = COLOUR_RGB ( '',1.000000000000000000, 1.000000000000000000, 1.000000000000000000 ) ;
#8456 = CARTESIAN_POINT ( 'NONE',  ( 17.99999999999963052, 3.515452858365851974, 207.9038097586839058 ) ) ;
#8457 = CARTESIAN_POINT ( 'NONE',  ( 17.74999999999963052, -1.000000000000000000, 212.0000000000000853 ) ) ;
#8458 =( LENGTH_UNIT ( ) NAMED_UNIT ( * ) SI_UNIT ( .MILLI., .METRE. ) );
#8459 = VERTEX_POINT ( 'NONE', #6431 ) ;
#8460 = FACE_OUTER_BOUND ( 'NONE', #7686, .T. ) ;
#8461 = FILL_AREA_STYLE_COLOUR ( '', #7770 ) ;
#8462 = CARTESIAN_POINT ( 'NONE',  ( 17.74999999999963052, 0.000000000000000000, 212.0000000000000853 ) ) ;
#8463 = VECTOR ( 'NONE', #1466, 1000.000000000000000 ) ;
#8464 = PRESENTATION_LAYER_ASSIGNMENT (  '', '', ( #9915 ) ) ;
#8465 = PRESENTATION_STYLE_ASSIGNMENT (( #730 ) ) ;
#8466 = CARTESIAN_POINT ( 'NONE',  ( 17.49999999999963407, 3.815234374999993516, 208.9375000000000568 ) ) ;
#8467 = PRESENTATION_STYLE_ASSIGNMENT (( #5540 ) ) ;
#8468 = CARTESIAN_POINT ( 'NONE',  ( 17.49999999999961986, 3.558398437499993516, 207.0527343750000568 ) ) ;
#8469 = EDGE_LOOP ( 'NONE', ( #7159, #7461, #9571, #1394 ) ) ;
#8470 = LINE ( 'NONE', #9068, #979 ) ;
#8471 = ADVANCED_FACE ( 'NONE', ( #8962 ), #3670, .T. ) ;
#8472 = CARTESIAN_POINT ( 'NONE',  ( 17.49999999999963052, 2.205750666127074933, 206.4084069542845441 ) ) ;
#8473 = CARTESIAN_POINT ( 'NONE',  ( 17.99999999999963052, 2.662890624999994404, 206.6591796875000568 ) ) ;
#8474 = VECTOR ( 'NONE', #6356, 1000.000000000000114 ) ;
#8475 =( GEOMETRIC_REPRESENTATION_CONTEXT ( 3 ) GLOBAL_UNCERTAINTY_ASSIGNED_CONTEXT ( ( #9694 ) ) GLOBAL_UNIT_ASSIGNED_CONTEXT ( ( #6673, #7327, #2167 ) ) REPRESENTATION_CONTEXT ( 'NONE', 'WORKASPACE' ) );
#8476 = PRESENTATION_STYLE_ASSIGNMENT (( #3105 ) ) ;
#8477 = EDGE_CURVE ( 'NONE', #6724, #1948, #1468, .T. ) ;
#8478 = ORIENTED_EDGE ( 'NONE', *, *, #7530, .T. ) ;
#8479 = DIRECTION ( 'NONE',  ( 1.000000000000000000, 0.000000000000000000, 0.000000000000000000 ) ) ;
#8480 = CARTESIAN_POINT ( 'NONE',  ( -16.11485635146306805, 12.00000000000000000, 2.801062481690048678 ) ) ;
#8481 = ORIENTED_EDGE ( 'NONE', *, *, #5443, .T. ) ;
#8482 = CARTESIAN_POINT ( 'NONE',  ( 17.99999999999963762, 1.830452571154370878, 208.1671224051322611 ) ) ;
#8483 = SURFACE_SIDE_STYLE ('',( #4548 ) ) ;
#8484 = SURFACE_STYLE_FILL_AREA ( #1691 ) ;
#8485 = ADVANCED_FACE ( 'NONE', ( #762 ), #7529, .T. ) ;
#8486 = SURFACE_SIDE_STYLE ('',( #6302 ) ) ;
#8487 = FACE_OUTER_BOUND ( 'NONE', #561, .T. ) ;
#8488 =( LENGTH_UNIT ( ) NAMED_UNIT ( * ) SI_UNIT ( .MILLI., .METRE. ) );
#8489 = CARTESIAN_POINT ( 'NONE',  ( 17.49999999999962697, 2.126269531249993516, 206.8125000000000284 ) ) ;
#8490 =( LENGTH_UNIT ( ) NAMED_UNIT ( * ) SI_UNIT ( .MILLI., .METRE. ) );
#8491 = B_SPLINE_CURVE_WITH_KNOTS ( 'NONE', 3,
 ( #3871, #6173, #1871, #1913 ),
 .UNSPECIFIED., .F., .F.,
 ( 4, 4 ),
 ( 0.006789805492206454733, 0.007292539833360652847 ),
 .UNSPECIFIED. ) ;
#8492 = DIRECTION ( 'NONE',  ( -1.000000000000000000, 0.000000000000000000, 8.583663793918551117E-34 ) ) ;
#8493 = CARTESIAN_POINT ( 'NONE',  ( 17.49999999999963762, 1.916027502967635465, 208.4237215019021221 ) ) ;
#8494 = ORIENTED_EDGE ( 'NONE', *, *, #1499, .F. ) ;
#8495 = FILL_AREA_STYLE_COLOUR ( '', #3593 ) ;
#8496 = AXIS2_PLACEMENT_3D ( 'NONE', #6634, #6742, #5279 ) ;
#8497 = SURFACE_STYLE_FILL_AREA ( #5421 ) ;
#8498 = SURFACE_STYLE_USAGE ( .BOTH. , #9343 ) ;
#8499 = CARTESIAN_POINT ( 'NONE',  ( 17.99999999999963407, 1.487579912239743507, 206.9136381209456772 ) ) ;
#8500 = ADVANCED_FACE ( 'NONE', ( #3865 ), #6989, .F. ) ;
#8501 = CARTESIAN_POINT ( 'NONE',  ( 17.49999999999961986, 4.072268750515891433, 207.0668588906946184 ) ) ;
#8502 = EDGE_CURVE ( 'NONE', #7541, #4135, #3132, .T. ) ;
#8503 = DIRECTION ( 'NONE',  ( -1.000000000000000000, -5.728085021779797867E-16, 8.583663793918551117E-34 ) ) ;
#8504 = EDGE_CURVE ( 'NONE', #3076, #7087, #9249, .T. ) ;
#8505 = FILL_AREA_STYLE_COLOUR ( '', #3318 ) ;
#8506 = CARTESIAN_POINT ( 'NONE',  ( 17.99999999999962697, 3.761254231481073518, 208.9368405103013515 ) ) ;
#8507 = ADVANCED_FACE ( 'NONE', ( #1660 ), #2852, .T. ) ;
#8508 = CARTESIAN_POINT ( 'NONE',  ( 17.49999999999962697, 3.554608099554624534, 207.0673371914270149 ) ) ;
#8509 = DIRECTION ( 'NONE',  ( 6.938893903907228378E-15, -1.000000000000000000, 0.000000000000000000 ) ) ;
#8510 = CARTESIAN_POINT ( 'NONE',  ( 17.49999999999963052, 2.856249999999993960, 207.2910156250000568 ) ) ;
#8511 = ORIENTED_EDGE ( 'NONE', *, *, #2361, .T. ) ;
#8512 = FILL_AREA_STYLE ('',( #3093 ) ) ;
#8513 = CARTESIAN_POINT ( 'NONE',  ( 16.00000000000000000, 12.00000000000000178, 3.000000000000002665 ) ) ;
#8514 = DIRECTION ( 'NONE',  ( 6.591949208711860648E-14, -1.000000000000000000, 0.000000000000000000 ) ) ;
#8515 = CARTESIAN_POINT ( 'NONE',  ( 17.99999999999963052, 1.826605627199249904, 207.9812079257295636 ) ) ;
#8516 = CARTESIAN_POINT ( 'NONE',  ( -11.87499999999999822, -3.750000000000000000, 191.0000000000000000 ) ) ;
#8517 = CARTESIAN_POINT ( 'NONE',  ( 17.49999999999961986, 3.815234374999993516, 206.8437500000000568 ) ) ;
#8518 =( GEOMETRIC_REPRESENTATION_CONTEXT ( 3 ) GLOBAL_UNCERTAINTY_ASSIGNED_CONTEXT ( ( #7524 ) ) GLOBAL_UNIT_ASSIGNED_CONTEXT ( ( #7652, #9867, #2234 ) ) REPRESENTATION_CONTEXT ( 'NONE', 'WORKASPACE' ) );
#8519 = VERTEX_POINT ( 'NONE', #8933 ) ;
#8520 = FACE_OUTER_BOUND ( 'NONE', #1720, .T. ) ;
#8521 =( NAMED_UNIT ( * ) SI_UNIT ( $, .STERADIAN. ) SOLID_ANGLE_UNIT ( ) );
#8522 = DIRECTION ( 'NONE',  ( 1.000000000000000000, 0.000000000000000000, 0.000000000000000000 ) ) ;
#8523 = EDGE_CURVE ( 'NONE', #7361, #2377, #7562, .T. ) ;
#8524 = EDGE_LOOP ( 'NONE', ( #7656, #9357, #1005, #5114, #3356, #8864, #7560, #4967, #8216, #4012, #7823, #5821, #2310, #7856, #1651, #6628, #6280, #2679, #1421, #5625 ) ) ;
#8525 = UNCERTAINTY_MEASURE_WITH_UNIT (LENGTH_MEASURE( 1.000000000000000082E-05 ), #2728, 'distance_accuracy_value', 'NONE');
#8526 = LINE ( 'NONE', #4688, #9698 ) ;
#8527 = MECHANICAL_DESIGN_GEOMETRIC_PRESENTATION_REPRESENTATION (  '', ( #6259 ), #1297 ) ;
#8528 = VECTOR ( 'NONE', #4606, 1000.000000000000000 ) ;
#8529 = LINE ( 'NONE', #4738, #7937 ) ;
#8530 = CARTESIAN_POINT ( 'NONE',  ( 17.49999999999962341, 3.104376725502063561, 207.1952277442898662 ) ) ;
#8531 = ORIENTED_EDGE ( 'NONE', *, *, #6622, .F. ) ;
#8532 = CARTESIAN_POINT ( 'NONE',  ( -11.87499999999999822, -3.000000000000000888, 191.7500000000000000 ) ) ;
#8533 = FILL_AREA_STYLE ('',( #246 ) ) ;
#8534 = CARTESIAN_POINT ( 'NONE',  ( 17.49999999999963052, 1.447083169611956377, 207.0640485895369522 ) ) ;
#8535 =( NAMED_UNIT ( * ) PLANE_ANGLE_UNIT ( ) SI_UNIT ( $, .RADIAN. ) );
#8536 = MECHANICAL_DESIGN_GEOMETRIC_PRESENTATION_REPRESENTATION (  '', ( #1627 ), #5619 ) ;
#8537 = AXIS2_PLACEMENT_3D ( 'NONE', #3687, #8262, #6805 ) ;
#8538 = LINE ( 'NONE', #3117, #7234 ) ;
#8539 = DIRECTION ( 'NONE',  ( -1.000000000000000000, 0.000000000000000000, 0.000000000000000000 ) ) ;
#8540 =( LENGTH_UNIT ( ) NAMED_UNIT ( * ) SI_UNIT ( .MILLI., .METRE. ) );
#8541 = CARTESIAN_POINT ( 'NONE',  ( 17.49999999999963052, -1.540234375000006484, 208.1704101562500284 ) ) ;
#8542 = DIRECTION ( 'NONE',  ( 1.000000000000000000, 0.000000000000000000, 0.000000000000000000 ) ) ;
#8543 =( GEOMETRIC_REPRESENTATION_CONTEXT ( 3 ) GLOBAL_UNCERTAINTY_ASSIGNED_CONTEXT ( ( #1894 ) ) GLOBAL_UNIT_ASSIGNED_CONTEXT ( ( #153, #4750, #7878 ) ) REPRESENTATION_CONTEXT ( 'NONE', 'WORKASPACE' ) );
#8544 = CARTESIAN_POINT ( 'NONE',  ( 17.49999999999964828, 1.894604961207935423, 208.3877819461357888 ) ) ;
#8545 = VERTEX_POINT ( 'NONE', #6702 ) ;
#8546 = FACE_BOUND ( 'NONE', #375, .T. ) ;
#8547 =( LENGTH_UNIT ( ) NAMED_UNIT ( * ) SI_UNIT ( .MILLI., .METRE. ) );
#8548 = CIRCLE ( 'NONE', #5951, 0.8750000000000007772 ) ;
#8549 = CARTESIAN_POINT ( 'NONE',  ( 17.49999999999962697, 2.175145800284587594, 208.5618494717654130 ) ) ;
#8550 = VERTEX_POINT ( 'NONE', #7458 ) ;
#8551 = SURFACE_SIDE_STYLE ('',( #6888 ) ) ;
#8552 = PRESENTATION_LAYER_ASSIGNMENT (  '', '', ( #6448 ) ) ;
#8553 = SURFACE_SIDE_STYLE ('',( #5379 ) ) ;
#8554 = LINE ( 'NONE', #116, #3189 ) ;
#8555 = FILL_AREA_STYLE_COLOUR ( '', #15 ) ;
#8556 = STYLED_ITEM ( 'NONE', ( #4089 ), #3470 ) ;
#8557 = SURFACE_STYLE_USAGE ( .BOTH. , #6897 ) ;
#8558 = CARTESIAN_POINT ( 'NONE',  ( 17.49999999999963052, 2.343432725156209706, 208.0824659728172321 ) ) ;
#8559 = ORIENTED_EDGE ( 'NONE', *, *, #3455, .T. ) ;
#8560 = FACE_BOUND ( 'NONE', #712, .T. ) ;
#8561 = DIRECTION ( 'NONE',  ( 1.000000000000000000, 1.040834085586083310E-14, 0.000000000000000000 ) ) ;
#8562 = LINE ( 'NONE', #1670, #4742 ) ;
#8563 =( NAMED_UNIT ( * ) SI_UNIT ( $, .STERADIAN. ) SOLID_ANGLE_UNIT ( ) );
#8564 = CARTESIAN_POINT ( 'NONE',  ( 17.99999999999963052, 3.271262422811112014, 206.7019378213055347 ) ) ;
#8565 = CARTESIAN_POINT ( 'NONE',  ( -14.46204114601930790, 2.300507095247781741, 108.9958110591913254 ) ) ;
#8566 =( GEOMETRIC_REPRESENTATION_CONTEXT ( 3 ) GLOBAL_UNCERTAINTY_ASSIGNED_CONTEXT ( ( #9736 ) ) GLOBAL_UNIT_ASSIGNED_CONTEXT ( ( #7759, #6284, #6429 ) ) REPRESENTATION_CONTEXT ( 'NONE', 'WORKASPACE' ) );
#8567 = VERTEX_POINT ( 'NONE', #5295 ) ;
#8568 = FACE_OUTER_BOUND ( 'NONE', #42, .T. ) ;
#8569 = CARTESIAN_POINT ( 'NONE',  ( 17.99999999999963052, 2.522774623324850030, 208.8491404223512120 ) ) ;
#8570 =( LENGTH_UNIT ( ) NAMED_UNIT ( * ) SI_UNIT ( .MILLI., .METRE. ) );
#8571 = VERTEX_POINT ( 'NONE', #5985 ) ;
#8572 = FILL_AREA_STYLE_COLOUR ( '', #394 ) ;
#8573 = CARTESIAN_POINT ( 'NONE',  ( -14.99999999999995914, -1.000000000000001776, 108.0000000000000000 ) ) ;
#8574 =( NAMED_UNIT ( * ) PLANE_ANGLE_UNIT ( ) SI_UNIT ( $, .RADIAN. ) );
#8575 = VERTEX_POINT ( 'NONE', #5937 ) ;
#8576 = CARTESIAN_POINT ( 'NONE',  ( 17.49999999999962341, 3.188552969108196411, 208.5116924263749354 ) ) ;
#8577 = DIRECTION ( 'NONE',  ( -0.000000000000000000, -0.000000000000000000, -1.000000000000000000 ) ) ;
#8578 = CARTESIAN_POINT ( 'NONE',  ( 17.49999999999963052, 2.110382578919043794, 208.0822128734050693 ) ) ;
#8579 =( LENGTH_UNIT ( ) NAMED_UNIT ( * ) SI_UNIT ( .MILLI., .METRE. ) );
#8580 = PRESENTATION_LAYER_ASSIGNMENT (  '', '', ( #1671 ) ) ;
#8581 = FILL_AREA_STYLE ('',( #1752 ) ) ;
#8582 = VECTOR ( 'NONE', #9519, 1000.000000000000000 ) ;
#8583 = DIRECTION ( 'NONE',  ( 1.000000000000000000, 0.000000000000000000, 0.000000000000000000 ) ) ;
#8584 =( LENGTH_UNIT ( ) NAMED_UNIT ( * ) SI_UNIT ( .MILLI., .METRE. ) );
#8585 = SURFACE_SIDE_STYLE ('',( #898 ) ) ;
#8586 = EDGE_CURVE ( 'NONE', #4793, #1472, #2196, .T. ) ;
#8587 = FILL_AREA_STYLE ('',( #1649 ) ) ;
#8588 =( GEOMETRIC_REPRESENTATION_CONTEXT ( 3 ) GLOBAL_UNCERTAINTY_ASSIGNED_CONTEXT ( ( #85 ) ) GLOBAL_UNIT_ASSIGNED_CONTEXT ( ( #9840, #8325, #6813 ) ) REPRESENTATION_CONTEXT ( 'NONE', 'WORKASPACE' ) );
#8589 = CARTESIAN_POINT ( 'NONE',  ( 17.49999999999963052, 4.069140624999993072, 207.0527343750000568 ) ) ;
#8590 = STYLED_ITEM ( 'NONE', ( #2330 ), #4549 ) ;
#8591 = ORIENTED_EDGE ( 'NONE', *, *, #3881, .F. ) ;
#8592 = LINE ( 'NONE', #6311, #6322 ) ;
#8593 = CARTESIAN_POINT ( 'NONE',  ( 17.49999999999963052, 4.543749999999994849, 207.6875000000000853 ) ) ;
#8594 = PRESENTATION_LAYER_ASSIGNMENT (  '', '', ( #4404 ) ) ;
#8595 = AXIS2_PLACEMENT_3D ( 'NONE', #7787, #3904, #6154 ) ;
#8596 = DIRECTION ( 'NONE',  ( 0.000000000000000000, 0.4703900228477905232, -0.8824586258886334411 ) ) ;
#8597 = ORIENTED_EDGE ( 'NONE', *, *, #2754, .F. ) ;
#8598 = DIRECTION ( 'NONE',  ( -1.000000000000000000, -0.000000000000000000, -0.000000000000000000 ) ) ;
#8599 = CARTESIAN_POINT ( 'NONE',  ( 17.49999999999962697, 4.069140624999993072, 208.3222656250000568 ) ) ;
#8600 = PRESENTATION_LAYER_ASSIGNMENT (  '', '', ( #9078 ) ) ;
#8601 = SURFACE_STYLE_USAGE ( .BOTH. , #7800 ) ;
#8602 = CARTESIAN_POINT ( 'NONE',  ( -16.45542059996984463, -11.89809904923456685, 100.4709421580448208 ) ) ;
#8603 = EDGE_CURVE ( 'NONE', #8145, #1443, #1571, .T. ) ;
#8604 = EDGE_CURVE ( 'NONE', #5707, #4793, #5245, .T. ) ;
#8605 = ORIENTED_EDGE ( 'NONE', *, *, #5101, .F. ) ;
#8606 = LINE ( 'NONE', #7902, #4291 ) ;
#8607 = VECTOR ( 'NONE', #6202, 1000.000000000000000 ) ;
#8608 = LINE ( 'NONE', #7097, #6740 ) ;
#8609 = CARTESIAN_POINT ( 'NONE',  ( 17.99999999999962697, 3.537526664376699159, 207.1536270218885818 ) ) ;
#8610 = DIRECTION ( 'NONE',  ( 0.000000000000000000, -1.000000000000000000, 0.000000000000000000 ) ) ;
#8611 = PLANE ( 'NONE',  #2534 ) ;
#8612 = VERTEX_POINT ( 'NONE', #5187 ) ;
#8613 = CARTESIAN_POINT ( 'NONE',  ( 17.49999999999962697, 3.512461392487313372, 207.7257518623430883 ) ) ;
#8614 = DIRECTION ( 'NONE',  ( 0.000000000000000000, 1.294569758191643735E-17, 1.000000000000000000 ) ) ;
#8615 = CARTESIAN_POINT ( 'NONE',  ( 17.99999999999962697, 3.815234374999993960, 206.4375000000000568 ) ) ;
#8616 =( NAMED_UNIT ( * ) PLANE_ANGLE_UNIT ( ) SI_UNIT ( $, .RADIAN. ) );
#8617 = STYLED_ITEM ( 'NONE', ( #1698 ), #6497 ) ;
#8618 = ORIENTED_EDGE ( 'NONE', *, *, #2372, .T. ) ;
#8619 = FILL_AREA_STYLE ('',( #3350 ) ) ;
#8620 =( NAMED_UNIT ( * ) PLANE_ANGLE_UNIT ( ) SI_UNIT ( $, .RADIAN. ) );
#8621 = CARTESIAN_POINT ( 'NONE',  ( 17.49999999999963052, 4.516635796539212322, 207.1922203956259807 ) ) ;
#8622 =( GEOMETRIC_REPRESENTATION_CONTEXT ( 3 ) GLOBAL_UNCERTAINTY_ASSIGNED_CONTEXT ( ( #8525 ) ) GLOBAL_UNIT_ASSIGNED_CONTEXT ( ( #2728, #5864, #523 ) ) REPRESENTATION_CONTEXT ( 'NONE', 'WORKASPACE' ) );
#8623 = ORIENTED_EDGE ( 'NONE', *, *, #9334, .T. ) ;
#8624 = VECTOR ( 'NONE', #2394, 1000.000000000000000 ) ;
#8625 = UNCERTAINTY_MEASURE_WITH_UNIT (LENGTH_MEASURE( 1.000000000000000082E-05 ), #7172, 'distance_accuracy_value', 'NONE');
#8626 = CARTESIAN_POINT ( 'NONE',  ( -15.62500000000006217, 4.624194836688377386, 198.7500000000000000 ) ) ;
#8627 = CARTESIAN_POINT ( 'NONE',  ( 17.49999999999963407, 1.776642790816713724, 206.4975361655831705 ) ) ;
#8628 = ORIENTED_EDGE ( 'NONE', *, *, #6969, .F. ) ;
#8629 = CARTESIAN_POINT ( 'NONE',  ( 17.99999999999962697, 3.815234374999993960, 206.4375000000000568 ) ) ;
#8630 = EDGE_CURVE ( 'NONE', #4374, #8088, #9884, .T. ) ;
#8631 = EDGE_CURVE ( 'NONE', #9703, #8041, #5840, .T. ) ;
#8632 = CARTESIAN_POINT ( 'NONE',  ( 17.49999999999963052, 2.199023437499993960, 208.0937500000000853 ) ) ;
#8633 = EDGE_CURVE ( 'NONE', #166, #9561, #8316, .T. ) ;
#8634 = VECTOR ( 'NONE', #235, 1000.000000000000000 ) ;
#8635 = CARTESIAN_POINT ( 'NONE',  ( 17.99999999999963407, 3.529760271997795851, 207.2176390379184454 ) ) ;
#8636 = CARTESIAN_POINT ( 'NONE',  ( 17.99999999999963052, -0.5900390625000059286, 206.5000000000000568 ) ) ;
#8637 = CARTESIAN_POINT ( 'NONE',  ( 12.00000000000001421, -2.499999999999999556, 107.9999999999999858 ) ) ;
#8638 = UNCERTAINTY_MEASURE_WITH_UNIT (LENGTH_MEASURE( 1.000000000000000082E-05 ), #7405, 'distance_accuracy_value', 'NONE');
#8639 = FACE_OUTER_BOUND ( 'NONE', #3557, .T. ) ;
#8640 = AXIS2_PLACEMENT_3D ( 'NONE', #7296, #537, #340 ) ;
#8641 =( GEOMETRIC_REPRESENTATION_CONTEXT ( 3 ) GLOBAL_UNCERTAINTY_ASSIGNED_CONTEXT ( ( #8273 ) ) GLOBAL_UNIT_ASSIGNED_CONTEXT ( ( #8699, #1866, #3282 ) ) REPRESENTATION_CONTEXT ( 'NONE', 'WORKASPACE' ) );
#8642 = CARTESIAN_POINT ( 'NONE',  ( 17.49999999999962341, 4.008155130094673169, 206.9252275151000902 ) ) ;
#8643 = CARTESIAN_POINT ( 'NONE',  ( 17.49999999999963407, 1.932846374764496167, 206.9109976064753198 ) ) ;
#8644 = EDGE_LOOP ( 'NONE', ( #7949, #4296, #6156, #1486 ) ) ;
#8645 = LINE ( 'NONE', #3268, #2164 ) ;
#8646 =( NAMED_UNIT ( * ) SI_UNIT ( $, .STERADIAN. ) SOLID_ANGLE_UNIT ( ) );
#8647 = PRESENTATION_LAYER_ASSIGNMENT (  '', '', ( #9437 ) ) ;
#8648 = DIRECTION ( 'NONE',  ( 0.000000000000000000, -0.000000000000000000, 1.000000000000000000 ) ) ;
#8649 = ORIENTED_EDGE ( 'NONE', *, *, #2828, .T. ) ;
#8650 = CARTESIAN_POINT ( 'NONE',  ( 14.52639430941549037, -4.447089202853787171, 108.6965145361764229 ) ) ;
#8651 = EDGE_CURVE ( 'NONE', #3607, #6730, #6033, .T. ) ;
#8652 = CARTESIAN_POINT ( 'NONE',  ( 17.49999999999963407, 3.943732448137958979, 208.5031723471859380 ) ) ;
#8653 = DIRECTION ( 'NONE',  ( -1.000000000000000000, 0.000000000000000000, -0.000000000000000000 ) ) ;
#8654 =( GEOMETRIC_REPRESENTATION_CONTEXT ( 3 ) GLOBAL_UNCERTAINTY_ASSIGNED_CONTEXT ( ( #3749 ) ) GLOBAL_UNIT_ASSIGNED_CONTEXT ( ( #9719, #533, #9868 ) ) REPRESENTATION_CONTEXT ( 'NONE', 'WORKASPACE' ) );
#8655 =( NAMED_UNIT ( * ) PLANE_ANGLE_UNIT ( ) SI_UNIT ( $, .RADIAN. ) );
#8656 = VERTEX_POINT ( 'NONE', #1396 ) ;
#8657 = CARTESIAN_POINT ( 'NONE',  ( 17.49999999999963052, 2.087328686049004567, 208.5543663750809742 ) ) ;
#8658 = DIRECTION ( 'NONE',  ( 1.040834085586084099E-14, -1.000000000000000000, 0.000000000000000000 ) ) ;
#8659 = FILL_AREA_STYLE_COLOUR ( '', #6566 ) ;
#8660 = EDGE_LOOP ( 'NONE', ( #4367, #7356, #9653, #243 ) ) ;
#8661 =( NAMED_UNIT ( * ) SI_UNIT ( $, .STERADIAN. ) SOLID_ANGLE_UNIT ( ) );
#8662 = EDGE_CURVE ( 'NONE', #3076, #4211, #6753, .T. ) ;
#8663 =( NAMED_UNIT ( * ) PLANE_ANGLE_UNIT ( ) SI_UNIT ( $, .RADIAN. ) );
#8664 = CARTESIAN_POINT ( 'NONE',  ( 17.99999999999963052, 3.331546187456893016, 206.6266302452151535 ) ) ;
#8665 = PLANE ( 'NONE',  #2824 ) ;
#8666 = ORIENTED_EDGE ( 'NONE', *, *, #4314, .T. ) ;
#8667 = PRESENTATION_STYLE_ASSIGNMENT (( #6183 ) ) ;
#8668 = MECHANICAL_DESIGN_GEOMETRIC_PRESENTATION_REPRESENTATION (  '', ( #6733 ), #1604 ) ;
#8669 = CARTESIAN_POINT ( 'NONE',  ( 15.49999999999963052, -7.825000000000000178, 212.0000000000000853 ) ) ;
#8670 = CARTESIAN_POINT ( 'NONE',  ( 17.49999999999962697, 2.645710217556577870, 206.6391158559927419 ) ) ;
#8671 = LINE ( 'NONE', #1081, #2719 ) ;
#8672 = ORIENTED_EDGE ( 'NONE', *, *, #8061, .F. ) ;
#8673 = CARTESIAN_POINT ( 'NONE',  ( 17.49999999999962341, 3.198535156249993516, 206.8383789062500284 ) ) ;
#8674 = VERTEX_POINT ( 'NONE', #4341 ) ;
#8675 = CARTESIAN_POINT ( 'NONE',  ( 17.99999999999963052, 1.824999999999993738, 207.2548828125000284 ) ) ;
#8676 = CARTESIAN_POINT ( 'NONE',  ( 17.99999999999962341, 4.110701701078390613, 206.4928133370338799 ) ) ;
#8677 = FILL_AREA_STYLE_COLOUR ( '', #8851 ) ;
#8678 =( GEOMETRIC_REPRESENTATION_CONTEXT ( 3 ) GLOBAL_UNCERTAINTY_ASSIGNED_CONTEXT ( ( #3122 ) ) GLOBAL_UNIT_ASSIGNED_CONTEXT ( ( #2283, #8963, #2228 ) ) REPRESENTATION_CONTEXT ( 'NONE', 'WORKASPACE' ) );
#8679 = CARTESIAN_POINT ( 'NONE',  ( 17.49999999999962341, 2.430926271590049481, 207.5017323999452685 ) ) ;
#8680 = EDGE_CURVE ( 'NONE', #1134, #9662, #7404, .T. ) ;
#8681 = CARTESIAN_POINT ( 'NONE',  ( -3.772185518830095577E-14, 3.624194836688332089, 198.7500000000000000 ) ) ;
#8682 =( NAMED_UNIT ( * ) PLANE_ANGLE_UNIT ( ) SI_UNIT ( $, .RADIAN. ) );
#8683 = DIRECTION ( 'NONE',  ( 1.040834085586083783E-14, -1.000000000000000000, 0.000000000000000000 ) ) ;
#8684 = CARTESIAN_POINT ( 'NONE',  ( 17.99999999999963407, 4.033642376763790338, 208.4133502155476947 ) ) ;
#8685 = DIRECTION ( 'NONE',  ( 0.000000000000000000, -0.7071067811865477948, 0.7071067811865473507 ) ) ;
#8686 = CARTESIAN_POINT ( 'NONE',  ( 17.99999999999961986, 3.943732448137940771, 206.8718276528141757 ) ) ;
#8687 = CARTESIAN_POINT ( 'NONE',  ( 17.99999999999963407, 2.035588340332176838, 206.8299575769779608 ) ) ;
#8688 = EDGE_LOOP ( 'NONE', ( #2577, #1818, #1786, #7636 ) ) ;
#8689 = VECTOR ( 'NONE', #8817, 1000.000000000000000 ) ;
#8690 = DIRECTION ( 'NONE',  ( -1.000000000000000000, -5.728085021779797867E-16, 8.583663793918551117E-34 ) ) ;
#8691 = PRESENTATION_LAYER_ASSIGNMENT (  '', '', ( #3087 ) ) ;
#8692 = DIRECTION ( 'NONE',  ( 1.040834085586083152E-14, -1.000000000000000000, 0.000000000000000000 ) ) ;
#8693 =( LENGTH_UNIT ( ) NAMED_UNIT ( * ) SI_UNIT ( .MILLI., .METRE. ) );
#8694 = CARTESIAN_POINT ( 'NONE',  ( 13.86902147128305351, -4.499998462745280037, 108.6824587624360134 ) ) ;
#8695 = FILL_AREA_STYLE ('',( #4064 ) ) ;
#8696 =( LENGTH_UNIT ( ) NAMED_UNIT ( * ) SI_UNIT ( .MILLI., .METRE. ) );
#8697 = VECTOR ( 'NONE', #4539, 1000.000000000000000 ) ;
#8698 = ORIENTED_EDGE ( 'NONE', *, *, #5929, .T. ) ;
#8699 =( LENGTH_UNIT ( ) NAMED_UNIT ( * ) SI_UNIT ( .MILLI., .METRE. ) );
#8700 = CARTESIAN_POINT ( 'NONE',  ( 0.000000000000000000, 0.000000000000000000, 0.000000000000000000 ) ) ;
#8701 = ORIENTED_EDGE ( 'NONE', *, *, #3329, .T. ) ;
#8702 = CARTESIAN_POINT ( 'NONE',  ( 17.49999999999962697, 4.066573623958159800, 206.4760189989756611 ) ) ;
#8703 = VERTEX_POINT ( 'NONE', #6756 ) ;
#8704 = DIRECTION ( 'NONE',  ( -0.000000000000000000, 0.000000000000000000, 1.000000000000000000 ) ) ;
#8705 = EDGE_CURVE ( 'NONE', #2808, #809, #863, .T. ) ;
#8706 = LINE ( 'NONE', #128, #6617 ) ;
#8707 = LINE ( 'NONE', #9306, #8624 ) ;
#8708 = DIRECTION ( 'NONE',  ( -1.000000000000000000, 2.168404344970974848E-16, 0.000000000000000000 ) ) ;
#8709 = CARTESIAN_POINT ( 'NONE',  ( 17.99999999999963052, 2.846778553753661622, 207.4740269730285718 ) ) ;
#8710 = VERTEX_POINT ( 'NONE', #7061 ) ;
#8711 = DIRECTION ( 'NONE',  ( -1.000000000000000000, -5.728085021779797867E-16, 8.583663793918551117E-34 ) ) ;
#8712 = MECHANICAL_DESIGN_GEOMETRIC_PRESENTATION_REPRESENTATION (  '', ( #7591 ), #3891 ) ;
#8713 = LINE ( 'NONE', #2637, #5639 ) ;
#8714 = CARTESIAN_POINT ( 'NONE',  ( 17.99999999999963052, 2.205750666127075377, 206.4084069542845441 ) ) ;
#8715 = PLANE ( 'NONE',  #7997 ) ;
#8716 = ORIENTED_EDGE ( 'NONE', *, *, #6708, .T. ) ;
#8717 = FILL_AREA_STYLE ('',( #3390 ) ) ;
#8718 = CARTESIAN_POINT ( 'NONE',  ( 17.49999999999963407, 1.697812536543164885, 206.5578840617075116 ) ) ;
#8719 = ORIENTED_EDGE ( 'NONE', *, *, #4920, .F. ) ;
#8720 = STYLED_ITEM ( 'NONE', ( #3629 ), #3570 ) ;
#8721 = CARTESIAN_POINT ( 'NONE',  ( 17.49999999999963052, 3.076053481964340364, 207.8215092689216590 ) ) ;
#8722 = PRESENTATION_STYLE_ASSIGNMENT (( #2604 ) ) ;
#8723 = DIRECTION ( 'NONE',  ( -0.000000000000000000, -0.000000000000000000, -1.000000000000000000 ) ) ;
#8724 = CARTESIAN_POINT ( 'NONE',  ( 17.49999999999963052, 2.449918887949845026, 207.3382277072562090 ) ) ;
#8725 = CARTESIAN_POINT ( 'NONE',  ( 17.99999999999962697, 2.382719822526577325, 206.9898370629573492 ) ) ;
#8726 = CARTESIAN_POINT ( 'NONE',  ( 0.000000000000000000, 0.6250000000000001110, 217.0000000000000853 ) ) ;
#8727 = CARTESIAN_POINT ( 'NONE',  ( -15.62499999999988276, -3.625000000000015543, 195.2500000000000000 ) ) ;
#8728 = UNCERTAINTY_MEASURE_WITH_UNIT (LENGTH_MEASURE( 1.000000000000000082E-05 ), #1487, 'distance_accuracy_value', 'NONE');
#8729 = SURFACE_STYLE_USAGE ( .BOTH. , #901 ) ;
#8730 = ORIENTED_EDGE ( 'NONE', *, *, #3736, .F. ) ;
#8731 = FILL_AREA_STYLE_COLOUR ( '', #7148 ) ;
#8732 =( NAMED_UNIT ( * ) SI_UNIT ( $, .STERADIAN. ) SOLID_ANGLE_UNIT ( ) );
#8733 = EDGE_LOOP ( 'NONE', ( #7871, #790 ) ) ;
#8734 = EDGE_CURVE ( 'NONE', #5394, #2624, #7767, .T. ) ;
#8735 = EDGE_CURVE ( 'NONE', #6729, #9157, #5494, .T. ) ;
#8736 = LINE ( 'NONE', #454, #5828 ) ;
#8737 = COLOUR_RGB ( '',1.000000000000000000, 1.000000000000000000, 1.000000000000000000 ) ;
#8738 = CARTESIAN_POINT ( 'NONE',  ( 17.49999999999963052, -2.454785156249999822, 209.0000000000000568 ) ) ;
#8739 = CARTESIAN_POINT ( 'NONE',  ( -14.12499999999996625, -1.000000000000001776, 191.0000000000000000 ) ) ;
#8740 =( GEOMETRIC_REPRESENTATION_CONTEXT ( 3 ) GLOBAL_UNCERTAINTY_ASSIGNED_CONTEXT ( ( #985 ) ) GLOBAL_UNIT_ASSIGNED_CONTEXT ( ( #6611, #3651, #1302 ) ) REPRESENTATION_CONTEXT ( 'NONE', 'WORKASPACE' ) );
#8741 = VECTOR ( 'NONE', #6620, 1000.000000000000000 ) ;
#8742 = CARTESIAN_POINT ( 'NONE',  ( 0.000000000000000000, -6.174999999999999822, 191.7500000000000000 ) ) ;
#8743 = CARTESIAN_POINT ( 'NONE',  ( 17.49999999999963052, 2.678480285255079973, 206.6800337211782050 ) ) ;
#8744 = LINE ( 'NONE', #6461, #9252 ) ;
#8745 = CARTESIAN_POINT ( 'NONE',  ( 17.99999999999963762, 3.122042099234191959, 208.2815727484793058 ) ) ;
#8746 = LINE ( 'NONE', #8462, #6371 ) ;
#8747 = B_SPLINE_CURVE_WITH_KNOTS ( 'NONE', 3,
 ( #7165, #1892, #4850, #3316, #8021, #5509, #8635, #7928, #300, #4897, #7972 ),
 .UNSPECIFIED., .F., .F.,
 ( 4, 1, 1, 1, 1, 1, 1, 1, 4 ),
 ( 0.000000000000000000, 0.1798931296314935091, 0.3445192151345621845, 0.4931220323526277483, 0.6258202291055660060, 0.7426003627230716164, 0.8436255022655128055, 0.9290769118410150407, 1.000000000000000000 ),
 .UNSPECIFIED. ) ;
#8748 = EDGE_CURVE ( 'NONE', #7409, #3423, #2544, .T. ) ;
#8749 = VECTOR ( 'NONE', #2175, 1000.000000000000000 ) ;
#8750 = EDGE_CURVE ( 'NONE', #4969, #1966, #877, .T. ) ;
#8751 = AXIS2_PLACEMENT_3D ( 'NONE', #8229, #9038, #1963 ) ;
#8752 = EDGE_CURVE ( 'NONE', #3223, #5394, #8414, .T. ) ;
#8753 = ORIENTED_EDGE ( 'NONE', *, *, #2648, .F. ) ;
#8754 = CARTESIAN_POINT ( 'NONE',  ( 17.99999999999962697, 1.398506682107911736, 208.0500221419004276 ) ) ;
#8755 = APPLICATION_PROTOCOL_DEFINITION ( 'draft international standard', 'automotive_design', 1998, #4256 ) ;
#8756 = ORIENTED_EDGE ( 'NONE', *, *, #7699, .F. ) ;
#8757 = VECTOR ( 'NONE', #649, 1000.000000000000000 ) ;
#8758 = ORIENTED_EDGE ( 'NONE', *, *, #2871, .F. ) ;
#8760 =( NAMED_UNIT ( * ) PLANE_ANGLE_UNIT ( ) SI_UNIT ( $, .RADIAN. ) );
#8759 = STYLED_ITEM ( 'NONE', ( #3589 ), #4868 ) ;
#8761 = CARTESIAN_POINT ( 'NONE',  ( 17.99999999999963052, 2.855631496391762170, 207.3227690403875272 ) ) ;
#8762 = ORIENTED_EDGE ( 'NONE', *, *, #8311, .T. ) ;
#8763 = COLOUR_RGB ( '',0.000000000000000000, 0.000000000000000000, 0.000000000000000000 ) ;
#8764 = CARTESIAN_POINT ( 'NONE',  ( 17.49999999999962697, 2.401073110991139181, 207.0290277684576381 ) ) ;
#8765 = CARTESIAN_POINT ( 'NONE',  ( 17.00000000000000355, 2.000000000000001776, 99.00000000000000000 ) ) ;
#8766 = LINE ( 'NONE', #6342, #9942 ) ;
#8767 = CARTESIAN_POINT ( 'NONE',  ( 17.99999999999963052, 1.825527723973102701, 208.0347982170202954 ) ) ;
#8768 = VERTEX_POINT ( 'NONE', #4643 ) ;
#8769 = CARTESIAN_POINT ( 'NONE',  ( 17.49999999999963052, 3.271262422811111570, 206.7019378213055347 ) ) ;
#8770 = ORIENTED_EDGE ( 'NONE', *, *, #5825, .T. ) ;
#8771 = MECHANICAL_DESIGN_GEOMETRIC_PRESENTATION_REPRESENTATION (  '', ( #4907 ), #2677 ) ;
#8772 =( GEOMETRIC_REPRESENTATION_CONTEXT ( 3 ) GLOBAL_UNCERTAINTY_ASSIGNED_CONTEXT ( ( #6661 ) ) GLOBAL_UNIT_ASSIGNED_CONTEXT ( ( #695, #9944, #6965 ) ) REPRESENTATION_CONTEXT ( 'NONE', 'WORKASPACE' ) );
#8773 = SURFACE_STYLE_USAGE ( .BOTH. , #4844 ) ;
#8774 = CARTESIAN_POINT ( 'NONE',  ( 17.49999999999962341, 4.008155130094674945, 208.4497724848999098 ) ) ;
#8775 = LINE ( 'NONE', #9472, #724 ) ;
#8776 = LINE ( 'NONE', #1891, #2750 ) ;
#8777 = CARTESIAN_POINT ( 'NONE',  ( 17.99999999999962697, 2.449683588366828868, 207.3032168411120324 ) ) ;
#8778 =( NAMED_UNIT ( * ) SI_UNIT ( $, .STERADIAN. ) SOLID_ANGLE_UNIT ( ) );
#8779 = CARTESIAN_POINT ( 'NONE',  ( 17.99999999999963052, 0.6062499999999941824, 208.5937500000000568 ) ) ;
#8780 = LINE ( 'NONE', #5974, #6843 ) ;
#8781 = CARTESIAN_POINT ( 'NONE',  ( 17.99999999999962341, 3.365061470390744880, 206.5937861142807321 ) ) ;
#8782 = ORIENTED_EDGE ( 'NONE', *, *, #7899, .F. ) ;
#8783 = CARTESIAN_POINT ( 'NONE',  ( 17.49999999999963762, 4.033642376763790338, 206.9616497844524758 ) ) ;
#8784 = CARTESIAN_POINT ( 'NONE',  ( 17.49999999999963407, 2.064612243116644485, 206.8195290230416958 ) ) ;
#8785 = ORIENTED_EDGE ( 'NONE', *, *, #5283, .F. ) ;
#8786 = EDGE_CURVE ( 'NONE', #2610, #5690, #2696, .T. ) ;
#8787 = PRESENTATION_LAYER_ASSIGNMENT (  '', '', ( #3183 ) ) ;
#8788 =( NAMED_UNIT ( * ) SI_UNIT ( $, .STERADIAN. ) SOLID_ANGLE_UNIT ( ) );
#8789 = VECTOR ( 'NONE', #1488, 1000.000000000000000 ) ;
#8790 = CARTESIAN_POINT ( 'NONE',  ( -13.62500000000020250, -8.981530796870042930E-13, 197.7500000000000000 ) ) ;
#8791 = LINE ( 'NONE', #7889, #7730 ) ;
#8792 = PRESENTATION_LAYER_ASSIGNMENT (  '', '', ( #3026 ) ) ;
#8793 = VECTOR ( 'NONE', #4432, 1000.000000000000000 ) ;
#8794 = VECTOR ( 'NONE', #2937, 1000.000000000000000 ) ;
#8795 = DIRECTION ( 'NONE',  ( 0.000000000000000000, 0.4368060411765821160, 0.8995557138897189997 ) ) ;
#8796 = CARTESIAN_POINT ( 'NONE',  ( 17.99999999999962341, 2.709711993799037266, 206.7218118671509899 ) ) ;
#8797 = CARTESIAN_POINT ( 'NONE',  ( 17.49999999999962697, 3.815234374999993516, 206.8437500000000568 ) ) ;
#8798 = CARTESIAN_POINT ( 'NONE',  ( -12.62499999999999822, 6.174999999999999822, 191.7500000000000000 ) ) ;
#8799 = STYLED_ITEM ( 'NONE', ( #8340 ), #9377 ) ;
#8800 = ORIENTED_EDGE ( 'NONE', *, *, #5461, .T. ) ;
#8801 = B_SPLINE_CURVE_WITH_KNOTS ( 'NONE', 3,
 ( #2410, #1641, #2360, #8534, #7778, #4695, #892, #149, #5554, #1749, #7926 ),
 .UNSPECIFIED., .F., .F.,
 ( 4, 1, 1, 1, 1, 1, 1, 1, 4 ),
 ( 0.000000000000000000, 0.09124621974965763105, 0.1921269642549829904, 0.3017480936101603617, 0.4215111499860738076, 0.5506518099146479051, 0.6902592524111506034, 0.8400192627638281007, 1.000000000000000000 ),
 .UNSPECIFIED. ) ;
#8802 = CARTESIAN_POINT ( 'NONE',  ( 0.000000000000000000, 0.000000000000000000, 195.2500000000000000 ) ) ;
#8803 = DIRECTION ( 'NONE',  ( 0.000000000000000000, 0.000000000000000000, 1.000000000000000000 ) ) ;
#8804 = ORIENTED_EDGE ( 'NONE', *, *, #7899, .T. ) ;
#8805 = DIRECTION ( 'NONE',  ( -1.000000000000000000, -6.245004513516508064E-14, 0.000000000000000000 ) ) ;
#8806 = EDGE_CURVE ( 'NONE', #1145, #4577, #3783, .T. ) ;
#8807 = VERTEX_POINT ( 'NONE', #6864 ) ;
#8808 = COLOUR_RGB ( '',1.000000000000000000, 0.7490196078431372584, 0.000000000000000000 ) ;
#8809 = CARTESIAN_POINT ( 'NONE',  ( 0.000000000000000000, 0.000000000000000000, 197.7500000000000000 ) ) ;
#8810 = EDGE_CURVE ( 'NONE', #4347, #601, #6236, .T. ) ;
#8811 = CARTESIAN_POINT ( 'NONE',  ( -16.99999999999999645, -8.999999999999996447, 0.000000000000000000 ) ) ;
#8812 = LINE ( 'NONE', #6533, #707 ) ;
#8813 = CARTESIAN_POINT ( 'NONE',  ( 17.99999999999963407, 2.196110038505939777, 206.8207433899612511 ) ) ;
#8814 = CARTESIAN_POINT ( 'NONE',  ( 17.49999999999963052, 4.020514041537933458, 206.4615605440561126 ) ) ;
#8815 = DIRECTION ( 'NONE',  ( -5.728085021779797867E-16, 1.000000000000000000, 0.000000000000000000 ) ) ;
#8816 = VERTEX_POINT ( 'NONE', #9364 ) ;
#8817 = DIRECTION ( 'NONE',  ( -1.000000000000000000, 0.000000000000000000, -0.000000000000000000 ) ) ;
#8818 = ADVANCED_FACE ( 'NONE', ( #6139 ), #2163, .T. ) ;
#8819 = CARTESIAN_POINT ( 'NONE',  ( 17.99999999999963052, 2.645710217556578314, 206.6391158559927419 ) ) ;
#8820 = FACE_BOUND ( 'NONE', #3787, .T. ) ;
#8821 = CARTESIAN_POINT ( 'NONE',  ( 17.99999999999963052, 1.836718749999993738, 207.9008789062500568 ) ) ;
#8822 = ORIENTED_EDGE ( 'NONE', *, *, #9701, .F. ) ;
#8823 = CARTESIAN_POINT ( 'NONE',  ( 17.49999999999962697, 3.091693451150628213, 208.0690444316172716 ) ) ;
#8824 =( NAMED_UNIT ( * ) SI_UNIT ( $, .STERADIAN. ) SOLID_ANGLE_UNIT ( ) );
#8825 = CARTESIAN_POINT ( 'NONE',  ( 17.49999999999963407, 2.813281249999993960, 208.3437500000000568 ) ) ;
#8826 = FACE_OUTER_BOUND ( 'NONE', #1884, .T. ) ;
#8827 = PRESENTATION_STYLE_ASSIGNMENT (( #4892 ) ) ;
#8828 = STYLED_ITEM ( 'NONE', ( #6635 ), #134 ) ;
#8829 = EDGE_CURVE ( 'NONE', #4873, #503, #2638, .T. ) ;
#8830 = CARTESIAN_POINT ( 'NONE',  ( -14.12500000000000000, 2.999999999999998668, 108.9498743710662012 ) ) ;
#8831 =( NAMED_UNIT ( * ) PLANE_ANGLE_UNIT ( ) SI_UNIT ( $, .RADIAN. ) );
#8832 = CARTESIAN_POINT ( 'NONE',  ( 17.99999999999963052, 1.974359970010570287, 208.0187564522406092 ) ) ;
#8833 = ORIENTED_EDGE ( 'NONE', *, *, #9509, .T. ) ;
#8834 = UNCERTAINTY_MEASURE_WITH_UNIT (LENGTH_MEASURE( 1.000000000000000082E-05 ), #2803, 'distance_accuracy_value', 'NONE');
#8835 = CARTESIAN_POINT ( 'NONE',  ( 17.99999999999962697, 3.245383072782976885, 206.7450255022803844 ) ) ;
#8836 = ORIENTED_EDGE ( 'NONE', *, *, #3063, .F. ) ;
#8837 = DIRECTION ( 'NONE',  ( 1.000000000000000000, 1.105886215935213576E-14, 0.000000000000000000 ) ) ;
#8838 = FILL_AREA_STYLE ('',( #4349 ) ) ;
#8839 = EDGE_LOOP ( 'NONE', ( #8011, #5104, #7995, #4704 ) ) ;
#8840 =( LENGTH_UNIT ( ) NAMED_UNIT ( * ) SI_UNIT ( .MILLI., .METRE. ) );
#8841 = VECTOR ( 'NONE', #570, 1000.000000000000000 ) ;
#8842 = CARTESIAN_POINT ( 'NONE',  ( 17.99999999999962697, 3.198535156249993960, 206.8383789062500284 ) ) ;
#8843 = CARTESIAN_POINT ( 'NONE',  ( 17.99999999999963052, 2.418667133121031654, 208.3989042901693836 ) ) ;
#8844 = UNCERTAINTY_MEASURE_WITH_UNIT (LENGTH_MEASURE( 1.000000000000000082E-05 ), #205, 'distance_accuracy_value', 'NONE');
#8845 = CARTESIAN_POINT ( 'NONE',  ( 17.99999999999963052, 1.237597656249993960, 209.0000000000000568 ) ) ;
#8846 = SURFACE_STYLE_USAGE ( .BOTH. , #9491 ) ;
#8847 = CARTESIAN_POINT ( 'NONE',  ( 17.99999999999962341, 2.864042510889898933E-16, -4.291831896959275558E-34 ) ) ;
#8848 = FACE_OUTER_BOUND ( 'NONE', #806, .T. ) ;
#8849 = AXIS2_PLACEMENT_3D ( 'NONE', #6698, #9778, #5701 ) ;
#8850 = CARTESIAN_POINT ( 'NONE',  ( 17.49999999999963407, 1.387997045556972120, 207.8613479855274022 ) ) ;
#8851 = COLOUR_RGB ( '',0.6941176470588235059, 0.09803921568627450844, 0.09803921568627450844 ) ;
#8852 = ORIENTED_EDGE ( 'NONE', *, *, #7335, .T. ) ;
#8853 = COLOUR_RGB ( '',1.000000000000000000, 1.000000000000000000, 1.000000000000000000 ) ;
#8854 = B_SPLINE_CURVE_WITH_KNOTS ( 'NONE', 3,
 ( #7673, #6811, #6094, #6145, #9889, #4600, #4547, #744, #3792, #6871, #9225, #796, #9943, #3844, #3112, #8482, #1594, #5695, #1089 ),
 .UNSPECIFIED., .F., .F.,
 ( 4, 1, 1, 1, 1, 1, 1, 1, 1, 1, 1, 1, 1, 1, 1, 1, 4 ),
 ( 0.000000000000000000, 0.05467217484717798448, 0.1073502123890818505, 0.1586833168903032110, 0.2104481451307871065, 0.2629397646628381935, 0.3171056146062987136, 0.3737625311397523853, 0.4341849227711149228, 0.4968543904591583016, 0.5606675482846413816, 0.6270408329746153253, 0.6952333322558255091, 0.7660558807706716600, 0.8402795333726900129, 0.9184428455124614699, 1.000000000000000000 ),
 .UNSPECIFIED. ) ;
#8855 =( NAMED_UNIT ( * ) SI_UNIT ( $, .STERADIAN. ) SOLID_ANGLE_UNIT ( ) );
#8856 = ORIENTED_EDGE ( 'NONE', *, *, #9558, .T. ) ;
#8857 = CARTESIAN_POINT ( 'NONE',  ( 17.99999999999962697, 4.543749999999993960, 207.6875000000000568 ) ) ;
#8858 = VERTEX_POINT ( 'NONE', #9615 ) ;
#8859 = LINE ( 'NONE', #2630, #6940 ) ;
#8861 = VECTOR ( 'NONE', #4353, 999.9999999999998863 ) ;
#8860 = CARTESIAN_POINT ( 'NONE',  ( 17.49999999999962697, 3.205773618909789846, 208.5528590444526174 ) ) ;
#8862 = CARTESIAN_POINT ( 'NONE',  ( -0.7740087006133666847, 2.580029002044871511, 198.7500000000000000 ) ) ;
#8863 = CARTESIAN_POINT ( 'NONE',  ( 17.49999999999963407, 1.387499999999993516, 207.8222656250000568 ) ) ;
#8864 = ORIENTED_EDGE ( 'NONE', *, *, #4094, .F. ) ;
#8865 = CARTESIAN_POINT ( 'NONE',  ( 17.49999999999963052, 4.066573623958151806, 208.8989810010243957 ) ) ;
#8866 = B_SPLINE_CURVE_WITH_KNOTS ( 'NONE', 3,
 ( #3457, #6462, #2621, #7089, #5666, #1159, #8745, #3275, #368, #6518, #1715 ),
 .UNSPECIFIED., .F., .F.,
 ( 4, 1, 1, 1, 1, 1, 1, 1, 4 ),
 ( 0.000000000000000000, 0.1583718244717491341, 0.3072677883493722395, 0.4457262350509756388, 0.5744507951449857597, 0.6943926662144329631, 0.8045658108228986860, 0.9067312668332866421, 1.000000000000000000 ),
 .UNSPECIFIED. ) ;
#8867 = CARTESIAN_POINT ( 'NONE',  ( 12.00000000000000000, 2.500000000000001332, 108.9874921777190906 ) ) ;
#8868 = SURFACE_SIDE_STYLE ('',( #6789 ) ) ;
#8869 = CARTESIAN_POINT ( 'NONE',  ( 15.97908043813897194, 2.164945577717094061, 109.0000000000000000 ) ) ;
#8870 = ORIENTED_EDGE ( 'NONE', *, *, #5060, .T. ) ;
#8871 = CARTESIAN_POINT ( 'NONE',  ( 17.99999999999963052, 2.343432725156210150, 208.0824659728172321 ) ) ;
#8872 = CARTESIAN_POINT ( 'NONE',  ( 17.99999999999963407, 2.068876200128222376, 206.4075024353376762 ) ) ;
#8873 = CARTESIAN_POINT ( 'NONE',  ( 17.99999999999961986, 3.142741534294689387, 208.3749648708106861 ) ) ;
#8874 = DIRECTION ( 'NONE',  ( 0.000000000000000000, -0.000000000000000000, 1.000000000000000000 ) ) ;
#8875 =( NAMED_UNIT ( * ) PLANE_ANGLE_UNIT ( ) SI_UNIT ( $, .RADIAN. ) );
#8876 =( NAMED_UNIT ( * ) PLANE_ANGLE_UNIT ( ) SI_UNIT ( $, .RADIAN. ) );
#8877 = CARTESIAN_POINT ( 'NONE',  ( 17.49999999999963052, 2.372510860815592260, 207.6376424214228393 ) ) ;
#8878 = STYLED_ITEM ( 'NONE', ( #9248 ), #3113 ) ;
#8879 = EDGE_CURVE ( 'NONE', #1675, #4888, #4882, .T. ) ;
#8880 = FILL_AREA_STYLE_COLOUR ( '', #3382 ) ;
#8881 = CARTESIAN_POINT ( 'NONE',  ( 17.99999999999963052, 2.123065867154080077, 207.7490348114083076 ) ) ;
#8882 = CARTESIAN_POINT ( 'NONE',  ( 17.99999999999962697, 4.054160905795372472, 208.3701190076014029 ) ) ;
#8883 = CARTESIAN_POINT ( 'NONE',  ( -16.62500000000006395, -3.324194836688339372, 198.7500000000000000 ) ) ;
#8884 = ORIENTED_EDGE ( 'NONE', *, *, #9334, .F. ) ;
#8885 = VECTOR ( 'NONE', #2088, 1000.000000000000000 ) ;
#8886 = CARTESIAN_POINT ( 'NONE',  ( 17.99999999999962697, 3.519666008439223504, 206.4929394463522954 ) ) ;
#8887 = EDGE_LOOP ( 'NONE', ( #6071, #2736, #5719, #2020, #3880, #4857, #4788, #2096, #4560, #1256, #6619, #283, #5593 ) ) ;
#8888 =( NAMED_UNIT ( * ) PLANE_ANGLE_UNIT ( ) SI_UNIT ( $, .RADIAN. ) );
#8889 = LINE ( 'NONE', #3590, #4059 ) ;
#8890 = VERTEX_POINT ( 'NONE', #9565 ) ;
#8891 = LINE ( 'NONE', #8790, #2517 ) ;
#8892 =( GEOMETRIC_REPRESENTATION_CONTEXT ( 3 ) GLOBAL_UNCERTAINTY_ASSIGNED_CONTEXT ( ( #2909 ) ) GLOBAL_UNIT_ASSIGNED_CONTEXT ( ( #4167, #5680, #8096 ) ) REPRESENTATION_CONTEXT ( 'NONE', 'WORKASPACE' ) );
#8893 = SURFACE_STYLE_USAGE ( .BOTH. , #2107 ) ;
#8894 = UNCERTAINTY_MEASURE_WITH_UNIT (LENGTH_MEASURE( 1.000000000000000082E-05 ), #853, 'distance_accuracy_value', 'NONE');
#8895 = ADVANCED_FACE ( 'NONE', ( #3386 ), #7865, .T. ) ;
#8896 = CARTESIAN_POINT ( 'NONE',  ( 17.99999999999963407, 2.365566229095190209, 208.4797445024243245 ) ) ;
#8897 = PRESENTATION_STYLE_ASSIGNMENT (( #8846 ) ) ;
#8898 = CARTESIAN_POINT ( 'NONE',  ( 17.99999999999963052, 1.387499999999993738, 207.8222656250000568 ) ) ;
#8899 = PLANE ( 'NONE',  #8257 ) ;
#8900 =( GEOMETRIC_REPRESENTATION_CONTEXT ( 3 ) GLOBAL_UNCERTAINTY_ASSIGNED_CONTEXT ( ( #499 ) ) GLOBAL_UNIT_ASSIGNED_CONTEXT ( ( #5977, #3044, #9062 ) ) REPRESENTATION_CONTEXT ( 'NONE', 'WORKASPACE' ) );
#8901 = CARTESIAN_POINT ( 'NONE',  ( 14.64673488694232795, 4.397054627213389466, 108.7085936604265015 ) ) ;
#8902 = B_SPLINE_SURFACE_WITH_KNOTS ( 'NONE', 3, 1, ( 
 ( #2974, #3182 ),
 ( #4565, #710 ),
 ( #3712, #5375 ),
 ( #3860, #6007 ),
 ( #3910, #4518 ),
 ( #6832, #7640 ),
 ( #1562, #8447 ),
 ( #7533, #9286 ),
 ( #2424, #5469 ),
 ( #4617, #8549 ),
 ( #755, #3812 ) ),
 .UNSPECIFIED., .F., .F., .F.,
 ( 4, 1, 1, 1, 1, 1, 1, 1, 4 ),
 ( 2, 2 ),
 ( 0.000000000000000000, 0.1415167395303526809, 0.2733726247299045342, 0.3958343887312814613, 0.5119177198710919141, 0.6280226071370464958, 0.7450720338868632719, 0.8679418235545310889, 1.000000000000000000 ),
 ( 0.000000000000000000, 1.000000000000000000 ),
 .UNSPECIFIED. ) ;
#8903 = STYLED_ITEM ( 'NONE', ( #4107 ), #4923 ) ;
#8904 = PRESENTATION_LAYER_ASSIGNMENT (  '', '', ( #3435 ) ) ;
#8905 = ORIENTED_EDGE ( 'NONE', *, *, #3173, .T. ) ;
#8906 = CARTESIAN_POINT ( 'NONE',  ( 17.49999999999963407, 1.825791144418715817, 207.3088413300615116 ) ) ;
#8907 = EDGE_LOOP ( 'NONE', ( #3421, #6760, #1077, #9857 ) ) ;
#8908 = CARTESIAN_POINT ( 'NONE',  ( 17.99999999999962697, 4.438867392842171355, 208.5120207746678318 ) ) ;
#8909 = ORIENTED_EDGE ( 'NONE', *, *, #8206, .F. ) ;
#8910 = DIRECTION ( 'NONE',  ( 0.000000000000000000, -1.000000000000000000, 0.000000000000000000 ) ) ;
#8911 = CARTESIAN_POINT ( 'NONE',  ( 17.99999999999962697, 3.558398437499993960, 207.0527343750000568 ) ) ;
#8912 = PRESENTATION_LAYER_ASSIGNMENT (  '', '', ( #3303 ) ) ;
#8913 = PRESENTATION_STYLE_ASSIGNMENT (( #1170 ) ) ;
#8914 = CARTESIAN_POINT ( 'NONE',  ( 17.99999999999962697, 2.339889703793232467, 206.9200819942334988 ) ) ;
#8915 = CARTESIAN_POINT ( 'NONE',  ( 17.99999999999962697, 3.972093481131349524, 206.4510797155355988 ) ) ;
#8916 = CARTESIAN_POINT ( 'NONE',  ( -15.62499999999987743, -4.625000000000015987, 195.2500000000000000 ) ) ;
#8917 = EDGE_LOOP ( 'NONE', ( #1733, #7912, #5724, #563 ) ) ;
#8918 = CARTESIAN_POINT ( 'NONE',  ( 17.49999999999963407, 3.921712789709932867, 208.9316893269025002 ) ) ;
#8919 = B_SPLINE_CURVE_WITH_KNOTS ( 'NONE', 3,
 ( #3576, #2036, #9775, #5088, #8774, #4234, #8059, #1886, #7249, #1280, #4336 ),
 .UNSPECIFIED., .F., .F.,
 ( 4, 1, 1, 1, 1, 1, 1, 1, 4 ),
 ( 0.000000000000000000, 0.1440889623402645536, 0.2758803691537084490, 0.3992627404775520028, 0.5150185267345387397, 0.6300404746326031535, 0.7455790149309514669, 0.8686895853269761547, 1.000000000000000000 ),
 .UNSPECIFIED. ) ;
#8920 = PLANE ( 'NONE',  #6866 ) ;
#8921 = MECHANICAL_DESIGN_GEOMETRIC_PRESENTATION_REPRESENTATION (  '', ( #6331 ), #7629 ) ;
#8922 = STYLED_ITEM ( 'NONE', ( #3175 ), #4766 ) ;
#8923 = SURFACE_SIDE_STYLE ('',( #5826 ) ) ;
#8924 = EDGE_LOOP ( 'NONE', ( #9421, #1540, #8905, #9256 ) ) ;
#8925 = CARTESIAN_POINT ( 'NONE',  ( 17.49999999999965539, 1.819366934479246023, 206.4728288387435953 ) ) ;
#8926 = CARTESIAN_POINT ( 'NONE',  ( 17.49999999999962697, 3.081857313226078254, 207.9496912514063638 ) ) ;
#8927 = CARTESIAN_POINT ( 'NONE',  ( 17.49999999999963407, 2.180486858278851248, 208.9370368750878129 ) ) ;
#8928 = CARTESIAN_POINT ( 'NONE',  ( -11.87499999999999822, -3.750000000000000000, 191.0000000000000000 ) ) ;
#8929 = MECHANICAL_DESIGN_GEOMETRIC_PRESENTATION_REPRESENTATION (  '', ( #1213 ), #576 ) ;
#8930 = CARTESIAN_POINT ( 'NONE',  ( -15.87499999999998579, 0.9999999999999983347, 191.0000000000000000 ) ) ;
#8931 = PRESENTATION_STYLE_ASSIGNMENT (( #5139 ) ) ;
#8932 = CARTESIAN_POINT ( 'NONE',  ( -14.29984897625495677, 3.537035893657381358, 108.8815086317129328 ) ) ;
#8933 = CARTESIAN_POINT ( 'NONE',  ( 16.00000000000090594, 2.500000000000092371, 108.9874921777192753 ) ) ;
#8934 = SURFACE_STYLE_FILL_AREA ( #5143 ) ;
#8935 = VECTOR ( 'NONE', #6055, 1000.000000000000000 ) ;
#8936 = ORIENTED_EDGE ( 'NONE', *, *, #1909, .F. ) ;
#8937 = EDGE_CURVE ( 'NONE', #4826, #4880, #3301, .T. ) ;
#8938 = CARTESIAN_POINT ( 'NONE',  ( 17.49999999999962697, 3.796992763627562883, 206.4377228625936596 ) ) ;
#8939 = ORIENTED_EDGE ( 'NONE', *, *, #5171, .F. ) ;
#8940 = EDGE_CURVE ( 'NONE', #8656, #6724, #382, .T. ) ;
#8941 = FACE_BOUND ( 'NONE', #4032, .T. ) ;
#8942 = CARTESIAN_POINT ( 'NONE',  ( -12.62499999999999822, 5.425000000000027356, 191.7500000000000000 ) ) ;
#8943 = EDGE_CURVE ( 'NONE', #7098, #9720, #9413, .T. ) ;
#8944 = ORIENTED_EDGE ( 'NONE', *, *, #4905, .T. ) ;
#8945 = CARTESIAN_POINT ( 'NONE',  ( 17.99999999999963052, 2.449760427227616333, 207.3703651822345364 ) ) ;
#8946 = COLOUR_RGB ( '',1.000000000000000000, 0.7490196078431372584, 0.000000000000000000 ) ;
#8947 = VECTOR ( 'NONE', #7310, 1000.000000000000000 ) ;
#8948 = CARTESIAN_POINT ( 'NONE',  ( 17.99999999999962697, 3.188552969108196855, 206.8633075736251214 ) ) ;
#8949 = EDGE_CURVE ( 'NONE', #7013, #3741, #4445, .T. ) ;
#8950 = CARTESIAN_POINT ( 'NONE',  ( 11.87499999999963229, 0.6250000000000001110, 216.2500000000000853 ) ) ;
#8951 = LINE ( 'NONE', #4510, #4115 ) ;
#8952 = VECTOR ( 'NONE', #3347, 1000.000000000000000 ) ;
#8953 =( NAMED_UNIT ( * ) SI_UNIT ( $, .STERADIAN. ) SOLID_ANGLE_UNIT ( ) );
#8954 =( GEOMETRIC_REPRESENTATION_CONTEXT ( 3 ) GLOBAL_UNCERTAINTY_ASSIGNED_CONTEXT ( ( #6929 ) ) GLOBAL_UNIT_ASSIGNED_CONTEXT ( ( #2507, #3530, #5735 ) ) REPRESENTATION_CONTEXT ( 'NONE', 'WORKASPACE' ) );
#8955 = ORIENTED_EDGE ( 'NONE', *, *, #1358, .F. ) ;
#8956 = ORIENTED_EDGE ( 'NONE', *, *, #7044, .T. ) ;
#8957 = PRESENTATION_STYLE_ASSIGNMENT (( #2830 ) ) ;
#8958 = ORIENTED_EDGE ( 'NONE', *, *, #4896, .T. ) ;
#8959 = CARTESIAN_POINT ( 'NONE',  ( -16.56133172794870845, 11.83709859823153998, 100.8363183251597377 ) ) ;
#8960 = STYLED_ITEM ( 'NONE', ( #2777 ), #9339 ) ;
#8961 = CARTESIAN_POINT ( 'NONE',  ( 17.49999999999962697, 3.271262422811110238, 208.6730621786945221 ) ) ;
#8962 = FACE_OUTER_BOUND ( 'NONE', #9568, .T. ) ;
#8963 =( NAMED_UNIT ( * ) PLANE_ANGLE_UNIT ( ) SI_UNIT ( $, .RADIAN. ) );
#8964 = CARTESIAN_POINT ( 'NONE',  ( 17.99999999999962697, 1.413961105225020720, 207.2787541787828332 ) ) ;
#8965 = VERTEX_POINT ( 'NONE', #8867 ) ;
#8966 = CARTESIAN_POINT ( 'NONE',  ( 17.49999999999962697, 1.824999999999993516, 208.0610351562500568 ) ) ;
#8967 =( LENGTH_UNIT ( ) NAMED_UNIT ( * ) SI_UNIT ( .MILLI., .METRE. ) );
#8968 =( GEOMETRIC_REPRESENTATION_CONTEXT ( 3 ) GLOBAL_UNCERTAINTY_ASSIGNED_CONTEXT ( ( #6459 ) ) GLOBAL_UNIT_ASSIGNED_CONTEXT ( ( #4541, #6648, #3636 ) ) REPRESENTATION_CONTEXT ( 'NONE', 'WORKASPACE' ) );
#8969 = FACE_OUTER_BOUND ( 'NONE', #1967, .T. ) ;
#8970 = CARTESIAN_POINT ( 'NONE',  ( 17.99999999999963407, 1.824999999999993960, 208.0610351562500853 ) ) ;
#8971 = ORIENTED_EDGE ( 'NONE', *, *, #3678, .F. ) ;
#8972 = CARTESIAN_POINT ( 'NONE',  ( 17.49999999999962697, 3.563885347073003196, 206.4759986797624833 ) ) ;
#8973 = FACE_OUTER_BOUND ( 'NONE', #7610, .T. ) ;
#8974 = CARTESIAN_POINT ( 'NONE',  ( 17.49999999999962697, 3.815234374999993516, 206.4375000000000568 ) ) ;
#8975 = DIRECTION ( 'NONE',  ( -1.000000000000000000, 0.000000000000000000, -0.000000000000000000 ) ) ;
#8976 = CARTESIAN_POINT ( 'NONE',  ( -14.46161401245698208, -2.300842175820120961, 108.9958011311018709 ) ) ;
#8977 =( LENGTH_UNIT ( ) NAMED_UNIT ( * ) SI_UNIT ( .MILLI., .METRE. ) );
#8978 = CARTESIAN_POINT ( 'NONE',  ( -14.76917880066746136, 3.851701168348996340, 108.8271661799636263 ) ) ;
#8979 = DIRECTION ( 'NONE',  ( 0.9576138124097628435, -0.2880551792314094972, 0.000000000000000000 ) ) ;
#8980 = CARTESIAN_POINT ( 'NONE',  ( 17.99999999999962697, 4.528590222734419690, 208.0718033930376691 ) ) ;
#8981 =( NAMED_UNIT ( * ) SI_UNIT ( $, .STERADIAN. ) SOLID_ANGLE_UNIT ( ) );
#8982 = EDGE_LOOP ( 'NONE', ( #7, #9016, #373, #1122 ) ) ;
#8983 = CARTESIAN_POINT ( 'NONE',  ( 17.49999999999962697, 3.400726209281641044, 206.5642407877915616 ) ) ;
#8984 = ORIENTED_EDGE ( 'NONE', *, *, #9461, .F. ) ;
#8985 =( NAMED_UNIT ( * ) PLANE_ANGLE_UNIT ( ) SI_UNIT ( $, .RADIAN. ) );
#8986 = EDGE_CURVE ( 'NONE', #4244, #7947, #9665, .T. ) ;
#8987 =( LENGTH_UNIT ( ) NAMED_UNIT ( * ) SI_UNIT ( .MILLI., .METRE. ) );
#8988 = CARTESIAN_POINT ( 'NONE',  ( 10.24999999999962874, 7.575000000000000178, 216.2500000000000853 ) ) ;
#8989 = VERTEX_POINT ( 'NONE', #5018 ) ;
#8990 = CARTESIAN_POINT ( 'NONE',  ( 17.99999999999963052, 2.190229307193084285, 207.7487027328780584 ) ) ;
#8991 = CARTESIAN_POINT ( 'NONE',  ( 17.49999999999963052, -1.122265625000006484, 206.5000000000000568 ) ) ;
#8992 =( GEOMETRIC_REPRESENTATION_CONTEXT ( 3 ) GLOBAL_UNCERTAINTY_ASSIGNED_CONTEXT ( ( #3019 ) ) GLOBAL_UNIT_ASSIGNED_CONTEXT ( ( #9826, #8309, #6907 ) ) REPRESENTATION_CONTEXT ( 'NONE', 'WORKASPACE' ) );
#8993 = DIRECTION ( 'NONE',  ( -0.000000000000000000, -0.000000000000000000, 1.000000000000000000 ) ) ;
#8994 = SURFACE_STYLE_USAGE ( .BOTH. , #2873 ) ;
#8995 = FILL_AREA_STYLE_COLOUR ( '', #2685 ) ;
#8996 = DIRECTION ( 'NONE',  ( 1.000000000000000000, -0.000000000000000000, 0.000000000000000000 ) ) ;
#8997 = FILL_AREA_STYLE ('',( #9801 ) ) ;
#8998 =( GEOMETRIC_REPRESENTATION_CONTEXT ( 3 ) GLOBAL_UNCERTAINTY_ASSIGNED_CONTEXT ( ( #6203 ) ) GLOBAL_UNIT_ASSIGNED_CONTEXT ( ( #1326, #4377, #9012 ) ) REPRESENTATION_CONTEXT ( 'NONE', 'WORKASPACE' ) );
#8999 = ORIENTED_EDGE ( 'NONE', *, *, #6362, .T. ) ;
#9000 = AXIS2_PLACEMENT_3D ( 'NONE', #4488, #5982, #9121 ) ;
#9001 = VERTEX_POINT ( 'NONE', #2893 ) ;
#9002 = CARTESIAN_POINT ( 'NONE',  ( 17.49999999999962697, 3.546250987536005095, 207.0995341549765385 ) ) ;
#9003 = LINE ( 'NONE', #9247, #5031 ) ;
#9004 =( NAMED_UNIT ( * ) PLANE_ANGLE_UNIT ( ) SI_UNIT ( $, .RADIAN. ) );
#9005 = CARTESIAN_POINT ( 'NONE',  ( 17.49999999999963052, 3.400726209281622836, 208.8107592122085805 ) ) ;
#9006 =( NAMED_UNIT ( * ) SI_UNIT ( $, .STERADIAN. ) SOLID_ANGLE_UNIT ( ) );
#9007 = FILL_AREA_STYLE_COLOUR ( '', #3067 ) ;
#9008 = CARTESIAN_POINT ( 'NONE',  ( 17.99999999999962697, 1.393796788895505845, 207.5324777293617160 ) ) ;
#9009 = VERTEX_POINT ( 'NONE', #575 ) ;
#9010 = SURFACE_STYLE_FILL_AREA ( #852 ) ;
#9011 =( NAMED_UNIT ( * ) SI_UNIT ( $, .STERADIAN. ) SOLID_ANGLE_UNIT ( ) );
#9012 =( NAMED_UNIT ( * ) SI_UNIT ( $, .STERADIAN. ) SOLID_ANGLE_UNIT ( ) );
#9013 = ADVANCED_FACE ( 'NONE', ( #4477 ), #8920, .T. ) ;
#9014 = LINE ( 'NONE', #2940, #473 ) ;
#9015 = LINE ( 'NONE', #2290, #1917 ) ;
#9016 = ORIENTED_EDGE ( 'NONE', *, *, #2563, .F. ) ;
#9017 = CARTESIAN_POINT ( 'NONE',  ( 17.49999999999963762, 4.066573623958151806, 208.8989810010243957 ) ) ;
#9018 = CARTESIAN_POINT ( 'NONE',  ( -15.85225857135850269, 2.771430133269670915, 108.9707583433829257 ) ) ;
#9019 = CARTESIAN_POINT ( 'NONE',  ( 17.99999999999963052, -1.137402343750006040, 209.0000000000000568 ) ) ;
#9020 = AXIS2_PLACEMENT_3D ( 'NONE', #9258, #2391, #8561 ) ;
#9021 = EDGE_LOOP ( 'NONE', ( #8984, #6078, #84, #9200, #1179, #9757, #3371, #1510 ) ) ;
#9022 = PRESENTATION_STYLE_ASSIGNMENT (( #1341 ) ) ;
#9023 = CARTESIAN_POINT ( 'NONE',  ( -12.62499999999999822, 3.750000000000000000, 191.0000000000000000 ) ) ;
#9024 = ORIENTED_EDGE ( 'NONE', *, *, #6082, .T. ) ;
#9025 = UNCERTAINTY_MEASURE_WITH_UNIT (LENGTH_MEASURE( 1.000000000000000082E-05 ), #4619, 'distance_accuracy_value', 'NONE');
#9026 = CARTESIAN_POINT ( 'NONE',  ( 17.99999999999962341, 4.020514041537930794, 208.9134394559440011 ) ) ;
#9027 = ORIENTED_EDGE ( 'NONE', *, *, #441, .F. ) ;
#9028 = SURFACE_STYLE_FILL_AREA ( #5944 ) ;
#9029 = COLOUR_RGB ( '',1.000000000000000000, 1.000000000000000000, 1.000000000000000000 ) ;
#9030 = DIRECTION ( 'NONE',  ( 0.000000000000000000, 0.000000000000000000, 1.000000000000000000 ) ) ;
#9031 = EDGE_CURVE ( 'NONE', #601, #8612, #6788, .T. ) ;
#9032 = PLANE ( 'NONE',  #5381 ) ;
#9033 = CARTESIAN_POINT ( 'NONE',  ( -16.99999999999999645, -10.99999999999999822, 0.7639320225002188547 ) ) ;
#9034 = DIRECTION ( 'NONE',  ( 0.000000000000000000, -1.000000000000000000, 0.000000000000000000 ) ) ;
#9035 = CARTESIAN_POINT ( 'NONE',  ( 17.99999999999963407, 1.541351898961228706, 206.7741358337268593 ) ) ;
#9036 = PRESENTATION_STYLE_ASSIGNMENT (( #9799 ) ) ;
#9037 = EDGE_CURVE ( 'NONE', #3542, #6287, #5777, .T. ) ;
#9038 = DIRECTION ( 'NONE',  ( 5.152731610988132415E-16, -0.8995557138897189997, 0.4368060411765821160 ) ) ;
#9039 = CARTESIAN_POINT ( 'NONE',  ( 17.49999999999963052, 1.570304536001098095, 208.5835890961145651 ) ) ;
#9040 = ORIENTED_EDGE ( 'NONE', *, *, #8586, .T. ) ;
#9041 = SURFACE_STYLE_USAGE ( .BOTH. , #4463 ) ;
#9042 = AXIS2_PLACEMENT_3D ( 'NONE', #1480, #3731, #6905 ) ;
#9043 = ORIENTED_EDGE ( 'NONE', *, *, #8748, .T. ) ;
#9044 = FILL_AREA_STYLE ('',( #8188 ) ) ;
#9045 = ORIENTED_EDGE ( 'NONE', *, *, #5776, .T. ) ;
#9046 = CARTESIAN_POINT ( 'NONE',  ( 17.99999999999962341, 4.500839600450766476, 208.2845539964293948 ) ) ;
#9047 = CARTESIAN_POINT ( 'NONE',  ( 17.74999999999963052, -1.000000000000000000, 216.2500000000000853 ) ) ;
#9048 = EDGE_CURVE ( 'NONE', #2120, #3840, #4376, .T. ) ;
#9049 = DIRECTION ( 'NONE',  ( -0.2873478855663132436, 0.9578262852211610889, 0.000000000000000000 ) ) ;
#9050 = EDGE_CURVE ( 'NONE', #8051, #2865, #8101, .T. ) ;
#9051 = CARTESIAN_POINT ( 'NONE',  ( 17.49999999999963052, 2.449999999999993960, 207.3217773437500284 ) ) ;
#9052 = EDGE_CURVE ( 'NONE', #8550, #3926, #1223, .T. ) ;
#9053 = CARTESIAN_POINT ( 'NONE',  ( 17.99999999999963052, 2.493377326255819870, 206.5037258255016752 ) ) ;
#9054 = COLOUR_RGB ( '',1.000000000000000000, 0.7490196078431372584, 0.000000000000000000 ) ;
#9055 = EDGE_LOOP ( 'NONE', ( #2278, #1065, #6541, #3987 ) ) ;
#9056 = DIRECTION ( 'NONE',  ( 6.245004513516508064E-14, -1.000000000000000000, 0.000000000000000000 ) ) ;
#9057 = CARTESIAN_POINT ( 'NONE',  ( 14.00000000000001243, -2.500000000000000000, 107.9999999999999858 ) ) ;
#9058 = CARTESIAN_POINT ( 'NONE',  ( 16.00000000000001066, 2.500000000000000000, 107.9999999999999858 ) ) ;
#9059 = ORIENTED_EDGE ( 'NONE', *, *, #1735, .F. ) ;
#9061 =( NAMED_UNIT ( * ) PLANE_ANGLE_UNIT ( ) SI_UNIT ( $, .RADIAN. ) );
#9060 = MECHANICAL_DESIGN_GEOMETRIC_PRESENTATION_REPRESENTATION (  '', ( #7456 ), #2350 ) ;
#9062 =( NAMED_UNIT ( * ) SI_UNIT ( $, .STERADIAN. ) SOLID_ANGLE_UNIT ( ) );
#9063 = CARTESIAN_POINT ( 'NONE',  ( 17.00000000000000000, 11.00000000000000355, 103.3588989435406802 ) ) ;
#9064 = CARTESIAN_POINT ( 'NONE',  ( 17.49999999999963407, 3.833475967286428698, 208.9372770977486482 ) ) ;
#9065 = CARTESIAN_POINT ( 'NONE',  ( 17.99999999999963052, 3.684392464722555438, 208.5033458436068656 ) ) ;
#9066 = CYLINDRICAL_SURFACE ( 'NONE', #2342, 3.000000000000000000 ) ;
#9067 = PRESENTATION_LAYER_ASSIGNMENT (  '', '', ( #6485 ) ) ;
#9068 = CARTESIAN_POINT ( 'NONE',  ( 12.49999999999963052, -7.825000000000000178, 212.0000000000000853 ) ) ;
#9069 = PRESENTATION_LAYER_ASSIGNMENT (  '', '', ( #8922 ) ) ;
#9070 = ORIENTED_EDGE ( 'NONE', *, *, #9088, .T. ) ;
#9071 = DIRECTION ( 'NONE',  ( -0.000000000000000000, -0.000000000000000000, 1.000000000000000000 ) ) ;
#9072 =( LENGTH_UNIT ( ) NAMED_UNIT ( * ) SI_UNIT ( .MILLI., .METRE. ) );
#9073 = ADVANCED_FACE ( 'NONE', ( #5078, #7339 ), #1432, .T. ) ;
#9074 = SURFACE_SIDE_STYLE ('',( #7509 ) ) ;
#9075 = EDGE_LOOP ( 'NONE', ( #4572, #7328, #7773, #9410 ) ) ;
#9076 = CARTESIAN_POINT ( 'NONE',  ( 17.99999999999963052, 2.449760427227616333, 207.3703651822345364 ) ) ;
#9077 = EDGE_LOOP ( 'NONE', ( #8870, #4812, #3106, #4963 ) ) ;
#9078 = STYLED_ITEM ( 'NONE', ( #4504 ), #6080 ) ;
#9079 = MECHANICAL_DESIGN_GEOMETRIC_PRESENTATION_REPRESENTATION (  '', ( #2158 ), #900 ) ;
#9080 = LINE ( 'NONE', #8374, #2475 ) ;
#9081 = CARTESIAN_POINT ( 'NONE',  ( -15.11684481605409935, -3.874886100340196204, 108.8226677702189562 ) ) ;
#9082 = CARTESIAN_POINT ( 'NONE',  ( -14.62500000000001243, 0.8747316122293901097, 198.7500000000000000 ) ) ;
#9083 = SURFACE_STYLE_FILL_AREA ( #698 ) ;
#9084 = PRESENTATION_LAYER_ASSIGNMENT (  '', '', ( #7303 ) ) ;
#9085 = MECHANICAL_DESIGN_GEOMETRIC_PRESENTATION_REPRESENTATION (  '', ( #3327 ), #748 ) ;
#9086 =( NAMED_UNIT ( * ) PLANE_ANGLE_UNIT ( ) SI_UNIT ( $, .RADIAN. ) );
#9087 = CARTESIAN_POINT ( 'NONE',  ( -14.99999999999998046, 0.9999999999999983347, 109.0000000000000000 ) ) ;
#9088 = EDGE_CURVE ( 'NONE', #3872, #5652, #7651, .T. ) ;
#9089 = LINE ( 'NONE', #804, #3927 ) ;
#9090 = CARTESIAN_POINT ( 'NONE',  ( 17.99999999999963407, 1.939513177393229260, 208.4564514873139842 ) ) ;
#9091 = CARTESIAN_POINT ( 'NONE',  ( -16.62500000000006395, 0.000000000000000000, 195.2500000000000000 ) ) ;
#9092 = MECHANICAL_DESIGN_GEOMETRIC_PRESENTATION_REPRESENTATION (  '', ( #9409 ), #4106 ) ;
#9093 = ORIENTED_EDGE ( 'NONE', *, *, #6137, .T. ) ;
#9094 = SURFACE_STYLE_USAGE ( .BOTH. , #6937 ) ;
#9095 = VECTOR ( 'NONE', #2583, 1000.000000000000000 ) ;
#9096 = VECTOR ( 'NONE', #1673, 1000.000000000000000 ) ;
#9097 = EDGE_LOOP ( 'NONE', ( #4921, #2026, #2943, #7565 ) ) ;
#9098 = CARTESIAN_POINT ( 'NONE',  ( 17.99999999999962697, 1.413961105225020720, 207.2787541787828332 ) ) ;
#9099 = CARTESIAN_POINT ( 'NONE',  ( 17.99999999999963052, -0.5187500000000057065, 208.5937500000000568 ) ) ;
#9100 = FILL_AREA_STYLE_COLOUR ( '', #1648 ) ;
#9101 = CARTESIAN_POINT ( 'NONE',  ( 17.99999999999962697, 2.401073110991139625, 207.0290277684576381 ) ) ;
#9102 = CYLINDRICAL_SURFACE ( 'NONE', #9641, 0.8750000000000007772 ) ;
#9103 =( GEOMETRIC_REPRESENTATION_CONTEXT ( 3 ) GLOBAL_UNCERTAINTY_ASSIGNED_CONTEXT ( ( #6001 ) ) GLOBAL_UNIT_ASSIGNED_CONTEXT ( ( #4040, #8574, #87 ) ) REPRESENTATION_CONTEXT ( 'NONE', 'WORKASPACE' ) );
#9104 = CARTESIAN_POINT ( 'NONE',  ( 17.99999999999963407, 1.387963681837775187, 207.6741013388981685 ) ) ;
#9105 =( GEOMETRIC_REPRESENTATION_CONTEXT ( 3 ) GLOBAL_UNCERTAINTY_ASSIGNED_CONTEXT ( ( #8381 ) ) GLOBAL_UNIT_ASSIGNED_CONTEXT ( ( #6914, #9216, #6958 ) ) REPRESENTATION_CONTEXT ( 'NONE', 'WORKASPACE' ) );
#9106 = VERTEX_POINT ( 'NONE', #2288 ) ;
#9107 = DIRECTION ( 'NONE',  ( 0.9576138124097653970, -0.2880551792314013371, 0.000000000000000000 ) ) ;
#9108 = FILL_AREA_STYLE_COLOUR ( '', #934 ) ;
#9109 = EDGE_CURVE ( 'NONE', #5190, #3247, #8554, .T. ) ;
#9110 = CARTESIAN_POINT ( 'NONE',  ( 17.49999999999962341, 3.563885347073009413, 208.8990013202375167 ) ) ;
#9111 = CARTESIAN_POINT ( 'NONE',  ( 17.49999999999963407, 2.854770383611750173, 207.1978637864689858 ) ) ;
#9112 = VECTOR ( 'NONE', #2294, 1000.000000000000000 ) ;
#9113 = EDGE_LOOP ( 'NONE', ( #6420, #9168, #5746, #275 ) ) ;
#9114 = STYLED_ITEM ( 'NONE', ( #5672 ), #9178 ) ;
#9115 = DIRECTION ( 'NONE',  ( 0.000000000000000000, -0.000000000000000000, 1.000000000000000000 ) ) ;
#9116 = SURFACE_STYLE_USAGE ( .BOTH. , #7500 ) ;
#9117 = CARTESIAN_POINT ( 'NONE',  ( 17.49999999999962697, 4.106249999999993960, 207.6875000000000568 ) ) ;
#9118 = CARTESIAN_POINT ( 'NONE',  ( 17.49999999999963762, 4.422404624724461719, 208.5528490461045408 ) ) ;
#9119 = DIRECTION ( 'NONE',  ( 0.000000000000000000, -1.334402673828312107E-16, 1.000000000000000000 ) ) ;
#9120 = CARTESIAN_POINT ( 'NONE',  ( -14.88521040965806996, 2.124900625728495474, 108.9992199617587261 ) ) ;
#9121 = DIRECTION ( 'NONE',  ( 1.000000000000000000, 0.000000000000000000, 0.000000000000000000 ) ) ;
#9122 = VERTEX_POINT ( 'NONE', #6122 ) ;
#9123 = CARTESIAN_POINT ( 'NONE',  ( 15.49999999999963229, 2.499999999999999556, 216.2500000000000853 ) ) ;
#9124 = CARTESIAN_POINT ( 'NONE',  ( 17.99999999999962341, 3.815234374999993960, 206.8437500000000568 ) ) ;
#9125 = CARTESIAN_POINT ( 'NONE',  ( 17.99999999999962697, 4.438867392842171355, 208.5120207746678318 ) ) ;
#9126 = ORIENTED_EDGE ( 'NONE', *, *, #9235, .F. ) ;
#9127 = UNCERTAINTY_MEASURE_WITH_UNIT (LENGTH_MEASURE( 1.000000000000000082E-05 ), #1205, 'distance_accuracy_value', 'NONE');
#9128 = CARTESIAN_POINT ( 'NONE',  ( -17.00000000000000000, 11.17258185056577702, 0.9182939223193267164 ) ) ;
#9129 = VERTEX_POINT ( 'NONE', #9203 ) ;
#9130 = PRESENTATION_LAYER_ASSIGNMENT (  '', '', ( #3657 ) ) ;
#9131 = CARTESIAN_POINT ( 'NONE',  ( 17.99999999999962697, 3.074999999999993960, 207.6875000000000568 ) ) ;
#9132 = DIRECTION ( 'NONE',  ( -1.000000000000000000, -0.000000000000000000, -0.000000000000000000 ) ) ;
#9133 = EDGE_CURVE ( 'NONE', #549, #8890, #5419, .T. ) ;
#9134 = EDGE_CURVE ( 'NONE', #4217, #9129, #6222, .T. ) ;
#9135 = FILL_AREA_STYLE_COLOUR ( '', #2738 ) ;
#9136 = SURFACE_SIDE_STYLE ('',( #9083 ) ) ;
#9137 = PLANE ( 'NONE',  #7223 ) ;
#9138 = CARTESIAN_POINT ( 'NONE',  ( 17.99999999999962697, 1.538105006586047319, 208.5304671590533303 ) ) ;
#9139 = UNCERTAINTY_MEASURE_WITH_UNIT (LENGTH_MEASURE( 1.000000000000000082E-05 ), #3297, 'distance_accuracy_value', 'NONE');
#9140 =( GEOMETRIC_REPRESENTATION_CONTEXT ( 3 ) GLOBAL_UNCERTAINTY_ASSIGNED_CONTEXT ( ( #9236 ) ) GLOBAL_UNIT_ASSIGNED_CONTEXT ( ( #7340, #8157, #3572 ) ) REPRESENTATION_CONTEXT ( 'NONE', 'WORKASPACE' ) );
#9141 =( NAMED_UNIT ( * ) PLANE_ANGLE_UNIT ( ) SI_UNIT ( $, .RADIAN. ) );
#9142 = VERTEX_POINT ( 'NONE', #1572 ) ;
#9143 = DIRECTION ( 'NONE',  ( 1.000000000000000000, -0.000000000000000000, 0.000000000000000000 ) ) ;
#9144 =( GEOMETRIC_REPRESENTATION_CONTEXT ( 3 ) GLOBAL_UNCERTAINTY_ASSIGNED_CONTEXT ( ( #7735 ) ) GLOBAL_UNIT_ASSIGNED_CONTEXT ( ( #9624, #8876, #7346 ) ) REPRESENTATION_CONTEXT ( 'NONE', 'WORKASPACE' ) );
#9145 = EDGE_LOOP ( 'NONE', ( #7662, #4613, #4770, #5536, #4298, #767 ) ) ;
#9146 = FILL_AREA_STYLE_COLOUR ( '', #613 ) ;
#9147 = ORIENTED_EDGE ( 'NONE', *, *, #3315, .T. ) ;
#9148 =( NAMED_UNIT ( * ) SI_UNIT ( $, .STERADIAN. ) SOLID_ANGLE_UNIT ( ) );
#9149 = PRESENTATION_LAYER_ASSIGNMENT (  '', '', ( #9298 ) ) ;
#9150 = SURFACE_STYLE_FILL_AREA ( #716 ) ;
#9151 = PRESENTATION_STYLE_ASSIGNMENT (( #7647 ) ) ;
#9152 = ORIENTED_EDGE ( 'NONE', *, *, #6967, .F. ) ;
#9153 = DIRECTION ( 'NONE',  ( -1.000000000000000000, -1.040834085586084099E-14, 0.000000000000000000 ) ) ;
#9154 = CARTESIAN_POINT ( 'NONE',  ( 17.99999999999962697, 4.079236032238122256, 207.0983184595431794 ) ) ;
#9155 = CARTESIAN_POINT ( 'NONE',  ( 17.99999999999963052, -0.6081054687500061506, 209.0000000000000568 ) ) ;
#9156 = ADVANCED_FACE ( 'NONE', ( #2436 ), #69, .T. ) ;
#9157 = VERTEX_POINT ( 'NONE', #6169 ) ;
#9158 = SURFACE_STYLE_USAGE ( .BOTH. , #2945 ) ;
#9159 = LINE ( 'NONE', #8306, #9112 ) ;
#9160 = EDGE_CURVE ( 'NONE', #4057, #5728, #7046, .T. ) ;
#9162 = MECHANICAL_DESIGN_GEOMETRIC_PRESENTATION_REPRESENTATION (  '', ( #1953 ), #1959 ) ;
#9161 = DIRECTION ( 'NONE',  ( 1.000000000000000000, 2.168404344970974848E-16, 0.000000000000000000 ) ) ;
#9163 = CARTESIAN_POINT ( 'NONE',  ( 17.49999999999963052, 3.869214462040087898, 208.9368403929468627 ) ) ;
#9164 = STYLED_ITEM ( 'NONE', ( #5597 ), #861 ) ;
#9165 = SURFACE_STYLE_FILL_AREA ( #3200 ) ;
#9166 = ORIENTED_EDGE ( 'NONE', *, *, #5, .F. ) ;
#9167 = SURFACE_STYLE_FILL_AREA ( #6800 ) ;
#9168 = ORIENTED_EDGE ( 'NONE', *, *, #2673, .F. ) ;
#9169 = CARTESIAN_POINT ( 'NONE',  ( 17.49999999999963052, 2.493377326255819426, 206.5037258255016752 ) ) ;
#9170 = CARTESIAN_POINT ( 'NONE',  ( 17.99999999999963407, 2.811422747149541657, 208.3661018583782436 ) ) ;
#9171 = MECHANICAL_DESIGN_GEOMETRIC_PRESENTATION_REPRESENTATION (  '', ( #9817 ), #671 ) ;
#9172 = FILL_AREA_STYLE ('',( #3056 ) ) ;
#9173 = ORIENTED_EDGE ( 'NONE', *, *, #270, .F. ) ;
#9174 = CARTESIAN_POINT ( 'NONE',  ( 17.99999999999962697, 2.445458038793933753, 207.4169342137718672 ) ) ;
#9175 = VERTEX_POINT ( 'NONE', #5429 ) ;
#9176 = CARTESIAN_POINT ( 'NONE',  ( -13.62499999999989519, -8.981530796869846030E-13, 198.7500000000000000 ) ) ;
#9177 = CARTESIAN_POINT ( 'NONE',  ( -15.23101861505105781, -3.851724293104242136, 108.8271632541163996 ) ) ;
#9178 = ADVANCED_FACE ( 'NONE', ( #6018 ), #7750, .F. ) ;
#9179 = CARTESIAN_POINT ( 'NONE',  ( 17.49999999999965183, 2.305498888045904859, 207.7064098476783158 ) ) ;
#9180 = LINE ( 'NONE', #2206, #9233 ) ;
#9181 = CARTESIAN_POINT ( 'NONE',  ( 16.95877604367208491, -11.31667686418683161, 102.6530031570373040 ) ) ;
#9182 = FILL_AREA_STYLE_COLOUR ( '', #5790 ) ;
#9183 = CARTESIAN_POINT ( 'NONE',  ( 17.49999999999963052, 1.871520346365342036, 207.0083186266964219 ) ) ;
#9184 = CARTESIAN_POINT ( 'NONE',  ( 17.99999999999963052, 1.387499999999993738, 207.8222656250000568 ) ) ;
#9185 = VECTOR ( 'NONE', #2022, 1000.000000000000000 ) ;
#9186 =( NAMED_UNIT ( * ) SI_UNIT ( $, .STERADIAN. ) SOLID_ANGLE_UNIT ( ) );
#9187 = CARTESIAN_POINT ( 'NONE',  ( 17.49999999999963762, 1.836767691229790334, 208.2166788591261479 ) ) ;
#9188 = ORIENTED_EDGE ( 'NONE', *, *, #2333, .F. ) ;
#9189 = CARTESIAN_POINT ( 'NONE',  ( 17.49999999999962697, 4.516635796539206105, 208.1827796043741046 ) ) ;
#9190 = CIRCLE ( 'NONE', #1338, 0.8749999999999990008 ) ;
#9191 = ORIENTED_EDGE ( 'NONE', *, *, #5902, .T. ) ;
#9192 = ORIENTED_EDGE ( 'NONE', *, *, #7290, .T. ) ;
#9193 = LINE ( 'NONE', #107, #6853 ) ;
#9194 = LINE ( 'NONE', #3229, #2008 ) ;
#9195 = STYLED_ITEM ( 'NONE', ( #8465 ), #3579 ) ;
#9196 = LINE ( 'NONE', #5967, #7585 ) ;
#9197 = CARTESIAN_POINT ( 'NONE',  ( 17.49999999999963762, 2.362439653655270089, 206.9532688236553213 ) ) ;
#9198 = EDGE_CURVE ( 'NONE', #4736, #6135, #4117, .T. ) ;
#9199 = CARTESIAN_POINT ( 'NONE',  ( 17.99999999999963052, 1.956466092947767077, 206.8847140234164499 ) ) ;
#9200 = ORIENTED_EDGE ( 'NONE', *, *, #4588, .F. ) ;
#9201 = EDGE_CURVE ( 'NONE', #5842, #9549, #318, .T. ) ;
#9202 = MECHANICAL_DESIGN_GEOMETRIC_PRESENTATION_REPRESENTATION (  '', ( #68 ), #8900 ) ;
#9203 = CARTESIAN_POINT ( 'NONE',  ( 15.93649167310371517, 2.000000000000001776, 109.0000000000000000 ) ) ;
#9204 = LINE ( 'NONE', #821, #7543 ) ;
#9205 = PLANE ( 'NONE',  #2580 ) ;
#9206 = CARTESIAN_POINT ( 'NONE',  ( 2.073239848542206906E-14, -1.874731612229238564, 198.7500000000000000 ) ) ;
#9207 = ORIENTED_EDGE ( 'NONE', *, *, #4094, .T. ) ;
#9208 = LINE ( 'NONE', #5927, #7428 ) ;
#9209 = LINE ( 'NONE', #5389, #389 ) ;
#9210 = CARTESIAN_POINT ( 'NONE',  ( 17.99999999999963052, 3.972093481131357517, 208.9239202844645433 ) ) ;
#9211 =( NAMED_UNIT ( * ) SI_UNIT ( $, .STERADIAN. ) SOLID_ANGLE_UNIT ( ) );
#9212 =( NAMED_UNIT ( * ) PLANE_ANGLE_UNIT ( ) SI_UNIT ( $, .RADIAN. ) );
#9213 = ORIENTED_EDGE ( 'NONE', *, *, #5563, .T. ) ;
#9214 = SURFACE_STYLE_USAGE ( .BOTH. , #9880 ) ;
#9215 = DIRECTION ( 'NONE',  ( -0.000000000000000000, -0.000000000000000000, 1.000000000000000000 ) ) ;
#9216 =( NAMED_UNIT ( * ) PLANE_ANGLE_UNIT ( ) SI_UNIT ( $, .RADIAN. ) );
#9217 = MECHANICAL_DESIGN_GEOMETRIC_PRESENTATION_REPRESENTATION (  '', ( #1680 ), #4714 ) ;
#9218 = VECTOR ( 'NONE', #9358, 1000.000000000000000 ) ;
#9219 = CARTESIAN_POINT ( 'NONE',  ( 17.49999999999963052, 4.543749999999994849, 207.6875000000000853 ) ) ;
#9220 = ORIENTED_EDGE ( 'NONE', *, *, #8829, .T. ) ;
#9221 = UNCERTAINTY_MEASURE_WITH_UNIT (LENGTH_MEASURE( 1.000000000000000082E-05 ), #2982, 'distance_accuracy_value', 'NONE');
#9222 = SURFACE_STYLE_FILL_AREA ( #86 ) ;
#9223 = CARTESIAN_POINT ( 'NONE',  ( 17.99999999999963762, 2.279358744905681800, 207.7220765438395915 ) ) ;
#9224 = ORIENTED_EDGE ( 'NONE', *, *, #6137, .F. ) ;
#9225 = CARTESIAN_POINT ( 'NONE',  ( 17.99999999999963407, 1.894604961207935645, 208.3877819461357888 ) ) ;
#9226 = STYLED_ITEM ( 'NONE', ( #1631 ), #5604 ) ;
#9227 = CARTESIAN_POINT ( 'NONE',  ( 17.99999999999962341, 3.815234374999993960, 206.8437500000000568 ) ) ;
#9228 = VECTOR ( 'NONE', #3611, 1000.000000000000000 ) ;
#9229 =( NAMED_UNIT ( * ) SI_UNIT ( $, .STERADIAN. ) SOLID_ANGLE_UNIT ( ) );
#9230 = FILL_AREA_STYLE ('',( #4553 ) ) ;
#9231 = EDGE_CURVE ( 'NONE', #5450, #6675, #4161, .T. ) ;
#9232 = LINE ( 'NONE', #6305, #4821 ) ;
#9233 = VECTOR ( 'NONE', #7626, 1000.000000000000000 ) ;
#9234 = DIRECTION ( 'NONE',  ( 1.000000000000000000, 0.000000000000000000, 0.000000000000000000 ) ) ;
#9235 = EDGE_CURVE ( 'NONE', #4969, #2715, #7181, .T. ) ;
#9236 = UNCERTAINTY_MEASURE_WITH_UNIT (LENGTH_MEASURE( 1.000000000000000082E-05 ), #7340, 'distance_accuracy_value', 'NONE');
#9237 = STYLED_ITEM ( 'NONE', ( #4951 ), #4803 ) ;
#9238 = EDGE_CURVE ( 'NONE', #1472, #5482, #3372, .T. ) ;
#9239 = SURFACE_SIDE_STYLE ('',( #6206 ) ) ;
#9240 = ORIENTED_EDGE ( 'NONE', *, *, #1300, .F. ) ;
#9241 = CARTESIAN_POINT ( 'NONE',  ( 17.00000000000000711, -11.17258185056577169, 0.9182939223193250511 ) ) ;
#9242 = EDGE_CURVE ( 'NONE', #3447, #7763, #8606, .T. ) ;
#9243 = VERTEX_POINT ( 'NONE', #6422 ) ;
#9244 = CARTESIAN_POINT ( 'NONE',  ( 17.99999999999963052, 1.447083169611956599, 207.0640485895369522 ) ) ;
#9245 = COLOUR_RGB ( '',1.000000000000000000, 1.000000000000000000, 1.000000000000000000 ) ;
#9246 = COLOUR_RGB ( '',1.000000000000000000, 0.7490196078431372584, 0.000000000000000000 ) ;
#9247 = CARTESIAN_POINT ( 'NONE',  ( -15.62499999999999289, 0.8744632244589126691, 195.2500000000000000 ) ) ;
#9248 = PRESENTATION_STYLE_ASSIGNMENT (( #7040 ) ) ;
#9249 = LINE ( 'NONE', #9347, #7832 ) ;
#9250 = SURFACE_STYLE_USAGE ( .BOTH. , #7694 ) ;
#9251 = EDGE_CURVE ( 'NONE', #5284, #1514, #2452, .T. ) ;
#9252 = VECTOR ( 'NONE', #9439, 1000.000000000000000 ) ;
#9253 = DIRECTION ( 'NONE',  ( 1.000000000000000000, 0.000000000000000000, 0.000000000000000000 ) ) ;
#9254 = CARTESIAN_POINT ( 'NONE',  ( -16.62500000000006395, -4.925000000000025580, 198.7500000000000000 ) ) ;
#9255 = CARTESIAN_POINT ( 'NONE',  ( 17.49999999999961631, 4.054160905795376024, 207.0048809923985687 ) ) ;
#9256 = ORIENTED_EDGE ( 'NONE', *, *, #1902, .T. ) ;
#9257 = PLANE ( 'NONE',  #5189 ) ;
#9258 = CARTESIAN_POINT ( 'NONE',  ( -4.813019604416389355E-14, 4.624194836688332977, 197.7500000000000000 ) ) ;
#9259 = MECHANICAL_DESIGN_GEOMETRIC_PRESENTATION_REPRESENTATION (  '', ( #5084 ), #6200 ) ;
#9260 = CARTESIAN_POINT ( 'NONE',  ( 17.99999999999963407, 3.609957437522211876, 206.4615662146289878 ) ) ;
#9261 = CARTESIAN_POINT ( 'NONE',  ( 17.99999999999963407, 4.328508710310702945, 206.6630882637648483 ) ) ;
#9262 = FILL_AREA_STYLE ('',( #3152 ) ) ;
#9263 = ORIENTED_EDGE ( 'NONE', *, *, #4644, .T. ) ;
#9264 = CARTESIAN_POINT ( 'NONE',  ( -15.50000000000000000, 6.174999999999999822, 191.7500000000000000 ) ) ;
#9265 = DIRECTION ( 'NONE',  ( 0.000000000000000000, 0.000000000000000000, 1.000000000000000000 ) ) ;
#9266 =( GEOMETRIC_REPRESENTATION_CONTEXT ( 3 ) GLOBAL_UNCERTAINTY_ASSIGNED_CONTEXT ( ( #5497 ) ) GLOBAL_UNIT_ASSIGNED_CONTEXT ( ( #8490, #4556, #9186 ) ) REPRESENTATION_CONTEXT ( 'NONE', 'WORKASPACE' ) );
#9267 = PRESENTATION_LAYER_ASSIGNMENT (  '', '', ( #9114 ) ) ;
#9268 = PRESENTATION_STYLE_ASSIGNMENT (( #7768 ) ) ;
#9269 = ORIENTED_EDGE ( 'NONE', *, *, #9625, .T. ) ;
#9270 = CARTESIAN_POINT ( 'NONE',  ( 17.99999999999963052, -1.958203125000006040, 206.5000000000000568 ) ) ;
#9271 = ORIENTED_EDGE ( 'NONE', *, *, #3673, .T. ) ;
#9272 = CARTESIAN_POINT ( 'NONE',  ( 0.000000000000000000, -7.825000000000000178, 212.0000000000000853 ) ) ;
#9273 =( NAMED_UNIT ( * ) SI_UNIT ( $, .STERADIAN. ) SOLID_ANGLE_UNIT ( ) );
#9274 = CARTESIAN_POINT ( 'NONE',  ( 15.49999999999963229, -2.500000000000000444, 215.7500000000000853 ) ) ;
#9275 = DIRECTION ( 'NONE',  ( 1.000000000000000000, 1.445602896647339163E-16, -0.000000000000000000 ) ) ;
#9276 = PRESENTATION_STYLE_ASSIGNMENT (( #7927 ) ) ;
#9277 = SURFACE_STYLE_FILL_AREA ( #6876 ) ;
#9278 = CARTESIAN_POINT ( 'NONE',  ( 17.99999999999962341, 4.104075587598417840, 207.9061024020035973 ) ) ;
#9279 = PRESENTATION_STYLE_ASSIGNMENT (( #5511 ) ) ;
#9280 = FILL_AREA_STYLE_COLOUR ( '', #905 ) ;
#9281 = FILL_AREA_STYLE ('',( #3174 ) ) ;
#9282 = SURFACE_STYLE_USAGE ( .BOTH. , #9239 ) ;
#9283 = CARTESIAN_POINT ( 'NONE',  ( 17.00000000000000000, 11.00000000000000355, 0.7639320225002188547 ) ) ;
#9284 = ORIENTED_EDGE ( 'NONE', *, *, #7415, .F. ) ;
#9285 = CARTESIAN_POINT ( 'NONE',  ( 17.99999999999963052, 1.986826007127235894, 208.9186223125504682 ) ) ;
#9286 = CARTESIAN_POINT ( 'NONE',  ( 17.49999999999962697, 2.253399776706216606, 208.5507877503942495 ) ) ;
#9287 = ORIENTED_EDGE ( 'NONE', *, *, #218, .T. ) ;
#9288 = SURFACE_SIDE_STYLE ('',( #6217 ) ) ;
#9289 = SURFACE_STYLE_USAGE ( .BOTH. , #6268 ) ;
#9290 =( NAMED_UNIT ( * ) SI_UNIT ( $, .STERADIAN. ) SOLID_ANGLE_UNIT ( ) );
#9291 = CARTESIAN_POINT ( 'NONE',  ( 17.49999999999962341, 2.778254248941757432, 208.5334689684619889 ) ) ;
#9292 = CARTESIAN_POINT ( 'NONE',  ( -16.83520625676068860, -11.56742059362768238, 101.9341714425604835 ) ) ;
#9293 = CIRCLE ( 'NONE', #2740, 0.8750000000000007772 ) ;
#9294 = LINE ( 'NONE', #4715, #267 ) ;
#9295 = CARTESIAN_POINT ( 'NONE',  ( -17.00000000000000000, 2.000000000000001776, 109.0000000000000000 ) ) ;
#9296 = FACE_OUTER_BOUND ( 'NONE', #9837, .T. ) ;
#9297 = CARTESIAN_POINT ( 'NONE',  ( 17.49999999999962697, 3.512499999999993516, 207.6875000000000568 ) ) ;
#9298 = STYLED_ITEM ( 'NONE', ( #3484 ), #422 ) ;
#9299 = SURFACE_STYLE_USAGE ( .BOTH. , #4631 ) ;
#9300 = CARTESIAN_POINT ( 'NONE',  ( 17.49999999999963052, 2.855631496391761726, 207.3227690403875272 ) ) ;
#9301 = EDGE_LOOP ( 'NONE', ( #7378, #2497, #9435, #9395, #6343, #2923, #3201, #7193 ) ) ;
#9302 = CARTESIAN_POINT ( 'NONE',  ( 17.49999999999962697, 3.528017925053919868, 208.1572434063212143 ) ) ;
#9303 = SURFACE_STYLE_USAGE ( .BOTH. , #7151 ) ;
#9304 = CARTESIAN_POINT ( 'NONE',  ( -12.62499999999999822, 0.000000000000000000, 191.7500000000000000 ) ) ;
#9305 = FILL_AREA_STYLE_COLOUR ( '', #1024 ) ;
#9306 = CARTESIAN_POINT ( 'NONE',  ( -11.87499999999999822, 3.750000000000000000, 191.0000000000000000 ) ) ;
#9307 = CARTESIAN_POINT ( 'NONE',  ( 17.49999999999961631, 3.619339431672318863, 206.9248522395523651 ) ) ;
#9308 = PRESENTATION_LAYER_ASSIGNMENT (  '', '', ( #3689 ) ) ;
#9309 = ORIENTED_EDGE ( 'NONE', *, *, #3366, .F. ) ;
#9310 = PRESENTATION_LAYER_ASSIGNMENT (  '', '', ( #4496 ) ) ;
#9311 = EDGE_CURVE ( 'NONE', #7496, #3565, #7695, .T. ) ;
#9312 = CARTESIAN_POINT ( 'NONE',  ( 17.99999999999963052, 2.291598555621146893, 208.9288258270470067 ) ) ;
#9313 = B_SPLINE_CURVE_WITH_KNOTS ( 'NONE', 3,
 ( #1814, #1762, #264, #4960, #8034, #167, #6267, #1713, #9344, #2479, #7845 ),
 .UNSPECIFIED., .F., .F.,
 ( 4, 1, 1, 1, 1, 1, 1, 1, 4 ),
 ( 0.000000000000000000, 0.1430511810501047254, 0.2738933780560572351, 0.3963871045147792094, 0.5132402418846570002, 0.6274337597381003384, 0.7433886801844452608, 0.8669336182356663922, 1.000000000000000000 ),
 .UNSPECIFIED. ) ;
#9314 = CARTESIAN_POINT ( 'NONE',  ( -13.62499999999974420, -8.981530796869747075E-13, 198.7500000000000000 ) ) ;
#9315 = ORIENTED_EDGE ( 'NONE', *, *, #6645, .T. ) ;
#9316 = UNCERTAINTY_MEASURE_WITH_UNIT (LENGTH_MEASURE( 1.000000000000000082E-05 ), #6931, 'distance_accuracy_value', 'NONE');
#9317 = PLANE ( 'NONE',  #2484 ) ;
#9318 =( GEOMETRIC_REPRESENTATION_CONTEXT ( 3 ) GLOBAL_UNCERTAINTY_ASSIGNED_CONTEXT ( ( #3 ) ) GLOBAL_UNIT_ASSIGNED_CONTEXT ( ( #220, #4667, #3336 ) ) REPRESENTATION_CONTEXT ( 'NONE', 'WORKASPACE' ) );
#9319 = DIRECTION ( 'NONE',  ( 1.000000000000000000, 0.000000000000000000, 0.000000000000000000 ) ) ;
#9320 = FILL_AREA_STYLE_COLOUR ( '', #7831 ) ;
#9321 = EDGE_LOOP ( 'NONE', ( #9618, #9188, #5322, #2168 ) ) ;
#9322 = CARTESIAN_POINT ( 'NONE',  ( 17.49999999999962697, 3.081857313226078254, 207.9496912514063638 ) ) ;
#9323 = PRESENTATION_STYLE_ASSIGNMENT (( #9371 ) ) ;
#9324 = LINE ( 'NONE', #7777, #1298 ) ;
#9325 = CARTESIAN_POINT ( 'NONE',  ( 17.99999999999962697, 2.020387074133159544, 208.0454755757019143 ) ) ;
#9326 = FILL_AREA_STYLE ('',( #3015 ) ) ;
#9327 = CARTESIAN_POINT ( 'NONE',  ( 17.49999999999963052, 1.004671676909288557E-14, 205.0000000000000568 ) ) ;
#9328 = COLOUR_RGB ( '',1.000000000000000000, 1.000000000000000000, 1.000000000000000000 ) ;
#9329 = VECTOR ( 'NONE', #9629, 1000.000000000000000 ) ;
#9330 = CARTESIAN_POINT ( 'NONE',  ( 17.99999999999963052, 2.288413867939223856, 206.8667519221855855 ) ) ;
#9331 = LINE ( 'NONE', #949, #7086 ) ;
#9332 = UNCERTAINTY_MEASURE_WITH_UNIT (LENGTH_MEASURE( 1.000000000000000082E-05 ), #8253, 'distance_accuracy_value', 'NONE');
#9333 = LINE ( 'NONE', #2471, #9753 ) ;
#9334 = EDGE_CURVE ( 'NONE', #8575, #7445, #5761, .T. ) ;
#9335 = CARTESIAN_POINT ( 'NONE',  ( 17.49999999999962697, 3.075358306845346057, 207.6419212050889769 ) ) ;
#9336 = COLOUR_RGB ( '',0.03921568627450980338, 0.3019607843137254721, 0.9725490196078431238 ) ;
#9337 = CARTESIAN_POINT ( 'NONE',  ( 16.44781780303366858, 11.90162903740314881, 2.212489886100708958 ) ) ;
#9338 = ORIENTED_EDGE ( 'NONE', *, *, #968, .T. ) ;
#9339 = ADVANCED_FACE ( 'NONE', ( #8234 ), #7621, .T. ) ;
#9340 = CARTESIAN_POINT ( 'NONE',  ( 16.95666564899315887, -11.32389324575230560, 1.090104606598310655 ) ) ;
#9341 = AXIS2_PLACEMENT_3D ( 'NONE', #8765, #188, #6340 ) ;
#9342 = CARTESIAN_POINT ( 'NONE',  ( -15.62499999999990763, -1.084202172485497997E-13, 195.2500000000000000 ) ) ;
#9343 = SURFACE_SIDE_STYLE ('',( #6160 ) ) ;
#9344 = CARTESIAN_POINT ( 'NONE',  ( 17.49999999999962697, 3.768362126140329060, 206.8456199094556496 ) ) ;
#9345 = CARTESIAN_POINT ( 'NONE',  ( 16.00000000000001776, -2.500000000000000888, 108.9874921777190906 ) ) ;
#9346 = CARTESIAN_POINT ( 'NONE',  ( 17.74999999999963052, 9.366187588924009985E-15, 212.0000000000000853 ) ) ;
#9347 = CARTESIAN_POINT ( 'NONE',  ( 17.99999999999962697, 3.815234374999993960, 206.8437500000000568 ) ) ;
#9348 = CARTESIAN_POINT ( 'NONE',  ( -16.99999999999999645, -10.99999999999999822, 103.3588989435406802 ) ) ;
#9349 = EDGE_LOOP ( 'NONE', ( #7287, #3417, #3771, #1969 ) ) ;
#9350 = SURFACE_STYLE_FILL_AREA ( #2233 ) ;
#9351 = CARTESIAN_POINT ( 'NONE',  ( 16.75118359161053405, -11.67197513619046312, 101.5677754550504943 ) ) ;
#9352 = VECTOR ( 'NONE', #7622, 1000.000000000000000 ) ;
#9353 = EDGE_CURVE ( 'NONE', #4088, #6700, #6215, .T. ) ;
#9354 = CARTESIAN_POINT ( 'NONE',  ( 17.99999999999962697, 3.558398437499993960, 207.0527343750000568 ) ) ;
#9355 = CARTESIAN_POINT ( 'NONE',  ( 17.49999999999962697, 2.272520622501248866, 208.0916503457088140 ) ) ;
#9356 = ADVANCED_FACE ( 'NONE', ( #3077 ), #8902, .T. ) ;
#9357 = ORIENTED_EDGE ( 'NONE', *, *, #9109, .F. ) ;
#9358 = DIRECTION ( 'NONE',  ( -0.000000000000000000, -0.000000000000000000, -1.000000000000000000 ) ) ;
#9359 = EDGE_CURVE ( 'NONE', #9001, #221, #3646, .T. ) ;
#9360 = CARTESIAN_POINT ( 'NONE',  ( 17.49999999999961986, 4.097546746041694554, 208.0859971572113807 ) ) ;
#9361 = CARTESIAN_POINT ( 'NONE',  ( -14.77149884105633859, 2.147576719719432425, 108.9990077123713093 ) ) ;
#9362 = EDGE_LOOP ( 'NONE', ( #659, #1269, #6384, #8314 ) ) ;
#9363 = CARTESIAN_POINT ( 'NONE',  ( 17.49999999999963762, 1.997460364257303889, 207.6975866112307187 ) ) ;
#9364 = CARTESIAN_POINT ( 'NONE',  ( 17.99999999999963052, 1.237597656249993960, 208.5937500000000568 ) ) ;
#9365 = LINE ( 'NONE', #6292, #6880 ) ;
#9366 = ORIENTED_EDGE ( 'NONE', *, *, #3823, .T. ) ;
#9367 = SURFACE_SIDE_STYLE ('',( #6297 ) ) ;
#9368 = CARTESIAN_POINT ( 'NONE',  ( 17.99999999999963052, 3.091693451150625993, 207.3059555683828421 ) ) ;
#9369 = VERTEX_POINT ( 'NONE', #2276 ) ;
#9370 = LINE ( 'NONE', #7923, #222 ) ;
#9371 = SURFACE_STYLE_USAGE ( .BOTH. , #3214 ) ;
#9372 = DIRECTION ( 'NONE',  ( -1.445602896647339163E-16, 1.000000000000000000, 0.000000000000000000 ) ) ;
#9373 = SURFACE_STYLE_FILL_AREA ( #9326 ) ;
#9374 = COLOUR_RGB ( '',1.000000000000000000, 1.000000000000000000, 1.000000000000000000 ) ;
#9375 =( LENGTH_UNIT ( ) NAMED_UNIT ( * ) SI_UNIT ( .MILLI., .METRE. ) );
#9376 =( GEOMETRIC_REPRESENTATION_CONTEXT ( 3 ) GLOBAL_UNCERTAINTY_ASSIGNED_CONTEXT ( ( #3009 ) ) GLOBAL_UNIT_ASSIGNED_CONTEXT ( ( #1578, #3240, #4578 ) ) REPRESENTATION_CONTEXT ( 'NONE', 'WORKASPACE' ) );
#9377 = ADVANCED_FACE ( 'NONE', ( #810 ), #660, .T. ) ;
#9378 = DIRECTION ( 'NONE',  ( -1.000000000000000000, -5.728085021779797867E-16, 8.583663793918551117E-34 ) ) ;
#9379 = LINE ( 'NONE', #2518, #437 ) ;
#9380 =( GEOMETRIC_REPRESENTATION_CONTEXT ( 3 ) GLOBAL_UNCERTAINTY_ASSIGNED_CONTEXT ( ( #4687 ) ) GLOBAL_UNIT_ASSIGNED_CONTEXT ( ( #7070, #6301, #3163 ) ) REPRESENTATION_CONTEXT ( 'NONE', 'WORKASPACE' ) );
#9381 = CARTESIAN_POINT ( 'NONE',  ( -15.62499999999987743, -4.625000000000015987, 198.7500000000000000 ) ) ;
#9382 = COLOUR_RGB ( '',1.000000000000000000, 0.7490196078431372584, 0.000000000000000000 ) ;
#9383 = CARTESIAN_POINT ( 'NONE',  ( 17.49999999999963762, 2.007936400704149804, 206.8443912646148135 ) ) ;
#9384 = VERTEX_POINT ( 'NONE', #960 ) ;
#9385 = CARTESIAN_POINT ( 'NONE',  ( 17.49999999999962697, 3.074999999999993516, 207.6875000000000568 ) ) ;
#9386 = CARTESIAN_POINT ( 'NONE',  ( 17.49999999999962697, 4.438867392842169579, 206.8629792253322250 ) ) ;
#9387 =( GEOMETRIC_REPRESENTATION_CONTEXT ( 3 ) GLOBAL_UNCERTAINTY_ASSIGNED_CONTEXT ( ( #8419 ) ) GLOBAL_UNIT_ASSIGNED_CONTEXT ( ( #2800, #5240, #3777 ) ) REPRESENTATION_CONTEXT ( 'NONE', 'WORKASPACE' ) );
#9388 = ADVANCED_FACE ( 'NONE', ( #9580 ), #1993, .T. ) ;
#9389 = CARTESIAN_POINT ( 'NONE',  ( -11.87499999999999822, 3.750000000000000000, 191.0000000000000000 ) ) ;
#9390 = ORIENTED_EDGE ( 'NONE', *, *, #3567, .T. ) ;
#9391 = CARTESIAN_POINT ( 'NONE',  ( 12.99458089048794207, -4.233808962462111580, 108.7475952703729973 ) ) ;
#9392 = CARTESIAN_POINT ( 'NONE',  ( 17.49999999999962697, 4.054160905795372472, 208.3701190076014029 ) ) ;
#9393 = CARTESIAN_POINT ( 'NONE',  ( 17.49999999999962341, 4.069140624999993072, 207.0527343750000568 ) ) ;
#9394 = B_SPLINE_CURVE_WITH_KNOTS ( 'NONE', 3,
 ( #8842, #8948, #5850, #6715, #9793, #7419, #6559, #650, #2916, #4456, #2153 ),
 .UNSPECIFIED., .F., .F.,
 ( 4, 1, 1, 1, 1, 1, 1, 1, 4 ),
 ( 0.000000000000000000, 0.09326873316671030478, 0.1954341891770950135, 0.3056073337855572114, 0.4255492048550005291, 0.5542737649490064866, 0.6927322116506374750, 0.8416281755282236654, 1.000000000000000000 ),
 .UNSPECIFIED. ) ;
#9395 = ORIENTED_EDGE ( 'NONE', *, *, #347, .T. ) ;
#9396 = DIRECTION ( 'NONE',  ( 1.000000000000000000, 2.168404344971009361E-16, 0.000000000000000000 ) ) ;
#9397 = AXIS2_PLACEMENT_3D ( 'NONE', #3074, #8231, #7528 ) ;
#9398 = CARTESIAN_POINT ( 'NONE',  ( 17.49999999999962341, 4.104080526595970113, 207.4688973289872536 ) ) ;
#9399 = PRESENTATION_LAYER_ASSIGNMENT (  '', '', ( #7805 ) ) ;
#9400 = CARTESIAN_POINT ( 'NONE',  ( 17.49999999999962697, 3.815234374999993516, 206.8437500000000568 ) ) ;
#9401 = EDGE_LOOP ( 'NONE', ( #5989, #4904, #9601, #4587 ) ) ;
#9402 = ADVANCED_FACE ( 'NONE', ( #5742 ), #5792, .F. ) ;
#9403 = FILL_AREA_STYLE_COLOUR ( '', #5484 ) ;
#9404 = SURFACE_STYLE_USAGE ( .BOTH. , #1672 ) ;
#9405 = CARTESIAN_POINT ( 'NONE',  ( 17.49999999999963052, 4.106140866940706680, 207.8003018387558143 ) ) ;
#9406 = SURFACE_SIDE_STYLE ('',( #1674 ) ) ;
#9407 = MECHANICAL_DESIGN_GEOMETRIC_PRESENTATION_REPRESENTATION (  '', ( #5712 ), #911 ) ;
#9408 = LINE ( 'NONE', #4831, #3312 ) ;
#9409 = STYLED_ITEM ( 'NONE', ( #5945 ), #7969 ) ;
#9410 = ORIENTED_EDGE ( 'NONE', *, *, #8477, .F. ) ;
#9411 = LINE ( 'NONE', #1026, #4512 ) ;
#9412 = DIRECTION ( 'NONE',  ( 0.9576138124097628435, -0.2880551792314094972, 0.000000000000000000 ) ) ;
#9413 = LINE ( 'NONE', #4835, #6364 ) ;
#9414 = CARTESIAN_POINT ( 'NONE',  ( -13.62499999999992895, -1.874731612229389333, 197.7500000000000000 ) ) ;
#9415 = MECHANICAL_DESIGN_GEOMETRIC_PRESENTATION_REPRESENTATION (  '', ( #7171 ), #6516 ) ;
#9416 = VERTEX_POINT ( 'NONE', #1237 ) ;
#9417 = VECTOR ( 'NONE', #7593, 1000.000000000000000 ) ;
#9418 = UNCERTAINTY_MEASURE_WITH_UNIT (LENGTH_MEASURE( 1.000000000000000082E-05 ), #1092, 'distance_accuracy_value', 'NONE');
#9419 = CARTESIAN_POINT ( 'NONE',  ( -15.00000000000000533, 5.674999999999999822, 191.7500000000000000 ) ) ;
#9420 = CARTESIAN_POINT ( 'NONE',  ( 17.99999999999963052, 3.609957437522214985, 208.9134337853711543 ) ) ;
#9421 = ORIENTED_EDGE ( 'NONE', *, *, #8633, .T. ) ;
#9422 = CARTESIAN_POINT ( 'NONE',  ( -14.12500000000000711, 2.999999999999998224, 191.0000000000000000 ) ) ;
#9423 = DIRECTION ( 'NONE',  ( 5.728085021779797867E-16, -1.000000000000000000, 0.000000000000000000 ) ) ;
#9424 = LINE ( 'NONE', #3994, #5856 ) ;
#9425 = PRESENTATION_LAYER_ASSIGNMENT (  '', '', ( #2866 ) ) ;
#9426 = SURFACE_SIDE_STYLE ('',( #3950 ) ) ;
#9427 = VECTOR ( 'NONE', #8979, 1000.000000000000000 ) ;
#9428 = CARTESIAN_POINT ( 'NONE',  ( 11.99999999999911182, -2.500000000000091926, 108.9874921777192753 ) ) ;
#9429 = LINE ( 'NONE', #4655, #32 ) ;
#9430 = FILL_AREA_STYLE_COLOUR ( '', #8946 ) ;
#9431 = UNCERTAINTY_MEASURE_WITH_UNIT (LENGTH_MEASURE( 1.000000000000000082E-05 ), #8133, 'distance_accuracy_value', 'NONE');
#9432 = SURFACE_SIDE_STYLE ('',( #254 ) ) ;
#9433 = AXIS2_PLACEMENT_3D ( 'NONE', #3730, #3627, #8250 ) ;
#9434 = COLOUR_RGB ( '',0.03921568627450980338, 0.3019607843137254721, 0.9725490196078431238 ) ;
#9435 = ORIENTED_EDGE ( 'NONE', *, *, #9037, .F. ) ;
#9436 = CARTESIAN_POINT ( 'NONE',  ( 17.99999999999962697, 1.907378522367534801, 208.8936599000264778 ) ) ;
#9437 = STYLED_ITEM ( 'NONE', ( #1944 ), #9402 ) ;
#9438 = DIRECTION ( 'NONE',  ( -1.000000000000000000, -0.000000000000000000, -0.000000000000000000 ) ) ;
#9439 = DIRECTION ( 'NONE',  ( -1.000000000000000000, -5.728085021779797867E-16, 8.583663793918551117E-34 ) ) ;
#9440 = CARTESIAN_POINT ( 'NONE',  ( 17.99999999999962697, 4.054160905795372472, 208.3701190076014029 ) ) ;
#9441 = CARTESIAN_POINT ( 'NONE',  ( 17.99999999999962697, 4.085900251424392060, 207.1514296222750318 ) ) ;
#9442 = ORIENTED_EDGE ( 'NONE', *, *, #5809, .F. ) ;
#9443 = CARTESIAN_POINT ( 'NONE',  ( 17.99999999999962697, 1.538105006586047319, 208.5304671590533303 ) ) ;
#9444 = CARTESIAN_POINT ( 'NONE',  ( 17.49999999999962697, 4.085900251424392060, 207.1514296222750318 ) ) ;
#9445 = SURFACE_STYLE_FILL_AREA ( #2680 ) ;
#9446 = ORIENTED_EDGE ( 'NONE', *, *, #6043, .F. ) ;
#9447 = LINE ( 'NONE', #4827, #6977 ) ;
#9448 =( NAMED_UNIT ( * ) SI_UNIT ( $, .STERADIAN. ) SOLID_ANGLE_UNIT ( ) );
#9449 = FILL_AREA_STYLE_COLOUR ( '', #6954 ) ;
#9450 = CARTESIAN_POINT ( 'NONE',  ( 17.99999999999963052, -1.793164062500006262, 207.7587890625000284 ) ) ;
#9451 = CARTESIAN_POINT ( 'NONE',  ( 17.49999999999962697, 3.815234374999993516, 206.4375000000000568 ) ) ;
#9452 = CARTESIAN_POINT ( 'NONE',  ( 17.99999999999963052, 2.636048581212073749, 207.9370023875079596 ) ) ;
#9453 = ORIENTED_EDGE ( 'NONE', *, *, #6705, .T. ) ;
#9454 = MANIFOLD_SOLID_BREP ( 'Boss-Extrude13', #2417 ) ;
#9455 = LINE ( 'NONE', #5636, #1471 ) ;
#9456 = AXIS2_PLACEMENT_3D ( 'NONE', #5029, #4186, #7299 ) ;
#9457 = ADVANCED_FACE ( 'NONE', ( #6804 ), #5248, .T. ) ;
#9458 = CARTESIAN_POINT ( 'NONE',  ( 17.49999999999963052, 1.896826739058594669, 207.5797820698750229 ) ) ;
#9459 = CARTESIAN_POINT ( 'NONE',  ( 17.49999999999961986, 2.357665749420738699, 206.4405409632642545 ) ) ;
#9460 = FACE_OUTER_BOUND ( 'NONE', #9021, .T. ) ;
#9461 = EDGE_CURVE ( 'NONE', #7957, #3607, #2325, .T. ) ;
#9462 = ADVANCED_FACE ( 'NONE', ( #2095 ), #3055, .T. ) ;
#9463 = VERTEX_POINT ( 'NONE', #3205 ) ;
#9464 =( NAMED_UNIT ( * ) SI_UNIT ( $, .STERADIAN. ) SOLID_ANGLE_UNIT ( ) );
#9465 =( NAMED_UNIT ( * ) PLANE_ANGLE_UNIT ( ) SI_UNIT ( $, .RADIAN. ) );
#9466 = PRESENTATION_STYLE_ASSIGNMENT (( #7963 ) ) ;
#9467 = VERTEX_POINT ( 'NONE', #6186 ) ;
#9468 = DIRECTION ( 'NONE',  ( -1.000000000000000000, -2.168404344971009361E-16, 0.000000000000000000 ) ) ;
#9469 = DIRECTION ( 'NONE',  ( 0.000000000000000000, -1.000000000000000000, 0.000000000000000000 ) ) ;
#9470 = FACE_OUTER_BOUND ( 'NONE', #9145, .T. ) ;
#9471 =( GEOMETRIC_REPRESENTATION_CONTEXT ( 3 ) GLOBAL_UNCERTAINTY_ASSIGNED_CONTEXT ( ( #7835 ) ) GLOBAL_UNIT_ASSIGNED_CONTEXT ( ( #6062, #4473, #6320 ) ) REPRESENTATION_CONTEXT ( 'NONE', 'WORKASPACE' ) );
#9472 = CARTESIAN_POINT ( 'NONE',  ( -16.62500000000014566, 3.324194836688366905, 195.2500000000000000 ) ) ;
#9473 =( NAMED_UNIT ( * ) PLANE_ANGLE_UNIT ( ) SI_UNIT ( $, .RADIAN. ) );
#9474 = CARTESIAN_POINT ( 'NONE',  ( 17.99999999999963052, 2.161929826822984513, 206.8132358850241417 ) ) ;
#9475 = COLOUR_RGB ( '',1.000000000000000000, 0.7490196078431372584, 0.000000000000000000 ) ;
#9476 = CARTESIAN_POINT ( 'NONE',  ( 4.813019604415816327E-14, -4.624194836688038990, 197.7500000000000000 ) ) ;
#9477 = FILL_AREA_STYLE ('',( #9280 ) ) ;
#9478 = EDGE_CURVE ( 'NONE', #5323, #725, #8416, .T. ) ;
#9479 = FILL_AREA_STYLE ('',( #2521 ) ) ;
#9480 = ORIENTED_EDGE ( 'NONE', *, *, #347, .F. ) ;
#9481 = CARTESIAN_POINT ( 'NONE',  ( 17.99999999999962341, 3.830911764317240120, 206.8444020068946259 ) ) ;
#9482 = CARTESIAN_POINT ( 'NONE',  ( 17.99999999999962697, 4.429492187499993072, 206.8383789062500284 ) ) ;
#9483 = EDGE_CURVE ( 'NONE', #6730, #7809, #1957, .T. ) ;
#9484 = VERTEX_POINT ( 'NONE', #4036 ) ;
#9485 = CARTESIAN_POINT ( 'NONE',  ( -12.62499999999999822, -4.500000000000000888, 195.0000000000000000 ) ) ;
#9486 = COLOUR_RGB ( '',1.000000000000000000, 0.7490196078431372584, 0.000000000000000000 ) ;
#9487 = CARTESIAN_POINT ( 'NONE',  ( 17.49999999999963052, -1.793164062500006484, 207.7587890625000284 ) ) ;
#9488 = LINE ( 'NONE', #2617, #6757 ) ;
#9489 = CIRCLE ( 'NONE', #835, 0.8750000000000007772 ) ;
#9490 = CARTESIAN_POINT ( 'NONE',  ( -16.99999999999999645, -11.99999999999999822, 109.0000000000000000 ) ) ;
#9491 = SURFACE_SIDE_STYLE ('',( #6366 ) ) ;
#9492 = CARTESIAN_POINT ( 'NONE',  ( 14.88824457193438455, -4.296686787852244116, 108.7328253723035800 ) ) ;
#9493 = CARTESIAN_POINT ( 'NONE',  ( -13.62499999999998401, 3.624194836688190424, 197.7500000000000000 ) ) ;
#9494 = DIRECTION ( 'NONE',  ( -0.9578262852211560929, -0.2873478855663295084, 0.000000000000000000 ) ) ;
#9495 = AXIS2_PLACEMENT_3D ( 'NONE', #3196, #4026, #1774 ) ;
#9496 = UNCERTAINTY_MEASURE_WITH_UNIT (LENGTH_MEASURE( 1.000000000000000082E-05 ), #1595, 'distance_accuracy_value', 'NONE');
#9497 = ORIENTED_EDGE ( 'NONE', *, *, #4499, .T. ) ;
#9498 = CARTESIAN_POINT ( 'NONE',  ( 17.99999999999963052, 1.387499999999993738, 207.8222656250000568 ) ) ;
#9499 = ORIENTED_EDGE ( 'NONE', *, *, #2573, .F. ) ;
#9500 = PRESENTATION_STYLE_ASSIGNMENT (( #4774 ) ) ;
#9501 = ORIENTED_EDGE ( 'NONE', *, *, #1315, .F. ) ;
#9502 = SURFACE_SIDE_STYLE ('',( #5628 ) ) ;
#9503 =( NAMED_UNIT ( * ) PLANE_ANGLE_UNIT ( ) SI_UNIT ( $, .RADIAN. ) );
#9504 = EDGE_CURVE ( 'NONE', #5548, #6378, #6237, .T. ) ;
#9505 = PLANE ( 'NONE',  #1508 ) ;
#9506 = DIRECTION ( 'NONE',  ( 1.000000000000000000, 0.000000000000000000, 0.000000000000000000 ) ) ;
#9507 = CARTESIAN_POINT ( 'NONE',  ( 17.49999999999962697, 3.972093481131349524, 206.4510797155355988 ) ) ;
#9508 = B_SPLINE_CURVE_WITH_KNOTS ( 'NONE', 3,
 ( #4386, #3632, #9018, #6697, #9777, #2138, #5184, #683, #9879, #9120, #9361, #2298, #8565, #1582, #5392, #4731 ),
 .UNSPECIFIED., .F., .F.,
 ( 4, 2, 2, 2, 2, 2, 2, 4 ),
 ( 0.002748822861353851250, 0.003091039109648675409, 0.003433255357943500001, 0.003775471606238324160, 0.004117687854533148319, 0.004459904102827972477, 0.004802120351122797504, 0.005486552847712442352 ),
 .UNSPECIFIED. ) ;
#9509 = EDGE_CURVE ( 'NONE', #3819, #6862, #9365, .T. ) ;
#9510 =( NAMED_UNIT ( * ) SI_UNIT ( $, .STERADIAN. ) SOLID_ANGLE_UNIT ( ) );
#9511 = VERTEX_POINT ( 'NONE', #836 ) ;
#9512 = CARTESIAN_POINT ( 'NONE',  ( 17.49999999999963052, 4.422404624724461719, 208.5528490461045408 ) ) ;
#9513 = VECTOR ( 'NONE', #3744, 1000.000000000000000 ) ;
#9514 = CARTESIAN_POINT ( 'NONE',  ( 17.49999999999963052, 1.837328987461781082, 207.4102156044224046 ) ) ;
#9515 = DIRECTION ( 'NONE',  ( -0.000000000000000000, -0.000000000000000000, 1.000000000000000000 ) ) ;
#9516 = ADVANCED_FACE ( 'NONE', ( #3158 ), #5547, .F. ) ;
#9517 = CARTESIAN_POINT ( 'NONE',  ( -1.537935610319538959, -5.112730092090080447, 195.2500000000000000 ) ) ;
#9518 = ORIENTED_EDGE ( 'NONE', *, *, #9668, .F. ) ;
#9519 = DIRECTION ( 'NONE',  ( -0.000000000000000000, -1.000000000000000000, -0.000000000000000000 ) ) ;
#9520 = CARTESIAN_POINT ( 'NONE',  ( 17.49999999999963407, 3.609957437522211432, 206.4615662146289878 ) ) ;
#9521 = CARTESIAN_POINT ( 'NONE',  ( 17.99999999999963052, 3.167636413430485742, 208.4594571945850134 ) ) ;
#9522 = ORIENTED_EDGE ( 'NONE', *, *, #8504, .T. ) ;
#9523 = STYLED_ITEM ( 'NONE', ( #8913 ), #3807 ) ;
#9524 = CARTESIAN_POINT ( 'NONE',  ( -14.99999999999998046, 0.9999999999999983347, 109.0000000000000000 ) ) ;
#9525 = PLANE ( 'NONE',  #4752 ) ;
#9526 = DIRECTION ( 'NONE',  ( 0.000000000000000000, 1.000000000000000000, 8.673617379884038430E-16 ) ) ;
#9527 = DIRECTION ( 'NONE',  ( 6.938893903907229955E-15, -1.000000000000000000, 0.000000000000000000 ) ) ;
#9528 =( GEOMETRIC_REPRESENTATION_CONTEXT ( 3 ) GLOBAL_UNCERTAINTY_ASSIGNED_CONTEXT ( ( #7407 ) ) GLOBAL_UNIT_ASSIGNED_CONTEXT ( ( #4431, #5339, #7499 ) ) REPRESENTATION_CONTEXT ( 'NONE', 'WORKASPACE' ) );
#9529 = SURFACE_STYLE_FILL_AREA ( #4294 ) ;
#9530 = FILL_AREA_STYLE ('',( #2807 ) ) ;
#9531 = LINE ( 'NONE', #5794, #1867 ) ;
#9532 = UNCERTAINTY_MEASURE_WITH_UNIT (LENGTH_MEASURE( 1.000000000000000082E-05 ), #1862, 'distance_accuracy_value', 'NONE');
#9533 = ORIENTED_EDGE ( 'NONE', *, *, #9251, .F. ) ;
#9534 = CARTESIAN_POINT ( 'NONE',  ( 17.49999999999962697, 3.081857313226081363, 207.4253087485936646 ) ) ;
#9535 = ORIENTED_EDGE ( 'NONE', *, *, #2499, .T. ) ;
#9536 = MECHANICAL_DESIGN_GEOMETRIC_PRESENTATION_REPRESENTATION (  '', ( #6155 ), #2006 ) ;
#9537 = FILL_AREA_STYLE ('',( #3596 ) ) ;
#9538 = CARTESIAN_POINT ( 'NONE',  ( 17.99999999999962697, 4.429492187499993072, 206.8383789062500284 ) ) ;
#9539 = ADVANCED_FACE ( 'NONE', ( #2504 ), #4591, .T. ) ;
#9540 = EDGE_CURVE ( 'NONE', #9129, #8519, #6986, .T. ) ;
#9541 = LINE ( 'NONE', #7893, #3911 ) ;
#9542 = CARTESIAN_POINT ( 'NONE',  ( 17.99999999999962697, 2.845226265782165420, 207.1076260055346836 ) ) ;
#9543 = DIRECTION ( 'NONE',  ( 0.000000000000000000, -1.000000000000000000, 0.000000000000000000 ) ) ;
#9544 = PRESENTATION_STYLE_ASSIGNMENT (( #1815 ) ) ;
#9545 = EDGE_CURVE ( 'NONE', #2832, #6135, #1981, .T. ) ;
#9546 = PRESENTATION_LAYER_ASSIGNMENT (  '', '', ( #2658 ) ) ;
#9547 = ORIENTED_EDGE ( 'NONE', *, *, #4917, .F. ) ;
#9548 = CARTESIAN_POINT ( 'NONE',  ( 17.49999999999963407, 2.158496093749993516, 208.5625000000000284 ) ) ;
#9549 = VERTEX_POINT ( 'NONE', #2639 ) ;
#9550 = CARTESIAN_POINT ( 'NONE',  ( 17.49999999999962697, 4.192085391526020999, 206.5369012286806196 ) ) ;
#9551 =( GEOMETRIC_REPRESENTATION_CONTEXT ( 3 ) GLOBAL_UNCERTAINTY_ASSIGNED_CONTEXT ( ( #3305 ) ) GLOBAL_UNIT_ASSIGNED_CONTEXT ( ( #1496, #3647, #2105 ) ) REPRESENTATION_CONTEXT ( 'NONE', 'WORKASPACE' ) );
#9552 = ORIENTED_EDGE ( 'NONE', *, *, #8806, .T. ) ;
#9554 = FILL_AREA_STYLE_COLOUR ( '', #7946 ) ;
#9553 = PRESENTATION_LAYER_ASSIGNMENT (  '', '', ( #4253 ) ) ;
#9555 = CARTESIAN_POINT ( 'NONE',  ( -16.45541764367472837, 11.89810059655877517, 100.4709320594034523 ) ) ;
#9556 = SURFACE_SIDE_STYLE ('',( #7233 ) ) ;
#9557 = SURFACE_SIDE_STYLE ('',( #4271 ) ) ;
#9558 = EDGE_CURVE ( 'NONE', #4525, #1368, #8766, .T. ) ;
#9559 = DIRECTION ( 'NONE',  ( -0.000000000000000000, -0.000000000000000000, 1.000000000000000000 ) ) ;
#9560 = SURFACE_STYLE_FILL_AREA ( #7911 ) ;
#9561 = VERTEX_POINT ( 'NONE', #1225 ) ;
#9562 = CARTESIAN_POINT ( 'NONE',  ( 17.99999999999962697, 3.198535156249993960, 206.8383789062500284 ) ) ;
#9563 = COLOUR_RGB ( '',0.6941176470588235059, 0.09803921568627450844, 0.09803921568627450844 ) ;
#9564 =( NAMED_UNIT ( * ) SI_UNIT ( $, .STERADIAN. ) SOLID_ANGLE_UNIT ( ) );
#9565 = CARTESIAN_POINT ( 'NONE',  ( 17.99999999999962697, 3.512499999999993960, 207.6875000000000568 ) ) ;
#9566 = CARTESIAN_POINT ( 'NONE',  ( 17.99999999999963407, 1.586230468749993960, 208.6098632812500853 ) ) ;
#9567 = CARTESIAN_POINT ( 'NONE',  ( 17.49999999999962341, 3.560717483024886221, 208.3387160681193961 ) ) ;
#9568 = EDGE_LOOP ( 'NONE', ( #1607, #4363, #7058, #4493 ) ) ;
#9569 = CARTESIAN_POINT ( 'NONE',  ( 17.49999999999965183, 2.124804687499993516, 206.4062500000000284 ) ) ;
#9570 = CARTESIAN_POINT ( 'NONE',  ( 17.99999999999962697, 3.081857313226078698, 207.9496912514063638 ) ) ;
#9571 = ORIENTED_EDGE ( 'NONE', *, *, #5959, .F. ) ;
#9572 = AXIS2_PLACEMENT_3D ( 'NONE', #7025, #8685, #4700 ) ;
#9573 = SURFACE_SIDE_STYLE ('',( #4286 ) ) ;
#9574 =( LENGTH_UNIT ( ) NAMED_UNIT ( * ) SI_UNIT ( .MILLI., .METRE. ) );
#9575 = CARTESIAN_POINT ( 'NONE',  ( 11.87499999999963229, 0.000000000000000000, 217.0000000000000853 ) ) ;
#9576 = DIRECTION ( 'NONE',  ( 0.000000000000000000, 0.000000000000000000, -1.000000000000000000 ) ) ;
#9577 = PRESENTATION_STYLE_ASSIGNMENT (( #7349 ) ) ;
#9578 = DIRECTION ( 'NONE',  ( -0.000000000000000000, 0.000000000000000000, 1.000000000000000000 ) ) ;
#9579 = AXIS2_PLACEMENT_3D ( 'NONE', #7091, #66, #5426 ) ;
#9580 = FACE_OUTER_BOUND ( 'NONE', #9401, .T. ) ;
#9581 =( NAMED_UNIT ( * ) PLANE_ANGLE_UNIT ( ) SI_UNIT ( $, .RADIAN. ) );
#9582 = SURFACE_STYLE_FILL_AREA ( #9870 ) ;
#9583 = ORIENTED_EDGE ( 'NONE', *, *, #7699, .T. ) ;
#9584 = CARTESIAN_POINT ( 'NONE',  ( 17.99999999999962697, 3.815234374999993960, 208.9375000000000568 ) ) ;
#9585 = ORIENTED_EDGE ( 'NONE', *, *, #1479, .T. ) ;
#9586 = PRESENTATION_STYLE_ASSIGNMENT (( #6709 ) ) ;
#9587 = CARTESIAN_POINT ( 'NONE',  ( 17.49999999999963052, 3.522994014152760478, 208.0828771862001361 ) ) ;
#9588 = EDGE_LOOP ( 'NONE', ( #5174, #5066, #3615, #1557 ) ) ;
#9589 = VECTOR ( 'NONE', #9897, 1000.000000000000000 ) ;
#9590 = FILL_AREA_STYLE_COLOUR ( '', #2502 ) ;
#9591 = VECTOR ( 'NONE', #3937, 1000.000000000000000 ) ;
#9592 = LINE ( 'NONE', #4304, #8435 ) ;
#9593 = SURFACE_STYLE_FILL_AREA ( #6513 ) ;
#9594 =( GEOMETRIC_REPRESENTATION_CONTEXT ( 3 ) GLOBAL_UNCERTAINTY_ASSIGNED_CONTEXT ( ( #5411 ) ) GLOBAL_UNIT_ASSIGNED_CONTEXT ( ( #5928, #5285, #7553 ) ) REPRESENTATION_CONTEXT ( 'NONE', 'WORKASPACE' ) );
#9595 = STYLED_ITEM ( 'NONE', ( #1523 ), #9156 ) ;
#9596 = DIRECTION ( 'NONE',  ( -5.728085021779797867E-16, 1.000000000000000000, 0.000000000000000000 ) ) ;
#9597 = CARTESIAN_POINT ( 'NONE',  ( 0.000000000000000000, 0.000000000000000000, 204.0000000000000568 ) ) ;
#9598 = CARTESIAN_POINT ( 'NONE',  ( 17.49999999999962697, 2.065533351969250919, 208.0669368592127171 ) ) ;
#9599 =( NAMED_UNIT ( * ) PLANE_ANGLE_UNIT ( ) SI_UNIT ( $, .RADIAN. ) );
#9600 = DIRECTION ( 'NONE',  ( -0.2873478855663295639, 0.9578262852211562040, 0.000000000000000000 ) ) ;
#9601 = ORIENTED_EDGE ( 'NONE', *, *, #5935, .T. ) ;
#9602 = CARTESIAN_POINT ( 'NONE',  ( 17.49999999999963762, 1.848464861763666756, 207.4565464615546375 ) ) ;
#9603 =( NAMED_UNIT ( * ) SI_UNIT ( $, .STERADIAN. ) SOLID_ANGLE_UNIT ( ) );
#9604 = ORIENTED_EDGE ( 'NONE', *, *, #5256, .F. ) ;
#9605 =( NAMED_UNIT ( * ) SI_UNIT ( $, .STERADIAN. ) SOLID_ANGLE_UNIT ( ) );
#9606 = ORIENTED_EDGE ( 'NONE', *, *, #7150, .F. ) ;
#9607 = MECHANICAL_DESIGN_GEOMETRIC_PRESENTATION_REPRESENTATION (  '', ( #3657 ), #7347 ) ;
#9608 = SURFACE_STYLE_USAGE ( .BOTH. , #179 ) ;
#9609 =( NAMED_UNIT ( * ) SI_UNIT ( $, .STERADIAN. ) SOLID_ANGLE_UNIT ( ) );
#9610 = LINE ( 'NONE', #5011, #3016 ) ;
#9611 = CARTESIAN_POINT ( 'NONE',  ( 17.49999999999962697, 3.921712789709936420, 206.4433106730975283 ) ) ;
#9612 = CARTESIAN_POINT ( 'NONE',  ( 17.99999999999963052, 2.472987368035368227, 208.0438950501237230 ) ) ;
#9613 = VERTEX_POINT ( 'NONE', #1127 ) ;
#9614 = CARTESIAN_POINT ( 'NONE',  ( 17.49999999999963052, 2.449063934043234525, 207.2668683175361934 ) ) ;
#9615 = CARTESIAN_POINT ( 'NONE',  ( -14.62500000000005151, 4.624194836688181098, 197.7500000000000000 ) ) ;
#9616 =( NAMED_UNIT ( * ) SI_UNIT ( $, .STERADIAN. ) SOLID_ANGLE_UNIT ( ) );
#9617 = CARTESIAN_POINT ( 'NONE',  ( 17.49999999999963052, 3.799227343514562261, 208.5306160341114037 ) ) ;
#9618 = ORIENTED_EDGE ( 'NONE', *, *, #1042, .F. ) ;
#9619 =( NAMED_UNIT ( * ) SI_UNIT ( $, .STERADIAN. ) SOLID_ANGLE_UNIT ( ) );
#9620 =( NAMED_UNIT ( * ) SI_UNIT ( $, .STERADIAN. ) SOLID_ANGLE_UNIT ( ) );
#9621 = LINE ( 'NONE', #2748, #8793 ) ;
#9622 = CARTESIAN_POINT ( 'NONE',  ( -17.00000000000000000, 2.000000000000001776, 109.0000000000000000 ) ) ;
#9623 = DIRECTION ( 'NONE',  ( -0.000000000000000000, -0.000000000000000000, -1.000000000000000000 ) ) ;
#9624 =( LENGTH_UNIT ( ) NAMED_UNIT ( * ) SI_UNIT ( .MILLI., .METRE. ) );
#9625 = EDGE_CURVE ( 'NONE', #1514, #1820, #7291, .T. ) ;
#9626 = COLOUR_RGB ( '',1.000000000000000000, 0.7490196078431372584, 0.000000000000000000 ) ;
#9627 = DIRECTION ( 'NONE',  ( 0.7071067811865487940, -0.7071067811865462405, 0.000000000000000000 ) ) ;
#9628 = CARTESIAN_POINT ( 'NONE',  ( -14.12499999999998579, 0.9999999999999983347, 191.0000000000000000 ) ) ;
#9629 = DIRECTION ( 'NONE',  ( 1.000000000000000000, 1.040834085586025565E-14, 0.000000000000000000 ) ) ;
#9630 = ORIENTED_EDGE ( 'NONE', *, *, #8662, .T. ) ;
#9631 = MECHANICAL_DESIGN_GEOMETRIC_PRESENTATION_REPRESENTATION (  '', ( #2098 ), #6565 ) ;
#9632 = MECHANICAL_DESIGN_GEOMETRIC_PRESENTATION_REPRESENTATION (  '', ( #9298 ), #9144 ) ;
#9633 = FILL_AREA_STYLE_COLOUR ( '', #4280 ) ;
#9634 = ORIENTED_EDGE ( 'NONE', *, *, #1925, .F. ) ;
#9635 = PLANE ( 'NONE',  #7301 ) ;
#9636 = LINE ( 'NONE', #6041, #8069 ) ;
#9637 = CARTESIAN_POINT ( 'NONE',  ( -0.000000000000000000, 6.174999999999999822, 191.0000000000000000 ) ) ;
#9638 = ORIENTED_EDGE ( 'NONE', *, *, #9231, .T. ) ;
#9639 = FILL_AREA_STYLE ('',( #9590 ) ) ;
#9640 = AXIS2_PLACEMENT_3D ( 'NONE', #2706, #9679, #5837 ) ;
#9641 = AXIS2_PLACEMENT_3D ( 'NONE', #5272, #4421, #9912 ) ;
#9642 = SURFACE_STYLE_FILL_AREA ( #5898 ) ;
#9643 = CARTESIAN_POINT ( 'NONE',  ( 17.99999999999963407, 1.586230468749993960, 208.6098632812500853 ) ) ;
#9644 = FILL_AREA_STYLE ('',( #4958 ) ) ;
#9645 = EDGE_CURVE ( 'NONE', #8674, #5728, #432, .T. ) ;
#9646 =( LENGTH_UNIT ( ) NAMED_UNIT ( * ) SI_UNIT ( .MILLI., .METRE. ) );
#9647 = PRESENTATION_LAYER_ASSIGNMENT (  '', '', ( #669 ) ) ;
#9648 = COLOUR_RGB ( '',1.000000000000000000, 1.000000000000000000, 1.000000000000000000 ) ;
#9649 = AXIS2_PLACEMENT_3D ( 'NONE', #5659, #4204, #2579 ) ;
#9650 = ORIENTED_EDGE ( 'NONE', *, *, #4008, .F. ) ;
#9651 = VECTOR ( 'NONE', #596, 1000.000000000000000 ) ;
#9652 = CARTESIAN_POINT ( 'NONE',  ( 17.99999999999963052, 1.848464861763666978, 207.4565464615546375 ) ) ;
#9653 = ORIENTED_EDGE ( 'NONE', *, *, #5168, .T. ) ;
#9654 = SURFACE_STYLE_FILL_AREA ( #1259 ) ;
#9655 = ORIENTED_EDGE ( 'NONE', *, *, #4009, .F. ) ;
#9656 = CARTESIAN_POINT ( 'NONE',  ( 17.99999999999963052, 1.698702362735022398, 208.7537784272732324 ) ) ;
#9657 = DIRECTION ( 'NONE',  ( -1.000000000000000000, 0.000000000000000000, 0.000000000000000000 ) ) ;
#9659 = VECTOR ( 'NONE', #2952, 1000.000000000000000 ) ;
#9658 = CARTESIAN_POINT ( 'NONE',  ( -15.62499999999988276, -3.625000000000015543, 195.2500000000000000 ) ) ;
#9660 = LINE ( 'NONE', #527, #2687 ) ;
#9661 = PLANE ( 'NONE',  #3605 ) ;
#9662 = VERTEX_POINT ( 'NONE', #9414 ) ;
#9663 = CARTESIAN_POINT ( 'NONE',  ( 17.49999999999963052, 2.438466069297900773, 207.1632982475784672 ) ) ;
#9664 = EDGE_CURVE ( 'NONE', #5912, #7541, #8671, .T. ) ;
#9665 = LINE ( 'NONE', #672, #3961 ) ;
#9666 = ADVANCED_FACE ( 'NONE', ( #9460, #8820 ), #8715, .T. ) ;
#9667 = MECHANICAL_DESIGN_GEOMETRIC_PRESENTATION_REPRESENTATION (  '', ( #7402 ), #9828 ) ;
#9668 = EDGE_CURVE ( 'NONE', #4088, #549, #4214, .T. ) ;
#9669 = FILL_AREA_STYLE_COLOUR ( '', #5113 ) ;
#9670 = ORIENTED_EDGE ( 'NONE', *, *, #8949, .F. ) ;
#9671 = CARTESIAN_POINT ( 'NONE',  ( 17.49999999999964118, 2.813603359204026155, 207.6356200817263016 ) ) ;
#9672 = CARTESIAN_POINT ( 'NONE',  ( 17.49999999999965183, 1.661524269768417605, 206.5933492331139973 ) ) ;
#9673 =( NAMED_UNIT ( * ) PLANE_ANGLE_UNIT ( ) SI_UNIT ( $, .RADIAN. ) );
#9674 = PLANE ( 'NONE',  #6614 ) ;
#9675 = CARTESIAN_POINT ( 'NONE',  ( 14.00000000000000888, -2.500000000000000000, 109.0000000000000000 ) ) ;
#9676 = PLANE ( 'NONE',  #5844 ) ;
#9677 =( GEOMETRIC_REPRESENTATION_CONTEXT ( 3 ) GLOBAL_UNCERTAINTY_ASSIGNED_CONTEXT ( ( #1801 ) ) GLOBAL_UNIT_ASSIGNED_CONTEXT ( ( #1216, #9503, #1873 ) ) REPRESENTATION_CONTEXT ( 'NONE', 'WORKASPACE' ) );
#9678 = EDGE_CURVE ( 'NONE', #663, #6059, #2988, .T. ) ;
#9679 = DIRECTION ( 'NONE',  ( -8.583663793918551117E-34, 0.000000000000000000, -1.000000000000000000 ) ) ;
#9680 = DIRECTION ( 'NONE',  ( -0.000000000000000000, -0.000000000000000000, 1.000000000000000000 ) ) ;
#9681 = DIRECTION ( 'NONE',  ( -0.000000000000000000, -0.000000000000000000, 1.000000000000000000 ) ) ;
#9682 = SURFACE_STYLE_FILL_AREA ( #395 ) ;
#9683 = CARTESIAN_POINT ( 'NONE',  ( 17.99999999999962697, 4.069140624999993072, 208.3222656250000568 ) ) ;
#9684 = EDGE_LOOP ( 'NONE', ( #7051, #6652, #8365, #6754 ) ) ;
#9685 = MECHANICAL_DESIGN_GEOMETRIC_PRESENTATION_REPRESENTATION (  '', ( #699 ), #7752 ) ;
#9686 = SURFACE_STYLE_USAGE ( .BOTH. , #7408 ) ;
#9687 = ORIENTED_EDGE ( 'NONE', *, *, #5976, .F. ) ;
#9688 = CARTESIAN_POINT ( 'NONE',  ( -13.62499999999995381, 0.8747316122294004348, 198.7500000000000000 ) ) ;
#9689 = DIRECTION ( 'NONE',  ( 3.469446951953614189E-16, -1.000000000000000000, 0.000000000000000000 ) ) ;
#9690 = ORIENTED_EDGE ( 'NONE', *, *, #1013, .T. ) ;
#9691 = CARTESIAN_POINT ( 'NONE',  ( 17.99999999999963052, 2.449918887949845470, 207.3382277072562090 ) ) ;
#9692 = CARTESIAN_POINT ( 'NONE',  ( -17.00000000000000000, 11.00000000000000355, 103.3588989435406802 ) ) ;
#9693 = COLOUR_RGB ( '',0.000000000000000000, 0.000000000000000000, 1.000000000000000000 ) ;
#9694 = UNCERTAINTY_MEASURE_WITH_UNIT (LENGTH_MEASURE( 1.000000000000000082E-05 ), #6673, 'distance_accuracy_value', 'NONE');
#9695 = CARTESIAN_POINT ( 'NONE',  ( 16.05805289307164330, -11.99999999999999822, 99.18358011788892270 ) ) ;
#9696 =( LENGTH_UNIT ( ) NAMED_UNIT ( * ) SI_UNIT ( .MILLI., .METRE. ) );
#9697 = DIRECTION ( 'NONE',  ( 0.000000000000000000, 0.000000000000000000, -1.000000000000000000 ) ) ;
#9698 = VECTOR ( 'NONE', #3306, 1000.000000000000000 ) ;
#9699 = PRESENTATION_STYLE_ASSIGNMENT (( #2013 ) ) ;
#9700 = B_SPLINE_CURVE_WITH_KNOTS ( 'NONE', 3,
 ( #5286, #2393, #8359, #4435, #7501, #4533, #6855, #9928, #3295, #7189, #1072 ),
 .UNSPECIFIED., .F., .F.,
 ( 4, 1, 1, 1, 1, 1, 1, 1, 4 ),
 ( 0.000000000000000000, 0.1400282003168415168, 0.2748929970091747443, 0.4037760303667294326, 0.5281298201608586318, 0.6490095926725262254, 0.7677827492806615917, 0.8840861351216373620, 1.000000000000000000 ),
 .UNSPECIFIED. ) ;
#9701 = EDGE_CURVE ( 'NONE', #7996, #8041, #5081, .T. ) ;
#9702 = STYLED_ITEM ( 'NONE', ( #1451 ), #5305 ) ;
#9703 = VERTEX_POINT ( 'NONE', #8246 ) ;
#9704 = CARTESIAN_POINT ( 'NONE',  ( 17.49999999999963762, 1.824999999999993516, 207.2548828125000284 ) ) ;
#9705 = ORIENTED_EDGE ( 'NONE', *, *, #6867, .T. ) ;
#9706 = ORIENTED_EDGE ( 'NONE', *, *, #1499, .T. ) ;
#9707 = CARTESIAN_POINT ( 'NONE',  ( 0.000000000000000000, -6.174999999999999822, 191.0000000000000000 ) ) ;
#9708 = PRESENTATION_STYLE_ASSIGNMENT (( #9608 ) ) ;
#9709 = VECTOR ( 'NONE', #8211, 1000.000000000000000 ) ;
#9710 = MECHANICAL_DESIGN_GEOMETRIC_PRESENTATION_REPRESENTATION (  '', ( #6323 ), #82 ) ;
#9711 = CARTESIAN_POINT ( 'NONE',  ( 17.99999999999962697, 3.205773618909790290, 208.5528590444526174 ) ) ;
#9712 = DIRECTION ( 'NONE',  ( -1.000000000000000000, 0.000000000000000000, -0.000000000000000000 ) ) ;
#9713 = CARTESIAN_POINT ( 'NONE',  ( 17.99999999999963407, 2.283967329123146595, 206.4201849858294509 ) ) ;
#9714 = CARTESIAN_POINT ( 'NONE',  ( 12.49999999999962519, 2.499999999999999556, 216.2500000000000853 ) ) ;
#9715 = ORIENTED_EDGE ( 'NONE', *, *, #7554, .T. ) ;
#9716 = CARTESIAN_POINT ( 'NONE',  ( 17.49999999999963407, 2.259402437926288254, 206.8470585145151404 ) ) ;
#9717 = PRESENTATION_STYLE_ASSIGNMENT (( #3568 ) ) ;
#9718 = CIRCLE ( 'NONE', #893, 1.500000000000001332 ) ;
#9719 =( LENGTH_UNIT ( ) NAMED_UNIT ( * ) SI_UNIT ( .MILLI., .METRE. ) );
#9720 = VERTEX_POINT ( 'NONE', #3525 ) ;
#9721 = CARTESIAN_POINT ( 'NONE',  ( 17.49999999999964118, 2.855631496391761726, 207.3227690403875272 ) ) ;
#9722 = CARTESIAN_POINT ( 'NONE',  ( 17.99999999999963407, 1.819366934479246245, 206.4728288387435953 ) ) ;
#9723 = CARTESIAN_POINT ( 'NONE',  ( 17.49999999999963762, 3.122042099234191515, 208.2815727484793058 ) ) ;
#9724 = SURFACE_SIDE_STYLE ('',( #391 ) ) ;
#9725 = CARTESIAN_POINT ( 'NONE',  ( -17.00000000000000000, 2.000000000000001776, 99.00000000000000000 ) ) ;
#9726 = VECTOR ( 'NONE', #1040, 1000.000000000000000 ) ;
#9727 = LINE ( 'NONE', #3578, #9709 ) ;
#9728 = MECHANICAL_DESIGN_GEOMETRIC_PRESENTATION_REPRESENTATION (  '', ( #7805 ), #3320 ) ;
#9729 = FACE_BOUND ( 'NONE', #4139, .T. ) ;
#9730 = SURFACE_STYLE_FILL_AREA ( #542 ) ;
#9731 = CARTESIAN_POINT ( 'NONE',  ( -13.62500000000004441, -8.508818649666270100E-13, 197.7500000000000000 ) ) ;
#9732 = B_SPLINE_CURVE_WITH_KNOTS ( 'NONE', 3,
 ( #6761, #8480, #9940, #8264, #2256, #8420, #642, #7619, #9128, #44 ),
 .UNSPECIFIED., .F., .F.,
 ( 4, 2, 2, 2, 4 ),
 ( -1.095446142041175555E-05, 0.0006781842535693130862, 0.001367322968559037902, 0.002056461683548762610, 0.002745600398538487318 ),
 .UNSPECIFIED. ) ;
#9733 =( GEOMETRIC_REPRESENTATION_CONTEXT ( 3 ) GLOBAL_UNCERTAINTY_ASSIGNED_CONTEXT ( ( #9418 ) ) GLOBAL_UNIT_ASSIGNED_CONTEXT ( ( #1092, #9473, #6402 ) ) REPRESENTATION_CONTEXT ( 'NONE', 'WORKASPACE' ) );
#9734 = ORIENTED_EDGE ( 'NONE', *, *, #5740, .F. ) ;
#9735 =( GEOMETRIC_REPRESENTATION_CONTEXT ( 3 ) GLOBAL_UNCERTAINTY_ASSIGNED_CONTEXT ( ( #9496 ) ) GLOBAL_UNIT_ASSIGNED_CONTEXT ( ( #1595, #47, #9273 ) ) REPRESENTATION_CONTEXT ( 'NONE', 'WORKASPACE' ) );
#9736 = UNCERTAINTY_MEASURE_WITH_UNIT (LENGTH_MEASURE( 1.000000000000000082E-05 ), #7759, 'distance_accuracy_value', 'NONE');
#9737 = VERTEX_POINT ( 'NONE', #1328 ) ;
#9738 = FACE_OUTER_BOUND ( 'NONE', #1898, .T. ) ;
#9739 = CARTESIAN_POINT ( 'NONE',  ( 17.49999999999962697, 3.528017925053919868, 208.1572434063212143 ) ) ;
#9740 = ORIENTED_EDGE ( 'NONE', *, *, #364, .T. ) ;
#9741 = CARTESIAN_POINT ( 'NONE',  ( -11.87499999999999822, 4.500000000000000888, 195.0000000000000000 ) ) ;
#9742 = CARTESIAN_POINT ( 'NONE',  ( 17.99999999999962697, 2.115828677561443438, 206.8128808545806976 ) ) ;
#9743 = VECTOR ( 'NONE', #176, 1000.000000000000000 ) ;
#9744 = DIRECTION ( 'NONE',  ( -1.000000000000000000, -5.728085021779797867E-16, 8.583663793918551117E-34 ) ) ;
#9745 = DIRECTION ( 'NONE',  ( -1.000000000000000000, 0.000000000000000000, -0.000000000000000000 ) ) ;
#9746 = LINE ( 'NONE', #8180, #7980 ) ;
#9747 = COLOUR_RGB ( '',1.000000000000000000, 0.7490196078431372584, 0.000000000000000000 ) ;
#9748 = VECTOR ( 'NONE', #834, 1000.000000000000000 ) ;
#9749 = CARTESIAN_POINT ( 'NONE',  ( 14.26365424800238380, 4.486913921911814818, 108.6858644965954710 ) ) ;
#9750 = ORIENTED_EDGE ( 'NONE', *, *, #5320, .T. ) ;
#9751 = LINE ( 'NONE', #6004, #429 ) ;
#9752 = ADVANCED_FACE ( 'NONE', ( #1434 ), #2841, .F. ) ;
#9753 = VECTOR ( 'NONE', #4755, 1000.000000000000114 ) ;
#9754 = COLOUR_RGB ( '',1.000000000000000000, 0.7490196078431372584, 0.000000000000000000 ) ;
#9755 = EDGE_LOOP ( 'NONE', ( #9687, #6453, #6842, #7839 ) ) ;
#9756 = SURFACE_SIDE_STYLE ('',( #5007 ) ) ;
#9757 = ORIENTED_EDGE ( 'NONE', *, *, #8347, .F. ) ;
#9758 = CARTESIAN_POINT ( 'NONE',  ( 17.99999999999962697, 4.480561945228772380, 208.3768305040318580 ) ) ;
#9759 = CARTESIAN_POINT ( 'NONE',  ( 17.99999999999963407, 2.070571501729398189, 208.9351567289844809 ) ) ;
#9760 = DIRECTION ( 'NONE',  ( 0.9576138124097628435, -0.2880551792314095527, 0.000000000000000000 ) ) ;
#9761 = VECTOR ( 'NONE', #190, 1000.000000000000000 ) ;
#9762 =( LENGTH_UNIT ( ) NAMED_UNIT ( * ) SI_UNIT ( .MILLI., .METRE. ) );
#9763 = CARTESIAN_POINT ( 'NONE',  ( -12.62499999999999822, 6.174999999999999822, 191.7500000000000000 ) ) ;
#9764 = CARTESIAN_POINT ( 'NONE',  ( -16.62500000000006395, 4.925000000000026468, 198.7500000000000000 ) ) ;
#9765 = ORIENTED_EDGE ( 'NONE', *, *, #6077, .T. ) ;
#9766 = SURFACE_STYLE_USAGE ( .BOTH. , #2178 ) ;
#9767 = FILL_AREA_STYLE ('',( #7492 ) ) ;
#9768 = PRESENTATION_LAYER_ASSIGNMENT (  '', '', ( #2063 ) ) ;
#9769 = SURFACE_SIDE_STYLE ('',( #2791 ) ) ;
#9770 = CARTESIAN_POINT ( 'NONE',  ( -11.87499999999999822, 4.500000000000000888, 195.0000000000000000 ) ) ;
#9771 = ORIENTED_EDGE ( 'NONE', *, *, #5757, .F. ) ;
#9772 =( LENGTH_UNIT ( ) NAMED_UNIT ( * ) SI_UNIT ( .MILLI., .METRE. ) );
#9773 = PRESENTATION_STYLE_ASSIGNMENT (( #6795 ) ) ;
#9774 = CARTESIAN_POINT ( 'NONE',  ( 0.000000000000000000, 6.174999999999999822, 191.7500000000000000 ) ) ;
#9775 = CARTESIAN_POINT ( 'NONE',  ( 17.49999999999962697, 4.054160905795372472, 208.3701190076014029 ) ) ;
#9776 = FILL_AREA_STYLE ('',( #8210 ) ) ;
#9777 = CARTESIAN_POINT ( 'NONE',  ( -15.70030785972037890, 2.463130445019672266, 108.9895974937204386 ) ) ;
#9778 = DIRECTION ( 'NONE',  ( -0.000000000000000000, 0.000000000000000000, 1.000000000000000000 ) ) ;
#9779 = EDGE_CURVE ( 'NONE', #1164, #9511, #9014, .T. ) ;
#9780 = ORIENTED_EDGE ( 'NONE', *, *, #8986, .F. ) ;
#9781 = CARTESIAN_POINT ( 'NONE',  ( 17.99999999999962697, 4.429492187499993072, 208.5366210937500284 ) ) ;
#9782 = DIRECTION ( 'NONE',  ( -5.035347141722620165E-16, 0.8790629193834950117, 0.4767057622527413052 ) ) ;
#9783 = SURFACE_SIDE_STYLE ('',( #739 ) ) ;
#9784 = ORIENTED_EDGE ( 'NONE', *, *, #3621, .T. ) ;
#9785 = CARTESIAN_POINT ( 'NONE',  ( 17.99999999999963052, 4.110701701078405712, 208.8821866629663191 ) ) ;
#9786 = VERTEX_POINT ( 'NONE', #483 ) ;
#9787 = B_SPLINE_SURFACE_WITH_KNOTS ( 'NONE', 3, 1, ( 
 ( #9184, #6718 ),
 ( #6928, #6821 ),
 ( #1600, #5950 ),
 ( #9896, #6050 ),
 ( #53, #9796 ),
 ( #2918, #2156 ),
 ( #4459, #5204 ),
 ( #7523, #653 ),
 ( #9138, #2268 ),
 ( #5311, #8383 ),
 ( #7630, #4555 ) ),
 .UNSPECIFIED., .F., .F., .F.,
 ( 4, 1, 1, 1, 1, 1, 1, 1, 4 ),
 ( 2, 2 ),
 ( 0.000000000000000000, 0.1423604118210493041, 0.2786201360669269822, 0.4098624489983847541, 0.5354769308100539860, 0.6565166792472966195, 0.7738089771115379545, 0.8881256004554626271, 1.000000000000000000 ),
 ( 0.000000000000000000, 1.000000000000000000 ),
 .UNSPECIFIED. ) ;
#9788 = DIRECTION ( 'NONE',  ( -0.000000000000000000, -0.000000000000000000, 1.000000000000000000 ) ) ;
#9789 = CARTESIAN_POINT ( 'NONE',  ( 17.99999999999962697, 3.555468749999993960, 208.3222656250000568 ) ) ;
#9790 = ORIENTED_EDGE ( 'NONE', *, *, #4156, .F. ) ;
#9791 = CIRCLE ( 'NONE', #647, 3.000000000000000000 ) ;
#9792 = SURFACE_SIDE_STYLE ('',( #5995 ) ) ;
#9793 = CARTESIAN_POINT ( 'NONE',  ( 17.99999999999963052, 3.122042099234191070, 207.0934272515208932 ) ) ;
#9794 = EDGE_CURVE ( 'NONE', #8519, #1443, #1382, .T. ) ;
#9795 = CARTESIAN_POINT ( 'NONE',  ( 12.49999999999962874, -2.500000000000000444, 215.7500000000000853 ) ) ;
#9796 = CARTESIAN_POINT ( 'NONE',  ( 17.49999999999963052, 1.413791258902434178, 208.1569095572537265 ) ) ;
#9797 = EDGE_CURVE ( 'NONE', #2655, #9416, #7546, .T. ) ;
#9798 = EDGE_CURVE ( 'NONE', #1330, #2133, #2398, .T. ) ;
#9799 = SURFACE_STYLE_USAGE ( .BOTH. , #8135 ) ;
#9800 =( NAMED_UNIT ( * ) SI_UNIT ( $, .STERADIAN. ) SOLID_ANGLE_UNIT ( ) );
#9801 = FILL_AREA_STYLE_COLOUR ( '', #9563 ) ;
#9802 = ORIENTED_EDGE ( 'NONE', *, *, #967, .F. ) ;
#9803 = CARTESIAN_POINT ( 'NONE',  ( -17.37500000000000000, 0.000000000000000000, 191.7500000000000000 ) ) ;
#9804 = COLOUR_RGB ( '',0.1019607843137254888, 0.1019607843137254888, 0.1019607843137254888 ) ;
#9805 = AXIS2_PLACEMENT_3D ( 'NONE', #5727, #9559, #2684 ) ;
#9806 = ORIENTED_EDGE ( 'NONE', *, *, #6711, .F. ) ;
#9807 = CARTESIAN_POINT ( 'NONE',  ( 17.99999999999963407, 1.878215290366066936, 207.5412820576707986 ) ) ;
#9808 = COLOUR_RGB ( '',1.000000000000000000, 1.000000000000000000, 1.000000000000000000 ) ;
#9809 = VECTOR ( 'NONE', #6878, 1000.000000000000000 ) ;
#9810 = EDGE_LOOP ( 'NONE', ( #8833, #2837, #832, #2912 ) ) ;
#9811 = FILL_AREA_STYLE_COLOUR ( '', #1719 ) ;
#9812 =( NAMED_UNIT ( * ) PLANE_ANGLE_UNIT ( ) SI_UNIT ( $, .RADIAN. ) );
#9813 = CARTESIAN_POINT ( 'NONE',  ( 17.99999999999963052, 2.645710217556578314, 206.6391158559927419 ) ) ;
#9814 = SURFACE_STYLE_USAGE ( .BOTH. , #6737 ) ;
#9815 = AXIS2_PLACEMENT_3D ( 'NONE', #2550, #1783, #4833 ) ;
#9816 = ORIENTED_EDGE ( 'NONE', *, *, #644, .T. ) ;
#9817 = STYLED_ITEM ( 'NONE', ( #3620 ), #1351 ) ;
#9818 = B_SPLINE_CURVE_WITH_KNOTS ( 'NONE', 3,
 ( #505, #1404, #3497, #4451, #7515, #5846, #645, #6764, #6553, #2764 ),
 .UNSPECIFIED., .F., .F.,
 ( 4, 2, 2, 2, 4 ),
 ( 2.105139829702536445E-18, 0.0006870967775923635416, 0.001374193555184725132, 0.002061290332777085746, 0.002748387110369446794 ),
 .UNSPECIFIED. ) ;
#9819 = DIRECTION ( 'NONE',  ( 0.000000000000000000, -1.000000000000000000, 0.000000000000000000 ) ) ;
#9820 = CARTESIAN_POINT ( 'NONE',  ( -14.99999999999998757, 0.9999999999999983347, 191.0000000000000000 ) ) ;
#9821 =( NAMED_UNIT ( * ) SI_UNIT ( $, .STERADIAN. ) SOLID_ANGLE_UNIT ( ) );
#9822 = ORIENTED_EDGE ( 'NONE', *, *, #6019, .T. ) ;
#9823 = CARTESIAN_POINT ( 'NONE',  ( 17.99999999999963052, 2.855631496391762170, 207.3227690403875272 ) ) ;
#9824 = CARTESIAN_POINT ( 'NONE',  ( 16.11682888183159434, 11.99487271855003989, 99.36944599247885890 ) ) ;
#9825 = CARTESIAN_POINT ( 'NONE',  ( 17.99999999999962697, 4.328508710310702057, 208.7119117362352370 ) ) ;
#9826 =( LENGTH_UNIT ( ) NAMED_UNIT ( * ) SI_UNIT ( .MILLI., .METRE. ) );
#9827 = CARTESIAN_POINT ( 'NONE',  ( -16.62500000000006395, 0.000000000000000000, 195.2500000000000000 ) ) ;
#9828 =( GEOMETRIC_REPRESENTATION_CONTEXT ( 3 ) GLOBAL_UNCERTAINTY_ASSIGNED_CONTEXT ( ( #2712 ) ) GLOBAL_UNIT_ASSIGNED_CONTEXT ( ( #6235, #6483, #9564 ) ) REPRESENTATION_CONTEXT ( 'NONE', 'WORKASPACE' ) );
#9829 = EDGE_CURVE ( 'NONE', #3741, #2983, #6583, .T. ) ;
#9830 = ORIENTED_EDGE ( 'NONE', *, *, #4361, .T. ) ;
#9831 = CARTESIAN_POINT ( 'NONE',  ( -17.00000000000000000, 12.00000000000000178, 3.000000000000002665 ) ) ;
#9832 =( NAMED_UNIT ( * ) SI_UNIT ( $, .STERADIAN. ) SOLID_ANGLE_UNIT ( ) );
#9833 = FACE_OUTER_BOUND ( 'NONE', #4838, .T. ) ;
#9834 = ORIENTED_EDGE ( 'NONE', *, *, #5633, .T. ) ;
#9835 = UNCERTAINTY_MEASURE_WITH_UNIT (LENGTH_MEASURE( 1.000000000000000082E-05 ), #2875, 'distance_accuracy_value', 'NONE');
#9836 = CARTESIAN_POINT ( 'NONE',  ( 17.49999999999964118, 2.124804687499993960, 206.4062500000000568 ) ) ;
#9837 = EDGE_LOOP ( 'NONE', ( #2688, #1806, #6057, #5710 ) ) ;
#9838 =( NAMED_UNIT ( * ) SI_UNIT ( $, .STERADIAN. ) SOLID_ANGLE_UNIT ( ) );
#9839 = CARTESIAN_POINT ( 'NONE',  ( -12.62499999999999822, -3.750000000000000444, 194.2500000000000000 ) ) ;
#9840 =( LENGTH_UNIT ( ) NAMED_UNIT ( * ) SI_UNIT ( .MILLI., .METRE. ) );
#9841 = FACE_OUTER_BOUND ( 'NONE', #9349, .T. ) ;
#9842 = LINE ( 'NONE', #6817, #7068 ) ;
#9843 = SURFACE_SIDE_STYLE ('',( #5106 ) ) ;
#9844 = COLOUR_RGB ( '',1.000000000000000000, 0.7490196078431372584, 0.000000000000000000 ) ;
#9845 = CARTESIAN_POINT ( 'NONE',  ( 17.49999999999963052, 2.430304046768827053, 208.3664236302476525 ) ) ;
#9846 = CARTESIAN_POINT ( 'NONE',  ( 17.99999999999963407, 1.776642790816713946, 206.4975361655831705 ) ) ;
#9847 = UNCERTAINTY_MEASURE_WITH_UNIT (LENGTH_MEASURE( 1.000000000000000082E-05 ), #697, 'distance_accuracy_value', 'NONE');
#9848 = SURFACE_STYLE_USAGE ( .BOTH. , #6773 ) ;
#9849 = CARTESIAN_POINT ( 'NONE',  ( 11.99999999999962874, -2.499999999999999556, 204.0000000000000568 ) ) ;
#9850 = SURFACE_STYLE_FILL_AREA ( #8997 ) ;
#9851 = CARTESIAN_POINT ( 'NONE',  ( 17.99999999999962341, 2.014259930436618440, 206.4126180197907843 ) ) ;
#9852 = ADVANCED_FACE ( 'NONE', ( #8969 ), #4312, .T. ) ;
#9853 = ADVANCED_FACE ( 'NONE', ( #771 ), #7806, .F. ) ;
#9854 = ORIENTED_EDGE ( 'NONE', *, *, #6521, .T. ) ;
#9855 = FILL_AREA_STYLE_COLOUR ( '', #9754 ) ;
#9856 = PRESENTATION_LAYER_ASSIGNMENT (  '', '', ( #68 ) ) ;
#9857 = ORIENTED_EDGE ( 'NONE', *, *, #651, .T. ) ;
#9858 = CARTESIAN_POINT ( 'NONE',  ( -17.37500000000000000, 0.000000000000000000, 191.0000000000000000 ) ) ;
#9859 = EDGE_CURVE ( 'NONE', #5096, #8446, #5334, .T. ) ;
#9860 = PRESENTATION_STYLE_ASSIGNMENT (( #2331 ) ) ;
#9861 = CARTESIAN_POINT ( 'NONE',  ( 17.99999999999962697, 2.449683588366828868, 207.3032168411120324 ) ) ;
#9862 = CARTESIAN_POINT ( 'NONE',  ( 17.99999999999963052, 1.401429110559547775, 207.4006766881980184 ) ) ;
#9863 = PRESENTATION_LAYER_ASSIGNMENT (  '', '', ( #3595 ) ) ;
#9864 = ORIENTED_EDGE ( 'NONE', *, *, #9134, .F. ) ;
#9865 = B_SPLINE_SURFACE_WITH_KNOTS ( 'NONE', 3, 1, ( 
 ( #195, #9569 ),
 ( #8160, #3529 ),
 ( #8872, #1882 ),
 ( #3626, #1332 ),
 ( #5786, #4284 ),
 ( #2747, #6587 ),
 ( #4382, #3574 ),
 ( #9722, #8925 ),
 ( #1181, #5692 ),
 ( #536, #6637 ),
 ( #5881, #1985 ),
 ( #4936, #9672 ),
 ( #1277, #8109 ),
 ( #7448, #5134 ),
 ( #5734, #2085 ),
 ( #5025, #7343 ),
 ( #2795, #2845 ),
 ( #2698, #488 ),
 ( #5832, #4334 ) ),
 .UNSPECIFIED., .F., .F., .F.,
 ( 4, 1, 1, 1, 1, 1, 1, 1, 1, 1, 1, 1, 1, 1, 1, 1, 4 ),
 ( 2, 2 ),
 ( 0.000000000000000000, 0.06645718292760703638, 0.1303233700831427921, 0.1926490091855872500, 0.2529182569577372863, 0.3119620458555742992, 0.3698677371220183696, 0.4273215772062111117, 0.4852979938712448926, 0.5434325231963703651, 0.6029491455468195538, 0.6635032917448473455, 0.7258052563892073428, 0.7903225959668802592, 0.8576837664792464899, 0.9271556858163065851, 1.000000000000000000 ),
 ( 0.000000000000000000, 1.000000000000000000 ),
 .UNSPECIFIED. ) ;
#9866 = DIRECTION ( 'NONE',  ( -0.000000000000000000, -0.000000000000000000, 1.000000000000000000 ) ) ;
#9867 =( NAMED_UNIT ( * ) PLANE_ANGLE_UNIT ( ) SI_UNIT ( $, .RADIAN. ) );
#9868 =( NAMED_UNIT ( * ) SI_UNIT ( $, .STERADIAN. ) SOLID_ANGLE_UNIT ( ) );
#9869 = CARTESIAN_POINT ( 'NONE',  ( 17.99999999999962341, 4.104080526595970113, 207.4688973289872536 ) ) ;
#9870 = FILL_AREA_STYLE ('',( #1995 ) ) ;
#9871 = ORIENTED_EDGE ( 'NONE', *, *, #2246, .T. ) ;
#9873 = CARTESIAN_POINT ( 'NONE',  ( 17.49999999999963407, -1.281933593749992717, 207.7758789062500568 ) ) ;
#9872 = PRESENTATION_LAYER_ASSIGNMENT (  '', '', ( #3136 ) ) ;
#9874 = ADVANCED_FACE ( 'NONE', ( #1525 ), #4575, .F. ) ;
#9875 = DIRECTION ( 'NONE',  ( -1.000000000000000000, 0.000000000000000000, 8.583663793918551117E-34 ) ) ;
#9876 = SURFACE_STYLE_USAGE ( .BOTH. , #4485 ) ;
#9877 = CARTESIAN_POINT ( 'NONE',  ( 17.99999999999963052, 4.422404624724461719, 208.5528490461045408 ) ) ;
#9878 = CARTESIAN_POINT ( 'NONE',  ( 17.99999999999963052, 3.618364259611268618, 208.4500118577242631 ) ) ;
#9879 = CARTESIAN_POINT ( 'NONE',  ( -15.11629961287752444, 2.125100025748209998, 108.9992174690572284 ) ) ;
#9880 = SURFACE_SIDE_STYLE ('',( #785 ) ) ;
#9881 = COLOUR_RGB ( '',1.000000000000000000, 0.7490196078431372584, 0.000000000000000000 ) ;
#9882 = VERTEX_POINT ( 'NONE', #4966 ) ;
#9883 = CARTESIAN_POINT ( 'NONE',  ( 17.49999999999962697, 2.662890624999993960, 206.6591796875000568 ) ) ;
#9884 = LINE ( 'NONE', #2804, #9427 ) ;
#9885 = CARTESIAN_POINT ( 'NONE',  ( 17.99999999999962697, 4.543365534704055797, 207.7335668135393973 ) ) ;
#9886 = ORIENTED_EDGE ( 'NONE', *, *, #8444, .T. ) ;
#9887 = CARTESIAN_POINT ( 'NONE',  ( 17.99999999999963052, 4.264455957073579384, 208.7810474046625870 ) ) ;
#9888 = VERTEX_POINT ( 'NONE', #1819 ) ;
#9889 = CARTESIAN_POINT ( 'NONE',  ( 17.99999999999963407, 2.054107464937525496, 208.5436945937803728 ) ) ;
#9890 = PLANE ( 'NONE',  #2200 ) ;
#9891 = CARTESIAN_POINT ( 'NONE',  ( 17.49999999999965183, 2.190229307193083841, 207.7487027328780584 ) ) ;
#9892 = PLANE ( 'NONE',  #8272 ) ;
#9893 = CARTESIAN_POINT ( 'NONE',  ( 17.49999999999961986, 4.097546746041694554, 208.0859971572113807 ) ) ;
#9894 = UNCERTAINTY_MEASURE_WITH_UNIT (LENGTH_MEASURE( 1.000000000000000082E-05 ), #5578, 'distance_accuracy_value', 'NONE');
#9895 = COLOUR_RGB ( '',1.000000000000000000, 0.7490196078431372584, 0.000000000000000000 ) ;
#9896 = CARTESIAN_POINT ( 'NONE',  ( 17.99999999999962697, 1.398506682107911736, 208.0500221419004276 ) ) ;
#9897 = DIRECTION ( 'NONE',  ( 0.000000000000000000, 0.000000000000000000, -1.000000000000000000 ) ) ;
#9898 = DIRECTION ( 'NONE',  ( -8.583663793918551117E-34, 0.000000000000000000, -1.000000000000000000 ) ) ;
#9899 = CARTESIAN_POINT ( 'NONE',  ( 17.49999999999965183, 1.830452571154370656, 208.1671224051322611 ) ) ;
#9900 = ORIENTED_EDGE ( 'NONE', *, *, #5371, .F. ) ;
#9901 = MECHANICAL_DESIGN_GEOMETRIC_PRESENTATION_REPRESENTATION (  '', ( #3332 ), #6180 ) ;
#9902 = DIRECTION ( 'NONE',  ( -0.000000000000000000, 0.000000000000000000, -1.000000000000000000 ) ) ;
#9903 = STYLED_ITEM ( 'NONE', ( #8722 ), #8134 ) ;
#9904 = EDGE_CURVE ( 'NONE', #2120, #7979, #6423, .T. ) ;
#9905 = ORIENTED_EDGE ( 'NONE', *, *, #5669, .F. ) ;
#9906 = DIRECTION ( 'NONE',  ( -1.000000000000000000, -5.728085021779797867E-16, 8.583663793918551117E-34 ) ) ;
#9907 = MECHANICAL_DESIGN_GEOMETRIC_PRESENTATION_REPRESENTATION (  '', ( #3628 ), #917 ) ;
#9908 = ORIENTED_EDGE ( 'NONE', *, *, #9504, .T. ) ;
#9909 = CARTESIAN_POINT ( 'NONE',  ( 17.49999999999963052, 1.393796788895505623, 207.5324777293617160 ) ) ;
#9910 = CARTESIAN_POINT ( 'NONE',  ( 17.99999999999963052, 1.836718749999993738, 207.9008789062500568 ) ) ;
#9911 = FACE_OUTER_BOUND ( 'NONE', #2766, .T. ) ;
#9912 = DIRECTION ( 'NONE',  ( 1.000000000000000000, 0.000000000000000000, 0.000000000000000000 ) ) ;
#9913 = COLOUR_RGB ( '',1.000000000000000000, 0.7490196078431372584, 0.000000000000000000 ) ;
#9914 = DIRECTION ( 'NONE',  ( -0.000000000000000000, 1.000000000000000000, -0.000000000000000000 ) ) ;
#9915 = STYLED_ITEM ( 'NONE', ( #1717 ), #8507 ) ;
#9916 = EDGE_LOOP ( 'NONE', ( #956, #317, #2065, #9366, #9705, #449, #5694, #5251, #9059, #1507 ) ) ;
#9917 = SURFACE_SIDE_STYLE ('',( #3868 ) ) ;
#9918 = ADVANCED_FACE ( 'NONE', ( #4023, #3420 ), #8040, .T. ) ;
#9919 = PRESENTATION_STYLE_ASSIGNMENT (( #26 ) ) ;
#9920 = CARTESIAN_POINT ( 'NONE',  ( 17.99999999999963052, 4.092193905937065779, 207.2147600232352147 ) ) ;
#9921 = CARTESIAN_POINT ( 'NONE',  ( 17.49999999999962697, 5.824999999999993960, 0.000000000000000000 ) ) ;
#9922 = STYLED_ITEM ( 'NONE', ( #6025 ), #7611 ) ;
#9923 = EDGE_LOOP ( 'NONE', ( #4462, #4516, #354, #2660 ) ) ;
#9924 =( GEOMETRIC_REPRESENTATION_CONTEXT ( 3 ) GLOBAL_UNCERTAINTY_ASSIGNED_CONTEXT ( ( #5752 ) ) GLOBAL_UNIT_ASSIGNED_CONTEXT ( ( #4668, #5277, #4526 ) ) REPRESENTATION_CONTEXT ( 'NONE', 'WORKASPACE' ) );
#9925 = FACE_BOUND ( 'NONE', #9075, .T. ) ;
#9926 = FILL_AREA_STYLE ('',( #1386 ) ) ;
#9927 = FILL_AREA_STYLE_COLOUR ( '', #3808 ) ;
#9928 = CARTESIAN_POINT ( 'NONE',  ( 17.99999999999963762, 2.748674975154318911, 206.7905057958475936 ) ) ;
#9929 = CARTESIAN_POINT ( 'NONE',  ( 17.99999999999962341, 3.869214462040088343, 208.9368403929468627 ) ) ;
#9930 = CARTESIAN_POINT ( 'NONE',  ( 17.49999999999963052, 3.570796107484091042, 208.3703042318917085 ) ) ;
#9931 = LINE ( 'NONE', #33, #5372 ) ;
#9932 = EDGE_LOOP ( 'NONE', ( #7482, #2144, #719, #1350 ) ) ;
#9933 = CARTESIAN_POINT ( 'NONE',  ( 17.49999999999963762, 1.586230468749993738, 208.6098632812500853 ) ) ;
#9934 = EDGE_LOOP ( 'NONE', ( #7884, #10, #3037, #7105 ) ) ;
#9935 = CARTESIAN_POINT ( 'NONE',  ( 17.99999999999962341, 1.824999999999993738, 207.2548828125000284 ) ) ;
#9936 = FILL_AREA_STYLE ('',( #7614 ) ) ;
#9937 = CARTESIAN_POINT ( 'NONE',  ( 17.99999999999962697, 4.480561945228772380, 208.3768305040318580 ) ) ;
#9938 = ORIENTED_EDGE ( 'NONE', *, *, #9198, .F. ) ;
#9939 = UNCERTAINTY_MEASURE_WITH_UNIT (LENGTH_MEASURE( 1.000000000000000082E-05 ), #4782, 'distance_accuracy_value', 'NONE');
#9940 = CARTESIAN_POINT ( 'NONE',  ( -16.22937457694386154, 11.98023605672587699, 2.602740124690907209 ) ) ;
#9941 = ORIENTED_EDGE ( 'NONE', *, *, #490, .T. ) ;
#9942 = VECTOR ( 'NONE', #2555, 1000.000000000000000 ) ;
#9943 = CARTESIAN_POINT ( 'NONE',  ( 17.99999999999963052, 1.859761127776416334, 208.3074808773083078 ) ) ;
#9944 =( NAMED_UNIT ( * ) PLANE_ANGLE_UNIT ( ) SI_UNIT ( $, .RADIAN. ) );
ENDSEC;
END-ISO-10303-21;
