ISO-10303-21;
HEADER;
/* Generated by software containing ST-Developer
 * from STEP Tools, Inc. (www.steptools.com) 
 */
/* OPTION: using custom schema-name function */

FILE_DESCRIPTION(
/* description */ (''),
/* implementation_level */ '2;1');

FILE_NAME(
/* name */ 'Assembly.stp',
/* time_stamp */ '2026-03-10T21:40:04+05:30',
/* author */ (''),
/* organization */ (''),
/* preprocessor_version */ 'ST-DEVELOPER v20',
/* originating_system */ 'SIEMENS PLM Software NX2506.6002',
/* authorisation */ '');

FILE_SCHEMA (('AUTOMOTIVE_DESIGN { 1 0 10303 214 3 1 1 1 }'));
ENDSEC;

DATA;
#10=CONTEXT_DEPENDENT_SHAPE_REPRESENTATION(#30,#68);
#11=CONTEXT_DEPENDENT_SHAPE_REPRESENTATION(#31,#69);
#12=CONTEXT_DEPENDENT_SHAPE_REPRESENTATION(#32,#70);
#13=CONTEXT_DEPENDENT_SHAPE_REPRESENTATION(#33,#71);
#14=CONTEXT_DEPENDENT_SHAPE_REPRESENTATION(#34,#72);
#15=CONTEXT_DEPENDENT_SHAPE_REPRESENTATION(#35,#73);
#16=CONTEXT_DEPENDENT_SHAPE_REPRESENTATION(#36,#74);
#17=CONTEXT_DEPENDENT_SHAPE_REPRESENTATION(#37,#75);
#18=CONTEXT_DEPENDENT_SHAPE_REPRESENTATION(#38,#76);
#19=CONTEXT_DEPENDENT_SHAPE_REPRESENTATION(#39,#77);
#20=NEXT_ASSEMBLY_USAGE_OCCURRENCE('1001',' ','CAGE',#82,#81,$);
#21=NEXT_ASSEMBLY_USAGE_OCCURRENCE('1002',' ','INNER RING',#82,#80,$);
#22=NEXT_ASSEMBLY_USAGE_OCCURRENCE('1003',' ','OUTER RACE',#82,#79,$);
#23=NEXT_ASSEMBLY_USAGE_OCCURRENCE('1004',' ','STEEL BALL',#82,#78,$);
#24=NEXT_ASSEMBLY_USAGE_OCCURRENCE('1005',' ','STEEL BALL',#82,#78,$);
#25=NEXT_ASSEMBLY_USAGE_OCCURRENCE('1006',' ','STEEL BALL',#82,#78,$);
#26=NEXT_ASSEMBLY_USAGE_OCCURRENCE('1007',' ','STEEL BALL',#82,#78,$);
#27=NEXT_ASSEMBLY_USAGE_OCCURRENCE('1008',' ','STEEL BALL',#82,#78,$);
#28=NEXT_ASSEMBLY_USAGE_OCCURRENCE('1009',' ','STEEL BALL',#82,#78,$);
#29=NEXT_ASSEMBLY_USAGE_OCCURRENCE('1010',' ','STEEL BALL',#82,#78,$);
#30=(
REPRESENTATION_RELATIONSHIP(' ',' ',#113,#114)
REPRESENTATION_RELATIONSHIP_WITH_TRANSFORMATION(#40)
SHAPE_REPRESENTATION_RELATIONSHIP()
);
#31=(
REPRESENTATION_RELATIONSHIP(' ',' ',#112,#114)
REPRESENTATION_RELATIONSHIP_WITH_TRANSFORMATION(#41)
SHAPE_REPRESENTATION_RELATIONSHIP()
);
#32=(
REPRESENTATION_RELATIONSHIP(' ',' ',#111,#114)
REPRESENTATION_RELATIONSHIP_WITH_TRANSFORMATION(#42)
SHAPE_REPRESENTATION_RELATIONSHIP()
);
#33=(
REPRESENTATION_RELATIONSHIP(' ',' ',#110,#114)
REPRESENTATION_RELATIONSHIP_WITH_TRANSFORMATION(#43)
SHAPE_REPRESENTATION_RELATIONSHIP()
);
#34=(
REPRESENTATION_RELATIONSHIP(' ',' ',#110,#114)
REPRESENTATION_RELATIONSHIP_WITH_TRANSFORMATION(#44)
SHAPE_REPRESENTATION_RELATIONSHIP()
);
#35=(
REPRESENTATION_RELATIONSHIP(' ',' ',#110,#114)
REPRESENTATION_RELATIONSHIP_WITH_TRANSFORMATION(#45)
SHAPE_REPRESENTATION_RELATIONSHIP()
);
#36=(
REPRESENTATION_RELATIONSHIP(' ',' ',#110,#114)
REPRESENTATION_RELATIONSHIP_WITH_TRANSFORMATION(#46)
SHAPE_REPRESENTATION_RELATIONSHIP()
);
#37=(
REPRESENTATION_RELATIONSHIP(' ',' ',#110,#114)
REPRESENTATION_RELATIONSHIP_WITH_TRANSFORMATION(#47)
SHAPE_REPRESENTATION_RELATIONSHIP()
);
#38=(
REPRESENTATION_RELATIONSHIP(' ',' ',#110,#114)
REPRESENTATION_RELATIONSHIP_WITH_TRANSFORMATION(#48)
SHAPE_REPRESENTATION_RELATIONSHIP()
);
#39=(
REPRESENTATION_RELATIONSHIP(' ',' ',#110,#114)
REPRESENTATION_RELATIONSHIP_WITH_TRANSFORMATION(#49)
SHAPE_REPRESENTATION_RELATIONSHIP()
);
#40=ITEM_DEFINED_TRANSFORMATION(' ',' ',#606,#671);
#41=ITEM_DEFINED_TRANSFORMATION(' ',' ',#606,#672);
#42=ITEM_DEFINED_TRANSFORMATION(' ',' ',#606,#673);
#43=ITEM_DEFINED_TRANSFORMATION(' ',' ',#606,#674);
#44=ITEM_DEFINED_TRANSFORMATION(' ',' ',#606,#675);
#45=ITEM_DEFINED_TRANSFORMATION(' ',' ',#606,#676);
#46=ITEM_DEFINED_TRANSFORMATION(' ',' ',#606,#677);
#47=ITEM_DEFINED_TRANSFORMATION(' ',' ',#606,#678);
#48=ITEM_DEFINED_TRANSFORMATION(' ',' ',#606,#679);
#49=ITEM_DEFINED_TRANSFORMATION(' ',' ',#606,#680);
#50=SHAPE_REPRESENTATION_RELATIONSHIP('MODEL',
'relationship between Steel Ball-MODEL and Steel Ball-MODEL',#110,#54);
#51=SHAPE_REPRESENTATION_RELATIONSHIP('MODEL',
'relationship between Outer race-MODEL and Outer race-MODEL',#111,#55);
#52=SHAPE_REPRESENTATION_RELATIONSHIP('MODEL',
'relationship between Inner Ring-MODEL and Inner Ring-MODEL',#112,#56);
#53=SHAPE_REPRESENTATION_RELATIONSHIP('MODEL',
'relationship between Cage-MODEL and Cage-MODEL',#113,#57);
#54=ADVANCED_BREP_SHAPE_REPRESENTATION('Steel Ball-MODEL',(#163),#1769);
#55=ADVANCED_BREP_SHAPE_REPRESENTATION('Outer race-MODEL',(#162),#1768);
#56=ADVANCED_BREP_SHAPE_REPRESENTATION('Inner Ring-MODEL',(#161),#1767);
#57=ADVANCED_BREP_SHAPE_REPRESENTATION('Cage-MODEL',(#160),#1766);
#58=SHAPE_DEFINITION_REPRESENTATION(#63,#110);
#59=SHAPE_DEFINITION_REPRESENTATION(#64,#111);
#60=SHAPE_DEFINITION_REPRESENTATION(#65,#112);
#61=SHAPE_DEFINITION_REPRESENTATION(#66,#113);
#62=SHAPE_DEFINITION_REPRESENTATION(#67,#114);
#63=PRODUCT_DEFINITION_SHAPE('','',#78);
#64=PRODUCT_DEFINITION_SHAPE('','',#79);
#65=PRODUCT_DEFINITION_SHAPE('','',#80);
#66=PRODUCT_DEFINITION_SHAPE('','',#81);
#67=PRODUCT_DEFINITION_SHAPE('','',#82);
#68=PRODUCT_DEFINITION_SHAPE(' ','NAUO PRDDFN',#20);
#69=PRODUCT_DEFINITION_SHAPE(' ','NAUO PRDDFN',#21);
#70=PRODUCT_DEFINITION_SHAPE(' ','NAUO PRDDFN',#22);
#71=PRODUCT_DEFINITION_SHAPE(' ','NAUO PRDDFN',#23);
#72=PRODUCT_DEFINITION_SHAPE(' ','NAUO PRDDFN',#24);
#73=PRODUCT_DEFINITION_SHAPE(' ','NAUO PRDDFN',#25);
#74=PRODUCT_DEFINITION_SHAPE(' ','NAUO PRDDFN',#26);
#75=PRODUCT_DEFINITION_SHAPE(' ','NAUO PRDDFN',#27);
#76=PRODUCT_DEFINITION_SHAPE(' ','NAUO PRDDFN',#28);
#77=PRODUCT_DEFINITION_SHAPE(' ','NAUO PRDDFN',#29);
#78=PRODUCT_DEFINITION(' ','',#88,#83);
#79=PRODUCT_DEFINITION(' ','',#89,#84);
#80=PRODUCT_DEFINITION(' ','',#90,#85);
#81=PRODUCT_DEFINITION(' ','',#91,#86);
#82=PRODUCT_DEFINITION(' ','',#92,#87);
#83=PRODUCT_DEFINITION_CONTEXT('part definition',#109,'design');
#84=PRODUCT_DEFINITION_CONTEXT('part definition',#109,'design');
#85=PRODUCT_DEFINITION_CONTEXT('part definition',#109,'design');
#86=PRODUCT_DEFINITION_CONTEXT('part definition',#109,'design');
#87=PRODUCT_DEFINITION_CONTEXT('part definition',#109,'design');
#88=PRODUCT_DEFINITION_FORMATION_WITH_SPECIFIED_SOURCE(' ',' ',#98,
 .NOT_KNOWN.);
#89=PRODUCT_DEFINITION_FORMATION_WITH_SPECIFIED_SOURCE(' ',' ',#99,
 .NOT_KNOWN.);
#90=PRODUCT_DEFINITION_FORMATION_WITH_SPECIFIED_SOURCE(' ',' ',#100,
 .NOT_KNOWN.);
#91=PRODUCT_DEFINITION_FORMATION_WITH_SPECIFIED_SOURCE(' ',' ',#101,
 .NOT_KNOWN.);
#92=PRODUCT_DEFINITION_FORMATION_WITH_SPECIFIED_SOURCE(' ',' ',#102,
 .NOT_KNOWN.);
#93=PRODUCT_RELATED_PRODUCT_CATEGORY('part','',(#98));
#94=PRODUCT_RELATED_PRODUCT_CATEGORY('part','',(#99));
#95=PRODUCT_RELATED_PRODUCT_CATEGORY('part','',(#100));
#96=PRODUCT_RELATED_PRODUCT_CATEGORY('part','',(#101));
#97=PRODUCT_RELATED_PRODUCT_CATEGORY('part','',(#102));
#98=PRODUCT('Steel Ball','Steel Ball',' ',(#103));
#99=PRODUCT('Outer race','Outer race',' ',(#104));
#100=PRODUCT('Inner Ring','Inner Ring',' ',(#105));
#101=PRODUCT('Cage','Cage',' ',(#106));
#102=PRODUCT('Assembly','Assembly',' ',(#107));
#103=PRODUCT_CONTEXT(' ',#109,'mechanical');
#104=PRODUCT_CONTEXT(' ',#109,'mechanical');
#105=PRODUCT_CONTEXT(' ',#109,'mechanical');
#106=PRODUCT_CONTEXT(' ',#109,'mechanical');
#107=PRODUCT_CONTEXT(' ',#109,'mechanical');
#108=APPLICATION_PROTOCOL_DEFINITION('international standard',
'automotive_design',2010,#109);
#109=APPLICATION_CONTEXT(
'core data for automotive mechanical design processes');
#110=SHAPE_REPRESENTATION('Steel Ball-MODEL',(#606),#1769);
#111=SHAPE_REPRESENTATION('Outer race-MODEL',(#606),#1768);
#112=SHAPE_REPRESENTATION('Inner Ring-MODEL',(#606),#1767);
#113=SHAPE_REPRESENTATION('Cage-MODEL',(#606),#1766);
#114=SHAPE_REPRESENTATION('Assembly-none',(#606,#671,#672,#673,#674,#675,
#676,#677,#678,#679,#680),#1765);
#115=VERTEX_LOOP('',#535);
#116=TOROIDAL_SURFACE('',#630,8.,2.5);
#117=TOROIDAL_SURFACE('',#640,6.7,0.3);
#118=TOROIDAL_SURFACE('',#641,6.7,0.3);
#119=TOROIDAL_SURFACE('',#642,4.4,0.4);
#120=TOROIDAL_SURFACE('',#643,4.4,0.4);
#121=TOROIDAL_SURFACE('',#644,6.6,0.4);
#122=TOROIDAL_SURFACE('',#645,6.6,0.4);
#123=TOROIDAL_SURFACE('',#663,8.,1.75);
#124=TOROIDAL_SURFACE('',#664,9.3,0.3);
#125=TOROIDAL_SURFACE('',#665,9.3,0.3);
#126=TOROIDAL_SURFACE('',#666,9.4,0.4);
#127=TOROIDAL_SURFACE('',#667,10.6,0.4);
#128=TOROIDAL_SURFACE('',#668,10.6,0.4);
#129=TOROIDAL_SURFACE('',#669,9.4,0.4);
#130=PRESENTATION_LAYER_ASSIGNMENT('1','Layer 1',(#160,#161,#162,#163));
#131=STYLED_ITEM('',(#135),#160);
#132=STYLED_ITEM('',(#136),#161);
#133=STYLED_ITEM('',(#137),#162);
#134=STYLED_ITEM('',(#138),#163);
#135=PRESENTATION_STYLE_ASSIGNMENT((#139));
#136=PRESENTATION_STYLE_ASSIGNMENT((#140));
#137=PRESENTATION_STYLE_ASSIGNMENT((#141));
#138=PRESENTATION_STYLE_ASSIGNMENT((#142));
#139=SURFACE_STYLE_USAGE(.BOTH.,#143);
#140=SURFACE_STYLE_USAGE(.BOTH.,#144);
#141=SURFACE_STYLE_USAGE(.BOTH.,#145);
#142=SURFACE_STYLE_USAGE(.BOTH.,#146);
#143=SURFACE_SIDE_STYLE('',(#147));
#144=SURFACE_SIDE_STYLE('',(#148));
#145=SURFACE_SIDE_STYLE('',(#149));
#146=SURFACE_SIDE_STYLE('',(#150));
#147=SURFACE_STYLE_FILL_AREA(#151);
#148=SURFACE_STYLE_FILL_AREA(#152);
#149=SURFACE_STYLE_FILL_AREA(#153);
#150=SURFACE_STYLE_FILL_AREA(#154);
#151=FILL_AREA_STYLE('',(#155));
#152=FILL_AREA_STYLE('',(#156));
#153=FILL_AREA_STYLE('',(#157));
#154=FILL_AREA_STYLE('',(#158));
#155=FILL_AREA_STYLE_COLOUR('',#159);
#156=FILL_AREA_STYLE_COLOUR('',#159);
#157=FILL_AREA_STYLE_COLOUR('',#159);
#158=FILL_AREA_STYLE_COLOUR('',#159);
#159=COLOUR_RGB('medium steel',0.611764705882353,0.658823529411765,0.670588235294118);
#160=MANIFOLD_SOLID_BREP('',#164);
#161=MANIFOLD_SOLID_BREP('',#165);
#162=MANIFOLD_SOLID_BREP('',#166);
#163=MANIFOLD_SOLID_BREP('',#167);
#164=CLOSED_SHELL('',(#182,#183,#184,#185,#186,#187,#188,#189,#190,#191,
#192));
#165=CLOSED_SHELL('',(#193,#194,#195,#196,#197,#198,#199,#200,#201,#202,
#203,#204));
#166=CLOSED_SHELL('',(#205,#206,#207,#208,#209,#210,#211,#212,#213,#214,
#215,#216));
#167=CLOSED_SHELL('',(#217));
#168=SPHERICAL_SURFACE('',#615,1.8);
#169=SPHERICAL_SURFACE('',#616,1.8);
#170=SPHERICAL_SURFACE('',#617,1.8);
#171=SPHERICAL_SURFACE('',#618,1.8);
#172=SPHERICAL_SURFACE('',#619,1.8);
#173=SPHERICAL_SURFACE('',#620,1.8);
#174=SPHERICAL_SURFACE('',#621,1.8);
#175=SPHERICAL_SURFACE('',#670,1.75);
#176=PLANE('',#613);
#177=PLANE('',#614);
#178=PLANE('',#627);
#179=PLANE('',#633);
#180=PLANE('',#657);
#181=PLANE('',#660);
#182=ADVANCED_FACE('',(#240,#241,#242,#243,#244,#245,#246,#247,#248),#218,
 .T.);
#183=ADVANCED_FACE('',(#249,#250,#251,#252,#253,#254,#255,#256,#257),#219,
 .F.);
#184=ADVANCED_FACE('',(#258,#259),#176,.T.);
#185=ADVANCED_FACE('',(#260,#261),#177,.F.);
#186=ADVANCED_FACE('',(#262,#263),#168,.F.);
#187=ADVANCED_FACE('',(#264,#265),#169,.F.);
#188=ADVANCED_FACE('',(#266,#267),#170,.F.);
#189=ADVANCED_FACE('',(#268,#269),#171,.F.);
#190=ADVANCED_FACE('',(#270,#271),#172,.F.);
#191=ADVANCED_FACE('',(#272,#273),#173,.F.);
#192=ADVANCED_FACE('',(#274,#275),#174,.F.);
#193=ADVANCED_FACE('',(#276,#277),#220,.T.);
#194=ADVANCED_FACE('',(#278,#279),#178,.F.);
#195=ADVANCED_FACE('',(#280,#281),#116,.F.);
#196=ADVANCED_FACE('',(#282,#283),#179,.T.);
#197=ADVANCED_FACE('',(#284,#285),#221,.T.);
#198=ADVANCED_FACE('',(#286,#287),#222,.F.);
#199=ADVANCED_FACE('',(#288,#289),#117,.T.);
#200=ADVANCED_FACE('',(#290,#291),#118,.T.);
#201=ADVANCED_FACE('',(#292,#293),#119,.T.);
#202=ADVANCED_FACE('',(#294,#295),#120,.T.);
#203=ADVANCED_FACE('',(#296,#297),#121,.T.);
#204=ADVANCED_FACE('',(#298,#299),#122,.T.);
#205=ADVANCED_FACE('',(#300,#301),#223,.F.);
#206=ADVANCED_FACE('',(#302,#303),#224,.T.);
#207=ADVANCED_FACE('',(#304,#305),#225,.F.);
#208=ADVANCED_FACE('',(#306,#307),#180,.T.);
#209=ADVANCED_FACE('',(#308,#309),#181,.F.);
#210=ADVANCED_FACE('',(#310,#311),#123,.F.);
#211=ADVANCED_FACE('',(#312,#313),#124,.T.);
#212=ADVANCED_FACE('',(#314,#315),#125,.T.);
#213=ADVANCED_FACE('',(#316,#317),#126,.T.);
#214=ADVANCED_FACE('',(#318,#319),#127,.T.);
#215=ADVANCED_FACE('',(#320,#321),#128,.T.);
#216=ADVANCED_FACE('',(#322,#323),#129,.T.);
#217=ADVANCED_FACE('',(#324),#175,.T.);
#218=CYLINDRICAL_SURFACE('',#609,8.25);
#219=CYLINDRICAL_SURFACE('',#612,7.75);
#220=CYLINDRICAL_SURFACE('',#624,7.);
#221=CYLINDRICAL_SURFACE('',#636,7.);
#222=CYLINDRICAL_SURFACE('',#639,4.);
#223=CYLINDRICAL_SURFACE('',#648,9.00000000000001);
#224=CYLINDRICAL_SURFACE('',#651,11.);
#225=CYLINDRICAL_SURFACE('',#654,9.00000000000001);
#226=B_SPLINE_CURVE_WITH_KNOTS('',3,(#836,#837,#838,#839,#840,#841,#842,
#843,#844,#845,#846,#847,#848,#849,#850,#851,#852,#853,#854,#855,#856,#857,
#858,#859,#860,#861,#862,#863,#864,#865,#866,#867,#868,#869,#870,#871,#872,
#873,#874,#875,#876,#877,#878,#879,#880,#881,#882,#883,#884,#885,#886,#887,
#888,#889,#890,#891,#892,#893),.UNSPECIFIED.,.T.,.F.,(1,3,3,3,3,3,3,3,3,
3,3,3,3,3,3,3,3,3,3,3,3,1),(-0.0412678195609288,0.,0.0524684844872168,0.104903132173519,
0.157841564001478,0.211470731494516,0.265226729157107,0.318844417385253,
0.372526438765976,0.426296504192279,0.479641434673788,0.532157764891085,
0.584289891366712,0.636901454738241,0.690312593466891,0.744082087292013,
0.797745889896349,0.851372108666314,0.905141734193733,0.958732180439071,
1.,1.05246848448722),.UNSPECIFIED.);
#227=B_SPLINE_CURVE_WITH_KNOTS('',3,(#895,#896,#897,#898,#899,#900,#901,
#902,#903,#904,#905,#906,#907,#908,#909,#910,#911,#912,#913,#914,#915,#916,
#917,#918,#919,#920,#921,#922,#923,#924,#925,#926,#927,#928,#929,#930,#931,
#932,#933,#934,#935,#936,#937,#938,#939,#940,#941,#942,#943,#944,#945,#946,
#947,#948,#949,#950,#951,#952),.UNSPECIFIED.,.T.,.F.,(1,3,3,3,3,3,3,3,3,
3,3,3,3,3,3,3,3,3,3,3,3,1),(-0.0422401888330575,0.,0.0536950046825722,0.107383001477338,
0.161160962886779,0.214691532218577,0.267436422365446,0.319588721850457,
0.371996124281404,0.425202464811815,0.478935288715357,0.532645229287916,
0.586254231856881,0.639989567602327,0.69369417612259,0.746780152206878,
0.799083077085199,0.851285247725468,0.904163781048282,0.957759811166943,
1.,1.05369500468257),.UNSPECIFIED.);
#228=B_SPLINE_CURVE_WITH_KNOTS('',3,(#954,#955,#956,#957,#958,#959,#960,
#961,#962,#963,#964,#965,#966,#967,#968,#969,#970,#971,#972,#973,#974,#975,
#976,#977,#978,#979,#980,#981,#982,#983,#984,#985,#986,#987,#988,#989,#990,
#991,#992,#993,#994,#995,#996,#997,#998,#999,#1000,#1001,#1002,#1003,#1004,
#1005,#1006,#1007,#1008,#1009,#1010,#1011),.UNSPECIFIED.,.T.,.F.,(1,3,3,
3,3,3,3,3,3,3,3,3,3,3,3,3,3,3,3,3,3,1),(-0.0412678195608525,0.,0.0524684844873371,
0.104903132173635,0.157841564001591,0.211470731494627,0.265226729157216,
0.318844417385359,0.37252643876608,0.42629650419238,0.479641434673887,0.532157764891181,
0.584289891366805,0.636901454738332,0.69031259346698,0.744082087292099,
0.797745889896433,0.851372108666395,0.905141734193812,0.958732180439148,
1.,1.05246848448734),.UNSPECIFIED.);
#229=B_SPLINE_CURVE_WITH_KNOTS('',3,(#1013,#1014,#1015,#1016,#1017,#1018,
#1019,#1020,#1021,#1022,#1023,#1024,#1025,#1026,#1027,#1028,#1029,#1030,
#1031,#1032,#1033,#1034,#1035,#1036,#1037,#1038,#1039,#1040,#1041,#1042,
#1043,#1044,#1045,#1046,#1047,#1048,#1049,#1050,#1051,#1052,#1053,#1054,
#1055,#1056,#1057,#1058,#1059,#1060,#1061,#1062,#1063,#1064,#1065,#1066,
#1067,#1068,#1069,#1070),.UNSPECIFIED.,.T.,.F.,(1,3,3,3,3,3,3,3,3,3,3,3,
3,3,3,3,3,3,3,3,3,1),(-0.0412678195608526,0.,0.0524684844873372,0.104903132173635,
0.157841564001591,0.211470731494627,0.265226729157216,0.318844417385359,
0.37252643876608,0.42629650419238,0.479641434673887,0.532157764891181,0.584289891366805,
0.636901454738332,0.69031259346698,0.744082087292099,0.797745889896433,
0.851372108666395,0.905141734193812,0.958732180439147,1.,1.05246848448734),
 .UNSPECIFIED.);
#230=B_SPLINE_CURVE_WITH_KNOTS('',3,(#1072,#1073,#1074,#1075,#1076,#1077,
#1078,#1079,#1080,#1081,#1082,#1083,#1084,#1085,#1086,#1087,#1088,#1089,
#1090,#1091,#1092,#1093,#1094,#1095,#1096,#1097,#1098,#1099,#1100,#1101,
#1102,#1103,#1104,#1105,#1106,#1107,#1108,#1109,#1110,#1111,#1112,#1113,
#1114,#1115,#1116,#1117,#1118,#1119,#1120,#1121,#1122,#1123,#1124,#1125,
#1126,#1127,#1128,#1129),.UNSPECIFIED.,.T.,.F.,(1,3,3,3,3,3,3,3,3,3,3,3,
3,3,3,3,3,3,3,3,3,1),(-0.0412678195608522,0.,0.0524684844873373,0.104903132173635,
0.157841564001592,0.211470731494628,0.265226729157216,0.318844417385359,
0.37252643876608,0.42629650419238,0.479641434673887,0.532157764891181,0.584289891366806,
0.636901454738332,0.69031259346698,0.7440820872921,0.797745889896433,0.851372108666395,
0.905141734193812,0.958732180439148,1.,1.05246848448734),.UNSPECIFIED.);
#231=B_SPLINE_CURVE_WITH_KNOTS('',3,(#1131,#1132,#1133,#1134,#1135,#1136,
#1137,#1138,#1139,#1140,#1141,#1142,#1143,#1144,#1145,#1146,#1147,#1148,
#1149,#1150,#1151,#1152,#1153,#1154,#1155,#1156,#1157,#1158,#1159,#1160,
#1161,#1162,#1163,#1164,#1165,#1166,#1167,#1168,#1169,#1170,#1171,#1172,
#1173,#1174,#1175,#1176,#1177,#1178,#1179,#1180,#1181,#1182,#1183,#1184,
#1185,#1186,#1187,#1188),.UNSPECIFIED.,.T.,.F.,(1,3,3,3,3,3,3,3,3,3,3,3,
3,3,3,3,3,3,3,3,3,1),(-0.0412678195608522,0.,0.0524684844873371,0.104903132173635,
0.157841564001591,0.211470731494627,0.265226729157216,0.318844417385359,
0.37252643876608,0.42629650419238,0.479641434673887,0.532157764891181,0.584289891366805,
0.636901454738332,0.69031259346698,0.744082087292099,0.797745889896433,
0.851372108666395,0.905141734193812,0.958732180439148,1.,1.05246848448734),
 .UNSPECIFIED.);
#232=B_SPLINE_CURVE_WITH_KNOTS('',3,(#1190,#1191,#1192,#1193,#1194,#1195,
#1196,#1197,#1198,#1199,#1200,#1201,#1202,#1203,#1204,#1205,#1206,#1207,
#1208,#1209,#1210,#1211,#1212,#1213,#1214,#1215,#1216,#1217,#1218,#1219,
#1220,#1221,#1222,#1223,#1224,#1225,#1226,#1227,#1228,#1229,#1230,#1231,
#1232,#1233,#1234,#1235,#1236,#1237,#1238,#1239,#1240,#1241,#1242,#1243,
#1244,#1245,#1246,#1247),.UNSPECIFIED.,.T.,.F.,(1,3,3,3,3,3,3,3,3,3,3,3,
3,3,3,3,3,3,3,3,3,1),(-0.0422401888330571,0.,0.0536950046825723,0.107383001477338,
0.161160962886779,0.214691532218577,0.267436422365446,0.319588721850457,
0.371996124281404,0.425202464811815,0.478935288715357,0.532645229287916,
0.586254231856882,0.639989567602327,0.693694176122591,0.746780152206879,
0.799083077085199,0.851285247725468,0.904163781048282,0.957759811166943,
1.,1.05369500468257),.UNSPECIFIED.);
#233=B_SPLINE_CURVE_WITH_KNOTS('',3,(#1250,#1251,#1252,#1253,#1254,#1255,
#1256,#1257,#1258,#1259,#1260,#1261,#1262,#1263,#1264,#1265,#1266,#1267,
#1268,#1269,#1270,#1271,#1272,#1273,#1274,#1275,#1276,#1277,#1278,#1279,
#1280,#1281,#1282,#1283,#1284,#1285,#1286,#1287,#1288,#1289,#1290,#1291,
#1292,#1293,#1294,#1295,#1296,#1297,#1298,#1299,#1300,#1301,#1302,#1303,
#1304,#1305,#1306,#1307),.UNSPECIFIED.,.T.,.F.,(1,3,3,3,3,3,3,3,3,3,3,3,
3,3,3,3,3,3,3,3,3,1),(-0.0430684112090599,0.,0.0545404492541054,0.109092368385481,
0.163436754925804,0.216839541863168,0.268841857013958,0.320016170686885,
0.371578387804768,0.424390612935763,0.478388821340074,0.532914388200128,
0.587523258941545,0.642027086701653,0.695894324883919,0.74844434249394,
0.799813167479104,0.851075600876452,0.903342241461156,0.95693158879094,
1.,1.05454044925411),.UNSPECIFIED.);
#234=B_SPLINE_CURVE_WITH_KNOTS('',3,(#1309,#1310,#1311,#1312,#1313,#1314,
#1315,#1316,#1317,#1318,#1319,#1320,#1321,#1322,#1323,#1324,#1325,#1326,
#1327,#1328,#1329,#1330,#1331,#1332,#1333,#1334,#1335,#1336,#1337,#1338,
#1339,#1340,#1341,#1342,#1343,#1344,#1345,#1346,#1347,#1348,#1349,#1350,
#1351,#1352,#1353,#1354,#1355,#1356,#1357,#1358,#1359,#1360,#1361,#1362,
#1363,#1364,#1365,#1366),.UNSPECIFIED.,.T.,.F.,(1,3,3,3,3,3,3,3,3,3,3,3,
3,3,3,3,3,3,3,3,3,1),(-0.0430684112069634,0.,0.0545404492568099,0.109092368388373,
0.163436754928641,0.216839541865944,0.268841857016675,0.320016170689552,
0.371578387807394,0.424390612938352,0.47838882134262,0.532914388202625,
0.587523258943991,0.642027086704046,0.695894324886252,0.748444342496211,
0.799813167481322,0.851075600878626,0.903342241463293,0.956931588793037,
1.,1.05454044925681),.UNSPECIFIED.);
#235=B_SPLINE_CURVE_WITH_KNOTS('',3,(#1368,#1369,#1370,#1371,#1372,#1373,
#1374,#1375,#1376,#1377,#1378,#1379,#1380,#1381,#1382,#1383,#1384,#1385,
#1386,#1387,#1388,#1389,#1390,#1391,#1392,#1393,#1394,#1395,#1396,#1397,
#1398,#1399,#1400,#1401,#1402,#1403,#1404,#1405,#1406,#1407,#1408,#1409,
#1410,#1411,#1412,#1413,#1414,#1415,#1416,#1417,#1418,#1419,#1420,#1421,
#1422,#1423,#1424,#1425),.UNSPECIFIED.,.T.,.F.,(1,3,3,3,3,3,3,3,3,3,3,3,
3,3,3,3,3,3,3,3,3,1),(-0.0430684112069603,0.,0.0545404492568147,0.109092368388377,
0.163436754928646,0.216839541865949,0.268841857016679,0.320016170689556,
0.371578387807398,0.424390612938356,0.478388821342624,0.532914388202629,
0.587523258943995,0.642027086704049,0.695894324886256,0.748444342496215,
0.799813167481325,0.851075600878629,0.903342241463296,0.95693158879304,
1.,1.05454044925681),.UNSPECIFIED.);
#236=B_SPLINE_CURVE_WITH_KNOTS('',3,(#1431,#1432,#1433,#1434,#1435,#1436,
#1437,#1438,#1439,#1440,#1441,#1442,#1443,#1444,#1445,#1446,#1447,#1448,
#1449,#1450,#1451,#1452,#1453,#1454,#1455,#1456,#1457,#1458,#1459,#1460,
#1461,#1462,#1463,#1464,#1465,#1466,#1467,#1468,#1469,#1470,#1471,#1472,
#1473,#1474,#1475,#1476,#1477,#1478,#1479,#1480,#1481,#1482,#1483,#1484,
#1485,#1486,#1487,#1488),.UNSPECIFIED.,.T.,.F.,(1,3,3,3,3,3,3,3,3,3,3,3,
3,3,3,3,3,3,3,3,3,1),(-0.0430684115940322,0.,0.0545404487520084,0.109092367851874,
0.163436754402294,0.216839541350921,0.268841856512718,0.320016170194949,
0.371578387320438,0.424390612458626,0.47838882087107,0.532914387740322,
0.587523258491286,0.642027086261341,0.69589432445455,0.748444342075893,
0.799813167071132,0.851075600476656,0.903342241068526,0.956931588405968,
1.,1.05454044875201),.UNSPECIFIED.);
#237=B_SPLINE_CURVE_WITH_KNOTS('',3,(#1490,#1491,#1492,#1493,#1494,#1495,
#1496,#1497,#1498,#1499,#1500,#1501,#1502,#1503,#1504,#1505,#1506,#1507,
#1508,#1509,#1510,#1511,#1512,#1513,#1514,#1515,#1516,#1517,#1518,#1519,
#1520,#1521,#1522,#1523,#1524,#1525,#1526,#1527,#1528,#1529,#1530,#1531,
#1532,#1533,#1534,#1535,#1536,#1537,#1538,#1539,#1540,#1541,#1542,#1543,
#1544,#1545,#1546,#1547),.UNSPECIFIED.,.T.,.F.,(1,3,3,3,3,3,3,3,3,3,3,3,
3,3,3,3,3,3,3,3,3,1),(-0.0430684112090426,0.,0.0545404492541279,0.109092368385505,
0.163436754925827,0.216839541863191,0.268841857013981,0.320016170686907,
0.37157838780479,0.424390612935784,0.478388821340095,0.532914388200149,
0.587523258941565,0.642027086701672,0.695894324883938,0.748444342493958,
0.799813167479123,0.85107560087647,0.903342241461174,0.956931588790957,
1.,1.05454044925413),.UNSPECIFIED.);
#238=B_SPLINE_CURVE_WITH_KNOTS('',3,(#1549,#1550,#1551,#1552,#1553,#1554,
#1555,#1556,#1557,#1558,#1559,#1560,#1561,#1562,#1563,#1564,#1565,#1566,
#1567,#1568,#1569,#1570,#1571,#1572,#1573,#1574,#1575,#1576,#1577,#1578,
#1579,#1580,#1581,#1582,#1583,#1584,#1585,#1586,#1587,#1588,#1589,#1590,
#1591,#1592,#1593,#1594,#1595,#1596,#1597,#1598,#1599,#1600,#1601,#1602,
#1603,#1604,#1605,#1606),.UNSPECIFIED.,.T.,.F.,(1,3,3,3,3,3,3,3,3,3,3,3,
3,3,3,3,3,3,3,3,3,1),(-0.0430684112069653,0.,0.0545404492568064,0.109092368388369,
0.163436754928638,0.216839541865941,0.268841857016672,0.320016170689549,
0.371578387807391,0.424390612938349,0.478388821342617,0.532914388202622,
0.587523258943989,0.642027086704043,0.69589432488625,0.748444342496209,
0.799813167481319,0.851075600878624,0.903342241463291,0.956931588793035,
1.,1.05454044925681),.UNSPECIFIED.);
#239=B_SPLINE_CURVE_WITH_KNOTS('',3,(#1608,#1609,#1610,#1611,#1612,#1613,
#1614,#1615,#1616,#1617,#1618,#1619,#1620,#1621,#1622,#1623,#1624,#1625,
#1626,#1627,#1628,#1629,#1630,#1631,#1632,#1633,#1634,#1635,#1636,#1637,
#1638,#1639,#1640,#1641,#1642,#1643,#1644,#1645,#1646,#1647,#1648,#1649,
#1650,#1651,#1652,#1653,#1654,#1655,#1656,#1657,#1658,#1659,#1660,#1661,
#1662,#1663,#1664,#1665),.UNSPECIFIED.,.T.,.F.,(1,3,3,3,3,3,3,3,3,3,3,3,
3,3,3,3,3,3,3,3,3,1),(-0.0430684112069616,0.,0.0545404492568129,0.109092368388375,
0.163436754928644,0.216839541865947,0.268841857016677,0.320016170689554,
0.371578387807397,0.424390612938354,0.478388821342623,0.532914388202627,
0.587523258943993,0.642027086704047,0.695894324886254,0.748444342496213,
0.799813167481324,0.851075600878628,0.903342241463295,0.956931588793038,
1.,1.05454044925681),.UNSPECIFIED.);
#240=FACE_BOUND('',#325,.T.);
#241=FACE_BOUND('',#326,.T.);
#242=FACE_BOUND('',#327,.T.);
#243=FACE_BOUND('',#328,.T.);
#244=FACE_BOUND('',#329,.T.);
#245=FACE_BOUND('',#330,.T.);
#246=FACE_BOUND('',#331,.T.);
#247=FACE_BOUND('',#332,.T.);
#248=FACE_BOUND('',#333,.T.);
#249=FACE_BOUND('',#334,.T.);
#250=FACE_BOUND('',#335,.T.);
#251=FACE_BOUND('',#336,.T.);
#252=FACE_BOUND('',#337,.T.);
#253=FACE_BOUND('',#338,.T.);
#254=FACE_BOUND('',#339,.T.);
#255=FACE_BOUND('',#340,.T.);
#256=FACE_BOUND('',#341,.T.);
#257=FACE_BOUND('',#342,.T.);
#258=FACE_BOUND('',#343,.T.);
#259=FACE_BOUND('',#344,.T.);
#260=FACE_BOUND('',#345,.T.);
#261=FACE_BOUND('',#346,.T.);
#262=FACE_BOUND('',#347,.T.);
#263=FACE_BOUND('',#348,.T.);
#264=FACE_BOUND('',#349,.T.);
#265=FACE_BOUND('',#350,.T.);
#266=FACE_BOUND('',#351,.T.);
#267=FACE_BOUND('',#352,.T.);
#268=FACE_BOUND('',#353,.T.);
#269=FACE_BOUND('',#354,.T.);
#270=FACE_BOUND('',#355,.T.);
#271=FACE_BOUND('',#356,.T.);
#272=FACE_BOUND('',#357,.T.);
#273=FACE_BOUND('',#358,.T.);
#274=FACE_BOUND('',#359,.T.);
#275=FACE_BOUND('',#360,.T.);
#276=FACE_BOUND('',#361,.T.);
#277=FACE_BOUND('',#362,.T.);
#278=FACE_BOUND('',#363,.T.);
#279=FACE_BOUND('',#364,.T.);
#280=FACE_BOUND('',#365,.T.);
#281=FACE_BOUND('',#366,.T.);
#282=FACE_BOUND('',#367,.T.);
#283=FACE_BOUND('',#368,.T.);
#284=FACE_BOUND('',#369,.T.);
#285=FACE_BOUND('',#370,.T.);
#286=FACE_BOUND('',#371,.T.);
#287=FACE_BOUND('',#372,.T.);
#288=FACE_BOUND('',#373,.T.);
#289=FACE_BOUND('',#374,.T.);
#290=FACE_BOUND('',#375,.T.);
#291=FACE_BOUND('',#376,.T.);
#292=FACE_BOUND('',#377,.T.);
#293=FACE_BOUND('',#378,.T.);
#294=FACE_BOUND('',#379,.T.);
#295=FACE_BOUND('',#380,.T.);
#296=FACE_BOUND('',#381,.T.);
#297=FACE_BOUND('',#382,.T.);
#298=FACE_BOUND('',#383,.T.);
#299=FACE_BOUND('',#384,.T.);
#300=FACE_BOUND('',#385,.T.);
#301=FACE_BOUND('',#386,.T.);
#302=FACE_BOUND('',#387,.T.);
#303=FACE_BOUND('',#388,.T.);
#304=FACE_BOUND('',#389,.T.);
#305=FACE_BOUND('',#390,.T.);
#306=FACE_BOUND('',#391,.T.);
#307=FACE_BOUND('',#392,.T.);
#308=FACE_BOUND('',#393,.T.);
#309=FACE_BOUND('',#394,.T.);
#310=FACE_BOUND('',#395,.T.);
#311=FACE_BOUND('',#396,.T.);
#312=FACE_BOUND('',#397,.T.);
#313=FACE_BOUND('',#398,.T.);
#314=FACE_BOUND('',#399,.T.);
#315=FACE_BOUND('',#400,.T.);
#316=FACE_BOUND('',#401,.T.);
#317=FACE_BOUND('',#402,.T.);
#318=FACE_BOUND('',#403,.T.);
#319=FACE_BOUND('',#404,.T.);
#320=FACE_BOUND('',#405,.T.);
#321=FACE_BOUND('',#406,.T.);
#322=FACE_BOUND('',#407,.T.);
#323=FACE_BOUND('',#408,.T.);
#324=FACE_BOUND('',#115,.T.);
#325=EDGE_LOOP('',(#409));
#326=EDGE_LOOP('',(#410));
#327=EDGE_LOOP('',(#411));
#328=EDGE_LOOP('',(#412));
#329=EDGE_LOOP('',(#413));
#330=EDGE_LOOP('',(#414));
#331=EDGE_LOOP('',(#415));
#332=EDGE_LOOP('',(#416));
#333=EDGE_LOOP('',(#417));
#334=EDGE_LOOP('',(#418));
#335=EDGE_LOOP('',(#419));
#336=EDGE_LOOP('',(#420));
#337=EDGE_LOOP('',(#421));
#338=EDGE_LOOP('',(#422));
#339=EDGE_LOOP('',(#423));
#340=EDGE_LOOP('',(#424));
#341=EDGE_LOOP('',(#425));
#342=EDGE_LOOP('',(#426));
#343=EDGE_LOOP('',(#427));
#344=EDGE_LOOP('',(#428));
#345=EDGE_LOOP('',(#429));
#346=EDGE_LOOP('',(#430));
#347=EDGE_LOOP('',(#431));
#348=EDGE_LOOP('',(#432));
#349=EDGE_LOOP('',(#433));
#350=EDGE_LOOP('',(#434));
#351=EDGE_LOOP('',(#435));
#352=EDGE_LOOP('',(#436));
#353=EDGE_LOOP('',(#437));
#354=EDGE_LOOP('',(#438));
#355=EDGE_LOOP('',(#439));
#356=EDGE_LOOP('',(#440));
#357=EDGE_LOOP('',(#441));
#358=EDGE_LOOP('',(#442));
#359=EDGE_LOOP('',(#443));
#360=EDGE_LOOP('',(#444));
#361=EDGE_LOOP('',(#445));
#362=EDGE_LOOP('',(#446));
#363=EDGE_LOOP('',(#447));
#364=EDGE_LOOP('',(#448));
#365=EDGE_LOOP('',(#449));
#366=EDGE_LOOP('',(#450));
#367=EDGE_LOOP('',(#451));
#368=EDGE_LOOP('',(#452));
#369=EDGE_LOOP('',(#453));
#370=EDGE_LOOP('',(#454));
#371=EDGE_LOOP('',(#455));
#372=EDGE_LOOP('',(#456));
#373=EDGE_LOOP('',(#457));
#374=EDGE_LOOP('',(#458));
#375=EDGE_LOOP('',(#459));
#376=EDGE_LOOP('',(#460));
#377=EDGE_LOOP('',(#461));
#378=EDGE_LOOP('',(#462));
#379=EDGE_LOOP('',(#463));
#380=EDGE_LOOP('',(#464));
#381=EDGE_LOOP('',(#465));
#382=EDGE_LOOP('',(#466));
#383=EDGE_LOOP('',(#467));
#384=EDGE_LOOP('',(#468));
#385=EDGE_LOOP('',(#469));
#386=EDGE_LOOP('',(#470));
#387=EDGE_LOOP('',(#471));
#388=EDGE_LOOP('',(#472));
#389=EDGE_LOOP('',(#473));
#390=EDGE_LOOP('',(#474));
#391=EDGE_LOOP('',(#475));
#392=EDGE_LOOP('',(#476));
#393=EDGE_LOOP('',(#477));
#394=EDGE_LOOP('',(#478));
#395=EDGE_LOOP('',(#479));
#396=EDGE_LOOP('',(#480));
#397=EDGE_LOOP('',(#481));
#398=EDGE_LOOP('',(#482));
#399=EDGE_LOOP('',(#483));
#400=EDGE_LOOP('',(#484));
#401=EDGE_LOOP('',(#485));
#402=EDGE_LOOP('',(#486));
#403=EDGE_LOOP('',(#487));
#404=EDGE_LOOP('',(#488));
#405=EDGE_LOOP('',(#489));
#406=EDGE_LOOP('',(#490));
#407=EDGE_LOOP('',(#491));
#408=EDGE_LOOP('',(#492));
#409=ORIENTED_EDGE('',*,*,#536,.F.);
#410=ORIENTED_EDGE('',*,*,#537,.T.);
#411=ORIENTED_EDGE('',*,*,#538,.F.);
#412=ORIENTED_EDGE('',*,*,#539,.F.);
#413=ORIENTED_EDGE('',*,*,#540,.F.);
#414=ORIENTED_EDGE('',*,*,#541,.F.);
#415=ORIENTED_EDGE('',*,*,#542,.F.);
#416=ORIENTED_EDGE('',*,*,#543,.F.);
#417=ORIENTED_EDGE('',*,*,#544,.F.);
#418=ORIENTED_EDGE('',*,*,#545,.T.);
#419=ORIENTED_EDGE('',*,*,#546,.T.);
#420=ORIENTED_EDGE('',*,*,#547,.T.);
#421=ORIENTED_EDGE('',*,*,#548,.F.);
#422=ORIENTED_EDGE('',*,*,#549,.T.);
#423=ORIENTED_EDGE('',*,*,#550,.T.);
#424=ORIENTED_EDGE('',*,*,#551,.T.);
#425=ORIENTED_EDGE('',*,*,#552,.T.);
#426=ORIENTED_EDGE('',*,*,#553,.T.);
#427=ORIENTED_EDGE('',*,*,#536,.T.);
#428=ORIENTED_EDGE('',*,*,#549,.F.);
#429=ORIENTED_EDGE('',*,*,#537,.F.);
#430=ORIENTED_EDGE('',*,*,#548,.T.);
#431=ORIENTED_EDGE('',*,*,#550,.F.);
#432=ORIENTED_EDGE('',*,*,#538,.T.);
#433=ORIENTED_EDGE('',*,*,#547,.F.);
#434=ORIENTED_EDGE('',*,*,#539,.T.);
#435=ORIENTED_EDGE('',*,*,#551,.F.);
#436=ORIENTED_EDGE('',*,*,#540,.T.);
#437=ORIENTED_EDGE('',*,*,#546,.F.);
#438=ORIENTED_EDGE('',*,*,#541,.T.);
#439=ORIENTED_EDGE('',*,*,#552,.F.);
#440=ORIENTED_EDGE('',*,*,#542,.T.);
#441=ORIENTED_EDGE('',*,*,#545,.F.);
#442=ORIENTED_EDGE('',*,*,#543,.T.);
#443=ORIENTED_EDGE('',*,*,#553,.F.);
#444=ORIENTED_EDGE('',*,*,#544,.T.);
#445=ORIENTED_EDGE('',*,*,#554,.T.);
#446=ORIENTED_EDGE('',*,*,#555,.T.);
#447=ORIENTED_EDGE('',*,*,#556,.T.);
#448=ORIENTED_EDGE('',*,*,#557,.T.);
#449=ORIENTED_EDGE('',*,*,#558,.T.);
#450=ORIENTED_EDGE('',*,*,#559,.T.);
#451=ORIENTED_EDGE('',*,*,#560,.T.);
#452=ORIENTED_EDGE('',*,*,#561,.T.);
#453=ORIENTED_EDGE('',*,*,#562,.T.);
#454=ORIENTED_EDGE('',*,*,#563,.T.);
#455=ORIENTED_EDGE('',*,*,#564,.T.);
#456=ORIENTED_EDGE('',*,*,#565,.T.);
#457=ORIENTED_EDGE('',*,*,#563,.F.);
#458=ORIENTED_EDGE('',*,*,#558,.F.);
#459=ORIENTED_EDGE('',*,*,#555,.F.);
#460=ORIENTED_EDGE('',*,*,#559,.F.);
#461=ORIENTED_EDGE('',*,*,#564,.F.);
#462=ORIENTED_EDGE('',*,*,#556,.F.);
#463=ORIENTED_EDGE('',*,*,#565,.F.);
#464=ORIENTED_EDGE('',*,*,#560,.F.);
#465=ORIENTED_EDGE('',*,*,#554,.F.);
#466=ORIENTED_EDGE('',*,*,#557,.F.);
#467=ORIENTED_EDGE('',*,*,#561,.F.);
#468=ORIENTED_EDGE('',*,*,#562,.F.);
#469=ORIENTED_EDGE('',*,*,#566,.T.);
#470=ORIENTED_EDGE('',*,*,#567,.T.);
#471=ORIENTED_EDGE('',*,*,#568,.T.);
#472=ORIENTED_EDGE('',*,*,#569,.T.);
#473=ORIENTED_EDGE('',*,*,#570,.T.);
#474=ORIENTED_EDGE('',*,*,#571,.T.);
#475=ORIENTED_EDGE('',*,*,#572,.T.);
#476=ORIENTED_EDGE('',*,*,#573,.T.);
#477=ORIENTED_EDGE('',*,*,#574,.T.);
#478=ORIENTED_EDGE('',*,*,#575,.T.);
#479=ORIENTED_EDGE('',*,*,#576,.T.);
#480=ORIENTED_EDGE('',*,*,#577,.T.);
#481=ORIENTED_EDGE('',*,*,#567,.F.);
#482=ORIENTED_EDGE('',*,*,#576,.F.);
#483=ORIENTED_EDGE('',*,*,#571,.F.);
#484=ORIENTED_EDGE('',*,*,#577,.F.);
#485=ORIENTED_EDGE('',*,*,#574,.F.);
#486=ORIENTED_EDGE('',*,*,#566,.F.);
#487=ORIENTED_EDGE('',*,*,#568,.F.);
#488=ORIENTED_EDGE('',*,*,#575,.F.);
#489=ORIENTED_EDGE('',*,*,#572,.F.);
#490=ORIENTED_EDGE('',*,*,#569,.F.);
#491=ORIENTED_EDGE('',*,*,#570,.F.);
#492=ORIENTED_EDGE('',*,*,#573,.F.);
#493=VERTEX_POINT('',#833);
#494=VERTEX_POINT('',#835);
#495=VERTEX_POINT('',#894);
#496=VERTEX_POINT('',#953);
#497=VERTEX_POINT('',#1012);
#498=VERTEX_POINT('',#1071);
#499=VERTEX_POINT('',#1130);
#500=VERTEX_POINT('',#1189);
#501=VERTEX_POINT('',#1248);
#502=VERTEX_POINT('',#1308);
#503=VERTEX_POINT('',#1367);
#504=VERTEX_POINT('',#1426);
#505=VERTEX_POINT('',#1428);
#506=VERTEX_POINT('',#1430);
#507=VERTEX_POINT('',#1489);
#508=VERTEX_POINT('',#1548);
#509=VERTEX_POINT('',#1607);
#510=VERTEX_POINT('',#1666);
#511=VERTEX_POINT('',#1678);
#512=VERTEX_POINT('',#1680);
#513=VERTEX_POINT('',#1683);
#514=VERTEX_POINT('',#1685);
#515=VERTEX_POINT('',#1688);
#516=VERTEX_POINT('',#1690);
#517=VERTEX_POINT('',#1693);
#518=VERTEX_POINT('',#1695);
#519=VERTEX_POINT('',#1698);
#520=VERTEX_POINT('',#1700);
#521=VERTEX_POINT('',#1703);
#522=VERTEX_POINT('',#1705);
#523=VERTEX_POINT('',#1714);
#524=VERTEX_POINT('',#1716);
#525=VERTEX_POINT('',#1719);
#526=VERTEX_POINT('',#1721);
#527=VERTEX_POINT('',#1724);
#528=VERTEX_POINT('',#1726);
#529=VERTEX_POINT('',#1729);
#530=VERTEX_POINT('',#1731);
#531=VERTEX_POINT('',#1734);
#532=VERTEX_POINT('',#1736);
#533=VERTEX_POINT('',#1739);
#534=VERTEX_POINT('',#1741);
#535=VERTEX_POINT('',#1749);
#536=EDGE_CURVE('',#493,#493,#578,.T.);
#537=EDGE_CURVE('',#494,#494,#579,.T.);
#538=EDGE_CURVE('',#495,#495,#226,.T.);
#539=EDGE_CURVE('',#496,#496,#227,.T.);
#540=EDGE_CURVE('',#497,#497,#228,.T.);
#541=EDGE_CURVE('',#498,#498,#229,.T.);
#542=EDGE_CURVE('',#499,#499,#230,.T.);
#543=EDGE_CURVE('',#500,#500,#231,.T.);
#544=EDGE_CURVE('',#501,#501,#232,.T.);
#545=EDGE_CURVE('',#502,#502,#233,.T.);
#546=EDGE_CURVE('',#503,#503,#234,.T.);
#547=EDGE_CURVE('',#504,#504,#235,.T.);
#548=EDGE_CURVE('',#505,#505,#580,.T.);
#549=EDGE_CURVE('',#506,#506,#581,.T.);
#550=EDGE_CURVE('',#507,#507,#236,.T.);
#551=EDGE_CURVE('',#508,#508,#237,.T.);
#552=EDGE_CURVE('',#509,#509,#238,.T.);
#553=EDGE_CURVE('',#510,#510,#239,.T.);
#554=EDGE_CURVE('',#511,#511,#582,.T.);
#555=EDGE_CURVE('',#512,#512,#583,.T.);
#556=EDGE_CURVE('',#513,#513,#584,.T.);
#557=EDGE_CURVE('',#514,#514,#585,.T.);
#558=EDGE_CURVE('',#515,#515,#586,.T.);
#559=EDGE_CURVE('',#516,#516,#587,.T.);
#560=EDGE_CURVE('',#517,#517,#588,.T.);
#561=EDGE_CURVE('',#518,#518,#589,.T.);
#562=EDGE_CURVE('',#519,#519,#590,.T.);
#563=EDGE_CURVE('',#520,#520,#591,.T.);
#564=EDGE_CURVE('',#521,#521,#592,.T.);
#565=EDGE_CURVE('',#522,#522,#593,.T.);
#566=EDGE_CURVE('',#523,#523,#594,.T.);
#567=EDGE_CURVE('',#524,#524,#595,.T.);
#568=EDGE_CURVE('',#525,#525,#596,.T.);
#569=EDGE_CURVE('',#526,#526,#597,.T.);
#570=EDGE_CURVE('',#527,#527,#598,.T.);
#571=EDGE_CURVE('',#528,#528,#599,.T.);
#572=EDGE_CURVE('',#529,#529,#600,.T.);
#573=EDGE_CURVE('',#530,#530,#601,.T.);
#574=EDGE_CURVE('',#531,#531,#602,.T.);
#575=EDGE_CURVE('',#532,#532,#603,.T.);
#576=EDGE_CURVE('',#533,#533,#604,.T.);
#577=EDGE_CURVE('',#534,#534,#605,.T.);
#578=CIRCLE('',#607,8.25);
#579=CIRCLE('',#608,8.25);
#580=CIRCLE('',#610,7.75);
#581=CIRCLE('',#611,7.75);
#582=CIRCLE('',#622,7.);
#583=CIRCLE('',#623,7.);
#584=CIRCLE('',#625,4.4);
#585=CIRCLE('',#626,6.6);
#586=CIRCLE('',#628,6.83928571428571);
#587=CIRCLE('',#629,6.83928571428571);
#588=CIRCLE('',#631,4.4);
#589=CIRCLE('',#632,6.6);
#590=CIRCLE('',#634,7.);
#591=CIRCLE('',#635,7.);
#592=CIRCLE('',#637,4.);
#593=CIRCLE('',#638,4.);
#594=CIRCLE('',#646,9.00000000000001);
#595=CIRCLE('',#647,9.00000000000001);
#596=CIRCLE('',#649,11.);
#597=CIRCLE('',#650,11.);
#598=CIRCLE('',#652,9.00000000000001);
#599=CIRCLE('',#653,9.00000000000001);
#600=CIRCLE('',#655,10.6);
#601=CIRCLE('',#656,9.4);
#602=CIRCLE('',#658,9.4);
#603=CIRCLE('',#659,10.6);
#604=CIRCLE('',#661,9.10975609756097);
#605=CIRCLE('',#662,9.10975609756097);
#606=AXIS2_PLACEMENT_3D('',#831,#681,#682);
#607=AXIS2_PLACEMENT_3D('',#832,#683,#684);
#608=AXIS2_PLACEMENT_3D('',#834,#685,#686);
#609=AXIS2_PLACEMENT_3D('',#1249,#687,#688);
#610=AXIS2_PLACEMENT_3D('',#1427,#689,#690);
#611=AXIS2_PLACEMENT_3D('',#1429,#691,#692);
#612=AXIS2_PLACEMENT_3D('',#1667,#693,#694);
#613=AXIS2_PLACEMENT_3D('',#1668,#695,#696);
#614=AXIS2_PLACEMENT_3D('',#1669,#697,#698);
#615=AXIS2_PLACEMENT_3D('',#1670,#699,#700);
#616=AXIS2_PLACEMENT_3D('',#1671,#701,#702);
#617=AXIS2_PLACEMENT_3D('',#1672,#703,#704);
#618=AXIS2_PLACEMENT_3D('',#1673,#705,#706);
#619=AXIS2_PLACEMENT_3D('',#1674,#707,#708);
#620=AXIS2_PLACEMENT_3D('',#1675,#709,#710);
#621=AXIS2_PLACEMENT_3D('',#1676,#711,#712);
#622=AXIS2_PLACEMENT_3D('',#1677,#713,#714);
#623=AXIS2_PLACEMENT_3D('',#1679,#715,#716);
#624=AXIS2_PLACEMENT_3D('',#1681,#717,#718);
#625=AXIS2_PLACEMENT_3D('',#1682,#719,#720);
#626=AXIS2_PLACEMENT_3D('',#1684,#721,#722);
#627=AXIS2_PLACEMENT_3D('',#1686,#723,#724);
#628=AXIS2_PLACEMENT_3D('',#1687,#725,#726);
#629=AXIS2_PLACEMENT_3D('',#1689,#727,#728);
#630=AXIS2_PLACEMENT_3D('',#1691,#729,#730);
#631=AXIS2_PLACEMENT_3D('',#1692,#731,#732);
#632=AXIS2_PLACEMENT_3D('',#1694,#733,#734);
#633=AXIS2_PLACEMENT_3D('',#1696,#735,#736);
#634=AXIS2_PLACEMENT_3D('',#1697,#737,#738);
#635=AXIS2_PLACEMENT_3D('',#1699,#739,#740);
#636=AXIS2_PLACEMENT_3D('',#1701,#741,#742);
#637=AXIS2_PLACEMENT_3D('',#1702,#743,#744);
#638=AXIS2_PLACEMENT_3D('',#1704,#745,#746);
#639=AXIS2_PLACEMENT_3D('',#1706,#747,#748);
#640=AXIS2_PLACEMENT_3D('',#1707,#749,#750);
#641=AXIS2_PLACEMENT_3D('',#1708,#751,#752);
#642=AXIS2_PLACEMENT_3D('',#1709,#753,#754);
#643=AXIS2_PLACEMENT_3D('',#1710,#755,#756);
#644=AXIS2_PLACEMENT_3D('',#1711,#757,#758);
#645=AXIS2_PLACEMENT_3D('',#1712,#759,#760);
#646=AXIS2_PLACEMENT_3D('',#1713,#761,#762);
#647=AXIS2_PLACEMENT_3D('',#1715,#763,#764);
#648=AXIS2_PLACEMENT_3D('',#1717,#765,#766);
#649=AXIS2_PLACEMENT_3D('',#1718,#767,#768);
#650=AXIS2_PLACEMENT_3D('',#1720,#769,#770);
#651=AXIS2_PLACEMENT_3D('',#1722,#771,#772);
#652=AXIS2_PLACEMENT_3D('',#1723,#773,#774);
#653=AXIS2_PLACEMENT_3D('',#1725,#775,#776);
#654=AXIS2_PLACEMENT_3D('',#1727,#777,#778);
#655=AXIS2_PLACEMENT_3D('',#1728,#779,#780);
#656=AXIS2_PLACEMENT_3D('',#1730,#781,#782);
#657=AXIS2_PLACEMENT_3D('',#1732,#783,#784);
#658=AXIS2_PLACEMENT_3D('',#1733,#785,#786);
#659=AXIS2_PLACEMENT_3D('',#1735,#787,#788);
#660=AXIS2_PLACEMENT_3D('',#1737,#789,#790);
#661=AXIS2_PLACEMENT_3D('',#1738,#791,#792);
#662=AXIS2_PLACEMENT_3D('',#1740,#793,#794);
#663=AXIS2_PLACEMENT_3D('',#1742,#795,#796);
#664=AXIS2_PLACEMENT_3D('',#1743,#797,#798);
#665=AXIS2_PLACEMENT_3D('',#1744,#799,#800);
#666=AXIS2_PLACEMENT_3D('',#1745,#801,#802);
#667=AXIS2_PLACEMENT_3D('',#1746,#803,#804);
#668=AXIS2_PLACEMENT_3D('',#1747,#805,#806);
#669=AXIS2_PLACEMENT_3D('',#1748,#807,#808);
#670=AXIS2_PLACEMENT_3D('',#1750,#809,#810);
#671=AXIS2_PLACEMENT_3D('',#1751,#811,#812);
#672=AXIS2_PLACEMENT_3D('',#1752,#813,#814);
#673=AXIS2_PLACEMENT_3D('',#1753,#815,#816);
#674=AXIS2_PLACEMENT_3D('',#1754,#817,#818);
#675=AXIS2_PLACEMENT_3D('',#1755,#819,#820);
#676=AXIS2_PLACEMENT_3D('',#1756,#821,#822);
#677=AXIS2_PLACEMENT_3D('',#1757,#823,#824);
#678=AXIS2_PLACEMENT_3D('',#1758,#825,#826);
#679=AXIS2_PLACEMENT_3D('',#1759,#827,#828);
#680=AXIS2_PLACEMENT_3D('',#1760,#829,#830);
#681=DIRECTION('',(0.,0.,1.));
#682=DIRECTION('',(1.,0.,0.));
#683=DIRECTION('',(1.,0.,0.));
#684=DIRECTION('',(0.,1.,-6.12323399573677E-17));
#685=DIRECTION('',(1.,0.,0.));
#686=DIRECTION('',(0.,1.,-6.12323399573677E-17));
#687=DIRECTION('',(-1.,0.,0.));
#688=DIRECTION('',(0.,0.,1.));
#689=DIRECTION('',(1.,0.,0.));
#690=DIRECTION('',(0.,1.,-6.12323399573677E-17));
#691=DIRECTION('',(1.,0.,0.));
#692=DIRECTION('',(0.,1.,-6.12323399573677E-17));
#693=DIRECTION('',(-1.,0.,0.));
#694=DIRECTION('',(0.,0.,1.));
#695=DIRECTION('',(1.,0.,0.));
#696=DIRECTION('',(0.,0.,-1.));
#697=DIRECTION('',(1.,0.,0.));
#698=DIRECTION('',(0.,0.,-1.));
#699=DIRECTION('',(-1.,0.,0.));
#700=DIRECTION('',(0.,0.,1.));
#701=DIRECTION('',(-1.,0.,0.));
#702=DIRECTION('',(0.,-0.781847027867715,0.623470308045556));
#703=DIRECTION('',(-1.,0.,0.));
#704=DIRECTION('',(0.,-0.974916814618374,-0.222569549971159));
#705=DIRECTION('',(-1.,0.,0.));
#706=DIRECTION('',(0.,-0.433816345590104,-0.901001319809715));
#707=DIRECTION('',(-1.,0.,0.));
#708=DIRECTION('',(0.,0.433973593377855,-0.900925590851271));
#709=DIRECTION('',(-1.,0.,0.));
#710=DIRECTION('',(0.,0.974955645483959,-0.222399391498619));
#711=DIRECTION('',(-1.,0.,0.));
#712=DIRECTION('',(0.,0.781738199863422,0.623606756597696));
#713=DIRECTION('',(1.,0.,0.));
#714=DIRECTION('',(0.,0.,-1.));
#715=DIRECTION('',(-1.,0.,0.));
#716=DIRECTION('',(0.,0.,1.));
#717=DIRECTION('',(-1.,0.,0.));
#718=DIRECTION('',(0.,0.,1.));
#719=DIRECTION('',(1.,0.,0.));
#720=DIRECTION('',(0.,0.,-1.));
#721=DIRECTION('',(-1.,0.,0.));
#722=DIRECTION('',(0.,0.,-1.));
#723=DIRECTION('',(1.,0.,0.));
#724=DIRECTION('',(0.,0.,-1.));
#725=DIRECTION('',(-1.,0.,0.));
#726=DIRECTION('',(0.,0.,1.));
#727=DIRECTION('',(1.,0.,0.));
#728=DIRECTION('',(0.,0.,-1.));
#729=DIRECTION('',(-1.,0.,0.));
#730=DIRECTION('',(0.,0.,1.));
#731=DIRECTION('',(-1.,0.,0.));
#732=DIRECTION('',(0.,0.,-1.));
#733=DIRECTION('',(1.,0.,0.));
#734=DIRECTION('',(0.,0.,-1.));
#735=DIRECTION('',(1.,0.,0.));
#736=DIRECTION('',(0.,0.,-1.));
#737=DIRECTION('',(-1.,0.,0.));
#738=DIRECTION('',(0.,0.,-1.));
#739=DIRECTION('',(1.,0.,0.));
#740=DIRECTION('',(0.,0.,-1.));
#741=DIRECTION('',(-1.,0.,0.));
#742=DIRECTION('',(0.,0.,1.));
#743=DIRECTION('',(-1.,0.,0.));
#744=DIRECTION('',(0.,0.,-1.));
#745=DIRECTION('',(1.,0.,0.));
#746=DIRECTION('',(0.,0.,-1.));
#747=DIRECTION('',(-1.,0.,0.));
#748=DIRECTION('',(0.,0.,1.));
#749=DIRECTION('',(1.,0.,0.));
#750=DIRECTION('',(0.,0.,-1.));
#751=DIRECTION('',(-1.,0.,0.));
#752=DIRECTION('',(0.,0.,1.));
#753=DIRECTION('',(1.,0.,0.));
#754=DIRECTION('',(0.,0.,-1.));
#755=DIRECTION('',(1.,0.,0.));
#756=DIRECTION('',(0.,0.,-1.));
#757=DIRECTION('',(1.,0.,0.));
#758=DIRECTION('',(0.,0.,-1.));
#759=DIRECTION('',(1.,0.,0.));
#760=DIRECTION('',(0.,0.,-1.));
#761=DIRECTION('',(-1.,0.,0.));
#762=DIRECTION('',(0.,0.,-1.));
#763=DIRECTION('',(1.,0.,0.));
#764=DIRECTION('',(0.,0.,-1.));
#765=DIRECTION('',(-1.,0.,0.));
#766=DIRECTION('',(0.,0.,1.));
#767=DIRECTION('',(1.,0.,0.));
#768=DIRECTION('',(0.,0.,-1.));
#769=DIRECTION('',(-1.,0.,0.));
#770=DIRECTION('',(0.,0.,-1.));
#771=DIRECTION('',(-1.,0.,0.));
#772=DIRECTION('',(0.,0.,1.));
#773=DIRECTION('',(1.,0.,0.));
#774=DIRECTION('',(0.,0.,-1.));
#775=DIRECTION('',(-1.,0.,0.));
#776=DIRECTION('',(0.,0.,1.));
#777=DIRECTION('',(-1.,0.,0.));
#778=DIRECTION('',(0.,0.,1.));
#779=DIRECTION('',(1.,0.,0.));
#780=DIRECTION('',(0.,0.,-1.));
#781=DIRECTION('',(-1.,0.,0.));
#782=DIRECTION('',(0.,0.,-1.));
#783=DIRECTION('',(1.,0.,0.));
#784=DIRECTION('',(0.,0.,-1.));
#785=DIRECTION('',(1.,0.,0.));
#786=DIRECTION('',(0.,0.,-1.));
#787=DIRECTION('',(-1.,0.,0.));
#788=DIRECTION('',(0.,0.,-1.));
#789=DIRECTION('',(1.,0.,0.));
#790=DIRECTION('',(0.,0.,-1.));
#791=DIRECTION('',(-1.,0.,0.));
#792=DIRECTION('',(0.,0.,-1.));
#793=DIRECTION('',(1.,0.,0.));
#794=DIRECTION('',(0.,0.,1.));
#795=DIRECTION('',(-1.,0.,0.));
#796=DIRECTION('',(0.,0.,1.));
#797=DIRECTION('',(1.,0.,0.));
#798=DIRECTION('',(0.,0.,-1.));
#799=DIRECTION('',(-1.,0.,0.));
#800=DIRECTION('',(0.,0.,1.));
#801=DIRECTION('',(1.,0.,0.));
#802=DIRECTION('',(0.,0.,-1.));
#803=DIRECTION('',(1.,0.,0.));
#804=DIRECTION('',(0.,0.,-1.));
#805=DIRECTION('',(1.,0.,0.));
#806=DIRECTION('',(0.,0.,-1.));
#807=DIRECTION('',(1.,0.,0.));
#808=DIRECTION('',(0.,0.,-1.));
#809=DIRECTION('',(-1.,0.,-6.12323399573677E-17));
#810=DIRECTION('',(0.,0.,-1.));
#811=DIRECTION('',(0.,0.,1.));
#812=DIRECTION('',(1.,0.,0.));
#813=DIRECTION('',(0.,0.,1.));
#814=DIRECTION('',(1.,0.,0.));
#815=DIRECTION('',(0.,0.,1.));
#816=DIRECTION('',(1.,0.,0.));
#817=DIRECTION('',(0.,0.,1.));
#818=DIRECTION('',(1.,0.,0.));
#819=DIRECTION('',(0.,-0.781847027867715,0.623470308045556));
#820=DIRECTION('',(1.,0.,0.));
#821=DIRECTION('',(0.,-0.974916814618373,-0.222569549971159));
#822=DIRECTION('',(1.,0.,0.));
#823=DIRECTION('',(0.,-0.433816345590104,-0.901001319809715));
#824=DIRECTION('',(1.,0.,0.));
#825=DIRECTION('',(0.,0.433973593377855,-0.900925590851271));
#826=DIRECTION('',(1.,0.,0.));
#827=DIRECTION('',(0.,0.97495564548396,-0.222399391498618));
#828=DIRECTION('',(1.,0.,0.));
#829=DIRECTION('',(0.,0.781738199863421,0.623606756597696));
#830=DIRECTION('',(1.,0.,0.));
#831=CARTESIAN_POINT('',(0.,0.,0.));
#832=CARTESIAN_POINT('',(2.75,0.,0.));
#833=CARTESIAN_POINT('',(2.75,8.25,-5.05166804648283E-16));
#834=CARTESIAN_POINT('',(-2.75,0.,0.));
#835=CARTESIAN_POINT('',(-2.75,8.25,-5.05166804648283E-16));
#836=CARTESIAN_POINT('',(-8.75791027790698E-13,1.79926579400069,8.05140625));
#837=CARTESIAN_POINT('',(-0.19660093007951,1.79926579400069,8.05140625));
#838=CARTESIAN_POINT('',(-0.395909010704001,1.76590505062748,8.05905364611542));
#839=CARTESIAN_POINT('',(-0.581342575383784,1.70199306632358,8.07252869937212));
#840=CARTESIAN_POINT('',(-0.766708671054521,1.63810433605276,8.08599884980288));
#841=CARTESIAN_POINT('',(-0.943291159893881,1.54197494264683,8.10554083639903));
#842=CARTESIAN_POINT('',(-1.09705991468306,1.4214165514075,8.12662752852527));
#843=CARTESIAN_POINT('',(-1.25230154121725,1.29970339339955,8.14791619922038));
#844=CARTESIAN_POINT('',(-1.38854009569556,1.14978918182143,8.17119726327662));
#845=CARTESIAN_POINT('',(-1.49525178637817,0.983710673973815,8.19114236904169));
#846=CARTESIAN_POINT('',(-1.60332054587297,0.815520120464358,8.21134111975248));
#847=CARTESIAN_POINT('',(-1.684080218109,0.626118991086369,8.22852513335245));
#848=CARTESIAN_POINT('',(-1.73124002500932,0.431063341155529,8.23873075151214));
#849=CARTESIAN_POINT('',(-1.778505760834,0.235569563154507,8.24895929322104));
#850=CARTESIAN_POINT('',(-1.79332577317485,0.0289971622468494,8.25238527281543));
#851=CARTESIAN_POINT('',(-1.77453844536621,-0.171467696410406,8.24821791838017));
#852=CARTESIAN_POINT('',(-1.75579759452582,-0.371436635745611,8.24406087334077));
#853=CARTESIAN_POINT('',(-1.70310310279235,-0.570831565247323,8.23226541410398));
#854=CARTESIAN_POINT('',(-1.62055885358435,-0.753212850121349,8.21554443737067));
#855=CARTESIAN_POINT('',(-1.53791583226201,-0.935812371702318,8.19880345238431));
#856=CARTESIAN_POINT('',(-1.42305466034246,-1.1063977805735,8.17678263391199));
#857=CARTESIAN_POINT('',(-1.28498792383248,-1.25096085458669,8.15460587277471));
#858=CARTESIAN_POINT('',(-1.14672304994067,-1.39573138877254,8.13239728611956));
#859=CARTESIAN_POINT('',(-0.981282696530678,-1.51843495407531,8.10958313726929));
#860=CARTESIAN_POINT('',(-0.802158342514005,-1.60877199561047,8.09162237540405));
#861=CARTESIAN_POINT('',(-0.624463799361021,-1.69838794657093,8.07380498037788));
#862=CARTESIAN_POINT('',(-0.42828264988482,-1.75864931143084,8.06041854111018));
#863=CARTESIAN_POINT('',(-0.230218593505526,-1.7843781139359,8.05471878754973));
#864=CARTESIAN_POINT('',(-0.0351683306037501,-1.80971542038361,8.04910576290121));
#865=CARTESIAN_POINT('',(0.167118742256518,-1.80227779997211,8.05083451500786));
#866=CARTESIAN_POINT('',(0.359671160801704,-1.76269606636943,8.05949145899453));
#867=CARTESIAN_POINT('',(0.550889994283148,-1.72338846907274,8.06808844647021));
#868=CARTESIAN_POINT('',(0.73772502642823,-1.65134642819205,8.08366837607909));
#869=CARTESIAN_POINT('',(0.905189044512945,-1.55245051660076,8.10261670039414));
#870=CARTESIAN_POINT('',(1.07419769242458,-1.45264242353578,8.12173979745884));
#871=CARTESIAN_POINT('',(1.22807737514733,-1.32279634058024,8.14466192778445));
#872=CARTESIAN_POINT('',(1.35489691148769,-1.17330803393505,8.16614035254743));
#873=CARTESIAN_POINT('',(1.48360488631615,-1.02159373372503,8.1879386072448));
#874=CARTESIAN_POINT('',(1.58797229416848,-0.845489296357294,8.20868631550496));
#875=CARTESIAN_POINT('',(1.6599094818214,-0.659316294595253,8.22361246799004));
#876=CARTESIAN_POINT('',(1.73231253561345,-0.471937634113813,8.23863528242782));
#877=CARTESIAN_POINT('',(1.77386117710546,-0.269182647372175,8.24806425834373));
#878=CARTESIAN_POINT('',(1.78130040706125,-0.067885445138879,8.24972069626229));
#879=CARTESIAN_POINT('',(1.78872534574947,0.133025051454556,8.25137395205075));
#880=CARTESIAN_POINT('',(1.76238033598944,0.338018831055337,8.24531961148753));
#881=CARTESIAN_POINT('',(1.70432290854283,0.530110590561673,8.23295103603649));
#882=CARTESIAN_POINT('',(1.64630193650489,0.722081731847323,8.22059022705897));
#883=CARTESIAN_POINT('',(1.55500549021607,0.906453869210003,8.201671639735));
#884=CARTESIAN_POINT('',(1.43754980137061,1.06810422547657,8.18056558946379));
#885=CARTESIAN_POINT('',(1.31979693708813,1.23016357440872,8.15940613863128));
#886=CARTESIAN_POINT('',(1.17244639185342,1.3738829747121,8.13561608314907));
#887=CARTESIAN_POINT('',(1.00730036136844,1.48733380965369,8.11482212612581));
#888=CARTESIAN_POINT('',(0.842734466003043,1.60038610753385,8.094101215392));
#889=CARTESIAN_POINT('',(0.655837020285467,1.68653550427161,8.07594674298091));
#890=CARTESIAN_POINT('',(0.462254196971176,1.73842660082059,8.06476118391359));
#891=CARTESIAN_POINT('',(0.312312031106272,1.77861954393635,8.05609725947934));
#892=CARTESIAN_POINT('',(0.155477295342977,1.79926579400396,8.05140625));
#893=CARTESIAN_POINT('',(-8.75791027790698E-13,1.79926579400069,8.05140625));
#894=CARTESIAN_POINT('',(-8.75791027790698E-13,1.79926579400069,8.05140625));
#895=CARTESIAN_POINT('',(1.78255434699759,-6.45023797990811,5.14363004137652));
#896=CARTESIAN_POINT('',(1.78255434699759,-6.32481770179346,5.30091014022465));
#897=CARTESIAN_POINT('',(1.7486215835274,-6.19160635985597,5.45552244734277));
#898=CARTESIAN_POINT('',(1.68340818930266,-6.06253921155122,5.59536578861507));
#899=CARTESIAN_POINT('',(1.61819979670404,-5.93348196221936,5.73519840442033));
#900=CARTESIAN_POINT('',(1.51990808287125,-5.80508340902809,5.86418522836046));
#901=CARTESIAN_POINT('',(1.39621778325492,-5.69022777237324,5.9735925454045));
#902=CARTESIAN_POINT('',(1.27233765498185,-5.57519586570133,6.08316777087868));
#903=CARTESIAN_POINT('',(1.11949672181986,-5.47067667391107,6.17624904098858));
#904=CARTESIAN_POINT('',(0.949997845764103,-5.38822443576846,6.24736243784428));
#905=CARTESIAN_POINT('',(0.781305334456834,-5.30616445142611,6.31813752368751));
#906=CARTESIAN_POINT('',(0.59133682980765,-5.24380291881002,6.36923046950377));
#907=CARTESIAN_POINT('',(0.396056794469008,-5.20855511949198,6.39792572379626));
#908=CARTESIAN_POINT('',(0.203601185079278,-5.17381712548437,6.42620594528371));
#909=CARTESIAN_POINT('',(0.000615602866893973,-5.16450902734678,6.43357113911476));
#910=CARTESIAN_POINT('',(-0.195737561466764,-5.1817531289101,6.41965221106489));
#911=CARTESIAN_POINT('',(-0.389967909900951,-5.19881080081698,6.40588376351208));
#912=CARTESIAN_POINT('',(-0.583025278480113,-5.24225365664012,6.37090581917441));
#913=CARTESIAN_POINT('',(-0.759211558379098,-5.30705861180408,6.31645698876167));
#914=CARTESIAN_POINT('',(-0.936286225392731,-5.37219033411,6.26173361007323));
#915=CARTESIAN_POINT('',(-1.10113551413852,-5.46054018281141,6.18579498445088));
#916=CARTESIAN_POINT('',(-1.24089798895878,-5.56249393453105,6.0927137819124));
#917=CARTESIAN_POINT('',(-1.38275668127407,-5.66597683231306,5.99823650760665));
#918=CARTESIAN_POINT('',(-1.5026532534116,-5.78617107233456,5.88341918817942));
#919=CARTESIAN_POINT('',(-1.59131853365116,-5.91076627116525,5.75546193521035));
#920=CARTESIAN_POINT('',(-1.68083499707161,-6.03655757897319,5.62627629767737));
#921=CARTESIAN_POINT('',(-1.7409847203106,-6.17020392004782,5.48004826399348));
#922=CARTESIAN_POINT('',(-1.76706514624173,-6.29910893216471,5.32763800015756));
#923=CARTESIAN_POINT('',(-1.79313385185686,-6.42795601549318,5.17529622816522));
#924=CARTESIAN_POINT('',(-1.78588552701621,-6.55558783600565,5.01254999405917));
#925=CARTESIAN_POINT('',(-1.74588746130515,-6.67159325594911,4.85307566674726));
#926=CARTESIAN_POINT('',(-1.70596052794504,-6.78739237246022,4.6938849477453));
#927=CARTESIAN_POINT('',(-1.63230160648117,-6.89484297559323,4.5336134821595));
#928=CARTESIAN_POINT('',(-1.53064327331099,-6.98696063912486,4.38689879383146));
#929=CARTESIAN_POINT('',(-1.42875354059654,-7.0792879852737,4.23985014653559));
#930=CARTESIAN_POINT('',(-1.29588956104683,-7.15887767012047,4.10243767654351));
#931=CARTESIAN_POINT('',(-1.14257688877914,-7.22195318345874,3.98821917852193));
#932=CARTESIAN_POINT('',(-0.989384483382205,-7.28497921690407,3.87409027975616));
#933=CARTESIAN_POINT('',(-0.811438980173562,-7.33340956940115,3.7800445813896));
#934=CARTESIAN_POINT('',(-0.623469169780037,-7.36568072878939,3.71607957416692));
#935=CARTESIAN_POINT('',(-0.437655493536404,-7.39758171730461,3.65284828655689));
#936=CARTESIAN_POINT('',(-0.23682060631568,-7.4146778130091,3.61732936024601));
#937=CARTESIAN_POINT('',(-0.0380146208600298,-7.41657544751023,3.61343446479779));
#938=CARTESIAN_POINT('',(0.157937941469289,-7.41844584563736,3.60959547201628));
#939=CARTESIAN_POINT('',(0.35731938426555,-7.40561578825729,3.63635327560239));
#940=CARTESIAN_POINT('',(0.543612955459689,-7.37836510039641,3.6908303192171));
#941=CARTESIAN_POINT('',(0.729604289463529,-7.35115862324705,3.74521898088448));
#942=CARTESIAN_POINT('',(0.90761209850402,-7.30877363601942,3.82861587004774));
#943=CARTESIAN_POINT('',(1.06355937256643,-7.25243067343845,3.93252454880693));
#944=CARTESIAN_POINT('',(1.22150992519677,-7.1953639364275,4.03776802505092));
#945=CARTESIAN_POINT('',(1.36113843554096,-7.1223095600413,4.1668061639713));
#946=CARTESIAN_POINT('',(1.47165586256679,-7.03641724977605,4.30712575705123));
#947=CARTESIAN_POINT('',(1.58363626412204,-6.94938793998436,4.44930283085776));
#948=CARTESIAN_POINT('',(1.66880966002278,-6.84666389407881,4.60688015343092));
#949=CARTESIAN_POINT('',(1.72054750742019,-6.73458501882084,4.76527697246171));
#950=CARTESIAN_POINT('',(1.76154027858235,-6.64578303117202,4.89077745000318));
#951=CARTESIAN_POINT('',(1.78255434700089,-6.54943947317734,5.01922894051923));
#952=CARTESIAN_POINT('',(1.78255434699759,-6.45023797990811,5.14363004137652));
#953=CARTESIAN_POINT('',(1.78255434699759,-6.45023797990811,5.14363004137652));
#954=CARTESIAN_POINT('',(9.20478115529563E-16,-7.44898955639923,-3.54613234223643));
#955=CARTESIAN_POINT('',(0.196600930078916,-7.44898955639923,-3.54613234223643));
#956=CARTESIAN_POINT('',(0.395909010703716,-7.46387021709944,-3.51531047008567));
#957=CARTESIAN_POINT('',(0.581342575383765,-7.49123213468159,-3.45600073847127));
#958=CARTESIAN_POINT('',(0.766708671054497,-7.51858409677658,-3.39671258638505));
#959=CARTESIAN_POINT('',(0.943291159893852,-7.55903138392957,-3.3073438755368));
#960=CARTESIAN_POINT('',(1.09705991468303,-7.60642178153151,-3.19450272835116));
#961=CARTESIAN_POINT('',(1.25230154121722,-7.65426610735644,-3.08058073390501));
#962=CARTESIAN_POINT('',(1.38854009569553,-7.71032954677229,-2.93960850423709));
#963=CARTESIAN_POINT('',(1.49525178637815,-7.76673838450353,-2.78213494760398));
#964=CARTESIAN_POINT('',(1.60332054587295,-7.82386458200976,-2.62265877578332));
#965=CARTESIAN_POINT('',(1.68408021810899,-7.8827724899407,-2.44183306821866));
#966=CARTESIAN_POINT('',(1.73124002500931,-7.9361355669126,-2.25394149515575));
#967=CARTESIAN_POINT('',(1.77850576083399,-7.98961850640548,-2.06562788575429));
#968=CARTESIAN_POINT('',(1.79332577317485,-8.03893527782507,-1.86499949740987));
#969=CARTESIAN_POINT('',(1.77453844536621,-8.07948982729003,-1.66863540976358));
#970=CARTESIAN_POINT('',(1.75579759452583,-8.11994405101805,-1.47275709676066));
#971=CARTESIAN_POINT('',(1.70310310279236,-8.15282369919767,-1.27573831718576));
#972=CARTESIAN_POINT('',(1.62055885358437,-8.1771146583211,-1.09421015562376));
#973=CARTESIAN_POINT('',(1.53791583226203,-8.20143468390785,-0.912464778198708));
#974=CARTESIAN_POINT('',(1.42305466034248,-8.21793333539164,-0.741257031104266));
#975=CARTESIAN_POINT('',(1.28498792383251,-8.22848817639069,-0.595384187729739));
#976=CARTESIAN_POINT('',(1.14672304994071,-8.23905816447451,-0.449302004553328));
#977=CARTESIAN_POINT('',(0.981282696530713,-8.24412634445847,-0.324598500683451));
#978=CARTESIAN_POINT('',(0.802158342514041,-8.2467223703929,-0.232529881222455));
#979=CARTESIAN_POINT('',(0.62446379936106,-8.24929767426469,-0.141196174180449));
#980=CARTESIAN_POINT('',(0.428282649884859,-8.24965935439227,-0.0794669425431414));
#981=CARTESIAN_POINT('',(0.230218593505566,-8.24982901680185,-0.0531149087760656));
#982=CARTESIAN_POINT('',(0.0351683306037902,-8.24999609758469,-0.0271638543130512));
#983=CARTESIAN_POINT('',(-0.167118742256478,-8.25002609925392,-0.0347996830913563));
#984=CARTESIAN_POINT('',(-0.359671160801665,-8.24965621087471,-0.0753153528595855));
#985=CARTESIAN_POINT('',(-0.55088999428311,-8.24928888427904,-0.115550418039939));
#986=CARTESIAN_POINT('',(-0.737725026428194,-8.24844365500749,-0.189253032975572));
#987=CARTESIAN_POINT('',(-0.905189044512911,-8.24490547645422,-0.289885640098444));
#988=CARTESIAN_POINT('',(-1.07419769242455,-8.24133466297321,-0.391446447370222));
#989=CARTESIAN_POINT('',(-1.2280773751473,-8.2347820490056,-0.523137345186863));
#990=CARTESIAN_POINT('',(-1.35489691148767,-8.22245018132257,-0.673656452257673));
#991=CARTESIAN_POINT('',(-1.48360488631612,-8.20993468283443,-0.826416902288624));
#992=CARTESIAN_POINT('',(-1.58797229416847,-8.1909664871092,-1.00272188749773));
#993=CARTESIAN_POINT('',(-1.65990948182139,-8.16408180292551,-1.18754718438493));
#994=CARTESIAN_POINT('',(-1.73231253561344,-8.13702301318624,-1.37356941223767));
#995=CARTESIAN_POINT('',(-1.77386117710545,-8.1010883941978,-1.57333726098611));
#996=CARTESIAN_POINT('',(-1.78130040706125,-8.05790065566546,-1.76995396082107));
#997=CARTESIAN_POINT('',(-1.78872534574947,-8.01479588372122,-1.96619294658016));
#998=CARTESIAN_POINT('',(-1.76238033598944,-7.96326803203208,-2.16469731735061));
#999=CARTESIAN_POINT('',(-1.70432290854284,-7.90845592338549,-2.34921793537105));
#1000=CARTESIAN_POINT('',(-1.64630193650491,-7.85367823234762,-2.5336226892405));
#1001=CARTESIAN_POINT('',(-1.55500549021609,-7.79419855981662,-2.70915948463572));
#1002=CARTESIAN_POINT('',(-1.43754980137064,-7.73764346947011,-2.86205757093852));
#1003=CARTESIAN_POINT('',(-1.31979693708815,-7.68094528870496,-3.01534250572915));
#1004=CARTESIAN_POINT('',(-1.17244639185345,-7.625764401347,-3.15016202372933));
#1005=CARTESIAN_POINT('',(-1.00730036136847,-7.58024132172577,-3.2561390486896));
#1006=CARTESIAN_POINT('',(-0.842734466003079,-7.53487815837478,-3.36174379104719));
#1007=CARTESIAN_POINT('',(-0.655837020285505,-7.49800482549847,-3.44169165374157));
#1008=CARTESIAN_POINT('',(-0.462254196971215,-7.47555045787641,-3.48979159144837));
#1009=CARTESIAN_POINT('',(-0.312312031106436,-7.4581581270036,-3.52704804175858));
#1010=CARTESIAN_POINT('',(-0.155477295342849,-7.44898955639923,-3.54613234223644));
#1011=CARTESIAN_POINT('',(9.20478115529563E-16,-7.44898955639923,-3.54613234223643));
#1012=CARTESIAN_POINT('',(9.20478115529563E-16,-7.44898955639923,-3.54613234223643));
#1013=CARTESIAN_POINT('',(-4.70091932187553E-17,-5.11397249131942,-6.47377674607553));
#1014=CARTESIAN_POINT('',(-0.196600930078915,-5.11397249131942,-6.47377674607553));
#1015=CARTESIAN_POINT('',(-0.395909010703716,-5.08723198294647,-6.49513949584491));
#1016=CARTESIAN_POINT('',(-0.581342575383765,-5.03549289909738,-6.53500660008388));
#1017=CARTESIAN_POINT('',(-0.766708671054497,-4.98377264023683,-6.57485919889051));
#1018=CARTESIAN_POINT('',(-0.943291159893852,-4.9056375631163,-6.6341690567565));
#1019=CARTESIAN_POINT('',(-1.09705991468303,-4.80616204521432,-6.70546839491033));
#1020=CARTESIAN_POINT('',(-1.25230154121722,-4.70573370253438,-6.77745067272085));
#1021=CARTESIAN_POINT('',(-1.38854009569553,-4.58076050617458,-6.86346217758094));
#1022=CARTESIAN_POINT('',(-1.49525178637815,-4.43977606430727,-6.95348031555452));
#1023=CARTESIAN_POINT('',(-1.60332054587295,-4.29699870183457,-7.04464322788969));
#1024=CARTESIAN_POINT('',(-1.68408021810899,-4.13380274027406,-7.14229135262029));
#1025=CARTESIAN_POINT('',(-1.73124002500931,-3.96248470622456,-7.23610495729135));
#1026=CARTESIAN_POINT('',(-1.77850576083399,-3.79078186281592,-7.33012928322881));
#1027=CARTESIAN_POINT('',(-1.79332577317485,-3.60614610290957,-7.42283057942653));
#1028=CARTESIAN_POINT('',(-1.77453844536621,-3.42371913421203,-7.50604071998217));
#1029=CARTESIAN_POINT('',(-1.75579759452583,-3.24174346186262,-7.5890450114091));
#1030=CARTESIAN_POINT('',(-1.70310310279236,-3.05697130419754,-7.66491806671461));
#1031=CARTESIAN_POINT('',(-1.62055885358437,-2.88539169279631,-7.72897242711747));
#1032=CARTESIAN_POINT('',(-1.53791583226203,-2.71360676992687,-7.7931034347086));
#1033=CARTESIAN_POINT('',(-1.42305466034248,-2.5503561003971,-7.84726538688925));
#1034=CARTESIAN_POINT('',(-1.28498792383251,-2.41048393844186,-7.88999792031112));
#1035=CARTESIAN_POINT('',(-1.14672304994071,-2.27041104816738,-7.93279177851336));
#1036=CARTESIAN_POINT('',(-0.981282696530714,-2.14995782320225,-7.96546701257946));
#1037=CARTESIAN_POINT('',(-0.802158342514042,-2.06077235747497,-7.9884740276643));
#1038=CARTESIAN_POINT('',(-0.62446379936106,-1.9722987901854,-8.0112973955824));
#1039=CARTESIAN_POINT('',(-0.42828264988486,-1.91219596474951,-8.02537856121845));
#1040=CARTESIAN_POINT('',(-0.230218593505567,-1.88654163347497,-8.03140465081704));
#1041=CARTESIAN_POINT('',(-0.035168330603791,-1.86127766508443,-8.03733904589085));
#1042=CARTESIAN_POINT('',(0.167118742256477,-1.86872893181277,-8.03567009251376));
#1043=CARTESIAN_POINT('',(0.359671160801664,-1.9081476498334,-8.02629880744763));
#1044=CARTESIAN_POINT('',(0.550889994283109,-1.94729336056605,-8.01699242629643));
#1045=CARTESIAN_POINT('',(0.737725026428193,-2.0189621626088,-7.99977694853287));
#1046=CARTESIAN_POINT('',(0.90518904451291,-2.11628760228575,-7.97394675078857));
#1047=CARTESIAN_POINT('',(1.07419769242455,-2.21451073794995,-7.94787830428895));
#1048=CARTESIAN_POINT('',(1.2280773751473,-2.34144622487601,-7.91220182076821));
#1049=CARTESIAN_POINT('',(1.35489691148767,-2.48545307819916,-7.86670343892982));
#1050=CARTESIAN_POINT('',(1.48360488631612,-2.63160430211544,-7.82052755189083));
#1051=CARTESIAN_POINT('',(1.58797229416847,-2.79927532758491,-7.76282428095519));
#1052=CARTESIAN_POINT('',(1.65990948182139,-2.97349265681024,-7.69550787277198));
#1053=CARTESIAN_POINT('',(1.73231253561344,-3.14883821966807,-7.62775552267605));
#1054=CARTESIAN_POINT('',(1.77386117710545,-3.33561117419478,-7.54829261502232));
#1055=CARTESIAN_POINT('',(1.78130040706125,-3.51769880892551,-7.46245905112276));
#1056=CARTESIAN_POINT('',(1.78872534574947,-3.6994366409043,-7.3767903793473));
#1057=CARTESIAN_POINT('',(1.76238033598944,-3.88150983497929,-7.28240575817414));
#1058=CARTESIAN_POINT('',(1.70432290854284,-4.04921907361675,-7.18792911024158));
#1059=CARTESIAN_POINT('',(1.64630193650491,-4.21682300430133,-7.09351178606761));
#1060=CARTESIAN_POINT('',(1.55500549021609,-4.37473535098464,-6.99648246706047));
#1061=CARTESIAN_POINT('',(1.43754980137064,-4.51122638573003,-6.90733932109124));
#1062=CARTESIAN_POINT('',(1.31979693708816,-4.64806275737055,-6.81797063344224));
#1063=CARTESIAN_POINT('',(1.17244639185345,-4.76723361179548,-6.73418793702441));
#1064=CARTESIAN_POINT('',(1.00730036136847,-4.86043220536519,-6.66623572768387));
#1065=CARTESIAN_POINT('',(0.842734466003079,-4.95330340519089,-6.59852222503811));
#1066=CARTESIAN_POINT('',(0.655837020285506,-5.02304841847493,-6.5447920049677));
#1067=CARTESIAN_POINT('',(0.462254196971217,-5.06494988659398,-6.51220259561169));
#1068=CARTESIAN_POINT('',(0.312312031106437,-5.09740522935175,-6.48696003256073));
#1069=CARTESIAN_POINT('',(0.155477295342849,-5.11397249131942,-6.47377674607553));
#1070=CARTESIAN_POINT('',(-4.70091932187553E-17,-5.11397249131942,-6.47377674607553));
#1071=CARTESIAN_POINT('',(-4.70091932187553E-17,-5.11397249131942,-6.47377674607553));
#1072=CARTESIAN_POINT('',(-9.48039466982171E-17,5.11510230061598,-6.47288409090053));
#1073=CARTESIAN_POINT('',(0.196600930078915,5.11510230061598,-6.47288409090053));
#1074=CARTESIAN_POINT('',(0.395909010703716,5.0883655211535,-6.49425150744366));
#1075=CARTESIAN_POINT('',(0.581342575383765,5.03663339621472,-6.53412764124903));
#1076=CARTESIAN_POINT('',(0.766708671054497,4.98492009373253,-6.57398926633669));
#1077=CARTESIAN_POINT('',(0.943291159893852,4.906795369325,-6.63331276044284));
#1078=CARTESIAN_POINT('',(1.09705991468303,4.80733229702011,-6.70462945926375));
#1079=CARTESIAN_POINT('',(1.25230154121722,4.70691651914722,-6.77662926403025));
#1080=CARTESIAN_POINT('',(1.38854009569553,4.58195833653035,-6.86266257951773));
#1081=CARTESIAN_POINT('',(1.49525178637815,4.44098960793921,-6.95270532254718));
#1082=CARTESIAN_POINT('',(1.60332054587295,4.29822815857081,-7.04389315284446));
#1083=CARTESIAN_POINT('',(1.68408021810899,4.13504924230868,-7.1415697591562));
#1084=CARTESIAN_POINT('',(1.73124002500931,3.96374758443126,-7.23541326303587));
#1085=CARTESIAN_POINT('',(1.77850576083399,3.79206115397837,-7.32946755534062));
#1086=CARTESIAN_POINT('',(1.79332577317485,3.6074415763125,-7.42220107514553));
#1087=CARTESIAN_POINT('',(1.77453844536621,3.42502913330264,-7.50544305394613));
#1088=CARTESIAN_POINT('',(1.75579759452583,3.24306795070659,-7.58847910485508));
#1089=CARTESIAN_POINT('',(1.70310310279236,3.05830903820197,-7.66438440782998));
#1090=CARTESIAN_POINT('',(1.62055885358437,2.88674060900888,-7.72846871354856));
#1091=CARTESIAN_POINT('',(1.53791583226203,2.71496688172817,-7.79262970228787));
#1092=CARTESIAN_POINT('',(1.42305466034248,2.55172566772875,-7.84682014626033));
#1093=CARTESIAN_POINT('',(1.28498792383251,2.41186096613791,-7.88957709132881));
#1094=CARTESIAN_POINT('',(1.14672304994071,2.27179554693408,-7.93239539621041));
#1095=CARTESIAN_POINT('',(0.981282696530714,2.15134802670771,-7.96509165283244));
#1096=CARTESIAN_POINT('',(0.802158342514042,2.06216657782042,-7.988114233367));
#1097=CARTESIAN_POINT('',(0.62446379936106,1.97369699530753,-8.0109530424879));
#1098=CARTESIAN_POINT('',(0.42828264988486,1.91359662841407,-8.02504469783137));
#1099=CARTESIAN_POINT('',(0.230218593505567,1.88794334928131,-8.03107526486363));
#1100=CARTESIAN_POINT('',(0.0351683306037908,1.86268041702288,-8.03701406924134));
#1101=CARTESIAN_POINT('',(-0.167118742256478,1.87013139235042,-8.0353438153983));
#1102=CARTESIAN_POINT('',(-0.359671160801665,1.90954847417289,-8.02596565061077));
#1103=CARTESIAN_POINT('',(-0.55088999428311,1.94869256003939,-8.01665243738595));
#1104=CARTESIAN_POINT('',(-0.737725026428193,2.02035835632289,-7.99942445131899));
#1105=CARTESIAN_POINT('',(-0.90518904451291,2.11767928629755,-7.97357726747451));
#1106=CARTESIAN_POINT('',(-1.07419769242455,2.21589787066352,-7.94749167820083));
#1107=CARTESIAN_POINT('',(-1.2280773751473,2.34282712893525,-7.91179304080175));
#1108=CARTESIAN_POINT('',(-1.35489691148767,2.48682603909941,-7.86626952571911));
#1109=CARTESIAN_POINT('',(-1.48360488631612,2.63296920157708,-7.82006813118291));
#1110=CARTESIAN_POINT('',(-1.58797229416847,2.80063015337216,-7.76233559701175));
#1111=CARTESIAN_POINT('',(-1.65990948182139,2.97483573101443,-7.69498878319389));
#1112=CARTESIAN_POINT('',(-1.73231253561344,3.1501694661858,-7.62720583055604));
#1113=CARTESIAN_POINT('',(-1.77386117710545,3.33692854897416,-7.54771032608266));
#1114=CARTESIAN_POINT('',(-1.78130040706125,3.51900120014862,-7.46184498320305));
#1115=CARTESIAN_POINT('',(-1.78872534574947,3.70072407735558,-7.37614459349712));
#1116=CARTESIAN_POINT('',(-1.76238033598944,3.88278079543349,-7.28172819599453));
#1117=CARTESIAN_POINT('',(-1.70432290854284,4.05047354223095,-7.18722227871708));
#1118=CARTESIAN_POINT('',(-1.64630193650491,4.21806099143108,-7.09277570357702));
#1119=CARTESIAN_POINT('',(-1.55500549021609,4.37595640089845,-6.99571882514406));
#1120=CARTESIAN_POINT('',(-1.43754980137064,4.51243187515102,-6.90655185835313));
#1121=CARTESIAN_POINT('',(-1.31979693708816,4.64925264692901,-6.81715928961319));
#1122=CARTESIAN_POINT('',(-1.17244639185345,4.76840887669985,-6.73335579523373));
#1123=CARTESIAN_POINT('',(-1.00730036136847,4.86159560895225,-6.66538732070509));
#1124=CARTESIAN_POINT('',(-0.842734466003079,4.95445498912781,-6.59765761000858));
#1125=CARTESIAN_POINT('',(-0.655837020285506,5.02419062365715,-6.5439152179554));
#1126=CARTESIAN_POINT('',(-0.462254196971216,5.06608640321308,-6.51131849591));
#1127=CARTESIAN_POINT('',(-0.312312031106436,5.09853733981818,-6.48607026871762));
#1128=CARTESIAN_POINT('',(-0.155477295342849,5.11510230061598,-6.47288409090053));
#1129=CARTESIAN_POINT('',(-9.48039466982171E-17,5.11510230061598,-6.47288409090053));
#1130=CARTESIAN_POINT('',(-9.48039466982171E-17,5.11510230061598,-6.47288409090053));
#1131=CARTESIAN_POINT('',(-9.18578317942147E-16,7.4496083597923,-3.54483219429533));
#1132=CARTESIAN_POINT('',(-0.196600930078916,7.4496083597923,-3.54483219429533));
#1133=CARTESIAN_POINT('',(-0.395909010703717,7.46448364083439,-3.51400772544878));
#1134=CARTESIAN_POINT('',(-0.581342575383766,7.4918352064989,-3.45469321918223));
#1135=CARTESIAN_POINT('',(-0.766708671054497,7.51917682044273,-3.39540029418109));
#1136=CARTESIAN_POINT('',(-0.943291159893852,7.55960850919723,-3.3060245253107));
#1137=CARTESIAN_POINT('',(-1.09705991468303,7.60697921158197,-3.19317510865905));
#1138=CARTESIAN_POINT('',(-1.25230154121722,7.65480365353936,-3.07924476553793));
#1139=CARTESIAN_POINT('',(-1.38854009569553,7.71084248780583,-2.93826275310111));
#1140=CARTESIAN_POINT('',(-1.49525178637815,7.76722384035757,-2.78077935366706));
#1141=CARTESIAN_POINT('',(-1.60332054587295,7.82432220315109,-2.62129321387306));
#1142=CARTESIAN_POINT('',(-1.68408021810899,7.88319855014527,-2.44045722769309));
#1143=CARTESIAN_POINT('',(-1.73124002500931,7.93652883303871,-2.25255634387806));
#1144=CARTESIAN_POINT('',(-1.778505760834,7.98997890479206,-2.06423340281095));
#1145=CARTESIAN_POINT('',(-1.79332577317485,8.0392606592012,-1.86359641012194));
#1146=CARTESIAN_POINT('',(-1.77453844536621,8.07978093605004,-1.66722524736234));
#1147=CARTESIAN_POINT('',(-1.75579759452583,8.12020097194712,-1.47133987674885));
#1148=CARTESIAN_POINT('',(-1.70310310279236,8.15304623336222,-1.27431536159356));
#1149=CARTESIAN_POINT('',(-1.62055885358437,8.17730550947479,-1.09278296322426));
#1150=CARTESIAN_POINT('',(-1.53791583226203,8.20159381413893,-0.91103334392217));
#1151=CARTESIAN_POINT('',(-1.42305466034248,8.21806258398266,-0.73982271987748));
#1152=CARTESIAN_POINT('',(-1.28498792383251,8.22859196520702,-0.593948036557459));
#1153=CARTESIAN_POINT('',(-1.1467230499407,8.23913645697923,-0.447864010795077));
#1154=CARTESIAN_POINT('',(-0.981282696530712,8.2441828720188,-0.32315962426027));
#1155=CARTESIAN_POINT('',(-0.802158342514041,8.24676282890829,-0.231090553109562));
#1156=CARTESIAN_POINT('',(-0.624463799361059,8.24932219200189,-0.139756397983331));
#1157=CARTESIAN_POINT('',(-0.428282649884858,8.24967309834064,-0.0780271041611239));
#1158=CARTESIAN_POINT('',(-0.230218593505565,8.24983816145012,-0.0516750411837362));
#1159=CARTESIAN_POINT('',(-0.0351683306037893,8.25000071291699,-0.0257239579548814));
#1160=CARTESIAN_POINT('',(0.167118742256479,8.2500320472893,-0.0333597813806066));
#1161=CARTESIAN_POINT('',(0.359671160801666,8.24966923023404,-0.0738755150894475));
#1162=CARTESIAN_POINT('',(0.550889994283111,8.24930892598755,-0.114110643767571));
#1163=CARTESIAN_POINT('',(0.737725026428194,8.24847656026179,-0.187813405100987));
#1164=CARTESIAN_POINT('',(0.905189044512912,8.24495594546561,-0.288446628219785));
#1165=CARTESIAN_POINT('',(1.07419769242455,8.24140285774368,-0.390008057169224));
#1166=CARTESIAN_POINT('',(1.2280773751473,8.23487322827336,-0.521700096626974));
#1167=CARTESIAN_POINT('',(1.35489691148767,8.22256763131809,-0.672221353722176));
#1168=CARTESIAN_POINT('',(1.48360488631612,8.21007879474863,-0.824983985793002));
#1169=CARTESIAN_POINT('',(1.58797229416847,8.19114137033694,-1.0012922788915));
#1170=CARTESIAN_POINT('',(1.65990948182139,8.16428894466228,-1.1861222652262));
#1171=CARTESIAN_POINT('',(1.73231253561344,8.13726262233855,-1.37214921289536));
#1172=CARTESIAN_POINT('',(1.77386117710545,8.10136286996425,-1.57192333037529));
#1173=CARTESIAN_POINT('',(1.78130040706125,8.05820944817729,-1.76854756489791));
#1174=CARTESIAN_POINT('',(1.78872534574947,8.01513892705361,-1.96479407087002));
#1175=CARTESIAN_POINT('',(1.76238033598944,7.96364572169761,-2.16330743192371));
#1176=CARTESIAN_POINT('',(1.70432290854284,7.90886581880891,-2.34783761365134));
#1177=CARTESIAN_POINT('',(1.64630193650491,7.85412031330631,-2.53225192522276));
#1178=CARTESIAN_POINT('',(1.55500549021609,7.79467127863146,-2.70779909910558));
#1179=CARTESIAN_POINT('',(1.43754980137064,7.73814287489646,-2.86070705380491));
#1180=CARTESIAN_POINT('',(1.31979693708815,7.68147144826279,-3.01400188196017));
#1181=CARTESIAN_POINT('',(1.17244639185345,7.62631409219001,-3.14883102878857));
#1182=CARTESIAN_POINT('',(1.00730036136847,7.58080950974221,-3.25481599741092));
#1183=CARTESIAN_POINT('',(0.842734466003077,7.53546477858665,-3.36042865552562));
#1184=CARTESIAN_POINT('',(0.655837020285504,7.49860539980622,-3.44038295261294));
#1185=CARTESIAN_POINT('',(0.462254196971214,7.47615942754895,-3.48848680861358));
#1186=CARTESIAN_POINT('',(0.312312031106435,7.45877359941826,-3.52574629389071));
#1187=CARTESIAN_POINT('',(0.155477295342847,7.4496083597923,-3.54483219429533));
#1188=CARTESIAN_POINT('',(-9.18578317942147E-16,7.4496083597923,-3.54483219429533));
#1189=CARTESIAN_POINT('',(-9.18578317942147E-16,7.4496083597923,-3.54483219429533));
#1190=CARTESIAN_POINT('',(1.78255434699759,6.44934014887377,5.1447557419303));
#1191=CARTESIAN_POINT('',(1.78255434699759,6.57478787563375,4.9874975354456));
#1192=CARTESIAN_POINT('',(1.7486215835274,6.69590189593225,4.82323670255987));
#1193=CARTESIAN_POINT('',(1.68340818930266,6.80353849574357,4.66630088366955));
#1194=CARTESIAN_POINT('',(1.61819979670404,6.91116684022582,4.50937710117607));
#1195=CARTESIAN_POINT('',(1.51990808287125,7.00836751232025,4.35550761571464));
#1196=CARTESIAN_POINT('',(1.39621778325492,7.08949097002737,4.21919634360626));
#1197=CARTESIAN_POINT('',(1.27233765498185,7.17073892866184,4.08267587331691));
#1198=CARTESIAN_POINT('',(1.11949672181986,7.23824403379022,3.96007307938722));
#1199=CARTESIAN_POINT('',(0.949997845764102,7.28923911393361,3.86387022813919));
#1200=CARTESIAN_POINT('',(0.781305334456833,7.33999159285196,3.76812504711149));
#1201=CARTESIAN_POINT('',(0.591336829807649,7.37593578191318,3.69596227876699));
#1202=CARTESIAN_POINT('',(0.396056794469007,7.39607329296424,3.65521543073744));
#1203=CARTESIAN_POINT('',(0.203601185079277,7.4159195458298,3.61505792331667));
#1204=CARTESIAN_POINT('',(0.000615602866892211,7.42103016777366,3.60434492586241));
#1205=CARTESIAN_POINT('',(-0.195737561466766,7.41129490798697,3.62425272116148));
#1206=CARTESIAN_POINT('',(-0.389967909900953,7.40166489816828,3.64394528904353));
#1207=CARTESIAN_POINT('',(-0.583025278480115,7.37722461856888,3.69407922012082));
#1208=CARTESIAN_POINT('',(-0.759211558379099,7.33855200656253,3.76937056376486));
#1209=CARTESIAN_POINT('',(-0.936286225392733,7.29968439497838,3.84504155024816));
#1210=CARTESIAN_POINT('',(-1.10113551413852,7.24529655580776,3.94806743814692));
#1211=CARTESIAN_POINT('',(-1.24089798895878,7.17722096424788,4.06816902676876));
#1212=CARTESIAN_POINT('',(-1.38275668127407,7.10812434579079,4.19007195048842));
#1213=CARTESIAN_POINT('',(-1.5026532534116,7.0229136778583,4.33279130532615));
#1214=CARTESIAN_POINT('',(-1.59131853365116,6.92587092809907,4.48272371302449));
#1215=CARTESIAN_POINT('',(-1.68083499707161,6.82789657178315,4.63409546590235));
#1216=CARTESIAN_POINT('',(-1.7409847203106,6.71505358974604,4.79691574634267));
#1217=CARTESIAN_POINT('',(-1.76706514624173,6.59512873884543,4.95648836557246));
#1218=CARTESIAN_POINT('',(-1.79313385185686,6.47525778112709,5.11598927425861));
#1219=CARTESIAN_POINT('',(-1.78588552701621,6.34497266062198,5.27661930164452));
#1220=CARTESIAN_POINT('',(-1.74588746130515,6.21529179970544,5.42518643407895));
#1221=CARTESIAN_POINT('',(-1.70596052794504,6.08584156255398,5.57348935550178));
#1222=CARTESIAN_POINT('',(-1.63230160648117,5.95348094112406,5.71389320405784));
#1223=CARTESIAN_POINT('',(-1.53064327331099,5.83092753977892,5.83633309757486));
#1224=CARTESIAN_POINT('',(-1.42875354059653,5.70809517653922,5.95905169461451));
#1225=CARTESIAN_POINT('',(-1.29588956104683,5.59182481064003,6.06720855688872));
#1226=CARTESIAN_POINT('',(-1.14257688877913,5.49449479696009,6.15410650916755));
#1227=CARTESIAN_POINT('',(-0.989384483382203,5.39724113428235,6.24093629392545));
#1228=CARTESIAN_POINT('',(-0.81143898017356,5.3163216306518,6.30906944559505));
#1229=CARTESIAN_POINT('',(-0.623469169780035,5.26113567195753,6.35475817331045));
#1230=CARTESIAN_POINT('',(-0.437655493536402,5.2065827315649,6.39992282204803));
#1231=CARTESIAN_POINT('',(-0.236820606315678,5.17575551511827,6.42449014466908));
#1232=CARTESIAN_POINT('',(-0.0380146208600277,5.17238019757079,6.42720647651665));
#1233=CARTESIAN_POINT('',(0.157937941469291,5.16905332529082,6.42988382138858));
#1234=CARTESIAN_POINT('',(0.357319384265552,5.19228760000363,6.41142416527861));
#1235=CARTESIAN_POINT('',(0.543612955459691,5.23933976482689,6.37274029195477));
#1236=CARTESIAN_POINT('',(0.729604289463532,5.28631559360698,6.33411917820501));
#1237=CARTESIAN_POINT('',(0.907612098504022,5.35819746614439,6.27424827822088));
#1238=CARTESIAN_POINT('',(1.06355937256643,5.4469731785222,6.19620716184181));
#1239=CARTESIAN_POINT('',(1.22150992519677,5.5368892922506,6.11716353934776));
#1240=CARTESIAN_POINT('',(1.36113843554096,5.64644850541916,6.01724075908673));
#1241=CARTESIAN_POINT('',(1.47165586256679,5.76415148732705,5.90229257417365));
#1242=CARTESIAN_POINT('',(1.58363626412204,5.8834125625529,5.78582276257005));
#1243=CARTESIAN_POINT('',(1.66880966002278,6.01419769749418,5.65062627343322));
#1244=CARTESIAN_POINT('',(1.72054750742019,6.14370129677773,5.50612698509321));
#1245=CARTESIAN_POINT('',(1.76154027858235,6.24630918785075,5.39163775606678));
#1246=CARTESIAN_POINT('',(1.78255434700089,6.35011694502737,5.269139526966));
#1247=CARTESIAN_POINT('',(1.78255434699759,6.44934014887377,5.1447557419303));
#1248=CARTESIAN_POINT('',(1.78255434699759,6.44934014887377,5.1447557419303));
#1249=CARTESIAN_POINT('',(2.75,0.,0.));
#1250=CARTESIAN_POINT('',(-1.87492743679133E-11,6.97459842508996,-3.37897570407553));
#1251=CARTESIAN_POINT('',(-0.201141023562655,6.97459842508996,-3.37897570407553));
#1252=CARTESIAN_POINT('',(-0.405054910240605,6.9899042804951,-3.3478595106343));
#1253=CARTESIAN_POINT('',(-0.594877348124105,7.01812343780738,-3.28761971823061));
#1254=CARTESIAN_POINT('',(-0.784721066008689,7.04634575862185,-3.22737317265874));
#1255=CARTESIAN_POINT('',(-0.965740875592931,7.08817373982528,-3.13625804756808));
#1256=CARTESIAN_POINT('',(-1.12272901521353,7.1371955801709,-3.02042037643588));
#1257=CARTESIAN_POINT('',(-1.27908313351387,7.1860194380956,-2.90505053397763));
#1258=CARTESIAN_POINT('',(-1.41599548762465,7.24320916574883,-2.76178168745398));
#1259=CARTESIAN_POINT('',(-1.52146335959055,7.30038587431704,-2.60132006605728));
#1260=CARTESIAN_POINT('',(-1.62510279012865,7.35657134014278,-2.44364028400808));
#1261=CARTESIAN_POINT('',(-1.70129417674675,7.41419622747295,-2.26477529364723));
#1262=CARTESIAN_POINT('',(-1.74310352510847,7.46581663229377,-2.07944271692338));
#1263=CARTESIAN_POINT('',(-1.78383611442866,7.51610760387068,-1.89888320018488));
#1264=CARTESIAN_POINT('',(-1.79308113510893,7.56204721186271,-1.707102685385));
#1265=CARTESIAN_POINT('',(-1.77000621689706,7.59940253288108,-1.52038848431597));
#1266=CARTESIAN_POINT('',(-1.74728458090899,7.63618593547449,-1.33653291995204));
#1267=CARTESIAN_POINT('',(-1.69265885611135,7.66570373568472,-1.152586920553));
#1268=CARTESIAN_POINT('',(-1.61079441159821,7.68730917631663,-0.983756894622902));
#1269=CARTESIAN_POINT('',(-1.52828962001584,7.70908361559833,-0.813606273250598));
#1270=CARTESIAN_POINT('',(-1.41596312294059,7.72353455613302,-0.65425601778967));
#1271=CARTESIAN_POINT('',(-1.28293897401035,7.73264189403855,-0.518410395883317));
#1272=CARTESIAN_POINT('',(-1.14672425167342,7.74196767070397,-0.379306527770135));
#1273=CARTESIAN_POINT('',(-0.985174498023048,7.7460991343373,-0.261118935620031));
#1274=CARTESIAN_POINT('',(-0.811230802260884,7.74806455263465,-0.173192633233865));
#1275=CARTESIAN_POINT('',(-0.63345956833581,7.75007321891236,-0.0833315595044092));
#1276=CARTESIAN_POINT('',(-0.437907505680959,7.75001263891281,-0.0226487227364764));
#1277=CARTESIAN_POINT('',(-0.24049223025017,7.74999898016982,0.00397584793225236));
#1278=CARTESIAN_POINT('',(-0.0411987424543024,7.74998519147731,0.0308537252295376));
#1279=CARTESIAN_POINT('',(0.165469378688419,7.75006949362496,0.0237475882304243));
#1280=CARTESIAN_POINT('',(0.36244453141822,7.74998187137097,-0.0167628583900417));
#1281=CARTESIAN_POINT('',(0.559704516498835,7.74989412241239,-0.0573318844078757));
#1282=CARTESIAN_POINT('',(0.752704741810419,7.74956036895238,-0.132536563778793));
#1283=CARTESIAN_POINT('',(0.925347443684234,7.74640040424474,-0.236179544239));
#1284=CARTESIAN_POINT('',(1.0976276609915,7.7432470742713,-0.339604913526301));
#1285=CARTESIAN_POINT('',(1.25446337794445,7.73702673801892,-0.474286020243043));
#1286=CARTESIAN_POINT('',(1.38235884291452,7.72444961625236,-0.628791003417485));
#1287=CARTESIAN_POINT('',(1.50874193562614,7.71202121977528,-0.781468955036131));
#1288=CARTESIAN_POINT('',(1.61042759972731,7.69284057811501,-0.957883111761129));
#1289=CARTESIAN_POINT('',(1.67826189770921,7.66532582452078,-1.14248851369933));
#1290=CARTESIAN_POINT('',(1.74445679030155,7.63847604184357,-1.32263241017665));
#1291=CARTESIAN_POINT('',(1.78027148303592,7.60281501787559,-1.51566934883026));
#1292=CARTESIAN_POINT('',(1.78244566219494,7.5601914124429,-1.70470109028671));
#1293=CARTESIAN_POINT('',(1.78457233138066,7.51849921431747,-1.8896021266207));
#1294=CARTESIAN_POINT('',(1.75460955809274,7.46900826728746,-2.07576838872409));
#1295=CARTESIAN_POINT('',(1.69517678170524,7.4167969235872,-2.24802655550762));
#1296=CARTESIAN_POINT('',(1.63584146560359,7.36467119817354,-2.42000224633771));
#1297=CARTESIAN_POINT('',(1.54559569236177,7.30853039892525,-2.58278311885015));
#1298=CARTESIAN_POINT('',(1.43189354554183,7.25535046127358,-2.72440629937923));
#1299=CARTESIAN_POINT('',(1.31597255072872,7.20113274024459,-2.86879319474302));
#1300=CARTESIAN_POINT('',(1.1726060403295,7.14867967887812,-2.99511611025798));
#1301=CARTESIAN_POINT('',(1.01328514172239,7.10522377454322,-3.09488208396794));
#1302=CARTESIAN_POINT('',(0.850000872297655,7.06068683272611,-3.19712990125431));
#1303=CARTESIAN_POINT('',(0.665547771811032,7.02453876029353,-3.27430587522416));
#1304=CARTESIAN_POINT('',(0.474822449490848,7.00217155962827,-3.32145953603728));
#1305=CARTESIAN_POINT('',(0.320789371867461,6.98410742050727,-3.35954165018917));
#1306=CARTESIAN_POINT('',(0.159695803146461,6.97459842499606,-3.37897570410682));
#1307=CARTESIAN_POINT('',(-1.87492743679133E-11,6.97459842508996,-3.37897570407553));
#1308=CARTESIAN_POINT('',(-1.87492743679133E-11,6.97459842508996,-3.37897570407553));
#1309=CARTESIAN_POINT('',(-1.24330330945309E-12,-4.84655346279201,-6.04759617801145));
#1310=CARTESIAN_POINT('',(-0.201141023551754,-4.84655346279201,-6.04759617801145));
#1311=CARTESIAN_POINT('',(-0.405054910236916,-4.81962437994996,-6.0694436309781));
#1312=CARTESIAN_POINT('',(-0.594877348126553,-4.7671763185681,-6.11036250542335));
#1313=CARTESIAN_POINT('',(-0.784721066011846,-4.71472237750979,-6.15128596706852));
#1314=CARTESIAN_POINT('',(-0.965740875596682,-4.63520234494482,-6.21234422165277));
#1315=CARTESIAN_POINT('',(-1.12272901521758,-4.53318102053544,-6.28591837642339));
#1316=CARTESIAN_POINT('',(-1.27908313351754,-4.43157172530879,-6.35919539038511));
#1317=CARTESIAN_POINT('',(-1.41599548762787,-4.30462520976829,-6.4468379001935));
#1318=CARTESIAN_POINT('',(-1.52146335959326,-4.16091427126227,-6.53829430564318));
#1319=CARTESIAN_POINT('',(-1.62510279013085,-4.01969477426062,-6.62816517914415));
#1320=CARTESIAN_POINT('',(-1.70129417674839,-3.85814183285127,-6.72415455115303));
#1321=CARTESIAN_POINT('',(-1.74310352510954,-3.68894711777681,-6.81572953998662));
#1322=CARTESIAN_POINT('',(-1.78383611442917,-3.52410984778044,-6.90494610418387));
#1323=CARTESIAN_POINT('',(-1.79308113510887,-3.34736455706246,-6.99241790334439));
#1324=CARTESIAN_POINT('',(-1.77000621689647,-3.17364789990036,-7.07039312962568));
#1325=CARTESIAN_POINT('',(-1.74728458090786,-3.00259088410246,-7.14717453753291));
#1326=CARTESIAN_POINT('',(-1.69265885610971,-2.82982859981559,-7.21689271559347));
#1327=CARTESIAN_POINT('',(-1.61079441159609,-2.67004208192244,-7.27553264584548));
#1328=CARTESIAN_POINT('',(-1.52828962001323,-2.50900570728078,-7.33463126005608));
#1329=CARTESIAN_POINT('',(-1.41596312293751,-2.3568688031499,-7.38418623961595));
#1330=CARTESIAN_POINT('',(-1.28293897400687,-2.2264576382605,-7.42330023540955));
#1331=CARTESIAN_POINT('',(-1.14672425166953,-2.09291857217437,-7.46335237721508));
#1332=CARTESIAN_POINT('',(-0.98517449801878,-1.97861503930997,-7.49368516977707));
#1333=CARTESIAN_POINT('',(-0.811230802256328,-1.89333165093288,-7.51517100667548));
#1334=CARTESIAN_POINT('',(-0.633459568330973,-1.80617164712431,-7.53712962794433));
#1335=CARTESIAN_POINT('',(-0.437907505675921,-1.74699744593781,-7.55057671915441));
#1336=CARTESIAN_POINT('',(-0.240492230245028,-1.72103766429114,-7.55648922172799));
#1337=CARTESIAN_POINT('',(-0.0411987424490761,-1.69483090083024,-7.56245797595392));
#1338=CARTESIAN_POINT('',(0.165469378693632,-1.70177755636931,-7.56095855382112));
#1339=CARTESIAN_POINT('',(0.362444531423323,-1.74125236990222,-7.55185673753878));
#1340=CARTESIAN_POINT('',(0.55970451650382,-1.78078426527403,-7.54274175973992));
#1341=CARTESIAN_POINT('',(0.752704741815186,-1.85402828837387,-7.52567810623636));
#1342=CARTESIAN_POINT('',(0.9253474436887,-1.95436826081926,-7.49952963199042));
#1343=CARTESIAN_POINT('',(1.09762766099565,-2.05449755716293,-7.47343605967923));
#1344=CARTESIAN_POINT('',(1.25446337794821,-2.18441597527255,-7.43739583596247));
#1345=CARTESIAN_POINT('',(1.38235884291781,-2.33224619698046,-7.39074608389912));
#1346=CARTESIAN_POINT('',(1.50874193562897,-2.4783283166245,-7.34464796821241));
#1347=CARTESIAN_POINT('',(1.6104275997296,-2.64604841757016,-7.28668401867164));
#1348=CARTESIAN_POINT('',(1.67826189771095,-2.81989938166417,-7.21877188151074));
#1349=CARTESIAN_POINT('',(1.74445679030274,-2.98954875134359,-7.15250103094071));
#1350=CARTESIAN_POINT('',(1.78027148303653,-3.16980665062339,-7.07477035448373));
#1351=CARTESIAN_POINT('',(1.78244566219499,-3.34461015718649,-6.99114317522142));
#1352=CARTESIAN_POINT('',(1.78457233138017,-3.5155938727747,-6.90934340978438));
#1353=CARTESIAN_POINT('',(1.75460955809171,-3.68607531420568,-6.81965891217721));
#1354=CARTESIAN_POINT('',(1.69517678170371,-3.84239204218731,-6.73041777263014));
#1355=CARTESIAN_POINT('',(1.63584146560155,-3.99845243563575,-6.64132297433613));
#1356=CARTESIAN_POINT('',(1.54559569235924,-4.14465501292241,-6.5503602996239));
#1357=CARTESIAN_POINT('',(1.43189354553887,-4.27088959816902,-6.46699327665119));
#1358=CARTESIAN_POINT('',(1.3159725507253,-4.39958759649955,-6.38199938244697));
#1359=CARTESIAN_POINT('',(1.17260604032566,-4.51106747664342,-6.30274637648555));
#1360=CARTESIAN_POINT('',(1.01328514171822,-4.59865904086826,-6.23817561678417));
#1361=CARTESIAN_POINT('',(0.850000872293135,-4.68842959010106,-6.17199855265626));
#1362=CARTESIAN_POINT('',(0.665547771806236,-4.75562428459476,-6.11958016723094));
#1363=CARTESIAN_POINT('',(0.474822449485867,-4.79661692360567,-6.08727903814009));
#1364=CARTESIAN_POINT('',(0.320789371866755,-4.82972328971249,-6.06119208616169));
#1365=CARTESIAN_POINT('',(0.159695803141902,-4.84655346279621,-6.04759617800944));
#1366=CARTESIAN_POINT('',(-1.24330330945309E-12,-4.84655346279201,-6.04759617801145));
#1367=CARTESIAN_POINT('',(-1.24330330945309E-12,-4.84655346279201,-6.04759617801145));
#1368=CARTESIAN_POINT('',(-1.20809308389066E-12,-4.81720797884039,6.07099722357015));
#1369=CARTESIAN_POINT('',(-0.20114102355173,-4.81720797884039,6.07099722357015));
#1370=CARTESIAN_POINT('',(-0.405054910236904,-4.84450102194345,6.04960618567998));
#1371=CARTESIAN_POINT('',(-0.594877348126552,-4.89606686209401,6.00758098421527));
#1372=CARTESIAN_POINT('',(-0.784721066011845,-4.94763848301983,5.96555107152615));
#1373=CARTESIAN_POINT('',(-0.965740875596681,-5.02486393994695,5.9016153629244));
#1374=CARTESIAN_POINT('',(-1.12272901521758,-5.11929946081541,5.81852842482487));
#1375=CARTESIAN_POINT('',(-1.27908313351754,-5.21335358896321,5.73577704640758));
#1376=CARTESIAN_POINT('',(-1.41599548762787,-5.32705217428502,5.63152130781633));
#1377=CARTESIAN_POINT('',(-1.52146335959326,-5.44820024067168,5.51177050842514));
#1378=CARTESIAN_POINT('',(-1.62510279013085,-5.56724802628703,5.39409576611691));
#1379=CARTESIAN_POINT('',(-1.70129417674839,-5.69678644454914,5.25795939841591));
#1380=CARTESIAN_POINT('',(-1.74310352510954,-5.82372203255311,5.11339042979856));
#1381=CARTESIAN_POINT('',(-1.78383611442917,-5.94738851813306,4.97254469414666));
#1382=CARTESIAN_POINT('',(-1.79308113510887,-6.0720043657542,4.81970129729542));
#1383=CARTESIAN_POINT('',(-1.77000621689647,-6.18668776318656,4.66769691827112));
#1384=CARTESIAN_POINT('',(-1.74728458090786,-6.29961533183094,4.51801976071536));
#1385=CARTESIAN_POINT('',(-1.69265885610971,-6.40603637977246,4.36510804834797));
#1386=CARTESIAN_POINT('',(-1.61079441159609,-6.49876904716212,4.22238094819114));
#1387=CARTESIAN_POINT('',(-1.52828962001323,-6.59222707330967,4.07853743075657));
#1388=CARTESIAN_POINT('',(-1.41596312293751,-6.67440009841707,3.94124603429487));
#1389=CARTESIAN_POINT('',(-1.28293897400687,-6.74155854488381,3.82281158127157));
#1390=CARTESIAN_POINT('',(-1.14672425166953,-6.81032778123386,3.70153648751281));
#1391=CARTESIAN_POINT('',(-0.985174498018782,-6.86534021660661,3.59685120734291));
#1392=CARTESIAN_POINT('',(-0.811230802256329,-6.90526860564613,3.51848909105569));
#1393=CARTESIAN_POINT('',(-0.633459568330974,-6.94607559757012,3.43840265823432));
#1394=CARTESIAN_POINT('',(-0.437907505675922,-6.97235576822652,3.38370564754503));
#1395=CARTESIAN_POINT('',(-0.24049223024503,-6.98389782332043,3.35971296295088));
#1396=CARTESIAN_POINT('',(-0.0411987424490778,-6.99554968972731,3.33549201153808));
#1397=CARTESIAN_POINT('',(0.16546937869363,-6.9925417638807,3.34193069711916));
#1398=CARTESIAN_POINT('',(0.362444531423321,-6.97488235866026,3.37838956943244));
#1399=CARTESIAN_POINT('',(0.559704516503818,-6.95719741737686,3.41490116243746));
#1400=CARTESIAN_POINT('',(0.752704741815184,-6.92425988539801,3.48251014244663));
#1401=CARTESIAN_POINT('',(0.925347443688699,-6.87643467566774,3.57451341461664));
#1402=CARTESIAN_POINT('',(1.09762766099565,-6.82870988084196,3.66632351461155));
#1403=CARTESIAN_POINT('',(1.25446337794821,-6.76465777688626,3.78496170858174));
#1404=CARTESIAN_POINT('',(1.38235884291781,-6.68627564328426,3.91870106311054));
#1405=CARTESIAN_POINT('',(1.50874193562897,-6.60882038355106,4.0508589410037));
#1406=CARTESIAN_POINT('',(1.6104275997296,-6.51498096711347,4.20147107740127));
#1407=CARTESIAN_POINT('',(1.67826189771095,-6.41007835183818,4.35584613172865));
#1408=CARTESIAN_POINT('',(1.74445679030274,-6.30771100143596,4.50649028143095));
#1409=CARTESIAN_POINT('',(1.78027148303653,-6.19181013842494,4.66492625672863));
#1410=CARTESIAN_POINT('',(1.78244566219499,-6.07137465741388,4.81673227087748));
#1411=CARTESIAN_POINT('',(1.78457233138017,-5.95357092202661,4.96522103324929));
#1412=CARTESIAN_POINT('',(1.75460955809171,-5.82819201960105,5.11146521880891));
#1413=CARTESIAN_POINT('',(1.69517678170371,-5.70639798830107,5.24399866505642));
#1414=CARTESIAN_POINT('',(1.63584146560156,-5.58480367981107,5.37631477756419));
#1415=CARTESIAN_POINT('',(1.54559569235924,-5.46358239690014,5.49860460692662));
#1416=CARTESIAN_POINT('',(1.43189354553887,-5.35421050959023,5.60311786588445));
#1417=CARTESIAN_POINT('',(1.3159725507253,-5.24270427742003,5.70967065568129));
#1418=CARTESIAN_POINT('',(1.17260604032567,-5.14062716254473,5.80071495945449));
#1419=CARTESIAN_POINT('',(1.01328514171822,-5.05818082814838,5.87173796330798));
#1420=CARTESIAN_POINT('',(0.850000872293137,-4.97368350484459,5.9445277818312));
#1421=CARTESIAN_POINT('',(0.665547771806238,-4.90762444658439,5.99837028289192));
#1422=CARTESIAN_POINT('',(0.474822449485869,-4.86700981948577,6.03114544817393));
#1423=CARTESIAN_POINT('',(0.320789371866762,-4.83420874235431,6.05761524000043));
#1424=CARTESIAN_POINT('',(0.159695803141898,-4.81720797883758,6.07099722357368));
#1425=CARTESIAN_POINT('',(-1.20809308389066E-12,-4.81720797884039,6.07099722357015));
#1426=CARTESIAN_POINT('',(-1.20809308389066E-12,-4.81720797884039,6.07099722357015));
#1427=CARTESIAN_POINT('',(-2.75,0.,-1.0842021724855E-16));
#1428=CARTESIAN_POINT('',(-2.75,7.75,-5.8297085191815E-16));
#1429=CARTESIAN_POINT('',(2.75,0.,-1.0842021724855E-16));
#1430=CARTESIAN_POINT('',(2.75,7.75,-5.8297085191815E-16));
#1431=CARTESIAN_POINT('',(-3.2900944696721E-9,1.74320499295434,7.55140625));
#1432=CARTESIAN_POINT('',(-0.201141025612098,1.74320499295434,7.55140625));
#1433=CARTESIAN_POINT('',(-0.405054910955329,1.70946407126753,7.55940855771228));
#1434=CARTESIAN_POINT('',(-0.594877347702235,1.64445702260724,7.57352369117558));
#1435=CARTESIAN_POINT('',(-0.784721065464644,1.57944268599915,7.58764040708813));
#1436=CARTESIAN_POINT('',(-0.965740874946525,1.48130696297846,7.60815688509857));
#1437=CARTESIAN_POINT('',(-1.12272901451546,1.35746794425497,7.63018877750218));
#1438=CARTESIAN_POINT('',(-1.2790831328804,1.23412906881599,7.65213169065559));
#1439=CARTESIAN_POINT('',(-1.41599548707008,1.08172933751433,7.67602623421047));
#1440=CARTESIAN_POINT('',(-1.52146335912322,0.912570308709562,7.69608442207216));
#1441=CARTESIAN_POINT('',(-1.62510278974958,0.746343901659268,7.71579487160446));
#1442=CARTESIAN_POINT('',(-1.70129417646501,0.559142729683414,7.73219711582845));
#1443=CARTESIAN_POINT('',(-1.74310352492446,0.366971341108358,7.74130686866275));
#1444=CARTESIAN_POINT('',(-1.78383611433986,0.179749139456324,7.75018200868641));
#1445=CARTESIAN_POINT('',(-1.79308113511834,-0.0174452970073386,7.75231921907944));
#1446=CARTESIAN_POINT('',(-1.77000621699879,-0.207791162114008,7.7472138755134));
#1447=CARTESIAN_POINT('',(-1.74728458110229,-0.395222788911121,7.74218669591375));
#1448=CARTESIAN_POINT('',(-1.6926588563948,-0.58112672032386,7.73005576355435));
#1449=CARTESIAN_POINT('',(-1.6107944119631,-0.750533544123124,7.71357241485072));
#1450=CARTESIAN_POINT('',(-1.52828962046556,-0.921265475095641,7.69696013271267));
#1451=CARTESIAN_POINT('',(-1.41596312347042,-1.07983878669949,7.675609758928));
#1452=CARTESIAN_POINT('',(-1.28293897460954,-1.21430770916119,7.65427702578576));
#1453=CARTESIAN_POINT('',(-1.1467242523451,-1.35200185780388,7.63243262877218));
#1454=CARTESIAN_POINT('',(-0.985174498758437,-1.46814835306896,7.61017577398287));
#1455=CARTESIAN_POINT('',(-0.811230803046012,-1.55430970588147,7.59253721348817));
#1456=CARTESIAN_POINT('',(-0.63345956916922,-1.6423669932654,7.57451052588612));
#1457=CARTESIAN_POINT('',(-0.437907506549103,-1.70151659469428,7.56095563708286));
#1458=CARTESIAN_POINT('',(-0.240492231136206,-1.72747133257533,7.55502103207731));
#1459=CARTESIAN_POINT('',(-0.0411987433548776,-1.7536730042846,7.54902996513637));
#1460=CARTESIAN_POINT('',(0.165469377790082,-1.74676358474614,7.55069255651161));
#1461=CARTESIAN_POINT('',(0.362444530538933,-1.70724820907281,7.55961662735735));
#1462=CARTESIAN_POINT('',(0.559704515639828,-1.66767569290617,7.5685536026941));
#1463=CARTESIAN_POINT('',(0.752704740988914,-1.59428023971509,7.58495368278619));
#1464=CARTESIAN_POINT('',(0.925347442914727,-1.49253015665857,7.6049229931318));
#1465=CARTESIAN_POINT('',(1.09762766027524,-1.39099371040346,7.62485037545672));
#1466=CARTESIAN_POINT('',(1.25446337729696,-1.25830220615096,7.64873881968745));
#1467=CARTESIAN_POINT('',(1.38235884234628,-1.10486955638656,7.67083849806331));
#1468=CARTESIAN_POINT('',(1.5087419351388,-0.953251257762,7.69267684629391));
#1469=CARTESIAN_POINT('',(1.61042759933224,-0.776989516734032,7.71321097254346));
#1470=CARTESIAN_POINT('',(1.67826189740999,-0.590888173501236,7.72744143726864));
#1471=CARTESIAN_POINT('',(1.74445679009663,-0.409284489329364,7.74132798304353));
#1472=CARTESIAN_POINT('',(1.7802714829306,-0.213151046182153,7.74949136411753));
#1473=CARTESIAN_POINT('',(1.78244566218537,-0.0193740187552163,7.74997578366522));
#1474=CARTESIAN_POINT('',(1.78457233146471,0.170168609970534,7.7504496177192));
#1475=CARTESIAN_POINT('',(1.75460955827051,0.362679214730805,7.74360140294221));
#1476=CARTESIAN_POINT('',(1.69517678196884,0.542235058019019,7.73100777013289));
#1477=CARTESIAN_POINT('',(1.63584146595502,0.721496458320371,7.71843478887571));
#1478=CARTESIAN_POINT('',(1.5455956927976,0.892686268586929,7.69990236671375));
#1479=CARTESIAN_POINT('',(1.43189354605223,1.04258977380248,7.67955119545163));
#1480=CARTESIAN_POINT('',(1.31597255131764,1.195418580788,7.65880287992507));
#1481=CARTESIAN_POINT('',(1.17260604098995,1.33024334941854,7.63575761116574));
#1482=CARTESIAN_POINT('',(1.01328514244179,1.43717531546894,7.61557792374333));
#1483=CARTESIAN_POINT('',(0.850000873076476,1.54676739100608,7.59489623322554));
#1484=CARTESIAN_POINT('',(0.665547772637594,1.63004985192317,7.5768173555688));
#1485=CARTESIAN_POINT('',(0.474822450349195,1.68099703164653,7.56549727245973));
#1486=CARTESIAN_POINT('',(0.320789371949174,1.72214285766707,7.55635497699464));
#1487=CARTESIAN_POINT('',(0.159695803973273,1.74320500197326,7.55140623515772));
#1488=CARTESIAN_POINT('',(-3.2900944696721E-9,1.74320499295434,7.55140625));
#1489=CARTESIAN_POINT('',(-3.2900944696721E-9,1.74320499295434,7.55140625));
#1490=CARTESIAN_POINT('',(1.86024972493237E-11,-6.97400857634995,-3.38019294966979));
#1491=CARTESIAN_POINT('',(0.201141023562563,-6.97400857634995,-3.38019294966979));
#1492=CARTESIAN_POINT('',(0.405054910240573,-6.9893198623222,-3.3490794280782));
#1493=CARTESIAN_POINT('',(0.594877348124124,-7.01754953303182,-3.28884456176405));
#1494=CARTESIAN_POINT('',(0.784721066008713,-7.04578236842222,-3.22860294283396));
#1495=CARTESIAN_POINT('',(0.96574087559296,-7.0876262515778,-3.13749511949094));
#1496=CARTESIAN_POINT('',(1.12272901521356,-7.13666830866426,-3.02166600604819));
#1497=CARTESIAN_POINT('',(1.2790831335139,-7.18551230168132,-2.90630468671782));
#1498=CARTESIAN_POINT('',(1.41599548762468,-7.24272703359424,-2.76304582386668));
#1499=CARTESIAN_POINT('',(1.52146335959057,-7.29993174712763,-2.60259418413209));
#1500=CARTESIAN_POINT('',(1.62510279012867,-7.35614473241107,-2.44492421069815));
#1501=CARTESIAN_POINT('',(1.70129417674677,-7.41380083669339,-2.26606928050166));
#1502=CARTESIAN_POINT('',(1.74310352510848,-7.46545358736458,-2.0807457160608));
#1503=CARTESIAN_POINT('',(1.78383611442866,-7.51577607175598,-1.90019497950271));
#1504=CARTESIAN_POINT('',(1.79308113510893,-7.56174915106238,-1.70842248559794));
#1505=CARTESIAN_POINT('',(1.77000621689705,-7.59913705928732,-1.52171480710615));
#1506=CARTESIAN_POINT('',(1.74728458090898,-7.63595255016978,-1.33786566545732));
#1507=CARTESIAN_POINT('',(1.69265885611134,-7.66550245456361,-1.15392482068793));
#1508=CARTESIAN_POINT('',(1.61079441159819,-7.6871373612646,-0.985098568189995));
#1509=CARTESIAN_POINT('',(1.52828962001582,-7.70894149710017,-0.814951749765797));
#1510=CARTESIAN_POINT('',(1.41596312294056,-7.72342024928083,-0.655604018896826));
#1511=CARTESIAN_POINT('',(1.28293897401032,-7.7325512965813,-0.51975998858984));
#1512=CARTESIAN_POINT('',(1.14672425167339,-7.74190135130956,-0.380657750250407));
#1513=CARTESIAN_POINT('',(0.985174498023014,-7.74605344250604,-0.262470880976835));
#1514=CARTESIAN_POINT('',(0.811230802260848,-7.74803420680813,-0.17454492296007));
#1515=CARTESIAN_POINT('',(0.633459568335771,-7.75005855677123,-0.08468420117768));
#1516=CARTESIAN_POINT('',(0.437907505680919,-7.75000856792556,-0.0240013547607998));
#1517=CARTESIAN_POINT('',(0.240492230250129,-7.74999955604695,0.00262321788630951));
#1518=CARTESIAN_POINT('',(0.0411987424542611,-7.74999045842918,0.0295010971807976));
#1519=CARTESIAN_POINT('',(-0.16546937868846,-7.75007352032067,0.0223949455764118));
#1520=CARTESIAN_POINT('',(-0.36244453141826,-7.7499788276613,-0.0181154851340811));
#1521=CARTESIAN_POINT('',(-0.559704516498874,-7.74988399807332,-0.0586844952189357));
#1522=CARTESIAN_POINT('',(-0.752704741810456,-7.74953711892577,-0.133889115193457));
#1523=CARTESIAN_POINT('',(-0.92534744368427,-7.7463590651538,-0.237531542557214));
#1524=CARTESIAN_POINT('',(-1.09762766099153,-7.74318768409623,-0.340956359909359));
#1525=CARTESIAN_POINT('',(-1.25446337794448,-7.73694384165119,-0.475636378921318));
#1526=CARTESIAN_POINT('',(-1.38235884291454,-7.72433975386966,-0.630139164620676));
#1527=CARTESIAN_POINT('',(-1.50874193562616,-7.7118847102525,-0.782814944749526));
#1528=CARTESIAN_POINT('',(-1.61042759972733,-7.69267327880571,-0.959225751134105));
#1529=CARTESIAN_POINT('',(-1.67826189770923,-7.6651263059099,-1.1438263480302));
#1530=CARTESIAN_POINT('',(-1.74445679030156,-7.63824508260058,-1.32396555559268));
#1531=CARTESIAN_POINT('',(-1.78027148303593,-7.60255036787435,-1.51699626728338));
#1532=CARTESIAN_POINT('',(-1.78244566219494,-7.55989377082823,-1.70602056663821));
#1533=CARTESIAN_POINT('',(-1.78457233138065,-7.51816930201923,-1.89091432349473));
#1534=CARTESIAN_POINT('',(-1.75460955809273,-7.46864586360088,-2.07707194496294));
#1535=CARTESIAN_POINT('',(-1.69517678170523,-7.41640445597426,-2.24932099652433));
#1536=CARTESIAN_POINT('',(-1.63584146560358,-7.36424871593428,-2.42128758707979));
#1537=CARTESIAN_POINT('',(-1.54559569236175,-7.30807950691937,-2.58405865869506));
#1538=CARTESIAN_POINT('',(-1.43189354554181,-7.25487485216983,-2.72567255541706));
#1539=CARTESIAN_POINT('',(-1.31597255072869,-7.20063193169954,-2.87004998580431));
#1540=CARTESIAN_POINT('',(-1.17260604032947,-7.14815682362413,-2.99636374460908));
#1541=CARTESIAN_POINT('',(-1.01328514172236,-7.10468350750396,-3.09612213231345));
#1542=CARTESIAN_POINT('',(-0.85000087229762,-7.06012872075463,-3.19836217487979));
#1543=CARTESIAN_POINT('',(-0.665547771810995,-7.0239671791242,-3.27553183864539));
#1544=CARTESIAN_POINT('',(-0.474822449490809,-7.0015917489333,-3.32268159492738));
#1545=CARTESIAN_POINT('',(-0.320789371867457,-6.98352096350469,-3.36076055571221));
#1546=CARTESIAN_POINT('',(-0.159695803146424,-6.97400857625679,-3.38019294970083));
#1547=CARTESIAN_POINT('',(1.86024972493237E-11,-6.97400857634995,-3.38019294966979));
#1548=CARTESIAN_POINT('',(1.86024972493237E-11,-6.97400857634995,-3.38019294966979));
#1549=CARTESIAN_POINT('',(1.2675416961429E-12,4.84760889362077,-6.04675020275262));
#1550=CARTESIAN_POINT('',(0.20114102355177,4.84760889362077,-6.04675020275262));
#1551=CARTESIAN_POINT('',(0.405054910236924,4.82068362428872,-6.06860235539809));
#1552=CARTESIAN_POINT('',(0.594877348126554,4.7682427053965,-6.10953038313364));
#1553=CARTESIAN_POINT('',(0.784721066011847,4.71579590762855,-6.15046299909523));
#1554=CARTESIAN_POINT('',(0.965740875596683,4.63628653295046,-6.21153513161333));
#1555=CARTESIAN_POINT('',(1.12272901521758,4.53427805120735,-6.28512709134345));
#1556=CARTESIAN_POINT('',(1.27908313351755,4.43268154677983,-6.35842183835653));
#1557=CARTESIAN_POINT('',(1.41599548762787,4.30575032967636,-6.44608650317664));
#1558=CARTESIAN_POINT('',(1.52146335959326,4.16205535551307,-6.5375679895237));
#1559=CARTESIAN_POINT('',(1.62510279013085,4.02085154608868,-6.62746350910765));
#1560=CARTESIAN_POINT('',(1.70129417674839,3.85931536044572,-6.72348107596182));
#1561=CARTESIAN_POINT('',(1.74310352510954,3.69013663079884,-6.81508559344903));
#1562=CARTESIAN_POINT('',(1.78383611442917,3.52531493454093,-6.90433092581821));
#1563=CARTESIAN_POINT('',(1.79308113510887,3.34858491322384,-6.99183357151891));
#1564=CARTESIAN_POINT('',(1.77000621689647,3.17488186795186,-7.06983911588874));
#1565=CARTESIAN_POINT('',(1.74728458090786,3.00383825564296,-7.14665037770771));
#1566=CARTESIAN_POINT('',(1.69265885610971,2.83108814210491,-7.21639870741309));
#1567=CARTESIAN_POINT('',(1.61079441159609,2.67131186124396,-7.27506652478019));
#1568=CARTESIAN_POINT('',(1.52828962001323,2.51028580370898,-7.33419324424006));
#1569=CARTESIAN_POINT('',(1.41596312293751,2.35815755087077,-7.38377477594394));
#1570=CARTESIAN_POINT('',(1.28293897400687,2.22775321464771,-7.42291153218377));
#1571=CARTESIAN_POINT('',(1.14672425166953,2.09422114101293,-7.46298698034298));
#1572=CARTESIAN_POINT('',(0.985174498018779,1.97992290396046,-7.49333972217282));
#1573=CARTESIAN_POINT('',(0.811230802256326,1.89464326686826,-7.51484044350316));
#1574=CARTESIAN_POINT('',(0.633459568330971,1.8074870968896,-7.5368142767279));
#1575=CARTESIAN_POINT('',(0.437907505675919,1.74831524356453,-7.55027169557955));
#1576=CARTESIAN_POINT('',(0.240492230245026,1.72235649423961,-7.55618872889969));
#1577=CARTESIAN_POINT('',(0.041198742449074,1.69615077292199,-7.56216205697777));
#1578=CARTESIAN_POINT('',(-0.165469378693634,1.70309716665673,-7.5606614224477));
#1579=CARTESIAN_POINT('',(-0.362444531423325,1.74257039102179,-7.55155271664935));
#1580=CARTESIAN_POINT('',(-0.559704516503822,1.78210069492777,-7.54243083937201));
#1581=CARTESIAN_POINT('',(-0.752704741815188,1.85534173874268,-7.5253544026348));
#1582=CARTESIAN_POINT('',(-0.925347443688702,1.95567714589013,-7.49918841615831));
#1583=CARTESIAN_POINT('',(-1.09762766099566,2.05580188652127,-7.47307736838565));
#1584=CARTESIAN_POINT('',(-1.25446337794821,2.18571401244649,-7.43701447017638));
#1585=CARTESIAN_POINT('',(-1.38235884291782,2.33353608998516,-7.39033891758266));
#1586=CARTESIAN_POINT('',(-1.50874193562897,2.47961016176531,-7.34421530645853));
#1587=CARTESIAN_POINT('',(-1.6104275997296,2.64732014353883,-7.28622208512091));
#1588=CARTESIAN_POINT('',(-1.67826189771095,2.82115925208104,-7.21827960627721));
#1589=CARTESIAN_POINT('',(-1.74445679030274,2.99079705273121,-7.15197914731595));
#1590=CARTESIAN_POINT('',(-1.78027148303653,3.17104138270326,-7.07421701110459));
#1591=CARTESIAN_POINT('',(-1.78244566219499,3.34583029090779,-6.99055932414881));
#1592=CARTESIAN_POINT('',(-1.78457233138017,3.51679972713951,-6.90872971766977));
#1593=CARTESIAN_POINT('',(-1.75460955809171,3.68726551307627,-6.81901546680406));
#1594=CARTESIAN_POINT('',(-1.69517678170371,3.84356666316001,-6.72974704620055));
#1595=CARTESIAN_POINT('',(-1.63584146560155,3.99961150425583,-6.64062501158669));
#1596=CARTESIAN_POINT('',(-1.54559569235924,4.14579820333407,-6.54963682109655));
#1597=CARTESIAN_POINT('',(-1.43189354553887,4.27201823636771,-6.46624776730228));
#1598=CARTESIAN_POINT('',(-1.3159725507253,4.40070139850516,-6.3812314123546));
#1599=CARTESIAN_POINT('',(-1.17260604032566,4.5121674446922,-6.30195895069078));
#1600=CARTESIAN_POINT('',(-1.01328514171822,4.59974773785943,-6.23737290436103));
#1601=CARTESIAN_POINT('',(-0.850000872293133,4.68950673564842,-6.17118017332457));
#1602=CARTESIAN_POINT('',(-0.665547771806233,4.75669228038459,-6.1187500610111));
#1603=CARTESIAN_POINT('',(-0.474822449485864,4.79767928116062,-6.08644177784706));
#1604=CARTESIAN_POINT('',(-0.32078937186675,4.83078109373119,-6.0603490481151));
#1605=CARTESIAN_POINT('',(-0.159695803141906,4.84760889362504,-6.04675020275056));
#1606=CARTESIAN_POINT('',(1.2675416961429E-12,4.84760889362077,-6.04675020275262));
#1607=CARTESIAN_POINT('',(1.2675416961429E-12,4.84760889362077,-6.04675020275262));
#1608=CARTESIAN_POINT('',(1.22124587646485E-12,4.81614831657123,6.07183789249912));
#1609=CARTESIAN_POINT('',(0.201141023551739,4.81614831657123,6.07183789249912));
#1610=CARTESIAN_POINT('',(0.405054910236908,4.84344509269898,6.05045161846938));
#1611=CARTESIAN_POINT('',(0.594877348126553,4.89501826684546,6.00843541758163));
#1612=CARTESIAN_POINT('',(0.784721066011845,4.94659722258937,5.96641450647847));
#1613=CARTESIAN_POINT('',(0.965740875596681,5.02383383722646,5.90249227723535));
#1614=CARTESIAN_POINT('',(1.12272901521758,5.11828385806287,5.81942182250892));
#1615=CARTESIAN_POINT('',(1.27908313351754,5.2123524276182,5.73668686089403));
#1616=CARTESIAN_POINT('',(1.41599548762787,5.32606920726722,5.63245096803727));
#1617=CARTESIAN_POINT('',(1.52146335959326,5.44723817226589,5.51272131479629));
#1618=CARTESIAN_POINT('',(1.62510279013085,5.56630649418494,5.39506735203851));
#1619=CARTESIAN_POINT('',(1.70129417674839,5.69586867075243,5.25895359512993));
#1620=CARTESIAN_POINT('',(1.74310352510954,5.82282948886791,5.11440678315386));
#1621=CARTESIAN_POINT('',(1.78383611442917,5.94652055478243,4.97358263352054));
#1622=CARTESIAN_POINT('',(1.79308113510887,6.07116307671058,4.82076098856554));
#1623=CARTESIAN_POINT('',(1.77000621689647,6.18587300216499,4.66877662788512));
#1624=CARTESIAN_POINT('',(1.74728458090786,6.29882669268139,4.51911918218786));
#1625=CARTESIAN_POINT('',(1.69265885610971,6.40527442713034,4.36622604612615));
#1626=CARTESIAN_POINT('',(1.61079441159609,6.49803200368578,4.22351513304681));
#1627=CARTESIAN_POINT('',(1.52828962001323,6.59151513383962,4.0796879293057));
#1628=CARTESIAN_POINT('',(1.41596312293751,6.67371211956436,3.94241087683343));
#1629=CARTESIAN_POINT('',(1.28293897400687,6.74089123571965,3.82398814697405));
#1630=CARTESIAN_POINT('',(1.14672425166953,6.80968163751904,3.70272505755834));
#1631=CARTESIAN_POINT('',(0.985174498018782,6.86471234308198,3.59804938046411));
#1632=CARTESIAN_POINT('',(0.811230802256329,6.90465440828267,3.51969423418891));
#1633=CARTESIAN_POINT('',(0.633459568330974,6.94547537730445,3.43961492475096));
#1634=CARTESIAN_POINT('',(0.437907505675923,6.97176509398981,3.38492250164979));
#1635=CARTESIAN_POINT('',(0.24049223024503,6.98331133642133,3.3609318318897));
#1636=CARTESIAN_POINT('',(0.0411987424490782,6.99496743000421,3.33671291448012));
#1637=CARTESIAN_POINT('',(-0.16546937869363,6.99195838044079,3.34315107498104));
#1638=CARTESIAN_POINT('',(-0.362444531423321,6.97429261221573,3.37960686459138));
#1639=CARTESIAN_POINT('',(-0.559704516503818,6.95660129872658,3.41611537043578));
#1640=CARTESIAN_POINT('',(-0.752704741815184,6.92365196725641,3.48371860073144));
#1641=CARTESIAN_POINT('',(-0.925347443688698,6.87581070065442,3.57571352442644));
#1642=CARTESIAN_POINT('',(-1.09762766099565,6.8280698826703,3.66751529347501));
#1643=CARTESIAN_POINT('',(-1.25446337794821,6.76399707341924,3.78614230643722));
#1644=CARTESIAN_POINT('',(-1.38235884291781,6.68559159909043,3.91986797866605));
#1645=CARTESIAN_POINT('',(-1.50874193562897,6.60811327463604,4.05201233605336));
#1646=CARTESIAN_POINT('',(-1.6104275997296,6.51424757285111,4.20260809208921));
#1647=CARTESIAN_POINT('',(-1.67826189771095,6.4093180156439,4.35696483510511));
#1648=CARTESIAN_POINT('',(-1.74445679030274,6.30692437443685,4.50759111603995));
#1649=CARTESIAN_POINT('',(-1.78027148303653,6.19099586089702,4.66600686040796));
#1650=CARTESIAN_POINT('',(-1.78244566219499,6.07053388657271,4.81779185228798));
#1651=CARTESIAN_POINT('',(-1.78457233138017,5.95270423680178,4.96626005176774));
#1652=CARTESIAN_POINT('',(-1.75460955809171,5.82729981186048,5.11248235235345));
#1653=CARTESIAN_POINT('',(-1.69517678170371,5.70548265096558,5.24499453951391));
#1654=CARTESIAN_POINT('',(-1.63584146560156,5.58386525080951,5.37728942779616));
#1655=CARTESIAN_POINT('',(-1.54559569235924,5.46262262614336,5.49955809819101));
#1656=CARTESIAN_POINT('',(-1.43189354553887,5.35323249949457,5.60405226656168));
#1657=CARTESIAN_POINT('',(-1.3159725507253,5.24170767205271,5.71058559322685));
#1658=CARTESIAN_POINT('',(-1.17260604032567,5.13961466850355,5.801612079796));
#1659=CARTESIAN_POINT('',(-1.01328514171822,5.05715593951038,5.87262069296791));
#1660=CARTESIAN_POINT('',(-0.850000872293138,4.97264591327367,5.94539576281755));
#1661=CARTESIAN_POINT('',(-0.665547771806238,4.90657745873044,5.99922673357759));
#1662=CARTESIAN_POINT('',(-0.474822449485869,4.86595711190498,6.03199480977076));
#1663=CARTESIAN_POINT('',(-0.32078937186676,4.83315141542294,6.05845887632619));
#1664=CARTESIAN_POINT('',(-0.1596958031419,4.81614831656838,6.07183789250269));
#1665=CARTESIAN_POINT('',(1.22124587646485E-12,4.81614831657123,6.07183789249912));
#1666=CARTESIAN_POINT('',(1.22124587646485E-12,4.81614831657123,6.07183789249912));
#1667=CARTESIAN_POINT('',(2.75,0.,-1.0842021724855E-16));
#1668=CARTESIAN_POINT('',(2.75,0.,-5.42101086242752E-17));
#1669=CARTESIAN_POINT('',(-2.75,0.,-5.42101086242752E-17));
#1670=CARTESIAN_POINT('',(0.,0.,8.));
#1671=CARTESIAN_POINT('',(0.,-6.25477622294172,4.98776246436445));
#1672=CARTESIAN_POINT('',(0.,-7.79933451694698,-1.78055639976927));
#1673=CARTESIAN_POINT('',(0.,-3.47053076472083,-7.20801055847772));
#1674=CARTESIAN_POINT('',(0.,3.47178874702284,-7.20740472681017));
#1675=CARTESIAN_POINT('',(0.,7.79964516387168,-1.77919513198895));
#1676=CARTESIAN_POINT('',(0.,6.25390559890737,4.98885405278156));
#1677=CARTESIAN_POINT('',(-3.1,0.,0.));
#1678=CARTESIAN_POINT('',(-3.1,0.,-7.));
#1679=CARTESIAN_POINT('',(-2.47991935352745,0.,0.));
#1680=CARTESIAN_POINT('',(-2.47991935352745,0.,7.));
#1681=CARTESIAN_POINT('',(3.5,0.,0.));
#1682=CARTESIAN_POINT('',(-3.5,0.,0.));
#1683=CARTESIAN_POINT('',(-3.5,0.,-4.4));
#1684=CARTESIAN_POINT('',(-3.5,0.,0.));
#1685=CARTESIAN_POINT('',(-3.5,0.,-6.6));
#1686=CARTESIAN_POINT('',(-3.5,0.,0.));
#1687=CARTESIAN_POINT('',(2.21421370850666,0.,0.));
#1688=CARTESIAN_POINT('',(2.21421370850666,0.,6.83928571428571));
#1689=CARTESIAN_POINT('',(-2.21421370850666,0.,0.));
#1690=CARTESIAN_POINT('',(-2.21421370850666,0.,-6.83928571428571));
#1691=CARTESIAN_POINT('',(0.,0.,0.));
#1692=CARTESIAN_POINT('',(3.5,0.,0.));
#1693=CARTESIAN_POINT('',(3.5,0.,-4.4));
#1694=CARTESIAN_POINT('',(3.5,0.,0.));
#1695=CARTESIAN_POINT('',(3.5,0.,-6.6));
#1696=CARTESIAN_POINT('',(3.5,0.,0.));
#1697=CARTESIAN_POINT('',(3.1,0.,0.));
#1698=CARTESIAN_POINT('',(3.1,0.,-7.));
#1699=CARTESIAN_POINT('',(2.47991935352745,0.,0.));
#1700=CARTESIAN_POINT('',(2.47991935352745,0.,-7.));
#1701=CARTESIAN_POINT('',(3.5,0.,0.));
#1702=CARTESIAN_POINT('',(-3.1,0.,0.));
#1703=CARTESIAN_POINT('',(-3.1,0.,-4.));
#1704=CARTESIAN_POINT('',(3.1,0.,0.));
#1705=CARTESIAN_POINT('',(3.1,0.,-4.));
#1706=CARTESIAN_POINT('',(3.5,0.,0.));
#1707=CARTESIAN_POINT('',(2.47991935352745,0.,0.));
#1708=CARTESIAN_POINT('',(-2.47991935352745,0.,0.));
#1709=CARTESIAN_POINT('',(-3.1,0.,0.));
#1710=CARTESIAN_POINT('',(3.1,0.,0.));
#1711=CARTESIAN_POINT('',(-3.1,0.,0.));
#1712=CARTESIAN_POINT('',(3.1,0.,0.));
#1713=CARTESIAN_POINT('',(-3.1,0.,0.));
#1714=CARTESIAN_POINT('',(-3.1,0.,-9.00000000000001));
#1715=CARTESIAN_POINT('',(-1.58508674841473,0.,0.));
#1716=CARTESIAN_POINT('',(-1.58508674841473,0.,-9.00000000000001));
#1717=CARTESIAN_POINT('',(3.5,0.,0.));
#1718=CARTESIAN_POINT('',(-3.1,0.,0.));
#1719=CARTESIAN_POINT('',(-3.1,0.,-11.));
#1720=CARTESIAN_POINT('',(3.1,0.,0.));
#1721=CARTESIAN_POINT('',(3.1,0.,-11.));
#1722=CARTESIAN_POINT('',(3.5,0.,0.));
#1723=CARTESIAN_POINT('',(3.1,0.,0.));
#1724=CARTESIAN_POINT('',(3.1,0.,-9.00000000000001));
#1725=CARTESIAN_POINT('',(1.58508674841473,0.,0.));
#1726=CARTESIAN_POINT('',(1.58508674841473,0.,9.00000000000001));
#1727=CARTESIAN_POINT('',(3.5,0.,0.));
#1728=CARTESIAN_POINT('',(3.5,0.,0.));
#1729=CARTESIAN_POINT('',(3.5,0.,-10.6));
#1730=CARTESIAN_POINT('',(3.5,0.,0.));
#1731=CARTESIAN_POINT('',(3.5,0.,-9.4));
#1732=CARTESIAN_POINT('',(3.5,0.,0.));
#1733=CARTESIAN_POINT('',(-3.5,0.,0.));
#1734=CARTESIAN_POINT('',(-3.5,0.,-9.4));
#1735=CARTESIAN_POINT('',(-3.5,0.,0.));
#1736=CARTESIAN_POINT('',(-3.5,0.,-10.6));
#1737=CARTESIAN_POINT('',(-3.5,0.,0.));
#1738=CARTESIAN_POINT('',(-1.35312283401257,0.,0.));
#1739=CARTESIAN_POINT('',(-1.35312283401257,0.,-9.10975609756097));
#1740=CARTESIAN_POINT('',(1.35312283401257,0.,0.));
#1741=CARTESIAN_POINT('',(1.35312283401257,0.,9.10975609756097));
#1742=CARTESIAN_POINT('',(0.,0.,0.));
#1743=CARTESIAN_POINT('',(-1.58508674841473,0.,0.));
#1744=CARTESIAN_POINT('',(1.58508674841473,0.,0.));
#1745=CARTESIAN_POINT('',(-3.1,0.,0.));
#1746=CARTESIAN_POINT('',(-3.1,0.,0.));
#1747=CARTESIAN_POINT('',(3.1,0.,0.));
#1748=CARTESIAN_POINT('',(3.1,0.,0.));
#1749=CARTESIAN_POINT('',(0.,0.,-1.75));
#1750=CARTESIAN_POINT('',(0.,0.,0.));
#1751=CARTESIAN_POINT('',(0.,0.,0.));
#1752=CARTESIAN_POINT('',(0.,0.,0.));
#1753=CARTESIAN_POINT('',(0.,0.,0.));
#1754=CARTESIAN_POINT('',(0.,0.,8.));
#1755=CARTESIAN_POINT('',(0.,-6.25477622294172,4.98776246436444));
#1756=CARTESIAN_POINT('',(0.,-7.79933451694698,-1.78055639976927));
#1757=CARTESIAN_POINT('',(0.,-3.47053076472083,-7.20801055847772));
#1758=CARTESIAN_POINT('',(0.,3.47178874702284,-7.20740472681017));
#1759=CARTESIAN_POINT('',(0.,7.79964516387168,-1.77919513198894));
#1760=CARTESIAN_POINT('',(0.,6.25390559890737,4.98885405278157));
#1761=MECHANICAL_DESIGN_GEOMETRIC_PRESENTATION_REPRESENTATION('',(#131),
#1766);
#1762=MECHANICAL_DESIGN_GEOMETRIC_PRESENTATION_REPRESENTATION('',(#132),
#1767);
#1763=MECHANICAL_DESIGN_GEOMETRIC_PRESENTATION_REPRESENTATION('',(#133),
#1768);
#1764=MECHANICAL_DESIGN_GEOMETRIC_PRESENTATION_REPRESENTATION('',(#134),
#1769);
#1765=(
GEOMETRIC_REPRESENTATION_CONTEXT(3)
GLOBAL_UNCERTAINTY_ASSIGNED_CONTEXT((#1770))
GLOBAL_UNIT_ASSIGNED_CONTEXT((#1800,#1780,#1775))
REPRESENTATION_CONTEXT('Assembly','TOP_LEVEL_ASSEMBLY_PART')
);
#1766=(
GEOMETRIC_REPRESENTATION_CONTEXT(3)
GLOBAL_UNCERTAINTY_ASSIGNED_CONTEXT((#1771))
GLOBAL_UNIT_ASSIGNED_CONTEXT((#1801,#1781,#1776))
REPRESENTATION_CONTEXT('Cage','COMPONENT_PART')
);
#1767=(
GEOMETRIC_REPRESENTATION_CONTEXT(3)
GLOBAL_UNCERTAINTY_ASSIGNED_CONTEXT((#1772))
GLOBAL_UNIT_ASSIGNED_CONTEXT((#1802,#1782,#1777))
REPRESENTATION_CONTEXT('Inner Ring','COMPONENT_PART')
);
#1768=(
GEOMETRIC_REPRESENTATION_CONTEXT(3)
GLOBAL_UNCERTAINTY_ASSIGNED_CONTEXT((#1773))
GLOBAL_UNIT_ASSIGNED_CONTEXT((#1803,#1783,#1778))
REPRESENTATION_CONTEXT('Outer race','COMPONENT_PART')
);
#1769=(
GEOMETRIC_REPRESENTATION_CONTEXT(3)
GLOBAL_UNCERTAINTY_ASSIGNED_CONTEXT((#1774))
GLOBAL_UNIT_ASSIGNED_CONTEXT((#1804,#1784,#1779))
REPRESENTATION_CONTEXT('Steel Ball','COMPONENT_PART')
);
#1770=UNCERTAINTY_MEASURE_WITH_UNIT(LENGTH_MEASURE(2.E-5),#1800,
'DISTANCE_ACCURACY_VALUE','Maximum Tolerance applied to model');
#1771=UNCERTAINTY_MEASURE_WITH_UNIT(LENGTH_MEASURE(0.0508),#1801,
'DISTANCE_ACCURACY_VALUE','Maximum Tolerance applied to model');
#1772=UNCERTAINTY_MEASURE_WITH_UNIT(LENGTH_MEASURE(2.E-5),#1802,
'DISTANCE_ACCURACY_VALUE','Maximum Tolerance applied to model');
#1773=UNCERTAINTY_MEASURE_WITH_UNIT(LENGTH_MEASURE(2.E-5),#1803,
'DISTANCE_ACCURACY_VALUE','Maximum Tolerance applied to model');
#1774=UNCERTAINTY_MEASURE_WITH_UNIT(LENGTH_MEASURE(2.E-5),#1804,
'DISTANCE_ACCURACY_VALUE','Maximum Tolerance applied to model');
#1775=(
NAMED_UNIT(*)
SI_UNIT($,.STERADIAN.)
SOLID_ANGLE_UNIT()
);
#1776=(
NAMED_UNIT(*)
SI_UNIT($,.STERADIAN.)
SOLID_ANGLE_UNIT()
);
#1777=(
NAMED_UNIT(*)
SI_UNIT($,.STERADIAN.)
SOLID_ANGLE_UNIT()
);
#1778=(
NAMED_UNIT(*)
SI_UNIT($,.STERADIAN.)
SOLID_ANGLE_UNIT()
);
#1779=(
NAMED_UNIT(*)
SI_UNIT($,.STERADIAN.)
SOLID_ANGLE_UNIT()
);
#1780=(
CONVERSION_BASED_UNIT('DEGREE',#1790)
NAMED_UNIT(#1785)
PLANE_ANGLE_UNIT()
);
#1781=(
CONVERSION_BASED_UNIT('DEGREE',#1791)
NAMED_UNIT(#1786)
PLANE_ANGLE_UNIT()
);
#1782=(
CONVERSION_BASED_UNIT('DEGREE',#1792)
NAMED_UNIT(#1787)
PLANE_ANGLE_UNIT()
);
#1783=(
CONVERSION_BASED_UNIT('DEGREE',#1793)
NAMED_UNIT(#1788)
PLANE_ANGLE_UNIT()
);
#1784=(
CONVERSION_BASED_UNIT('DEGREE',#1794)
NAMED_UNIT(#1789)
PLANE_ANGLE_UNIT()
);
#1785=DIMENSIONAL_EXPONENTS(0.,0.,0.,0.,0.,0.,0.);
#1786=DIMENSIONAL_EXPONENTS(0.,0.,0.,0.,0.,0.,0.);
#1787=DIMENSIONAL_EXPONENTS(0.,0.,0.,0.,0.,0.,0.);
#1788=DIMENSIONAL_EXPONENTS(0.,0.,0.,0.,0.,0.,0.);
#1789=DIMENSIONAL_EXPONENTS(0.,0.,0.,0.,0.,0.,0.);
#1790=PLANE_ANGLE_MEASURE_WITH_UNIT(PLANE_ANGLE_MEASURE(0.0174532925),#1795);
#1791=PLANE_ANGLE_MEASURE_WITH_UNIT(PLANE_ANGLE_MEASURE(0.0174532925),#1796);
#1792=PLANE_ANGLE_MEASURE_WITH_UNIT(PLANE_ANGLE_MEASURE(0.0174532925),#1797);
#1793=PLANE_ANGLE_MEASURE_WITH_UNIT(PLANE_ANGLE_MEASURE(0.0174532925),#1798);
#1794=PLANE_ANGLE_MEASURE_WITH_UNIT(PLANE_ANGLE_MEASURE(0.0174532925),#1799);
#1795=(
NAMED_UNIT(*)
PLANE_ANGLE_UNIT()
SI_UNIT($,.RADIAN.)
);
#1796=(
NAMED_UNIT(*)
PLANE_ANGLE_UNIT()
SI_UNIT($,.RADIAN.)
);
#1797=(
NAMED_UNIT(*)
PLANE_ANGLE_UNIT()
SI_UNIT($,.RADIAN.)
);
#1798=(
NAMED_UNIT(*)
PLANE_ANGLE_UNIT()
SI_UNIT($,.RADIAN.)
);
#1799=(
NAMED_UNIT(*)
PLANE_ANGLE_UNIT()
SI_UNIT($,.RADIAN.)
);
#1800=(
LENGTH_UNIT()
NAMED_UNIT(*)
SI_UNIT(.MILLI.,.METRE.)
);
#1801=(
LENGTH_UNIT()
NAMED_UNIT(*)
SI_UNIT(.MILLI.,.METRE.)
);
#1802=(
LENGTH_UNIT()
NAMED_UNIT(*)
SI_UNIT(.MILLI.,.METRE.)
);
#1803=(
LENGTH_UNIT()
NAMED_UNIT(*)
SI_UNIT(.MILLI.,.METRE.)
);
#1804=(
LENGTH_UNIT()
NAMED_UNIT(*)
SI_UNIT(.MILLI.,.METRE.)
);
ENDSEC;
END-ISO-10303-21;
