ISO-10303-21;
HEADER;
FILE_DESCRIPTION (( 'STEP AP214' ),
    '1' );
FILE_NAME ('assembly pen 3 step.STEP',
    '2023-10-17T08:13:47',
    ( '' ),
    ( '' ),
    'SwSTEP 2.0',
    'SolidWorks 2015',
    '' );
FILE_SCHEMA (( 'AUTOMOTIVE_DESIGN' ));
ENDSEC;

DATA;
#1 = CARTESIAN_POINT ( 'NONE',  ( 0.0000000000000000000, 2.670593098268424800E-035, -8.400000000000000400 ) ) ;
#2 =( NAMED_UNIT ( * ) SI_UNIT ( $, .STERADIAN. ) SOLID_ANGLE_UNIT ( ) );
#3 = DIRECTION ( 'NONE',  ( 0.0000000000000000000, 0.0000000000000000000, 1.000000000000000000 ) ) ;
#4 = VECTOR ( 'NONE', #1792, 1000.000000000000000 ) ;
#5 = ORIENTED_EDGE ( 'NONE', *, *, #793, .T. ) ;
#6 = AXIS2_PLACEMENT_3D ( 'NONE', #1637, #2953, #3245 ) ;
#7 = ADVANCED_FACE ( 'NONE', ( #1546 ), #2631, .F. ) ;
#8 = CIRCLE ( 'NONE', #1811, 2.226494343631695300 ) ;
#9 = AXIS2_PLACEMENT_3D ( 'NONE', #1327, #1610, #1579 ) ;
#10 = ORIENTED_EDGE ( 'NONE', *, *, #724, .F. ) ;
#11 = CARTESIAN_POINT ( 'NONE',  ( 0.0000000000000000000, 1.405886405471107700E-035, -4.185247264664062600 ) ) ;
#12 = VERTEX_POINT ( 'NONE', #483 ) ;
#13 = VERTEX_POINT ( 'NONE', #3182 ) ;
#14 = AXIS2_PLACEMENT_3D ( 'NONE', #3366, #1481, #3348 ) ;
#15 = ORIENTED_EDGE ( 'NONE', *, *, #1202, .T. ) ;
#16 = ORIENTED_EDGE ( 'NONE', *, *, #649, .T. ) ;
#17 = CARTESIAN_POINT ( 'NONE',  ( -0.5999999999999998700, 3.041381265149109200, 0.001000000000001000100 ) ) ;
#18 = CYLINDRICAL_SURFACE ( 'NONE', #2542, 4.250000000000000000 ) ;
#19 = EDGE_CURVE ( 'NONE', #704, #605, #8, .T. ) ;
#20 = AXIS2_PLACEMENT_3D ( 'NONE', #2939, #1345, #1329 ) ;
#21 = EDGE_LOOP ( 'NONE', ( #410, #656, #208, #259 ) ) ;
#22 = CARTESIAN_POINT ( 'NONE',  ( 3.350000000000001400, 0.0000000000000000000, -5.500000000000000900 ) ) ;
#23 = FILL_AREA_STYLE ('',( #3487 ) ) ;
#24 = UNCERTAINTY_MEASURE_WITH_UNIT (LENGTH_MEASURE( 1.000000000000000100E-005 ), #2861, 'distance_accuracy_value', 'NONE');
#25 = ORIENTED_EDGE ( 'NONE', *, *, #3189, .T. ) ;
#26 = DIRECTION ( 'NONE',  ( 0.0000000000000000000, -1.000000000000000000, 0.0000000000000000000 ) ) ;
#27 = ORIENTED_EDGE ( 'NONE', *, *, #3018, .T. ) ;
#28 = CARTESIAN_POINT ( 'NONE',  ( -2.726494343631696200, 0.0000000000000000000, -9.199999999999999300 ) ) ;
#29 = EDGE_CURVE ( 'NONE', #3258, #1920, #2274, .T. ) ;
#30 = FACE_OUTER_BOUND ( 'NONE', #2029, .T. ) ;
#31 = ADVANCED_FACE ( 'NONE', ( #1994, #834 ), #3171, .F. ) ;
#32 = DIRECTION ( 'NONE',  ( -0.0000000000000000000, -3.000666402548790900E-036, 1.000000000000000000 ) ) ;
#33 = CARTESIAN_POINT ( 'NONE',  ( 21.00000000000000000, 0.0000000000000000000, 0.0000000000000000000 ) ) ;
#34 = AXIS2_PLACEMENT_3D ( 'NONE', #1815, #3409, #164 ) ;
#35 = DIRECTION ( 'NONE',  ( -0.0000000000000000000, -0.0000000000000000000, 1.000000000000000000 ) ) ;
#36 = CARTESIAN_POINT ( 'NONE',  ( -0.5999999999999998700, 2.168524844220144100, -11.30000000000000100 ) ) ;
#37 = EDGE_CURVE ( 'NONE', #1491, #1458, #2623, .T. ) ;
#38 = FACE_OUTER_BOUND ( 'NONE', #2508, .T. ) ;
#39 = CARTESIAN_POINT ( 'NONE',  ( 0.0000000000000000000, 0.0000000000000000000, -6.200000000000001100 ) ) ;
#40 = CYLINDRICAL_SURFACE ( 'NONE', #1533, 1.399999999999999900 ) ;
#41 = AXIS2_PLACEMENT_3D ( 'NONE', #1468, #638, #919 ) ;
#42 = CIRCLE ( 'NONE', #3048, 3.049999999999999400 ) ;
#43 = ADVANCED_FACE ( 'NONE', ( #1634 ), #1297, .F. ) ;
#44 = CIRCLE ( 'NONE', #377, 3.749999999999999600 ) ;
#45 = ORIENTED_EDGE ( 'NONE', *, *, #959, .F. ) ;
#46 = ORIENTED_EDGE ( 'NONE', *, *, #2766, .T. ) ;
#47 = ORIENTED_EDGE ( 'NONE', *, *, #2587, .T. ) ;
#48 = FACE_OUTER_BOUND ( 'NONE', #2520, .T. ) ;
#49 = EDGE_LOOP ( 'NONE', ( #2279, #602, #96, #3320 ) ) ;
#50 = VECTOR ( 'NONE', #908, 1000.000000000000000 ) ;
#51 = AXIS2_PLACEMENT_3D ( 'NONE', #1793, #2061, #2842 ) ;
#52 = EDGE_CURVE ( 'NONE', #1458, #1491, #95, .T. ) ;
#53 = DIRECTION ( 'NONE',  ( 1.000000000000000000, 0.0000000000000000000, 0.0000000000000000000 ) ) ;
#54 = EDGE_LOOP ( 'NONE', ( #2432, #2301, #2969, #575 ) ) ;
#55 = MECHANICAL_DESIGN_GEOMETRIC_PRESENTATION_REPRESENTATION (  '', ( #3304 ), #2371 ) ;
#56 = EDGE_LOOP ( 'NONE', ( #1580, #5, #1738, #1779 ) ) ;
#57 = EDGE_CURVE ( 'NONE', #343, #420, #1455, .T. ) ;
#58 =( GEOMETRIC_REPRESENTATION_CONTEXT ( 3 ) GLOBAL_UNCERTAINTY_ASSIGNED_CONTEXT ( ( #2254 ) ) GLOBAL_UNIT_ASSIGNED_CONTEXT ( ( #528, #2409, #2649 ) ) REPRESENTATION_CONTEXT ( 'NONE', 'WORKASPACE' ) );
#59 = CARTESIAN_POINT ( 'NONE',  ( 1.714505518806294400E-016, 1.399999999999999900, 0.5000000000000000000 ) ) ;
#60 = ORIENTED_EDGE ( 'NONE', *, *, #485, .T. ) ;
#61 =( REPRESENTATION_RELATIONSHIP ('NONE','NONE', #2910, #625 ) REPRESENTATION_RELATIONSHIP_WITH_TRANSFORMATION ( #2449 )SHAPE_REPRESENTATION_RELATIONSHIP( ) );
#62 = ORIENTED_EDGE ( 'NONE', *, *, #200, .T. ) ;
#63 = EDGE_LOOP ( 'NONE', ( #2243, #3228, #1469, #739 ) ) ;
#64 =( NAMED_UNIT ( * ) SI_UNIT ( $, .STERADIAN. ) SOLID_ANGLE_UNIT ( ) );
#65 = CARTESIAN_POINT ( 'NONE',  ( 4.099999999999999600, 0.0000000000000000000, -5.500000000000000000 ) ) ;
#66 = DIRECTION ( 'NONE',  ( -0.0000000000000000000, -0.0000000000000000000, 1.000000000000000000 ) ) ;
#67 = EDGE_CURVE ( 'NONE', #894, #1715, #2869, .T. ) ;
#68 = EDGE_LOOP ( 'NONE', ( #2226, #1479, #308, #344 ) ) ;
#69 = LINE ( 'NONE', #3128, #1980 ) ;
#70 = APPLICATION_PROTOCOL_DEFINITION ( 'draft international standard', 'automotive_design', 1998, #1108 ) ;
#71 = AXIS2_PLACEMENT_3D ( 'NONE', #3203, #2949, #3233 ) ;
#72 = CARTESIAN_POINT ( 'NONE',  ( 0.0000000000000000000, 3.017480714015693700E-036, -0.5056035257543526300 ) ) ;
#73 = DIRECTION ( 'NONE',  ( -0.0000000000000000000, -0.0000000000000000000, 1.000000000000000000 ) ) ;
#74 = CIRCLE ( 'NONE', #609, 3.000000000000000000 ) ;
#75 = AXIS2_PLACEMENT_3D ( 'NONE', #1560, #2859, #2106 ) ;
#76 = CARTESIAN_POINT ( 'NONE',  ( -0.5999999999999998700, 2.990401310861135400, -0.5597388654400544700 ) ) ;
#77 = VECTOR ( 'NONE', #169, 1000.000000000000000 ) ;
#78 = CARTESIAN_POINT ( 'NONE',  ( 2.750000000000000000, 0.0000000000000000000, 1.229901415993585000E-012 ) ) ;
#79 = CARTESIAN_POINT ( 'NONE',  ( 0.0000000000000000000, 0.0000000000000000000, -9.199999999999999300 ) ) ;
#80 = EDGE_CURVE ( 'NONE', #2185, #2076, #3328, .T. ) ;
#81 = LINE ( 'NONE', #502, #862 ) ;
#82 = PLANE ( 'NONE',  #2045 ) ;
#83 = CONICAL_SURFACE ( 'NONE', #3161, 1.501558338304084000, 0.07897210774139212800 ) ;
#84 = CARTESIAN_POINT ( 'NONE',  ( -0.5999999999999998700, -3.041381265149109200, -11.30000000000000100 ) ) ;
#85 = ORIENTED_EDGE ( 'NONE', *, *, #3321, .F. ) ;
#86 = VECTOR ( 'NONE', #542, 1000.000000000000000 ) ;
#87 = VECTOR ( 'NONE', #3222, 1000.000000000000000 ) ;
#88 = DIRECTION ( 'NONE',  ( -0.07889004717489316000, 0.0000000000000000000, -0.9968833233918317200 ) ) ;
#89 = CARTESIAN_POINT ( 'NONE',  ( 1.253865028525067300E-016, 1.023858494872200700, -8.400000000000000400 ) ) ;
#90 = VERTEX_POINT ( 'NONE', #3273 ) ;
#91 = ORIENTED_EDGE ( 'NONE', *, *, #2427, .T. ) ;
#92 = PRESENTATION_STYLE_ASSIGNMENT (( #1728 ) ) ;
#93 = ORIENTED_EDGE ( 'NONE', *, *, #1437, .T. ) ;
#94 = AXIS2_PLACEMENT_3D ( 'NONE', #977, #2321, #3384 ) ;
#95 = CIRCLE ( 'NONE', #2651, 4.049999999999999800 ) ;
#96 = ORIENTED_EDGE ( 'NONE', *, *, #126, .F. ) ;
#97 = ORIENTED_EDGE ( 'NONE', *, *, #2170, .T. ) ;
#98 = EDGE_CURVE ( 'NONE', #3258, #3190, #1915, .T. ) ;
#99 = SURFACE_SIDE_STYLE ('',( #2475 ) ) ;
#100 = EDGE_LOOP ( 'NONE', ( #430, #162 ) ) ;
#101 = DIRECTION ( 'NONE',  ( 0.0000000000000000000, 0.0000000000000000000, 1.000000000000000000 ) ) ;
#102 =( NAMED_UNIT ( * ) SI_UNIT ( $, .STERADIAN. ) SOLID_ANGLE_UNIT ( ) );
#103 = VERTEX_POINT ( 'NONE', #22 ) ;
#104 = VERTEX_POINT ( 'NONE', #1357 ) ;
#105 = LINE ( 'NONE', #146, #1718 ) ;
#106 =( LENGTH_UNIT ( ) NAMED_UNIT ( * ) SI_UNIT ( .MILLI., .METRE. ) );
#107 = FILL_AREA_STYLE_COLOUR ( '', #2433 ) ;
#108 = CYLINDRICAL_SURFACE ( 'NONE', #2708, 2.750000000000000000 ) ;
#109 = AXIS2_PLACEMENT_3D ( 'NONE', #2694, #1094, #1938 ) ;
#110 = DIRECTION ( 'NONE',  ( 0.0000000000000000000, 1.000000000000000000, 0.0000000000000000000 ) ) ;
#111 = AXIS2_PLACEMENT_3D ( 'NONE', #3461, #225, #2135 ) ;
#112 = FACE_OUTER_BOUND ( 'NONE', #100, .T. ) ;
#113 = AXIS2_PLACEMENT_3D ( 'NONE', #1018, #2081, #1532 ) ;
#114 = CARTESIAN_POINT ( 'NONE',  ( 2.168524844220144100, 0.5999999999999998700, 0.001000000000001000100 ) ) ;
#115 = CYLINDRICAL_SURFACE ( 'NONE', #1655, 1.023858494872200700 ) ;
#116 = EDGE_CURVE ( 'NONE', #1251, #1080, #1925, .T. ) ;
#117 = SURFACE_SIDE_STYLE ('',( #1053 ) ) ;
#118 = DIRECTION ( 'NONE',  ( 1.000000000000000000, 0.0000000000000000000, 0.0000000000000000000 ) ) ;
#119 = CIRCLE ( 'NONE', #1767, 3.749999999999999600 ) ;
#120 = DIRECTION ( 'NONE',  ( 0.0000000000000000000, 0.0000000000000000000, -1.000000000000000000 ) ) ;
#121 = VECTOR ( 'NONE', #574, 1000.000000000000000 ) ;
#122 = ORIENTED_EDGE ( 'NONE', *, *, #1342, .F. ) ;
#123 = CIRCLE ( 'NONE', #627, 3.250000000000000000 ) ;
#124 = ORIENTED_EDGE ( 'NONE', *, *, #182, .T. ) ;
#125 = FACE_OUTER_BOUND ( 'NONE', #2982, .T. ) ;
#126 = EDGE_CURVE ( 'NONE', #696, #3460, #916, .T. ) ;
#127 = DIRECTION ( 'NONE',  ( 1.000000000000000000, 0.0000000000000000000, 0.0000000000000000000 ) ) ;
#128 = DIRECTION ( 'NONE',  ( 1.000000000000000000, 0.0000000000000000000, 0.0000000000000000000 ) ) ;
#129 = CYLINDRICAL_SURFACE ( 'NONE', #1451, 3.049999999999999400 ) ;
#130 = VERTEX_POINT ( 'NONE', #1394 ) ;
#131 = DIRECTION ( 'NONE',  ( -1.000000000000000000, 0.0000000000000000000, -0.0000000000000000000 ) ) ;
#132 = AXIS2_PLACEMENT_3D ( 'NONE', #2765, #1188, #889 ) ;
#133 = ORIENTED_EDGE ( 'NONE', *, *, #973, .F. ) ;
#134 = UNCERTAINTY_MEASURE_WITH_UNIT (LENGTH_MEASURE( 1.000000000000000100E-005 ), #2890, 'distance_accuracy_value', 'NONE');
#135 = CARTESIAN_POINT ( 'NONE',  ( 0.0000000000000000000, 0.0000000000000000000, -124.2000000000000000 ) ) ;
#136 = ORIENTED_EDGE ( 'NONE', *, *, #2036, .F. ) ;
#137 = PLANE ( 'NONE',  #1652 ) ;
#138 = ORIENTED_EDGE ( 'NONE', *, *, #811, .F. ) ;
#139 = ORIENTED_EDGE ( 'NONE', *, *, #2702, .T. ) ;
#140 = PLANE ( 'NONE',  #1226 ) ;
#141 = SHAPE_DEFINITION_REPRESENTATION ( #1746, #2910 ) ;
#142 = CARTESIAN_POINT ( 'NONE',  ( 0.0000000000000000000, 4.592425496802573000E-016, -3.750000000000000000 ) ) ;
#143 = CARTESIAN_POINT ( 'NONE',  ( 0.0000000000000000000, 0.0000000000000000000, -0.5597388654400544700 ) ) ;
#144 = DIRECTION ( 'NONE',  ( -0.0000000000000000000, -0.0000000000000000000, 1.000000000000000000 ) ) ;
#145 = DIRECTION ( 'NONE',  ( -0.0000000000000000000, -0.0000000000000000000, 1.000000000000000000 ) ) ;
#146 = CARTESIAN_POINT ( 'NONE',  ( 4.099999999999999600, 0.0000000000000000000, 1.229901415993585000E-012 ) ) ;
#147 = DIRECTION ( 'NONE',  ( -1.000000000000000000, 0.0000000000000000000, -0.0000000000000000000 ) ) ;
#148 = VECTOR ( 'NONE', #2085, 1000.000000000000000 ) ;
#149 = CARTESIAN_POINT ( 'NONE',  ( 0.6000000000000000900, -3.041381265149109200, -12.00000000000000000 ) ) ;
#150 = CARTESIAN_POINT ( 'NONE',  ( 2.688489208633093200, 3.292449703894718100E-016, -8.699999999999999300 ) ) ;
#151 = CIRCLE ( 'NONE', #2849, 3.099999999999999600 ) ;
#152 = EDGE_CURVE ( 'NONE', #3389, #1169, #2173, .T. ) ;
#153 = ADVANCED_FACE ( 'NONE', ( #2878 ), #18, .T. ) ;
#154 = CARTESIAN_POINT ( 'NONE',  ( 0.0000000000000000000, 0.0000000000000000000, -0.03944502358744703100 ) ) ;
#155 = VECTOR ( 'NONE', #1267, 1000.000000000000000 ) ;
#156 = PRESENTATION_LAYER_ASSIGNMENT (  '', '', ( #2823 ) ) ;
#157 = DIRECTION ( 'NONE',  ( -0.0000000000000000000, -0.0000000000000000000, 1.000000000000000000 ) ) ;
#158 = AXIS2_PLACEMENT_3D ( 'NONE', #3472, #1338, #3482 ) ;
#159 = CONICAL_SURFACE ( 'NONE', #1063, 1.501558338304084000, 0.07897210774139212800 ) ;
#160 = DIRECTION ( 'NONE',  ( -1.000000000000000000, 0.0000000000000000000, 0.0000000000000000000 ) ) ;
#161 = DIRECTION ( 'NONE',  ( -0.0000000000000000000, -0.0000000000000000000, 1.000000000000000000 ) ) ;
#162 = ORIENTED_EDGE ( 'NONE', *, *, #2334, .T. ) ;
#163 = ORIENTED_EDGE ( 'NONE', *, *, #3052, .T. ) ;
#164 = DIRECTION ( 'NONE',  ( 1.000000000000000000, 0.0000000000000000000, 0.0000000000000000000 ) ) ;
#165 = EDGE_LOOP ( 'NONE', ( #1291, #2190, #2443, #2309, #2931, #1033, #2679, #954, #652, #10, #2478, #378, #949, #3303, #1438, #138, #262 ) ) ;
#166 = DIRECTION ( 'NONE',  ( -0.0000000000000000000, -0.0000000000000000000, 1.000000000000000000 ) ) ;
#167 = VERTEX_POINT ( 'NONE', #2467 ) ;
#168 = COLOUR_RGB ( '',0.7529411764705882200, 1.000000000000000000, 1.000000000000000000 ) ;
#169 = DIRECTION ( 'NONE',  ( -0.0000000000000000000, -3.000666402548790900E-036, 1.000000000000000000 ) ) ;
#170 = VERTEX_POINT ( 'NONE', #2522 ) ;
#171 = DIRECTION ( 'NONE',  ( 0.0000000000000000000, 1.000000000000000000, 0.0000000000000000000 ) ) ;
#172 = CARTESIAN_POINT ( 'NONE',  ( 0.0000000000000000000, 0.0000000000000000000, -13.89999999999999500 ) ) ;
#173 = EDGE_LOOP ( 'NONE', ( #1391, #2223 ) ) ;
#174 = EDGE_CURVE ( 'NONE', #3008, #90, #1459, .T. ) ;
#175 = DIRECTION ( 'NONE',  ( 1.000000000000000000, 0.0000000000000000000, 0.0000000000000000000 ) ) ;
#176 = AXIS2_PLACEMENT_3D ( 'NONE', #503, #794, #3253 ) ;
#177 = DIRECTION ( 'NONE',  ( 1.000000000000000000, 0.0000000000000000000, 0.0000000000000000000 ) ) ;
#178 = EDGE_LOOP ( 'NONE', ( #2600, #1782, #3221, #2436 ) ) ;
#179 = DIRECTION ( 'NONE',  ( 0.0000000000000000000, -1.000000000000000000, 0.0000000000000000000 ) ) ;
#180 = CYLINDRICAL_SURFACE ( 'NONE', #982, 3.749999999999999600 ) ;
#181 = SURFACE_SIDE_STYLE ('',( #315 ) ) ;
#182 = EDGE_CURVE ( 'NONE', #3340, #2379, #3059, .T. ) ;
#183 = AXIS2_PLACEMENT_3D ( 'NONE', #154, #971, #3391 ) ;
#184 = EDGE_LOOP ( 'NONE', ( #1432, #211, #2269, #2917 ) ) ;
#185 = DIRECTION ( 'NONE',  ( -0.0000000000000000000, -0.0000000000000000000, 1.000000000000000000 ) ) ;
#186 = DIRECTION ( 'NONE',  ( -0.0000000000000000000, -0.0000000000000000000, 1.000000000000000000 ) ) ;
#187 = CARTESIAN_POINT ( 'NONE',  ( 2.168524844220144100, 0.5999999999999998700, -12.00000000000000000 ) ) ;
#188 = ORIENTED_EDGE ( 'NONE', *, *, #2446, .F. ) ;
#189 = DIRECTION ( 'NONE',  ( -0.0000000000000000000, -0.0000000000000000000, 1.000000000000000000 ) ) ;
#190 = DIRECTION ( 'NONE',  ( -0.0000000000000000000, -0.0000000000000000000, 1.000000000000000000 ) ) ;
#191 = ADVANCED_FACE ( 'NONE', ( #2794 ), #463, .F. ) ;
#192 = CARTESIAN_POINT ( 'NONE',  ( -2.688489208633093200, 0.0000000000000000000, -8.699999999999999300 ) ) ;
#193 = VECTOR ( 'NONE', #1161, 1000.000000000000000 ) ;
#194 = EDGE_CURVE ( 'NONE', #800, #2716, #2079, .T. ) ;
#195 = DIRECTION ( 'NONE',  ( 1.000000000000000000, 0.0000000000000000000, 0.0000000000000000000 ) ) ;
#196 = CIRCLE ( 'NONE', #2311, 2.250000000000000000 ) ;
#197 = AXIS2_PLACEMENT_3D ( 'NONE', #2908, #161, #3423 ) ;
#198 = LINE ( 'NONE', #2888, #2017 ) ;
#199 = CARTESIAN_POINT ( 'NONE',  ( 0.0000000000000000000, 0.0000000000000000000, 0.001000000000001000100 ) ) ;
#200 = EDGE_CURVE ( 'NONE', #1784, #1304, #3089, .T. ) ;
#201 = LINE ( 'NONE', #3312, #3006 ) ;
#202 = ORIENTED_EDGE ( 'NONE', *, *, #1835, .F. ) ;
#203 = ORIENTED_EDGE ( 'NONE', *, *, #2827, .F. ) ;
#204 = AXIS2_PLACEMENT_3D ( 'NONE', #1544, #3155, #2333 ) ;
#205 = LINE ( 'NONE', #248, #567 ) ;
#206 = ORIENTED_EDGE ( 'NONE', *, *, #2728, .F. ) ;
#207 = DIRECTION ( 'NONE',  ( -1.000000000000000000, 0.0000000000000000000, -0.0000000000000000000 ) ) ;
#208 = ORIENTED_EDGE ( 'NONE', *, *, #702, .T. ) ;
#209 = FACE_OUTER_BOUND ( 'NONE', #2444, .T. ) ;
#210 = CARTESIAN_POINT ( 'NONE',  ( -2.990401310861135400, 0.5999999999999998700, -5.500000000000000900 ) ) ;
#211 = ORIENTED_EDGE ( 'NONE', *, *, #274, .T. ) ;
#212 = ORIENTED_EDGE ( 'NONE', *, *, #454, .F. ) ;
#213 = CARTESIAN_POINT ( 'NONE',  ( -3.749999999999999600, 4.592425496802574000E-016, -0.5597388654400544700 ) ) ;
#214 = ORIENTED_EDGE ( 'NONE', *, *, #3227, .T. ) ;
#215 = DIRECTION ( 'NONE',  ( 1.000000000000000000, 0.0000000000000000000, 0.0000000000000000000 ) ) ;
#216 = ORIENTED_EDGE ( 'NONE', *, *, #1133, .T. ) ;
#217 = FILL_AREA_STYLE_COLOUR ( '', #2007 ) ;
#218 = ORIENTED_EDGE ( 'NONE', *, *, #2496, .T. ) ;
#219 = DIRECTION ( 'NONE',  ( -0.0000000000000000000, -0.0000000000000000000, 1.000000000000000000 ) ) ;
#220 = AXIS2_PLACEMENT_3D ( 'NONE', #2810, #1175, #1442 ) ;
#221 = EDGE_LOOP ( 'NONE', ( #212, #907 ) ) ;
#222 = DIRECTION ( 'NONE',  ( 0.0000000000000000000, 0.0000000000000000000, -1.000000000000000000 ) ) ;
#223 = EDGE_CURVE ( 'NONE', #3345, #2484, #3336, .T. ) ;
#224 = ORIENTED_EDGE ( 'NONE', *, *, #2672, .T. ) ;
#225 = DIRECTION ( 'NONE',  ( -0.0000000000000000000, -0.0000000000000000000, 1.000000000000000000 ) ) ;
#226 = PRESENTATION_LAYER_ASSIGNMENT (  '', '', ( #1582 ) ) ;
#227 = ADVANCED_FACE ( 'NONE', ( #1286 ), #3422, .F. ) ;
#228 = CARTESIAN_POINT ( 'NONE',  ( 0.0000000000000000000, 3.000000000000000000, -5.500000000000000000 ) ) ;
#229 = UNCERTAINTY_MEASURE_WITH_UNIT (LENGTH_MEASURE( 1.000000000000000100E-005 ), #3236, 'distance_accuracy_value', 'NONE');
#230 =( NAMED_UNIT ( * ) SI_UNIT ( $, .STERADIAN. ) SOLID_ANGLE_UNIT ( ) );
#231 = EDGE_CURVE ( 'NONE', #2182, #2086, #3254, .T. ) ;
#232 = DIRECTION ( 'NONE',  ( 1.000000000000000000, 0.0000000000000000000, 0.0000000000000000000 ) ) ;
#233 = ORIENTED_EDGE ( 'NONE', *, *, #1110, .F. ) ;
#234 = DIRECTION ( 'NONE',  ( -0.0000000000000000000, -3.000666402548790900E-036, 1.000000000000000000 ) ) ;
#235 = DIRECTION ( 'NONE',  ( 1.000000000000000000, 0.0000000000000000000, 0.0000000000000000000 ) ) ;
#236 = CARTESIAN_POINT ( 'NONE',  ( 0.0000000000000000000, 2.640586434242936700E-035, -8.300000000000002500 ) ) ;
#237 = CIRCLE ( 'NONE', #1929, 3.049999999999999400 ) ;
#238 = EDGE_CURVE ( 'NONE', #2024, #2669, #368, .T. ) ;
#239 = CIRCLE ( 'NONE', #2203, 2.250000000000000400 ) ;
#240 = APPLICATION_CONTEXT ( 'automotive_design' ) ;
#241 = CARTESIAN_POINT ( 'NONE',  ( 1.836970198721029900E-016, 1.500000000000000000, 0.5000000000000000000 ) ) ;
#242 = FACE_OUTER_BOUND ( 'NONE', #2240, .T. ) ;
#243 = ADVANCED_FACE ( 'NONE', ( #1534 ), #1736, .T. ) ;
#244 = PRESENTATION_LAYER_ASSIGNMENT (  '', '', ( #2653 ) ) ;
#245 = CARTESIAN_POINT ( 'NONE',  ( 1.714505518806294400E-016, -1.399999999999999900, -140.0000000000000000 ) ) ;
#246 = CARTESIAN_POINT ( 'NONE',  ( -0.5999999999999998700, 2.168524844220144100, 0.001000000000001000100 ) ) ;
#247 = FACE_BOUND ( 'NONE', #2097, .T. ) ;
#248 = CARTESIAN_POINT ( 'NONE',  ( -4.050000000000000700, 4.959819536546780600E-016, -0.5597388654400544700 ) ) ;
#249 = AXIS2_PLACEMENT_3D ( 'NONE', #2402, #1848, #784 ) ;
#250 = COLOUR_RGB ( '',0.2509803921568627400, 0.2509803921568627400, 0.2509803921568627400 ) ;
#251 = ORIENTED_EDGE ( 'NONE', *, *, #973, .T. ) ;
#252 = CONICAL_SURFACE ( 'NONE', #2819, 3.600000000000000100, 0.07897210774139223900 ) ;
#253 =( NAMED_UNIT ( * ) PLANE_ANGLE_UNIT ( ) SI_UNIT ( $, .RADIAN. ) );
#254 = SURFACE_STYLE_FILL_AREA ( #1203 ) ;
#255 = ORIENTED_EDGE ( 'NONE', *, *, #2853, .T. ) ;
#256 = EDGE_CURVE ( 'NONE', #1263, #1171, #3164, .T. ) ;
#257 = CARTESIAN_POINT ( 'NONE',  ( 0.0000000000000000000, 0.0000000000000000000, -116.0000000000000000 ) ) ;
#258 = CARTESIAN_POINT ( 'NONE',  ( 0.0000000000000000000, 0.0000000000000000000, -124.2000000000000000 ) ) ;
#259 = ORIENTED_EDGE ( 'NONE', *, *, #194, .F. ) ;
#260 = DIRECTION ( 'NONE',  ( -0.0000000000000000000, -1.000000000000000000, -0.0000000000000000000 ) ) ;
#261 = DIRECTION ( 'NONE',  ( -1.000000000000000000, -0.0000000000000000000, -0.0000000000000000000 ) ) ;
#262 = ORIENTED_EDGE ( 'NONE', *, *, #1471, .F. ) ;
#263 = ADVANCED_FACE ( 'NONE', ( #561 ), #1708, .T. ) ;
#264 = DIRECTION ( 'NONE',  ( -0.0000000000000000000, -0.0000000000000000000, 1.000000000000000000 ) ) ;
#265 = DIRECTION ( 'NONE',  ( 1.000000000000000000, 0.0000000000000000000, 0.0000000000000000000 ) ) ;
#266 = ORIENTED_EDGE ( 'NONE', *, *, #3196, .F. ) ;
#267 = DIRECTION ( 'NONE',  ( 0.2655876376708024000, -0.9640867215745908500, -1.976756537063495700E-015 ) ) ;
#268 = ADVANCED_BREP_SHAPE_REPRESENTATION ( '', ( #494, #402 ), #670 ) ;
#269 = ORIENTED_EDGE ( 'NONE', *, *, #1110, .T. ) ;
#270 = AXIS2_PLACEMENT_3D ( 'NONE', #1829, #2103, #477 ) ;
#271 = CARTESIAN_POINT ( 'NONE',  ( -3.041381265149109200, -0.5999999999999999800, -12.00000000000000000 ) ) ;
#272 = ORIENTED_EDGE ( 'NONE', *, *, #2914, .T. ) ;
#273 = DIRECTION ( 'NONE',  ( -0.0000000000000000000, -0.0000000000000000000, 1.000000000000000000 ) ) ;
#274 = EDGE_CURVE ( 'NONE', #826, #3173, #291, .T. ) ;
#275 = ORIENTED_EDGE ( 'NONE', *, *, #29, .T. ) ;
#276 = PRESENTATION_STYLE_ASSIGNMENT (( #2404 ) ) ;
#277 = CARTESIAN_POINT ( 'NONE',  ( -0.5999999999999997600, -2.168524844220144100, -11.30000000000000100 ) ) ;
#278 = FILL_AREA_STYLE_COLOUR ( '', #168 ) ;
#279 = APPLICATION_CONTEXT ( 'automotive_design' ) ;
#280 = AXIS2_PLACEMENT_3D ( 'NONE', #2050, #3162, #1315 ) ;
#281 = FILL_AREA_STYLE ('',( #1352 ) ) ;
#282 = ADVANCED_FACE ( 'NONE', ( #1823 ), #3094, .F. ) ;
#283 = CARTESIAN_POINT ( 'NONE',  ( 2.168524844220144100, -0.5999999999999999800, -5.500000000000000900 ) ) ;
#284 = CARTESIAN_POINT ( 'NONE',  ( -4.050000000000001600, 4.959819536546781600E-016, -6.200000000000001100 ) ) ;
#285 = CIRCLE ( 'NONE', #1821, 1.123858494872200600 ) ;
#286 = CARTESIAN_POINT ( 'NONE',  ( 2.750000000000000000, 0.0000000000000000000, -94.50000000000000000 ) ) ;
#287 = PRODUCT_CONTEXT ( 'NONE', #2707, 'mechanical' ) ;
#288 = ORIENTED_EDGE ( 'NONE', *, *, #1014, .F. ) ;
#289 = AXIS2_PLACEMENT_3D ( 'NONE', #143, #1520, #722 ) ;
#290 = CIRCLE ( 'NONE', #1979, 2.250000000000000400 ) ;
#291 = LINE ( 'NONE', #1760, #2381 ) ;
#292 = CARTESIAN_POINT ( 'NONE',  ( 2.750000000000000000, 0.0000000000000000000, -116.5000000000000000 ) ) ;
#293 = VERTEX_POINT ( 'NONE', #3282 ) ;
#294 =( GEOMETRIC_REPRESENTATION_CONTEXT ( 3 ) GLOBAL_UNCERTAINTY_ASSIGNED_CONTEXT ( ( #1785 ) ) GLOBAL_UNIT_ASSIGNED_CONTEXT ( ( #824, #2416, #508 ) ) REPRESENTATION_CONTEXT ( 'NONE', 'WORKASPACE' ) );
#295 = ORIENTED_EDGE ( 'NONE', *, *, #2561, .T. ) ;
#296 = DIRECTION ( 'NONE',  ( -0.0000000000000000000, -0.0000000000000000000, 1.000000000000000000 ) ) ;
#297 = CYLINDRICAL_SURFACE ( 'NONE', #476, 1.023858494872200700 ) ;
#298 = EDGE_CURVE ( 'NONE', #2547, #1213, #1536, .T. ) ;
#299 =( GEOMETRIC_REPRESENTATION_CONTEXT ( 3 ) GLOBAL_UNCERTAINTY_ASSIGNED_CONTEXT ( ( #886 ) ) GLOBAL_UNIT_ASSIGNED_CONTEXT ( ( #1090, #541, #2421 ) ) REPRESENTATION_CONTEXT ( 'NONE', 'WORKASPACE' ) );
#300 = ADVANCED_FACE ( 'NONE', ( #1586 ), #297, .F. ) ;
#301 = COLOUR_RGB ( '',0.7529411764705882200, 0.7529411764705882200, 0.7529411764705882200 ) ;
#302 = ORIENTED_EDGE ( 'NONE', *, *, #2514, .T. ) ;
#303 = CARTESIAN_POINT ( 'NONE',  ( 0.0000000000000000000, 0.0000000000000000000, 0.5000000000000000000 ) ) ;
#304 = EDGE_LOOP ( 'NONE', ( #2636, #2872, #307, #1034 ) ) ;
#305 =( LENGTH_UNIT ( ) NAMED_UNIT ( * ) SI_UNIT ( .MILLI., .METRE. ) );
#306 = FILL_AREA_STYLE_COLOUR ( '', #2014 ) ;
#307 = ORIENTED_EDGE ( 'NONE', *, *, #3052, .F. ) ;
#308 = ORIENTED_EDGE ( 'NONE', *, *, #358, .T. ) ;
#309 = EDGE_CURVE ( 'NONE', #914, #418, #2229, .T. ) ;
#310 = ORIENTED_EDGE ( 'NONE', *, *, #1505, .T. ) ;
#311 = CARTESIAN_POINT ( 'NONE',  ( -2.990401310861135400, -0.5999999999999999800, -0.5597388654400544700 ) ) ;
#312 = DIRECTION ( 'NONE',  ( -0.0000000000000000000, -0.0000000000000000000, 1.000000000000000000 ) ) ;
#313 = CARTESIAN_POINT ( 'NONE',  ( 0.0000000000000000000, 0.0000000000000000000, -11.30000000000000100 ) ) ;
#314 = AXIS2_PLACEMENT_3D ( 'NONE', #755, #2644, #1038 ) ;
#315 = SURFACE_STYLE_FILL_AREA ( #1809 ) ;
#316 = DIRECTION ( 'NONE',  ( 0.0000000000000000000, -0.0000000000000000000, 1.000000000000000000 ) ) ;
#317 = FILL_AREA_STYLE ('',( #306 ) ) ;
#318 = EDGE_LOOP ( 'NONE', ( #1869, #2891 ) ) ;
#319 = SURFACE_STYLE_FILL_AREA ( #495 ) ;
#320 = DIRECTION ( 'NONE',  ( 0.0000000000000000000, 0.0000000000000000000, -1.000000000000000000 ) ) ;
#321 = CARTESIAN_POINT ( 'NONE',  ( 0.0000000000000000000, 0.0000000000000000000, -119.7000000000000000 ) ) ;
#322 = EDGE_CURVE ( 'NONE', #3389, #420, #1871, .T. ) ;
#323 = PRESENTATION_STYLE_ASSIGNMENT (( #2167 ) ) ;
#324 = PRODUCT_DEFINITION_SHAPE ( 'NONE', 'NONE',  #3288 ) ;
#325 = CIRCLE ( 'NONE', #750, 2.750000000000000000 ) ;
#326 = DIRECTION ( 'NONE',  ( -0.0000000000000000000, -3.000666402548790900E-036, 1.000000000000000000 ) ) ;
#327 = LINE ( 'NONE', #1341, #1954 ) ;
#328 = CARTESIAN_POINT ( 'NONE',  ( 21.00000000000000000, 0.0000000000000000000, 3.750000000000000000 ) ) ;
#329 = DIRECTION ( 'NONE',  ( -0.0000000000000000000, -0.0000000000000000000, 1.000000000000000000 ) ) ;
#330 = ADVANCED_FACE ( 'NONE', ( #125 ), #2753, .F. ) ;
#331 = CYLINDRICAL_SURFACE ( 'NONE', #2395, 4.099999999999999600 ) ;
#332 = ORIENTED_EDGE ( 'NONE', *, *, #1411, .F. ) ;
#333 = VECTOR ( 'NONE', #958, 1000.000000000000000 ) ;
#334 = UNCERTAINTY_MEASURE_WITH_UNIT (LENGTH_MEASURE( 1.000000000000000100E-005 ), #3160, 'distance_accuracy_value', 'NONE');
#335 = ORIENTED_EDGE ( 'NONE', *, *, #1902, .T. ) ;
#336 = EDGE_CURVE ( 'NONE', #1213, #2976, #2389, .T. ) ;
#337 = CARTESIAN_POINT ( 'NONE',  ( -3.041381265149109200, 0.5999999999999998700, -11.30000000000000100 ) ) ;
#338 = SURFACE_STYLE_FILL_AREA ( #2579 ) ;
#339 = ORIENTED_EDGE ( 'NONE', *, *, #1163, .T. ) ;
#340 =( GEOMETRIC_REPRESENTATION_CONTEXT ( 3 ) GLOBAL_UNCERTAINTY_ASSIGNED_CONTEXT ( ( #2169 ) ) GLOBAL_UNIT_ASSIGNED_CONTEXT ( ( #3478, #253, #1096 ) ) REPRESENTATION_CONTEXT ( 'NONE', 'WORKASPACE' ) );
#341 =( NAMED_UNIT ( * ) PLANE_ANGLE_UNIT ( ) SI_UNIT ( $, .RADIAN. ) );
#342 = CARTESIAN_POINT ( 'NONE',  ( -2.168524844220144100, -0.5999999999999999800, -12.00000000000000000 ) ) ;
#343 = VERTEX_POINT ( 'NONE', #428 ) ;
#344 = ORIENTED_EDGE ( 'NONE', *, *, #1773, .F. ) ;
#345 = FILL_AREA_STYLE ('',( #636 ) ) ;
#346 = ORIENTED_EDGE ( 'NONE', *, *, #2390, .T. ) ;
#347 = ADVANCED_FACE ( 'NONE', ( #607 ), #2270, .T. ) ;
#348 = DIRECTION ( 'NONE',  ( -0.0000000000000000000, 1.000000000000000000, 0.0000000000000000000 ) ) ;
#349 = SURFACE_STYLE_FILL_AREA ( #1021 ) ;
#350 = DIRECTION ( 'NONE',  ( -0.0000000000000000000, -0.0000000000000000000, 1.000000000000000000 ) ) ;
#351 = ORIENTED_EDGE ( 'NONE', *, *, #881, .F. ) ;
#352 =( GEOMETRIC_REPRESENTATION_CONTEXT ( 3 ) GLOBAL_UNCERTAINTY_ASSIGNED_CONTEXT ( ( #2745 ) ) GLOBAL_UNIT_ASSIGNED_CONTEXT ( ( #1974, #341, #2530 ) ) REPRESENTATION_CONTEXT ( 'NONE', 'WORKASPACE' ) );
#353 = AXIS2_PLACEMENT_3D ( 'NONE', #1111, #2218, #2516 ) ;
#354 = PRODUCT ( 'assembly pen 3 step', 'assembly pen 3 step', '', ( #1647 ) ) ;
#355 = CARTESIAN_POINT ( 'NONE',  ( 0.0000000000000000000, 0.0000000000000000000, -11.30000000000000100 ) ) ;
#356 = AXIS2_PLACEMENT_3D ( 'NONE', #534, #3195, #1605 ) ;
#357 =( NAMED_UNIT ( * ) PLANE_ANGLE_UNIT ( ) SI_UNIT ( $, .RADIAN. ) );
#358 = EDGE_CURVE ( 'NONE', #577, #2724, #1671, .T. ) ;
#359 = AXIS2_PLACEMENT_3D ( 'NONE', #2053, #144, #1225 ) ;
#360 = DIRECTION ( 'NONE',  ( 0.0000000000000000000, 0.0000000000000000000, -1.000000000000000000 ) ) ;
#361 = VECTOR ( 'NONE', #1017, 1000.000000000000000 ) ;
#362 = VECTOR ( 'NONE', #822, 1000.000000000000000 ) ;
#363 = DIRECTION ( 'NONE',  ( -0.0000000000000000000, -0.0000000000000000000, 1.000000000000000000 ) ) ;
#364 = VECTOR ( 'NONE', #1548, 1000.000000000000000 ) ;
#365 = DIRECTION ( 'NONE',  ( -0.0000000000000000000, -3.000666402548790900E-036, 1.000000000000000000 ) ) ;
#366 = VERTEX_POINT ( 'NONE', #1506 ) ;
#367 = EDGE_CURVE ( 'NONE', #1206, #1040, #2472, .T. ) ;
#368 = CIRCLE ( 'NONE', #1037, 2.250000000000000000 ) ;
#369 = DIRECTION ( 'NONE',  ( -1.000000000000000000, 0.0000000000000000000, 0.0000000000000000000 ) ) ;
#370 = ORIENTED_EDGE ( 'NONE', *, *, #1004, .F. ) ;
#371 = DIRECTION ( 'NONE',  ( 0.0000000000000000000, 1.000000000000000000, 0.0000000000000000000 ) ) ;
#372 = ORIENTED_EDGE ( 'NONE', *, *, #1614, .F. ) ;
#373 = DIRECTION ( 'NONE',  ( 0.0000000000000000000, 0.0000000000000000000, -1.000000000000000000 ) ) ;
#374 = CIRCLE ( 'NONE', #2723, 0.4000000000000000200 ) ;
#375 = ORIENTED_EDGE ( 'NONE', *, *, #3240, .T. ) ;
#376 = PRODUCT_DEFINITION_SHAPE ( 'NONE', 'NONE',  #1676 ) ;
#377 = AXIS2_PLACEMENT_3D ( 'NONE', #1576, #1305, #175 ) ;
#378 = ORIENTED_EDGE ( 'NONE', *, *, #256, .F. ) ;
#379 = PRODUCT ( 'pen back', 'pen back', '', ( #1667 ) ) ;
#380 = LINE ( 'NONE', #930, #876 ) ;
#381 = ORIENTED_EDGE ( 'NONE', *, *, #2310, .F. ) ;
#382 = EDGE_CURVE ( 'NONE', #103, #2797, #1742, .T. ) ;
#383 = CARTESIAN_POINT ( 'NONE',  ( 0.0000000000000000000, -7.760134598266528000E-019, -0.1056035257543969500 ) ) ;
#384 = ORIENTED_EDGE ( 'NONE', *, *, #1058, .T. ) ;
#385 = PLANE ( 'NONE',  #425 ) ;
#386 = CARTESIAN_POINT ( 'NONE',  ( -3.041381265149109200, -0.5999999999999999800, 0.001000000000001000100 ) ) ;
#387 = ORIENTED_EDGE ( 'NONE', *, *, #2319, .T. ) ;
#388 = AXIS2_PLACEMENT_3D ( 'NONE', #3421, #3406, #3397 ) ;
#389 = CARTESIAN_POINT ( 'NONE',  ( 0.6000000000000000900, -3.041381265149109200, 0.001000000000001000100 ) ) ;
#390 = EDGE_LOOP ( 'NONE', ( #1543, #3056 ) ) ;
#391 = FILL_AREA_STYLE ('',( #2603 ) ) ;
#392 = VERTEX_POINT ( 'NONE', #1530 ) ;
#393 = PLANE ( 'NONE',  #1427 ) ;
#394 = CARTESIAN_POINT ( 'NONE',  ( 0.6000000000000000900, 2.990401310861135400, -11.30000000000000100 ) ) ;
#395 = VECTOR ( 'NONE', #1360, 1000.000000000000000 ) ;
#396 = EDGE_CURVE ( 'NONE', #2924, #522, #1962, .T. ) ;
#397 = DIRECTION ( 'NONE',  ( 0.07889004717489318800, 9.661244375731665800E-018, -0.9968833233918317200 ) ) ;
#398 = DIRECTION ( 'NONE',  ( 0.0000000000000000000, 3.000666402548790900E-036, -1.000000000000000000 ) ) ;
#399 = EDGE_CURVE ( 'NONE', #2277, #1629, #2302, .T. ) ;
#400 = ADVANCED_FACE ( 'NONE', ( #1828 ), #1170, .F. ) ;
#401 = LINE ( 'NONE', #1597, #1068 ) ;
#402 = AXIS2_PLACEMENT_3D ( 'NONE', #3451, #1299, #195 ) ;
#403 = CYLINDRICAL_SURFACE ( 'NONE', #1897, 3.099999999999999600 ) ;
#404 = EDGE_CURVE ( 'NONE', #1935, #1385, #3374, .T. ) ;
#405 = AXIS2_PLACEMENT_3D ( 'NONE', #2754, #2209, #53 ) ;
#406 = DIRECTION ( 'NONE',  ( -0.0000000000000000000, -0.0000000000000000000, 1.000000000000000000 ) ) ;
#407 = DIRECTION ( 'NONE',  ( 0.0000000000000000000, -0.0000000000000000000, 1.000000000000000000 ) ) ;
#408 = FACE_OUTER_BOUND ( 'NONE', #3212, .T. ) ;
#409 = CARTESIAN_POINT ( 'NONE',  ( 3.749999999999999600, 0.0000000000000000000, -0.5597388654400544700 ) ) ;
#410 = ORIENTED_EDGE ( 'NONE', *, *, #2352, .F. ) ;
#411 = CARTESIAN_POINT ( 'NONE',  ( 0.0000000000000000000, 0.0000000000000000000, 1.229901415993585000E-012 ) ) ;
#412 = CIRCLE ( 'NONE', #2566, 1.023858494872200700 ) ;
#413 = CARTESIAN_POINT ( 'NONE',  ( 0.0000000000000000000, 0.0000000000000000000, 1.229901415993585000E-012 ) ) ;
#414 = CARTESIAN_POINT ( 'NONE',  ( 0.0000000000000000000, 0.0000000000000000000, -11.30000000000000100 ) ) ;
#415 = CARTESIAN_POINT ( 'NONE',  ( 0.0000000000000000000, 2.250000000000000000, -119.7000000000000000 ) ) ;
#416 = CYLINDRICAL_SURFACE ( 'NONE', #815, 4.050000000000000700 ) ;
#417 = ORIENTED_EDGE ( 'NONE', *, *, #3125, .T. ) ;
#418 = VERTEX_POINT ( 'NONE', #1989 ) ;
#419 = EDGE_CURVE ( 'NONE', #2182, #1197, #785, .T. ) ;
#420 = VERTEX_POINT ( 'NONE', #3069 ) ;
#421 = CARTESIAN_POINT ( 'NONE',  ( 0.0000000000000000000, 0.0000000000000000000, 1.229901415993585000E-012 ) ) ;
#422 = ADVANCED_FACE ( 'NONE', ( #2343 ), #2671, .T. ) ;
#423 = VERTEX_POINT ( 'NONE', #2509 ) ;
#424 = CARTESIAN_POINT ( 'NONE',  ( 0.0000000000000000000, 1.500333201274395300E-036, 0.0000000000000000000 ) ) ;
#425 = AXIS2_PLACEMENT_3D ( 'NONE', #1525, #1275, #3112 ) ;
#426 = ORIENTED_EDGE ( 'NONE', *, *, #2010, .F. ) ;
#427 = CARTESIAN_POINT ( 'NONE',  ( -4.049999999999999800, 4.959819536546780600E-016, 2.168404344971008900E-016 ) ) ;
#428 = CARTESIAN_POINT ( 'NONE',  ( 2.990401310861135400, -0.5999999999999999800, -5.500000000000000900 ) ) ;
#429 = ORIENTED_EDGE ( 'NONE', *, *, #865, .T. ) ;
#430 = ORIENTED_EDGE ( 'NONE', *, *, #3337, .T. ) ;
#431 = CARTESIAN_POINT ( 'NONE',  ( 0.0000000000000000000, 0.0000000000000000000, -5.000000000000000000 ) ) ;
#432 = AXIS2_PLACEMENT_3D ( 'NONE', #2912, #1307, #2874 ) ;
#433 = ORIENTED_EDGE ( 'NONE', *, *, #1471, .T. ) ;
#434 = ORIENTED_EDGE ( 'NONE', *, *, #2561, .F. ) ;
#435 = CARTESIAN_POINT ( 'NONE',  ( -0.5999999999999998700, 2.168524844220144100, -12.00000000000000000 ) ) ;
#436 = EDGE_CURVE ( 'NONE', #1428, #366, #1339, .T. ) ;
#437 = LINE ( 'NONE', #446, #1800 ) ;
#438 = DIRECTION ( 'NONE',  ( 1.000000000000000000, 0.0000000000000000000, 0.0000000000000000000 ) ) ;
#439 = DIRECTION ( 'NONE',  ( -0.0000000000000000000, -0.0000000000000000000, 1.000000000000000000 ) ) ;
#440 = CARTESIAN_POINT ( 'NONE',  ( 0.0000000000000000000, 0.0000000000000000000, -6.200000000000001100 ) ) ;
#441 = ADVANCED_FACE ( 'NONE', ( #209 ), #1423, .F. ) ;
#442 = COLOUR_RGB ( '',0.7921568627450980000, 0.8196078431372548800, 0.9333333333333333500 ) ;
#443 = EDGE_CURVE ( 'NONE', #466, #687, #3215, .T. ) ;
#444 =( NAMED_UNIT ( * ) SI_UNIT ( $, .STERADIAN. ) SOLID_ANGLE_UNIT ( ) );
#445 = LINE ( 'NONE', #114, #1192 ) ;
#446 = CARTESIAN_POINT ( 'NONE',  ( 0.0000000000000000000, -1.500000000000000000, 0.5000000000000000000 ) ) ;
#447 = MECHANICAL_DESIGN_GEOMETRIC_PRESENTATION_REPRESENTATION (  '', ( #3133 ), #1409 ) ;
#448 = DIRECTION ( 'NONE',  ( -0.0000000000000000000, -3.000666402548790900E-036, 1.000000000000000000 ) ) ;
#449 = CIRCLE ( 'NONE', #3351, 3.750000000000000000 ) ;
#450 = DIRECTION ( 'NONE',  ( -0.0000000000000000000, -3.000666402548790900E-036, 1.000000000000000000 ) ) ;
#451 = DIRECTION ( 'NONE',  ( 0.0000000000000000000, 1.000000000000000000, 0.0000000000000000000 ) ) ;
#452 = FACE_OUTER_BOUND ( 'NONE', #21, .T. ) ;
#453 = DIRECTION ( 'NONE',  ( -0.0000000000000000000, -0.0000000000000000000, 1.000000000000000000 ) ) ;
#454 = EDGE_CURVE ( 'NONE', #708, #2248, #693, .T. ) ;
#455 = VECTOR ( 'NONE', #264, 1000.000000000000000 ) ;
#456 = PRODUCT_DEFINITION ( 'UNKNOWN', '', #1770, #2491 ) ;
#457 = DIRECTION ( 'NONE',  ( 1.000000000000000000, 0.0000000000000000000, 0.0000000000000000000 ) ) ;
#458 = AXIS2_PLACEMENT_3D ( 'NONE', #424, #448, #717 ) ;
#459 = LINE ( 'NONE', #2075, #4 ) ;
#460 = CARTESIAN_POINT ( 'NONE',  ( 21.00000000000000000, 0.0000000000000000000, 0.0000000000000000000 ) ) ;
#461 = DIRECTION ( 'NONE',  ( 1.000000000000000000, 0.0000000000000000000, 0.0000000000000000000 ) ) ;
#462 = FACE_OUTER_BOUND ( 'NONE', #2967, .T. ) ;
#463 = CONICAL_SURFACE ( 'NONE', #1860, 2.726494343631696200, 0.07897210774139221100 ) ;
#464 = CARTESIAN_POINT ( 'NONE',  ( 0.0000000000000000000, 0.0000000000000000000, -5.500000000000000900 ) ) ;
#465 = ORIENTED_EDGE ( 'NONE', *, *, #2998, .F. ) ;
#466 = VERTEX_POINT ( 'NONE', #1965 ) ;
#467 = PLANE ( 'NONE',  #3028 ) ;
#468 = CIRCLE ( 'NONE', #2268, 3.099999999999999600 ) ;
#469 = ORIENTED_EDGE ( 'NONE', *, *, #231, .T. ) ;
#470 = VERTEX_POINT ( 'NONE', #1701 ) ;
#471 = COLOUR_RGB ( '',0.7529411764705882200, 1.000000000000000000, 1.000000000000000000 ) ;
#472 = VERTEX_POINT ( 'NONE', #1473 ) ;
#473 = DIRECTION ( 'NONE',  ( -0.0000000000000000000, -0.0000000000000000000, 1.000000000000000000 ) ) ;
#474 = DIRECTION ( 'NONE',  ( 0.0000000000000000000, 0.0000000000000000000, -1.000000000000000000 ) ) ;
#475 = VERTEX_POINT ( 'NONE', #2554 ) ;
#476 = AXIS2_PLACEMENT_3D ( 'NONE', #1950, #2265, #2608 ) ;
#477 = DIRECTION ( 'NONE',  ( 1.000000000000000000, 0.0000000000000000000, 0.0000000000000000000 ) ) ;
#478 = AXIS2_PLACEMENT_3D ( 'NONE', #2988, #1683, #2445 ) ;
#479 = ORIENTED_EDGE ( 'NONE', *, *, #649, .F. ) ;
#480 = AXIS2_PLACEMENT_3D ( 'NONE', #2848, #2591, #3393 ) ;
#481 = VERTEX_POINT ( 'NONE', #65 ) ;
#482 = ADVANCED_FACE ( 'NONE', ( #3261 ), #252, .T. ) ;
#483 = CARTESIAN_POINT ( 'NONE',  ( 2.726494343631696200, 3.566741633828820600E-016, -9.199999999999999300 ) ) ;
#484 =( NAMED_UNIT ( * ) PLANE_ANGLE_UNIT ( ) SI_UNIT ( $, .RADIAN. ) );
#485 = EDGE_CURVE ( 'NONE', #1714, #1626, #2030, .T. ) ;
#486 = AXIS2_PLACEMENT_3D ( 'NONE', #1128, #855, #562 ) ;
#487 = DIRECTION ( 'NONE',  ( -0.0000000000000000000, -0.0000000000000000000, -1.000000000000000000 ) ) ;
#488 = DIRECTION ( 'NONE',  ( -0.0000000000000000000, -0.0000000000000000000, 1.000000000000000000 ) ) ;
#489 = ORIENTED_EDGE ( 'NONE', *, *, #2120, .T. ) ;
#490 = DIRECTION ( 'NONE',  ( -0.0000000000000000000, -0.0000000000000000000, 1.000000000000000000 ) ) ;
#491 = DIRECTION ( 'NONE',  ( 1.000000000000000000, 0.0000000000000000000, 0.0000000000000000000 ) ) ;
#492 = DIRECTION ( 'NONE',  ( 0.0000000000000000000, -0.0000000000000000000, 1.000000000000000000 ) ) ;
#493 = EDGE_CURVE ( 'NONE', #1380, #1714, #2131, .T. ) ;
#494 = MANIFOLD_SOLID_BREP ( 'Revolve1', #510 ) ;
#495 = FILL_AREA_STYLE ('',( #2119 ) ) ;
#496 = FACE_OUTER_BOUND ( 'NONE', #63, .T. ) ;
#497 = CARTESIAN_POINT ( 'NONE',  ( 0.0000000000000000000, 0.0000000000000000000, -5.000000000000000000 ) ) ;
#498 = ADVANCED_FACE ( 'NONE', ( #3466 ), #180, .T. ) ;
#499 = AXIS2_PLACEMENT_3D ( 'NONE', #11, #1627, #2411 ) ;
#500 = DIRECTION ( 'NONE',  ( 0.0000000000000000000, 3.000666402548790900E-036, -1.000000000000000000 ) ) ;
#501 = LINE ( 'NONE', #78, #2213 ) ;
#502 = CARTESIAN_POINT ( 'NONE',  ( -0.5999999999999998700, 2.168524844220144100, -12.00000000000000000 ) ) ;
#503 = CARTESIAN_POINT ( 'NONE',  ( 0.0000000000000000000, 0.0000000000000000000, -5.500000000000000900 ) ) ;
#504 = CIRCLE ( 'NONE', #630, 2.250000000000000400 ) ;
#505 = CARTESIAN_POINT ( 'NONE',  ( 0.0000000000000000000, 0.0000000000000000000, 0.0000000000000000000 ) ) ;
#506 = DIRECTION ( 'NONE',  ( 1.000000000000000000, 0.0000000000000000000, 0.0000000000000000000 ) ) ;
#507 = UNCERTAINTY_MEASURE_WITH_UNIT (LENGTH_MEASURE( 1.000000000000000100E-005 ), #106, 'distance_accuracy_value', 'NONE');
#508 =( NAMED_UNIT ( * ) SI_UNIT ( $, .STERADIAN. ) SOLID_ANGLE_UNIT ( ) );
#509 = FACE_OUTER_BOUND ( 'NONE', #3379, .T. ) ;
#510 = CLOSED_SHELL ( 'NONE', ( #1772, #2479, #191, #1392, #282, #1440, #1601, #1319, #227, #3485, #482, #2717, #3471 ) ) ;
#511 = EDGE_CURVE ( 'NONE', #293, #2043, #2983, .T. ) ;
#512 = CARTESIAN_POINT ( 'NONE',  ( 0.0000000000000000000, 0.0000000000000000000, -5.500000000000000900 ) ) ;
#513 = FACE_OUTER_BOUND ( 'NONE', #981, .T. ) ;
#514 = EDGE_LOOP ( 'NONE', ( #3376, #3055, #2559, #3453 ) ) ;
#515 = DIRECTION ( 'NONE',  ( -0.0000000000000000000, -0.0000000000000000000, 1.000000000000000000 ) ) ;
#516 = EDGE_LOOP ( 'NONE', ( #2021, #2756, #2271, #1296, #1288, #3029 ) ) ;
#517 = CARTESIAN_POINT ( 'NONE',  ( 0.0000000000000000000, 0.0000000000000000000, -6.200000000000001100 ) ) ;
#518 = ORIENTED_EDGE ( 'NONE', *, *, #152, .F. ) ;
#519 = VERTEX_POINT ( 'NONE', #966 ) ;
#520 = DIRECTION ( 'NONE',  ( -0.0000000000000000000, -0.0000000000000000000, 1.000000000000000000 ) ) ;
#521 = ADVANCED_FACE ( 'NONE', ( #713, #3183 ), #385, .F. ) ;
#522 = VERTEX_POINT ( 'NONE', #1759 ) ;
#523 = DIRECTION ( 'NONE',  ( 1.000000000000000000, 0.0000000000000000000, 0.0000000000000000000 ) ) ;
#524 = ORIENTED_EDGE ( 'NONE', *, *, #2771, .T. ) ;
#525 = DIRECTION ( 'NONE',  ( -0.0000000000000000000, -0.0000000000000000000, 1.000000000000000000 ) ) ;
#526 = EDGE_LOOP ( 'NONE', ( #2149, #288, #429, #1737 ) ) ;
#527 = DIRECTION ( 'NONE',  ( 0.0000000000000000000, -1.000000000000000000, 0.0000000000000000000 ) ) ;
#528 =( LENGTH_UNIT ( ) NAMED_UNIT ( * ) SI_UNIT ( .MILLI., .METRE. ) );
#529 = ORIENTED_EDGE ( 'NONE', *, *, #904, .F. ) ;
#530 = EDGE_CURVE ( 'NONE', #2076, #2185, #1266, .T. ) ;
#531 = CARTESIAN_POINT ( 'NONE',  ( 4.000000000000000000, 0.0000000000000000000, 1.229901415993585000E-012 ) ) ;
#532 = PRESENTATION_LAYER_ASSIGNMENT (  '', '', ( #1115 ) ) ;
#533 = CARTESIAN_POINT ( 'NONE',  ( -4.099999999999999600, 5.021051876504147400E-016, 1.229901415993585000E-012 ) ) ;
#534 = CARTESIAN_POINT ( 'NONE',  ( 22.82994114200775500, 39.68823995915367000, 5.621208933666038900 ) ) ;
#535 = AXIS2_PLACEMENT_3D ( 'NONE', #2732, #2980, #265 ) ;
#536 = ORIENTED_EDGE ( 'NONE', *, *, #681, .T. ) ;
#537 = FACE_OUTER_BOUND ( 'NONE', #2125, .T. ) ;
#538 = ADVANCED_FACE ( 'NONE', ( #2486 ), #140, .F. ) ;
#539 = CARTESIAN_POINT ( 'NONE',  ( 0.0000000000000000000, 0.0000000000000000000, -9.199999999999999300 ) ) ;
#540 = VECTOR ( 'NONE', #2221, 1000.000000000000000 ) ;
#541 =( NAMED_UNIT ( * ) PLANE_ANGLE_UNIT ( ) SI_UNIT ( $, .RADIAN. ) );
#542 = DIRECTION ( 'NONE',  ( -0.0000000000000000000, -0.0000000000000000000, -1.000000000000000000 ) ) ;
#543 = CIRCLE ( 'NONE', #3071, 2.250000000000000400 ) ;
#544 = DIRECTION ( 'NONE',  ( -0.0000000000000000000, -3.000666402548790900E-036, 1.000000000000000000 ) ) ;
#545 = DIRECTION ( 'NONE',  ( -0.0000000000000000000, -3.000666402548790900E-036, 1.000000000000000000 ) ) ;
#546 = PLANE ( 'NONE',  #2882 ) ;
#547 = VECTOR ( 'NONE', #1271, 1000.000000000000000 ) ;
#548 = DIRECTION ( 'NONE',  ( 1.000000000000000000, 0.0000000000000000000, 0.0000000000000000000 ) ) ;
#549 = AXIS2_PLACEMENT_3D ( 'NONE', #2538, #1218, #3075 ) ;
#550 = FACE_OUTER_BOUND ( 'NONE', #3014, .T. ) ;
#551 = DIRECTION ( 'NONE',  ( 1.000000000000000000, 0.0000000000000000000, 0.0000000000000000000 ) ) ;
#552 = AXIS2_PLACEMENT_3D ( 'NONE', #1055, #185, #1363 ) ;
#553 = CARTESIAN_POINT ( 'NONE',  ( -3.041381265149109200, 0.5999999999999998700, -5.500000000000000900 ) ) ;
#554 = CIRCLE ( 'NONE', #2013, 4.250000000000000000 ) ;
#555 = MECHANICAL_DESIGN_GEOMETRIC_PRESENTATION_REPRESENTATION (  '', ( #1582 ), #1944 ) ;
#556 = CARTESIAN_POINT ( 'NONE',  ( 2.168524844220144100, -0.5999999999999999800, -12.00000000000000000 ) ) ;
#557 = EDGE_CURVE ( 'NONE', #420, #1263, #3481, .T. ) ;
#558 = AXIS2_PLACEMENT_3D ( 'NONE', #505, #2414, #491 ) ;
#559 = ADVANCED_FACE ( 'NONE', ( #2763 ), #1099, .T. ) ;
#560 = FACE_OUTER_BOUND ( 'NONE', #2933, .T. ) ;
#561 = FACE_OUTER_BOUND ( 'NONE', #3381, .T. ) ;
#562 = DIRECTION ( 'NONE',  ( 1.000000000000000000, 0.0000000000000000000, 0.0000000000000000000 ) ) ;
#563 = ORIENTED_EDGE ( 'NONE', *, *, #2977, .F. ) ;
#564 = DIRECTION ( 'NONE',  ( -0.0000000000000000000, -0.0000000000000000000, 1.000000000000000000 ) ) ;
#565 = APPLICATION_PROTOCOL_DEFINITION ( 'draft international standard', 'automotive_design', 1998, #279 ) ;
#566 = EDGE_LOOP ( 'NONE', ( #255, #1824 ) ) ;
#567 = VECTOR ( 'NONE', #520, 1000.000000000000000 ) ;
#568 = ORIENTED_EDGE ( 'NONE', *, *, #1195, .T. ) ;
#569 = ORIENTED_EDGE ( 'NONE', *, *, #2875, .T. ) ;
#570 = PRESENTATION_STYLE_ASSIGNMENT (( #1107 ) ) ;
#571 = CARTESIAN_POINT ( 'NONE',  ( 3.600000000000000100, 4.408728476930471200E-016, -13.89999999999999500 ) ) ;
#572 = ORIENTED_EDGE ( 'NONE', *, *, #511, .T. ) ;
#573 = CARTESIAN_POINT ( 'NONE',  ( 4.050000000000001600, 0.0000000000000000000, -6.200000000000001100 ) ) ;
#574 = DIRECTION ( 'NONE',  ( -0.0000000000000000000, -3.000666402548790900E-036, 1.000000000000000000 ) ) ;
#575 = ORIENTED_EDGE ( 'NONE', *, *, #2762, .F. ) ;
#576 = EDGE_CURVE ( 'NONE', #1970, #1490, #1355, .T. ) ;
#577 = VERTEX_POINT ( 'NONE', #2563 ) ;
#578 = APPLICATION_PROTOCOL_DEFINITION ( 'draft international standard', 'automotive_design', 1998, #2707 ) ;
#579 = ORIENTED_EDGE ( 'NONE', *, *, #2977, .T. ) ;
#580 = AXIS2_PLACEMENT_3D ( 'NONE', #1565, #450, #3408 ) ;
#581 = FACE_OUTER_BOUND ( 'NONE', #318, .T. ) ;
#582 = ADVANCED_FACE ( 'NONE', ( #30 ), #2194, .F. ) ;
#583 = SURFACE_STYLE_FILL_AREA ( #801 ) ;
#584 = CARTESIAN_POINT ( 'NONE',  ( 2.168524844220144100, -0.5999999999999999800, 0.001000000000001000100 ) ) ;
#585 = ORIENTED_EDGE ( 'NONE', *, *, #1969, .F. ) ;
#586 = DIRECTION ( 'NONE',  ( 0.0000000000000000000, 3.000666402548790900E-036, -1.000000000000000000 ) ) ;
#587 = DIRECTION ( 'NONE',  ( -0.0000000000000000000, -0.0000000000000000000, 1.000000000000000000 ) ) ;
#588 = VERTEX_POINT ( 'NONE', #1593 ) ;
#589 = AXIS2_PLACEMENT_3D ( 'NONE', #1088, #500, #789 ) ;
#590 = LINE ( 'NONE', #1893, #3039 ) ;
#591 = CARTESIAN_POINT ( 'NONE',  ( -0.5999999999999998700, -2.990401310861135400, -5.500000000000000900 ) ) ;
#592 = CARTESIAN_POINT ( 'NONE',  ( 3.000000000000000000, 0.0000000000000000000, -5.500000000000000000 ) ) ;
#593 = FACE_OUTER_BOUND ( 'NONE', #1643, .T. ) ;
#594 = LINE ( 'NONE', #1002, #2575 ) ;
#595 = DIRECTION ( 'NONE',  ( 1.000000000000000000, 0.0000000000000000000, 0.0000000000000000000 ) ) ;
#596 = APPLICATION_PROTOCOL_DEFINITION ( 'draft international standard', 'automotive_design', 1998, #3300 ) ;
#597 = COLOUR_RGB ( '',0.5019607843137254800, 0.5019607843137254800, 1.000000000000000000 ) ;
#598 = AXIS2_PLACEMENT_3D ( 'NONE', #707, #986, #2585 ) ;
#599 = CARTESIAN_POINT ( 'NONE',  ( 0.0000000000000000000, 0.0000000000000000000, -9.199999999999999300 ) ) ;
#600 = FACE_BOUND ( 'NONE', #566, .T. ) ;
#601 = EDGE_CURVE ( 'NONE', #1920, #481, #105, .T. ) ;
#602 = ORIENTED_EDGE ( 'NONE', *, *, #2002, .F. ) ;
#603 = AXIS2_PLACEMENT_3D ( 'NONE', #2363, #2901, #2638 ) ;
#604 = PRESENTATION_STYLE_ASSIGNMENT (( #3085 ) ) ;
#605 = VERTEX_POINT ( 'NONE', #3176 ) ;
#606 = CARTESIAN_POINT ( 'NONE',  ( 0.0000000000000000000, 0.0000000000000000000, -116.0000000000000000 ) ) ;
#607 = FACE_OUTER_BOUND ( 'NONE', #2715, .T. ) ;
#608 = EDGE_CURVE ( 'NONE', #481, #3190, #2803, .T. ) ;
#609 = AXIS2_PLACEMENT_3D ( 'NONE', #1105, #190, #3390 ) ;
#610 = DIRECTION ( 'NONE',  ( 0.0000000000000000000, -1.000000000000000000, 0.0000000000000000000 ) ) ;
#611 = FACE_OUTER_BOUND ( 'NONE', #2752, .T. ) ;
#612 = ORIENTED_EDGE ( 'NONE', *, *, #3157, .T. ) ;
#613 = DIRECTION ( 'NONE',  ( -1.000000000000000000, 0.0000000000000000000, 0.0000000000000000000 ) ) ;
#614 = ORIENTED_EDGE ( 'NONE', *, *, #1835, .T. ) ;
#615 = EDGE_LOOP ( 'NONE', ( #3135, #1632, #1502, #266 ) ) ;
#616 = UNCERTAINTY_MEASURE_WITH_UNIT (LENGTH_MEASURE( 1.000000000000000100E-005 ), #3350, 'distance_accuracy_value', 'NONE');
#617 = DIRECTION ( 'NONE',  ( 0.9968833233918316100, 0.0000000000000000000, 0.07889004717489396500 ) ) ;
#618 = EDGE_LOOP ( 'NONE', ( #2640, #2916, #2588, #2145 ) ) ;
#619 = CARTESIAN_POINT ( 'NONE',  ( -2.726494343631696200, 0.0000000000000000000, -9.199999999999999300 ) ) ;
#620 = CARTESIAN_POINT ( 'NONE',  ( 0.0000000000000000000, 0.0000000000000000000, 0.0000000000000000000 ) ) ;
#621 = EDGE_CURVE ( 'NONE', #588, #2521, #754, .T. ) ;
#622 = ORIENTED_EDGE ( 'NONE', *, *, #2247, .T. ) ;
#623 = DIRECTION ( 'NONE',  ( -0.0000000000000000000, -0.0000000000000000000, 1.000000000000000000 ) ) ;
#624 = APPLICATION_PROTOCOL_DEFINITION ( 'draft international standard', 'automotive_design', 1998, #240 ) ;
#625 = SHAPE_REPRESENTATION ( 'pen front', ( #402 ), #670 ) ;
#626 = LINE ( 'NONE', #2099, #1891 ) ;
#627 = AXIS2_PLACEMENT_3D ( 'NONE', #257, #3199, #2984 ) ;
#628 =( LENGTH_UNIT ( ) NAMED_UNIT ( * ) SI_UNIT ( .MILLI., .METRE. ) );
#629 = DIRECTION ( 'NONE',  ( -0.0000000000000000000, -3.000666402548790900E-036, 1.000000000000000000 ) ) ;
#630 = AXIS2_PLACEMENT_3D ( 'NONE', #2975, #490, #1374 ) ;
#631 = CARTESIAN_POINT ( 'NONE',  ( 0.0000000000000000000, 0.0000000000000000000, 1.229901415993585000E-012 ) ) ;
#632 =( LENGTH_UNIT ( ) NAMED_UNIT ( * ) SI_UNIT ( .MILLI., .METRE. ) );
#633 = CONICAL_SURFACE ( 'NONE', #158, 1.123858494872200600, 1.411855625223145600 ) ;
#634 = DIRECTION ( 'NONE',  ( -0.0000000000000000000, -3.000666402548790900E-036, 1.000000000000000000 ) ) ;
#635 = EDGE_CURVE ( 'NONE', #2197, #1872, #663, .T. ) ;
#636 = FILL_AREA_STYLE_COLOUR ( '', #1408 ) ;
#637 = FACE_BOUND ( 'NONE', #781, .T. ) ;
#638 = DIRECTION ( 'NONE',  ( 0.0000000000000000000, -1.000000000000000000, 0.0000000000000000000 ) ) ;
#639 = EDGE_CURVE ( 'NONE', #1834, #1463, #3431, .T. ) ;
#640 = CYLINDRICAL_SURFACE ( 'NONE', #1364, 3.049999999999999400 ) ;
#641 = CARTESIAN_POINT ( 'NONE',  ( 0.0000000000000000000, 1.399999999999999900, -140.0000000000000000 ) ) ;
#642 = CARTESIAN_POINT ( 'NONE',  ( 0.0000000000000000000, 0.0000000000000000000, 0.0000000000000000000 ) ) ;
#643 = FACE_BOUND ( 'NONE', #2513, .T. ) ;
#644 = DIRECTION ( 'NONE',  ( 1.000000000000000000, 0.0000000000000000000, 0.0000000000000000000 ) ) ;
#645 = VECTOR ( 'NONE', #1196, 1000.000000000000000 ) ;
#646 = DIRECTION ( 'NONE',  ( 0.0000000000000000000, 0.0000000000000000000, -1.000000000000000000 ) ) ;
#647 = EDGE_LOOP ( 'NONE', ( #1967, #3091, #16, #2625 ) ) ;
#648 = VERTEX_POINT ( 'NONE', #788 ) ;
#649 = EDGE_CURVE ( 'NONE', #103, #2434, #2689, .T. ) ;
#650 = CARTESIAN_POINT ( 'NONE',  ( 2.000000000000000000, 0.0000000000000000000, 0.0000000000000000000 ) ) ;
#651 = SPHERICAL_SURFACE ( 'NONE', #353, 0.5000000000000000000 ) ;
#652 = ORIENTED_EDGE ( 'NONE', *, *, #2766, .F. ) ;
#653 = EDGE_LOOP ( 'NONE', ( #1503, #1177, #1084, #880 ) ) ;
#654 = SURFACE_STYLE_FILL_AREA ( #2965 ) ;
#655 =( NAMED_UNIT ( * ) PLANE_ANGLE_UNIT ( ) SI_UNIT ( $, .RADIAN. ) );
#656 = ORIENTED_EDGE ( 'NONE', *, *, #3086, .T. ) ;
#657 = AXIS2_PLACEMENT_3D ( 'NONE', #1499, #157, #699 ) ;
#658 = DIRECTION ( 'NONE',  ( -0.0000000000000000000, -0.0000000000000000000, 1.000000000000000000 ) ) ;
#659 = ORIENTED_EDGE ( 'NONE', *, *, #2278, .T. ) ;
#660 = DIRECTION ( 'NONE',  ( 0.0000000000000000000, 0.0000000000000000000, -1.000000000000000000 ) ) ;
#661 = EDGE_LOOP ( 'NONE', ( #3058, #2473, #295, #233 ) ) ;
#662 = PLANE ( 'NONE',  #41 ) ;
#663 = CIRCLE ( 'NONE', #1710, 3.500000000000000000 ) ;
#664 = ORIENTED_EDGE ( 'NONE', *, *, #2152, .T. ) ;
#665 = DIRECTION ( 'NONE',  ( -1.000000000000000000, 0.0000000000000000000, 0.0000000000000000000 ) ) ;
#666 = STYLED_ITEM ( 'NONE', ( #1248 ), #422 ) ;
#667 = CARTESIAN_POINT ( 'NONE',  ( 0.0000000000000000000, 0.5000000000000000000, -4.000000000000000000 ) ) ;
#668 = AXIS2_PLACEMENT_3D ( 'NONE', #2031, #2838, #2019 ) ;
#669 = PRODUCT ( 'body', 'body', '', ( #3257 ) ) ;
#670 =( GEOMETRIC_REPRESENTATION_CONTEXT ( 3 ) GLOBAL_UNCERTAINTY_ASSIGNED_CONTEXT ( ( #1539 ) ) GLOBAL_UNIT_ASSIGNED_CONTEXT ( ( #2647, #2915, #444 ) ) REPRESENTATION_CONTEXT ( 'NONE', 'WORKASPACE' ) );
#671 = DIRECTION ( 'NONE',  ( -0.0000000000000000000, -0.0000000000000000000, -1.000000000000000000 ) ) ;
#672 = LINE ( 'NONE', #3020, #1763 ) ;
#673 = SHAPE_REPRESENTATION ( 'refiller', ( #402 ), #2656 ) ;
#674 = EDGE_CURVE ( 'NONE', #2024, #2248, #3309, .T. ) ;
#675 = AXIS2_PLACEMENT_3D ( 'NONE', #1663, #586, #2480 ) ;
#676 = CONICAL_SURFACE ( 'NONE', #3322, 3.600000000000000100, 0.07897210774139223900 ) ;
#677 = CIRCLE ( 'NONE', #1301, 1.399999999999999900 ) ;
#678 = CARTESIAN_POINT ( 'NONE',  ( 0.0000000000000000000, 3.002483616701787100E-033, -1000.105603525754500 ) ) ;
#679 = LINE ( 'NONE', #409, #1529 ) ;
#680 =( NAMED_UNIT ( * ) PLANE_ANGLE_UNIT ( ) SI_UNIT ( $, .RADIAN. ) );
#681 = EDGE_CURVE ( 'NONE', #756, #920, #626, .T. ) ;
#682 = VECTOR ( 'NONE', #706, 1000.000000000000000 ) ;
#683 = DIRECTION ( 'NONE',  ( 1.000000000000000000, 0.0000000000000000000, 0.0000000000000000000 ) ) ;
#684 = ORIENTED_EDGE ( 'NONE', *, *, #1995, .T. ) ;
#685 = CARTESIAN_POINT ( 'NONE',  ( 0.0000000000000000000, 0.0000000000000000000, -9.199999999999999300 ) ) ;
#686 = EDGE_LOOP ( 'NONE', ( #2686, #944 ) ) ;
#687 = VERTEX_POINT ( 'NONE', #752 ) ;
#688 = DIRECTION ( 'NONE',  ( -0.0000000000000000000, -0.0000000000000000000, 1.000000000000000000 ) ) ;
#689 = CIRCLE ( 'NONE', #552, 3.049999999999999400 ) ;
#690 = VERTEX_POINT ( 'NONE', #1062 ) ;
#691 = AXIS2_PLACEMENT_3D ( 'NONE', #900, #350, #1703 ) ;
#692 = EDGE_LOOP ( 'NONE', ( #2822, #840 ) ) ;
#693 = CIRCLE ( 'NONE', #549, 2.250000000000000000 ) ;
#694 = DIRECTION ( 'NONE',  ( 1.000000000000000000, 0.0000000000000000000, 0.0000000000000000000 ) ) ;
#695 = EDGE_LOOP ( 'NONE', ( #810, #710, #1583, #2281 ) ) ;
#696 = VERTEX_POINT ( 'NONE', #3185 ) ;
#697 = DIRECTION ( 'NONE',  ( -0.0000000000000000000, -0.0000000000000000000, -1.000000000000000000 ) ) ;
#698 = ORIENTED_EDGE ( 'NONE', *, *, #1300, .T. ) ;
#699 = DIRECTION ( 'NONE',  ( 1.000000000000000000, 0.0000000000000000000, 0.0000000000000000000 ) ) ;
#700 = DIRECTION ( 'NONE',  ( -0.0000000000000000000, -0.0000000000000000000, 1.000000000000000000 ) ) ;
#701 = DIRECTION ( 'NONE',  ( -0.0000000000000000000, -0.0000000000000000000, 1.000000000000000000 ) ) ;
#702 = EDGE_CURVE ( 'NONE', #1702, #2716, #437, .T. ) ;
#703 = ORIENTED_EDGE ( 'NONE', *, *, #1482, .T. ) ;
#704 = VERTEX_POINT ( 'NONE', #3153 ) ;
#705 = DIRECTION ( 'NONE',  ( -0.0000000000000000000, -0.0000000000000000000, 1.000000000000000000 ) ) ;
#706 = DIRECTION ( 'NONE',  ( -0.0000000000000000000, -0.0000000000000000000, 1.000000000000000000 ) ) ;
#707 = CARTESIAN_POINT ( 'NONE',  ( 0.0000000000000000000, 0.0000000000000000000, -5.500000000000000900 ) ) ;
#708 = VERTEX_POINT ( 'NONE', #1303 ) ;
#709 = CARTESIAN_POINT ( 'NONE',  ( 0.0000000000000000000, 0.0000000000000000000, -13.89999999999999500 ) ) ;
#710 = ORIENTED_EDGE ( 'NONE', *, *, #845, .F. ) ;
#711 = ADVANCED_FACE ( 'NONE', ( #2093 ), #3234, .T. ) ;
#712 =( NAMED_UNIT ( * ) PLANE_ANGLE_UNIT ( ) SI_UNIT ( $, .RADIAN. ) );
#713 = FACE_OUTER_BOUND ( 'NONE', #2188, .T. ) ;
#714 = DIRECTION ( 'NONE',  ( -0.0000000000000000000, -0.0000000000000000000, 1.000000000000000000 ) ) ;
#715 = ORIENTED_EDGE ( 'NONE', *, *, #3347, .F. ) ;
#716 = CARTESIAN_POINT ( 'NONE',  ( 2.168524844220144100, -0.5999999999999999800, 0.001000000000001000100 ) ) ;
#717 = DIRECTION ( 'NONE',  ( 0.0000000000000000000, -1.000000000000000000, -3.000666402548790600E-036 ) ) ;
#718 = SHAPE_REPRESENTATION_RELATIONSHIP ( 'NONE' , 'NONE' ,  #673, #3403 ) ;
#719 = DIRECTION ( 'NONE',  ( 1.000000000000000000, 0.0000000000000000000, 0.0000000000000000000 ) ) ;
#720 = LINE ( 'NONE', #2505, #3486 ) ;
#721 = CARTESIAN_POINT ( 'NONE',  ( 4.049999999999999800, 0.0000000000000000000, 2.168404344971008900E-016 ) ) ;
#722 = DIRECTION ( 'NONE',  ( 1.000000000000000000, 0.0000000000000000000, 0.0000000000000000000 ) ) ;
#723 = CARTESIAN_POINT ( 'NONE',  ( 0.0000000000000000000, 0.0000000000000000000, -0.5597388654400544700 ) ) ;
#724 = EDGE_CURVE ( 'NONE', #1258, #2277, #1311, .T. ) ;
#725 = VECTOR ( 'NONE', #1563, 1000.000000000000000 ) ;
#726 = DIRECTION ( 'NONE',  ( -0.0000000000000000000, -0.0000000000000000000, 1.000000000000000000 ) ) ;
#727 = FACE_BOUND ( 'NONE', #165, .T. ) ;
#728 = DIRECTION ( 'NONE',  ( -0.0000000000000000000, -0.0000000000000000000, 1.000000000000000000 ) ) ;
#729 = ADVANCED_FACE ( 'NONE', ( #581, #2524 ), #1313, .T. ) ;
#730 = CARTESIAN_POINT ( 'NONE',  ( -3.350000000000001400, 4.102566777143634800E-016, -5.500000000000000900 ) ) ;
#731 = CARTESIAN_POINT ( 'NONE',  ( 0.0000000000000000000, 1.405886405471107700E-035, -4.185247264664062600 ) ) ;
#732 = LINE ( 'NONE', #1747, #2781 ) ;
#733 = VERTEX_POINT ( 'NONE', #1035 ) ;
#734 = SURFACE_SIDE_STYLE ('',( #319 ) ) ;
#735 = LINE ( 'NONE', #1400, #2295 ) ;
#736 = PRODUCT_DEFINITION_SHAPE ( 'NONE', 'NONE',  #3111 ) ;
#737 = ORIENTED_EDGE ( 'NONE', *, *, #1941, .T. ) ;
#738 = DIRECTION ( 'NONE',  ( -1.000000000000000000, -0.0000000000000000000, -0.0000000000000000000 ) ) ;
#739 = ORIENTED_EDGE ( 'NONE', *, *, #3067, .T. ) ;
#740 = ORIENTED_EDGE ( 'NONE', *, *, #1160, .F. ) ;
#741 = EDGE_CURVE ( 'NONE', #1936, #1491, #1843, .T. ) ;
#742 = MECHANICAL_DESIGN_GEOMETRIC_PRESENTATION_REPRESENTATION (  '', ( #925 ), #1997 ) ;
#743 = EDGE_LOOP ( 'NONE', ( #2676, #664, #2405, #2384, #2382, #1141 ) ) ;
#744 = DIRECTION ( 'NONE',  ( 1.000000000000000000, 0.0000000000000000000, 0.0000000000000000000 ) ) ;
#745 = CARTESIAN_POINT ( 'NONE',  ( 0.0000000000000000000, 0.0000000000000000000, -0.5597388654400544700 ) ) ;
#746 = PRESENTATION_LAYER_ASSIGNMENT (  '', '', ( #1228 ) ) ;
#747 = ADVANCED_FACE ( 'NONE', ( #1031 ), #2792, .T. ) ;
#748 = EDGE_LOOP ( 'NONE', ( #1875, #3479, #1220, #1926 ) ) ;
#749 = EDGE_CURVE ( 'NONE', #920, #519, #468, .T. ) ;
#750 = AXIS2_PLACEMENT_3D ( 'NONE', #1166, #3041, #644 ) ;
#751 = ORIENTED_EDGE ( 'NONE', *, *, #3270, .T. ) ;
#752 = CARTESIAN_POINT ( 'NONE',  ( -0.5999999999999998700, 2.990401310861135400, -5.500000000000000900 ) ) ;
#753 =( LENGTH_UNIT ( ) NAMED_UNIT ( * ) SI_UNIT ( .MILLI., .METRE. ) );
#754 = CIRCLE ( 'NONE', #2195, 4.000000000000000000 ) ;
#755 = CARTESIAN_POINT ( 'NONE',  ( 0.0000000000000000000, 0.0000000000000000000, -8.699999999999999300 ) ) ;
#756 = VERTEX_POINT ( 'NONE', #2677 ) ;
#757 = DIRECTION ( 'NONE',  ( -0.0000000000000000000, -0.0000000000000000000, 1.000000000000000000 ) ) ;
#758 = CARTESIAN_POINT ( 'NONE',  ( 0.0000000000000000000, 0.0000000000000000000, -95.00000000000000000 ) ) ;
#759 = VERTEX_POINT ( 'NONE', #2957 ) ;
#760 = CARTESIAN_POINT ( 'NONE',  ( 0.0000000000000000000, 0.0000000000000000000, -9.199999999999999300 ) ) ;
#761 = CARTESIAN_POINT ( 'NONE',  ( 0.0000000000000000000, 0.0000000000000000000, -12.00000000000000000 ) ) ;
#762 = EDGE_CURVE ( 'NONE', #1872, #2197, #2668, .T. ) ;
#763 =( NAMED_UNIT ( * ) PLANE_ANGLE_UNIT ( ) SI_UNIT ( $, .RADIAN. ) );
#764 =( NAMED_UNIT ( * ) SI_UNIT ( $, .STERADIAN. ) SOLID_ANGLE_UNIT ( ) );
#765 = ADVANCED_FACE ( 'NONE', ( #2469 ), #782, .T. ) ;
#766 = AXIS2_PLACEMENT_3D ( 'NONE', #1556, #189, #2087 ) ;
#767 = DIRECTION ( 'NONE',  ( 0.0000000000000000000, 0.0000000000000000000, -1.000000000000000000 ) ) ;
#768 = FACE_OUTER_BOUND ( 'NONE', #68, .T. ) ;
#769 = DIRECTION ( 'NONE',  ( 1.000000000000000000, 0.0000000000000000000, 0.0000000000000000000 ) ) ;
#770 = CONICAL_SURFACE ( 'NONE', #249, 1.123858494872200600, 1.411855625223145600 ) ;
#771 = CARTESIAN_POINT ( 'NONE',  ( -0.5999999999999998700, -3.041381265149109200, -12.00000000000000000 ) ) ;
#772 = CIRCLE ( 'NONE', #2729, 3.049999999999999400 ) ;
#773 = AXIS2_PLACEMENT_3D ( 'NONE', #774, #3, #548 ) ;
#774 = CARTESIAN_POINT ( 'NONE',  ( 0.0000000000000000000, 0.0000000000000000000, 0.0000000000000000000 ) ) ;
#775 = DIRECTION ( 'NONE',  ( -0.0000000000000000000, -0.0000000000000000000, -1.000000000000000000 ) ) ;
#776 = MECHANICAL_DESIGN_GEOMETRIC_PRESENTATION_REPRESENTATION (  '', ( #2180 ), #58 ) ;
#777 = ORIENTED_EDGE ( 'NONE', *, *, #957, .T. ) ;
#778 = DIRECTION ( 'NONE',  ( -0.0000000000000000000, -3.000666402548790900E-036, 1.000000000000000000 ) ) ;
#779 = CIRCLE ( 'NONE', #2084, 2.000000000000000000 ) ;
#780 = ORIENTED_EDGE ( 'NONE', *, *, #2010, .T. ) ;
#781 = EDGE_LOOP ( 'NONE', ( #1675, #3275 ) ) ;
#782 = CYLINDRICAL_SURFACE ( 'NONE', #3213, 1.500000000000000000 ) ;
#783 = ORIENTED_EDGE ( 'NONE', *, *, #2152, .F. ) ;
#784 = DIRECTION ( 'NONE',  ( 0.0000000000000000000, 1.000000000000000000, 0.0000000000000000000 ) ) ;
#785 = LINE ( 'NONE', #641, #50 ) ;
#786 = UNCERTAINTY_MEASURE_WITH_UNIT (LENGTH_MEASURE( 1.000000000000000100E-005 ), #2294, 'distance_accuracy_value', 'NONE');
#787 = VERTEX_POINT ( 'NONE', #1371 ) ;
#788 = CARTESIAN_POINT ( 'NONE',  ( 0.0000000000000000000, -0.4000000000000000200, -4.085247264664063800 ) ) ;
#789 = DIRECTION ( 'NONE',  ( 0.0000000000000000000, 1.000000000000000000, 0.0000000000000000000 ) ) ;
#790 = ORIENTED_EDGE ( 'NONE', *, *, #1956, .F. ) ;
#791 = AXIS2_PLACEMENT_3D ( 'NONE', #631, #3323, #2285 ) ;
#792 = DIRECTION ( 'NONE',  ( -0.0000000000000000000, -0.0000000000000000000, 1.000000000000000000 ) ) ;
#793 = EDGE_CURVE ( 'NONE', #2547, #2350, #123, .T. ) ;
#794 = DIRECTION ( 'NONE',  ( -0.0000000000000000000, -0.0000000000000000000, 1.000000000000000000 ) ) ;
#795 = EDGE_LOOP ( 'NONE', ( #2884, #2881, #251, #1992 ) ) ;
#796 = DIRECTION ( 'NONE',  ( -0.0000000000000000000, -0.0000000000000000000, 1.000000000000000000 ) ) ;
#797 = AXIS2_PLACEMENT_3D ( 'NONE', #2621, #1006, #457 ) ;
#798 = DIRECTION ( 'NONE',  ( -0.0000000000000000000, -0.0000000000000000000, 1.000000000000000000 ) ) ;
#799 = VERTEX_POINT ( 'NONE', #1334 ) ;
#800 = VERTEX_POINT ( 'NONE', #1075 ) ;
#801 = FILL_AREA_STYLE ('',( #1382 ) ) ;
#802 = EDGE_CURVE ( 'NONE', #687, #983, #3464, .T. ) ;
#803 = AXIS2_PLACEMENT_3D ( 'NONE', #816, #2690, #3200 ) ;
#804 = ORIENTED_EDGE ( 'NONE', *, *, #802, .T. ) ;
#805 = DIRECTION ( 'NONE',  ( -0.0000000000000000000, -0.0000000000000000000, 1.000000000000000000 ) ) ;
#806 = COLOUR_RGB ( '',0.7921568627450980000, 0.8196078431372548800, 0.9333333333333333500 ) ;
#807 = ADVANCED_FACE ( 'NONE', ( #2825 ), #416, .T. ) ;
#808 = DIRECTION ( 'NONE',  ( -0.0000000000000000000, -3.000666402548790900E-036, 1.000000000000000000 ) ) ;
#809 = DIRECTION ( 'NONE',  ( -0.0000000000000000000, -0.0000000000000000000, 1.000000000000000000 ) ) ;
#810 = ORIENTED_EDGE ( 'NONE', *, *, #98, .F. ) ;
#811 = EDGE_CURVE ( 'NONE', #1972, #1126, #2386, .T. ) ;
#812 =( NAMED_UNIT ( * ) SI_UNIT ( $, .STERADIAN. ) SOLID_ANGLE_UNIT ( ) );
#813 = CARTESIAN_POINT ( 'NONE',  ( 0.0000000000000000000, 1.023858494872200500, -4.185247264664062600 ) ) ;
#814 = CARTESIAN_POINT ( 'NONE',  ( 0.0000000000000000000, 0.0000000000000000000, 0.5000000000000000000 ) ) ;
#815 = AXIS2_PLACEMENT_3D ( 'NONE', #2419, #1640, #2722 ) ;
#816 = CARTESIAN_POINT ( 'NONE',  ( 0.0000000000000000000, 4.215936295581051800E-034, -140.0000000000000000 ) ) ;
#817 = CIRCLE ( 'NONE', #2612, 2.750000000000000000 ) ;
#818 = DIRECTION ( 'NONE',  ( 1.000000000000000000, 0.0000000000000000000, 0.0000000000000000000 ) ) ;
#819 = LINE ( 'NONE', #3432, #2663 ) ;
#820 = AXIS2_PLACEMENT_3D ( 'NONE', #1949, #32, #2991 ) ;
#821 = ADVANCED_FACE ( 'NONE', ( #48 ), #651, .T. ) ;
#822 = DIRECTION ( 'NONE',  ( -0.0000000000000000000, -0.0000000000000000000, -1.000000000000000000 ) ) ;
#823 = DIRECTION ( 'NONE',  ( -1.000000000000000000, 0.0000000000000000000, 0.0000000000000000000 ) ) ;
#824 =( LENGTH_UNIT ( ) NAMED_UNIT ( * ) SI_UNIT ( .MILLI., .METRE. ) );
#825 = LINE ( 'NONE', #3122, #1816 ) ;
#826 = VERTEX_POINT ( 'NONE', #828 ) ;
#827 = EDGE_CURVE ( 'NONE', #470, #3105, #3419, .T. ) ;
#828 = CARTESIAN_POINT ( 'NONE',  ( 3.188489208633093600, 4.156750790199433500E-016, -8.699999999999999300 ) ) ;
#829 = EDGE_LOOP ( 'NONE', ( #3278, #1680, #572, #2837 ) ) ;
#830 = EDGE_LOOP ( 'NONE', ( #3473, #351, #417, #3023 ) ) ;
#831 = ORIENTED_EDGE ( 'NONE', *, *, #1820, .T. ) ;
#832 = ORIENTED_EDGE ( 'NONE', *, *, #3411, .F. ) ;
#833 = CARTESIAN_POINT ( 'NONE',  ( 3.041381265149109200, -0.5999999999999993100, 0.001000000000001000100 ) ) ;
#834 = FACE_BOUND ( 'NONE', #2009, .T. ) ;
#835 = EDGE_CURVE ( 'NONE', #12, #1935, #3372, .T. ) ;
#836 = DIRECTION ( 'NONE',  ( 0.0000000000000000000, 0.7071067811865866500, -0.7071067811865083800 ) ) ;
#837 = ORIENTED_EDGE ( 'NONE', *, *, #3125, .F. ) ;
#838 = APPLICATION_CONTEXT ( 'automotive_design' ) ;
#839 =( GEOMETRIC_REPRESENTATION_CONTEXT ( 3 ) GLOBAL_UNCERTAINTY_ASSIGNED_CONTEXT ( ( #3223 ) ) GLOBAL_UNIT_ASSIGNED_CONTEXT ( ( #2451, #1653, #2463 ) ) REPRESENTATION_CONTEXT ( 'NONE', 'WORKASPACE' ) );
#840 = ORIENTED_EDGE ( 'NONE', *, *, #174, .T. ) ;
#841 = DIRECTION ( 'NONE',  ( -0.0000000000000000000, -3.000666402548790900E-036, 1.000000000000000000 ) ) ;
#842 = ADVANCED_FACE ( 'NONE', ( #1740, #1246 ), #3034, .F. ) ;
#843 = ORIENTED_EDGE ( 'NONE', *, *, #2611, .T. ) ;
#844 = CARTESIAN_POINT ( 'NONE',  ( 4.099999999999999600, 0.0000000000000000000, -94.50000000000000000 ) ) ;
#845 = EDGE_CURVE ( 'NONE', #1920, #3258, #2028, .T. ) ;
#846 = CARTESIAN_POINT ( 'NONE',  ( 0.0000000000000000000, 0.0000000000000000000, 0.001000000000001000100 ) ) ;
#847 = CARTESIAN_POINT ( 'NONE',  ( 4.898587196589413100E-017, -0.4000000000000000200, -4.085247264664063800 ) ) ;
#848 = DIRECTION ( 'NONE',  ( 0.0000000000000000000, -1.000000000000000000, 0.0000000000000000000 ) ) ;
#849 = CARTESIAN_POINT ( 'NONE',  ( 22.82994114200868200, 39.68823995915359100, 134.7212089336658500 ) ) ;
#850 = PRESENTATION_LAYER_ASSIGNMENT (  '', '', ( #1876 ) ) ;
#851 = DIRECTION ( 'NONE',  ( 1.000000000000000000, 0.0000000000000000000, 0.0000000000000000000 ) ) ;
#852 = DIRECTION ( 'NONE',  ( -0.0000000000000000000, -0.0000000000000000000, -1.000000000000000000 ) ) ;
#853 = DIRECTION ( 'NONE',  ( -0.0000000000000000000, -3.000666402548790900E-036, 1.000000000000000000 ) ) ;
#854 = ADVANCED_FACE ( 'NONE', ( #1922, #1212 ), #897, .F. ) ;
#855 = DIRECTION ( 'NONE',  ( -0.0000000000000000000, -0.0000000000000000000, 1.000000000000000000 ) ) ;
#856 = DIRECTION ( 'NONE',  ( 0.0000000000000000000, 0.0000000000000000000, 1.000000000000000000 ) ) ;
#857 = VECTOR ( 'NONE', #2904, 1000.000000000000000 ) ;
#858 = APPLICATION_CONTEXT ( 'automotive_design' ) ;
#859 = PRESENTATION_LAYER_ASSIGNMENT (  '', '', ( #666 ) ) ;
#860 = CYLINDRICAL_SURFACE ( 'NONE', #1412, 4.099999999999999600 ) ;
#861 = DIRECTION ( 'NONE',  ( -1.000000000000000000, 0.0000000000000000000, 0.0000000000000000000 ) ) ;
#862 = VECTOR ( 'NONE', #260, 1000.000000000000000 ) ;
#863 = CARTESIAN_POINT ( 'NONE',  ( 0.0000000000000000000, 0.0000000000000000000, -12.00000000000000000 ) ) ;
#864 = DIRECTION ( 'NONE',  ( 0.0000000000000000000, 0.0000000000000000000, -1.000000000000000000 ) ) ;
#865 = EDGE_CURVE ( 'NONE', #392, #1859, #1826, .T. ) ;
#866 = AXIS2_PLACEMENT_3D ( 'NONE', #1292, #988, #2858 ) ;
#867 = VECTOR ( 'NONE', #879, 1000.000000000000000 ) ;
#868 = CARTESIAN_POINT ( 'NONE',  ( 1.376329708439802600E-016, 1.123858494872200600, -8.300000000000002500 ) ) ;
#869 = VERTEX_POINT ( 'NONE', #3346 ) ;
#870 = APPLICATION_PROTOCOL_DEFINITION ( 'draft international standard', 'automotive_design', 1998, #2191 ) ;
#871 = ORIENTED_EDGE ( 'NONE', *, *, #2375, .F. ) ;
#872 = CIRCLE ( 'NONE', #2896, 3.188489208633093600 ) ;
#873 = EDGE_LOOP ( 'NONE', ( #2584, #1306, #2682, #1223 ) ) ;
#874 = VECTOR ( 'NONE', #970, 999.9999999999998900 ) ;
#875 = DIRECTION ( 'NONE',  ( -0.0000000000000000000, -0.0000000000000000000, -1.000000000000000000 ) ) ;
#876 = VECTOR ( 'NONE', #2796, 1000.000000000000000 ) ;
#877 = EDGE_LOOP ( 'NONE', ( #1475, #1421, #91, #3098 ) ) ;
#878 = VERTEX_POINT ( 'NONE', #591 ) ;
#879 = DIRECTION ( 'NONE',  ( 1.000000000000000000, 0.0000000000000000000, 0.0000000000000000000 ) ) ;
#880 = ORIENTED_EDGE ( 'NONE', *, *, #2071, .T. ) ;
#881 = EDGE_CURVE ( 'NONE', #648, #577, #374, .T. ) ;
#882 = VERTEX_POINT ( 'NONE', #1067 ) ;
#883 = APPLICATION_PROTOCOL_DEFINITION ( 'draft international standard', 'automotive_design', 1998, #2234 ) ;
#884 = EDGE_LOOP ( 'NONE', ( #2092, #1673, #335, #1990 ) ) ;
#885 = ORIENTED_EDGE ( 'NONE', *, *, #322, .F. ) ;
#886 = UNCERTAINTY_MEASURE_WITH_UNIT (LENGTH_MEASURE( 1.000000000000000100E-005 ), #1090, 'distance_accuracy_value', 'NONE');
#887 = SURFACE_STYLE_USAGE ( .BOTH. , #2237 ) ;
#888 = PRESENTATION_STYLE_ASSIGNMENT (( #2456 ) ) ;
#889 = DIRECTION ( 'NONE',  ( 0.0000000000000000000, -1.000000000000000000, 0.0000000000000000000 ) ) ;
#890 = ADVANCED_FACE ( 'NONE', ( #2225 ), #1959, .F. ) ;
#891 = DIRECTION ( 'NONE',  ( 1.000000000000000000, 0.0000000000000000000, 0.0000000000000000000 ) ) ;
#892 = DIRECTION ( 'NONE',  ( -0.0000000000000000000, -0.0000000000000000000, 1.000000000000000000 ) ) ;
#893 = EDGE_CURVE ( 'NONE', #1629, #466, #1130, .T. ) ;
#894 = VERTEX_POINT ( 'NONE', #2909 ) ;
#895 = FACE_OUTER_BOUND ( 'NONE', #1598, .T. ) ;
#896 = VECTOR ( 'NONE', #1916, 1000.000000000000000 ) ;
#897 = PLANE ( 'NONE',  #2606 ) ;
#898 = CARTESIAN_POINT ( 'NONE',  ( 0.0000000000000000000, 0.0000000000000000000, 0.5000000000000000000 ) ) ;
#899 = CIRCLE ( 'NONE', #3488, 3.750000000000000000 ) ;
#900 = CARTESIAN_POINT ( 'NONE',  ( 0.0000000000000000000, 0.0000000000000000000, -116.0000000000000000 ) ) ;
#901 = CYLINDRICAL_SURFACE ( 'NONE', #1623, 3.749999999999999600 ) ;
#902 = ADVANCED_FACE ( 'NONE', ( #513 ), #1492, .T. ) ;
#903 = CIRCLE ( 'NONE', #1445, 2.250000000000000400 ) ;
#904 = EDGE_CURVE ( 'NONE', #2887, #293, #1168, .T. ) ;
#905 = AXIS2_PLACEMENT_3D ( 'NONE', #2687, #1873, #2162 ) ;
#906 = COLOUR_RGB ( '',0.7529411764705882200, 0.7529411764705882200, 0.7529411764705882200 ) ;
#907 = ORIENTED_EDGE ( 'NONE', *, *, #2427, .F. ) ;
#908 = DIRECTION ( 'NONE',  ( 0.0000000000000000000, 0.7071067811865866500, -0.7071067811865084900 ) ) ;
#909 = ORIENTED_EDGE ( 'NONE', *, *, #639, .T. ) ;
#910 = DIRECTION ( 'NONE',  ( 1.000000000000000000, 0.0000000000000000000, 0.0000000000000000000 ) ) ;
#911 = SURFACE_STYLE_FILL_AREA ( #2320 ) ;
#912 = ORIENTED_EDGE ( 'NONE', *, *, #419, .T. ) ;
#913 = STYLED_ITEM ( 'NONE', ( #2650 ), #3205 ) ;
#914 = VERTEX_POINT ( 'NONE', #2412 ) ;
#915 = PRODUCT_DEFINITION_CONTEXT ( 'detailed design', #1971, 'design' ) ;
#916 = CIRCLE ( 'NONE', #109, 3.049999999999999400 ) ;
#917 = ORIENTED_EDGE ( 'NONE', *, *, #2948, .T. ) ;
#918 = ADVANCED_BREP_SHAPE_REPRESENTATION ( '', ( #2498, #402 ), #1162 ) ;
#919 = DIRECTION ( 'NONE',  ( 0.0000000000000000000, -0.0000000000000000000, -1.000000000000000000 ) ) ;
#920 = VERTEX_POINT ( 'NONE', #1846 ) ;
#921 = DIRECTION ( 'NONE',  ( -1.000000000000000000, -0.0000000000000000000, -0.0000000000000000000 ) ) ;
#922 = DIRECTION ( 'NONE',  ( 1.209210732419297000E-016, -0.9873954949796108800, -0.1582723491137002800 ) ) ;
#923 = VERTEX_POINT ( 'NONE', #1354 ) ;
#924 = ORIENTED_EDGE ( 'NONE', *, *, #443, .T. ) ;
#925 = STYLED_ITEM ( 'NONE', ( #2511 ), #494 ) ;
#926 = AXIS2_PLACEMENT_3D ( 'NONE', #976, #700, #127 ) ;
#927 = DIRECTION ( 'NONE',  ( -1.000000000000000000, 0.0000000000000000000, 0.0000000000000000000 ) ) ;
#928 = ITEM_DEFINED_TRANSFORMATION ( 'NONE', 'NONE', #356,  #402 ) ;
#929 = AXIS2_PLACEMENT_3D ( 'NONE', #2536, #3310, #2808 ) ;
#930 = CARTESIAN_POINT ( 'NONE',  ( -0.5999999999999998700, -3.041381265149109200, -5.500000000000000900 ) ) ;
#931 = EDGE_CURVE ( 'NONE', #2521, #1827, #1294, .T. ) ;
#932 = AXIS2_PLACEMENT_3D ( 'NONE', #2680, #1882, #1362 ) ;
#933 = FILL_AREA_STYLE_COLOUR ( '', #250 ) ;
#934 = DIRECTION ( 'NONE',  ( -0.0000000000000000000, -0.0000000000000000000, 1.000000000000000000 ) ) ;
#935 = CYLINDRICAL_SURFACE ( 'NONE', #3152, 3.099999999999999600 ) ;
#936 = EDGE_CURVE ( 'NONE', #1934, #1458, #205, .T. ) ;
#937 = CYLINDRICAL_SURFACE ( 'NONE', #2553, 0.4000000000000000200 ) ;
#938 = CARTESIAN_POINT ( 'NONE',  ( -4.000000000000000000, 4.898587196589412800E-016, 1.229901415993585000E-012 ) ) ;
#939 = AXIS2_PLACEMENT_3D ( 'NONE', #3400, #719, #2867 ) ;
#940 = VECTOR ( 'NONE', #2736, 1000.000000000000000 ) ;
#941 = DIRECTION ( 'NONE',  ( -0.07889004717489318800, 0.0000000000000000000, -0.9968833233918317200 ) ) ;
#942 = ORIENTED_EDGE ( 'NONE', *, *, #67, .F. ) ;
#943 = DIRECTION ( 'NONE',  ( -1.000000000000000000, 0.0000000000000000000, -0.0000000000000000000 ) ) ;
#944 = ORIENTED_EDGE ( 'NONE', *, *, #1004, .T. ) ;
#945 = PRODUCT_DEFINITION_FORMATION_WITH_SPECIFIED_SOURCE ( 'ANY', '', #3344, .NOT_KNOWN. ) ;
#946 = DIRECTION ( 'NONE',  ( 1.000000000000000000, 0.0000000000000000000, 0.0000000000000000000 ) ) ;
#947 = DIRECTION ( 'NONE',  ( 0.0000000000000000000, 0.9873954949796108800, -0.1582723491137002800 ) ) ;
#948 = PRESENTATION_STYLE_ASSIGNMENT (( #1429 ) ) ;
#949 = ORIENTED_EDGE ( 'NONE', *, *, #557, .F. ) ;
#950 = ORIENTED_EDGE ( 'NONE', *, *, #957, .F. ) ;
#951 = DIRECTION ( 'NONE',  ( 0.0000000000000000000, 3.000666402548790900E-036, -1.000000000000000000 ) ) ;
#952 = EDGE_LOOP ( 'NONE', ( #2512, #269, #2633, #2760, #612, #2930 ) ) ;
#953 = EDGE_LOOP ( 'NONE', ( #1600, #275 ) ) ;
#954 = ORIENTED_EDGE ( 'NONE', *, *, #802, .F. ) ;
#955 = EDGE_LOOP ( 'NONE', ( #568, #1129, #2227, #2235 ) ) ;
#956 = DIRECTION ( 'NONE',  ( 1.000000000000000000, 0.0000000000000000000, 0.0000000000000000000 ) ) ;
#957 = EDGE_CURVE ( 'NONE', #2040, #130, #3009, .T. ) ;
#958 = DIRECTION ( 'NONE',  ( -0.0000000000000000000, -0.0000000000000000000, 1.000000000000000000 ) ) ;
#959 = EDGE_CURVE ( 'NONE', #2628, #418, #3092, .T. ) ;
#960 = ORIENTED_EDGE ( 'NONE', *, *, #3167, .F. ) ;
#961 = AXIS2_PLACEMENT_3D ( 'NONE', #1029, #2354, #1819 ) ;
#962 = CARTESIAN_POINT ( 'NONE',  ( -3.350000000000000500, 4.102566777143633800E-016, -0.5597388654400544700 ) ) ;
#963 = LINE ( 'NONE', #1933, #3194 ) ;
#964 = EDGE_CURVE ( 'NONE', #1751, #2918, #689, .T. ) ;
#965 = MECHANICAL_DESIGN_GEOMETRIC_PRESENTATION_REPRESENTATION (  '', ( #913 ), #1164 ) ;
#966 = CARTESIAN_POINT ( 'NONE',  ( -0.5999999999999998700, 3.041381265149109200, -12.00000000000000000 ) ) ;
#967 = FACE_OUTER_BOUND ( 'NONE', #647, .T. ) ;
#968 = DIRECTION ( 'NONE',  ( 1.000000000000000000, 0.0000000000000000000, 0.0000000000000000000 ) ) ;
#969 = CARTESIAN_POINT ( 'NONE',  ( -2.750000000000000000, 3.367778697655221000E-016, -120.2000000000000000 ) ) ;
#970 = DIRECTION ( 'NONE',  ( 0.07889004717489310500, 9.661244375731655000E-018, -0.9968833233918317200 ) ) ;
#971 = DIRECTION ( 'NONE',  ( -0.0000000000000000000, -0.0000000000000000000, 1.000000000000000000 ) ) ;
#972 = SURFACE_STYLE_USAGE ( .BOTH. , #2308 ) ;
#973 = EDGE_CURVE ( 'NONE', #1206, #1247, #2300, .T. ) ;
#974 = UNCERTAINTY_MEASURE_WITH_UNIT (LENGTH_MEASURE( 1.000000000000000100E-005 ), #753, 'distance_accuracy_value', 'NONE');
#975 = CIRCLE ( 'NONE', #2457, 3.049999999999999400 ) ;
#976 = CARTESIAN_POINT ( 'NONE',  ( 0.0000000000000000000, 0.0000000000000000000, -94.50000000000000000 ) ) ;
#977 = CARTESIAN_POINT ( 'NONE',  ( 0.0000000000000000000, 0.0000000000000000000, -13.89999999999999500 ) ) ;
#978 = CARTESIAN_POINT ( 'NONE',  ( 0.0000000000000000000, 5.204748896376249700E-016, -4.250000000000000000 ) ) ;
#979 = CARTESIAN_POINT ( 'NONE',  ( 0.0000000000000000000, 0.0000000000000000000, -0.5597388654400544700 ) ) ;
#980 = VECTOR ( 'NONE', #1143, 1000.000000000000000 ) ;
#981 = EDGE_LOOP ( 'NONE', ( #339, #1881, #2846, #2719 ) ) ;
#982 = AXIS2_PLACEMENT_3D ( 'NONE', #3370, #3100, #946 ) ;
#983 = VERTEX_POINT ( 'NONE', #1895 ) ;
#984 = SURFACE_STYLE_FILL_AREA ( #2786 ) ;
#985 = DIRECTION ( 'NONE',  ( -0.0000000000000000000, -0.0000000000000000000, -1.000000000000000000 ) ) ;
#986 = DIRECTION ( 'NONE',  ( -0.0000000000000000000, -0.0000000000000000000, 1.000000000000000000 ) ) ;
#987 = ORIENTED_EDGE ( 'NONE', *, *, #2514, .F. ) ;
#988 = DIRECTION ( 'NONE',  ( -0.0000000000000000000, -3.000666402548790900E-036, 1.000000000000000000 ) ) ;
#989 = ADVANCED_FACE ( 'NONE', ( #1868 ), #2646, .F. ) ;
#990 = FACE_OUTER_BOUND ( 'NONE', #2267, .T. ) ;
#991 = ORIENTED_EDGE ( 'NONE', *, *, #2635, .T. ) ;
#992 = SURFACE_STYLE_USAGE ( .BOTH. , #2780 ) ;
#993 = AXIS2_PLACEMENT_3D ( 'NONE', #3156, #1269, #3445 ) ;
#994 = ORIENTED_EDGE ( 'NONE', *, *, #396, .T. ) ;
#995 = CARTESIAN_POINT ( 'NONE',  ( 0.0000000000000000000, 1.375879741445620000E-035, -4.085247264664063800 ) ) ;
#996 = CARTESIAN_POINT ( 'NONE',  ( 0.0000000000000000000, -1.399999999999999900, 0.5000000000000000000 ) ) ;
#997 = EDGE_CURVE ( 'NONE', #1493, #3150, #3293, .T. ) ;
#998 = ORIENTED_EDGE ( 'NONE', *, *, #1661, .F. ) ;
#999 = DIRECTION ( 'NONE',  ( -0.9968833233918316100, 1.220829971115182300E-016, 0.07889004717489396500 ) ) ;
#1000 = CARTESIAN_POINT ( 'NONE',  ( 0.0000000000000000000, 0.4000000000000000200, -4.085247264664063800 ) ) ;
#1001 = ORIENTED_EDGE ( 'NONE', *, *, #2067, .T. ) ;
#1002 = CARTESIAN_POINT ( 'NONE',  ( -3.500000000000000000, 4.286263797015736600E-016, 1.229901415993585000E-012 ) ) ;
#1003 = ORIENTED_EDGE ( 'NONE', *, *, #3206, .F. ) ;
#1004 = EDGE_CURVE ( 'NONE', #2797, #103, #1336, .T. ) ;
#1005 = VECTOR ( 'NONE', #2664, 1000.000000000000000 ) ;
#1006 = DIRECTION ( 'NONE',  ( 0.0000000000000000000, -0.0000000000000000000, 1.000000000000000000 ) ) ;
#1007 = CONTEXT_DEPENDENT_SHAPE_REPRESENTATION ( #61, #1402 ) ;
#1008 = DIRECTION ( 'NONE',  ( -0.0000000000000000000, -0.0000000000000000000, 1.000000000000000000 ) ) ;
#1009 = ADVANCED_FACE ( 'NONE', ( #2181 ), #2583, .T. ) ;
#1010 = STYLED_ITEM ( 'NONE', ( #3414 ), #1249 ) ;
#1011 = DIRECTION ( 'NONE',  ( 0.0000000000000000000, 0.0000000000000000000, 1.000000000000000000 ) ) ;
#1012 = COLOUR_RGB ( '',0.7921568627450980000, 0.8196078431372548800, 0.9333333333333333500 ) ;
#1013 = CARTESIAN_POINT ( 'NONE',  ( -2.688489208633093200, 0.0000000000000000000, -8.699999999999999300 ) ) ;
#1014 = EDGE_CURVE ( 'NONE', #392, #826, #872, .T. ) ;
#1015 = DIRECTION ( 'NONE',  ( 1.000000000000000000, 0.0000000000000000000, 0.0000000000000000000 ) ) ;
#1016 = CIRCLE ( 'NONE', #1985, 3.098436789674861500 ) ;
#1017 = DIRECTION ( 'NONE',  ( -0.0000000000000000000, -0.0000000000000000000, -1.000000000000000000 ) ) ;
#1018 = CARTESIAN_POINT ( 'NONE',  ( 0.0000000000000000000, 1.023858494872200700, -8.400000000000000400 ) ) ;
#1019 = CIRCLE ( 'NONE', #2506, 2.250000000000000000 ) ;
#1020 = AXIS2_PLACEMENT_3D ( 'NONE', #2866, #2365, #1011 ) ;
#1021 = FILL_AREA_STYLE ('',( #217 ) ) ;
#1022 = CARTESIAN_POINT ( 'NONE',  ( 21.00000000000000000, 0.0000000000000000000, 0.0000000000000000000 ) ) ;
#1023 = VECTOR ( 'NONE', #836, 1000.000000000000000 ) ;
#1024 = CARTESIAN_POINT ( 'NONE',  ( 0.0000000000000000000, 0.0000000000000000000, 1.229901415993585000E-012 ) ) ;
#1025 = DIRECTION ( 'NONE',  ( -0.0000000000000000000, -0.0000000000000000000, -1.000000000000000000 ) ) ;
#1026 = CIRCLE ( 'NONE', #2121, 1.500000000000000000 ) ;
#1027 = DIRECTION ( 'NONE',  ( -1.000000000000000000, 0.0000000000000000000, 0.0000000000000000000 ) ) ;
#1028 = ORIENTED_EDGE ( 'NONE', *, *, #1908, .T. ) ;
#1029 = CARTESIAN_POINT ( 'NONE',  ( 0.0000000000000000000, 0.0000000000000000000, -95.00000000000000000 ) ) ;
#1030 = CYLINDRICAL_SURFACE ( 'NONE', #2348, 2.250000000000000400 ) ;
#1031 = FACE_OUTER_BOUND ( 'NONE', #3416, .T. ) ;
#1032 = ORIENTED_EDGE ( 'NONE', *, *, #2275, .F. ) ;
#1033 = ORIENTED_EDGE ( 'NONE', *, *, #1947, .F. ) ;
#1034 = ORIENTED_EDGE ( 'NONE', *, *, #1721, .F. ) ;
#1035 = CARTESIAN_POINT ( 'NONE',  ( 0.6000000000000000900, -3.041381265149109200, -12.00000000000000000 ) ) ;
#1036 = ORIENTED_EDGE ( 'NONE', *, *, #2375, .T. ) ;
#1037 = AXIS2_PLACEMENT_3D ( 'NONE', #135, #1978, #2757 ) ;
#1038 = DIRECTION ( 'NONE',  ( -1.000000000000000000, 0.0000000000000000000, 0.0000000000000000000 ) ) ;
#1039 = MECHANICAL_DESIGN_GEOMETRIC_PRESENTATION_REPRESENTATION (  '', ( #2441 ), #3433 ) ;
#1040 = VERTEX_POINT ( 'NONE', #1644 ) ;
#1041 = DIRECTION ( 'NONE',  ( -0.0000000000000000000, -0.0000000000000000000, 1.000000000000000000 ) ) ;
#1042 = DIRECTION ( 'NONE',  ( -0.0000000000000000000, -1.000000000000000000, -0.0000000000000000000 ) ) ;
#1043 = AXIS2_PLACEMENT_3D ( 'NONE', #1523, #726, #2042 ) ;
#1044 = CARTESIAN_POINT ( 'NONE',  ( 0.0000000000000000000, 0.0000000000000000000, -5.500000000000000900 ) ) ;
#1045 = VERTEX_POINT ( 'NONE', #1907 ) ;
#1046 = DIRECTION ( 'NONE',  ( 1.000000000000000000, 0.0000000000000000000, 0.0000000000000000000 ) ) ;
#1047 = EDGE_CURVE ( 'NONE', #878, #2317, #735, .T. ) ;
#1048 = STYLED_ITEM ( 'NONE', ( #2700 ), #2498 ) ;
#1049 = ORIENTED_EDGE ( 'NONE', *, *, #1864, .T. ) ;
#1050 = DIRECTION ( 'NONE',  ( -0.0000000000000000000, -0.0000000000000000000, 1.000000000000000000 ) ) ;
#1051 = EDGE_LOOP ( 'NONE', ( #122, #1606 ) ) ;
#1052 = DIRECTION ( 'NONE',  ( -0.0000000000000000000, -0.0000000000000000000, 1.000000000000000000 ) ) ;
#1053 = SURFACE_STYLE_FILL_AREA ( #2829 ) ;
#1054 = CARTESIAN_POINT ( 'NONE',  ( 9.503423996719734900E-035, -7.760134598266528000E-019, -0.1056035257543969500 ) ) ;
#1055 = CARTESIAN_POINT ( 'NONE',  ( 0.0000000000000000000, 0.0000000000000000000, -5.500000000000000900 ) ) ;
#1056 = DIRECTION ( 'NONE',  ( -0.07889004717489310500, 0.0000000000000000000, -0.9968833233918317200 ) ) ;
#1057 = DIRECTION ( 'NONE',  ( 1.000000000000000000, 0.0000000000000000000, 0.0000000000000000000 ) ) ;
#1058 = EDGE_CURVE ( 'NONE', #983, #519, #2543, .T. ) ;
#1059 = CARTESIAN_POINT ( 'NONE',  ( 22.82994114203540200, 39.68823995907803900, 143.2601679164335500 ) ) ;
#1060 = DIRECTION ( 'NONE',  ( -1.000000000000000000, 0.0000000000000000000, 0.0000000000000000000 ) ) ;
#1061 = ORIENTED_EDGE ( 'NONE', *, *, #2453, .T. ) ;
#1062 = CARTESIAN_POINT ( 'NONE',  ( -2.750000000000000000, 3.367778697655221000E-016, -124.2000000000000000 ) ) ;
#1063 = AXIS2_PLACEMENT_3D ( 'NONE', #3425, #2897, #3435 ) ;
#1064 = DIRECTION ( 'NONE',  ( 0.0000000000000000000, -0.0000000000000000000, 1.000000000000000000 ) ) ;
#1065 = FACE_OUTER_BOUND ( 'NONE', #390, .T. ) ;
#1066 = CARTESIAN_POINT ( 'NONE',  ( -3.600000000000000100, 0.0000000000000000000, -13.89999999999999500 ) ) ;
#1067 = CARTESIAN_POINT ( 'NONE',  ( 4.599999999999999600, 0.0000000000000000000, -5.000000000000000000 ) ) ;
#1068 = VECTOR ( 'NONE', #222, 1000.000000000000000 ) ;
#1069 = ADVANCED_FACE ( 'NONE', ( #1577, #1205, #2963, #1822, #3054 ), #2726, .T. ) ;
#1070 = FACE_OUTER_BOUND ( 'NONE', #743, .T. ) ;
#1071 = PRODUCT_DEFINITION_FORMATION_WITH_SPECIFIED_SOURCE ( 'ANY', '', #379, .NOT_KNOWN. ) ;
#1072 =( NAMED_UNIT ( * ) PLANE_ANGLE_UNIT ( ) SI_UNIT ( $, .RADIAN. ) );
#1073 = CARTESIAN_POINT ( 'NONE',  ( 0.0000000000000000000, 0.0000000000000000000, -5.000000000000000000 ) ) ;
#1074 = EDGE_CURVE ( 'NONE', #3179, #690, #2220, .T. ) ;
#1075 = CARTESIAN_POINT ( 'NONE',  ( 1.836970198721029900E-016, 1.500000000000000000, -8.300000000000002500 ) ) ;
#1076 = DIRECTION ( 'NONE',  ( -0.0000000000000000000, -0.0000000000000000000, 1.000000000000000000 ) ) ;
#1077 = CYLINDRICAL_SURFACE ( 'NONE', #1841, 3.500000000000000000 ) ;
#1078 = CARTESIAN_POINT ( 'NONE',  ( 0.0000000000000000000, 3.002483616701787100E-033, -1000.105603525754500 ) ) ;
#1079 = CIRCLE ( 'NONE', #691, 3.250000000000000000 ) ;
#1080 = VERTEX_POINT ( 'NONE', #2187 ) ;
#1081 = VECTOR ( 'NONE', #88, 999.9999999999998900 ) ;
#1082 = DIRECTION ( 'NONE',  ( 0.0000000000000000000, -1.000000000000000000, 0.0000000000000000000 ) ) ;
#1083 = SURFACE_STYLE_USAGE ( .BOTH. , #181 ) ;
#1084 = ORIENTED_EDGE ( 'NONE', *, *, #2836, .T. ) ;
#1085 = CARTESIAN_POINT ( 'NONE',  ( 2.750000000000000000, 0.0000000000000000000, 1.229901415993585000E-012 ) ) ;
#1086 = AXIS2_PLACEMENT_3D ( 'NONE', #2701, #792, #818 ) ;
#1087 = ADVANCED_FACE ( 'NONE', ( #1125 ), #1624, .F. ) ;
#1088 = CARTESIAN_POINT ( 'NONE',  ( 0.0000000000000000000, 1.375879741445620000E-035, -4.085247264664063800 ) ) ;
#1089 = ORIENTED_EDGE ( 'NONE', *, *, #2202, .F. ) ;
#1090 =( LENGTH_UNIT ( ) NAMED_UNIT ( * ) SI_UNIT ( .MILLI., .METRE. ) );
#1091 = EDGE_CURVE ( 'NONE', #1126, #2313, #2868, .T. ) ;
#1092 = ORIENTED_EDGE ( 'NONE', *, *, #681, .F. ) ;
#1093 = CARTESIAN_POINT ( 'NONE',  ( 0.0000000000000000000, 0.0000000000000000000, -8.699999999999999300 ) ) ;
#1094 = DIRECTION ( 'NONE',  ( -0.0000000000000000000, -0.0000000000000000000, 1.000000000000000000 ) ) ;
#1095 = EDGE_LOOP ( 'NONE', ( #2750, #2642, #2357, #783 ) ) ;
#1096 =( NAMED_UNIT ( * ) SI_UNIT ( $, .STERADIAN. ) SOLID_ANGLE_UNIT ( ) );
#1097 = PRESENTATION_LAYER_ASSIGNMENT (  '', '', ( #3133 ) ) ;
#1098 = EDGE_LOOP ( 'NONE', ( #1295, #2567, #272, #2126 ) ) ;
#1099 = CYLINDRICAL_SURFACE ( 'NONE', #1578, 0.5000000000000000000 ) ;
#1100 = DIRECTION ( 'NONE',  ( -1.000000000000000000, 0.0000000000000000000, 0.0000000000000000000 ) ) ;
#1101 = ITEM_DEFINED_TRANSFORMATION ( 'NONE', 'NONE', #905,  #402 ) ;
#1102 = CARTESIAN_POINT ( 'NONE',  ( 0.0000000000000000000, 0.0000000000000000000, 1.229901415993585000E-012 ) ) ;
#1103 = DIRECTION ( 'NONE',  ( 0.0000000000000000000, -1.000000000000000000, 0.0000000000000000000 ) ) ;
#1104 = SURFACE_STYLE_FILL_AREA ( #2095 ) ;
#1105 = CARTESIAN_POINT ( 'NONE',  ( 0.0000000000000000000, 0.0000000000000000000, -5.500000000000000000 ) ) ;
#1106 = ADVANCED_FACE ( 'NONE', ( #462 ), #3327, .T. ) ;
#1107 = SURFACE_STYLE_USAGE ( .BOTH. , #1366 ) ;
#1108 = APPLICATION_CONTEXT ( 'automotive_design' ) ;
#1109 = SURFACE_STYLE_FILL_AREA ( #1574 ) ;
#1110 = EDGE_CURVE ( 'NONE', #1716, #1260, #2073, .T. ) ;
#1111 = CARTESIAN_POINT ( 'NONE',  ( 0.0000000000000000000, 0.0000000000000000000, 0.0000000000000000000 ) ) ;
#1112 = CARTESIAN_POINT ( 'NONE',  ( 0.0000000000000000000, -1.023858494872200700, -8.400000000000000400 ) ) ;
#1113 = CIRCLE ( 'NONE', #1472, 3.099999999999999600 ) ;
#1114 = DIRECTION ( 'NONE',  ( 0.0000000000000000000, -1.000000000000000000, 0.0000000000000000000 ) ) ;
#1115 = STYLED_ITEM ( 'NONE', ( #604 ), #3377 ) ;
#1116 = DIRECTION ( 'NONE',  ( 0.0000000000000000000, 0.0000000000000000000, -1.000000000000000000 ) ) ;
#1117 = CONICAL_SURFACE ( 'NONE', #675, 0.4000000000000000200, 1.411855625223145600 ) ;
#1118 = EDGE_CURVE ( 'NONE', #1260, #2313, #1489, .T. ) ;
#1119 = AXIS2_PLACEMENT_3D ( 'NONE', #2997, #1918, #1114 ) ;
#1120 = CARTESIAN_POINT ( 'NONE',  ( -4.599999999999999600, 5.633375276077824100E-016, 1.229901415993585000E-012 ) ) ;
#1121 = DIRECTION ( 'NONE',  ( -1.000000000000000000, 0.0000000000000000000, 0.0000000000000000000 ) ) ;
#1122 = VECTOR ( 'NONE', #2332, 1000.000000000000000 ) ;
#1123 = CARTESIAN_POINT ( 'NONE',  ( 0.0000000000000000000, 0.0000000000000000000, -5.000000000000000000 ) ) ;
#1124 = ADVANCED_FACE ( 'NONE', ( #560 ), #1030, .T. ) ;
#1125 = FACE_OUTER_BOUND ( 'NONE', #1351, .T. ) ;
#1126 = VERTEX_POINT ( 'NONE', #2228 ) ;
#1127 = DIRECTION ( 'NONE',  ( -0.0000000000000000000, -0.0000000000000000000, 1.000000000000000000 ) ) ;
#1128 = CARTESIAN_POINT ( 'NONE',  ( 0.0000000000000000000, 0.0000000000000000000, -0.5597388654400544700 ) ) ;
#1129 = ORIENTED_EDGE ( 'NONE', *, *, #2352, .T. ) ;
#1130 = CIRCLE ( 'NONE', #2973, 3.049999999999999400 ) ;
#1131 = ORIENTED_EDGE ( 'NONE', *, *, #2807, .T. ) ;
#1132 = CARTESIAN_POINT ( 'NONE',  ( 0.0000000000000000000, 0.0000000000000000000, 0.001000000000001000100 ) ) ;
#1133 = EDGE_CURVE ( 'NONE', #2076, #1991, #1285, .T. ) ;
#1134 = CARTESIAN_POINT ( 'NONE',  ( 0.0000000000000000000, 1.380306545172443900E-035, -4.099999999999999600 ) ) ;
#1135 = VERTEX_POINT ( 'NONE', #1390 ) ;
#1136 =( NAMED_UNIT ( * ) PLANE_ANGLE_UNIT ( ) SI_UNIT ( $, .RADIAN. ) );
#1137 =( REPRESENTATION_RELATIONSHIP ('NONE','NONE', #2910, #1745 ) REPRESENTATION_RELATIONSHIP_WITH_TRANSFORMATION ( #1646 )SHAPE_REPRESENTATION_RELATIONSHIP( ) );
#1138 = STYLED_ITEM ( 'NONE', ( #2785 ), #1106 ) ;
#1139 = ORIENTED_EDGE ( 'NONE', *, *, #621, .T. ) ;
#1140 = ORIENTED_EDGE ( 'NONE', *, *, #1270, .T. ) ;
#1141 = ORIENTED_EDGE ( 'NONE', *, *, #1047, .T. ) ;
#1142 = ORIENTED_EDGE ( 'NONE', *, *, #1727, .T. ) ;
#1143 = DIRECTION ( 'NONE',  ( -0.0000000000000000000, -0.0000000000000000000, -1.000000000000000000 ) ) ;
#1144 = VECTOR ( 'NONE', #1050, 1000.000000000000000 ) ;
#1145 = PRODUCT_RELATED_PRODUCT_CATEGORY ( 'part', '', ( #379 ) ) ;
#1146 = ADVANCED_FACE ( 'NONE', ( #1454 ), #1914, .F. ) ;
#1147 = DIRECTION ( 'NONE',  ( -0.0000000000000000000, -3.000666402548790900E-036, 1.000000000000000000 ) ) ;
#1148 = ITEM_DEFINED_TRANSFORMATION ( 'NONE', 'NONE', #1467,  #402 ) ;
#1149 = ORIENTED_EDGE ( 'NONE', *, *, #2728, .T. ) ;
#1150 = DIRECTION ( 'NONE',  ( 0.0000000000000000000, -1.000000000000000000, 0.0000000000000000000 ) ) ;
#1151 = DIRECTION ( 'NONE',  ( -1.000000000000000000, 0.0000000000000000000, 0.0000000000000000000 ) ) ;
#1152 = ORIENTED_EDGE ( 'NONE', *, *, #2688, .F. ) ;
#1153 = FACE_BOUND ( 'NONE', #2129, .T. ) ;
#1154 = CIRCLE ( 'NONE', #2812, 3.749999999999999600 ) ;
#1155 = DIRECTION ( 'NONE',  ( -0.0000000000000000000, -0.0000000000000000000, -1.000000000000000000 ) ) ;
#1156 = CYLINDRICAL_SURFACE ( 'NONE', #204, 3.000000000000000000 ) ;
#1157 = AXIS2_PLACEMENT_3D ( 'NONE', #3314, #2023, #1189 ) ;
#1158 = UNCERTAINTY_MEASURE_WITH_UNIT (LENGTH_MEASURE( 1.000000000000000100E-005 ), #1988, 'distance_accuracy_value', 'NONE');
#1159 = CIRCLE ( 'NONE', #866, 1.023858494872200700 ) ;
#1160 = EDGE_CURVE ( 'NONE', #914, #1917, #2622, .T. ) ;
#1161 = DIRECTION ( 'NONE',  ( 1.000000000000000000, 0.0000000000000000000, 0.0000000000000000000 ) ) ;
#1162 =( GEOMETRIC_REPRESENTATION_CONTEXT ( 3 ) GLOBAL_UNCERTAINTY_ASSIGNED_CONTEXT ( ( #2410 ) ) GLOBAL_UNIT_ASSIGNED_CONTEXT ( ( #3184, #1588, #1849 ) ) REPRESENTATION_CONTEXT ( 'NONE', 'WORKASPACE' ) );
#1163 = EDGE_CURVE ( 'NONE', #2350, #2547, #1079, .T. ) ;
#1164 =( GEOMETRIC_REPRESENTATION_CONTEXT ( 3 ) GLOBAL_UNCERTAINTY_ASSIGNED_CONTEXT ( ( #2601 ) ) GLOBAL_UNIT_ASSIGNED_CONTEXT ( ( #1373, #1641, #1905 ) ) REPRESENTATION_CONTEXT ( 'NONE', 'WORKASPACE' ) );
#1165 = FACE_BOUND ( 'NONE', #173, .T. ) ;
#1166 = CARTESIAN_POINT ( 'NONE',  ( 0.0000000000000000000, 0.0000000000000000000, -116.5000000000000000 ) ) ;
#1167 = DIRECTION ( 'NONE',  ( 0.0000000000000000000, -1.000000000000000000, 0.0000000000000000000 ) ) ;
#1168 = LINE ( 'NONE', #1883, #3168 ) ;
#1169 = VERTEX_POINT ( 'NONE', #2773 ) ;
#1170 = CYLINDRICAL_SURFACE ( 'NONE', #289, 3.049999999999999400 ) ;
#1171 = VERTEX_POINT ( 'NONE', #3339 ) ;
#1172 = DIRECTION ( 'NONE',  ( 0.0000000000000000000, -1.000000000000000000, 0.0000000000000000000 ) ) ;
#1173 = ORIENTED_EDGE ( 'NONE', *, *, #2853, .F. ) ;
#1174 = ORIENTED_EDGE ( 'NONE', *, *, #336, .T. ) ;
#1175 = DIRECTION ( 'NONE',  ( 1.000000000000000000, 0.0000000000000000000, 0.0000000000000000000 ) ) ;
#1176 = CARTESIAN_POINT ( 'NONE',  ( 0.6000000000000000900, -2.168524844220144100, 0.001000000000001000100 ) ) ;
#1177 = ORIENTED_EDGE ( 'NONE', *, *, #2990, .F. ) ;
#1178 = EDGE_CURVE ( 'NONE', #2086, #1388, #3088, .T. ) ;
#1179 = DIRECTION ( 'NONE',  ( 0.0000000000000000000, -1.000000000000000000, 0.0000000000000000000 ) ) ;
#1180 = DIRECTION ( 'NONE',  ( 0.0000000000000000000, -1.000000000000000000, 0.0000000000000000000 ) ) ;
#1181 = ORIENTED_EDGE ( 'NONE', *, *, #1995, .F. ) ;
#1182 = AXIS2_PLACEMENT_3D ( 'NONE', #72, #326, #1150 ) ;
#1183 = ORIENTED_EDGE ( 'NONE', *, *, #1773, .T. ) ;
#1184 = CARTESIAN_POINT ( 'NONE',  ( -3.600000000000000100, 0.0000000000000000000, -13.89999999999999500 ) ) ;
#1185 = DIRECTION ( 'NONE',  ( 1.000000000000000000, 0.0000000000000000000, 0.0000000000000000000 ) ) ;
#1186 = AXIS2_PLACEMENT_3D ( 'NONE', #1073, #2942, #232 ) ;
#1187 = DIRECTION ( 'NONE',  ( 0.0000000000000000000, 0.0000000000000000000, -1.000000000000000000 ) ) ;
#1188 = DIRECTION ( 'NONE',  ( -0.0000000000000000000, -3.000666402548790900E-036, 1.000000000000000000 ) ) ;
#1189 = DIRECTION ( 'NONE',  ( 1.000000000000000000, 0.0000000000000000000, 0.0000000000000000000 ) ) ;
#1190 = EDGE_CURVE ( 'NONE', #2222, #1755, #1377, .T. ) ;
#1191 = CARTESIAN_POINT ( 'NONE',  ( -2.168524844220144100, -0.5999999999999999800, 0.001000000000001000100 ) ) ;
#1192 = VECTOR ( 'NONE', #671, 1000.000000000000000 ) ;
#1193 = FILL_AREA_STYLE_COLOUR ( '', #2304 ) ;
#1194 = COLOUR_RGB ( '',0.7529411764705882200, 1.000000000000000000, 1.000000000000000000 ) ;
#1195 = EDGE_CURVE ( 'NONE', #1702, #1197, #1735, .T. ) ;
#1196 = DIRECTION ( 'NONE',  ( -0.0000000000000000000, -0.0000000000000000000, -1.000000000000000000 ) ) ;
#1197 = VERTEX_POINT ( 'NONE', #1966 ) ;
#1198 = AXIS2_PLACEMENT_3D ( 'NONE', #1660, #3286, #2172 ) ;
#1199 = CIRCLE ( 'NONE', #1231, 3.600000000000000100 ) ;
#1200 = CARTESIAN_POINT ( 'NONE',  ( -3.250000000000000000, 3.980102097228897700E-016, -116.0000000000000000 ) ) ;
#1201 = FACE_OUTER_BOUND ( 'NONE', #748, .T. ) ;
#1202 = EDGE_CURVE ( 'NONE', #1666, #1834, #290, .T. ) ;
#1203 = FILL_AREA_STYLE ('',( #3035 ) ) ;
#1204 = ORIENTED_EDGE ( 'NONE', *, *, #1238, .F. ) ;
#1205 = FACE_BOUND ( 'NONE', #1639, .T. ) ;
#1206 = VERTEX_POINT ( 'NONE', #2531 ) ;
#1207 = CARTESIAN_POINT ( 'NONE',  ( 0.6000000000000000900, -3.041381265149109200, 0.001000000000001000100 ) ) ;
#1208 = EDGE_LOOP ( 'NONE', ( #2712, #579, #1550, #1964 ) ) ;
#1209 = ORIENTED_EDGE ( 'NONE', *, *, #1551, .F. ) ;
#1210 = AXIS2_PLACEMENT_3D ( 'NONE', #1858, #235, #2396 ) ;
#1211 = DIRECTION ( 'NONE',  ( -0.0000000000000000000, -3.000666402548790900E-036, 1.000000000000000000 ) ) ;
#1212 = FACE_OUTER_BOUND ( 'NONE', #692, .T. ) ;
#1213 = VERTEX_POINT ( 'NONE', #3076 ) ;
#1214 = EDGE_LOOP ( 'NONE', ( #1919, #2558, #2201, #1149, #1131, #2437 ) ) ;
#1215 = VECTOR ( 'NONE', #3402, 1000.000000000000100 ) ;
#1216 = VERTEX_POINT ( 'NONE', #89 ) ;
#1217 = ORIENTED_EDGE ( 'NONE', *, *, #3449, .T. ) ;
#1218 = DIRECTION ( 'NONE',  ( -0.0000000000000000000, -0.0000000000000000000, 1.000000000000000000 ) ) ;
#1219 = DIRECTION ( 'NONE',  ( 0.0000000000000000000, 3.000666402548790900E-036, -1.000000000000000000 ) ) ;
#1220 = ORIENTED_EDGE ( 'NONE', *, *, #2762, .T. ) ;
#1221 = DIRECTION ( 'NONE',  ( -1.000000000000000000, 0.0000000000000000000, -0.0000000000000000000 ) ) ;
#1222 = DIRECTION ( 'NONE',  ( 0.0000000000000000000, 0.0000000000000000000, 1.000000000000000000 ) ) ;
#1223 = ORIENTED_EDGE ( 'NONE', *, *, #1369, .F. ) ;
#1224 = AXIS2_PLACEMENT_3D ( 'NONE', #3060, #3311, #1730 ) ;
#1225 = DIRECTION ( 'NONE',  ( 1.000000000000000000, 0.0000000000000000000, 0.0000000000000000000 ) ) ;
#1226 = AXIS2_PLACEMENT_3D ( 'NONE', #716, #2863, #3119 ) ;
#1227 = SHAPE_DEFINITION_REPRESENTATION ( #3053, #2951 ) ;
#1228 = STYLED_ITEM ( 'NONE', ( #1358 ), #268 ) ;
#1229 = PRESENTATION_STYLE_ASSIGNMENT (( #2673 ) ) ;
#1230 = EDGE_CURVE ( 'NONE', #3345, #2078, #201, .T. ) ;
#1231 = AXIS2_PLACEMENT_3D ( 'NONE', #1393, #2205, #2979 ) ;
#1232 = SURFACE_STYLE_USAGE ( .BOTH. , #2581 ) ;
#1233 = CARTESIAN_POINT ( 'NONE',  ( 0.0000000000000000000, 2.750000000000000000, -120.2000000000000000 ) ) ;
#1234 = DIRECTION ( 'NONE',  ( 0.0000000000000000000, 0.0000000000000000000, -1.000000000000000000 ) ) ;
#1235 = VECTOR ( 'NONE', #1151, 1000.000000000000000 ) ;
#1236 = DIRECTION ( 'NONE',  ( -1.000000000000000000, 0.0000000000000000000, 0.0000000000000000000 ) ) ;
#1237 = VECTOR ( 'NONE', #1521, 1000.000000000000000 ) ;
#1238 = EDGE_CURVE ( 'NONE', #1917, #914, #779, .T. ) ;
#1239 = EDGE_CURVE ( 'NONE', #869, #1784, #3129, .T. ) ;
#1240 = LINE ( 'NONE', #1054, #3118 ) ;
#1241 = LINE ( 'NONE', #1609, #2778 ) ;
#1242 = PLANE ( 'NONE',  #2629 ) ;
#1243 = AXIS2_PLACEMENT_3D ( 'NONE', #685, #701, #1743 ) ;
#1244 = FACE_OUTER_BOUND ( 'NONE', #1831, .T. ) ;
#1245 = CARTESIAN_POINT ( 'NONE',  ( -1.501558338304084000, 2.144086105515910400E-016, -0.03944502358744703100 ) ) ;
#1246 = FACE_BOUND ( 'NONE', #2830, .T. ) ;
#1247 = VERTEX_POINT ( 'NONE', #3324 ) ;
#1248 = PRESENTATION_STYLE_ASSIGNMENT (( #2251 ) ) ;
#1249 = MANIFOLD_SOLID_BREP ( 'Revolve1', #2224 ) ;
#1250 = ORIENTED_EDGE ( 'NONE', *, *, #530, .F. ) ;
#1251 = VERTEX_POINT ( 'NONE', #342 ) ;
#1252 = EDGE_CURVE ( 'NONE', #1135, #1827, #2507, .T. ) ;
#1253 = PRODUCT_DEFINITION_CONTEXT ( 'detailed design', #858, 'design' ) ;
#1254 = CARTESIAN_POINT ( 'NONE',  ( 0.0000000000000000000, 0.0000000000000000000, 1.229901415993585000E-012 ) ) ;
#1255 = ORIENTED_EDGE ( 'NONE', *, *, #1630, .T. ) ;
#1256 = CARTESIAN_POINT ( 'NONE',  ( 0.0000000000000000000, 0.0000000000000000000, -116.0000000000000000 ) ) ;
#1257 = DIRECTION ( 'NONE',  ( 0.0000000000000000000, 0.0000000000000000000, -1.000000000000000000 ) ) ;
#1258 = VERTEX_POINT ( 'NONE', #2286 ) ;
#1259 = DIRECTION ( 'NONE',  ( 1.000000000000000000, 0.0000000000000000000, 0.0000000000000000000 ) ) ;
#1260 = VERTEX_POINT ( 'NONE', #2539 ) ;
#1261 =( NAMED_UNIT ( * ) SI_UNIT ( $, .STERADIAN. ) SOLID_ANGLE_UNIT ( ) );
#1262 = DIRECTION ( 'NONE',  ( -0.0000000000000000000, -0.0000000000000000000, 1.000000000000000000 ) ) ;
#1263 = VERTEX_POINT ( 'NONE', #2004 ) ;
#1264 = PRESENTATION_LAYER_ASSIGNMENT (  '', '', ( #1010 ) ) ;
#1265 = CARTESIAN_POINT ( 'NONE',  ( 0.0000000000000000000, 0.0000000000000000000, 0.0000000000000000000 ) ) ;
#1266 = CIRCLE ( 'NONE', #668, 1.123858494872200600 ) ;
#1267 = DIRECTION ( 'NONE',  ( -1.000000000000000000, 0.0000000000000000000, 0.0000000000000000000 ) ) ;
#1268 = DIRECTION ( 'NONE',  ( 1.000000000000000000, 0.0000000000000000000, 0.0000000000000000000 ) ) ;
#1269 = DIRECTION ( 'NONE',  ( -0.0000000000000000000, -0.0000000000000000000, 1.000000000000000000 ) ) ;
#1270 = EDGE_CURVE ( 'NONE', #1972, #733, #1333, .T. ) ;
#1271 = DIRECTION ( 'NONE',  ( -0.0000000000000000000, -0.0000000000000000000, 1.000000000000000000 ) ) ;
#1272 = FACE_BOUND ( 'NONE', #2981, .T. ) ;
#1273 =( NAMED_UNIT ( * ) PLANE_ANGLE_UNIT ( ) SI_UNIT ( $, .RADIAN. ) );
#1274 = AXIS2_PLACEMENT_3D ( 'NONE', #1963, #629, #3046 ) ;
#1275 = DIRECTION ( 'NONE',  ( 0.0000000000000000000, -0.0000000000000000000, 1.000000000000000000 ) ) ;
#1276 = CIRCLE ( 'NONE', #2256, 4.099999999999999600 ) ;
#1277 = DIRECTION ( 'NONE',  ( 1.000000000000000000, 0.0000000000000000000, 0.0000000000000000000 ) ) ;
#1278 = LINE ( 'NONE', #2899, #547 ) ;
#1279 = ADVANCED_FACE ( 'NONE', ( #3369 ), #1957, .F. ) ;
#1280 = LINE ( 'NONE', #2465, #1023 ) ;
#1281 = LINE ( 'NONE', #1478, #3252 ) ;
#1282 = UNCERTAINTY_MEASURE_WITH_UNIT (LENGTH_MEASURE( 1.000000000000000100E-005 ), #2178, 'distance_accuracy_value', 'NONE');
#1283 = STYLED_ITEM ( 'NONE', ( #570 ), #153 ) ;
#1284 = CARTESIAN_POINT ( 'NONE',  ( 0.6000000000000000900, -2.168524844220144100, -12.00000000000000000 ) ) ;
#1285 = LINE ( 'NONE', #2200, #121 ) ;
#1286 = FACE_OUTER_BOUND ( 'NONE', #2142, .T. ) ;
#1287 = MECHANICAL_DESIGN_GEOMETRIC_PRESENTATION_REPRESENTATION (  '', ( #2653 ), #3387 ) ;
#1288 = ORIENTED_EDGE ( 'NONE', *, *, #3196, .T. ) ;
#1289 = DIRECTION ( 'NONE',  ( 0.0000000000000000000, -1.000000000000000000, 0.0000000000000000000 ) ) ;
#1290 = ORIENTED_EDGE ( 'NONE', *, *, #182, .F. ) ;
#1291 = ORIENTED_EDGE ( 'NONE', *, *, #1508, .F. ) ;
#1292 = CARTESIAN_POINT ( 'NONE',  ( 0.0000000000000000000, 2.670593098268424800E-035, -8.400000000000000400 ) ) ;
#1293 = AXIS2_PLACEMENT_3D ( 'NONE', #849, #2966, #267 ) ;
#1294 = LINE ( 'NONE', #531, #2876 ) ;
#1295 = ORIENTED_EDGE ( 'NONE', *, *, #29, .F. ) ;
#1296 = ORIENTED_EDGE ( 'NONE', *, *, #1411, .T. ) ;
#1297 = CYLINDRICAL_SURFACE ( 'NONE', #2485, 1.399999999999999900 ) ;
#1298 = DIRECTION ( 'NONE',  ( -0.0000000000000000000, -0.0000000000000000000, 1.000000000000000000 ) ) ;
#1299 = DIRECTION ( 'NONE',  ( 0.0000000000000000000, 0.0000000000000000000, 1.000000000000000000 ) ) ;
#1300 = EDGE_CURVE ( 'NONE', #1385, #170, #2747, .T. ) ;
#1301 = AXIS2_PLACEMENT_3D ( 'NONE', #1, #544, #1179 ) ;
#1302 = VERTEX_POINT ( 'NONE', #2571 ) ;
#1303 = CARTESIAN_POINT ( 'NONE',  ( 2.250000000000000000, 0.0000000000000000000, -119.7000000000000000 ) ) ;
#1304 = VERTEX_POINT ( 'NONE', #2818 ) ;
#1305 = DIRECTION ( 'NONE',  ( -0.0000000000000000000, -0.0000000000000000000, 1.000000000000000000 ) ) ;
#1306 = ORIENTED_EDGE ( 'NONE', *, *, #1230, .T. ) ;
#1307 = DIRECTION ( 'NONE',  ( -0.0000000000000000000, -0.0000000000000000000, 1.000000000000000000 ) ) ;
#1308 = ORIENTED_EDGE ( 'NONE', *, *, #1864, .F. ) ;
#1309 = CARTESIAN_POINT ( 'NONE',  ( 21.00000000000000000, 5.204748896376249700E-016, -4.250000000000000000 ) ) ;
#1310 = EDGE_CURVE ( 'NONE', #869, #3066, #2862, .T. ) ;
#1311 = LINE ( 'NONE', #2083, #1005 ) ;
#1312 = FILL_AREA_STYLE_COLOUR ( '', #1012 ) ;
#1313 = PLANE ( 'NONE',  #2324 ) ;
#1314 = AXIS2_PLACEMENT_3D ( 'NONE', #3268, #853, #1103 ) ;
#1315 = DIRECTION ( 'NONE',  ( 0.0000000000000000000, -1.000000000000000000, 0.0000000000000000000 ) ) ;
#1316 = ORIENTED_EDGE ( 'NONE', *, *, #893, .F. ) ;
#1317 = ORIENTED_EDGE ( 'NONE', *, *, #1424, .F. ) ;
#1318 = DIRECTION ( 'NONE',  ( -1.000000000000000000, 0.0000000000000000000, -0.0000000000000000000 ) ) ;
#1319 = ADVANCED_FACE ( 'NONE', ( #2339, #247 ), #3120, .F. ) ;
#1320 = CARTESIAN_POINT ( 'NONE',  ( 0.0000000000000000000, 0.0000000000000000000, -5.500000000000000900 ) ) ;
#1321 = FACE_OUTER_BOUND ( 'NONE', #829, .T. ) ;
#1322 = PRODUCT_RELATED_PRODUCT_CATEGORY ( 'part', '', ( #669 ) ) ;
#1323 =( NAMED_UNIT ( * ) SI_UNIT ( $, .STERADIAN. ) SOLID_ANGLE_UNIT ( ) );
#1324 = DIRECTION ( 'NONE',  ( 1.000000000000000000, 0.0000000000000000000, 0.0000000000000000000 ) ) ;
#1325 = CARTESIAN_POINT ( 'NONE',  ( 0.0000000000000000000, 0.0000000000000000000, 1.229901415993585000E-012 ) ) ;
#1326 = LINE ( 'NONE', #771, #3407 ) ;
#1327 = CARTESIAN_POINT ( 'NONE',  ( 2.168524844220144100, 0.5999999999999998700, 0.001000000000001000100 ) ) ;
#1328 = LINE ( 'NONE', #2885, #3121 ) ;
#1329 = DIRECTION ( 'NONE',  ( 1.000000000000000000, 0.0000000000000000000, 0.0000000000000000000 ) ) ;
#1330 = DIRECTION ( 'NONE',  ( 0.0000000000000000000, 0.0000000000000000000, -1.000000000000000000 ) ) ;
#1331 = DIRECTION ( 'NONE',  ( -0.0000000000000000000, -0.0000000000000000000, 1.000000000000000000 ) ) ;
#1332 = DIRECTION ( 'NONE',  ( -0.7429941019422444700, 0.6692979638987687200, 1.112570835308228500E-014 ) ) ;
#1333 = LINE ( 'NONE', #1207, #1771 ) ;
#1334 = CARTESIAN_POINT ( 'NONE',  ( -0.5999999999999998700, -3.041381265149109200, -5.500000000000000900 ) ) ;
#1335 = ADVANCED_FACE ( 'NONE', ( #2504 ), #3358, .F. ) ;
#1336 = CIRCLE ( 'NONE', #176, 3.350000000000001400 ) ;
#1337 = ORIENTED_EDGE ( 'NONE', *, *, #576, .F. ) ;
#1338 = DIRECTION ( 'NONE',  ( 0.0000000000000000000, 3.000666402548790900E-036, -1.000000000000000000 ) ) ;
#1339 = CIRCLE ( 'NONE', #1404, 2.750000000000000000 ) ;
#1340 = AXIS2_PLACEMENT_3D ( 'NONE', #3030, #892, #3063 ) ;
#1341 = CARTESIAN_POINT ( 'NONE',  ( 4.898587196589413100E-017, 0.4000000000000000200, 0.5000000000000000000 ) ) ;
#1342 = EDGE_CURVE ( 'NONE', #1935, #12, #2122, .T. ) ;
#1343 = ORIENTED_EDGE ( 'NONE', *, *, #2170, .F. ) ;
#1344 = CARTESIAN_POINT ( 'NONE',  ( 0.0000000000000000000, 0.0000000000000000000, -11.30000000000000100 ) ) ;
#1345 = DIRECTION ( 'NONE',  ( -0.0000000000000000000, -0.0000000000000000000, 1.000000000000000000 ) ) ;
#1346 =( GEOMETRIC_REPRESENTATION_CONTEXT ( 3 ) GLOBAL_UNCERTAINTY_ASSIGNED_CONTEXT ( ( #134 ) ) GLOBAL_UNIT_ASSIGNED_CONTEXT ( ( #2890, #484, #1323 ) ) REPRESENTATION_CONTEXT ( 'NONE', 'WORKASPACE' ) );
#1347 = ORIENTED_EDGE ( 'NONE', *, *, #1874, .T. ) ;
#1348 = EDGE_CURVE ( 'NONE', #1169, #1263, #1416, .T. ) ;
#1349 = AXIS2_PLACEMENT_3D ( 'NONE', #2264, #3412, #147 ) ;
#1350 = CARTESIAN_POINT ( 'NONE',  ( 4.599999999999999600, 0.0000000000000000000, 1.229901415993585000E-012 ) ) ;
#1351 = EDGE_LOOP ( 'NONE', ( #1255, #25, #1061, #332 ) ) ;
#1352 = FILL_AREA_STYLE_COLOUR ( '', #2128 ) ;
#1353 = ORIENTED_EDGE ( 'NONE', *, *, #674, .F. ) ;
#1354 = CARTESIAN_POINT ( 'NONE',  ( 0.6000000000000000900, 2.168524844220144100, -11.30000000000000100 ) ) ;
#1355 = CIRCLE ( 'NONE', #2114, 2.250000000000000400 ) ;
#1356 = ADVANCED_FACE ( 'NONE', ( #1244, #600 ), #393, .F. ) ;
#1357 = CARTESIAN_POINT ( 'NONE',  ( 0.0000000000000000000, -1.399999999999999900, -140.0000000000000000 ) ) ;
#1358 = PRESENTATION_STYLE_ASSIGNMENT (( #1083 ) ) ;
#1359 = AXIS2_PLACEMENT_3D ( 'NONE', #599, #2208, #2503 ) ;
#1360 = DIRECTION ( 'NONE',  ( 1.000000000000000000, 0.0000000000000000000, 0.0000000000000000000 ) ) ;
#1361 = CIRCLE ( 'NONE', #2594, 2.750000000000000000 ) ;
#1362 = DIRECTION ( 'NONE',  ( 1.000000000000000000, 0.0000000000000000000, 0.0000000000000000000 ) ) ;
#1363 = DIRECTION ( 'NONE',  ( 1.000000000000000000, 0.0000000000000000000, 0.0000000000000000000 ) ) ;
#1364 = AXIS2_PLACEMENT_3D ( 'NONE', #745, #166, #1847 ) ;
#1365 = DIRECTION ( 'NONE',  ( -0.0000000000000000000, -3.000666402548790900E-036, 1.000000000000000000 ) ) ;
#1366 = SURFACE_SIDE_STYLE ('',( #654 ) ) ;
#1367 = FACE_OUTER_BOUND ( 'NONE', #2392, .T. ) ;
#1368 = DIRECTION ( 'NONE',  ( 8.751998566374203300E-015, -6.907274917033069500E-015, 1.000000000000000000 ) ) ;
#1369 = EDGE_CURVE ( 'NONE', #2484, #1991, #3208, .T. ) ;
#1370 = CIRCLE ( 'NONE', #558, 3.349999999999999600 ) ;
#1371 = CARTESIAN_POINT ( 'NONE',  ( 4.600000000000000500, 0.0000000000000000000, -95.00000000000000000 ) ) ;
#1372 = ADVANCED_FACE ( 'NONE', ( #3292 ), #331, .F. ) ;
#1373 =( LENGTH_UNIT ( ) NAMED_UNIT ( * ) SI_UNIT ( .MILLI., .METRE. ) );
#1374 = DIRECTION ( 'NONE',  ( -1.000000000000000000, 0.0000000000000000000, 0.0000000000000000000 ) ) ;
#1375 = CIRCLE ( 'NONE', #2741, 3.349999999999999600 ) ;
#1376 = EDGE_CURVE ( 'NONE', #588, #1135, #3123, .T. ) ;
#1377 = LINE ( 'NONE', #1176, #645 ) ;
#1378 = ORIENTED_EDGE ( 'NONE', *, *, #1654, .T. ) ;
#1379 = DIRECTION ( 'NONE',  ( 1.000000000000000000, 0.0000000000000000000, 0.0000000000000000000 ) ) ;
#1380 = VERTEX_POINT ( 'NONE', #1777 ) ;
#1381 = DIRECTION ( 'NONE',  ( 1.000000000000000000, 0.0000000000000000000, 0.0000000000000000000 ) ) ;
#1382 = FILL_AREA_STYLE_COLOUR ( '', #806 ) ;
#1383 = ORIENTED_EDGE ( 'NONE', *, *, #1654, .F. ) ;
#1384 = PRESENTATION_STYLE_ASSIGNMENT (( #2710 ) ) ;
#1385 = VERTEX_POINT ( 'NONE', #3134 ) ;
#1386 = ORIENTED_EDGE ( 'NONE', *, *, #80, .F. ) ;
#1387 = DIRECTION ( 'NONE',  ( -1.000000000000000000, 0.0000000000000000000, 0.0000000000000000000 ) ) ;
#1388 = VERTEX_POINT ( 'NONE', #1787 ) ;
#1389 = EDGE_CURVE ( 'NONE', #3437, #1917, #825, .T. ) ;
#1390 = CARTESIAN_POINT ( 'NONE',  ( -4.000000000000000000, 4.898587196589412800E-016, -116.0000000000000000 ) ) ;
#1391 = ORIENTED_EDGE ( 'NONE', *, *, #2422, .F. ) ;
#1392 = ADVANCED_FACE ( 'NONE', ( #3410 ), #159, .F. ) ;
#1393 = CARTESIAN_POINT ( 'NONE',  ( 0.0000000000000000000, 0.0000000000000000000, -13.89999999999999500 ) ) ;
#1394 = CARTESIAN_POINT ( 'NONE',  ( 3.500000000000000000, 0.0000000000000000000, -116.5000000000000000 ) ) ;
#1395 = ORIENTED_EDGE ( 'NONE', *, *, #827, .F. ) ;
#1396 = APPLICATION_PROTOCOL_DEFINITION ( 'draft international standard', 'automotive_design', 1998, #2493 ) ;
#1397 = AXIS2_PLACEMENT_3D ( 'NONE', #3250, #2995, #3276 ) ;
#1398 = ORIENTED_EDGE ( 'NONE', *, *, #2527, .F. ) ;
#1399 = CARTESIAN_POINT ( 'NONE',  ( 4.898587196589413100E-017, -0.3999999999999999700, -0.5056035257543526300 ) ) ;
#1400 = CARTESIAN_POINT ( 'NONE',  ( -0.5999999999999998700, -2.990401310861135400, -0.5597388654400544700 ) ) ;
#1401 = SURFACE_STYLE_FILL_AREA ( #23 ) ;
#1402 = PRODUCT_DEFINITION_SHAPE ( 'NONE', 'NONE',  #3492 ) ;
#1403 = LINE ( 'NONE', #245, #2253 ) ;
#1404 = AXIS2_PLACEMENT_3D ( 'NONE', #1460, #3338, #1722 ) ;
#1405 = ADVANCED_FACE ( 'NONE', ( #509 ), #1077, .T. ) ;
#1406 = AXIS2_PLACEMENT_3D ( 'NONE', #863, #1422, #2477 ) ;
#1407 = CARTESIAN_POINT ( 'NONE',  ( 0.0000000000000000000, -0.4000000000000000200, 0.5000000000000000000 ) ) ;
#1408 = COLOUR_RGB ( '',0.7529411764705882200, 1.000000000000000000, 1.000000000000000000 ) ;
#1409 =( GEOMETRIC_REPRESENTATION_CONTEXT ( 3 ) GLOBAL_UNCERTAINTY_ASSIGNED_CONTEXT ( ( #1158 ) ) GLOBAL_UNIT_ASSIGNED_CONTEXT ( ( #1988, #357, #3057 ) ) REPRESENTATION_CONTEXT ( 'NONE', 'WORKASPACE' ) );
#1410 = FACE_OUTER_BOUND ( 'NONE', #514, .T. ) ;
#1411 = EDGE_CURVE ( 'NONE', #13, #1045, #1452, .T. ) ;
#1412 = AXIS2_PLACEMENT_3D ( 'NONE', #2198, #2987, #2186 ) ;
#1413 = DIRECTION ( 'NONE',  ( 0.0000000000000000000, -1.000000000000000000, 0.0000000000000000000 ) ) ;
#1414 = PRODUCT_CONTEXT ( 'NONE', #838, 'mechanical' ) ;
#1415 = CYLINDRICAL_SURFACE ( 'NONE', #3106, 3.500000000000000000 ) ;
#1416 = LINE ( 'NONE', #2048, #1122 ) ;
#1417 = CARTESIAN_POINT ( 'NONE',  ( 0.0000000000000000000, 0.0000000000000000000, 0.5000000000000000000 ) ) ;
#1418 = ORIENTED_EDGE ( 'NONE', *, *, #2422, .T. ) ;
#1419 = ORIENTED_EDGE ( 'NONE', *, *, #3439, .T. ) ;
#1420 = EDGE_LOOP ( 'NONE', ( #1886, #203 ) ) ;
#1421 = ORIENTED_EDGE ( 'NONE', *, *, #674, .T. ) ;
#1422 = DIRECTION ( 'NONE',  ( 0.0000000000000000000, 0.0000000000000000000, -1.000000000000000000 ) ) ;
#1423 = CYLINDRICAL_SURFACE ( 'NONE', #791, 3.500000000000000000 ) ;
#1424 = EDGE_CURVE ( 'NONE', #2222, #167, #2709, .T. ) ;
#1425 = COLOUR_RGB ( '',0.0000000000000000000, 0.0000000000000000000, 0.7529411764705882200 ) ;
#1426 = ORIENTED_EDGE ( 'NONE', *, *, #2635, .F. ) ;
#1427 = AXIS2_PLACEMENT_3D ( 'NONE', #1233, #2312, #956 ) ;
#1428 = VERTEX_POINT ( 'NONE', #969 ) ;
#1429 = SURFACE_STYLE_USAGE ( .BOTH. , #99 ) ;
#1430 = VERTEX_POINT ( 'NONE', #3165 ) ;
#1431 = ORIENTED_EDGE ( 'NONE', *, *, #436, .F. ) ;
#1432 = ORIENTED_EDGE ( 'NONE', *, *, #2067, .F. ) ;
#1433 = PRODUCT_DEFINITION ( 'UNKNOWN', '', #2929, #2564 ) ;
#1434 = CARTESIAN_POINT ( 'NONE',  ( 0.0000000000000000000, -1.123858494872200600, 0.5000000000000000000 ) ) ;
#1435 = EDGE_LOOP ( 'NONE', ( #2483, #302, #2387, #1509 ) ) ;
#1436 = CARTESIAN_POINT ( 'NONE',  ( 0.0000000000000000000, 0.0000000000000000000, -9.199999999999999300 ) ) ;
#1437 = EDGE_CURVE ( 'NONE', #1827, #1135, #2961, .T. ) ;
#1438 = ORIENTED_EDGE ( 'NONE', *, *, #3157, .F. ) ;
#1439 = DIRECTION ( 'NONE',  ( 1.000000000000000000, 0.0000000000000000000, 0.0000000000000000000 ) ) ;
#1440 = ADVANCED_FACE ( 'NONE', ( #1863 ), #2263, .F. ) ;
#1441 = SHAPE_REPRESENTATION_RELATIONSHIP ( 'NONE' , 'NONE' ,  #2905, #918 ) ;
#1442 = DIRECTION ( 'NONE',  ( 0.0000000000000000000, 0.0000000000000000000, -1.000000000000000000 ) ) ;
#1443 = DIRECTION ( 'NONE',  ( -0.0000000000000000000, -0.0000000000000000000, 1.000000000000000000 ) ) ;
#1444 = LINE ( 'NONE', #271, #193 ) ;
#1445 = AXIS2_PLACEMENT_3D ( 'NONE', #2541, #3352, #2006 ) ;
#1446 = VECTOR ( 'NONE', #2163, 1000.000000000000000 ) ;
#1447 = EDGE_CURVE ( 'NONE', #1040, #1206, #554, .T. ) ;
#1448 = CARTESIAN_POINT ( 'NONE',  ( 0.0000000000000000000, 0.0000000000000000000, -12.00000000000000000 ) ) ;
#1449 = PRESENTATION_STYLE_ASSIGNMENT (( #1619 ) ) ;
#1450 = DIRECTION ( 'NONE',  ( -1.000000000000000000, -0.0000000000000000000, -0.0000000000000000000 ) ) ;
#1451 = AXIS2_PLACEMENT_3D ( 'NONE', #2260, #1713, #1457 ) ;
#1452 = LINE ( 'NONE', #2599, #2580 ) ;
#1453 = CARTESIAN_POINT ( 'NONE',  ( 0.0000000000000000000, 0.0000000000000000000, 0.0000000000000000000 ) ) ;
#1454 = FACE_OUTER_BOUND ( 'NONE', #1208, .T. ) ;
#1455 = CIRCLE ( 'NONE', #6, 3.049999999999999400 ) ;
#1456 = VERTEX_POINT ( 'NONE', #2886 ) ;
#1457 = DIRECTION ( 'NONE',  ( 1.000000000000000000, 0.0000000000000000000, 0.0000000000000000000 ) ) ;
#1458 = VERTEX_POINT ( 'NONE', #427 ) ;
#1459 = CIRCLE ( 'NONE', #1157, 3.500000000000000000 ) ;
#1460 = CARTESIAN_POINT ( 'NONE',  ( 0.0000000000000000000, 0.0000000000000000000, -120.2000000000000000 ) ) ;
#1461 = DIRECTION ( 'NONE',  ( -0.0000000000000000000, -0.0000000000000000000, 1.000000000000000000 ) ) ;
#1462 = ORIENTED_EDGE ( 'NONE', *, *, #454, .T. ) ;
#1463 = VERTEX_POINT ( 'NONE', #2060 ) ;
#1464 = PRESENTATION_LAYER_ASSIGNMENT (  '', '', ( #1283 ) ) ;
#1465 = PRODUCT ( 'rubber', 'rubber', '', ( #3032 ) ) ;
#1466 = ORIENTED_EDGE ( 'NONE', *, *, #1545, .F. ) ;
#1467 = AXIS2_PLACEMENT_3D ( 'NONE', #1059, #1368, #1332 ) ;
#1468 = CARTESIAN_POINT ( 'NONE',  ( -3.041381265149109200, 0.5999999999999998700, 0.001000000000001000100 ) ) ;
#1469 = ORIENTED_EDGE ( 'NONE', *, *, #3167, .T. ) ;
#1470 = COLOUR_RGB ( '',0.0000000000000000000, 0.0000000000000000000, 0.0000000000000000000 ) ;
#1471 = EDGE_CURVE ( 'NONE', #2470, #1972, #459, .T. ) ;
#1472 = AXIS2_PLACEMENT_3D ( 'NONE', #1480, #3081, #1761 ) ;
#1473 = CARTESIAN_POINT ( 'NONE',  ( -0.5999999999999998700, -3.041381265149109200, -12.00000000000000000 ) ) ;
#1474 = DIRECTION ( 'NONE',  ( -1.000000000000000000, 0.0000000000000000000, 0.0000000000000000000 ) ) ;
#1475 = ORIENTED_EDGE ( 'NONE', *, *, #238, .F. ) ;
#1476 = ORIENTED_EDGE ( 'NONE', *, *, #1178, .T. ) ;
#1477 = ORIENTED_EDGE ( 'NONE', *, *, #1389, .T. ) ;
#1478 = CARTESIAN_POINT ( 'NONE',  ( 2.990401310861135400, -0.5999999999999999800, -0.5597388654400544700 ) ) ;
#1479 = ORIENTED_EDGE ( 'NONE', *, *, #881, .T. ) ;
#1480 = CARTESIAN_POINT ( 'NONE',  ( 0.0000000000000000000, 0.0000000000000000000, -12.00000000000000000 ) ) ;
#1481 = DIRECTION ( 'NONE',  ( -1.000000000000000000, 0.0000000000000000000, 0.0000000000000000000 ) ) ;
#1482 = EDGE_CURVE ( 'NONE', #733, #1755, #2429, .T. ) ;
#1483 = CARTESIAN_POINT ( 'NONE',  ( 0.0000000000000000000, 0.0000000000000000000, -5.500000000000000900 ) ) ;
#1484 = DIRECTION ( 'NONE',  ( 0.0000000000000000000, -0.0000000000000000000, 1.000000000000000000 ) ) ;
#1485 = CIRCLE ( 'NONE', #3394, 2.250000000000000400 ) ;
#1486 =( GEOMETRIC_REPRESENTATION_CONTEXT ( 3 ) GLOBAL_UNCERTAINTY_ASSIGNED_CONTEXT ( ( #2843 ) ) GLOBAL_UNIT_ASSIGNED_CONTEXT ( ( #632, #655, #102 ) ) REPRESENTATION_CONTEXT ( 'NONE', 'WORKASPACE' ) );
#1487 = FACE_OUTER_BOUND ( 'NONE', #2026, .T. ) ;
#1488 = DIRECTION ( 'NONE',  ( -0.0000000000000000000, -0.0000000000000000000, 1.000000000000000000 ) ) ;
#1489 = LINE ( 'NONE', #556, #867 ) ;
#1490 = VERTEX_POINT ( 'NONE', #2337 ) ;
#1491 = VERTEX_POINT ( 'NONE', #721 ) ;
#1492 = CYLINDRICAL_SURFACE ( 'NONE', #71, 3.250000000000000000 ) ;
#1493 = VERTEX_POINT ( 'NONE', #2855 ) ;
#1494 = VECTOR ( 'NONE', #312, 1000.000000000000000 ) ;
#1495 = FACE_OUTER_BOUND ( 'NONE', #3424, .T. ) ;
#1496 = ORIENTED_EDGE ( 'NONE', *, *, #2212, .T. ) ;
#1497 = DIRECTION ( 'NONE',  ( 1.000000000000000000, 0.0000000000000000000, 0.0000000000000000000 ) ) ;
#1498 = VERTEX_POINT ( 'NONE', #3401 ) ;
#1499 = CARTESIAN_POINT ( 'NONE',  ( 0.0000000000000000000, 0.0000000000000000000, -116.5000000000000000 ) ) ;
#1500 = UNCERTAINTY_MEASURE_WITH_UNIT (LENGTH_MEASURE( 1.000000000000000100E-005 ), #305, 'distance_accuracy_value', 'NONE');
#1501 = CARTESIAN_POINT ( 'NONE',  ( 0.0000000000000000000, 0.0000000000000000000, 0.5000000000000000000 ) ) ;
#1502 = ORIENTED_EDGE ( 'NONE', *, *, #116, .F. ) ;
#1503 = ORIENTED_EDGE ( 'NONE', *, *, #231, .F. ) ;
#1504 = ORIENTED_EDGE ( 'NONE', *, *, #762, .T. ) ;
#1505 = EDGE_CURVE ( 'NONE', #2724, #423, #412, .T. ) ;
#1506 = CARTESIAN_POINT ( 'NONE',  ( 2.750000000000000000, 0.0000000000000000000, -120.2000000000000000 ) ) ;
#1507 = ORIENTED_EDGE ( 'NONE', *, *, #835, .T. ) ;
#1508 = EDGE_CURVE ( 'NONE', #878, #2470, #975, .T. ) ;
#1509 = ORIENTED_EDGE ( 'NONE', *, *, #52, .F. ) ;
#1510 = DIRECTION ( 'NONE',  ( -1.000000000000000000, 0.0000000000000000000, -0.0000000000000000000 ) ) ;
#1511 = AXIS2_PLACEMENT_3D ( 'NONE', #2054, #1497, #2824 ) ;
#1512 = CARTESIAN_POINT ( 'NONE',  ( 0.0000000000000000000, 0.0000000000000000000, -0.5597388654400544700 ) ) ;
#1513 = EDGE_CURVE ( 'NONE', #3062, #2787, #3050, .T. ) ;
#1514 = AXIS2_PLACEMENT_3D ( 'NONE', #758, #1798, #3170 ) ;
#1515 = CARTESIAN_POINT ( 'NONE',  ( 0.0000000000000000000, 0.0000000000000000000, 1.229901415993585000E-012 ) ) ;
#1516 = DIRECTION ( 'NONE',  ( 1.000000000000000000, 0.0000000000000000000, 0.0000000000000000000 ) ) ;
#1517 = FACE_OUTER_BOUND ( 'NONE', #1712, .T. ) ;
#1518 = DIRECTION ( 'NONE',  ( -0.0000000000000000000, -0.0000000000000000000, 1.000000000000000000 ) ) ;
#1519 = FACE_OUTER_BOUND ( 'NONE', #1095, .T. ) ;
#1520 = DIRECTION ( 'NONE',  ( -0.0000000000000000000, -0.0000000000000000000, 1.000000000000000000 ) ) ;
#1521 = DIRECTION ( 'NONE',  ( -1.000000000000000000, -0.0000000000000000000, -0.0000000000000000000 ) ) ;
#1522 = SURFACE_STYLE_FILL_AREA ( #2380 ) ;
#1523 = CARTESIAN_POINT ( 'NONE',  ( 0.0000000000000000000, 0.0000000000000000000, -116.5000000000000000 ) ) ;
#1524 = LINE ( 'NONE', #1350, #2774 ) ;
#1525 = CARTESIAN_POINT ( 'NONE',  ( 0.0000000000000000000, 2.750000000000000000, -116.5000000000000000 ) ) ;
#1526 = CARTESIAN_POINT ( 'NONE',  ( 0.0000000000000000000, 0.0000000000000000000, -5.500000000000000000 ) ) ;
#1527 = MECHANICAL_DESIGN_GEOMETRIC_PRESENTATION_REPRESENTATION (  '', ( #1283 ), #2366 ) ;
#1528 = PRODUCT_DEFINITION_SHAPE ( 'NONE', 'NONE',  #3490 ) ;
#1529 = VECTOR ( 'NONE', #658, 1000.000000000000000 ) ;
#1530 = CARTESIAN_POINT ( 'NONE',  ( -3.188489208633093600, 0.0000000000000000000, -8.699999999999999300 ) ) ;
#1531 = CARTESIAN_POINT ( 'NONE',  ( 0.0000000000000000000, 0.0000000000000000000, 0.001000000000001000100 ) ) ;
#1532 = DIRECTION ( 'NONE',  ( 0.0000000000000000000, -1.000000000000000000, -3.000666402548790900E-036 ) ) ;
#1533 = AXIS2_PLACEMENT_3D ( 'NONE', #3209, #3452, #2662 ) ;
#1534 = FACE_OUTER_BOUND ( 'NONE', #661, .T. ) ;
#1535 = ORIENTED_EDGE ( 'NONE', *, *, #724, .T. ) ;
#1536 = LINE ( 'NONE', #3015, #1494 ) ;
#1537 = VERTEX_POINT ( 'NONE', #2297 ) ;
#1538 = EDGE_LOOP ( 'NONE', ( #2670, #614, #1668, #1923 ) ) ;
#1539 = UNCERTAINTY_MEASURE_WITH_UNIT (LENGTH_MEASURE( 1.000000000000000100E-005 ), #2647, 'distance_accuracy_value', 'NONE');
#1540 = CARTESIAN_POINT ( 'NONE',  ( 0.0000000000000000000, 0.0000000000000000000, 0.001000000000001000100 ) ) ;
#1541 = ADVANCED_FACE ( 'NONE', ( #1165, #3459 ), #1242, .F. ) ;
#1542 = VECTOR ( 'NONE', #617, 1000.000000000000100 ) ;
#1543 = ORIENTED_EDGE ( 'NONE', *, *, #1074, .F. ) ;
#1544 = CARTESIAN_POINT ( 'NONE',  ( 0.0000000000000000000, 0.0000000000000000000, 1.229901415993585000E-012 ) ) ;
#1545 = EDGE_CURVE ( 'NONE', #1840, #522, #1987, .T. ) ;
#1546 = FACE_OUTER_BOUND ( 'NONE', #877, .T. ) ;
#1547 = ORIENTED_EDGE ( 'NONE', *, *, #1348, .F. ) ;
#1548 = DIRECTION ( 'NONE',  ( 0.0000000000000000000, -1.000000000000000000, 0.0000000000000000000 ) ) ;
#1549 = CARTESIAN_POINT ( 'NONE',  ( -2.250000000000000000, 2.755455298081544300E-016, -119.7000000000000000 ) ) ;
#1550 = ORIENTED_EDGE ( 'NONE', *, *, #3086, .F. ) ;
#1551 = EDGE_CURVE ( 'NONE', #923, #3462, #903, .T. ) ;
#1552 = PLANE ( 'NONE',  #113 ) ;
#1553 = ORIENTED_EDGE ( 'NONE', *, *, #309, .T. ) ;
#1554 = AXIS2_PLACEMENT_3D ( 'NONE', #3061, #3049, #2519 ) ;
#1555 = FILL_AREA_STYLE_COLOUR ( '', #2610 ) ;
#1556 = CARTESIAN_POINT ( 'NONE',  ( 0.0000000000000000000, 0.0000000000000000000, -5.500000000000000900 ) ) ;
#1557 = DIRECTION ( 'NONE',  ( -0.0000000000000000000, -3.000666402548790900E-036, 1.000000000000000000 ) ) ;
#1558 = DIRECTION ( 'NONE',  ( -0.0000000000000000000, -3.000666402548790900E-036, 1.000000000000000000 ) ) ;
#1559 = EDGE_CURVE ( 'NONE', #2484, #1840, #732, .T. ) ;
#1560 = CARTESIAN_POINT ( 'NONE',  ( 0.0000000000000000000, 0.0000000000000000000, -12.00000000000000000 ) ) ;
#1561 = DIRECTION ( 'NONE',  ( 1.000000000000000000, 0.0000000000000000000, 0.0000000000000000000 ) ) ;
#1562 = AXIS2_PLACEMENT_3D ( 'NONE', #2184, #2743, #2196 ) ;
#1563 = DIRECTION ( 'NONE',  ( -1.000000000000000000, -0.0000000000000000000, -0.0000000000000000000 ) ) ;
#1564 = LINE ( 'NONE', #2735, #1981 ) ;
#1565 = CARTESIAN_POINT ( 'NONE',  ( 0.0000000000000000000, 1.380306545172443900E-035, -4.099999999999999600 ) ) ;
#1566 = CARTESIAN_POINT ( 'NONE',  ( 0.6000000000000000900, -3.041381265149109200, -11.30000000000000100 ) ) ;
#1567 = DIRECTION ( 'NONE',  ( -0.0000000000000000000, -0.0000000000000000000, 1.000000000000000000 ) ) ;
#1568 = CARTESIAN_POINT ( 'NONE',  ( 2.250000000000000000, 0.0000000000000000000, -124.2000000000000000 ) ) ;
#1569 = FACE_BOUND ( 'NONE', #2089, .T. ) ;
#1570 = CARTESIAN_POINT ( 'NONE',  ( 2.168524844220144100, 0.5999999999999998700, -11.30000000000000100 ) ) ;
#1571 = CLOSED_SHELL ( 'NONE', ( #2864, #153, #729, #2926, #422, #3280 ) ) ;
#1572 = CYLINDRICAL_SURFACE ( 'NONE', #3456, 3.000000000000000000 ) ;
#1573 = CARTESIAN_POINT ( 'NONE',  ( 3.350000000000000500, 0.0000000000000000000, -0.5597388654400544700 ) ) ;
#1574 = FILL_AREA_STYLE ('',( #3441 ) ) ;
#1575 = AXIS2_PLACEMENT_3D ( 'NONE', #3295, #921, #101 ) ;
#1576 = CARTESIAN_POINT ( 'NONE',  ( 0.0000000000000000000, 0.0000000000000000000, -12.00000000000000000 ) ) ;
#1577 = FACE_BOUND ( 'NONE', #615, .T. ) ;
#1578 = AXIS2_PLACEMENT_3D ( 'NONE', #1501, #3383, #1765 ) ;
#1579 = DIRECTION ( 'NONE',  ( 0.0000000000000000000, -0.0000000000000000000, -1.000000000000000000 ) ) ;
#1580 = ORIENTED_EDGE ( 'NONE', *, *, #298, .F. ) ;
#1581 = EDGE_LOOP ( 'NONE', ( #214, #1838, #426, #998 ) ) ;
#1582 = STYLED_ITEM ( 'NONE', ( #2675 ), #3362 ) ;
#1583 = ORIENTED_EDGE ( 'NONE', *, *, #601, .T. ) ;
#1584 = DIRECTION ( 'NONE',  ( -0.0000000000000000000, -0.0000000000000000000, 1.000000000000000000 ) ) ;
#1585 = EDGE_LOOP ( 'NONE', ( #1378, #3036, #3297, #1748 ) ) ;
#1586 = FACE_OUTER_BOUND ( 'NONE', #3033, .T. ) ;
#1587 = DIRECTION ( 'NONE',  ( -0.0000000000000000000, -0.0000000000000000000, 1.000000000000000000 ) ) ;
#1588 =( NAMED_UNIT ( * ) PLANE_ANGLE_UNIT ( ) SI_UNIT ( $, .RADIAN. ) );
#1589 = EDGE_CURVE ( 'NONE', #1302, #2434, #1375, .T. ) ;
#1590 = AXIS2_PLACEMENT_3D ( 'NONE', #1093, #3235, #1379 ) ;
#1591 = CYLINDRICAL_SURFACE ( 'NONE', #929, 3.750000000000000000 ) ;
#1592 = ORIENTED_EDGE ( 'NONE', *, *, #1796, .F. ) ;
#1593 = CARTESIAN_POINT ( 'NONE',  ( -4.000000000000000000, 4.898587196589412800E-016, -120.2000000000000000 ) ) ;
#1594 = CARTESIAN_POINT ( 'NONE',  ( -3.500000000000000000, 4.286263797015736600E-016, 0.0000000000000000000 ) ) ;
#1595 = ORIENTED_EDGE ( 'NONE', *, *, #37, .T. ) ;
#1596 = CARTESIAN_POINT ( 'NONE',  ( -2.000000000000000000, 2.449293598294706400E-016, 0.0000000000000000000 ) ) ;
#1597 = CARTESIAN_POINT ( 'NONE',  ( -2.990401310861135400, 0.5999999999999998700, -0.5597388654400544700 ) ) ;
#1598 = EDGE_LOOP ( 'NONE', ( #3026, #2936 ) ) ;
#1599 = ORIENTED_EDGE ( 'NONE', *, *, #2593, .T. ) ;
#1600 = ORIENTED_EDGE ( 'NONE', *, *, #845, .T. ) ;
#1601 = ADVANCED_FACE ( 'NONE', ( #1201 ), #83, .F. ) ;
#1602 = CARTESIAN_POINT ( 'NONE',  ( 0.0000000000000000000, 0.0000000000000000000, -94.50000000000000000 ) ) ;
#1603 = EDGE_CURVE ( 'NONE', #343, #475, #1281, .T. ) ;
#1604 = ORIENTED_EDGE ( 'NONE', *, *, #322, .T. ) ;
#1605 = DIRECTION ( 'NONE',  ( 1.000000000000000000, 0.0000000000000000000, 0.0000000000000000000 ) ) ;
#1606 = ORIENTED_EDGE ( 'NONE', *, *, #835, .F. ) ;
#1607 = DIRECTION ( 'NONE',  ( 0.0000000000000000000, 0.0000000000000000000, -1.000000000000000000 ) ) ;
#1608 = AXIS2_PLACEMENT_3D ( 'NONE', #2557, #3359, #1234 ) ;
#1609 = CARTESIAN_POINT ( 'NONE',  ( 0.0000000000000000000, -1.023858494872200700, 0.5000000000000000000 ) ) ;
#1610 = DIRECTION ( 'NONE',  ( 0.0000000000000000000, -1.000000000000000000, 0.0000000000000000000 ) ) ;
#1611 = LINE ( 'NONE', #1407, #896 ) ;
#1612 = PRODUCT_RELATED_PRODUCT_CATEGORY ( 'part', '', ( #354 ) ) ;
#1613 = DIRECTION ( 'NONE',  ( 0.0000000000000000000, 0.0000000000000000000, 1.000000000000000000 ) ) ;
#1614 = EDGE_CURVE ( 'NONE', #690, #1428, #3325, .T. ) ;
#1615 = LINE ( 'NONE', #2280, #1903 ) ;
#1616 = ADVANCED_FACE ( 'NONE', ( #2461 ), #2831, .F. ) ;
#1617 = DIRECTION ( 'NONE',  ( 1.000000000000000000, 0.0000000000000000000, 0.0000000000000000000 ) ) ;
#1618 = CIRCLE ( 'NONE', #75, 3.099999999999999600 ) ;
#1619 = SURFACE_STYLE_USAGE ( .BOTH. , #3202 ) ;
#1620 = LINE ( 'NONE', #2617, #2335 ) ;
#1621 = DIRECTION ( 'NONE',  ( 0.0000000000000000000, 0.0000000000000000000, 1.000000000000000000 ) ) ;
#1622 = CARTESIAN_POINT ( 'NONE',  ( 0.6000000000000000900, -2.990401310861135400, -0.5597388654400544700 ) ) ;
#1623 = AXIS2_PLACEMENT_3D ( 'NONE', #979, #2854, #1894 ) ;
#1624 = CYLINDRICAL_SURFACE ( 'NONE', #2217, 3.099999999999999600 ) ;
#1625 = ORIENTED_EDGE ( 'NONE', *, *, #200, .F. ) ;
#1626 = VERTEX_POINT ( 'NONE', #142 ) ;
#1627 = DIRECTION ( 'NONE',  ( -0.0000000000000000000, -3.000666402548790900E-036, 1.000000000000000000 ) ) ;
#1628 = ORIENTED_EDGE ( 'NONE', *, *, #2283, .T. ) ;
#1629 = VERTEX_POINT ( 'NONE', #394 ) ;
#1630 = EDGE_CURVE ( 'NONE', #13, #799, #2069, .T. ) ;
#1631 = VECTOR ( 'NONE', #2769, 1000.000000000000000 ) ;
#1632 = ORIENTED_EDGE ( 'NONE', *, *, #2255, .F. ) ;
#1633 = CARTESIAN_POINT ( 'NONE',  ( 21.00000000000000000, 0.0000000000000000000, 4.250000000000000000 ) ) ;
#1634 = FACE_OUTER_BOUND ( 'NONE', #653, .T. ) ;
#1635 = ADVANCED_FACE ( 'NONE', ( #643, #2540 ), #2299, .F. ) ;
#1636 = ORIENTED_EDGE ( 'NONE', *, *, #2091, .T. ) ;
#1637 = CARTESIAN_POINT ( 'NONE',  ( 0.0000000000000000000, 0.0000000000000000000, -5.500000000000000900 ) ) ;
#1638 = AXIS2_PLACEMENT_3D ( 'NONE', #539, #1076, #2946 ) ;
#1639 = EDGE_LOOP ( 'NONE', ( #434, #3102, #3073, #3343 ) ) ;
#1640 = DIRECTION ( 'NONE',  ( -0.0000000000000000000, -0.0000000000000000000, 1.000000000000000000 ) ) ;
#1641 =( NAMED_UNIT ( * ) PLANE_ANGLE_UNIT ( ) SI_UNIT ( $, .RADIAN. ) );
#1642 = ORIENTED_EDGE ( 'NONE', *, *, #2044, .T. ) ;
#1643 = EDGE_LOOP ( 'NONE', ( #370, #2341, #2001, #479 ) ) ;
#1644 = CARTESIAN_POINT ( 'NONE',  ( 21.00000000000000000, 5.204748896376249700E-016, -4.250000000000000000 ) ) ;
#1645 = CARTESIAN_POINT ( 'NONE',  ( -3.041381265149109200, 0.5999999999999998700, -5.500000000000000900 ) ) ;
#1646 = ITEM_DEFINED_TRANSFORMATION ( 'NONE', 'NONE', #3436,  #402 ) ;
#1647 = PRODUCT_CONTEXT ( 'NONE', #2450, 'mechanical' ) ;
#1648 = EDGE_CURVE ( 'NONE', #1430, #704, #3364, .T. ) ;
#1649 = ADVANCED_FACE ( 'NONE', ( #2115 ), #1415, .F. ) ;
#1650 = AXIS2_PLACEMENT_3D ( 'NONE', #3285, #316, #1439 ) ;
#1651 = DIRECTION ( 'NONE',  ( -1.000000000000000000, 0.0000000000000000000, 0.0000000000000000000 ) ) ;
#1652 = AXIS2_PLACEMENT_3D ( 'NONE', #415, #1754, #943 ) ;
#1653 =( NAMED_UNIT ( * ) PLANE_ANGLE_UNIT ( ) SI_UNIT ( $, .RADIAN. ) );
#1654 = EDGE_CURVE ( 'NONE', #2521, #588, #3454, .T. ) ;
#1655 = AXIS2_PLACEMENT_3D ( 'NONE', #1833, #1558, #179 ) ;
#1656 = CIRCLE ( 'NONE', #1186, 4.599999999999999600 ) ;
#1657 =( REPRESENTATION_RELATIONSHIP ('NONE','NONE', #2910, #2905 ) REPRESENTATION_RELATIONSHIP_WITH_TRANSFORMATION ( #928 )SHAPE_REPRESENTATION_RELATIONSHIP( ) );
#1658 = FACE_OUTER_BOUND ( 'NONE', #2674, .T. ) ;
#1659 =( NAMED_UNIT ( * ) PLANE_ANGLE_UNIT ( ) SI_UNIT ( $, .RADIAN. ) );
#1660 = CARTESIAN_POINT ( 'NONE',  ( 0.0000000000000000000, 4.215936295581051800E-034, -140.0000000000000000 ) ) ;
#1661 = EDGE_CURVE ( 'NONE', #2137, #759, #679, .T. ) ;
#1662 = ADVANCED_FACE ( 'NONE', ( #408 ), #1572, .F. ) ;
#1663 = CARTESIAN_POINT ( 'NONE',  ( 0.0000000000000000000, 1.375879741445620000E-035, -4.085247264664063800 ) ) ;
#1664 = ORIENTED_EDGE ( 'NONE', *, *, #3382, .T. ) ;
#1665 = DIRECTION ( 'NONE',  ( -0.0000000000000000000, -0.0000000000000000000, 1.000000000000000000 ) ) ;
#1666 = VERTEX_POINT ( 'NONE', #1813 ) ;
#1667 = PRODUCT_CONTEXT ( 'NONE', #1108, 'mechanical' ) ;
#1668 = ORIENTED_EDGE ( 'NONE', *, *, #1300, .F. ) ;
#1669 = SURFACE_STYLE_FILL_AREA ( #281 ) ;
#1670 = EDGE_LOOP ( 'NONE', ( #3373, #2466 ) ) ;
#1671 = LINE ( 'NONE', #1000, #1215 ) ;
#1672 = CARTESIAN_POINT ( 'NONE',  ( -4.099999999999999600, 5.021051876504147400E-016, -5.500000000000000000 ) ) ;
#1673 = ORIENTED_EDGE ( 'NONE', *, *, #1513, .T. ) ;
#1674 = DIRECTION ( 'NONE',  ( -0.0000000000000000000, -0.0000000000000000000, -1.000000000000000000 ) ) ;
#1675 = ORIENTED_EDGE ( 'NONE', *, *, #635, .F. ) ;
#1676 = PRODUCT_DEFINITION ( 'UNKNOWN', '', #2879, #2323 ) ;
#1677 = DIRECTION ( 'NONE',  ( -0.0000000000000000000, -0.0000000000000000000, 1.000000000000000000 ) ) ;
#1678 = ORIENTED_EDGE ( 'NONE', *, *, #1195, .F. ) ;
#1679 = ORIENTED_EDGE ( 'NONE', *, *, #399, .F. ) ;
#1680 = ORIENTED_EDGE ( 'NONE', *, *, #904, .T. ) ;
#1681 = ADVANCED_FACE ( 'NONE', ( #3291 ), #2165, .T. ) ;
#1682 = DIRECTION ( 'NONE',  ( -0.0000000000000000000, -3.000666402548790900E-036, 1.000000000000000000 ) ) ;
#1683 = DIRECTION ( 'NONE',  ( -0.0000000000000000000, -0.0000000000000000000, 1.000000000000000000 ) ) ;
#1684 = ORIENTED_EDGE ( 'NONE', *, *, #2496, .F. ) ;
#1685 = DIRECTION ( 'NONE',  ( 1.000000000000000000, 0.0000000000000000000, 0.0000000000000000000 ) ) ;
#1686 = FACE_OUTER_BOUND ( 'NONE', #2645, .T. ) ;
#1687 = EDGE_CURVE ( 'NONE', #475, #1716, #2860, .T. ) ;
#1688 = EDGE_CURVE ( 'NONE', #1493, #2137, #44, .T. ) ;
#1689 = FACE_BOUND ( 'NONE', #1839, .T. ) ;
#1690 = MECHANICAL_DESIGN_GEOMETRIC_PRESENTATION_REPRESENTATION (  '', ( #1115 ), #2307 ) ;
#1691 = CARTESIAN_POINT ( 'NONE',  ( 0.6000000000000000900, 2.990401310861135400, -0.5597388654400544700 ) ) ;
#1692 = VECTOR ( 'NONE', #3148, 1000.000000000000000 ) ;
#1693 = EDGE_CURVE ( 'NONE', #1247, #2805, #2500, .T. ) ;
#1694 = DIRECTION ( 'NONE',  ( -0.0000000000000000000, -3.000666402548790900E-036, 1.000000000000000000 ) ) ;
#1695 = PRODUCT_DEFINITION_SHAPE ( 'NONE', 'NONE',  #456 ) ;
#1696 = DIRECTION ( 'NONE',  ( 0.0000000000000000000, 0.0000000000000000000, -1.000000000000000000 ) ) ;
#1697 = VECTOR ( 'NONE', #451, 1000.000000000000000 ) ;
#1698 = CLOSED_SHELL ( 'NONE', ( #347, #747, #902, #2459, #1892, #7, #1649, #3002, #1932, #1662, #854, #2845, #31, #1372, #1541, #582, #521, #441, #3396, #330, #2985, #1681, #1356, #1851, #3019, #1910, #842, #1009, #2609, #1405 ) ) ;
#1699 = SURFACE_STYLE_FILL_AREA ( #1975 ) ;
#1700 = ORIENTED_EDGE ( 'NONE', *, *, #1661, .T. ) ;
#1701 = CARTESIAN_POINT ( 'NONE',  ( 0.0000000000000000000, 0.3999999999999999700, -0.5056035257543526300 ) ) ;
#1702 = VERTEX_POINT ( 'NONE', #3443 ) ;
#1703 = DIRECTION ( 'NONE',  ( 1.000000000000000000, 0.0000000000000000000, 0.0000000000000000000 ) ) ;
#1704 = SPHERICAL_SURFACE ( 'NONE', #14, 0.5000000000000000000 ) ;
#1705 = ORIENTED_EDGE ( 'NONE', *, *, #1693, .F. ) ;
#1706 = CIRCLE ( 'NONE', #1511, 4.250000000000000000 ) ;
#1707 = ORIENTED_EDGE ( 'NONE', *, *, #741, .F. ) ;
#1708 = CYLINDRICAL_SURFACE ( 'NONE', #1340, 4.050000000000000700 ) ;
#1709 = AXIS2_PLACEMENT_3D ( 'NONE', #2160, #587, #823 ) ;
#1710 = AXIS2_PLACEMENT_3D ( 'NONE', #497, #473, #2070 ) ;
#1711 = DIRECTION ( 'NONE',  ( -0.0000000000000000000, -0.0000000000000000000, -1.000000000000000000 ) ) ;
#1712 = EDGE_LOOP ( 'NONE', ( #3007, #1204, #1628, #2139 ) ) ;
#1713 = DIRECTION ( 'NONE',  ( -0.0000000000000000000, -0.0000000000000000000, 1.000000000000000000 ) ) ;
#1714 = VERTEX_POINT ( 'NONE', #1844 ) ;
#1715 = VERTEX_POINT ( 'NONE', #2072 ) ;
#1716 = VERTEX_POINT ( 'NONE', #3163 ) ;
#1717 = EDGE_CURVE ( 'NONE', #1629, #923, #1328, .T. ) ;
#1718 = VECTOR ( 'NONE', #728, 1000.000000000000000 ) ;
#1719 = CARTESIAN_POINT ( 'NONE',  ( 0.0000000000000000000, 0.0000000000000000000, -6.200000000000001100 ) ) ;
#1720 = CONTEXT_DEPENDENT_SHAPE_REPRESENTATION ( #1137, #3210 ) ;
#1721 = EDGE_CURVE ( 'NONE', #3345, #2924, #1620, .T. ) ;
#1722 = DIRECTION ( 'NONE',  ( 1.000000000000000000, 0.0000000000000000000, 0.0000000000000000000 ) ) ;
#1723 = SURFACE_SIDE_STYLE ('',( #1699 ) ) ;
#1724 = AXIS2_PLACEMENT_3D ( 'NONE', #386, #3090, #1484 ) ;
#1725 = PRODUCT ( 'refiller', 'refiller', '', ( #1414 ) ) ;
#1726 = LINE ( 'NONE', #1622, #857 ) ;
#1727 = EDGE_CURVE ( 'NONE', #1991, #2078, #2424, .T. ) ;
#1728 = SURFACE_STYLE_USAGE ( .BOTH. , #3332 ) ;
#1729 = VECTOR ( 'NONE', #3272, 1000.000000000000100 ) ;
#1730 = DIRECTION ( 'NONE',  ( -1.224646799147353200E-016, -1.000000000000000000, 0.0000000000000000000 ) ) ;
#1731 = CARTESIAN_POINT ( 'NONE',  ( -3.000000000000000000, 3.673940397442059900E-016, 1.229901415993585000E-012 ) ) ;
#1732 = AXIS2_PLACEMENT_3D ( 'NONE', #2986, #3264, #26 ) ;
#1733 = FACE_OUTER_BOUND ( 'NONE', #1581, .T. ) ;
#1734 = DIRECTION ( 'NONE',  ( 1.000000000000000000, 0.0000000000000000000, 0.0000000000000000000 ) ) ;
#1735 = CIRCLE ( 'NONE', #1554, 1.500000000000000000 ) ;
#1736 = CYLINDRICAL_SURFACE ( 'NONE', #3430, 2.250000000000000400 ) ;
#1737 = ORIENTED_EDGE ( 'NONE', *, *, #1982, .T. ) ;
#1738 = ORIENTED_EDGE ( 'NONE', *, *, #3027, .T. ) ;
#1739 = ORIENTED_EDGE ( 'NONE', *, *, #1160, .T. ) ;
#1740 = FACE_OUTER_BOUND ( 'NONE', #2468, .T. ) ;
#1741 = ORIENTED_EDGE ( 'NONE', *, *, #1238, .T. ) ;
#1742 = CIRCLE ( 'NONE', #598, 3.350000000000001400 ) ;
#1743 = DIRECTION ( 'NONE',  ( 1.000000000000000000, 0.0000000000000000000, 0.0000000000000000000 ) ) ;
#1744 = ORIENTED_EDGE ( 'NONE', *, *, #2278, .F. ) ;
#1745 = SHAPE_REPRESENTATION ( 'rubber', ( #402 ), #2590 ) ;
#1746 = PRODUCT_DEFINITION_SHAPE ( 'NONE', 'NONE',  #1433 ) ;
#1747 = CARTESIAN_POINT ( 'NONE',  ( 6.123233995736766000E-017, 0.5000000000000000000, 0.5000000000000000000 ) ) ;
#1748 = ORIENTED_EDGE ( 'NONE', *, *, #931, .F. ) ;
#1749 = EDGE_CURVE ( 'NONE', #1171, #1258, #2022, .T. ) ;
#1750 = PRESENTATION_LAYER_ASSIGNMENT (  '', '', ( #1961 ) ) ;
#1751 = VERTEX_POINT ( 'NONE', #210 ) ;
#1752 = ORIENTED_EDGE ( 'NONE', *, *, #485, .F. ) ;
#1753 =( GEOMETRIC_REPRESENTATION_CONTEXT ( 3 ) GLOBAL_UNCERTAINTY_ASSIGNED_CONTEXT ( ( #2046 ) ) GLOBAL_UNIT_ASSIGNED_CONTEXT ( ( #1887, #1072, #1901 ) ) REPRESENTATION_CONTEXT ( 'NONE', 'WORKASPACE' ) );
#1754 = DIRECTION ( 'NONE',  ( 0.0000000000000000000, 0.0000000000000000000, -1.000000000000000000 ) ) ;
#1755 = VERTEX_POINT ( 'NONE', #1284 ) ;
#1756 = PLANE ( 'NONE',  #1349 ) ;
#1757 = EDGE_CURVE ( 'NONE', #3437, #1430, #2956, .T. ) ;
#1758 =( GEOMETRIC_REPRESENTATION_CONTEXT ( 3 ) GLOBAL_UNCERTAINTY_ASSIGNED_CONTEXT ( ( #3116 ) ) GLOBAL_UNIT_ASSIGNED_CONTEXT ( ( #628, #712, #3317 ) ) REPRESENTATION_CONTEXT ( 'NONE', 'WORKASPACE' ) );
#1759 = CARTESIAN_POINT ( 'NONE',  ( 0.0000000000000000000, 3.061616997868383000E-017, 0.5000000000000000000 ) ) ;
#1760 = CARTESIAN_POINT ( 'NONE',  ( 3.600000000000000100, 4.408728476930471200E-016, -13.89999999999999500 ) ) ;
#1761 = DIRECTION ( 'NONE',  ( -1.000000000000000000, 0.0000000000000000000, 0.0000000000000000000 ) ) ;
#1762 =( NAMED_UNIT ( * ) SI_UNIT ( $, .STERADIAN. ) SOLID_ANGLE_UNIT ( ) );
#1763 = VECTOR ( 'NONE', #1651, 1000.000000000000000 ) ;
#1764 = EDGE_CURVE ( 'NONE', #1490, #3460, #819, .T. ) ;
#1765 = DIRECTION ( 'NONE',  ( 0.0000000000000000000, -1.000000000000000000, 0.0000000000000000000 ) ) ;
#1766 = FACE_OUTER_BOUND ( 'NONE', #3113, .T. ) ;
#1767 = AXIS2_PLACEMENT_3D ( 'NONE', #517, #2156, #2922 ) ;
#1768 = LINE ( 'NONE', #553, #2907 ) ;
#1769 = CIRCLE ( 'NONE', #1119, 1.023858494872200700 ) ;
#1770 = PRODUCT_DEFINITION_FORMATION_WITH_SPECIFIED_SOURCE ( 'ANY', '', #1725, .NOT_KNOWN. ) ;
#1771 = VECTOR ( 'NONE', #2012, 1000.000000000000000 ) ;
#1772 = ADVANCED_FACE ( 'NONE', ( #242 ), #2293, .T. ) ;
#1773 = EDGE_CURVE ( 'NONE', #423, #2724, #2911, .T. ) ;
#1774 = DIRECTION ( 'NONE',  ( -0.0000000000000000000, -0.0000000000000000000, 1.000000000000000000 ) ) ;
#1775 = ORIENTED_EDGE ( 'NONE', *, *, #2202, .T. ) ;
#1776 = VECTOR ( 'NONE', #1450, 1000.000000000000000 ) ;
#1777 = CARTESIAN_POINT ( 'NONE',  ( 21.00000000000000000, 0.0000000000000000000, 3.750000000000000000 ) ) ;
#1778 = DIRECTION ( 'NONE',  ( 1.000000000000000000, 0.0000000000000000000, 0.0000000000000000000 ) ) ;
#1779 = ORIENTED_EDGE ( 'NONE', *, *, #336, .F. ) ;
#1780 = VECTOR ( 'NONE', #348, 1000.000000000000000 ) ;
#1781 = ORIENTED_EDGE ( 'NONE', *, *, #2902, .F. ) ;
#1782 = ORIENTED_EDGE ( 'NONE', *, *, #2807, .F. ) ;
#1783 = FILL_AREA_STYLE_COLOUR ( '', #1425 ) ;
#1784 = VERTEX_POINT ( 'NONE', #2598 ) ;
#1785 = UNCERTAINTY_MEASURE_WITH_UNIT (LENGTH_MEASURE( 1.000000000000000100E-005 ), #824, 'distance_accuracy_value', 'NONE');
#1786 = DIRECTION ( 'NONE',  ( 0.0000000000000000000, 0.0000000000000000000, -1.000000000000000000 ) ) ;
#1787 = CARTESIAN_POINT ( 'NONE',  ( 0.0000000000000000000, -1.399999999999999900, -8.400000000000000400 ) ) ;
#1788 = AXIS2_PLACEMENT_3D ( 'NONE', #642, #66, #910 ) ;
#1789 = CARTESIAN_POINT ( 'NONE',  ( -6.123233995736766000E-017, -0.5000000000000000000, -1.500333201274395300E-036 ) ) ;
#1790 = EDGE_LOOP ( 'NONE', ( #3132, #1092, #2964, #3169 ) ) ;
#1791 = DIRECTION ( 'NONE',  ( 0.0000000000000000000, -1.000000000000000000, 0.0000000000000000000 ) ) ;
#1792 = DIRECTION ( 'NONE',  ( 0.0000000000000000000, -1.000000000000000000, 0.0000000000000000000 ) ) ;
#1793 = CARTESIAN_POINT ( 'NONE',  ( 0.0000000000000000000, 0.0000000000000000000, 1.229901415993585000E-012 ) ) ;
#1794 = EDGE_LOOP ( 'NONE', ( #1599, #2989 ) ) ;
#1795 = DIRECTION ( 'NONE',  ( -0.0000000000000000000, -0.0000000000000000000, -1.000000000000000000 ) ) ;
#1796 = EDGE_CURVE ( 'NONE', #3150, #759, #119, .T. ) ;
#1797 = ADVANCED_FACE ( 'NONE', ( #1733 ), #901, .T. ) ;
#1798 = DIRECTION ( 'NONE',  ( -0.0000000000000000000, -0.0000000000000000000, 1.000000000000000000 ) ) ;
#1799 = CARTESIAN_POINT ( 'NONE',  ( 1.253865028525067300E-016, 1.023858494872200700, 0.5000000000000000000 ) ) ;
#1800 = VECTOR ( 'NONE', #2614, 1000.000000000000000 ) ;
#1801 =( NAMED_UNIT ( * ) SI_UNIT ( $, .STERADIAN. ) SOLID_ANGLE_UNIT ( ) );
#1802 = MECHANICAL_DESIGN_GEOMETRIC_PRESENTATION_REPRESENTATION (  '', ( #1876 ), #2533 ) ;
#1803 = DIRECTION ( 'NONE',  ( -0.0000000000000000000, -0.0000000000000000000, 1.000000000000000000 ) ) ;
#1804 = ORIENTED_EDGE ( 'NONE', *, *, #936, .T. ) ;
#1805 = DIRECTION ( 'NONE',  ( 1.000000000000000000, 0.0000000000000000000, 0.0000000000000000000 ) ) ;
#1806 = CARTESIAN_POINT ( 'NONE',  ( 21.00000000000000000, 0.0000000000000000000, 0.0000000000000000000 ) ) ;
#1807 = DIRECTION ( 'NONE',  ( -1.000000000000000000, 0.0000000000000000000, -0.0000000000000000000 ) ) ;
#1808 = FACE_BOUND ( 'NONE', #2510, .T. ) ;
#1809 = FILL_AREA_STYLE ('',( #3413 ) ) ;
#1810 = LINE ( 'NONE', #1085, #2290 ) ;
#1811 = AXIS2_PLACEMENT_3D ( 'NONE', #760, #1587, #3448 ) ;
#1812 = CYLINDRICAL_SURFACE ( 'NONE', #486, 3.049999999999999400 ) ;
#1813 = CARTESIAN_POINT ( 'NONE',  ( 2.168524844220144100, 0.5999999999999998700, -12.00000000000000000 ) ) ;
#1814 = AXIS2_PLACEMENT_3D ( 'NONE', #2994, #35, #1931 ) ;
#1815 = CARTESIAN_POINT ( 'NONE',  ( 0.0000000000000000000, 0.0000000000000000000, 0.0000000000000000000 ) ) ;
#1816 = VECTOR ( 'NONE', #999, 1000.000000000000100 ) ;
#1817 = DIRECTION ( 'NONE',  ( -0.0000000000000000000, -0.0000000000000000000, -1.000000000000000000 ) ) ;
#1818 = CARTESIAN_POINT ( 'NONE',  ( 0.0000000000000000000, 0.0000000000000000000, 1.229901415993585000E-012 ) ) ;
#1819 = DIRECTION ( 'NONE',  ( 1.000000000000000000, 0.0000000000000000000, 0.0000000000000000000 ) ) ;
#1820 = EDGE_CURVE ( 'NONE', #577, #470, #327, .T. ) ;
#1821 = AXIS2_PLACEMENT_3D ( 'NONE', #1134, #1365, #1413 ) ;
#1822 = FACE_BOUND ( 'NONE', #178, .T. ) ;
#1823 = FACE_OUTER_BOUND ( 'NONE', #2550, .T. ) ;
#1824 = ORIENTED_EDGE ( 'NONE', *, *, #436, .T. ) ;
#1825 = EDGE_LOOP ( 'NONE', ( #843, #2400, #1850, #3231 ) ) ;
#1826 = LINE ( 'NONE', #1184, #2549 ) ;
#1827 = VERTEX_POINT ( 'NONE', #2652 ) ;
#1828 = FACE_OUTER_BOUND ( 'NONE', #2801, .T. ) ;
#1829 = CARTESIAN_POINT ( 'NONE',  ( 0.0000000000000000000, 0.0000000000000000000, -0.03944502358744703100 ) ) ;
#1830 = CYLINDRICAL_SURFACE ( 'NONE', #3022, 1.123858494872200600 ) ;
#1831 = EDGE_LOOP ( 'NONE', ( #1383, #2401 ) ) ;
#1832 = DIRECTION ( 'NONE',  ( -0.0000000000000000000, -0.0000000000000000000, 1.000000000000000000 ) ) ;
#1833 = CARTESIAN_POINT ( 'NONE',  ( 0.0000000000000000000, 0.0000000000000000000, 0.5000000000000000000 ) ) ;
#1834 = VERTEX_POINT ( 'NONE', #2667 ) ;
#1835 = EDGE_CURVE ( 'NONE', #12, #170, #2261, .T. ) ;
#1836 =( NAMED_UNIT ( * ) SI_UNIT ( $, .STERADIAN. ) SOLID_ANGLE_UNIT ( ) );
#1837 = CARTESIAN_POINT ( 'NONE',  ( 0.0000000000000000000, 0.0000000000000000000, 0.001000000000001000100 ) ) ;
#1838 = ORIENTED_EDGE ( 'NONE', *, *, #997, .T. ) ;
#1839 = EDGE_LOOP ( 'NONE', ( #45, #2768 ) ) ;
#1840 = VERTEX_POINT ( 'NONE', #2947 ) ;
#1841 = AXIS2_PLACEMENT_3D ( 'NONE', #3137, #2871, #744 ) ;
#1842 = DIRECTION ( 'NONE',  ( 0.0000000000000000000, 0.0000000000000000000, -1.000000000000000000 ) ) ;
#1843 = LINE ( 'NONE', #2648, #1144 ) ;
#1844 = CARTESIAN_POINT ( 'NONE',  ( 0.0000000000000000000, 0.0000000000000000000, 3.750000000000000000 ) ) ;
#1845 = CONTEXT_DEPENDENT_SHAPE_REPRESENTATION ( #1657, #2216 ) ;
#1846 = CARTESIAN_POINT ( 'NONE',  ( -3.041381265149109200, 0.5999999999999998700, -12.00000000000000000 ) ) ;
#1847 = DIRECTION ( 'NONE',  ( 1.000000000000000000, 0.0000000000000000000, 0.0000000000000000000 ) ) ;
#1848 = DIRECTION ( 'NONE',  ( 0.0000000000000000000, 3.000666402548790900E-036, -1.000000000000000000 ) ) ;
#1849 =( NAMED_UNIT ( * ) SI_UNIT ( $, .STERADIAN. ) SOLID_ANGLE_UNIT ( ) );
#1850 = ORIENTED_EDGE ( 'NONE', *, *, #749, .T. ) ;
#1851 = ADVANCED_FACE ( 'NONE', ( #3083 ), #2744, .T. ) ;
#1852 = FACE_OUTER_BOUND ( 'NONE', #2624, .T. ) ;
#1853 = CYLINDRICAL_SURFACE ( 'NONE', #535, 3.350000000000000500 ) ;
#1854 = LINE ( 'NONE', #2619, #1692 ) ;
#1855 = DIRECTION ( 'NONE',  ( -3.491481338843133400E-015, 0.0000000000000000000, -1.000000000000000000 ) ) ;
#1856 = CARTESIAN_POINT ( 'NONE',  ( 0.0000000000000000000, 1.375879741445620000E-035, -4.085247264664063800 ) ) ;
#1857 = FACE_OUTER_BOUND ( 'NONE', #1098, .T. ) ;
#1858 = CARTESIAN_POINT ( 'NONE',  ( 0.0000000000000000000, 0.0000000000000000000, 0.0000000000000000000 ) ) ;
#1859 = VERTEX_POINT ( 'NONE', #1066 ) ;
#1860 = AXIS2_PLACEMENT_3D ( 'NONE', #1436, #2490, #613 ) ;
#1861 = CARTESIAN_POINT ( 'NONE',  ( -3.500000000000000000, 4.286263797015736600E-016, -5.000000000000000000 ) ) ;
#1862 = MANIFOLD_SOLID_BREP ( 'Boss-Extrude1', #1571 ) ;
#1863 = FACE_OUTER_BOUND ( 'NONE', #2082, .T. ) ;
#1864 = EDGE_CURVE ( 'NONE', #3065, #423, #1241, .T. ) ;
#1865 = DIRECTION ( 'NONE',  ( 0.0000000000000000000, 1.000000000000000000, 0.0000000000000000000 ) ) ;
#1866 = MECHANICAL_DESIGN_GEOMETRIC_PRESENTATION_REPRESENTATION (  '', ( #1228 ), #2041 ) ;
#1867 = ADVANCED_FACE ( 'NONE', ( #2578 ), #3188, .F. ) ;
#1868 = FACE_OUTER_BOUND ( 'NONE', #1214, .T. ) ;
#1869 = ORIENTED_EDGE ( 'NONE', *, *, #367, .T. ) ;
#1870 = ORIENTED_EDGE ( 'NONE', *, *, #2836, .F. ) ;
#1871 = LINE ( 'NONE', #2338, #333 ) ;
#1872 = VERTEX_POINT ( 'NONE', #1861 ) ;
#1873 = DIRECTION ( 'NONE',  ( -6.982962677686266700E-015, 0.0000000000000000000, -1.000000000000000000 ) ) ;
#1874 = EDGE_CURVE ( 'NONE', #2716, #800, #1026, .T. ) ;
#1875 = ORIENTED_EDGE ( 'NONE', *, *, #1648, .F. ) ;
#1876 = STYLED_ITEM ( 'NONE', ( #1983 ), #2864 ) ;
#1877 = SURFACE_STYLE_FILL_AREA ( #391 ) ;
#1878 = ORIENTED_EDGE ( 'NONE', *, *, #827, .T. ) ;
#1879 = DIRECTION ( 'NONE',  ( -0.0000000000000000000, -3.000666402548790900E-036, 1.000000000000000000 ) ) ;
#1880 = ORIENTED_EDGE ( 'NONE', *, *, #1764, .F. ) ;
#1881 = ORIENTED_EDGE ( 'NONE', *, *, #298, .T. ) ;
#1882 = DIRECTION ( 'NONE',  ( -0.0000000000000000000, -0.0000000000000000000, 1.000000000000000000 ) ) ;
#1883 = CARTESIAN_POINT ( 'NONE',  ( -2.750000000000000000, 3.367778697655221000E-016, 1.229901415993585000E-012 ) ) ;
#1884 = EDGE_LOOP ( 'NONE', ( #3136, #3301, #2560, #3141 ) ) ;
#1885 = CARTESIAN_POINT ( 'NONE',  ( 0.0000000000000000000, 0.0000000000000000000, 2.168404344971008900E-016 ) ) ;
#1886 = ORIENTED_EDGE ( 'NONE', *, *, #3449, .F. ) ;
#1887 =( LENGTH_UNIT ( ) NAMED_UNIT ( * ) SI_UNIT ( .MILLI., .METRE. ) );
#1888 = ORIENTED_EDGE ( 'NONE', *, *, #1252, .T. ) ;
#1889 = DIRECTION ( 'NONE',  ( 0.0000000000000000000, -1.000000000000000000, 0.0000000000000000000 ) ) ;
#1890 = AXIS2_PLACEMENT_3D ( 'NONE', #1968, #623, #2776 ) ;
#1891 = VECTOR ( 'NONE', #738, 1000.000000000000000 ) ;
#1892 = ADVANCED_FACE ( 'NONE', ( #3005 ), #2065, .T. ) ;
#1893 = CARTESIAN_POINT ( 'NONE',  ( 3.250000000000000000, 0.0000000000000000000, 1.229901415993585000E-012 ) ) ;
#1894 = DIRECTION ( 'NONE',  ( 1.000000000000000000, 0.0000000000000000000, 0.0000000000000000000 ) ) ;
#1895 = CARTESIAN_POINT ( 'NONE',  ( -0.5999999999999998700, 3.041381265149109200, -5.500000000000000900 ) ) ;
#1896 = VECTOR ( 'NONE', #2880, 1000.000000000000000 ) ;
#1897 = AXIS2_PLACEMENT_3D ( 'NONE', #199, #2105, #3180 ) ;
#1898 = DIRECTION ( 'NONE',  ( 1.000000000000000000, 0.0000000000000000000, 0.0000000000000000000 ) ) ;
#1899 = CYLINDRICAL_SURFACE ( 'NONE', #1274, 0.4000000000000000200 ) ;
#1900 = DIRECTION ( 'NONE',  ( -1.000000000000000000, 0.0000000000000000000, 0.0000000000000000000 ) ) ;
#1901 =( NAMED_UNIT ( * ) SI_UNIT ( $, .STERADIAN. ) SOLID_ANGLE_UNIT ( ) );
#1902 = EDGE_CURVE ( 'NONE', #2787, #756, #504, .T. ) ;
#1903 = VECTOR ( 'NONE', #1711, 1000.000000000000000 ) ;
#1904 = DIRECTION ( 'NONE',  ( -0.0000000000000000000, -0.0000000000000000000, 1.000000000000000000 ) ) ;
#1905 =( NAMED_UNIT ( * ) SI_UNIT ( $, .STERADIAN. ) SOLID_ANGLE_UNIT ( ) );
#1906 = CONICAL_SURFACE ( 'NONE', #3087, 1000.000000000110800, 0.7853981633975036800 ) ;
#1907 = CARTESIAN_POINT ( 'NONE',  ( -3.041381265149109200, -0.5999999999999999800, -12.00000000000000000 ) ) ;
#1908 = EDGE_CURVE ( 'NONE', #519, #2787, #81, .T. ) ;
#1909 = LINE ( 'NONE', #3251, #2458 ) ;
#1910 = ADVANCED_FACE ( 'NONE', ( #3204 ), #2616, .T. ) ;
#1911 = CARTESIAN_POINT ( 'NONE',  ( 0.0000000000000000000, 0.0000000000000000000, -11.30000000000000100 ) ) ;
#1912 = CARTESIAN_POINT ( 'NONE',  ( 22.82994114200815600, 39.68823995915367000, 116.6212089336659500 ) ) ;
#1913 = AXIS2_PLACEMENT_3D ( 'NONE', #2032, #1219, #371 ) ;
#1914 = CONICAL_SURFACE ( 'NONE', #1198, 1.399999999999999900, 0.7853981633975035700 ) ;
#1915 = LINE ( 'NONE', #533, #87 ) ;
#1916 = DIRECTION ( 'NONE',  ( -0.0000000000000000000, -3.000666402548790900E-036, 1.000000000000000000 ) ) ;
#1917 = VERTEX_POINT ( 'NONE', #1596 ) ;
#1918 = DIRECTION ( 'NONE',  ( -0.0000000000000000000, -3.000666402548790900E-036, 1.000000000000000000 ) ) ;
#1919 = ORIENTED_EDGE ( 'NONE', *, *, #2998, .T. ) ;
#1920 = VERTEX_POINT ( 'NONE', #844 ) ;
#1921 = EDGE_CURVE ( 'NONE', #1216, #3065, #1769, .T. ) ;
#1922 = FACE_BOUND ( 'NONE', #2835, .T. ) ;
#1923 = ORIENTED_EDGE ( 'NONE', *, *, #404, .F. ) ;
#1924 = SURFACE_STYLE_USAGE ( .BOTH. , #2211 ) ;
#1925 = CIRCLE ( 'NONE', #1709, 2.250000000000000400 ) ;
#1926 = ORIENTED_EDGE ( 'NONE', *, *, #19, .F. ) ;
#1927 = CARTESIAN_POINT ( 'NONE',  ( 0.6000000000000000900, -3.041381265149109200, -5.500000000000000900 ) ) ;
#1928 = ORIENTED_EDGE ( 'NONE', *, *, #1369, .T. ) ;
#1929 = AXIS2_PLACEMENT_3D ( 'NONE', #2361, #2177, #2706 ) ;
#1930 = ORIENTED_EDGE ( 'NONE', *, *, #3279, .F. ) ;
#1931 = DIRECTION ( 'NONE',  ( 1.000000000000000000, 0.0000000000000000000, 0.0000000000000000000 ) ) ;
#1932 = ADVANCED_FACE ( 'NONE', ( #1857 ), #860, .F. ) ;
#1933 = CARTESIAN_POINT ( 'NONE',  ( -3.041381265149109200, 0.5999999999999998700, 0.001000000000001000100 ) ) ;
#1934 = VERTEX_POINT ( 'NONE', #284 ) ;
#1935 = VERTEX_POINT ( 'NONE', #28 ) ;
#1936 = VERTEX_POINT ( 'NONE', #573 ) ;
#1937 = CARTESIAN_POINT ( 'NONE',  ( -3.500000000000000000, 4.286263797015736600E-016, -116.5000000000000000 ) ) ;
#1938 = DIRECTION ( 'NONE',  ( 1.000000000000000000, 0.0000000000000000000, 0.0000000000000000000 ) ) ;
#1939 = SHAPE_DEFINITION_REPRESENTATION ( #736, #625 ) ;
#1940 = DIRECTION ( 'NONE',  ( 0.0000000000000000000, 0.0000000000000000000, -1.000000000000000000 ) ) ;
#1941 = EDGE_CURVE ( 'NONE', #1456, #756, #1909, .T. ) ;
#1942 = AXIS2_PLACEMENT_3D ( 'NONE', #1540, #487, #3455 ) ;
#1943 = CARTESIAN_POINT ( 'NONE',  ( -0.5999999999999998700, -3.041381265149109200, 0.001000000000001000100 ) ) ;
#1944 =( GEOMETRIC_REPRESENTATION_CONTEXT ( 3 ) GLOBAL_UNCERTAINTY_ASSIGNED_CONTEXT ( ( #786 ) ) GLOBAL_UNIT_ASSIGNED_CONTEXT ( ( #2294, #680, #2568 ) ) REPRESENTATION_CONTEXT ( 'NONE', 'WORKASPACE' ) );
#1945 = FILL_AREA_STYLE_COLOUR ( '', #906 ) ;
#1946 = CYLINDRICAL_SURFACE ( 'NONE', #3004, 2.250000000000000400 ) ;
#1947 = EDGE_CURVE ( 'NONE', #1960, #1751, #1768, .T. ) ;
#1948 = AXIS2_PLACEMENT_3D ( 'NONE', #1719, #363, #2589 ) ;
#1949 = CARTESIAN_POINT ( 'NONE',  ( 0.0000000000000000000, 3.017480714015693700E-036, -0.5056035257543526300 ) ) ;
#1950 = CARTESIAN_POINT ( 'NONE',  ( 0.0000000000000000000, 0.0000000000000000000, 0.5000000000000000000 ) ) ;
#1951 = CIRCLE ( 'NONE', #280, 1.399999999999999900 ) ;
#1952 = CIRCLE ( 'NONE', #2276, 3.749999999999999600 ) ;
#1953 = CARTESIAN_POINT ( 'NONE',  ( 0.0000000000000000000, 0.0000000000000000000, 0.001000000000001000100 ) ) ;
#1954 = VECTOR ( 'NONE', #808, 1000.000000000000000 ) ;
#1955 = DIRECTION ( 'NONE',  ( -1.000000000000000000, 0.0000000000000000000, 0.0000000000000000000 ) ) ;
#1956 = EDGE_CURVE ( 'NONE', #3335, #470, #1280, .T. ) ;
#1957 = CONICAL_SURFACE ( 'NONE', #1913, 1.399999999999999900, 0.7853981633975035700 ) ;
#1958 = DIRECTION ( 'NONE',  ( 1.000000000000000000, 0.0000000000000000000, 0.0000000000000000000 ) ) ;
#1959 = CONICAL_SURFACE ( 'NONE', #2840, 1000.000000000110800, 0.7853981633975036800 ) ;
#1960 = VERTEX_POINT ( 'NONE', #1645 ) ;
#1961 = STYLED_ITEM ( 'NONE', ( #1449 ), #1862 ) ;
#1962 = CIRCLE ( 'NONE', #1224, 0.5000000000000000000 ) ;
#1963 = CARTESIAN_POINT ( 'NONE',  ( 0.0000000000000000000, 0.0000000000000000000, 0.5000000000000000000 ) ) ;
#1964 = ORIENTED_EDGE ( 'NONE', *, *, #419, .F. ) ;
#1965 = CARTESIAN_POINT ( 'NONE',  ( -0.5999999999999998700, 2.990401310861135400, -11.30000000000000100 ) ) ;
#1966 = CARTESIAN_POINT ( 'NONE',  ( 0.0000000000000000000, 1.500000000000000000, -140.0999999999999900 ) ) ;
#1967 = ORIENTED_EDGE ( 'NONE', *, *, #3360, .F. ) ;
#1968 = CARTESIAN_POINT ( 'NONE',  ( 0.0000000000000000000, 0.0000000000000000000, 0.0000000000000000000 ) ) ;
#1969 = EDGE_CURVE ( 'NONE', #3105, #470, #2373, .T. ) ;
#1970 = VERTEX_POINT ( 'NONE', #277 ) ;
#1971 = APPLICATION_CONTEXT ( 'automotive_design' ) ;
#1972 = VERTEX_POINT ( 'NONE', #1927 ) ;
#1973 = PRESENTATION_STYLE_ASSIGNMENT (( #2892 ) ) ;
#1974 =( LENGTH_UNIT ( ) NAMED_UNIT ( * ) SI_UNIT ( .MILLI., .METRE. ) );
#1975 = FILL_AREA_STYLE ('',( #933 ) ) ;
#1976 = ADVANCED_FACE ( 'NONE', ( #2658 ), #1812, .F. ) ;
#1977 = DIRECTION ( 'NONE',  ( -0.0000000000000000000, -3.000666402548790900E-036, 1.000000000000000000 ) ) ;
#1978 = DIRECTION ( 'NONE',  ( -0.0000000000000000000, -0.0000000000000000000, 1.000000000000000000 ) ) ;
#1979 = AXIS2_PLACEMENT_3D ( 'NONE', #1984, #1443, #1474 ) ;
#1980 = VECTOR ( 'NONE', #697, 1000.000000000000000 ) ;
#1981 = VECTOR ( 'NONE', #1127, 1000.000000000000000 ) ;
#1982 = EDGE_CURVE ( 'NONE', #1859, #3173, #1199, .T. ) ;
#1983 = PRESENTATION_STYLE_ASSIGNMENT (( #2596 ) ) ;
#1984 = CARTESIAN_POINT ( 'NONE',  ( 0.0000000000000000000, 0.0000000000000000000, -12.00000000000000000 ) ) ;
#1985 = AXIS2_PLACEMENT_3D ( 'NONE', #172, #2883, #2349 ) ;
#1986 = VECTOR ( 'NONE', #1056, 999.9999999999998900 ) ;
#1987 = CIRCLE ( 'NONE', #1608, 0.5000000000000000000 ) ;
#1988 =( LENGTH_UNIT ( ) NAMED_UNIT ( * ) SI_UNIT ( .MILLI., .METRE. ) );
#1989 = CARTESIAN_POINT ( 'NONE',  ( 2.688489208633093200, 3.292449703894718100E-016, -8.699999999999999300 ) ) ;
#1990 = ORIENTED_EDGE ( 'NONE', *, *, #1941, .F. ) ;
#1991 = VERTEX_POINT ( 'NONE', #2718 ) ;
#1992 = ORIENTED_EDGE ( 'NONE', *, *, #1693, .T. ) ;
#1993 = EDGE_LOOP ( 'NONE', ( #1347, #2353 ) ) ;
#1994 = FACE_OUTER_BOUND ( 'NONE', #2476, .T. ) ;
#1995 = EDGE_CURVE ( 'NONE', #475, #3389, #42, .T. ) ;
#1996 = DIRECTION ( 'NONE',  ( -0.0000000000000000000, -0.0000000000000000000, 1.000000000000000000 ) ) ;
#1997 =( GEOMETRIC_REPRESENTATION_CONTEXT ( 3 ) GLOBAL_UNCERTAINTY_ASSIGNED_CONTEXT ( ( #2132 ) ) GLOBAL_UNIT_ASSIGNED_CONTEXT ( ( #2604, #3357, #1261 ) ) REPRESENTATION_CONTEXT ( 'NONE', 'WORKASPACE' ) );
#1998 = ORIENTED_EDGE ( 'NONE', *, *, #1074, .T. ) ;
#1999 = MECHANICAL_DESIGN_GEOMETRIC_PRESENTATION_REPRESENTATION (  '', ( #2823 ), #3127 ) ;
#2000 =( NAMED_UNIT ( * ) PLANE_ANGLE_UNIT ( ) SI_UNIT ( $, .RADIAN. ) );
#2001 = ORIENTED_EDGE ( 'NONE', *, *, #1589, .T. ) ;
#2002 = EDGE_CURVE ( 'NONE', #3460, #2918, #2537, .T. ) ;
#2003 = MECHANICAL_DESIGN_GEOMETRIC_PRESENTATION_REPRESENTATION (  '', ( #1048 ), #1758 ) ;
#2004 = CARTESIAN_POINT ( 'NONE',  ( 2.990401310861135400, 0.5999999999999998700, -5.500000000000000900 ) ) ;
#2005 = ORIENTED_EDGE ( 'NONE', *, *, #2446, .T. ) ;
#2006 = DIRECTION ( 'NONE',  ( -1.000000000000000000, 0.0000000000000000000, 0.0000000000000000000 ) ) ;
#2007 = COLOUR_RGB ( '',0.7529411764705882200, 1.000000000000000000, 1.000000000000000000 ) ;
#2008 =( NAMED_UNIT ( * ) PLANE_ANGLE_UNIT ( ) SI_UNIT ( $, .RADIAN. ) );
#2009 = EDGE_LOOP ( 'NONE', ( #524, #2347 ) ) ;
#2010 = EDGE_CURVE ( 'NONE', #759, #3150, #1952, .T. ) ;
#2011 = SURFACE_STYLE_USAGE ( .BOTH. , #117 ) ;
#2012 = DIRECTION ( 'NONE',  ( -0.0000000000000000000, -0.0000000000000000000, -1.000000000000000000 ) ) ;
#2013 = AXIS2_PLACEMENT_3D ( 'NONE', #1806, #177, #2326 ) ;
#2014 = COLOUR_RGB ( '',0.0000000000000000000, 0.0000000000000000000, 0.0000000000000000000 ) ;
#2015 = CARTESIAN_POINT ( 'NONE',  ( 21.00000000000000000, 4.592425496802573000E-016, -3.750000000000000000 ) ) ;
#2016 = UNCERTAINTY_MEASURE_WITH_UNIT (LENGTH_MEASURE( 1.000000000000000100E-005 ), #3109, 'distance_accuracy_value', 'NONE');
#2017 = VECTOR ( 'NONE', #1795, 1000.000000000000000 ) ;
#2018 = PRODUCT_RELATED_PRODUCT_CATEGORY ( 'part', '', ( #3344 ) ) ;
#2019 = DIRECTION ( 'NONE',  ( 0.0000000000000000000, -1.000000000000000000, 0.0000000000000000000 ) ) ;
#2020 = DIRECTION ( 'NONE',  ( -0.0000000000000000000, -0.0000000000000000000, 1.000000000000000000 ) ) ;
#2021 = ORIENTED_EDGE ( 'NONE', *, *, #1764, .T. ) ;
#2022 = CIRCLE ( 'NONE', #766, 3.099999999999999600 ) ;
#2023 = DIRECTION ( 'NONE',  ( -0.0000000000000000000, -0.0000000000000000000, 1.000000000000000000 ) ) ;
#2024 = VERTEX_POINT ( 'NONE', #2174 ) ;
#2025 = ORIENTED_EDGE ( 'NONE', *, *, #2334, .F. ) ;
#2026 = EDGE_LOOP ( 'NONE', ( #518, #1604, #2104, #1547 ) ) ;
#2027 = CARTESIAN_POINT ( 'NONE',  ( -0.5999999999999998700, 2.168524844220144100, -11.30000000000000100 ) ) ;
#2028 = CIRCLE ( 'NONE', #1814, 4.099999999999999600 ) ;
#2029 = EDGE_LOOP ( 'NONE', ( #529, #3016, #346, #1418 ) ) ;
#2030 = CIRCLE ( 'NONE', #220, 3.750000000000000000 ) ;
#2031 = CARTESIAN_POINT ( 'NONE',  ( 0.0000000000000000000, 2.640586434242936700E-035, -8.300000000000002500 ) ) ;
#2032 = CARTESIAN_POINT ( 'NONE',  ( 0.0000000000000000000, 4.215936295581051800E-034, -140.0000000000000000 ) ) ;
#2033 = ORIENTED_EDGE ( 'NONE', *, *, #443, .F. ) ;
#2034 = ORIENTED_EDGE ( 'NONE', *, *, #2620, .T. ) ;
#2035 = EDGE_LOOP ( 'NONE', ( #139, #2546 ) ) ;
#2036 = EDGE_CURVE ( 'NONE', #2078, #1991, #285, .T. ) ;
#2037 = CARTESIAN_POINT ( 'NONE',  ( 0.0000000000000000000, 0.0000000000000000000, 0.0000000000000000000 ) ) ;
#2038 = EDGE_CURVE ( 'NONE', #648, #423, #2742, .T. ) ;
#2039 = DIRECTION ( 'NONE',  ( 0.0000000000000000000, 0.0000000000000000000, -1.000000000000000000 ) ) ;
#2040 = VERTEX_POINT ( 'NONE', #1937 ) ;
#2041 =( GEOMETRIC_REPRESENTATION_CONTEXT ( 3 ) GLOBAL_UNCERTAINTY_ASSIGNED_CONTEXT ( ( #3149 ) ) GLOBAL_UNIT_ASSIGNED_CONTEXT ( ( #3237, #2695, #3224 ) ) REPRESENTATION_CONTEXT ( 'NONE', 'WORKASPACE' ) );
#2042 = DIRECTION ( 'NONE',  ( 1.000000000000000000, 0.0000000000000000000, 0.0000000000000000000 ) ) ;
#2043 = VERTEX_POINT ( 'NONE', #286 ) ;
#2044 = EDGE_CURVE ( 'NONE', #923, #1834, #3248, .T. ) ;
#2045 = AXIS2_PLACEMENT_3D ( 'NONE', #2526, #864, #1221 ) ;
#2046 = UNCERTAINTY_MEASURE_WITH_UNIT (LENGTH_MEASURE( 1.000000000000000100E-005 ), #1887, 'distance_accuracy_value', 'NONE');
#2047 = FILL_AREA_STYLE_COLOUR ( '', #471 ) ;
#2048 = CARTESIAN_POINT ( 'NONE',  ( 2.990401310861135400, 0.5999999999999998700, -0.5597388654400544700 ) ) ;
#2049 = ORIENTED_EDGE ( 'NONE', *, *, #1047, .F. ) ;
#2050 = CARTESIAN_POINT ( 'NONE',  ( 0.0000000000000000000, 4.215936295581051800E-034, -140.0000000000000000 ) ) ;
#2051 = CARTESIAN_POINT ( 'NONE',  ( 1.501558338304084000, 1.838878612737114900E-016, -0.03944502358744703100 ) ) ;
#2052 = SHAPE_REPRESENTATION_RELATIONSHIP ( 'NONE' , 'NONE' ,  #1745, #2435 ) ;
#2053 = CARTESIAN_POINT ( 'NONE',  ( 0.0000000000000000000, 0.0000000000000000000, -95.00000000000000000 ) ) ;
#2054 = CARTESIAN_POINT ( 'NONE',  ( 0.0000000000000000000, 0.0000000000000000000, 0.0000000000000000000 ) ) ;
#2055 = FACE_BOUND ( 'NONE', #1670, .T. ) ;
#2056 = ADVANCED_FACE ( 'NONE', ( #1410 ), #1117, .F. ) ;
#2057 = AXIS2_PLACEMENT_3D ( 'NONE', #1602, #1298, #3467 ) ;
#2058 = CARTESIAN_POINT ( 'NONE',  ( 2.168524844220144100, -0.5999999999999999800, -11.30000000000000100 ) ) ;
#2059 = AXIS2_PLACEMENT_3D ( 'NONE', #1123, #2141, #851 ) ;
#2060 = CARTESIAN_POINT ( 'NONE',  ( 0.6000000000000002000, 3.041381265149109200, -12.00000000000000000 ) ) ;
#2061 = DIRECTION ( 'NONE',  ( -0.0000000000000000000, -0.0000000000000000000, 1.000000000000000000 ) ) ;
#2062 = FACE_OUTER_BOUND ( 'NONE', #873, .T. ) ;
#2063 = CARTESIAN_POINT ( 'NONE',  ( 3.500000000000000000, 0.0000000000000000000, -5.000000000000000000 ) ) ;
#2064 = CARTESIAN_POINT ( 'NONE',  ( 4.000000000000000000, 0.0000000000000000000, -120.2000000000000000 ) ) ;
#2065 = CYLINDRICAL_SURFACE ( 'NONE', #932, 2.750000000000000000 ) ;
#2066 = SURFACE_STYLE_USAGE ( .BOTH. , #3172 ) ;
#2067 = EDGE_CURVE ( 'NONE', #826, #392, #3158, .T. ) ;
#2068 = AXIS2_PLACEMENT_3D ( 'NONE', #1856, #1879, #1889 ) ;
#2069 = CIRCLE ( 'NONE', #2802, 3.099999999999999600 ) ;
#2070 = DIRECTION ( 'NONE',  ( 1.000000000000000000, 0.0000000000000000000, 0.0000000000000000000 ) ) ;
#2071 = EDGE_CURVE ( 'NONE', #1388, #2086, #677, .T. ) ;
#2072 = CARTESIAN_POINT ( 'NONE',  ( -4.599999999999999600, 5.633375276077824100E-016, -5.000000000000000000 ) ) ;
#2073 = LINE ( 'NONE', #584, #980 ) ;
#2074 = ORIENTED_EDGE ( 'NONE', *, *, #396, .F. ) ;
#2075 = CARTESIAN_POINT ( 'NONE',  ( 0.6000000000000000900, -3.041381265149109200, -5.500000000000000900 ) ) ;
#2076 = VERTEX_POINT ( 'NONE', #868 ) ;
#2077 = ADVANCED_FACE ( 'NONE', ( #1070 ), #3013, .F. ) ;
#2078 = VERTEX_POINT ( 'NONE', #3244 ) ;
#2079 = CIRCLE ( 'NONE', #2777, 1.500000000000000000 ) ;
#2080 = EDGE_CURVE ( 'NONE', #2887, #3110, #325, .T. ) ;
#2081 = DIRECTION ( 'NONE',  ( 0.0000000000000000000, -3.000666402548790900E-036, 1.000000000000000000 ) ) ;
#2082 = EDGE_LOOP ( 'NONE', ( #2626, #3385, #2238, #1739 ) ) ;
#2083 = CARTESIAN_POINT ( 'NONE',  ( 0.6000000000000000900, 2.168524844220144100, -5.500000000000000900 ) ) ;
#2084 = AXIS2_PLACEMENT_3D ( 'NONE', #620, #1461, #3038 ) ;
#2085 = DIRECTION ( 'NONE',  ( -0.0000000000000000000, -3.000666402548790900E-036, 1.000000000000000000 ) ) ;
#2086 = VERTEX_POINT ( 'NONE', #3326 ) ;
#2087 = DIRECTION ( 'NONE',  ( -1.000000000000000000, 8.881784197001252300E-016, 0.0000000000000000000 ) ) ;
#2088 = CARTESIAN_POINT ( 'NONE',  ( -0.5999999999999998700, 2.168524844220144100, 0.001000000000001000100 ) ) ;
#2089 = EDGE_LOOP ( 'NONE', ( #780, #2391 ) ) ;
#2090 = CARTESIAN_POINT ( 'NONE',  ( 0.0000000000000000000, -1.123858494872200600, -8.300000000000002500 ) ) ;
#2091 = EDGE_CURVE ( 'NONE', #3179, #366, #501, .T. ) ;
#2092 = ORIENTED_EDGE ( 'NONE', *, *, #2688, .T. ) ;
#2093 = FACE_OUTER_BOUND ( 'NONE', #884, .T. ) ;
#2094 = PRODUCT_RELATED_PRODUCT_CATEGORY ( 'part', '', ( #1725 ) ) ;
#2095 = FILL_AREA_STYLE ('',( #1312 ) ) ;
#2096 = EDGE_LOOP ( 'NONE', ( #1744, #2049, #2123, #3330 ) ) ;
#2097 = EDGE_LOOP ( 'NONE', ( #917, #2134 ) ) ;
#2098 = PRESENTATION_LAYER_ASSIGNMENT (  '', '', ( #2180 ) ) ;
#2099 = CARTESIAN_POINT ( 'NONE',  ( -3.041381265149109200, 0.5999999999999998700, -12.00000000000000000 ) ) ;
#2100 = ADVANCED_FACE ( 'NONE', ( #3080 ), #937, .F. ) ;
#2101 = CARTESIAN_POINT ( 'NONE',  ( -2.750000000000000000, 3.367778697655221000E-016, -116.5000000000000000 ) ) ;
#2102 = COLOUR_RGB ( '',0.7921568627450980000, 0.8196078431372548800, 0.9333333333333333500 ) ;
#2103 = DIRECTION ( 'NONE',  ( -0.0000000000000000000, -0.0000000000000000000, 1.000000000000000000 ) ) ;
#2104 = ORIENTED_EDGE ( 'NONE', *, *, #557, .T. ) ;
#2105 = DIRECTION ( 'NONE',  ( -0.0000000000000000000, -0.0000000000000000000, -1.000000000000000000 ) ) ;
#2106 = DIRECTION ( 'NONE',  ( -1.000000000000000000, 0.0000000000000000000, 0.0000000000000000000 ) ) ;
#2107 = LINE ( 'NONE', #1943, #540 ) ;
#2108 = PLANE ( 'NONE',  #797 ) ;
#2109 = CIRCLE ( 'NONE', #183, 1.501558338304084000 ) ;
#2110 = CARTESIAN_POINT ( 'NONE',  ( 0.0000000000000000000, 0.0000000000000000000, -5.500000000000000000 ) ) ;
#2111 = CARTESIAN_POINT ( 'NONE',  ( 0.0000000000000000000, 2.750000000000000000, -124.2000000000000000 ) ) ;
#2112 = EDGE_CURVE ( 'NONE', #2185, #2078, #3287, .T. ) ;
#2113 = VECTOR ( 'NONE', #1694, 1000.000000000000000 ) ;
#2114 = AXIS2_PLACEMENT_3D ( 'NONE', #2850, #1786, #160 ) ;
#2115 = FACE_OUTER_BOUND ( 'NONE', #2556, .T. ) ;
#2116 = CARTESIAN_POINT ( 'NONE',  ( 3.749999999999999600, 0.0000000000000000000, -12.00000000000000000 ) ) ;
#2117 = AXIS2_PLACEMENT_3D ( 'NONE', #431, #145, #1259 ) ;
#2118 = DIRECTION ( 'NONE',  ( -0.0000000000000000000, -0.0000000000000000000, 1.000000000000000000 ) ) ;
#2119 = FILL_AREA_STYLE_COLOUR ( '', #442 ) ;
#2120 = EDGE_CURVE ( 'NONE', #3335, #3105, #1240, .T. ) ;
#2121 = AXIS2_PLACEMENT_3D ( 'NONE', #236, #3232, #2146 ) ;
#2122 = CIRCLE ( 'NONE', #1243, 2.726494343631696200 ) ;
#2123 = ORIENTED_EDGE ( 'NONE', *, *, #1508, .T. ) ;
#2124 = CARTESIAN_POINT ( 'NONE',  ( 3.250000000000000000, 0.0000000000000000000, -116.0000000000000000 ) ) ;
#2125 = EDGE_LOOP ( 'NONE', ( #2894, #2397 ) ) ;
#2126 = ORIENTED_EDGE ( 'NONE', *, *, #601, .F. ) ;
#2127 = CARTESIAN_POINT ( 'NONE',  ( 0.0000000000000000000, 0.0000000000000000000, -120.2000000000000000 ) ) ;
#2128 = COLOUR_RGB ( '',0.0000000000000000000, 0.0000000000000000000, 0.7529411764705882200 ) ;
#2129 = EDGE_LOOP ( 'NONE', ( #97, #2793 ) ) ;
#2130 = SURFACE_SIDE_STYLE ('',( #1109 ) ) ;
#2131 = LINE ( 'NONE', #328, #1776 ) ;
#2132 = UNCERTAINTY_MEASURE_WITH_UNIT (LENGTH_MEASURE( 1.000000000000000100E-005 ), #2604, 'distance_accuracy_value', 'NONE');
#2133 = CIRCLE ( 'NONE', #1043, 3.500000000000000000 ) ;
#2134 = ORIENTED_EDGE ( 'NONE', *, *, #19, .T. ) ;
#2135 = DIRECTION ( 'NONE',  ( 1.000000000000000000, 0.0000000000000000000, 0.0000000000000000000 ) ) ;
#2136 = CARTESIAN_POINT ( 'NONE',  ( 0.0000000000000000000, 0.0000000000000000000, -11.30000000000000100 ) ) ;
#2137 = VERTEX_POINT ( 'NONE', #2116 ) ;
#2138 = EDGE_CURVE ( 'NONE', #1936, #1934, #2497, .T. ) ;
#2139 = ORIENTED_EDGE ( 'NONE', *, *, #959, .T. ) ;
#2140 = ORIENTED_EDGE ( 'NONE', *, *, #811, .T. ) ;
#2141 = DIRECTION ( 'NONE',  ( -0.0000000000000000000, -0.0000000000000000000, 1.000000000000000000 ) ) ;
#2142 = EDGE_LOOP ( 'NONE', ( #202, #1507, #2515, #1781 ) ) ;
#2143 = ADVANCED_FACE ( 'NONE', ( #1658 ), #115, .F. ) ;
#2144 =( GEOMETRIC_REPRESENTATION_CONTEXT ( 3 ) GLOBAL_UNCERTAINTY_ASSIGNED_CONTEXT ( ( #334 ) ) GLOBAL_UNIT_ASSIGNED_CONTEXT ( ( #3160, #3429, #764 ) ) REPRESENTATION_CONTEXT ( 'NONE', 'WORKASPACE' ) );
#2145 = ORIENTED_EDGE ( 'NONE', *, *, #2798, .F. ) ;
#2146 = DIRECTION ( 'NONE',  ( 0.0000000000000000000, -1.000000000000000000, 0.0000000000000000000 ) ) ;
#2147 = ORIENTED_EDGE ( 'NONE', *, *, #1717, .F. ) ;
#2148 = SHAPE_DEFINITION_REPRESENTATION ( #324, #2905 ) ;
#2149 = ORIENTED_EDGE ( 'NONE', *, *, #274, .F. ) ;
#2150 =( NAMED_UNIT ( * ) PLANE_ANGLE_UNIT ( ) SI_UNIT ( $, .RADIAN. ) );
#2151 = CARTESIAN_POINT ( 'NONE',  ( -3.500000000000000000, 4.286263797015736600E-016, -119.7000000000000000 ) ) ;
#2152 = EDGE_CURVE ( 'NONE', #1970, #1080, #198, .T. ) ;
#2153 = CIRCLE ( 'NONE', #961, 4.600000000000000500 ) ;
#2154 = DIRECTION ( 'NONE',  ( 8.659560562355412300E-017, -0.7071067811865866500, -0.7071067811865084900 ) ) ;
#2155 = CIRCLE ( 'NONE', #405, 3.000000000000000000 ) ;
#2156 = DIRECTION ( 'NONE',  ( -0.0000000000000000000, -0.0000000000000000000, 1.000000000000000000 ) ) ;
#2157 = DIRECTION ( 'NONE',  ( -0.0000000000000000000, -0.0000000000000000000, 1.000000000000000000 ) ) ;
#2158 = FACE_OUTER_BOUND ( 'NONE', #2232, .T. ) ;
#2159 = ADVANCED_FACE ( 'NONE', ( #2292 ), #640, .F. ) ;
#2160 = CARTESIAN_POINT ( 'NONE',  ( 0.0000000000000000000, 0.0000000000000000000, -12.00000000000000000 ) ) ;
#2161 = CIRCLE ( 'NONE', #359, 4.600000000000000500 ) ;
#2162 = DIRECTION ( 'NONE',  ( 3.491481338843133400E-015, 1.000000000000000000, -2.438088387897967900E-029 ) ) ;
#2163 = DIRECTION ( 'NONE',  ( -0.0000000000000000000, -3.000666402548790900E-036, 1.000000000000000000 ) ) ;
#2164 = AXIS2_PLACEMENT_3D ( 'NONE', #1526, #2020, #1516 ) ;
#2165 = CYLINDRICAL_SURFACE ( 'NONE', #3064, 2.750000000000000000 ) ;
#2166 = DIRECTION ( 'NONE',  ( -0.0000000000000000000, 1.000000000000000000, 0.0000000000000000000 ) ) ;
#2167 = SURFACE_STYLE_USAGE ( .BOTH. , #2130 ) ;
#2168 = VECTOR ( 'NONE', #947, 1000.000000000000100 ) ;
#2169 = UNCERTAINTY_MEASURE_WITH_UNIT (LENGTH_MEASURE( 1.000000000000000100E-005 ), #3478, 'distance_accuracy_value', 'NONE');
#2170 = EDGE_CURVE ( 'NONE', #3065, #1216, #1159, .T. ) ;
#2171 = ORIENTED_EDGE ( 'NONE', *, *, #1589, .F. ) ;
#2172 = DIRECTION ( 'NONE',  ( 0.0000000000000000000, 1.000000000000000000, 0.0000000000000000000 ) ) ;
#2173 = CIRCLE ( 'NONE', #2193, 3.049999999999999400 ) ;
#2174 = CARTESIAN_POINT ( 'NONE',  ( -2.250000000000000000, 2.755455298081544300E-016, -124.2000000000000000 ) ) ;
#2175 = EDGE_LOOP ( 'NONE', ( #2974, #987 ) ) ;
#2176 = DIRECTION ( 'NONE',  ( 1.000000000000000000, 0.0000000000000000000, 0.0000000000000000000 ) ) ;
#2177 = DIRECTION ( 'NONE',  ( -0.0000000000000000000, -0.0000000000000000000, 1.000000000000000000 ) ) ;
#2178 =( LENGTH_UNIT ( ) NAMED_UNIT ( * ) SI_UNIT ( .MILLI., .METRE. ) );
#2179 = ORIENTED_EDGE ( 'NONE', *, *, #52, .T. ) ;
#2180 = STYLED_ITEM ( 'NONE', ( #323 ), #2926 ) ;
#2181 = FACE_OUTER_BOUND ( 'NONE', #3181, .T. ) ;
#2182 = VERTEX_POINT ( 'NONE', #3426 ) ;
#2183 = ADVANCED_FACE ( 'NONE', ( #3000 ), #3450, .F. ) ;
#2184 = CARTESIAN_POINT ( 'NONE',  ( 0.0000000000000000000, 1.500333201274395300E-036, 0.0000000000000000000 ) ) ;
#2185 = VERTEX_POINT ( 'NONE', #2090 ) ;
#2186 = DIRECTION ( 'NONE',  ( 1.000000000000000000, 0.0000000000000000000, 0.0000000000000000000 ) ) ;
#2187 = CARTESIAN_POINT ( 'NONE',  ( -0.5999999999999997600, -2.168524844220144100, -12.00000000000000000 ) ) ;
#2188 = EDGE_LOOP ( 'NONE', ( #715, #950 ) ) ;
#2189 = CARTESIAN_POINT ( 'NONE',  ( 0.0000000000000000000, 0.0000000000000000000, 2.168404344971008900E-016 ) ) ;
#2190 = ORIENTED_EDGE ( 'NONE', *, *, #3302, .F. ) ;
#2191 = APPLICATION_CONTEXT ( 'automotive_design' ) ;
#2192 = EDGE_LOOP ( 'NONE', ( #1998, #3274, #1173, #2551 ) ) ;
#2193 = AXIS2_PLACEMENT_3D ( 'NONE', #1911, #1665, #2481 ) ;
#2194 = CYLINDRICAL_SURFACE ( 'NONE', #2821, 2.750000000000000000 ) ;
#2195 = AXIS2_PLACEMENT_3D ( 'NONE', #2127, #2932, #3144 ) ;
#2196 = DIRECTION ( 'NONE',  ( 0.0000000000000000000, -1.000000000000000000, -3.000666402548790600E-036 ) ) ;
#2197 = VERTEX_POINT ( 'NONE', #2063 ) ;
#2198 = CARTESIAN_POINT ( 'NONE',  ( 0.0000000000000000000, 0.0000000000000000000, 1.229901415993585000E-012 ) ) ;
#2199 =( GEOMETRIC_REPRESENTATION_CONTEXT ( 3 ) GLOBAL_UNCERTAINTY_ASSIGNED_CONTEXT ( ( #3375 ) ) GLOBAL_UNIT_ASSIGNED_CONTEXT ( ( #2374, #763, #1836 ) ) REPRESENTATION_CONTEXT ( 'NONE', 'WORKASPACE' ) );
#2200 = CARTESIAN_POINT ( 'NONE',  ( 1.376329708439802600E-016, 1.123858494872200600, 0.5000000000000000000 ) ) ;
#2201 = ORIENTED_EDGE ( 'NONE', *, *, #256, .T. ) ;
#2202 = EDGE_CURVE ( 'NONE', #2379, #2040, #594, .T. ) ;
#2203 = AXIS2_PLACEMENT_3D ( 'NONE', #355, #646, #927 ) ;
#2204 = ADVANCED_FACE ( 'NONE', ( #1569, #3361 ), #467, .T. ) ;
#2205 = DIRECTION ( 'NONE',  ( -0.0000000000000000000, -0.0000000000000000000, 1.000000000000000000 ) ) ;
#2206 = APPLICATION_PROTOCOL_DEFINITION ( 'draft international standard', 'automotive_design', 1998, #838 ) ;
#2207 = FACE_BOUND ( 'NONE', #1794, .T. ) ;
#2208 = DIRECTION ( 'NONE',  ( -0.0000000000000000000, -0.0000000000000000000, 1.000000000000000000 ) ) ;
#2209 = DIRECTION ( 'NONE',  ( -0.0000000000000000000, -0.0000000000000000000, 1.000000000000000000 ) ) ;
#2210 = CIRCLE ( 'NONE', #1948, 4.050000000000001600 ) ;
#2211 = SURFACE_SIDE_STYLE ('',( #2820 ) ) ;
#2212 = EDGE_CURVE ( 'NONE', #418, #2628, #2816, .T. ) ;
#2213 = VECTOR ( 'NONE', #2791, 1000.000000000000000 ) ;
#2214 = CARTESIAN_POINT ( 'NONE',  ( 0.6000000000000000900, 2.168524844220144100, 0.001000000000001000100 ) ) ;
#2215 = APPLICATION_PROTOCOL_DEFINITION ( 'draft international standard', 'automotive_design', 1998, #1971 ) ;
#2216 = PRODUCT_DEFINITION_SHAPE ( 'NONE', 'NONE',  #3491 ) ;
#2217 = AXIS2_PLACEMENT_3D ( 'NONE', #1132, #1674, #2999 ) ;
#2218 = DIRECTION ( 'NONE',  ( -1.000000000000000000, 0.0000000000000000000, 0.0000000000000000000 ) ) ;
#2219 = ADVANCED_FACE ( 'NONE', ( #550 ), #403, .F. ) ;
#2220 = CIRCLE ( 'NONE', #478, 2.750000000000000000 ) ;
#2221 = DIRECTION ( 'NONE',  ( -0.0000000000000000000, -0.0000000000000000000, -1.000000000000000000 ) ) ;
#2222 = VERTEX_POINT ( 'NONE', #2385 ) ;
#2223 = ORIENTED_EDGE ( 'NONE', *, *, #511, .F. ) ;
#2224 = CLOSED_SHELL ( 'NONE', ( #3205, #2627, #1106, #765, #1146, #2415, #300, #2056, #3229, #890, #821, #3377, #2448, #2100, #2962, #2143, #3446, #43, #1279, #2358, #1635, #3307, #2945, #559 ) ) ;
#2225 = FACE_OUTER_BOUND ( 'NONE', #3420, .T. ) ;
#2226 = ORIENTED_EDGE ( 'NONE', *, *, #2038, .F. ) ;
#2227 = ORIENTED_EDGE ( 'NONE', *, *, #1874, .F. ) ;
#2228 = CARTESIAN_POINT ( 'NONE',  ( 3.041381265149109200, -0.5999999999999999800, -5.500000000000000900 ) ) ;
#2229 = LINE ( 'NONE', #150, #874 ) ;
#2230 = PRODUCT_DEFINITION ( 'UNKNOWN', '', #3068, #1253 ) ;
#2231 = LINE ( 'NONE', #84, #1780 ) ;
#2232 = EDGE_LOOP ( 'NONE', ( #2839, #1001 ) ) ;
#2233 = DIRECTION ( 'NONE',  ( -1.000000000000000000, 0.0000000000000000000, 0.0000000000000000000 ) ) ;
#2234 = APPLICATION_CONTEXT ( 'automotive_design' ) ;
#2235 = ORIENTED_EDGE ( 'NONE', *, *, #702, .F. ) ;
#2236 =( NAMED_UNIT ( * ) SI_UNIT ( $, .STERADIAN. ) SOLID_ANGLE_UNIT ( ) );
#2237 = SURFACE_SIDE_STYLE ('',( #2494 ) ) ;
#2238 = ORIENTED_EDGE ( 'NONE', *, *, #3321, .T. ) ;
#2239 = ORIENTED_EDGE ( 'NONE', *, *, #3411, .T. ) ;
#2240 = EDGE_LOOP ( 'NONE', ( #740, #1553, #1496, #3256 ) ) ;
#2241 = ORIENTED_EDGE ( 'NONE', *, *, #1688, .T. ) ;
#2242 = ADVANCED_FACE ( 'NONE', ( #1487 ), #3201, .F. ) ;
#2243 = ORIENTED_EDGE ( 'NONE', *, *, #1239, .F. ) ;
#2244 = DIRECTION ( 'NONE',  ( -0.0000000000000000000, -0.0000000000000000000, 1.000000000000000000 ) ) ;
#2245 = CONTEXT_DEPENDENT_SHAPE_REPRESENTATION ( #2258, #1528 ) ;
#2246 = AXIS2_PLACEMENT_3D ( 'NONE', #2189, #2685, #1381 ) ;
#2247 = EDGE_CURVE ( 'NONE', #1872, #3008, #1854, .T. ) ;
#2248 = VERTEX_POINT ( 'NONE', #1549 ) ;
#2249 = CONICAL_SURFACE ( 'NONE', #603, 2.688489208633093200, 0.07897210774139215600 ) ;
#2250 = STYLED_ITEM ( 'NONE', ( #2413 ), #3025 ) ;
#2251 = SURFACE_STYLE_USAGE ( .BOTH. , #3305 ) ;
#2252 = DIRECTION ( 'NONE',  ( 1.000000000000000000, 0.0000000000000000000, 0.0000000000000000000 ) ) ;
#2253 = VECTOR ( 'NONE', #2154, 1000.000000000000000 ) ;
#2254 = UNCERTAINTY_MEASURE_WITH_UNIT (LENGTH_MEASURE( 1.000000000000000100E-005 ), #528, 'distance_accuracy_value', 'NONE');
#2255 = EDGE_CURVE ( 'NONE', #1080, #472, #1326, .T. ) ;
#2256 = AXIS2_PLACEMENT_3D ( 'NONE', #3230, #515, #1617 ) ;
#2257 = CIRCLE ( 'NONE', #388, 2.750000000000000000 ) ;
#2258 =( REPRESENTATION_RELATIONSHIP ('NONE','NONE', #2910, #2951 ) REPRESENTATION_RELATIONSHIP_WITH_TRANSFORMATION ( #1101 )SHAPE_REPRESENTATION_RELATIONSHIP( ) );
#2259 = LINE ( 'NONE', #241, #1446 ) ;
#2260 = CARTESIAN_POINT ( 'NONE',  ( 0.0000000000000000000, 0.0000000000000000000, -0.5597388654400544700 ) ) ;
#2261 = LINE ( 'NONE', #3239, #3489 ) ;
#2262 = DIRECTION ( 'NONE',  ( -0.0000000000000000000, -0.0000000000000000000, 1.000000000000000000 ) ) ;
#2263 = CONICAL_SURFACE ( 'NONE', #34, 2.000000000000000000, 1.491824219053503600 ) ;
#2264 = CARTESIAN_POINT ( 'NONE',  ( 0.0000000000000000000, 2.923561223787005700E-031, 1.426282816688291300E-016 ) ) ;
#2265 = DIRECTION ( 'NONE',  ( -0.0000000000000000000, -3.000666402548790900E-036, 1.000000000000000000 ) ) ;
#2266 = AXIS2_PLACEMENT_3D ( 'NONE', #228, #492, #506 ) ;
#2267 = EDGE_LOOP ( 'NONE', ( #3298, #2789, #2889, #3306 ) ) ;
#2268 = AXIS2_PLACEMENT_3D ( 'NONE', #2972, #1607, #1100 ) ;
#2269 = ORIENTED_EDGE ( 'NONE', *, *, #2288, .T. ) ;
#2270 = CYLINDRICAL_SURFACE ( 'NONE', #51, 3.500000000000000000 ) ;
#2271 = ORIENTED_EDGE ( 'NONE', *, *, #3151, .T. ) ;
#2272 = FILL_AREA_STYLE ('',( #1193 ) ) ;
#2273 = ORIENTED_EDGE ( 'NONE', *, *, #2902, .T. ) ;
#2274 = CIRCLE ( 'NONE', #2057, 4.099999999999999600 ) ;
#2275 = EDGE_CURVE ( 'NONE', #2434, #1302, #1370, .T. ) ;
#2276 = AXIS2_PLACEMENT_3D ( 'NONE', #39, #2454, #595 ) ;
#2277 = VERTEX_POINT ( 'NONE', #3166 ) ;
#2278 = EDGE_CURVE ( 'NONE', #2317, #167, #772, .T. ) ;
#2279 = ORIENTED_EDGE ( 'NONE', *, *, #964, .T. ) ;
#2280 = CARTESIAN_POINT ( 'NONE',  ( 3.041381265149109200, 0.5999999999999998700, 0.001000000000001000100 ) ) ;
#2281 = ORIENTED_EDGE ( 'NONE', *, *, #608, .T. ) ;
#2282 = ORIENTED_EDGE ( 'NONE', *, *, #2138, .T. ) ;
#2283 = EDGE_CURVE ( 'NONE', #1917, #2628, #2703, .T. ) ;
#2284 = PRESENTATION_STYLE_ASSIGNMENT (( #2011 ) ) ;
#2285 = DIRECTION ( 'NONE',  ( 1.000000000000000000, 0.0000000000000000000, 0.0000000000000000000 ) ) ;
#2286 = CARTESIAN_POINT ( 'NONE',  ( 0.6000000000000002000, 3.041381265149109200, -5.500000000000000900 ) ) ;
#2287 = PRESENTATION_LAYER_ASSIGNMENT (  '', '', ( #1138 ) ) ;
#2288 = EDGE_CURVE ( 'NONE', #3173, #1859, #2613, .T. ) ;
#2289 = CIRCLE ( 'NONE', #1397, 3.500000000000000000 ) ;
#2290 = VECTOR ( 'NONE', #2639, 1000.000000000000000 ) ;
#2291 = AXIS2_PLACEMENT_3D ( 'NONE', #1044, #1257, #1807 ) ;
#2292 = FACE_OUTER_BOUND ( 'NONE', #49, .T. ) ;
#2293 = CONICAL_SURFACE ( 'NONE', #314, 2.688489208633093200, 0.07897210774139215600 ) ;
#2294 =( LENGTH_UNIT ( ) NAMED_UNIT ( * ) SI_UNIT ( .MILLI., .METRE. ) );
#2295 = VECTOR ( 'NONE', #1116, 1000.000000000000000 ) ;
#2296 = ORIENTED_EDGE ( 'NONE', *, *, #997, .F. ) ;
#2297 = CARTESIAN_POINT ( 'NONE',  ( 3.041381265149109200, 0.5999999999999998700, -12.00000000000000000 ) ) ;
#2298 = EDGE_LOOP ( 'NONE', ( #1705, #2755 ) ) ;
#2299 = PLANE ( 'NONE',  #2921 ) ;
#2300 = LINE ( 'NONE', #1633, #3333 ) ;
#2301 = ORIENTED_EDGE ( 'NONE', *, *, #1648, .T. ) ;
#2302 = LINE ( 'NONE', #1691, #3131 ) ;
#2303 = PRESENTATION_LAYER_ASSIGNMENT (  '', '', ( #925 ) ) ;
#2304 = COLOUR_RGB ( '',0.7529411764705882200, 1.000000000000000000, 1.000000000000000000 ) ;
#2305 = ORIENTED_EDGE ( 'NONE', *, *, #3483, .T. ) ;
#2306 = ORIENTED_EDGE ( 'NONE', *, *, #1749, .T. ) ;
#2307 =( GEOMETRIC_REPRESENTATION_CONTEXT ( 3 ) GLOBAL_UNCERTAINTY_ASSIGNED_CONTEXT ( ( #2016 ) ) GLOBAL_UNIT_ASSIGNED_CONTEXT ( ( #3109, #2008, #1762 ) ) REPRESENTATION_CONTEXT ( 'NONE', 'WORKASPACE' ) );
#2308 = SURFACE_SIDE_STYLE ('',( #1877 ) ) ;
#2309 = ORIENTED_EDGE ( 'NONE', *, *, #3151, .F. ) ;
#2310 = EDGE_CURVE ( 'NONE', #577, #648, #2369, .T. ) ;
#2311 = AXIS2_PLACEMENT_3D ( 'NONE', #2913, #2118, #1057 ) ;
#2312 = DIRECTION ( 'NONE',  ( 0.0000000000000000000, -0.0000000000000000000, 1.000000000000000000 ) ) ;
#2313 = VERTEX_POINT ( 'NONE', #3139 ) ;
#2314 = CARTESIAN_POINT ( 'NONE',  ( -2.750000000000000000, 3.367778697655221000E-016, 1.229901415993585000E-012 ) ) ;
#2315 = ORIENTED_EDGE ( 'NONE', *, *, #1545, .T. ) ;
#2316 = DIRECTION ( 'NONE',  ( -0.0000000000000000000, -0.0000000000000000000, 1.000000000000000000 ) ) ;
#2317 = VERTEX_POINT ( 'NONE', #3463 ) ;
#2318 = DIRECTION ( 'NONE',  ( -0.0000000000000000000, 1.000000000000000000, 0.0000000000000000000 ) ) ;
#2319 = EDGE_CURVE ( 'NONE', #167, #2470, #1726, .T. ) ;
#2320 = FILL_AREA_STYLE ('',( #2047 ) ) ;
#2321 = DIRECTION ( 'NONE',  ( -0.0000000000000000000, -0.0000000000000000000, 1.000000000000000000 ) ) ;
#2322 = ORIENTED_EDGE ( 'NONE', *, *, #57, .T. ) ;
#2323 = PRODUCT_DEFINITION_CONTEXT ( 'detailed design', #2234, 'design' ) ;
#2324 = AXIS2_PLACEMENT_3D ( 'NONE', #460, #2364, #2394 ) ;
#2325 = LINE ( 'NONE', #2934, #395 ) ;
#2326 = DIRECTION ( 'NONE',  ( 0.0000000000000000000, 0.0000000000000000000, -1.000000000000000000 ) ) ;
#2327 = DIRECTION ( 'NONE',  ( 1.000000000000000000, 0.0000000000000000000, 0.0000000000000000000 ) ) ;
#2328 = VECTOR ( 'NONE', #3108, 999.9999999999998900 ) ;
#2329 = CARTESIAN_POINT ( 'NONE',  ( 9.943265540067396400E-017, -0.5000000000000000000, -4.000000000000000000 ) ) ;
#2330 = CYLINDRICAL_SURFACE ( 'NONE', #2683, 4.000000000000000000 ) ;
#2331 = DIRECTION ( 'NONE',  ( 1.000000000000000000, 0.0000000000000000000, 0.0000000000000000000 ) ) ;
#2332 = DIRECTION ( 'NONE',  ( -0.0000000000000000000, -0.0000000000000000000, 1.000000000000000000 ) ) ;
#2333 = DIRECTION ( 'NONE',  ( 1.000000000000000000, 0.0000000000000000000, 0.0000000000000000000 ) ) ;
#2334 = EDGE_CURVE ( 'NONE', #1715, #882, #1656, .T. ) ;
#2335 = VECTOR ( 'NONE', #3146, 1000.000000000000000 ) ;
#2336 = DIRECTION ( 'NONE',  ( -0.0000000000000000000, -0.0000000000000000000, 1.000000000000000000 ) ) ;
#2337 = CARTESIAN_POINT ( 'NONE',  ( -2.168524844220144100, -0.5999999999999999800, -11.30000000000000100 ) ) ;
#2338 = CARTESIAN_POINT ( 'NONE',  ( 3.049999999999999400, 0.0000000000000000000, -0.5597388654400544700 ) ) ;
#2339 = FACE_OUTER_BOUND ( 'NONE', #1051, .T. ) ;
#2340 = CARTESIAN_POINT ( 'NONE',  ( 3.500000000000000000, 0.0000000000000000000, -119.7000000000000000 ) ) ;
#2341 = ORIENTED_EDGE ( 'NONE', *, *, #3360, .T. ) ;
#2342 = ORIENTED_EDGE ( 'NONE', *, *, #3099, .F. ) ;
#2343 = FACE_OUTER_BOUND ( 'NONE', #795, .T. ) ;
#2344 = ORIENTED_EDGE ( 'NONE', *, *, #2990, .T. ) ;
#2345 = DIRECTION ( 'NONE',  ( -0.0000000000000000000, -0.0000000000000000000, 1.000000000000000000 ) ) ;
#2346 = CIRCLE ( 'NONE', #480, 0.5000000000000000000 ) ;
#2347 = ORIENTED_EDGE ( 'NONE', *, *, #1310, .T. ) ;
#2348 = AXIS2_PLACEMENT_3D ( 'NONE', #846, #3011, #1955 ) ;
#2349 = DIRECTION ( 'NONE',  ( 1.000000000000000000, 0.0000000000000000000, 0.0000000000000000000 ) ) ;
#2350 = VERTEX_POINT ( 'NONE', #2124 ) ;
#2351 = ORIENTED_EDGE ( 'NONE', *, *, #1252, .F. ) ;
#2352 = EDGE_CURVE ( 'NONE', #1197, #800, #2259, .T. ) ;
#2353 = ORIENTED_EDGE ( 'NONE', *, *, #194, .T. ) ;
#2354 = DIRECTION ( 'NONE',  ( -0.0000000000000000000, -0.0000000000000000000, 1.000000000000000000 ) ) ;
#2355 = ORIENTED_EDGE ( 'NONE', *, *, #1688, .F. ) ;
#2356 = AXIS2_PLACEMENT_3D ( 'NONE', #1512, #798, #1015 ) ;
#2357 = ORIENTED_EDGE ( 'NONE', *, *, #116, .T. ) ;
#2358 = ADVANCED_FACE ( 'NONE', ( #452 ), #3444, .T. ) ;
#2359 = ORIENTED_EDGE ( 'NONE', *, *, #1091, .T. ) ;
#2360 = CIRCLE ( 'NONE', #2828, 3.099999999999999600 ) ;
#2361 = CARTESIAN_POINT ( 'NONE',  ( 0.0000000000000000000, 0.0000000000000000000, -5.500000000000000900 ) ) ;
#2362 = DIRECTION ( 'NONE',  ( 1.000000000000000000, 0.0000000000000000000, 0.0000000000000000000 ) ) ;
#2363 = CARTESIAN_POINT ( 'NONE',  ( 0.0000000000000000000, 0.0000000000000000000, -8.699999999999999300 ) ) ;
#2364 = DIRECTION ( 'NONE',  ( 1.000000000000000000, 0.0000000000000000000, 0.0000000000000000000 ) ) ;
#2365 = DIRECTION ( 'NONE',  ( -1.000000000000000000, -0.0000000000000000000, -0.0000000000000000000 ) ) ;
#2366 =( GEOMETRIC_REPRESENTATION_CONTEXT ( 3 ) GLOBAL_UNCERTAINTY_ASSIGNED_CONTEXT ( ( #229 ) ) GLOBAL_UNIT_ASSIGNED_CONTEXT ( ( #3236, #1136, #2 ) ) REPRESENTATION_CONTEXT ( 'NONE', 'WORKASPACE' ) );
#2367 = DIRECTION ( 'NONE',  ( -1.000000000000000000, 0.0000000000000000000, 0.0000000000000000000 ) ) ;
#2368 = MECHANICAL_DESIGN_GEOMETRIC_PRESENTATION_REPRESENTATION (  '', ( #2678 ), #2144 ) ;
#2369 = CIRCLE ( 'NONE', #2068, 0.4000000000000000200 ) ;
#2370 = DIRECTION ( 'NONE',  ( 0.0000000000000000000, 0.0000000000000000000, -1.000000000000000000 ) ) ;
#2371 =( GEOMETRIC_REPRESENTATION_CONTEXT ( 3 ) GLOBAL_UNCERTAINTY_ASSIGNED_CONTEXT ( ( #24 ) ) GLOBAL_UNIT_ASSIGNED_CONTEXT ( ( #2861, #1273, #1801 ) ) REPRESENTATION_CONTEXT ( 'NONE', 'WORKASPACE' ) );
#2372 = CARTESIAN_POINT ( 'NONE',  ( 0.0000000000000000000, 0.0000000000000000000, -12.00000000000000000 ) ) ;
#2373 = CIRCLE ( 'NONE', #820, 0.4000000000000000200 ) ;
#2374 =( LENGTH_UNIT ( ) NAMED_UNIT ( * ) SI_UNIT ( .MILLI., .METRE. ) );
#2375 = EDGE_CURVE ( 'NONE', #787, #882, #1524, .T. ) ;
#2376 = AXIS2_PLACEMENT_3D ( 'NONE', #3281, #891, #320 ) ;
#2377 = SURFACE_STYLE_FILL_AREA ( #2691 ) ;
#2378 = SURFACE_SIDE_STYLE ('',( #349 ) ) ;
#2379 = VERTEX_POINT ( 'NONE', #2151 ) ;
#2380 = FILL_AREA_STYLE ('',( #1555 ) ) ;
#2381 = VECTOR ( 'NONE', #397, 999.9999999999998900 ) ;
#2382 = ORIENTED_EDGE ( 'NONE', *, *, #3302, .T. ) ;
#2383 = DIRECTION ( 'NONE',  ( -0.0000000000000000000, -0.0000000000000000000, 1.000000000000000000 ) ) ;
#2384 = ORIENTED_EDGE ( 'NONE', *, *, #3189, .F. ) ;
#2385 = CARTESIAN_POINT ( 'NONE',  ( 0.6000000000000000900, -2.168524844220144100, -11.30000000000000100 ) ) ;
#2386 = CIRCLE ( 'NONE', #2501, 3.099999999999999600 ) ;
#2387 = ORIENTED_EDGE ( 'NONE', *, *, #741, .T. ) ;
#2388 = PLANE ( 'NONE',  #2291 ) ;
#2389 = CIRCLE ( 'NONE', #2971, 3.250000000000000000 ) ;
#2390 = EDGE_CURVE ( 'NONE', #3110, #2043, #1810, .T. ) ;
#2391 = ORIENTED_EDGE ( 'NONE', *, *, #1796, .T. ) ;
#2392 = EDGE_LOOP ( 'NONE', ( #2799, #3096, #585 ) ) ;
#2393 = ORIENTED_EDGE ( 'NONE', *, *, #152, .T. ) ;
#2394 = DIRECTION ( 'NONE',  ( 0.0000000000000000000, 0.0000000000000000000, -1.000000000000000000 ) ) ;
#2395 = AXIS2_PLACEMENT_3D ( 'NONE', #421, #1262, #128 ) ;
#2396 = DIRECTION ( 'NONE',  ( 0.0000000000000000000, 0.0000000000000000000, -1.000000000000000000 ) ) ;
#2397 = ORIENTED_EDGE ( 'NONE', *, *, #1178, .F. ) ;
#2398 = DIRECTION ( 'NONE',  ( 1.000000000000000000, 0.0000000000000000000, 0.0000000000000000000 ) ) ;
#2399 = DIRECTION ( 'NONE',  ( -0.0000000000000000000, -0.0000000000000000000, 1.000000000000000000 ) ) ;
#2400 = ORIENTED_EDGE ( 'NONE', *, *, #3099, .T. ) ;
#2401 = ORIENTED_EDGE ( 'NONE', *, *, #621, .F. ) ;
#2402 = CARTESIAN_POINT ( 'NONE',  ( 0.0000000000000000000, 1.380306545172443900E-035, -4.099999999999999600 ) ) ;
#2403 = ORIENTED_EDGE ( 'NONE', *, *, #2462, .F. ) ;
#2404 = SURFACE_STYLE_USAGE ( .BOTH. , #734 ) ;
#2405 = ORIENTED_EDGE ( 'NONE', *, *, #2255, .T. ) ;
#2406 = DIRECTION ( 'NONE',  ( -0.0000000000000000000, -3.000666402548790900E-036, 1.000000000000000000 ) ) ;
#2407 = SHAPE_DEFINITION_REPRESENTATION ( #376, #1745 ) ;
#2408 = CARTESIAN_POINT ( 'NONE',  ( 0.6000000000000000900, 2.168524844220144100, -12.00000000000000000 ) ) ;
#2409 =( NAMED_UNIT ( * ) PLANE_ANGLE_UNIT ( ) SI_UNIT ( $, .RADIAN. ) );
#2410 = UNCERTAINTY_MEASURE_WITH_UNIT (LENGTH_MEASURE( 1.000000000000000100E-005 ), #3184, 'distance_accuracy_value', 'NONE');
#2411 = DIRECTION ( 'NONE',  ( 0.0000000000000000000, -1.000000000000000000, 0.0000000000000000000 ) ) ;
#2412 = CARTESIAN_POINT ( 'NONE',  ( 2.000000000000000000, 0.0000000000000000000, 0.0000000000000000000 ) ) ;
#2413 = PRESENTATION_STYLE_ASSIGNMENT (( #2066 ) ) ;
#2414 = DIRECTION ( 'NONE',  ( -0.0000000000000000000, -0.0000000000000000000, 1.000000000000000000 ) ) ;
#2415 = ADVANCED_FACE ( 'NONE', ( #3045 ), #40, .F. ) ;
#2416 =( NAMED_UNIT ( * ) PLANE_ANGLE_UNIT ( ) SI_UNIT ( $, .RADIAN. ) );
#2417 = CARTESIAN_POINT ( 'NONE',  ( 0.0000000000000000000, 0.0000000000000000000, 0.5000000000000000000 ) ) ;
#2418 = FACE_OUTER_BOUND ( 'NONE', #2834, .T. ) ;
#2419 = CARTESIAN_POINT ( 'NONE',  ( 0.0000000000000000000, 0.0000000000000000000, -0.5597388654400544700 ) ) ;
#2420 = PLANE ( 'NONE',  #1210 ) ;
#2421 =( NAMED_UNIT ( * ) SI_UNIT ( $, .STERADIAN. ) SOLID_ANGLE_UNIT ( ) );
#2422 = EDGE_CURVE ( 'NONE', #2043, #293, #817, .T. ) ;
#2423 = DIRECTION ( 'NONE',  ( -0.0000000000000000000, -0.0000000000000000000, 1.000000000000000000 ) ) ;
#2424 = CIRCLE ( 'NONE', #580, 1.123858494872200600 ) ;
#2425 = MECHANICAL_DESIGN_GEOMETRIC_PRESENTATION_REPRESENTATION (  '', ( #2725 ), #1753 ) ;
#2426 = SURFACE_SIDE_STYLE ('',( #583 ) ) ;
#2427 = EDGE_CURVE ( 'NONE', #2248, #708, #1019, .T. ) ;
#2428 = AXIS2_PLACEMENT_3D ( 'NONE', #2111, #1064, #3186 ) ;
#2429 = LINE ( 'NONE', #149, #1697 ) ;
#2430 = ADVANCED_FACE ( 'NONE', ( #2455 ), #935, .F. ) ;
#2431 = VECTOR ( 'NONE', #2788, 1000.000000000000000 ) ;
#2432 = ORIENTED_EDGE ( 'NONE', *, *, #1757, .T. ) ;
#2433 = COLOUR_RGB ( '',0.7529411764705882200, 1.000000000000000000, 1.000000000000000000 ) ;
#2434 = VERTEX_POINT ( 'NONE', #2759 ) ;
#2435 = ADVANCED_BREP_SHAPE_REPRESENTATION ( '', ( #1862, #402 ), #2590 ) ;
#2436 = ORIENTED_EDGE ( 'NONE', *, *, #639, .F. ) ;
#2437 = ORIENTED_EDGE ( 'NONE', *, *, #3382, .F. ) ;
#2438 = DIRECTION ( 'NONE',  ( 1.000000000000000000, 0.0000000000000000000, -3.491481338843133400E-015 ) ) ;
#2439 = EDGE_LOOP ( 'NONE', ( #3329, #224, #3380, #133 ) ) ;
#2440 = AXIS2_PLACEMENT_3D ( 'NONE', #3255, #545, #1082 ) ;
#2441 = STYLED_ITEM ( 'NONE', ( #1384 ), #821 ) ;
#2442 = PLANE ( 'NONE',  #2428 ) ;
#2443 = ORIENTED_EDGE ( 'NONE', *, *, #1630, .F. ) ;
#2444 = EDGE_LOOP ( 'NONE', ( #1089, #1290, #3178, #3217 ) ) ;
#2445 = DIRECTION ( 'NONE',  ( 1.000000000000000000, 0.0000000000000000000, 0.0000000000000000000 ) ) ;
#2446 = EDGE_CURVE ( 'NONE', #894, #787, #2161, .T. ) ;
#2447 = MECHANICAL_DESIGN_GEOMETRIC_PRESENTATION_REPRESENTATION (  '', ( #1961 ), #299 ) ;
#2448 = ADVANCED_FACE ( 'NONE', ( #1367 ), #1906, .F. ) ;
#2449 = ITEM_DEFINED_TRANSFORMATION ( 'NONE', 'NONE', #1293,  #402 ) ;
#2450 = APPLICATION_CONTEXT ( 'automotive_design' ) ;
#2451 =( LENGTH_UNIT ( ) NAMED_UNIT ( * ) SI_UNIT ( .MILLI., .METRE. ) );
#2452 = FACE_BOUND ( 'NONE', #3354, .T. ) ;
#2453 = EDGE_CURVE ( 'NONE', #472, #1045, #1113, .T. ) ;
#2454 = DIRECTION ( 'NONE',  ( -0.0000000000000000000, -0.0000000000000000000, 1.000000000000000000 ) ) ;
#2455 = FACE_OUTER_BOUND ( 'NONE', #1825, .T. ) ;
#2456 = SURFACE_STYLE_USAGE ( .BOTH. , #2426 ) ;
#2457 = AXIS2_PLACEMENT_3D ( 'NONE', #464, #757, #2634 ) ;
#2458 = VECTOR ( 'NONE', #852, 1000.000000000000000 ) ;
#2459 = ADVANCED_FACE ( 'NONE', ( #2996 ), #2330, .T. ) ;
#2460 = CARTESIAN_POINT ( 'NONE',  ( 2.750000000000000000, 0.0000000000000000000, -124.2000000000000000 ) ) ;
#2461 = FACE_OUTER_BOUND ( 'NONE', #3093, .T. ) ;
#2462 = EDGE_CURVE ( 'NONE', #90, #3008, #2815, .T. ) ;
#2463 =( NAMED_UNIT ( * ) SI_UNIT ( $, .STERADIAN. ) SOLID_ANGLE_UNIT ( ) );
#2464 = VECTOR ( 'NONE', #1958, 1000.000000000000000 ) ;
#2465 = CARTESIAN_POINT ( 'NONE',  ( 0.0000000000000000000, 7.760134598266528000E-019, -0.1056035257543969500 ) ) ;
#2466 = ORIENTED_EDGE ( 'NONE', *, *, #793, .F. ) ;
#2467 = CARTESIAN_POINT ( 'NONE',  ( 0.6000000000000000900, -2.990401310861135400, -11.30000000000000100 ) ) ;
#2468 = EDGE_LOOP ( 'NONE', ( #3017, #188 ) ) ;
#2469 = FACE_OUTER_BOUND ( 'NONE', #955, .T. ) ;
#2470 = VERTEX_POINT ( 'NONE', #3095 ) ;
#2471 = CARTESIAN_POINT ( 'NONE',  ( 0.0000000000000000000, 0.0000000000000000000, -119.7000000000000000 ) ) ;
#2472 = CIRCLE ( 'NONE', #3315, 4.250000000000000000 ) ;
#2473 = ORIENTED_EDGE ( 'NONE', *, *, #1190, .T. ) ;
#2474 = CARTESIAN_POINT ( 'NONE',  ( -3.749999999999999600, 4.592425496802574000E-016, -6.200000000000001100 ) ) ;
#2475 = SURFACE_STYLE_FILL_AREA ( #2272 ) ;
#2476 = EDGE_LOOP ( 'NONE', ( #2597, #2713 ) ) ;
#2477 = DIRECTION ( 'NONE',  ( -1.000000000000000000, 0.0000000000000000000, -0.0000000000000000000 ) ) ;
#2478 = ORIENTED_EDGE ( 'NONE', *, *, #1749, .F. ) ;
#2479 = ADVANCED_FACE ( 'NONE', ( #2535 ), #676, .T. ) ;
#2480 = DIRECTION ( 'NONE',  ( 0.0000000000000000000, 1.000000000000000000, 0.0000000000000000000 ) ) ;
#2481 = DIRECTION ( 'NONE',  ( 1.000000000000000000, 0.0000000000000000000, 0.0000000000000000000 ) ) ;
#2482 = DIRECTION ( 'NONE',  ( 0.0000000000000000000, 0.0000000000000000000, -1.000000000000000000 ) ) ;
#2483 = ORIENTED_EDGE ( 'NONE', *, *, #936, .F. ) ;
#2484 = VERTEX_POINT ( 'NONE', #667 ) ;
#2485 = AXIS2_PLACEMENT_3D ( 'NONE', #303, #3003, #848 ) ;
#2486 = FACE_OUTER_BOUND ( 'NONE', #952, .T. ) ;
#2487 = AXIS2_PLACEMENT_3D ( 'NONE', #1483, #406, #683 ) ;
#2488 = PRESENTATION_LAYER_ASSIGNMENT (  '', '', ( #2250 ) ) ;
#2489 = EDGE_CURVE ( 'NONE', #1430, #3437, #2109, .T. ) ;
#2490 = DIRECTION ( 'NONE',  ( 0.0000000000000000000, 0.0000000000000000000, -1.000000000000000000 ) ) ;
#2491 = PRODUCT_DEFINITION_CONTEXT ( 'detailed design', #3300, 'design' ) ;
#2492 = CIRCLE ( 'NONE', #3192, 3.750000000000000000 ) ;
#2493 = APPLICATION_CONTEXT ( 'automotive_design' ) ;
#2494 = SURFACE_STYLE_FILL_AREA ( #317 ) ;
#2495 = CIRCLE ( 'NONE', #657, 2.750000000000000000 ) ;
#2496 = EDGE_CURVE ( 'NONE', #1216, #2724, #3246, .T. ) ;
#2497 = CIRCLE ( 'NONE', #993, 4.050000000000001600 ) ;
#2498 = MANIFOLD_SOLID_BREP ( 'Cut-Extrude2', #2758 ) ;
#2499 = DIRECTION ( 'NONE',  ( 0.0000000000000000000, 0.0000000000000000000, -1.000000000000000000 ) ) ;
#2500 = CIRCLE ( 'NONE', #939, 4.250000000000000000 ) ;
#2501 = AXIS2_PLACEMENT_3D ( 'NONE', #512, #2944, #1387 ) ;
#2502 = DIRECTION ( 'NONE',  ( -1.000000000000000000, 0.0000000000000000000, 0.0000000000000000000 ) ) ;
#2503 = DIRECTION ( 'NONE',  ( 1.000000000000000000, 0.0000000000000000000, 0.0000000000000000000 ) ) ;
#2504 = FACE_OUTER_BOUND ( 'NONE', #516, .T. ) ;
#2505 = CARTESIAN_POINT ( 'NONE',  ( 3.500000000000000000, 0.0000000000000000000, 1.229901415993585000E-012 ) ) ;
#2506 = AXIS2_PLACEMENT_3D ( 'NONE', #2471, #1996, #2525 ) ;
#2507 = CIRCLE ( 'NONE', #2523, 4.000000000000000000 ) ;
#2508 = EDGE_LOOP ( 'NONE', ( #2920, #3434, #1928, #1142 ) ) ;
#2509 = CARTESIAN_POINT ( 'NONE',  ( 1.253865028525067000E-016, -1.023858494872200500, -4.185247264664062600 ) ) ;
#2510 = EDGE_LOOP ( 'NONE', ( #60, #569 ) ) ;
#2511 = PRESENTATION_STYLE_ASSIGNMENT (( #1232 ) ) ;
#2512 = ORIENTED_EDGE ( 'NONE', *, *, #1687, .T. ) ;
#2513 = EDGE_LOOP ( 'NONE', ( #1386, #1250 ) ) ;
#2514 = EDGE_CURVE ( 'NONE', #1934, #1936, #2210, .T. ) ;
#2515 = ORIENTED_EDGE ( 'NONE', *, *, #404, .T. ) ;
#2516 = DIRECTION ( 'NONE',  ( 0.0000000000000000000, 1.000000000000000000, 3.000666402548790600E-036 ) ) ;
#2517 = CARTESIAN_POINT ( 'NONE',  ( 2.250000000000000000, 0.0000000000000000000, 1.229901415993585000E-012 ) ) ;
#2518 = ORIENTED_EDGE ( 'NONE', *, *, #635, .T. ) ;
#2519 = DIRECTION ( 'NONE',  ( 0.0000000000000000000, -1.000000000000000000, 0.0000000000000000000 ) ) ;
#2520 = EDGE_LOOP ( 'NONE', ( #2959, #994, #1466 ) ) ;
#2521 = VERTEX_POINT ( 'NONE', #2064 ) ;
#2522 = CARTESIAN_POINT ( 'NONE',  ( 3.098436789674861500, 3.794490696835720200E-016, -13.89999999999999500 ) ) ;
#2523 = AXIS2_PLACEMENT_3D ( 'NONE', #606, #329, #2252 ) ;
#2524 = FACE_BOUND ( 'NONE', #1420, .T. ) ;
#2525 = DIRECTION ( 'NONE',  ( 1.000000000000000000, 0.0000000000000000000, 0.0000000000000000000 ) ) ;
#2526 = CARTESIAN_POINT ( 'NONE',  ( 0.0000000000000000000, 2.688489208633093200, -8.699999999999999300 ) ) ;
#2527 = EDGE_CURVE ( 'NONE', #1716, #2222, #239, .T. ) ;
#2528 = DIRECTION ( 'NONE',  ( 1.000000000000000000, 0.0000000000000000000, 0.0000000000000000000 ) ) ;
#2529 = FACE_BOUND ( 'NONE', #221, .T. ) ;
#2530 =( NAMED_UNIT ( * ) SI_UNIT ( $, .STERADIAN. ) SOLID_ANGLE_UNIT ( ) );
#2531 = CARTESIAN_POINT ( 'NONE',  ( 21.00000000000000000, 0.0000000000000000000, 4.250000000000000000 ) ) ;
#2532 = FACE_OUTER_BOUND ( 'NONE', #2940, .T. ) ;
#2533 =( GEOMETRIC_REPRESENTATION_CONTEXT ( 3 ) GLOBAL_UNCERTAINTY_ASSIGNED_CONTEXT ( ( #974 ) ) GLOBAL_UNIT_ASSIGNED_CONTEXT ( ( #753, #2630, #2852 ) ) REPRESENTATION_CONTEXT ( 'NONE', 'WORKASPACE' ) );
#2534 = FACE_OUTER_BOUND ( 'NONE', #2298, .T. ) ;
#2535 = FACE_OUTER_BOUND ( 'NONE', #184, .T. ) ;
#2536 = CARTESIAN_POINT ( 'NONE',  ( 21.00000000000000000, 0.0000000000000000000, 0.0000000000000000000 ) ) ;
#2537 = LINE ( 'NONE', #311, #455 ) ;
#2538 = CARTESIAN_POINT ( 'NONE',  ( 0.0000000000000000000, 0.0000000000000000000, -119.7000000000000000 ) ) ;
#2539 = CARTESIAN_POINT ( 'NONE',  ( 2.168524844220144100, -0.5999999999999999800, -12.00000000000000000 ) ) ;
#2540 = FACE_OUTER_BOUND ( 'NONE', #1993, .T. ) ;
#2541 = CARTESIAN_POINT ( 'NONE',  ( 0.0000000000000000000, 0.0000000000000000000, -11.30000000000000100 ) ) ;
#2542 = AXIS2_PLACEMENT_3D ( 'NONE', #33, #2705, #1621 ) ;
#2543 = LINE ( 'NONE', #17, #86 ) ;
#2544 = VECTOR ( 'NONE', #1147, 1000.000000000000000 ) ;
#2545 = PRESENTATION_LAYER_ASSIGNMENT (  '', '', ( #2678 ) ) ;
#2546 = ORIENTED_EDGE ( 'NONE', *, *, #2080, .T. ) ;
#2547 = VERTEX_POINT ( 'NONE', #1200 ) ;
#2548 = CARTESIAN_POINT ( 'NONE',  ( -4.099999999999999600, 5.021051876504147400E-016, -94.50000000000000000 ) ) ;
#2549 = VECTOR ( 'NONE', #941, 999.9999999999998900 ) ;
#2550 = EDGE_LOOP ( 'NONE', ( #3428, #1477, #1741, #85 ) ) ;
#2551 = ORIENTED_EDGE ( 'NONE', *, *, #2091, .F. ) ;
#2552 = EDGE_CURVE ( 'NONE', #1490, #1251, #3077, .T. ) ;
#2553 = AXIS2_PLACEMENT_3D ( 'NONE', #3072, #1977, #610 ) ;
#2554 = CARTESIAN_POINT ( 'NONE',  ( 2.990401310861135400, -0.5999999999999999800, -11.30000000000000100 ) ) ;
#2555 = FACE_OUTER_BOUND ( 'NONE', #1884, .T. ) ;
#2556 = EDGE_LOOP ( 'NONE', ( #2970, #1775, #777, #1003 ) ) ;
#2557 = CARTESIAN_POINT ( 'NONE',  ( 0.0000000000000000000, 0.0000000000000000000, 0.0000000000000000000 ) ) ;
#2558 = ORIENTED_EDGE ( 'NONE', *, *, #1348, .T. ) ;
#2559 = ORIENTED_EDGE ( 'NONE', *, *, #1505, .F. ) ;
#2560 = ORIENTED_EDGE ( 'NONE', *, *, #493, .T. ) ;
#2561 = EDGE_CURVE ( 'NONE', #1755, #1260, #1485, .T. ) ;
#2562 = VECTOR ( 'NONE', #186, 1000.000000000000000 ) ;
#2563 = CARTESIAN_POINT ( 'NONE',  ( 4.898587196589413100E-017, 0.4000000000000000200, -4.085247264664063800 ) ) ;
#2564 = PRODUCT_DEFINITION_CONTEXT ( 'detailed design', #279, 'design' ) ;
#2565 = CARTESIAN_POINT ( 'NONE',  ( 0.0000000000000000000, 1.123858494872200600, -8.300000000000002500 ) ) ;
#2566 = AXIS2_PLACEMENT_3D ( 'NONE', #731, #1557, #1289 ) ;
#2567 = ORIENTED_EDGE ( 'NONE', *, *, #98, .T. ) ;
#2568 =( NAMED_UNIT ( * ) SI_UNIT ( $, .STERADIAN. ) SOLID_ANGLE_UNIT ( ) );
#2569 = CYLINDRICAL_SURFACE ( 'NONE', #3175, 0.5000000000000000000 ) ;
#2570 = FILL_AREA_STYLE_COLOUR ( '', #1470 ) ;
#2571 = CARTESIAN_POINT ( 'NONE',  ( -3.349999999999999600, 4.102566777143633300E-016, 0.0000000000000000000 ) ) ;
#2572 = LINE ( 'NONE', #187, #725 ) ;
#2573 = CARTESIAN_POINT ( 'NONE',  ( 0.0000000000000000000, 0.0000000000000000000, 1.229901415993585000E-012 ) ) ;
#2574 = DIRECTION ( 'NONE',  ( -0.0000000000000000000, -0.0000000000000000000, 1.000000000000000000 ) ) ;
#2575 = VECTOR ( 'NONE', #1567, 1000.000000000000000 ) ;
#2576 = CARTESIAN_POINT ( 'NONE',  ( 0.0000000000000000000, -1.500000000000000000, -8.300000000000002500 ) ) ;
#2577 = ORIENTED_EDGE ( 'NONE', *, *, #2660, .T. ) ;
#2578 = FACE_OUTER_BOUND ( 'NONE', #2790, .T. ) ;
#2579 = FILL_AREA_STYLE ('',( #1783 ) ) ;
#2580 = VECTOR ( 'NONE', #985, 1000.000000000000000 ) ;
#2581 = SURFACE_SIDE_STYLE ('',( #911 ) ) ;
#2582 = CARTESIAN_POINT ( 'NONE',  ( 0.0000000000000000000, 0.0000000000000000000, -5.500000000000000900 ) ) ;
#2583 = CYLINDRICAL_SURFACE ( 'NONE', #111, 4.599999999999999600 ) ;
#2584 = ORIENTED_EDGE ( 'NONE', *, *, #223, .F. ) ;
#2585 = DIRECTION ( 'NONE',  ( 1.000000000000000000, 0.0000000000000000000, 0.0000000000000000000 ) ) ;
#2586 = ORIENTED_EDGE ( 'NONE', *, *, #1687, .F. ) ;
#2587 = EDGE_CURVE ( 'NONE', #2313, #733, #151, .T. ) ;
#2588 = ORIENTED_EDGE ( 'NONE', *, *, #1721, .T. ) ;
#2589 = DIRECTION ( 'NONE',  ( 1.000000000000000000, 0.0000000000000000000, 0.0000000000000000000 ) ) ;
#2590 =( GEOMETRIC_REPRESENTATION_CONTEXT ( 3 ) GLOBAL_UNCERTAINTY_ASSIGNED_CONTEXT ( ( #3051 ) ) GLOBAL_UNIT_ASSIGNED_CONTEXT ( ( #2941, #2150, #812 ) ) REPRESENTATION_CONTEXT ( 'NONE', 'WORKASPACE' ) );
#2591 = DIRECTION ( 'NONE',  ( -0.0000000000000000000, -3.000666402548790900E-036, 1.000000000000000000 ) ) ;
#2592 = ORIENTED_EDGE ( 'NONE', *, *, #3337, .F. ) ;
#2593 = EDGE_CURVE ( 'NONE', #2669, #2024, #196, .T. ) ;
#2594 = AXIS2_PLACEMENT_3D ( 'NONE', #258, #488, #2699 ) ;
#2595 =( NAMED_UNIT ( * ) SI_UNIT ( $, .STERADIAN. ) SOLID_ANGLE_UNIT ( ) );
#2596 = SURFACE_STYLE_USAGE ( .BOTH. , #2615 ) ;
#2597 = ORIENTED_EDGE ( 'NONE', *, *, #608, .F. ) ;
#2598 = CARTESIAN_POINT ( 'NONE',  ( -3.000000000000000000, 3.673940397442059900E-016, 0.0000000000000000000 ) ) ;
#2599 = CARTESIAN_POINT ( 'NONE',  ( -3.041381265149109200, -0.5999999999999999800, 0.001000000000001000100 ) ) ;
#2600 = ORIENTED_EDGE ( 'NONE', *, *, #1202, .F. ) ;
#2601 = UNCERTAINTY_MEASURE_WITH_UNIT (LENGTH_MEASURE( 1.000000000000000100E-005 ), #1373, 'distance_accuracy_value', 'NONE');
#2602 = EDGE_LOOP ( 'NONE', ( #2809, #2355 ) ) ;
#2603 = FILL_AREA_STYLE_COLOUR ( '', #3378 ) ;
#2604 =( LENGTH_UNIT ( ) NAMED_UNIT ( * ) SI_UNIT ( .MILLI., .METRE. ) );
#2605 = AXIS2_PLACEMENT_3D ( 'NONE', #411, #2574, #1268 ) ;
#2606 = AXIS2_PLACEMENT_3D ( 'NONE', #2761, #1696, #2806 ) ;
#2607 = VECTOR ( 'NONE', #2528, 1000.000000000000000 ) ;
#2608 = DIRECTION ( 'NONE',  ( 0.0000000000000000000, -1.000000000000000000, 0.0000000000000000000 ) ) ;
#2609 = ADVANCED_FACE ( 'NONE', ( #637, #112 ), #2657, .F. ) ;
#2610 = COLOUR_RGB ( '',0.7529411764705882200, 1.000000000000000000, 1.000000000000000000 ) ;
#2611 = EDGE_CURVE ( 'NONE', #983, #1960, #2360, .T. ) ;
#2612 = AXIS2_PLACEMENT_3D ( 'NONE', #3480, #525, #215 ) ;
#2613 = CIRCLE ( 'NONE', #20, 3.600000000000000100 ) ;
#2614 = DIRECTION ( 'NONE',  ( -0.0000000000000000000, -3.000666402548790900E-036, 1.000000000000000000 ) ) ;
#2615 = SURFACE_SIDE_STYLE ('',( #1522 ) ) ;
#2616 = CYLINDRICAL_SURFACE ( 'NONE', #2978, 3.250000000000000000 ) ;
#2617 = CARTESIAN_POINT ( 'NONE',  ( 0.0000000000000000000, -0.5000000000000000000, 0.5000000000000000000 ) ) ;
#2618 = VECTOR ( 'NONE', #934, 1000.000000000000000 ) ;
#2619 = CARTESIAN_POINT ( 'NONE',  ( -3.500000000000000000, 4.286263797015736600E-016, 1.229901415993585000E-012 ) ) ;
#2620 = EDGE_CURVE ( 'NONE', #1463, #1537, #1618, .T. ) ;
#2621 = CARTESIAN_POINT ( 'NONE',  ( 0.0000000000000000000, 3.600000000000000100, -13.89999999999999900 ) ) ;
#2622 = CIRCLE ( 'NONE', #1788, 2.000000000000000000 ) ;
#2623 = CIRCLE ( 'NONE', #2246, 4.049999999999999800 ) ;
#2624 = EDGE_LOOP ( 'NONE', ( #381, #831, #1878, #837 ) ) ;
#2625 = ORIENTED_EDGE ( 'NONE', *, *, #2275, .T. ) ;
#2626 = ORIENTED_EDGE ( 'NONE', *, *, #1389, .F. ) ;
#2627 = ADVANCED_FACE ( 'NONE', ( #2062 ), #770, .T. ) ;
#2628 = VERTEX_POINT ( 'NONE', #192 ) ;
#2629 = AXIS2_PLACEMENT_3D ( 'NONE', #3371, #120, #131 ) ;
#2630 =( NAMED_UNIT ( * ) PLANE_ANGLE_UNIT ( ) SI_UNIT ( $, .RADIAN. ) );
#2631 = CYLINDRICAL_SURFACE ( 'NONE', #3145, 2.250000000000000000 ) ;
#2632 = ORIENTED_EDGE ( 'NONE', *, *, #3240, .F. ) ;
#2633 = ORIENTED_EDGE ( 'NONE', *, *, #1118, .T. ) ;
#2634 = DIRECTION ( 'NONE',  ( 1.000000000000000000, 0.0000000000000000000, 0.0000000000000000000 ) ) ;
#2635 = EDGE_CURVE ( 'NONE', #2197, #90, #1278, .T. ) ;
#2636 = ORIENTED_EDGE ( 'NONE', *, *, #223, .T. ) ;
#2637 = DIRECTION ( 'NONE',  ( -0.0000000000000000000, -0.0000000000000000000, 1.000000000000000000 ) ) ;
#2638 = DIRECTION ( 'NONE',  ( -1.000000000000000000, 0.0000000000000000000, 0.0000000000000000000 ) ) ;
#2639 = DIRECTION ( 'NONE',  ( -0.0000000000000000000, -0.0000000000000000000, 1.000000000000000000 ) ) ;
#2640 = ORIENTED_EDGE ( 'NONE', *, *, #1559, .F. ) ;
#2641 = PRESENTATION_LAYER_ASSIGNMENT (  '', '', ( #913 ) ) ;
#2642 = ORIENTED_EDGE ( 'NONE', *, *, #2552, .T. ) ;
#2643 = CARTESIAN_POINT ( 'NONE',  ( -2.990401310861135400, -0.5999999999999999800, -5.500000000000000900 ) ) ;
#2644 = DIRECTION ( 'NONE',  ( 0.0000000000000000000, 0.0000000000000000000, -1.000000000000000000 ) ) ;
#2645 = EDGE_LOOP ( 'NONE', ( #124, #2748 ) ) ;
#2646 = PLANE ( 'NONE',  #9 ) ;
#2647 =( LENGTH_UNIT ( ) NAMED_UNIT ( * ) SI_UNIT ( .MILLI., .METRE. ) );
#2648 = CARTESIAN_POINT ( 'NONE',  ( 4.050000000000000700, 0.0000000000000000000, -0.5597388654400544700 ) ) ;
#2649 =( NAMED_UNIT ( * ) SI_UNIT ( $, .STERADIAN. ) SOLID_ANGLE_UNIT ( ) );
#2650 = PRESENTATION_STYLE_ASSIGNMENT (( #887 ) ) ;
#2651 = AXIS2_PLACEMENT_3D ( 'NONE', #1885, #564, #2176 ) ;
#2652 = CARTESIAN_POINT ( 'NONE',  ( 4.000000000000000000, 0.0000000000000000000, -116.0000000000000000 ) ) ;
#2653 = STYLED_ITEM ( 'NONE', ( #2284 ), #559 ) ;
#2654 = CARTESIAN_POINT ( 'NONE',  ( 0.0000000000000000000, 0.0000000000000000000, -116.5000000000000000 ) ) ;
#2655 = DIRECTION ( 'NONE',  ( 1.000000000000000000, 0.0000000000000000000, 0.0000000000000000000 ) ) ;
#2656 =( GEOMETRIC_REPRESENTATION_CONTEXT ( 3 ) GLOBAL_UNCERTAINTY_ASSIGNED_CONTEXT ( ( #1282 ) ) GLOBAL_UNIT_ASSIGNED_CONTEXT ( ( #2178, #3468, #230 ) ) REPRESENTATION_CONTEXT ( 'NONE', 'WORKASPACE' ) );
#2657 = PLANE ( 'NONE',  #3197 ) ;
#2658 = FACE_OUTER_BOUND ( 'NONE', #2096, .T. ) ;
#2659 = DIRECTION ( 'NONE',  ( 0.0000000000000000000, 0.0000000000000000000, -1.000000000000000000 ) ) ;
#2660 = EDGE_CURVE ( 'NONE', #2976, #1213, #3318, .T. ) ;
#2661 = AXIS2_PLACEMENT_3D ( 'NONE', #1531, #1817, #1027 ) ;
#2662 = DIRECTION ( 'NONE',  ( 0.0000000000000000000, -1.000000000000000000, 0.0000000000000000000 ) ) ;
#2663 = VECTOR ( 'NONE', #2367, 1000.000000000000000 ) ;
#2664 = DIRECTION ( 'NONE',  ( 0.0000000000000000000, -1.000000000000000000, 0.0000000000000000000 ) ) ;
#2665 = ADVANCED_FACE ( 'NONE', ( #727, #2697 ), #2388, .F. ) ;
#2666 = CARTESIAN_POINT ( 'NONE',  ( 3.250000000000000000, 0.0000000000000000000, -95.00000000000000000 ) ) ;
#2667 = CARTESIAN_POINT ( 'NONE',  ( 0.6000000000000000900, 2.168524844220144100, -12.00000000000000000 ) ) ;
#2668 = CIRCLE ( 'NONE', #2059, 3.500000000000000000 ) ;
#2669 = VERTEX_POINT ( 'NONE', #1568 ) ;
#2670 = ORIENTED_EDGE ( 'NONE', *, *, #1342, .T. ) ;
#2671 = CYLINDRICAL_SURFACE ( 'NONE', #1575, 4.250000000000000000 ) ;
#2672 = EDGE_CURVE ( 'NONE', #1040, #2805, #3070, .T. ) ;
#2673 = SURFACE_STYLE_USAGE ( .BOTH. , #2954 ) ;
#2674 = EDGE_LOOP ( 'NONE', ( #1684, #1343, #1049, #1183 ) ) ;
#2675 = PRESENTATION_STYLE_ASSIGNMENT (( #972 ) ) ;
#2676 = ORIENTED_EDGE ( 'NONE', *, *, #3279, .T. ) ;
#2677 = CARTESIAN_POINT ( 'NONE',  ( -2.168524844220144100, 0.5999999999999998700, -12.00000000000000000 ) ) ;
#2678 = STYLED_ITEM ( 'NONE', ( #1973 ), #729 ) ;
#2679 = ORIENTED_EDGE ( 'NONE', *, *, #2611, .F. ) ;
#2680 = CARTESIAN_POINT ( 'NONE',  ( 0.0000000000000000000, 0.0000000000000000000, 1.229901415993585000E-012 ) ) ;
#2681 = DIRECTION ( 'NONE',  ( 1.000000000000000000, 0.0000000000000000000, 0.0000000000000000000 ) ) ;
#2682 = ORIENTED_EDGE ( 'NONE', *, *, #2036, .T. ) ;
#2683 = AXIS2_PLACEMENT_3D ( 'NONE', #413, #3124, #2327 ) ;
#2684 = ADVANCED_FACE ( 'NONE', ( #2950 ), #3140, .F. ) ;
#2685 = DIRECTION ( 'NONE',  ( -0.0000000000000000000, -0.0000000000000000000, 1.000000000000000000 ) ) ;
#2686 = ORIENTED_EDGE ( 'NONE', *, *, #382, .T. ) ;
#2687 = CARTESIAN_POINT ( 'NONE',  ( 22.82994114200774000, 39.68823995915367700, 0.6212089336658788200 ) ) ;
#2688 = EDGE_CURVE ( 'NONE', #1456, #3062, #543, .T. ) ;
#2689 = LINE ( 'NONE', #1573, #2562 ) ;
#2690 = DIRECTION ( 'NONE',  ( -0.0000000000000000000, -3.000666402548790900E-036, 1.000000000000000000 ) ) ;
#2691 = FILL_AREA_STYLE ('',( #3458 ) ) ;
#2692 = DIRECTION ( 'NONE',  ( 1.000000000000000000, 0.0000000000000000000, 0.0000000000000000000 ) ) ;
#2693 = CIRCLE ( 'NONE', #803, 1.399999999999999900 ) ;
#2694 = CARTESIAN_POINT ( 'NONE',  ( 0.0000000000000000000, 0.0000000000000000000, -11.30000000000000100 ) ) ;
#2695 =( NAMED_UNIT ( * ) PLANE_ANGLE_UNIT ( ) SI_UNIT ( $, .RADIAN. ) );
#2696 = AXIS2_PLACEMENT_3D ( 'NONE', #389, #2813, #1222 ) ;
#2697 = FACE_OUTER_BOUND ( 'NONE', #686, .T. ) ;
#2698 = ADVANCED_FACE ( 'NONE', ( #967 ), #1853, .F. ) ;
#2699 = DIRECTION ( 'NONE',  ( 1.000000000000000000, 0.0000000000000000000, 0.0000000000000000000 ) ) ;
#2700 = PRESENTATION_STYLE_ASSIGNMENT (( #992 ) ) ;
#2701 = CARTESIAN_POINT ( 'NONE',  ( 0.0000000000000000000, 0.0000000000000000000, 1.229901415993585000E-012 ) ) ;
#2702 = EDGE_CURVE ( 'NONE', #3110, #2887, #2495, .T. ) ;
#2703 = LINE ( 'NONE', #1013, #1986 ) ;
#2704 = CARTESIAN_POINT ( 'NONE',  ( 0.0000000000000000000, 0.0000000000000000000, -11.30000000000000100 ) ) ;
#2705 = DIRECTION ( 'NONE',  ( -1.000000000000000000, -0.0000000000000000000, -0.0000000000000000000 ) ) ;
#2706 = DIRECTION ( 'NONE',  ( 1.000000000000000000, 0.0000000000000000000, 0.0000000000000000000 ) ) ;
#2707 = APPLICATION_CONTEXT ( 'automotive_design' ) ;
#2708 = AXIS2_PLACEMENT_3D ( 'NONE', #1325, #1052, #2958 ) ;
#2709 = LINE ( 'NONE', #1566, #364 ) ;
#2710 = SURFACE_STYLE_USAGE ( .BOTH. , #3211 ) ;
#2711 = DIRECTION ( 'NONE',  ( -0.0000000000000000000, -0.0000000000000000000, -1.000000000000000000 ) ) ;
#2712 = ORIENTED_EDGE ( 'NONE', *, *, #2783, .T. ) ;
#2713 = ORIENTED_EDGE ( 'NONE', *, *, #2914, .F. ) ;
#2714 = VECTOR ( 'NONE', #2166, 1000.000000000000000 ) ;
#2715 = EDGE_LOOP ( 'NONE', ( #2518, #622, #2403, #1426 ) ) ;
#2716 = VERTEX_POINT ( 'NONE', #2576 ) ;
#2717 = ADVANCED_FACE ( 'NONE', ( #1689, #2158 ), #82, .F. ) ;
#2718 = CARTESIAN_POINT ( 'NONE',  ( 1.376329708439802600E-016, 1.123858494872200600, -4.099999999999999600 ) ) ;
#2719 = ORIENTED_EDGE ( 'NONE', *, *, #3027, .F. ) ;
#2720 = ORIENTED_EDGE ( 'NONE', *, *, #1190, .F. ) ;
#2721 = AXIS2_PLACEMENT_3D ( 'NONE', #321, #2244, #1685 ) ;
#2722 = DIRECTION ( 'NONE',  ( 1.000000000000000000, 0.0000000000000000000, 0.0000000000000000000 ) ) ;
#2723 = AXIS2_PLACEMENT_3D ( 'NONE', #995, #841, #3475 ) ;
#2724 = VERTEX_POINT ( 'NONE', #813 ) ;
#2725 = STYLED_ITEM ( 'NONE', ( #1229 ), #3403 ) ;
#2726 = PLANE ( 'NONE',  #1406 ) ;
#2727 = VECTOR ( 'NONE', #171, 1000.000000000000000 ) ;
#2728 = EDGE_CURVE ( 'NONE', #1171, #1537, #1615, .T. ) ;
#2729 = AXIS2_PLACEMENT_3D ( 'NONE', #2136, #796, #2655 ) ;
#2730 = DIRECTION ( 'NONE',  ( 1.000000000000000000, 0.0000000000000000000, 0.0000000000000000000 ) ) ;
#2731 = DIRECTION ( 'NONE',  ( -0.0000000000000000000, -0.0000000000000000000, 1.000000000000000000 ) ) ;
#2732 = CARTESIAN_POINT ( 'NONE',  ( 0.0000000000000000000, 0.0000000000000000000, -0.5597388654400544700 ) ) ;
#2733 =( REPRESENTATION_RELATIONSHIP ('NONE','NONE', #2910, #673 ) REPRESENTATION_RELATIONSHIP_WITH_TRANSFORMATION ( #1148 )SHAPE_REPRESENTATION_RELATIONSHIP( ) );
#2734 = ADVANCED_FACE ( 'NONE', ( #1766 ), #546, .F. ) ;
#2735 = CARTESIAN_POINT ( 'NONE',  ( 3.000000000000000000, 0.0000000000000000000, 1.229901415993585000E-012 ) ) ;
#2736 = DIRECTION ( 'NONE',  ( -0.0000000000000000000, -0.0000000000000000000, -1.000000000000000000 ) ) ;
#2737 = LINE ( 'NONE', #283, #1235 ) ;
#2738 = EDGE_CURVE ( 'NONE', #1751, #696, #401, .T. ) ;
#2739 = DIRECTION ( 'NONE',  ( 8.659560562355412300E-017, -0.7071067811865866500, -0.7071067811865083800 ) ) ;
#2740 = CARTESIAN_POINT ( 'NONE',  ( 0.0000000000000000000, 2.640586434242936700E-035, -8.300000000000002500 ) ) ;
#2741 = AXIS2_PLACEMENT_3D ( 'NONE', #3341, #688, #1734 ) ;
#2742 = LINE ( 'NONE', #847, #1729 ) ;
#2743 = DIRECTION ( 'NONE',  ( -0.0000000000000000000, -3.000666402548790900E-036, 1.000000000000000000 ) ) ;
#2744 = CYLINDRICAL_SURFACE ( 'NONE', #1086, 4.000000000000000000 ) ;
#2745 = UNCERTAINTY_MEASURE_WITH_UNIT (LENGTH_MEASURE( 1.000000000000000100E-005 ), #1974, 'distance_accuracy_value', 'NONE');
#2746 = ADVANCED_FACE ( 'NONE', ( #593 ), #3117, .F. ) ;
#2747 = CIRCLE ( 'NONE', #94, 3.098436789674861500 ) ;
#2748 = ORIENTED_EDGE ( 'NONE', *, *, #3040, .T. ) ;
#2749 = DIRECTION ( 'NONE',  ( -1.000000000000000000, 0.0000000000000000000, 0.0000000000000000000 ) ) ;
#2750 = ORIENTED_EDGE ( 'NONE', *, *, #576, .T. ) ;
#2751 = VECTOR ( 'NONE', #2399, 1000.000000000000000 ) ;
#2752 = EDGE_LOOP ( 'NONE', ( #2074, #163, #2315 ) ) ;
#2753 = CYLINDRICAL_SURFACE ( 'NONE', #2605, 2.250000000000000000 ) ;
#2754 = CARTESIAN_POINT ( 'NONE',  ( 0.0000000000000000000, 0.0000000000000000000, 0.0000000000000000000 ) ) ;
#2755 = ORIENTED_EDGE ( 'NONE', *, *, #3363, .F. ) ;
#2756 = ORIENTED_EDGE ( 'NONE', *, *, #2002, .T. ) ;
#2757 = DIRECTION ( 'NONE',  ( 1.000000000000000000, 0.0000000000000000000, 0.0000000000000000000 ) ) ;
#2758 = CLOSED_SHELL ( 'NONE', ( #2746, #263, #1797, #2242, #1976, #2159, #400, #2734, #1069, #498, #2204, #807, #2775, #2698, #2665, #3263, #1124, #989, #2219, #2684, #2430, #3243, #711, #1867, #243, #1616, #2183, #538, #1087, #2077, #3154, #1335 ) ) ;
#2759 = CARTESIAN_POINT ( 'NONE',  ( 3.349999999999999600, 0.0000000000000000000, 0.0000000000000000000 ) ) ;
#2760 = ORIENTED_EDGE ( 'NONE', *, *, #1091, .F. ) ;
#2761 = CARTESIAN_POINT ( 'NONE',  ( 0.0000000000000000000, 3.500000000000000000, 0.0000000000000000000 ) ) ;
#2762 = EDGE_CURVE ( 'NONE', #3437, #605, #2770, .T. ) ;
#2763 = FACE_OUTER_BOUND ( 'NONE', #618, .T. ) ;
#2764 = STYLED_ITEM ( 'NONE', ( #888 ), #2435 ) ;
#2765 = CARTESIAN_POINT ( 'NONE',  ( 0.0000000000000000000, 2.670593098268424800E-035, -8.400000000000000400 ) ) ;
#2766 = EDGE_CURVE ( 'NONE', #2277, #687, #237, .T. ) ;
#2767 = AXIS2_PLACEMENT_3D ( 'NONE', #3457, #1842, #207 ) ;
#2768 = ORIENTED_EDGE ( 'NONE', *, *, #2212, .F. ) ;
#2769 = DIRECTION ( 'NONE',  ( -0.0000000000000000000, -0.0000000000000000000, 1.000000000000000000 ) ) ;
#2770 = LINE ( 'NONE', #2804, #2328 ) ;
#2771 = EDGE_CURVE ( 'NONE', #3066, #869, #74, .T. ) ;
#2772 = CARTESIAN_POINT ( 'NONE',  ( 0.0000000000000000000, 0.0000000000000000000, -13.89999999999999500 ) ) ;
#2773 = CARTESIAN_POINT ( 'NONE',  ( 2.990401310861135400, 0.5999999999999998700, -11.30000000000000100 ) ) ;
#2774 = VECTOR ( 'NONE', #805, 1000.000000000000000 ) ;
#2775 = ADVANCED_FACE ( 'NONE', ( #2452, #2418 ), #1756, .F. ) ;
#2776 = DIRECTION ( 'NONE',  ( 1.000000000000000000, 0.0000000000000000000, 0.0000000000000000000 ) ) ;
#2777 = AXIS2_PLACEMENT_3D ( 'NONE', #2740, #3042, #1180 ) ;
#2778 = VECTOR ( 'NONE', #778, 1000.000000000000000 ) ;
#2779 = AXIS2_PLACEMENT_3D ( 'NONE', #2110, #1803, #1324 ) ;
#2780 = SURFACE_SIDE_STYLE ('',( #2857 ) ) ;
#2781 = VECTOR ( 'NONE', #1211, 1000.000000000000000 ) ;
#2782 = DIRECTION ( 'NONE',  ( 0.0000000000000000000, -1.000000000000000000, 0.0000000000000000000 ) ) ;
#2783 = EDGE_CURVE ( 'NONE', #2182, #104, #1951, .T. ) ;
#2784 = AXIS2_PLACEMENT_3D ( 'NONE', #2037, #1488, #2844 ) ;
#2785 = PRESENTATION_STYLE_ASSIGNMENT (( #1924 ) ) ;
#2786 = FILL_AREA_STYLE ('',( #107 ) ) ;
#2787 = VERTEX_POINT ( 'NONE', #435 ) ;
#2788 = DIRECTION ( 'NONE',  ( -0.0000000000000000000, -0.0000000000000000000, 1.000000000000000000 ) ) ;
#2789 = ORIENTED_EDGE ( 'NONE', *, *, #530, .T. ) ;
#2790 = EDGE_LOOP ( 'NONE', ( #3470, #924, #804, #384, #1028, #2935 ) ) ;
#2791 = DIRECTION ( 'NONE',  ( -0.0000000000000000000, -0.0000000000000000000, 1.000000000000000000 ) ) ;
#2792 = CYLINDRICAL_SURFACE ( 'NONE', #3082, 4.599999999999999600 ) ;
#2793 = ORIENTED_EDGE ( 'NONE', *, *, #1921, .T. ) ;
#2794 = FACE_OUTER_BOUND ( 'NONE', #1538, .T. ) ;
#2795 = EDGE_LOOP ( 'NONE', ( #3476, #1139, #3269, #2351 ) ) ;
#2796 = DIRECTION ( 'NONE',  ( -0.0000000000000000000, 1.000000000000000000, 0.0000000000000000000 ) ) ;
#2797 = VERTEX_POINT ( 'NONE', #730 ) ;
#2798 = EDGE_CURVE ( 'NONE', #1840, #2924, #3198, .T. ) ;
#2799 = ORIENTED_EDGE ( 'NONE', *, *, #2120, .F. ) ;
#2800 = CARTESIAN_POINT ( 'NONE',  ( 0.0000000000000000000, 0.0000000000000000000, -0.03944502358744703100 ) ) ;
#2801 = EDGE_LOOP ( 'NONE', ( #885, #1181, #3225, #2322 ) ) ;
#2802 = AXIS2_PLACEMENT_3D ( 'NONE', #2582, #1518, #3114 ) ;
#2803 = CIRCLE ( 'NONE', #2779, 4.099999999999999600 ) ;
#2804 = CARTESIAN_POINT ( 'NONE',  ( -1.501558338304084000, 0.0000000000000000000, -0.03944502358744703100 ) ) ;
#2805 = VERTEX_POINT ( 'NONE', #978 ) ;
#2806 = DIRECTION ( 'NONE',  ( -1.000000000000000000, 0.0000000000000000000, -0.0000000000000000000 ) ) ;
#2807 = EDGE_CURVE ( 'NONE', #1537, #1666, #2572, .T. ) ;
#2808 = DIRECTION ( 'NONE',  ( 0.0000000000000000000, 0.0000000000000000000, 1.000000000000000000 ) ) ;
#2809 = ORIENTED_EDGE ( 'NONE', *, *, #3227, .F. ) ;
#2810 = CARTESIAN_POINT ( 'NONE',  ( 0.0000000000000000000, 0.0000000000000000000, 0.0000000000000000000 ) ) ;
#2811 = ORIENTED_EDGE ( 'NONE', *, *, #37, .F. ) ;
#2812 = AXIS2_PLACEMENT_3D ( 'NONE', #1448, #73, #1185 ) ;
#2813 = DIRECTION ( 'NONE',  ( -1.000000000000000000, 0.0000000000000000000, 0.0000000000000000000 ) ) ;
#2814 = FACE_OUTER_BOUND ( 'NONE', #3214, .T. ) ;
#2815 = CIRCLE ( 'NONE', #2784, 3.500000000000000000 ) ;
#2816 = CIRCLE ( 'NONE', #432, 2.688489208633093200 ) ;
#2817 =( NAMED_UNIT ( * ) PLANE_ANGLE_UNIT ( ) SI_UNIT ( $, .RADIAN. ) );
#2818 = CARTESIAN_POINT ( 'NONE',  ( 3.000000000000000000, 0.0000000000000000000, 0.0000000000000000000 ) ) ;
#2819 = AXIS2_PLACEMENT_3D ( 'NONE', #2772, #1187, #369 ) ;
#2820 = SURFACE_STYLE_FILL_AREA ( #3277 ) ;
#2821 = AXIS2_PLACEMENT_3D ( 'NONE', #1515, #2345, #2331 ) ;
#2822 = ORIENTED_EDGE ( 'NONE', *, *, #2462, .T. ) ;
#2823 = STYLED_ITEM ( 'NONE', ( #92 ), #3307 ) ;
#2824 = DIRECTION ( 'NONE',  ( 0.0000000000000000000, 0.0000000000000000000, -1.000000000000000000 ) ) ;
#2825 = FACE_OUTER_BOUND ( 'NONE', #1435, .T. ) ;
#2826 = ORIENTED_EDGE ( 'NONE', *, *, #1310, .F. ) ;
#2827 = EDGE_CURVE ( 'NONE', #1498, #1380, #899, .T. ) ;
#2828 = AXIS2_PLACEMENT_3D ( 'NONE', #1320, #1584, #3447 ) ;
#2829 = FILL_AREA_STYLE ('',( #2570 ) ) ;
#2830 = EDGE_LOOP ( 'NONE', ( #2577, #1174 ) ) ;
#2831 = PLANE ( 'NONE',  #2696 ) ;
#2832 = ORIENTED_EDGE ( 'NONE', *, *, #67, .T. ) ;
#2833 = CARTESIAN_POINT ( 'NONE',  ( 0.0000000000000000000, 0.0000000000000000000, -95.00000000000000000 ) ) ;
#2834 = EDGE_LOOP ( 'NONE', ( #1595, #2179 ) ) ;
#2835 = EDGE_LOOP ( 'NONE', ( #3143, #1625 ) ) ;
#2836 = EDGE_CURVE ( 'NONE', #104, #1388, #3074, .T. ) ;
#2837 = ORIENTED_EDGE ( 'NONE', *, *, #2390, .F. ) ;
#2838 = DIRECTION ( 'NONE',  ( -0.0000000000000000000, -3.000666402548790900E-036, 1.000000000000000000 ) ) ;
#2839 = ORIENTED_EDGE ( 'NONE', *, *, #1014, .T. ) ;
#2840 = AXIS2_PLACEMENT_3D ( 'NONE', #1078, #2938, #1865 ) ;
#2841 = COLOUR_RGB ( '',0.7921568627450980000, 0.8196078431372548800, 0.9333333333333333500 ) ;
#2842 = DIRECTION ( 'NONE',  ( 1.000000000000000000, 0.0000000000000000000, 0.0000000000000000000 ) ) ;
#2843 = UNCERTAINTY_MEASURE_WITH_UNIT (LENGTH_MEASURE( 1.000000000000000100E-005 ), #632, 'distance_accuracy_value', 'NONE');
#2844 = DIRECTION ( 'NONE',  ( 1.000000000000000000, 0.0000000000000000000, 0.0000000000000000000 ) ) ;
#2845 = ADVANCED_FACE ( 'NONE', ( #496 ), #1156, .F. ) ;
#2846 = ORIENTED_EDGE ( 'NONE', *, *, #2660, .F. ) ;
#2847 = VECTOR ( 'NONE', #2318, 1000.000000000000000 ) ;
#2848 = CARTESIAN_POINT ( 'NONE',  ( 0.0000000000000000000, 1.350299881146956100E-035, -4.000000000000000000 ) ) ;
#2849 = AXIS2_PLACEMENT_3D ( 'NONE', #2372, #1940, #2502 ) ;
#2850 = CARTESIAN_POINT ( 'NONE',  ( 0.0000000000000000000, 0.0000000000000000000, -11.30000000000000100 ) ) ;
#2851 = CARTESIAN_POINT ( 'NONE',  ( 0.0000000000000000000, 1.123858494872200600, -4.099999999999999600 ) ) ;
#2852 =( NAMED_UNIT ( * ) SI_UNIT ( $, .STERADIAN. ) SOLID_ANGLE_UNIT ( ) );
#2853 = EDGE_CURVE ( 'NONE', #366, #1428, #2257, .T. ) ;
#2854 = DIRECTION ( 'NONE',  ( -0.0000000000000000000, -0.0000000000000000000, 1.000000000000000000 ) ) ;
#2855 = CARTESIAN_POINT ( 'NONE',  ( -3.749999999999999600, 4.592425496802574000E-016, -12.00000000000000000 ) ) ;
#2856 = DIRECTION ( 'NONE',  ( 1.000000000000000000, 0.0000000000000000000, 0.0000000000000000000 ) ) ;
#2857 = SURFACE_STYLE_FILL_AREA ( #345 ) ;
#2858 = DIRECTION ( 'NONE',  ( 0.0000000000000000000, -1.000000000000000000, 0.0000000000000000000 ) ) ;
#2859 = DIRECTION ( 'NONE',  ( 0.0000000000000000000, 0.0000000000000000000, -1.000000000000000000 ) ) ;
#2860 = LINE ( 'NONE', #2058, #155 ) ;
#2861 =( LENGTH_UNIT ( ) NAMED_UNIT ( * ) SI_UNIT ( .MILLI., .METRE. ) );
#2862 = CIRCLE ( 'NONE', #2164, 3.000000000000000000 ) ;
#2863 = DIRECTION ( 'NONE',  ( 0.0000000000000000000, 1.000000000000000000, 0.0000000000000000000 ) ) ;
#2864 = ADVANCED_FACE ( 'NONE', ( #3043 ), #3242, .F. ) ;
#2865 = MECHANICAL_DESIGN_GEOMETRIC_PRESENTATION_REPRESENTATION (  '', ( #1138 ), #839 ) ;
#2866 = CARTESIAN_POINT ( 'NONE',  ( 21.00000000000000000, 0.0000000000000000000, 0.0000000000000000000 ) ) ;
#2867 = DIRECTION ( 'NONE',  ( 0.0000000000000000000, 0.0000000000000000000, -1.000000000000000000 ) ) ;
#2868 = LINE ( 'NONE', #833, #940 ) ;
#2869 = LINE ( 'NONE', #1120, #3415 ) ;
#2870 = ORIENTED_EDGE ( 'NONE', *, *, #1239, .T. ) ;
#2871 = DIRECTION ( 'NONE',  ( -0.0000000000000000000, -0.0000000000000000000, 1.000000000000000000 ) ) ;
#2872 = ORIENTED_EDGE ( 'NONE', *, *, #1559, .T. ) ;
#2873 = ORIENTED_EDGE ( 'NONE', *, *, #174, .F. ) ;
#2874 = DIRECTION ( 'NONE',  ( 1.000000000000000000, 0.0000000000000000000, 0.0000000000000000000 ) ) ;
#2875 = EDGE_CURVE ( 'NONE', #1626, #1714, #449, .T. ) ;
#2876 = VECTOR ( 'NONE', #2423, 1000.000000000000000 ) ;
#2877 = ORIENTED_EDGE ( 'NONE', *, *, #893, .T. ) ;
#2878 = FACE_OUTER_BOUND ( 'NONE', #2439, .T. ) ;
#2879 = PRODUCT_DEFINITION_FORMATION_WITH_SPECIFIED_SOURCE ( 'ANY', '', #1465, .NOT_KNOWN. ) ;
#2880 = DIRECTION ( 'NONE',  ( -1.000000000000000000, -0.0000000000000000000, -0.0000000000000000000 ) ) ;
#2881 = ORIENTED_EDGE ( 'NONE', *, *, #367, .F. ) ;
#2882 = AXIS2_PLACEMENT_3D ( 'NONE', #414, #2039, #1510 ) ;
#2883 = DIRECTION ( 'NONE',  ( -0.0000000000000000000, -0.0000000000000000000, 1.000000000000000000 ) ) ;
#2884 = ORIENTED_EDGE ( 'NONE', *, *, #2672, .F. ) ;
#2885 = CARTESIAN_POINT ( 'NONE',  ( 0.6000000000000000900, 2.168524844220144100, -11.30000000000000100 ) ) ;
#2886 = CARTESIAN_POINT ( 'NONE',  ( -2.168524844220144100, 0.5999999999999998700, -11.30000000000000100 ) ) ;
#2887 = VERTEX_POINT ( 'NONE', #2101 ) ;
#2888 = CARTESIAN_POINT ( 'NONE',  ( -0.5999999999999997600, -2.168524844220144100, 0.001000000000001000100 ) ) ;
#2889 = ORIENTED_EDGE ( 'NONE', *, *, #2112, .T. ) ;
#2890 =( LENGTH_UNIT ( ) NAMED_UNIT ( * ) SI_UNIT ( .MILLI., .METRE. ) );
#2891 = ORIENTED_EDGE ( 'NONE', *, *, #1447, .T. ) ;
#2892 = SURFACE_STYLE_USAGE ( .BOTH. , #2378 ) ;
#2893 = DIRECTION ( 'NONE',  ( 1.000000000000000000, 0.0000000000000000000, 0.0000000000000000000 ) ) ;
#2894 = ORIENTED_EDGE ( 'NONE', *, *, #2071, .F. ) ;
#2895 = AXIS2_PLACEMENT_3D ( 'NONE', #3308, #634, #1167 ) ;
#2896 = AXIS2_PLACEMENT_3D ( 'NONE', #3024, #296, #3241 ) ;
#2897 = DIRECTION ( 'NONE',  ( 0.0000000000000000000, 0.0000000000000000000, -1.000000000000000000 ) ) ;
#2898 = MECHANICAL_DESIGN_GEOMETRIC_PRESENTATION_REPRESENTATION (  '', ( #2250 ), #2199 ) ;
#2899 = CARTESIAN_POINT ( 'NONE',  ( 3.500000000000000000, 0.0000000000000000000, 1.229901415993585000E-012 ) ) ;
#2900 = CONICAL_SURFACE ( 'NONE', #589, 0.4000000000000000200, 1.411855625223145600 ) ;
#2901 = DIRECTION ( 'NONE',  ( 0.0000000000000000000, 0.0000000000000000000, -1.000000000000000000 ) ) ;
#2902 = EDGE_CURVE ( 'NONE', #170, #1385, #1016, .T. ) ;
#2903 = AXIS2_PLACEMENT_3D ( 'NONE', #723, #453, #2362 ) ;
#2904 = DIRECTION ( 'NONE',  ( -0.0000000000000000000, -0.0000000000000000000, 1.000000000000000000 ) ) ;
#2905 = SHAPE_REPRESENTATION ( 'pen back', ( #402 ), #1162 ) ;
#2906 = CARTESIAN_POINT ( 'NONE',  ( 0.0000000000000000000, 0.0000000000000000000, 1.229901415993585000E-012 ) ) ;
#2907 = VECTOR ( 'NONE', #1898, 1000.000000000000000 ) ;
#2908 = CARTESIAN_POINT ( 'NONE',  ( 0.0000000000000000000, 0.0000000000000000000, -120.2000000000000000 ) ) ;
#2909 = CARTESIAN_POINT ( 'NONE',  ( -4.600000000000000500, 5.633375276077825100E-016, -95.00000000000000000 ) ) ;
#2910 = SHAPE_REPRESENTATION ( 'assembly pen 3 step', ( #773, #905, #356, #1293, #1467, #3436 ), #294 ) ;
#2911 = CIRCLE ( 'NONE', #499, 1.023858494872200700 ) ;
#2912 = CARTESIAN_POINT ( 'NONE',  ( 0.0000000000000000000, 0.0000000000000000000, -8.699999999999999300 ) ) ;
#2913 = CARTESIAN_POINT ( 'NONE',  ( 0.0000000000000000000, 0.0000000000000000000, -124.2000000000000000 ) ) ;
#2914 = EDGE_CURVE ( 'NONE', #3190, #481, #1276, .T. ) ;
#2915 =( NAMED_UNIT ( * ) PLANE_ANGLE_UNIT ( ) SI_UNIT ( $, .RADIAN. ) );
#2916 = ORIENTED_EDGE ( 'NONE', *, *, #3367, .T. ) ;
#2917 = ORIENTED_EDGE ( 'NONE', *, *, #865, .F. ) ;
#2918 = VERTEX_POINT ( 'NONE', #2643 ) ;
#2919 = CARTESIAN_POINT ( 'NONE',  ( -2.250000000000000000, 2.755455298081544300E-016, 1.229901415993585000E-012 ) ) ;
#2920 = ORIENTED_EDGE ( 'NONE', *, *, #1230, .F. ) ;
#2921 = AXIS2_PLACEMENT_3D ( 'NONE', #2565, #951, #3104 ) ;
#2922 = DIRECTION ( 'NONE',  ( 1.000000000000000000, 0.0000000000000000000, 0.0000000000000000000 ) ) ;
#2923 = CIRCLE ( 'NONE', #2117, 4.599999999999999600 ) ;
#2924 = VERTEX_POINT ( 'NONE', #1789 ) ;
#2925 = CARTESIAN_POINT ( 'NONE',  ( 0.0000000000000000000, 0.0000000000000000000, -8.699999999999999300 ) ) ;
#2926 = ADVANCED_FACE ( 'NONE', ( #2534, #1808 ), #2420, .F. ) ;
#2927 = CARTESIAN_POINT ( 'NONE',  ( 0.0000000000000000000, 3.500000000000000000, -5.000000000000000000 ) ) ;
#2928 = EDGE_LOOP ( 'NONE', ( #563, #2344, #912, #1678 ) ) ;
#2929 = PRODUCT_DEFINITION_FORMATION_WITH_SPECIFIED_SOURCE ( 'ANY', '', #354, .NOT_KNOWN. ) ;
#2930 = ORIENTED_EDGE ( 'NONE', *, *, #1603, .T. ) ;
#2931 = ORIENTED_EDGE ( 'NONE', *, *, #964, .F. ) ;
#2932 = DIRECTION ( 'NONE',  ( -0.0000000000000000000, -0.0000000000000000000, 1.000000000000000000 ) ) ;
#2933 = EDGE_LOOP ( 'NONE', ( #3107, #1664, #15, #3465 ) ) ;
#2934 = CARTESIAN_POINT ( 'NONE',  ( 2.168524844220144100, 0.5999999999999998700, -11.30000000000000100 ) ) ;
#2935 = ORIENTED_EDGE ( 'NONE', *, *, #1513, .F. ) ;
#2936 = ORIENTED_EDGE ( 'NONE', *, *, #2288, .F. ) ;
#2937 = CONTEXT_DEPENDENT_SHAPE_REPRESENTATION ( #2733, #3353 ) ;
#2938 = DIRECTION ( 'NONE',  ( 0.0000000000000000000, 3.000666402548790900E-036, -1.000000000000000000 ) ) ;
#2939 = CARTESIAN_POINT ( 'NONE',  ( 0.0000000000000000000, 0.0000000000000000000, -13.89999999999999500 ) ) ;
#2940 = EDGE_LOOP ( 'NONE', ( #375, #737, #536, #2342, #3294, #3218 ) ) ;
#2941 =( LENGTH_UNIT ( ) NAMED_UNIT ( * ) SI_UNIT ( .MILLI., .METRE. ) );
#2942 = DIRECTION ( 'NONE',  ( -0.0000000000000000000, -0.0000000000000000000, 1.000000000000000000 ) ) ;
#2943 = LINE ( 'NONE', #2027, #2847 ) ;
#2944 = DIRECTION ( 'NONE',  ( -0.0000000000000000000, -0.0000000000000000000, 1.000000000000000000 ) ) ;
#2945 = ADVANCED_FACE ( 'NONE', ( #38 ), #633, .T. ) ;
#2946 = DIRECTION ( 'NONE',  ( 1.000000000000000000, 0.0000000000000000000, 0.0000000000000000000 ) ) ;
#2947 = CARTESIAN_POINT ( 'NONE',  ( 0.0000000000000000000, 0.5000000000000000000, 1.500333201274395300E-036 ) ) ;
#2948 = EDGE_CURVE ( 'NONE', #605, #704, #3115, .T. ) ;
#2949 = DIRECTION ( 'NONE',  ( -0.0000000000000000000, -0.0000000000000000000, 1.000000000000000000 ) ) ;
#2950 = FACE_OUTER_BOUND ( 'NONE', #3427, .T. ) ;
#2951 = SHAPE_REPRESENTATION ( 'body', ( #402 ), #1346 ) ;
#2952 = PRESENTATION_LAYER_ASSIGNMENT (  '', '', ( #2764 ) ) ;
#2953 = DIRECTION ( 'NONE',  ( -0.0000000000000000000, -0.0000000000000000000, 1.000000000000000000 ) ) ;
#2954 = SURFACE_SIDE_STYLE ('',( #1401 ) ) ;
#2955 = EDGE_LOOP ( 'NONE', ( #3260, #469, #1476, #1870 ) ) ;
#2956 = CIRCLE ( 'NONE', #270, 1.501558338304084000 ) ;
#2957 = CARTESIAN_POINT ( 'NONE',  ( 3.749999999999999600, 0.0000000000000000000, -6.200000000000001100 ) ) ;
#2958 = DIRECTION ( 'NONE',  ( 1.000000000000000000, 0.0000000000000000000, 0.0000000000000000000 ) ) ;
#2959 = ORIENTED_EDGE ( 'NONE', *, *, #2798, .T. ) ;
#2960 = DIRECTION ( 'NONE',  ( 1.000000000000000000, 0.0000000000000000000, 0.0000000000000000000 ) ) ;
#2961 = CIRCLE ( 'NONE', #3284, 4.000000000000000000 ) ;
#2962 = ADVANCED_FACE ( 'NONE', ( #768 ), #2900, .F. ) ;
#2963 = FACE_BOUND ( 'NONE', #1790, .T. ) ;
#2964 = ORIENTED_EDGE ( 'NONE', *, *, #1902, .F. ) ;
#2965 = FILL_AREA_STYLE ('',( #278 ) ) ;
#2966 = DIRECTION ( 'NONE',  ( 7.006851755764505200E-015, -1.201378767579301400E-016, 1.000000000000000000 ) ) ;
#2967 = EDGE_LOOP ( 'NONE', ( #3283, #216, #136, #3334 ) ) ;
#2968 = EDGE_LOOP ( 'NONE', ( #1217, #1419, #1752, #3220 ) ) ;
#2969 = ORIENTED_EDGE ( 'NONE', *, *, #2948, .F. ) ;
#2970 = ORIENTED_EDGE ( 'NONE', *, *, #3040, .F. ) ;
#2971 = AXIS2_PLACEMENT_3D ( 'NONE', #2833, #439, #2856 ) ;
#2972 = CARTESIAN_POINT ( 'NONE',  ( 0.0000000000000000000, 0.0000000000000000000, -12.00000000000000000 ) ) ;
#2973 = AXIS2_PLACEMENT_3D ( 'NONE', #1344, #1041, #2681 ) ;
#2974 = ORIENTED_EDGE ( 'NONE', *, *, #2138, .F. ) ;
#2975 = CARTESIAN_POINT ( 'NONE',  ( 0.0000000000000000000, 0.0000000000000000000, -12.00000000000000000 ) ) ;
#2976 = VERTEX_POINT ( 'NONE', #2666 ) ;
#2977 = EDGE_CURVE ( 'NONE', #104, #1702, #1403, .T. ) ;
#2978 = AXIS2_PLACEMENT_3D ( 'NONE', #1102, #273, #2398 ) ;
#2979 = DIRECTION ( 'NONE',  ( 1.000000000000000000, 0.0000000000000000000, 0.0000000000000000000 ) ) ;
#2980 = DIRECTION ( 'NONE',  ( -0.0000000000000000000, -0.0000000000000000000, 1.000000000000000000 ) ) ;
#2981 = EDGE_LOOP ( 'NONE', ( #698, #2273 ) ) ;
#2982 = EDGE_LOOP ( 'NONE', ( #1353, #3103, #751, #1462 ) ) ;
#2983 = CIRCLE ( 'NONE', #926, 2.750000000000000000 ) ;
#2984 = DIRECTION ( 'NONE',  ( 1.000000000000000000, 0.0000000000000000000, 0.0000000000000000000 ) ) ;
#2985 = ADVANCED_FACE ( 'NONE', ( #1065, #2207 ), #2442, .F. ) ;
#2986 = CARTESIAN_POINT ( 'NONE',  ( 0.0000000000000000000, 4.218936961983600500E-034, -140.0999999999999900 ) ) ;
#2987 = DIRECTION ( 'NONE',  ( -0.0000000000000000000, -0.0000000000000000000, 1.000000000000000000 ) ) ;
#2988 = CARTESIAN_POINT ( 'NONE',  ( 0.0000000000000000000, 0.0000000000000000000, -124.2000000000000000 ) ) ;
#2989 = ORIENTED_EDGE ( 'NONE', *, *, #238, .T. ) ;
#2990 = EDGE_CURVE ( 'NONE', #104, #2182, #2693, .T. ) ;
#2991 = DIRECTION ( 'NONE',  ( 0.0000000000000000000, -1.000000000000000000, 0.0000000000000000000 ) ) ;
#2992 = AXIS2_PLACEMENT_3D ( 'NONE', #3395, #407, #118 ) ;
#2993 = CIRCLE ( 'NONE', #1562, 0.5000000000000000000 ) ;
#2994 = CARTESIAN_POINT ( 'NONE',  ( 0.0000000000000000000, 0.0000000000000000000, -94.50000000000000000 ) ) ;
#2995 = DIRECTION ( 'NONE',  ( -0.0000000000000000000, -0.0000000000000000000, 1.000000000000000000 ) ) ;
#2996 = FACE_OUTER_BOUND ( 'NONE', #1585, .T. ) ;
#2997 = CARTESIAN_POINT ( 'NONE',  ( 0.0000000000000000000, 2.670593098268424800E-035, -8.400000000000000400 ) ) ;
#2998 = EDGE_CURVE ( 'NONE', #3462, #1169, #2325, .T. ) ;
#2999 = DIRECTION ( 'NONE',  ( -1.000000000000000000, 0.0000000000000000000, 0.0000000000000000000 ) ) ;
#3000 = FACE_OUTER_BOUND ( 'NONE', #3010, .T. ) ;
#3001 = PRODUCT_RELATED_PRODUCT_CATEGORY ( 'part', '', ( #1465 ) ) ;
#3002 = ADVANCED_FACE ( 'NONE', ( #1321 ), #108, .F. ) ;
#3003 = DIRECTION ( 'NONE',  ( -0.0000000000000000000, -3.000666402548790900E-036, 1.000000000000000000 ) ) ;
#3004 = AXIS2_PLACEMENT_3D ( 'NONE', #1953, #2711, #861 ) ;
#3005 = FACE_OUTER_BOUND ( 'NONE', #2192, .T. ) ;
#3006 = VECTOR ( 'NONE', #922, 1000.000000000000100 ) ;
#3007 = ORIENTED_EDGE ( 'NONE', *, *, #309, .F. ) ;
#3008 = VERTEX_POINT ( 'NONE', #1594 ) ;
#3009 = CIRCLE ( 'NONE', #3147, 3.500000000000000000 ) ;
#3010 = EDGE_LOOP ( 'NONE', ( #2140, #2359, #47, #3130 ) ) ;
#3011 = DIRECTION ( 'NONE',  ( -0.0000000000000000000, -0.0000000000000000000, -1.000000000000000000 ) ) ;
#3012 = VECTOR ( 'NONE', #2262, 1000.000000000000000 ) ;
#3013 = PLANE ( 'NONE',  #2376 ) ;
#3014 = EDGE_LOOP ( 'NONE', ( #2306, #2239, #2034, #206 ) ) ;
#3015 = CARTESIAN_POINT ( 'NONE',  ( -3.250000000000000000, 3.980102097228897700E-016, 1.229901415993585000E-012 ) ) ;
#3016 = ORIENTED_EDGE ( 'NONE', *, *, #2702, .F. ) ;
#3017 = ORIENTED_EDGE ( 'NONE', *, *, #3483, .F. ) ;
#3018 = EDGE_CURVE ( 'NONE', #690, #3179, #1361, .T. ) ;
#3019 = ADVANCED_FACE ( 'NONE', ( #2055, #2814 ), #3177, .F. ) ;
#3020 = CARTESIAN_POINT ( 'NONE',  ( -3.041381265149109200, -0.5999999999999999800, -5.500000000000000900 ) ) ;
#3021 = ORIENTED_EDGE ( 'NONE', *, *, #3398, .F. ) ;
#3022 = AXIS2_PLACEMENT_3D ( 'NONE', #898, #365, #2782 ) ;
#3023 = ORIENTED_EDGE ( 'NONE', *, *, #1969, .T. ) ;
#3024 = CARTESIAN_POINT ( 'NONE',  ( 0.0000000000000000000, 0.0000000000000000000, -8.699999999999999300 ) ) ;
#3025 = ADVANCED_BREP_SHAPE_REPRESENTATION ( '', ( #3362, #402 ), #1346 ) ;
#3026 = ORIENTED_EDGE ( 'NONE', *, *, #1982, .F. ) ;
#3027 = EDGE_CURVE ( 'NONE', #2350, #2976, #590, .T. ) ;
#3028 = AXIS2_PLACEMENT_3D ( 'NONE', #440, #2370, #1318 ) ;
#3029 = ORIENTED_EDGE ( 'NONE', *, *, #2552, .F. ) ;
#3030 = CARTESIAN_POINT ( 'NONE',  ( 0.0000000000000000000, 0.0000000000000000000, -0.5597388654400544700 ) ) ;
#3031 = SHAPE_DEFINITION_REPRESENTATION ( #1695, #673 ) ;
#3032 = PRODUCT_CONTEXT ( 'NONE', #2191, 'mechanical' ) ;
#3033 = EDGE_LOOP ( 'NONE', ( #3259, #218, #310, #1308 ) ) ;
#3034 = PLANE ( 'NONE',  #1650 ) ;
#3035 = FILL_AREA_STYLE_COLOUR ( '', #301 ) ;
#3036 = ORIENTED_EDGE ( 'NONE', *, *, #1376, .T. ) ;
#3037 = SHAPE_REPRESENTATION_RELATIONSHIP ( 'NONE' , 'NONE' ,  #2951, #3025 ) ;
#3038 = DIRECTION ( 'NONE',  ( 1.000000000000000000, 0.0000000000000000000, 0.0000000000000000000 ) ) ;
#3039 = VECTOR ( 'NONE', #219, 1000.000000000000000 ) ;
#3040 = EDGE_CURVE ( 'NONE', #2379, #3340, #2289, .T. ) ;
#3041 = DIRECTION ( 'NONE',  ( -0.0000000000000000000, -0.0000000000000000000, 1.000000000000000000 ) ) ;
#3042 = DIRECTION ( 'NONE',  ( -0.0000000000000000000, -3.000666402548790900E-036, 1.000000000000000000 ) ) ;
#3043 = FACE_OUTER_BOUND ( 'NONE', #2968, .T. ) ;
#3044 = PRESENTATION_LAYER_ASSIGNMENT (  '', '', ( #2441 ) ) ;
#3045 = FACE_OUTER_BOUND ( 'NONE', #2955, .T. ) ;
#3046 = DIRECTION ( 'NONE',  ( 0.0000000000000000000, -1.000000000000000000, 0.0000000000000000000 ) ) ;
#3047 = VECTOR ( 'NONE', #3386, 999.9999999999998900 ) ;
#3048 = AXIS2_PLACEMENT_3D ( 'NONE', #2704, #1677, #2730 ) ;
#3049 = DIRECTION ( 'NONE',  ( -0.0000000000000000000, -3.000666402548790900E-036, 1.000000000000000000 ) ) ;
#3050 = LINE ( 'NONE', #2088, #3159 ) ;
#3051 = UNCERTAINTY_MEASURE_WITH_UNIT (LENGTH_MEASURE( 1.000000000000000100E-005 ), #2941, 'distance_accuracy_value', 'NONE');
#3052 = EDGE_CURVE ( 'NONE', #2924, #1840, #2993, .T. ) ;
#3053 = PRODUCT_DEFINITION_SHAPE ( 'NONE', 'NONE',  #2230 ) ;
#3054 = FACE_OUTER_BOUND ( 'NONE', #2602, .T. ) ;
#3055 = ORIENTED_EDGE ( 'NONE', *, *, #2038, .T. ) ;
#3056 = ORIENTED_EDGE ( 'NONE', *, *, #3018, .F. ) ;
#3057 =( NAMED_UNIT ( * ) SI_UNIT ( $, .STERADIAN. ) SOLID_ANGLE_UNIT ( ) );
#3058 = ORIENTED_EDGE ( 'NONE', *, *, #2527, .T. ) ;
#3059 = CIRCLE ( 'NONE', #2721, 3.500000000000000000 ) ;
#3060 = CARTESIAN_POINT ( 'NONE',  ( 0.0000000000000000000, 0.0000000000000000000, 0.0000000000000000000 ) ) ;
#3061 = CARTESIAN_POINT ( 'NONE',  ( 0.0000000000000000000, 4.218936961983600500E-034, -140.0999999999999900 ) ) ;
#3062 = VERTEX_POINT ( 'NONE', #36 ) ;
#3063 = DIRECTION ( 'NONE',  ( 1.000000000000000000, 0.0000000000000000000, 0.0000000000000000000 ) ) ;
#3064 = AXIS2_PLACEMENT_3D ( 'NONE', #1024, #2336, #1805 ) ;
#3065 = VERTEX_POINT ( 'NONE', #1112 ) ;
#3066 = VERTEX_POINT ( 'NONE', #592 ) ;
#3067 = EDGE_CURVE ( 'NONE', #1304, #1784, #2155, .T. ) ;
#3068 = PRODUCT_DEFINITION_FORMATION_WITH_SPECIFIED_SOURCE ( 'ANY', '', #669, .NOT_KNOWN. ) ;
#3069 = CARTESIAN_POINT ( 'NONE',  ( 3.049999999999999400, 0.0000000000000000000, -5.500000000000000900 ) ) ;
#3070 = LINE ( 'NONE', #1309, #1237 ) ;
#3071 = AXIS2_PLACEMENT_3D ( 'NONE', #313, #2482, #1900 ) ;
#3072 = CARTESIAN_POINT ( 'NONE',  ( 0.0000000000000000000, 0.0000000000000000000, 0.5000000000000000000 ) ) ;
#3073 = ORIENTED_EDGE ( 'NONE', *, *, #2587, .F. ) ;
#3074 = LINE ( 'NONE', #996, #148 ) ;
#3075 = DIRECTION ( 'NONE',  ( 1.000000000000000000, 0.0000000000000000000, 0.0000000000000000000 ) ) ;
#3076 = CARTESIAN_POINT ( 'NONE',  ( -3.250000000000000000, 3.980102097228897700E-016, -95.00000000000000000 ) ) ;
#3077 = LINE ( 'NONE', #1191, #361 ) ;
#3078 = DIRECTION ( 'NONE',  ( 0.0000000000000000000, 0.0000000000000000000, -1.000000000000000000 ) ) ;
#3079 = AXIS2_PLACEMENT_3D ( 'NONE', #79, #2499, #2749 ) ;
#3080 = FACE_OUTER_BOUND ( 'NONE', #830, .T. ) ;
#3081 = DIRECTION ( 'NONE',  ( 0.0000000000000000000, 0.0000000000000000000, -1.000000000000000000 ) ) ;
#3082 = AXIS2_PLACEMENT_3D ( 'NONE', #2906, #1904, #551 ) ;
#3083 = FACE_OUTER_BOUND ( 'NONE', #2795, .T. ) ;
#3084 = PRESENTATION_LAYER_ASSIGNMENT (  '', '', ( #2725 ) ) ;
#3085 = SURFACE_STYLE_USAGE ( .BOTH. , #3355 ) ;
#3086 = EDGE_CURVE ( 'NONE', #1197, #1702, #3442, .T. ) ;
#3087 = AXIS2_PLACEMENT_3D ( 'NONE', #678, #398, #110 ) ;
#3088 = CIRCLE ( 'NONE', #132, 1.399999999999999900 ) ;
#3089 = CIRCLE ( 'NONE', #1890, 3.000000000000000000 ) ;
#3090 = DIRECTION ( 'NONE',  ( 0.0000000000000000000, 1.000000000000000000, 0.0000000000000000000 ) ) ;
#3091 = ORIENTED_EDGE ( 'NONE', *, *, #382, .F. ) ;
#3092 = CIRCLE ( 'NONE', #3316, 2.688489208633093200 ) ;
#3093 = EDGE_LOOP ( 'NONE', ( #3126, #387, #433, #1140, #703, #2720 ) ) ;
#3094 = CONICAL_SURFACE ( 'NONE', #3187, 2.000000000000000000, 1.491824219053503600 ) ;
#3095 = CARTESIAN_POINT ( 'NONE',  ( 0.6000000000000000900, -2.990401310861135400, -5.500000000000000900 ) ) ;
#3096 = ORIENTED_EDGE ( 'NONE', *, *, #1956, .T. ) ;
#3097 = CARTESIAN_POINT ( 'NONE',  ( 3.049999999999999400, 0.0000000000000000000, -11.30000000000000100 ) ) ;
#3098 = ORIENTED_EDGE ( 'NONE', *, *, #3270, .F. ) ;
#3099 = EDGE_CURVE ( 'NONE', #1960, #920, #963, .T. ) ;
#3100 = DIRECTION ( 'NONE',  ( -0.0000000000000000000, -0.0000000000000000000, 1.000000000000000000 ) ) ;
#3101 = PRODUCT_DEFINITION_CONTEXT ( 'detailed design', #2493, 'design' ) ;
#3102 = ORIENTED_EDGE ( 'NONE', *, *, #1482, .F. ) ;
#3103 = ORIENTED_EDGE ( 'NONE', *, *, #2593, .F. ) ;
#3104 = DIRECTION ( 'NONE',  ( 0.0000000000000000000, 1.000000000000000000, 3.000666402548790900E-036 ) ) ;
#3105 = VERTEX_POINT ( 'NONE', #1399 ) ;
#3106 = AXIS2_PLACEMENT_3D ( 'NONE', #2573, #705, #968 ) ;
#3107 = ORIENTED_EDGE ( 'NONE', *, *, #1551, .T. ) ;
#3108 = DIRECTION ( 'NONE',  ( -0.07889004717489309100, 0.0000000000000000000, -0.9968833233918317200 ) ) ;
#3109 =( LENGTH_UNIT ( ) NAMED_UNIT ( * ) SI_UNIT ( .MILLI., .METRE. ) );
#3110 = VERTEX_POINT ( 'NONE', #292 ) ;
#3111 = PRODUCT_DEFINITION ( 'UNKNOWN', '', #945, #3101 ) ;
#3112 = DIRECTION ( 'NONE',  ( 1.000000000000000000, 0.0000000000000000000, 0.0000000000000000000 ) ) ;
#3113 = EDGE_LOOP ( 'NONE', ( #1337, #1930, #659, #1317, #1398, #2586, #684, #2393, #465, #1209, #2147, #2877, #3021, #1152, #2632, #3174, #1880 ) ) ;
#3114 = DIRECTION ( 'NONE',  ( -1.000000000000000000, 0.0000000000000000000, 0.0000000000000000000 ) ) ;
#3115 = CIRCLE ( 'NONE', #1638, 2.226494343631695300 ) ;
#3116 = UNCERTAINTY_MEASURE_WITH_UNIT (LENGTH_MEASURE( 1.000000000000000100E-005 ), #628, 'distance_accuracy_value', 'NONE');
#3117 = CYLINDRICAL_SURFACE ( 'NONE', #2356, 3.350000000000000500 ) ;
#3118 = VECTOR ( 'NONE', #2739, 1000.000000000000000 ) ;
#3119 = DIRECTION ( 'NONE',  ( 0.0000000000000000000, -0.0000000000000000000, 1.000000000000000000 ) ) ;
#3120 = PLANE ( 'NONE',  #2992 ) ;
#3121 = VECTOR ( 'NONE', #1791, 1000.000000000000000 ) ;
#3122 = CARTESIAN_POINT ( 'NONE',  ( -2.000000000000000000, 2.449293598294706400E-016, 0.0000000000000000000 ) ) ;
#3123 = LINE ( 'NONE', #938, #682 ) ;
#3124 = DIRECTION ( 'NONE',  ( -0.0000000000000000000, -0.0000000000000000000, 1.000000000000000000 ) ) ;
#3125 = EDGE_CURVE ( 'NONE', #648, #3105, #1611, .T. ) ;
#3126 = ORIENTED_EDGE ( 'NONE', *, *, #1424, .T. ) ;
#3127 =( GEOMETRIC_REPRESENTATION_CONTEXT ( 3 ) GLOBAL_UNCERTAINTY_ASSIGNED_CONTEXT ( ( #507 ) ) GLOBAL_UNIT_ASSIGNED_CONTEXT ( ( #106, #2000, #64 ) ) REPRESENTATION_CONTEXT ( 'NONE', 'WORKASPACE' ) );
#3128 = CARTESIAN_POINT ( 'NONE',  ( 0.6000000000000002000, 3.041381265149109200, 0.001000000000001000100 ) ) ;
#3129 = LINE ( 'NONE', #1731, #2431 ) ;
#3130 = ORIENTED_EDGE ( 'NONE', *, *, #1270, .F. ) ;
#3131 = VECTOR ( 'NONE', #360, 1000.000000000000000 ) ;
#3132 = ORIENTED_EDGE ( 'NONE', *, *, #749, .F. ) ;
#3133 = STYLED_ITEM ( 'NONE', ( #948 ), #3280 ) ;
#3134 = CARTESIAN_POINT ( 'NONE',  ( -3.098436789674861500, 0.0000000000000000000, -13.89999999999999500 ) ) ;
#3135 = ORIENTED_EDGE ( 'NONE', *, *, #2453, .F. ) ;
#3136 = ORIENTED_EDGE ( 'NONE', *, *, #3439, .F. ) ;
#3137 = CARTESIAN_POINT ( 'NONE',  ( 0.0000000000000000000, 0.0000000000000000000, 1.229901415993585000E-012 ) ) ;
#3138 = DIRECTION ( 'NONE',  ( 0.0000000000000000000, 0.0000000000000000000, -1.000000000000000000 ) ) ;
#3139 = CARTESIAN_POINT ( 'NONE',  ( 3.041381265149109200, -0.5999999999999993100, -12.00000000000000000 ) ) ;
#3140 = PLANE ( 'NONE',  #3418 ) ;
#3141 = ORIENTED_EDGE ( 'NONE', *, *, #2875, .F. ) ;
#3142 = CARTESIAN_POINT ( 'NONE',  ( -2.990401310861135400, -0.5999999999999999800, -11.30000000000000100 ) ) ;
#3143 = ORIENTED_EDGE ( 'NONE', *, *, #3067, .F. ) ;
#3144 = DIRECTION ( 'NONE',  ( 1.000000000000000000, 0.0000000000000000000, 0.0000000000000000000 ) ) ;
#3145 = AXIS2_PLACEMENT_3D ( 'NONE', #1818, #1331, #1561 ) ;
#3146 = DIRECTION ( 'NONE',  ( -0.0000000000000000000, -3.000666402548790900E-036, 1.000000000000000000 ) ) ;
#3147 = AXIS2_PLACEMENT_3D ( 'NONE', #2654, #2383, #2692 ) ;
#3148 = DIRECTION ( 'NONE',  ( -0.0000000000000000000, -0.0000000000000000000, 1.000000000000000000 ) ) ;
#3149 = UNCERTAINTY_MEASURE_WITH_UNIT (LENGTH_MEASURE( 1.000000000000000100E-005 ), #3237, 'distance_accuracy_value', 'NONE');
#3150 = VERTEX_POINT ( 'NONE', #2474 ) ;
#3151 = EDGE_CURVE ( 'NONE', #2918, #13, #672, .T. ) ;
#3152 = AXIS2_PLACEMENT_3D ( 'NONE', #1837, #775, #1060 ) ;
#3153 = CARTESIAN_POINT ( 'NONE',  ( 2.226494343631695300, 2.726669171248243200E-016, -9.199999999999999300 ) ) ;
#3154 = ADVANCED_FACE ( 'NONE', ( #1519 ), #1946, .T. ) ;
#3155 = DIRECTION ( 'NONE',  ( -0.0000000000000000000, -0.0000000000000000000, 1.000000000000000000 ) ) ;
#3156 = CARTESIAN_POINT ( 'NONE',  ( 0.0000000000000000000, 0.0000000000000000000, -6.200000000000001100 ) ) ;
#3157 = EDGE_CURVE ( 'NONE', #1126, #343, #2737, .T. ) ;
#3158 = CIRCLE ( 'NONE', #1590, 3.188489208633093600 ) ;
#3159 = VECTOR ( 'NONE', #1025, 1000.000000000000000 ) ;
#3160 =( LENGTH_UNIT ( ) NAMED_UNIT ( * ) SI_UNIT ( .MILLI., .METRE. ) );
#3161 = AXIS2_PLACEMENT_3D ( 'NONE', #2800, #373, #665 ) ;
#3162 = DIRECTION ( 'NONE',  ( -0.0000000000000000000, -3.000666402548790900E-036, 1.000000000000000000 ) ) ;
#3163 = CARTESIAN_POINT ( 'NONE',  ( 2.168524844220144100, -0.5999999999999999800, -11.30000000000000100 ) ) ;
#3164 = LINE ( 'NONE', #3289, #2464 ) ;
#3165 = CARTESIAN_POINT ( 'NONE',  ( 1.501558338304084000, 0.0000000000000000000, -0.03944502358744703100 ) ) ;
#3166 = CARTESIAN_POINT ( 'NONE',  ( 0.6000000000000000900, 2.990401310861135400, -5.500000000000000900 ) ) ;
#3167 = EDGE_CURVE ( 'NONE', #3066, #1304, #1564, .T. ) ;
#3168 = VECTOR ( 'NONE', #2157, 1000.000000000000000 ) ;
#3169 = ORIENTED_EDGE ( 'NONE', *, *, #1908, .F. ) ;
#3170 = DIRECTION ( 'NONE',  ( 1.000000000000000000, 0.0000000000000000000, 0.0000000000000000000 ) ) ;
#3171 = PLANE ( 'NONE',  #2266 ) ;
#3172 = SURFACE_SIDE_STYLE ('',( #1104 ) ) ;
#3173 = VERTEX_POINT ( 'NONE', #571 ) ;
#3174 = ORIENTED_EDGE ( 'NONE', *, *, #126, .T. ) ;
#3175 = AXIS2_PLACEMENT_3D ( 'NONE', #1417, #1682, #1172 ) ;
#3176 = CARTESIAN_POINT ( 'NONE',  ( -2.226494343631695300, 0.0000000000000000000, -9.199999999999999300 ) ) ;
#3177 = PLANE ( 'NONE',  #2767 ) ;
#3178 = ORIENTED_EDGE ( 'NONE', *, *, #3206, .T. ) ;
#3179 = VERTEX_POINT ( 'NONE', #2460 ) ;
#3180 = DIRECTION ( 'NONE',  ( -1.000000000000000000, 0.0000000000000000000, 0.0000000000000000000 ) ) ;
#3181 = EDGE_LOOP ( 'NONE', ( #942, #2005, #1036, #2025 ) ) ;
#3182 = CARTESIAN_POINT ( 'NONE',  ( -3.041381265149109200, -0.5999999999999999800, -5.500000000000000900 ) ) ;
#3183 = FACE_BOUND ( 'NONE', #2035, .T. ) ;
#3184 =( LENGTH_UNIT ( ) NAMED_UNIT ( * ) SI_UNIT ( .MILLI., .METRE. ) );
#3185 = CARTESIAN_POINT ( 'NONE',  ( -2.990401310861135400, 0.5999999999999998700, -11.30000000000000100 ) ) ;
#3186 = DIRECTION ( 'NONE',  ( 1.000000000000000000, 0.0000000000000000000, 0.0000000000000000000 ) ) ;
#3187 = AXIS2_PLACEMENT_3D ( 'NONE', #1453, #2316, #694 ) ;
#3188 = PLANE ( 'NONE',  #3440 ) ;
#3189 = EDGE_CURVE ( 'NONE', #799, #472, #2107, .T. ) ;
#3190 = VERTEX_POINT ( 'NONE', #1672 ) ;
#3191 = LINE ( 'NONE', #2015, #1896 ) ;
#3192 = AXIS2_PLACEMENT_3D ( 'NONE', #3405, #1046, #2659 ) ;
#3193 = DIRECTION ( 'NONE',  ( -1.000000000000000000, 0.0000000000000000000, -0.0000000000000000000 ) ) ;
#3194 = VECTOR ( 'NONE', #875, 1000.000000000000000 ) ;
#3195 = DIRECTION ( 'NONE',  ( 0.0000000000000000000, 0.0000000000000000000, 1.000000000000000000 ) ) ;
#3196 = EDGE_CURVE ( 'NONE', #1045, #1251, #1444, .T. ) ;
#3197 = AXIS2_PLACEMENT_3D ( 'NONE', #2927, #1330, #3193 ) ;
#3198 = CIRCLE ( 'NONE', #458, 0.5000000000000000000 ) ;
#3199 = DIRECTION ( 'NONE',  ( -0.0000000000000000000, -0.0000000000000000000, 1.000000000000000000 ) ) ;
#3200 = DIRECTION ( 'NONE',  ( 0.0000000000000000000, -1.000000000000000000, 0.0000000000000000000 ) ) ;
#3201 = CYLINDRICAL_SURFACE ( 'NONE', #2903, 3.049999999999999400 ) ;
#3202 = SURFACE_SIDE_STYLE ('',( #2377 ) ) ;
#3203 = CARTESIAN_POINT ( 'NONE',  ( 0.0000000000000000000, 0.0000000000000000000, 1.229901415993585000E-012 ) ) ;
#3204 = FACE_OUTER_BOUND ( 'NONE', #56, .T. ) ;
#3205 = ADVANCED_FACE ( 'NONE', ( #3356 ), #2569, .T. ) ;
#3206 = EDGE_CURVE ( 'NONE', #3340, #130, #720, .T. ) ;
#3207 = CARTESIAN_POINT ( 'NONE',  ( 0.0000000000000000000, 0.0000000000000000000, 0.0000000000000000000 ) ) ;
#3208 = LINE ( 'NONE', #2851, #2168 ) ;
#3209 = CARTESIAN_POINT ( 'NONE',  ( 0.0000000000000000000, 0.0000000000000000000, 0.5000000000000000000 ) ) ;
#3210 = PRODUCT_DEFINITION_SHAPE ( 'NONE', 'NONE',  #3494 ) ;
#3211 = SURFACE_SIDE_STYLE ('',( #1669 ) ) ;
#3212 = EDGE_LOOP ( 'NONE', ( #2826, #2870, #62, #960 ) ) ;
#3213 = AXIS2_PLACEMENT_3D ( 'NONE', #814, #234, #527 ) ;
#3214 = EDGE_LOOP ( 'NONE', ( #93, #1888 ) ) ;
#3215 = LINE ( 'NONE', #76, #3012 ) ;
#3216 = DIRECTION ( 'NONE',  ( 0.07889004717489316000, 9.661244375731661100E-018, -0.9968833233918317200 ) ) ;
#3217 = ORIENTED_EDGE ( 'NONE', *, *, #3347, .T. ) ;
#3218 = ORIENTED_EDGE ( 'NONE', *, *, #2738, .T. ) ;
#3219 = LINE ( 'NONE', #962, #3469 ) ;
#3220 = ORIENTED_EDGE ( 'NONE', *, *, #493, .F. ) ;
#3221 = ORIENTED_EDGE ( 'NONE', *, *, #2620, .F. ) ;
#3222 = DIRECTION ( 'NONE',  ( -0.0000000000000000000, -0.0000000000000000000, 1.000000000000000000 ) ) ;
#3223 = UNCERTAINTY_MEASURE_WITH_UNIT (LENGTH_MEASURE( 1.000000000000000100E-005 ), #2451, 'distance_accuracy_value', 'NONE');
#3224 =( NAMED_UNIT ( * ) SI_UNIT ( $, .STERADIAN. ) SOLID_ANGLE_UNIT ( ) );
#3225 = ORIENTED_EDGE ( 'NONE', *, *, #1603, .F. ) ;
#3226 = DIRECTION ( 'NONE',  ( 0.0000000000000000000, -1.000000000000000000, 0.0000000000000000000 ) ) ;
#3227 = EDGE_CURVE ( 'NONE', #2137, #1493, #1154, .T. ) ;
#3228 = ORIENTED_EDGE ( 'NONE', *, *, #2771, .F. ) ;
#3229 = ADVANCED_FACE ( 'NONE', ( #1852 ), #1899, .F. ) ;
#3230 = CARTESIAN_POINT ( 'NONE',  ( 0.0000000000000000000, 0.0000000000000000000, -5.500000000000000000 ) ) ;
#3231 = ORIENTED_EDGE ( 'NONE', *, *, #1058, .F. ) ;
#3232 = DIRECTION ( 'NONE',  ( -0.0000000000000000000, -3.000666402548790900E-036, 1.000000000000000000 ) ) ;
#3233 = DIRECTION ( 'NONE',  ( 1.000000000000000000, 0.0000000000000000000, 0.0000000000000000000 ) ) ;
#3234 = CYLINDRICAL_SURFACE ( 'NONE', #1942, 2.250000000000000400 ) ;
#3235 = DIRECTION ( 'NONE',  ( -0.0000000000000000000, -0.0000000000000000000, 1.000000000000000000 ) ) ;
#3236 =( LENGTH_UNIT ( ) NAMED_UNIT ( * ) SI_UNIT ( .MILLI., .METRE. ) );
#3237 =( LENGTH_UNIT ( ) NAMED_UNIT ( * ) SI_UNIT ( .MILLI., .METRE. ) );
#3238 = LINE ( 'NONE', #2517, #1631 ) ;
#3239 = CARTESIAN_POINT ( 'NONE',  ( 2.726494343631696200, 3.338992570821921000E-016, -9.199999999999999300 ) ) ;
#3240 = EDGE_CURVE ( 'NONE', #696, #1456, #3313, .T. ) ;
#3241 = DIRECTION ( 'NONE',  ( 1.000000000000000000, 0.0000000000000000000, 0.0000000000000000000 ) ) ;
#3242 = CYLINDRICAL_SURFACE ( 'NONE', #1020, 3.750000000000000000 ) ;
#3243 = ADVANCED_FACE ( 'NONE', ( #2532 ), #662, .F. ) ;
#3244 = CARTESIAN_POINT ( 'NONE',  ( 0.0000000000000000000, -1.123858494872200600, -4.099999999999999600 ) ) ;
#3245 = DIRECTION ( 'NONE',  ( 1.000000000000000000, 0.0000000000000000000, 0.0000000000000000000 ) ) ;
#3246 = LINE ( 'NONE', #1799, #77 ) ;
#3247 = APPLICATION_PROTOCOL_DEFINITION ( 'draft international standard', 'automotive_design', 1998, #2450 ) ;
#3248 = LINE ( 'NONE', #2214, #362 ) ;
#3249 = CARTESIAN_POINT ( 'NONE',  ( -0.5999999999999998700, 2.168524844220144100, -5.500000000000000900 ) ) ;
#3250 = CARTESIAN_POINT ( 'NONE',  ( 0.0000000000000000000, 0.0000000000000000000, -119.7000000000000000 ) ) ;
#3251 = CARTESIAN_POINT ( 'NONE',  ( -2.168524844220144100, 0.5999999999999998700, 0.001000000000001000100 ) ) ;
#3252 = VECTOR ( 'NONE', #3078, 1000.000000000000000 ) ;
#3253 = DIRECTION ( 'NONE',  ( 1.000000000000000000, 0.0000000000000000000, 0.0000000000000000000 ) ) ;
#3254 = LINE ( 'NONE', #59, #2544 ) ;
#3255 = CARTESIAN_POINT ( 'NONE',  ( 0.0000000000000000000, 2.640586434242936700E-035, -8.300000000000002500 ) ) ;
#3256 = ORIENTED_EDGE ( 'NONE', *, *, #2283, .F. ) ;
#3257 = PRODUCT_CONTEXT ( 'NONE', #240, 'mechanical' ) ;
#3258 = VERTEX_POINT ( 'NONE', #2548 ) ;
#3259 = ORIENTED_EDGE ( 'NONE', *, *, #1921, .F. ) ;
#3260 = ORIENTED_EDGE ( 'NONE', *, *, #2783, .F. ) ;
#3261 = FACE_OUTER_BOUND ( 'NONE', #526, .T. ) ;
#3262 = MECHANICAL_DESIGN_GEOMETRIC_PRESENTATION_REPRESENTATION (  '', ( #666 ), #352 ) ;
#3263 = ADVANCED_FACE ( 'NONE', ( #1495 ), #129, .F. ) ;
#3264 = DIRECTION ( 'NONE',  ( -0.0000000000000000000, -3.000666402548790900E-036, 1.000000000000000000 ) ) ;
#3265 = LINE ( 'NONE', #650, #1542 ) ;
#3266 = EDGE_LOOP ( 'NONE', ( #372, #27, #1636, #1431 ) ) ;
#3267 = AXIS2_PLACEMENT_3D ( 'NONE', #3207, #1613, #523 ) ;
#3268 = CARTESIAN_POINT ( 'NONE',  ( 0.0000000000000000000, 0.0000000000000000000, 0.5000000000000000000 ) ) ;
#3269 = ORIENTED_EDGE ( 'NONE', *, *, #931, .T. ) ;
#3270 = EDGE_CURVE ( 'NONE', #2669, #708, #3238, .T. ) ;
#3271 = PRESENTATION_LAYER_ASSIGNMENT (  '', '', ( #1048 ) ) ;
#3272 = DIRECTION ( 'NONE',  ( 1.209210732419297000E-016, -0.9873954949796108800, -0.1582723491137002800 ) ) ;
#3273 = CARTESIAN_POINT ( 'NONE',  ( 3.500000000000000000, 0.0000000000000000000, 0.0000000000000000000 ) ) ;
#3274 = ORIENTED_EDGE ( 'NONE', *, *, #1614, .T. ) ;
#3275 = ORIENTED_EDGE ( 'NONE', *, *, #762, .F. ) ;
#3276 = DIRECTION ( 'NONE',  ( 1.000000000000000000, 0.0000000000000000000, 0.0000000000000000000 ) ) ;
#3277 = FILL_AREA_STYLE ('',( #1945 ) ) ;
#3278 = ORIENTED_EDGE ( 'NONE', *, *, #2080, .F. ) ;
#3279 = EDGE_CURVE ( 'NONE', #2317, #1970, #2231, .T. ) ;
#3280 = ADVANCED_FACE ( 'NONE', ( #2555 ), #1591, .F. ) ;
#3281 = CARTESIAN_POINT ( 'NONE',  ( -0.5999999999999998700, -3.041381265149109200, 0.001000000000001000100 ) ) ;
#3282 = CARTESIAN_POINT ( 'NONE',  ( -2.750000000000000000, 3.367778697655221000E-016, -94.50000000000000000 ) ) ;
#3283 = ORIENTED_EDGE ( 'NONE', *, *, #80, .T. ) ;
#3284 = AXIS2_PLACEMENT_3D ( 'NONE', #1256, #1832, #1277 ) ;
#3285 = CARTESIAN_POINT ( 'NONE',  ( 0.0000000000000000000, 4.600000000000000500, -95.00000000000000000 ) ) ;
#3286 = DIRECTION ( 'NONE',  ( 0.0000000000000000000, 3.000666402548790900E-036, -1.000000000000000000 ) ) ;
#3287 = LINE ( 'NONE', #1434, #2113 ) ;
#3288 = PRODUCT_DEFINITION ( 'UNKNOWN', '', #1071, #915 ) ;
#3289 = CARTESIAN_POINT ( 'NONE',  ( 2.168524844220144100, 0.5999999999999998700, -5.500000000000000900 ) ) ;
#3290 = APPLICATION_PROTOCOL_DEFINITION ( 'draft international standard', 'automotive_design', 1998, #858 ) ;
#3291 = FACE_OUTER_BOUND ( 'NONE', #3266, .T. ) ;
#3292 = FACE_OUTER_BOUND ( 'NONE', #695, .T. ) ;
#3293 = LINE ( 'NONE', #213, #2751 ) ;
#3294 = ORIENTED_EDGE ( 'NONE', *, *, #1947, .T. ) ;
#3295 = CARTESIAN_POINT ( 'NONE',  ( 21.00000000000000000, 0.0000000000000000000, 0.0000000000000000000 ) ) ;
#3296 = SURFACE_STYLE_USAGE ( .BOTH. , #1723 ) ;
#3297 = ORIENTED_EDGE ( 'NONE', *, *, #1437, .F. ) ;
#3298 = ORIENTED_EDGE ( 'NONE', *, *, #1133, .F. ) ;
#3299 = CARTESIAN_POINT ( 'NONE',  ( 0.0000000000000000000, 0.0000000000000000000, 0.001000000000001000100 ) ) ;
#3300 = APPLICATION_CONTEXT ( 'automotive_design' ) ;
#3301 = ORIENTED_EDGE ( 'NONE', *, *, #2827, .T. ) ;
#3302 = EDGE_CURVE ( 'NONE', #799, #878, #380, .T. ) ;
#3303 = ORIENTED_EDGE ( 'NONE', *, *, #57, .F. ) ;
#3304 = STYLED_ITEM ( 'NONE', ( #276 ), #918 ) ;
#3305 = SURFACE_SIDE_STYLE ('',( #984 ) ) ;
#3306 = ORIENTED_EDGE ( 'NONE', *, *, #1727, .F. ) ;
#3307 = ADVANCED_FACE ( 'NONE', ( #990 ), #1830, .T. ) ;
#3308 = CARTESIAN_POINT ( 'NONE',  ( 0.0000000000000000000, 1.350299881146956100E-035, -4.000000000000000000 ) ) ;
#3309 = LINE ( 'NONE', #2919, #3392 ) ;
#3310 = DIRECTION ( 'NONE',  ( -1.000000000000000000, -0.0000000000000000000, -0.0000000000000000000 ) ) ;
#3311 = DIRECTION ( 'NONE',  ( -1.000000000000000000, 1.224646799147353200E-016, 3.674756505190380100E-052 ) ) ;
#3312 = CARTESIAN_POINT ( 'NONE',  ( 1.376329708439802600E-016, -1.123858494872200600, -4.099999999999999600 ) ) ;
#3313 = LINE ( 'NONE', #337, #2607 ) ;
#3314 = CARTESIAN_POINT ( 'NONE',  ( 0.0000000000000000000, 0.0000000000000000000, 0.0000000000000000000 ) ) ;
#3315 = AXIS2_PLACEMENT_3D ( 'NONE', #3388, #1778, #3138 ) ;
#3316 = AXIS2_PLACEMENT_3D ( 'NONE', #2925, #809, #769 ) ;
#3317 =( NAMED_UNIT ( * ) SI_UNIT ( $, .STERADIAN. ) SOLID_ANGLE_UNIT ( ) );
#3318 = CIRCLE ( 'NONE', #1514, 3.250000000000000000 ) ;
#3319 = DIRECTION ( 'NONE',  ( -0.0000000000000000000, -0.0000000000000000000, 1.000000000000000000 ) ) ;
#3320 = ORIENTED_EDGE ( 'NONE', *, *, #2738, .F. ) ;
#3321 = EDGE_CURVE ( 'NONE', #1430, #914, #3265, .T. ) ;
#3322 = AXIS2_PLACEMENT_3D ( 'NONE', #709, #660, #1236 ) ;
#3323 = DIRECTION ( 'NONE',  ( -0.0000000000000000000, -0.0000000000000000000, 1.000000000000000000 ) ) ;
#3324 = CARTESIAN_POINT ( 'NONE',  ( 0.0000000000000000000, 0.0000000000000000000, 4.250000000000000000 ) ) ;
#3325 = LINE ( 'NONE', #2314, #2618 ) ;
#3326 = CARTESIAN_POINT ( 'NONE',  ( 1.714505518806294400E-016, 1.399999999999999900, -8.400000000000000400 ) ) ;
#3327 = CYLINDRICAL_SURFACE ( 'NONE', #1314, 1.123858494872200600 ) ;
#3328 = CIRCLE ( 'NONE', #2440, 1.123858494872200600 ) ;
#3329 = ORIENTED_EDGE ( 'NONE', *, *, #1447, .F. ) ;
#3330 = ORIENTED_EDGE ( 'NONE', *, *, #2319, .F. ) ;
#3331 = EDGE_LOOP ( 'NONE', ( #2296, #2241, #1700, #1592 ) ) ;
#3332 = SURFACE_SIDE_STYLE ('',( #254 ) ) ;
#3333 = VECTOR ( 'NONE', #261, 1000.000000000000000 ) ;
#3334 = ORIENTED_EDGE ( 'NONE', *, *, #2112, .F. ) ;
#3335 = VERTEX_POINT ( 'NONE', #383 ) ;
#3336 = CIRCLE ( 'NONE', #2895, 0.5000000000000000000 ) ;
#3337 = EDGE_CURVE ( 'NONE', #882, #1715, #2923, .T. ) ;
#3338 = DIRECTION ( 'NONE',  ( -0.0000000000000000000, -0.0000000000000000000, 1.000000000000000000 ) ) ;
#3339 = CARTESIAN_POINT ( 'NONE',  ( 3.041381265149109200, 0.5999999999999998700, -5.500000000000000900 ) ) ;
#3340 = VERTEX_POINT ( 'NONE', #2340 ) ;
#3341 = CARTESIAN_POINT ( 'NONE',  ( 0.0000000000000000000, 0.0000000000000000000, 0.0000000000000000000 ) ) ;
#3342 = MECHANICAL_DESIGN_GEOMETRIC_PRESENTATION_REPRESENTATION (  '', ( #1010 ), #1486 ) ;
#3343 = ORIENTED_EDGE ( 'NONE', *, *, #1118, .F. ) ;
#3344 = PRODUCT ( 'pen front', 'pen front', '', ( #287 ) ) ;
#3345 = VERTEX_POINT ( 'NONE', #2329 ) ;
#3346 = CARTESIAN_POINT ( 'NONE',  ( -3.000000000000000000, 3.673940397442059900E-016, -5.500000000000000000 ) ) ;
#3347 = EDGE_CURVE ( 'NONE', #130, #2040, #2133, .T. ) ;
#3348 = DIRECTION ( 'NONE',  ( 0.0000000000000000000, 1.000000000000000000, 3.000666402548790600E-036 ) ) ;
#3349 = ORIENTED_EDGE ( 'NONE', *, *, #1717, .T. ) ;
#3350 =( LENGTH_UNIT ( ) NAMED_UNIT ( * ) SI_UNIT ( .MILLI., .METRE. ) );
#3351 = AXIS2_PLACEMENT_3D ( 'NONE', #1265, #2893, #767 ) ;
#3352 = DIRECTION ( 'NONE',  ( 0.0000000000000000000, 0.0000000000000000000, -1.000000000000000000 ) ) ;
#3353 = PRODUCT_DEFINITION_SHAPE ( 'NONE', 'NONE',  #3493 ) ;
#3354 = EDGE_LOOP ( 'NONE', ( #1032, #2171 ) ) ;
#3355 = SURFACE_SIDE_STYLE ('',( #338 ) ) ;
#3356 = FACE_OUTER_BOUND ( 'NONE', #304, .T. ) ;
#3357 =( NAMED_UNIT ( * ) PLANE_ANGLE_UNIT ( ) SI_UNIT ( $, .RADIAN. ) );
#3358 = PLANE ( 'NONE',  #1724 ) ;
#3359 = DIRECTION ( 'NONE',  ( 1.000000000000000000, 0.0000000000000000000, 0.0000000000000000000 ) ) ;
#3360 = EDGE_CURVE ( 'NONE', #2797, #1302, #3219, .T. ) ;
#3361 = FACE_OUTER_BOUND ( 'NONE', #2175, .T. ) ;
#3362 = MANIFOLD_SOLID_BREP ( 'Revolve1', #1698 ) ;
#3363 = EDGE_CURVE ( 'NONE', #2805, #1247, #1706, .T. ) ;
#3364 = LINE ( 'NONE', #2051, #3047 ) ;
#3365 = PRESENTATION_LAYER_ASSIGNMENT (  '', '', ( #3304 ) ) ;
#3366 = CARTESIAN_POINT ( 'NONE',  ( 0.0000000000000000000, 0.0000000000000000000, 0.0000000000000000000 ) ) ;
#3367 = EDGE_CURVE ( 'NONE', #2484, #3345, #2346, .T. ) ;
#3368 = AXIS2_PLACEMENT_3D ( 'NONE', #2417, #2406, #3226 ) ;
#3369 = FACE_OUTER_BOUND ( 'NONE', #2928, .T. ) ;
#3370 = CARTESIAN_POINT ( 'NONE',  ( 0.0000000000000000000, 0.0000000000000000000, -0.5597388654400544700 ) ) ;
#3371 = CARTESIAN_POINT ( 'NONE',  ( 0.0000000000000000000, 4.099999999999999600, -94.50000000000000000 ) ) ;
#3372 = CIRCLE ( 'NONE', #1359, 2.726494343631696200 ) ;
#3373 = ORIENTED_EDGE ( 'NONE', *, *, #1163, .F. ) ;
#3374 = LINE ( 'NONE', #619, #1081 ) ;
#3375 = UNCERTAINTY_MEASURE_WITH_UNIT (LENGTH_MEASURE( 1.000000000000000100E-005 ), #2374, 'distance_accuracy_value', 'NONE');
#3376 = ORIENTED_EDGE ( 'NONE', *, *, #2310, .T. ) ;
#3377 = ADVANCED_FACE ( 'NONE', ( #611 ), #1704, .T. ) ;
#3378 = COLOUR_RGB ( '',1.000000000000000000, 1.000000000000000000, 1.000000000000000000 ) ;
#3379 = EDGE_LOOP ( 'NONE', ( #3477, #1504, #991, #2873 ) ) ;
#3380 = ORIENTED_EDGE ( 'NONE', *, *, #3363, .T. ) ;
#3381 = EDGE_LOOP ( 'NONE', ( #2282, #1804, #2811, #1707 ) ) ;
#3382 = EDGE_CURVE ( 'NONE', #3462, #1666, #445, .T. ) ;
#3383 = DIRECTION ( 'NONE',  ( -0.0000000000000000000, -3.000666402548790900E-036, 1.000000000000000000 ) ) ;
#3384 = DIRECTION ( 'NONE',  ( 1.000000000000000000, 0.0000000000000000000, 0.0000000000000000000 ) ) ;
#3385 = ORIENTED_EDGE ( 'NONE', *, *, #2489, .F. ) ;
#3386 = DIRECTION ( 'NONE',  ( 0.07889004717489309100, 9.661244375731651900E-018, -0.9968833233918317200 ) ) ;
#3387 =( GEOMETRIC_REPRESENTATION_CONTEXT ( 3 ) GLOBAL_UNCERTAINTY_ASSIGNED_CONTEXT ( ( #616 ) ) GLOBAL_UNIT_ASSIGNED_CONTEXT ( ( #3350, #2817, #2595 ) ) REPRESENTATION_CONTEXT ( 'NONE', 'WORKASPACE' ) );
#3388 = CARTESIAN_POINT ( 'NONE',  ( 21.00000000000000000, 0.0000000000000000000, 0.0000000000000000000 ) ) ;
#3389 = VERTEX_POINT ( 'NONE', #3097 ) ;
#3390 = DIRECTION ( 'NONE',  ( 1.000000000000000000, 0.0000000000000000000, 0.0000000000000000000 ) ) ;
#3391 = DIRECTION ( 'NONE',  ( 1.000000000000000000, 0.0000000000000000000, 0.0000000000000000000 ) ) ;
#3392 = VECTOR ( 'NONE', #1008, 1000.000000000000000 ) ;
#3393 = DIRECTION ( 'NONE',  ( 0.0000000000000000000, -1.000000000000000000, 0.0000000000000000000 ) ) ;
#3394 = AXIS2_PLACEMENT_3D ( 'NONE', #761, #2637, #3438 ) ;
#3395 = CARTESIAN_POINT ( 'NONE',  ( 0.0000000000000000000, 2.226494343631695300, -9.199999999999999300 ) ) ;
#3396 = ADVANCED_FACE ( 'NONE', ( #2529, #1686 ), #137, .F. ) ;
#3397 = DIRECTION ( 'NONE',  ( 1.000000000000000000, 0.0000000000000000000, 0.0000000000000000000 ) ) ;
#3398 = EDGE_CURVE ( 'NONE', #3062, #466, #2943, .T. ) ;
#3399 = SHAPE_REPRESENTATION_RELATIONSHIP ( 'NONE' , 'NONE' ,  #625, #268 ) ;
#3400 = CARTESIAN_POINT ( 'NONE',  ( 0.0000000000000000000, 0.0000000000000000000, 0.0000000000000000000 ) ) ;
#3401 = CARTESIAN_POINT ( 'NONE',  ( 21.00000000000000000, 4.592425496802573000E-016, -3.750000000000000000 ) ) ;
#3402 = DIRECTION ( 'NONE',  ( 0.0000000000000000000, 0.9873954949796108800, -0.1582723491137002800 ) ) ;
#3403 = ADVANCED_BREP_SHAPE_REPRESENTATION ( '', ( #1249, #402 ), #2656 ) ;
#3404 = CARTESIAN_POINT ( 'NONE',  ( 0.6000000000000000900, 2.168524844220144100, 0.001000000000001000100 ) ) ;
#3405 = CARTESIAN_POINT ( 'NONE',  ( 21.00000000000000000, 0.0000000000000000000, 0.0000000000000000000 ) ) ;
#3406 = DIRECTION ( 'NONE',  ( -0.0000000000000000000, -0.0000000000000000000, 1.000000000000000000 ) ) ;
#3407 = VECTOR ( 'NONE', #1042, 1000.000000000000000 ) ;
#3408 = DIRECTION ( 'NONE',  ( 0.0000000000000000000, -1.000000000000000000, 0.0000000000000000000 ) ) ;
#3409 = DIRECTION ( 'NONE',  ( -0.0000000000000000000, -0.0000000000000000000, 1.000000000000000000 ) ) ;
#3410 = FACE_OUTER_BOUND ( 'NONE', #54, .T. ) ;
#3411 = EDGE_CURVE ( 'NONE', #1258, #1463, #69, .T. ) ;
#3412 = DIRECTION ( 'NONE',  ( 0.0000000000000000000, 0.0000000000000000000, -1.000000000000000000 ) ) ;
#3413 = FILL_AREA_STYLE_COLOUR ( '', #2841 ) ;
#3414 = PRESENTATION_STYLE_ASSIGNMENT (( #3296 ) ) ;
#3415 = VECTOR ( 'NONE', #2731, 1000.000000000000000 ) ;
#3416 = EDGE_LOOP ( 'NONE', ( #2305, #2832, #2592, #871 ) ) ;
#3417 = ORIENTED_EDGE ( 'NONE', *, *, #399, .T. ) ;
#3418 = AXIS2_PLACEMENT_3D ( 'NONE', #3404, #1121, #856 ) ;
#3419 = CIRCLE ( 'NONE', #1182, 0.4000000000000000200 ) ;
#3420 = EDGE_LOOP ( 'NONE', ( #790, #489, #1395 ) ) ;
#3421 = CARTESIAN_POINT ( 'NONE',  ( 0.0000000000000000000, 0.0000000000000000000, -120.2000000000000000 ) ) ;
#3422 = CONICAL_SURFACE ( 'NONE', #3079, 2.726494343631696200, 0.07897210774139221100 ) ;
#3423 = DIRECTION ( 'NONE',  ( 1.000000000000000000, 0.0000000000000000000, 0.0000000000000000000 ) ) ;
#3424 = EDGE_LOOP ( 'NONE', ( #46, #2033, #1316, #1679 ) ) ;
#3425 = CARTESIAN_POINT ( 'NONE',  ( 0.0000000000000000000, 0.0000000000000000000, -0.03944502358744703100 ) ) ;
#3426 = CARTESIAN_POINT ( 'NONE',  ( 1.714505518806294400E-016, 1.399999999999999900, -140.0000000000000000 ) ) ;
#3427 = EDGE_LOOP ( 'NONE', ( #3349, #1642, #909, #832, #1535, #3417 ) ) ;
#3428 = ORIENTED_EDGE ( 'NONE', *, *, #1757, .F. ) ;
#3429 =( NAMED_UNIT ( * ) PLANE_ANGLE_UNIT ( ) SI_UNIT ( $, .RADIAN. ) );
#3430 = AXIS2_PLACEMENT_3D ( 'NONE', #3299, #1155, #2233 ) ;
#3431 = LINE ( 'NONE', #2408, #2727 ) ;
#3432 = CARTESIAN_POINT ( 'NONE',  ( -3.041381265149109200, -0.5999999999999999800, -11.30000000000000100 ) ) ;
#3433 =( GEOMETRIC_REPRESENTATION_CONTEXT ( 3 ) GLOBAL_UNCERTAINTY_ASSIGNED_CONTEXT ( ( #1500 ) ) GLOBAL_UNIT_ASSIGNED_CONTEXT ( ( #305, #1659, #2236 ) ) REPRESENTATION_CONTEXT ( 'NONE', 'WORKASPACE' ) );
#3434 = ORIENTED_EDGE ( 'NONE', *, *, #3367, .F. ) ;
#3435 = DIRECTION ( 'NONE',  ( -1.000000000000000000, 0.0000000000000000000, 0.0000000000000000000 ) ) ;
#3436 = AXIS2_PLACEMENT_3D ( 'NONE', #1912, #2438, #1855 ) ;
#3437 = VERTEX_POINT ( 'NONE', #1245 ) ;
#3438 = DIRECTION ( 'NONE',  ( -1.000000000000000000, 0.0000000000000000000, 0.0000000000000000000 ) ) ;
#3439 = EDGE_CURVE ( 'NONE', #1498, #1626, #3191, .T. ) ;
#3440 = AXIS2_PLACEMENT_3D ( 'NONE', #246, #2960, #3474 ) ;
#3441 = FILL_AREA_STYLE_COLOUR ( '', #1194 ) ;
#3442 = CIRCLE ( 'NONE', #1732, 1.500000000000000000 ) ;
#3443 = CARTESIAN_POINT ( 'NONE',  ( 1.836970198721029900E-016, -1.500000000000000000, -140.0999999999999900 ) ) ;
#3444 = CYLINDRICAL_SURFACE ( 'NONE', #3368, 1.500000000000000000 ) ;
#3445 = DIRECTION ( 'NONE',  ( 1.000000000000000000, 0.0000000000000000000, 0.0000000000000000000 ) ) ;
#3446 = ADVANCED_FACE ( 'NONE', ( #537, #1153 ), #1552, .F. ) ;
#3447 = DIRECTION ( 'NONE',  ( -1.000000000000000000, 0.0000000000000000000, 0.0000000000000000000 ) ) ;
#3448 = DIRECTION ( 'NONE',  ( 1.000000000000000000, 0.0000000000000000000, 0.0000000000000000000 ) ) ;
#3449 = EDGE_CURVE ( 'NONE', #1380, #1498, #2492, .T. ) ;
#3450 = CYLINDRICAL_SURFACE ( 'NONE', #2661, 3.099999999999999600 ) ;
#3451 = CARTESIAN_POINT ( 'NONE',  ( 0.0000000000000000000, 0.0000000000000000000, 0.0000000000000000000 ) ) ;
#3452 = DIRECTION ( 'NONE',  ( -0.0000000000000000000, -3.000666402548790900E-036, 1.000000000000000000 ) ) ;
#3453 = ORIENTED_EDGE ( 'NONE', *, *, #358, .F. ) ;
#3454 = CIRCLE ( 'NONE', #197, 4.000000000000000000 ) ;
#3455 = DIRECTION ( 'NONE',  ( -1.000000000000000000, 0.0000000000000000000, 0.0000000000000000000 ) ) ;
#3456 = AXIS2_PLACEMENT_3D ( 'NONE', #1254, #1774, #438 ) ;
#3457 = CARTESIAN_POINT ( 'NONE',  ( 0.0000000000000000000, 3.250000000000000000, -116.0000000000000000 ) ) ;
#3458 = FILL_AREA_STYLE_COLOUR ( '', #597 ) ;
#3459 = FACE_OUTER_BOUND ( 'NONE', #953, .T. ) ;
#3460 = VERTEX_POINT ( 'NONE', #3142 ) ;
#3461 = CARTESIAN_POINT ( 'NONE',  ( 0.0000000000000000000, 0.0000000000000000000, 1.229901415993585000E-012 ) ) ;
#3462 = VERTEX_POINT ( 'NONE', #1570 ) ;
#3463 = CARTESIAN_POINT ( 'NONE',  ( -0.5999999999999998700, -2.990401310861135400, -11.30000000000000100 ) ) ;
#3464 = LINE ( 'NONE', #3249, #2714 ) ;
#3465 = ORIENTED_EDGE ( 'NONE', *, *, #2044, .F. ) ;
#3466 = FACE_OUTER_BOUND ( 'NONE', #3331, .T. ) ;
#3467 = DIRECTION ( 'NONE',  ( 1.000000000000000000, 0.0000000000000000000, 0.0000000000000000000 ) ) ;
#3468 =( NAMED_UNIT ( * ) PLANE_ANGLE_UNIT ( ) SI_UNIT ( $, .RADIAN. ) );
#3469 = VECTOR ( 'NONE', #714, 1000.000000000000000 ) ;
#3470 = ORIENTED_EDGE ( 'NONE', *, *, #3398, .T. ) ;
#3471 = ADVANCED_FACE ( 'NONE', ( #1517 ), #2249, .T. ) ;
#3472 = CARTESIAN_POINT ( 'NONE',  ( 0.0000000000000000000, 1.380306545172443900E-035, -4.099999999999999600 ) ) ;
#3473 = ORIENTED_EDGE ( 'NONE', *, *, #1820, .F. ) ;
#3474 = DIRECTION ( 'NONE',  ( 0.0000000000000000000, 0.0000000000000000000, -1.000000000000000000 ) ) ;
#3475 = DIRECTION ( 'NONE',  ( 0.0000000000000000000, -1.000000000000000000, 0.0000000000000000000 ) ) ;
#3476 = ORIENTED_EDGE ( 'NONE', *, *, #1376, .F. ) ;
#3477 = ORIENTED_EDGE ( 'NONE', *, *, #2247, .F. ) ;
#3478 =( LENGTH_UNIT ( ) NAMED_UNIT ( * ) SI_UNIT ( .MILLI., .METRE. ) );
#3479 = ORIENTED_EDGE ( 'NONE', *, *, #2489, .T. ) ;
#3480 = CARTESIAN_POINT ( 'NONE',  ( 0.0000000000000000000, 0.0000000000000000000, -94.50000000000000000 ) ) ;
#3481 = CIRCLE ( 'NONE', #2487, 3.049999999999999400 ) ;
#3482 = DIRECTION ( 'NONE',  ( 0.0000000000000000000, 1.000000000000000000, 0.0000000000000000000 ) ) ;
#3483 = EDGE_CURVE ( 'NONE', #787, #894, #2153, .T. ) ;
#3484 = MECHANICAL_DESIGN_GEOMETRIC_PRESENTATION_REPRESENTATION (  '', ( #2764 ), #340 ) ;
#3485 = ADVANCED_FACE ( 'NONE', ( #895, #1272 ), #2108, .F. ) ;
#3486 = VECTOR ( 'NONE', #3319, 1000.000000000000000 ) ;
#3487 = FILL_AREA_STYLE_COLOUR ( '', #2102 ) ;
#3488 = AXIS2_PLACEMENT_3D ( 'NONE', #1022, #461, #474 ) ;
#3489 = VECTOR ( 'NONE', #3216, 999.9999999999998900 ) ;
#3490 = NEXT_ASSEMBLY_USAGE_OCCURRENCE ( 'NAUO1', ' ', ' ', #1433, #2230, $ ) ;
#3491 = NEXT_ASSEMBLY_USAGE_OCCURRENCE ( 'NAUO2', ' ', ' ', #1433, #3288, $ ) ;
#3492 = NEXT_ASSEMBLY_USAGE_OCCURRENCE ( 'NAUO3', ' ', ' ', #1433, #3111, $ ) ;
#3493 = NEXT_ASSEMBLY_USAGE_OCCURRENCE ( 'NAUO4', ' ', ' ', #1433, #456, $ ) ;
#3494 = NEXT_ASSEMBLY_USAGE_OCCURRENCE ( 'NAUO5', ' ', ' ', #1433, #1676, $ ) ;
ENDSEC;
END-ISO-10303-21;
