ISO-10303-21;
HEADER;
/* Generated by software containing ST-Developer
 * from STEP Tools, Inc. (www.steptools.com) 
 */

FILE_DESCRIPTION(
/* description */ (''),
/* implementation_level */ '2;1');

FILE_NAME(
/* name */ 
'C:\\Users\\izuwa\\Documents\\Inventor\\Dynamixel XM540-W150-R servo\\
Dynamixel XM540-W150-R servo.stp',
/* time_stamp */ '2020-05-28T10:42:36-07:00',
/* author */ ('izuwa'),
/* organization */ (''),
/* preprocessor_version */ 'ST-DEVELOPER v18.1',
/* originating_system */ 'Autodesk Inventor 2021',
/* authorisation */ '');

FILE_SCHEMA (('AUTOMOTIVE_DESIGN { 1 0 10303 214 3 1 1 }'));
ENDSEC;

DATA;
#10=MECHANICAL_DESIGN_GEOMETRIC_PRESENTATION_REPRESENTATION('',(#18,#19,
#20,#21,#22,#23,#24,#25,#26,#27,#28,#29,#30,#31,#32,#33,#34,#35,#36,#37,
#38,#39,#40,#41,#42,#43,#44,#45,#46,#47,#48,#49,#50,#51,#52,#53,#54,#55,
#56,#57,#58,#59,#60,#61,#62,#63,#64,#65,#66,#67,#68,#69,#70,#71,#72,#73,
#74,#75,#76,#77,#78,#79,#80,#81,#82,#83,#84,#85,#86,#87,#88,#89,#90,#91,
#92,#93,#94,#95,#96,#97,#98,#99,#100,#101,#102,#103,#104,#105,#106,#107,
#108,#109,#110,#111,#112,#113,#114,#115,#116,#117,#118,#119,#120,#121,#122,
#123,#124,#125,#126,#127,#128,#129,#130,#131,#132,#133,#134,#135,#136,#137,
#138),#10909);
#11=SHAPE_REPRESENTATION_RELATIONSHIP('SRR','None',#10916,#12);
#12=ADVANCED_BREP_SHAPE_REPRESENTATION('',(#13),#10908);
#13=MANIFOLD_SOLID_BREP('Solid1',#6545);
#14=TOROIDAL_SURFACE('',#6887,0.73,0.22);
#15=TOROIDAL_SURFACE('',#6894,0.73,0.22);
#16=TOROIDAL_SURFACE('',#6900,0.73,0.22);
#17=TOROIDAL_SURFACE('',#6906,0.73,0.22);
#18=STYLED_ITEM('',(#10926),#6257);
#19=STYLED_ITEM('',(#10926),#6258);
#20=STYLED_ITEM('',(#10926),#6259);
#21=STYLED_ITEM('',(#10926),#6260);
#22=STYLED_ITEM('',(#10926),#6261);
#23=STYLED_ITEM('',(#10926),#6262);
#24=STYLED_ITEM('',(#10926),#6263);
#25=STYLED_ITEM('',(#10926),#6264);
#26=STYLED_ITEM('',(#10926),#6265);
#27=STYLED_ITEM('',(#10926),#6266);
#28=STYLED_ITEM('',(#10926),#6267);
#29=STYLED_ITEM('',(#10926),#6268);
#30=STYLED_ITEM('',(#10926),#6269);
#31=STYLED_ITEM('',(#10926),#6270);
#32=STYLED_ITEM('',(#10926),#6271);
#33=STYLED_ITEM('',(#10926),#6272);
#34=STYLED_ITEM('',(#10926),#6273);
#35=STYLED_ITEM('',(#10926),#6274);
#36=STYLED_ITEM('',(#10926),#6277);
#37=STYLED_ITEM('',(#10926),#6278);
#38=STYLED_ITEM('',(#10926),#6279);
#39=STYLED_ITEM('',(#10926),#6280);
#40=STYLED_ITEM('',(#10926),#6281);
#41=STYLED_ITEM('',(#10926),#6282);
#42=STYLED_ITEM('',(#10926),#6285);
#43=STYLED_ITEM('',(#10926),#6286);
#44=STYLED_ITEM('',(#10926),#6287);
#45=STYLED_ITEM('',(#10926),#6288);
#46=STYLED_ITEM('',(#10926),#6289);
#47=STYLED_ITEM('',(#10926),#6290);
#48=STYLED_ITEM('',(#10926),#6293);
#49=STYLED_ITEM('',(#10926),#6294);
#50=STYLED_ITEM('',(#10926),#6295);
#51=STYLED_ITEM('',(#10926),#6296);
#52=STYLED_ITEM('',(#10926),#6297);
#53=STYLED_ITEM('',(#10926),#6298);
#54=STYLED_ITEM('',(#10927),#6334);
#55=STYLED_ITEM('',(#10927),#6335);
#56=STYLED_ITEM('',(#10927),#6336);
#57=STYLED_ITEM('',(#10927),#6337);
#58=STYLED_ITEM('',(#10927),#6338);
#59=STYLED_ITEM('',(#10927),#6339);
#60=STYLED_ITEM('',(#10927),#6340);
#61=STYLED_ITEM('',(#10927),#6341);
#62=STYLED_ITEM('',(#10927),#6342);
#63=STYLED_ITEM('',(#10927),#6343);
#64=STYLED_ITEM('',(#10927),#6375);
#65=STYLED_ITEM('',(#10928),#6411);
#66=STYLED_ITEM('',(#10928),#6412);
#67=STYLED_ITEM('',(#10928),#6413);
#68=STYLED_ITEM('',(#10928),#6414);
#69=STYLED_ITEM('',(#10928),#6415);
#70=STYLED_ITEM('',(#10928),#6416);
#71=STYLED_ITEM('',(#10928),#6417);
#72=STYLED_ITEM('',(#10928),#6418);
#73=STYLED_ITEM('',(#10928),#6419);
#74=STYLED_ITEM('',(#10928),#6420);
#75=STYLED_ITEM('',(#10928),#6421);
#76=STYLED_ITEM('',(#10928),#6422);
#77=STYLED_ITEM('',(#10928),#6423);
#78=STYLED_ITEM('',(#10928),#6424);
#79=STYLED_ITEM('',(#10928),#6425);
#80=STYLED_ITEM('',(#10928),#6426);
#81=STYLED_ITEM('',(#10928),#6427);
#82=STYLED_ITEM('',(#10928),#6428);
#83=STYLED_ITEM('',(#10928),#6429);
#84=STYLED_ITEM('',(#10928),#6430);
#85=STYLED_ITEM('',(#10928),#6431);
#86=STYLED_ITEM('',(#10928),#6432);
#87=STYLED_ITEM('',(#10928),#6433);
#88=STYLED_ITEM('',(#10928),#6434);
#89=STYLED_ITEM('',(#10928),#6435);
#90=STYLED_ITEM('',(#10928),#6436);
#91=STYLED_ITEM('',(#10928),#6437);
#92=STYLED_ITEM('',(#10926),#6442);
#93=STYLED_ITEM('',(#10926),#6443);
#94=STYLED_ITEM('',(#10926),#6444);
#95=STYLED_ITEM('',(#10926),#6445);
#96=STYLED_ITEM('',(#10926),#6446);
#97=STYLED_ITEM('',(#10926),#6447);
#98=STYLED_ITEM('',(#10928),#6449);
#99=STYLED_ITEM('',(#10928),#6450);
#100=STYLED_ITEM('',(#10926),#6451);
#101=STYLED_ITEM('',(#10926),#6452);
#102=STYLED_ITEM('',(#10926),#6485);
#103=STYLED_ITEM('',(#10926),#6486);
#104=STYLED_ITEM('',(#10926),#6487);
#105=STYLED_ITEM('',(#10926),#6488);
#106=STYLED_ITEM('',(#10926),#6489);
#107=STYLED_ITEM('',(#10926),#6490);
#108=STYLED_ITEM('',(#10926),#6492);
#109=STYLED_ITEM('',(#10926),#6493);
#110=STYLED_ITEM('',(#10926),#6494);
#111=STYLED_ITEM('',(#10926),#6495);
#112=STYLED_ITEM('',(#10926),#6496);
#113=STYLED_ITEM('',(#10926),#6497);
#114=STYLED_ITEM('',(#10926),#6499);
#115=STYLED_ITEM('',(#10926),#6500);
#116=STYLED_ITEM('',(#10926),#6501);
#117=STYLED_ITEM('',(#10926),#6502);
#118=STYLED_ITEM('',(#10926),#6503);
#119=STYLED_ITEM('',(#10926),#6504);
#120=STYLED_ITEM('',(#10926),#6506);
#121=STYLED_ITEM('',(#10926),#6507);
#122=STYLED_ITEM('',(#10926),#6508);
#123=STYLED_ITEM('',(#10926),#6509);
#124=STYLED_ITEM('',(#10926),#6510);
#125=STYLED_ITEM('',(#10926),#6511);
#126=STYLED_ITEM('',(#10926),#6522);
#127=STYLED_ITEM('',(#10926),#6523);
#128=STYLED_ITEM('',(#10926),#6524);
#129=STYLED_ITEM('',(#10926),#6525);
#130=STYLED_ITEM('',(#10926),#6526);
#131=STYLED_ITEM('',(#10926),#6527);
#132=STYLED_ITEM('',(#10926),#6528);
#133=STYLED_ITEM('',(#10926),#6529);
#134=STYLED_ITEM('',(#10926),#6530);
#135=STYLED_ITEM('',(#10926),#6531);
#136=STYLED_ITEM('',(#10926),#6532);
#137=STYLED_ITEM('',(#10926),#6533);
#138=STYLED_ITEM('',(#10925),#13);
#139=CONICAL_SURFACE('',#6669,2.45,0.785398163397448);
#140=CONICAL_SURFACE('',#6673,2.45,0.785398163397459);
#141=CONICAL_SURFACE('',#6677,2.45,0.785398163397448);
#142=CONICAL_SURFACE('',#6686,2.45,0.785398163397459);
#143=CONICAL_SURFACE('',#6690,2.14,0.785398163397448);
#144=CONICAL_SURFACE('',#6696,2.14,0.785398163397443);
#145=CONICAL_SURFACE('',#6702,2.14,0.785398163397448);
#146=CONICAL_SURFACE('',#6708,2.14,0.785398163397443);
#147=CONICAL_SURFACE('',#6950,1.185,0.785398163397448);
#148=CONICAL_SURFACE('',#6954,1.185,0.785398163397448);
#149=CONICAL_SURFACE('',#6965,12.9,0.785398163397448);
#150=CONICAL_SURFACE('',#6983,1.185,0.785398163397449);
#151=CONICAL_SURFACE('',#6987,1.185,0.785398163397449);
#152=CONICAL_SURFACE('',#6991,1.185,0.785398163397449);
#153=CONICAL_SURFACE('',#6995,1.185,0.785398163397449);
#154=CONICAL_SURFACE('',#6999,1.185,0.785398163397449);
#155=CONICAL_SURFACE('',#7003,1.185,0.785398163397449);
#156=CONICAL_SURFACE('',#7007,1.185,0.785398163397449);
#157=CONICAL_SURFACE('',#7011,1.185,0.785398163397449);
#158=CONICAL_SURFACE('',#7015,1.05,0.785398163397437);
#159=CONICAL_SURFACE('',#7019,1.05,0.785398163397437);
#160=CONICAL_SURFACE('',#7023,1.05,0.785398163397437);
#161=CONICAL_SURFACE('',#7027,1.05,0.785398163397437);
#162=CONICAL_SURFACE('',#7134,2.45,0.785398163397438);
#163=CONICAL_SURFACE('',#7139,2.45,0.785398163397449);
#164=CONICAL_SURFACE('',#7143,2.45,0.785398163397449);
#165=CONICAL_SURFACE('',#7147,2.45,0.785398163397438);
#166=CONICAL_SURFACE('',#7151,2.14,0.785398163397454);
#167=CONICAL_SURFACE('',#7157,2.14,0.785398163397449);
#168=CONICAL_SURFACE('',#7163,2.14,0.785398163397449);
#169=CONICAL_SURFACE('',#7169,2.14,0.785398163397454);
#170=FACE_BOUND('',#745,.T.);
#171=FACE_BOUND('',#746,.T.);
#172=FACE_BOUND('',#782,.T.);
#173=FACE_BOUND('',#783,.T.);
#174=FACE_BOUND('',#784,.T.);
#175=FACE_BOUND('',#785,.T.);
#176=FACE_BOUND('',#786,.T.);
#177=FACE_BOUND('',#816,.T.);
#178=FACE_BOUND('',#817,.T.);
#179=FACE_BOUND('',#818,.T.);
#180=FACE_BOUND('',#825,.T.);
#181=FACE_BOUND('',#829,.T.);
#182=FACE_BOUND('',#833,.T.);
#183=FACE_BOUND('',#837,.T.);
#184=FACE_BOUND('',#846,.T.);
#185=FACE_BOUND('',#855,.T.);
#186=FACE_BOUND('',#864,.T.);
#187=FACE_BOUND('',#873,.T.);
#188=FACE_BOUND('',#884,.T.);
#189=FACE_BOUND('',#910,.T.);
#190=FACE_BOUND('',#911,.T.);
#191=FACE_BOUND('',#912,.T.);
#192=FACE_BOUND('',#913,.T.);
#193=FACE_BOUND('',#914,.T.);
#194=FACE_BOUND('',#915,.T.);
#195=FACE_BOUND('',#916,.T.);
#196=FACE_BOUND('',#917,.T.);
#197=FACE_BOUND('',#918,.T.);
#198=FACE_BOUND('',#957,.T.);
#199=FACE_BOUND('',#958,.T.);
#200=FACE_BOUND('',#959,.T.);
#201=FACE_BOUND('',#960,.T.);
#202=FACE_BOUND('',#961,.T.);
#203=FACE_BOUND('',#962,.T.);
#204=FACE_BOUND('',#963,.T.);
#205=FACE_BOUND('',#964,.T.);
#206=FACE_BOUND('',#965,.T.);
#207=FACE_BOUND('',#994,.T.);
#208=FACE_BOUND('',#996,.T.);
#209=FACE_BOUND('',#997,.T.);
#210=FACE_BOUND('',#998,.T.);
#211=FACE_BOUND('',#999,.T.);
#212=FACE_BOUND('',#1000,.T.);
#213=FACE_BOUND('',#1001,.T.);
#214=FACE_BOUND('',#1002,.T.);
#215=FACE_BOUND('',#1003,.T.);
#216=FACE_BOUND('',#1004,.T.);
#217=FACE_BOUND('',#1013,.T.);
#218=FACE_BOUND('',#1016,.T.);
#219=FACE_BOUND('',#1017,.T.);
#220=FACE_BOUND('',#1018,.T.);
#221=FACE_BOUND('',#1019,.T.);
#222=FACE_BOUND('',#1020,.T.);
#223=FACE_BOUND('',#1021,.T.);
#224=FACE_BOUND('',#1022,.T.);
#225=FACE_BOUND('',#1023,.T.);
#226=FACE_BOUND('',#1024,.T.);
#227=FACE_BOUND('',#1025,.T.);
#228=FACE_BOUND('',#1026,.T.);
#229=FACE_BOUND('',#1027,.T.);
#230=FACE_BOUND('',#1028,.T.);
#231=FACE_BOUND('',#1066,.T.);
#232=FACE_BOUND('',#1070,.T.);
#233=FACE_BOUND('',#1081,.T.);
#234=FACE_BOUND('',#1083,.T.);
#235=FACE_BOUND('',#1105,.T.);
#236=FACE_BOUND('',#1136,.T.);
#237=FACE_BOUND('',#1147,.T.);
#238=FACE_BOUND('',#1151,.T.);
#239=FACE_BOUND('',#1155,.T.);
#240=FACE_BOUND('',#1159,.T.);
#241=FACE_BOUND('',#1161,.T.);
#242=FACE_BOUND('',#1163,.T.);
#243=FACE_BOUND('',#1165,.T.);
#244=FACE_BOUND('',#1167,.T.);
#245=FACE_BOUND('',#1171,.T.);
#246=FACE_BOUND('',#1172,.T.);
#247=FACE_BOUND('',#1173,.T.);
#248=FACE_BOUND('',#1174,.T.);
#249=CYLINDRICAL_SURFACE('',#6583,13.1499999999898);
#250=CYLINDRICAL_SURFACE('',#6604,0.700000000007499);
#251=CYLINDRICAL_SURFACE('',#6631,0.700000000005955);
#252=CYLINDRICAL_SURFACE('',#6653,1.025);
#253=CYLINDRICAL_SURFACE('',#6657,1.025);
#254=CYLINDRICAL_SURFACE('',#6661,1.025);
#255=CYLINDRICAL_SURFACE('',#6665,1.025);
#256=CYLINDRICAL_SURFACE('',#6671,2.4);
#257=CYLINDRICAL_SURFACE('',#6675,2.4);
#258=CYLINDRICAL_SURFACE('',#6684,2.4);
#259=CYLINDRICAL_SURFACE('',#6688,2.4);
#260=CYLINDRICAL_SURFACE('',#6693,2.25);
#261=CYLINDRICAL_SURFACE('',#6699,2.25);
#262=CYLINDRICAL_SURFACE('',#6705,2.25);
#263=CYLINDRICAL_SURFACE('',#6711,2.25);
#264=CYLINDRICAL_SURFACE('',#6746,0.200000000022149);
#265=CYLINDRICAL_SURFACE('',#6749,0.20000000000187);
#266=CYLINDRICAL_SURFACE('',#6752,0.199999999981944);
#267=CYLINDRICAL_SURFACE('',#6755,0.19999999997856);
#268=CYLINDRICAL_SURFACE('',#6758,0.199999999998191);
#269=CYLINDRICAL_SURFACE('',#6761,0.200000000013531);
#270=CYLINDRICAL_SURFACE('',#6764,8.899994936);
#271=CYLINDRICAL_SURFACE('',#6767,0.199999999947234);
#272=CYLINDRICAL_SURFACE('',#6770,1.75);
#273=CYLINDRICAL_SURFACE('',#6782,1.75);
#274=CYLINDRICAL_SURFACE('',#6784,1.7500000000013);
#275=CYLINDRICAL_SURFACE('',#6786,1.75);
#276=CYLINDRICAL_SURFACE('',#6788,1.74999999999829);
#277=CYLINDRICAL_SURFACE('',#6790,1.74999999997374);
#278=CYLINDRICAL_SURFACE('',#6792,1.75000000004963);
#279=CYLINDRICAL_SURFACE('',#6794,1.74999999998987);
#280=CYLINDRICAL_SURFACE('',#6812,9.0000144225);
#281=CYLINDRICAL_SURFACE('',#6824,1.025);
#282=CYLINDRICAL_SURFACE('',#6826,1.025);
#283=CYLINDRICAL_SURFACE('',#6828,1.025);
#284=CYLINDRICAL_SURFACE('',#6830,1.025);
#285=CYLINDRICAL_SURFACE('',#6832,1.025);
#286=CYLINDRICAL_SURFACE('',#6834,1.025);
#287=CYLINDRICAL_SURFACE('',#6836,1.025);
#288=CYLINDRICAL_SURFACE('',#6838,1.025);
#289=CYLINDRICAL_SURFACE('',#6840,13.);
#290=CYLINDRICAL_SURFACE('',#6845,0.300000000637604);
#291=CYLINDRICAL_SURFACE('',#6848,0.29999999915302);
#292=CYLINDRICAL_SURFACE('',#6851,0.300000000062504);
#293=CYLINDRICAL_SURFACE('',#6854,0.3);
#294=CYLINDRICAL_SURFACE('',#6857,0.300000000062256);
#295=CYLINDRICAL_SURFACE('',#6860,0.299999999999971);
#296=CYLINDRICAL_SURFACE('',#6862,0.400000000572551);
#297=CYLINDRICAL_SURFACE('',#6865,0.40000000051004);
#298=CYLINDRICAL_SURFACE('',#6869,0.399824306487649);
#299=CYLINDRICAL_SURFACE('',#6871,0.399783627513644);
#300=CYLINDRICAL_SURFACE('',#6875,0.399824306448734);
#301=CYLINDRICAL_SURFACE('',#6877,0.399783627514875);
#302=CYLINDRICAL_SURFACE('',#6881,8.);
#303=CYLINDRICAL_SURFACE('',#6886,13.);
#304=CYLINDRICAL_SURFACE('',#6892,0.22);
#305=CYLINDRICAL_SURFACE('',#6898,0.22);
#306=CYLINDRICAL_SURFACE('',#6904,0.22);
#307=CYLINDRICAL_SURFACE('',#6910,0.22);
#308=CYLINDRICAL_SURFACE('',#6912,0.95);
#309=CYLINDRICAL_SURFACE('',#6915,0.95);
#310=CYLINDRICAL_SURFACE('',#6919,0.95);
#311=CYLINDRICAL_SURFACE('',#6922,0.95);
#312=CYLINDRICAL_SURFACE('',#6925,1.);
#313=CYLINDRICAL_SURFACE('',#6929,1.);
#314=CYLINDRICAL_SURFACE('',#6933,1.);
#315=CYLINDRICAL_SURFACE('',#6937,1.);
#316=CYLINDRICAL_SURFACE('',#6952,1.025);
#317=CYLINDRICAL_SURFACE('',#6956,1.025);
#318=CYLINDRICAL_SURFACE('',#6960,8.);
#319=CYLINDRICAL_SURFACE('',#6982,13.);
#320=CYLINDRICAL_SURFACE('',#6985,1.025);
#321=CYLINDRICAL_SURFACE('',#6989,1.025);
#322=CYLINDRICAL_SURFACE('',#6993,1.025);
#323=CYLINDRICAL_SURFACE('',#6997,1.025);
#324=CYLINDRICAL_SURFACE('',#7001,1.025);
#325=CYLINDRICAL_SURFACE('',#7005,1.025);
#326=CYLINDRICAL_SURFACE('',#7009,1.025);
#327=CYLINDRICAL_SURFACE('',#7013,1.025);
#328=CYLINDRICAL_SURFACE('',#7017,1.);
#329=CYLINDRICAL_SURFACE('',#7021,1.);
#330=CYLINDRICAL_SURFACE('',#7025,1.);
#331=CYLINDRICAL_SURFACE('',#7029,1.);
#332=CYLINDRICAL_SURFACE('',#7045,5.);
#333=CYLINDRICAL_SURFACE('',#7046,2.75);
#334=CYLINDRICAL_SURFACE('',#7057,1.36731485821019);
#335=CYLINDRICAL_SURFACE('',#7066,2.);
#336=CYLINDRICAL_SURFACE('',#7069,1.25000000001227);
#337=CYLINDRICAL_SURFACE('',#7073,0.5);
#338=CYLINDRICAL_SURFACE('',#7077,1.25);
#339=CYLINDRICAL_SURFACE('',#7081,0.5);
#340=CYLINDRICAL_SURFACE('',#7085,1.25);
#341=CYLINDRICAL_SURFACE('',#7089,0.5);
#342=CYLINDRICAL_SURFACE('',#7093,1.24999999999427);
#343=CYLINDRICAL_SURFACE('',#7097,0.5);
#344=CYLINDRICAL_SURFACE('',#7101,2.);
#345=CYLINDRICAL_SURFACE('',#7103,2.3);
#346=CYLINDRICAL_SURFACE('',#7137,2.4);
#347=CYLINDRICAL_SURFACE('',#7141,2.4);
#348=CYLINDRICAL_SURFACE('',#7145,2.4);
#349=CYLINDRICAL_SURFACE('',#7149,2.4);
#350=CYLINDRICAL_SURFACE('',#7154,2.25);
#351=CYLINDRICAL_SURFACE('',#7160,2.25);
#352=CYLINDRICAL_SURFACE('',#7166,2.25);
#353=CYLINDRICAL_SURFACE('',#7172,2.25);
#354=FACE_OUTER_BOUND('',#727,.T.);
#355=FACE_OUTER_BOUND('',#728,.T.);
#356=FACE_OUTER_BOUND('',#729,.T.);
#357=FACE_OUTER_BOUND('',#730,.T.);
#358=FACE_OUTER_BOUND('',#731,.T.);
#359=FACE_OUTER_BOUND('',#732,.T.);
#360=FACE_OUTER_BOUND('',#733,.T.);
#361=FACE_OUTER_BOUND('',#734,.T.);
#362=FACE_OUTER_BOUND('',#735,.T.);
#363=FACE_OUTER_BOUND('',#736,.T.);
#364=FACE_OUTER_BOUND('',#737,.T.);
#365=FACE_OUTER_BOUND('',#738,.T.);
#366=FACE_OUTER_BOUND('',#739,.T.);
#367=FACE_OUTER_BOUND('',#740,.T.);
#368=FACE_OUTER_BOUND('',#741,.T.);
#369=FACE_OUTER_BOUND('',#742,.T.);
#370=FACE_OUTER_BOUND('',#743,.T.);
#371=FACE_OUTER_BOUND('',#744,.T.);
#372=FACE_OUTER_BOUND('',#747,.T.);
#373=FACE_OUTER_BOUND('',#748,.T.);
#374=FACE_OUTER_BOUND('',#749,.T.);
#375=FACE_OUTER_BOUND('',#750,.T.);
#376=FACE_OUTER_BOUND('',#751,.T.);
#377=FACE_OUTER_BOUND('',#752,.T.);
#378=FACE_OUTER_BOUND('',#753,.T.);
#379=FACE_OUTER_BOUND('',#754,.T.);
#380=FACE_OUTER_BOUND('',#755,.T.);
#381=FACE_OUTER_BOUND('',#756,.T.);
#382=FACE_OUTER_BOUND('',#757,.T.);
#383=FACE_OUTER_BOUND('',#758,.T.);
#384=FACE_OUTER_BOUND('',#759,.T.);
#385=FACE_OUTER_BOUND('',#760,.T.);
#386=FACE_OUTER_BOUND('',#761,.T.);
#387=FACE_OUTER_BOUND('',#762,.T.);
#388=FACE_OUTER_BOUND('',#763,.T.);
#389=FACE_OUTER_BOUND('',#764,.T.);
#390=FACE_OUTER_BOUND('',#765,.T.);
#391=FACE_OUTER_BOUND('',#766,.T.);
#392=FACE_OUTER_BOUND('',#767,.T.);
#393=FACE_OUTER_BOUND('',#768,.T.);
#394=FACE_OUTER_BOUND('',#769,.T.);
#395=FACE_OUTER_BOUND('',#770,.T.);
#396=FACE_OUTER_BOUND('',#771,.T.);
#397=FACE_OUTER_BOUND('',#772,.T.);
#398=FACE_OUTER_BOUND('',#773,.T.);
#399=FACE_OUTER_BOUND('',#774,.T.);
#400=FACE_OUTER_BOUND('',#775,.T.);
#401=FACE_OUTER_BOUND('',#776,.T.);
#402=FACE_OUTER_BOUND('',#777,.T.);
#403=FACE_OUTER_BOUND('',#778,.T.);
#404=FACE_OUTER_BOUND('',#779,.T.);
#405=FACE_OUTER_BOUND('',#780,.T.);
#406=FACE_OUTER_BOUND('',#781,.T.);
#407=FACE_OUTER_BOUND('',#787,.T.);
#408=FACE_OUTER_BOUND('',#788,.T.);
#409=FACE_OUTER_BOUND('',#789,.T.);
#410=FACE_OUTER_BOUND('',#790,.T.);
#411=FACE_OUTER_BOUND('',#791,.T.);
#412=FACE_OUTER_BOUND('',#792,.T.);
#413=FACE_OUTER_BOUND('',#793,.T.);
#414=FACE_OUTER_BOUND('',#794,.T.);
#415=FACE_OUTER_BOUND('',#795,.T.);
#416=FACE_OUTER_BOUND('',#796,.T.);
#417=FACE_OUTER_BOUND('',#797,.T.);
#418=FACE_OUTER_BOUND('',#798,.T.);
#419=FACE_OUTER_BOUND('',#799,.T.);
#420=FACE_OUTER_BOUND('',#800,.T.);
#421=FACE_OUTER_BOUND('',#801,.T.);
#422=FACE_OUTER_BOUND('',#802,.T.);
#423=FACE_OUTER_BOUND('',#803,.T.);
#424=FACE_OUTER_BOUND('',#804,.T.);
#425=FACE_OUTER_BOUND('',#805,.T.);
#426=FACE_OUTER_BOUND('',#806,.T.);
#427=FACE_OUTER_BOUND('',#807,.T.);
#428=FACE_OUTER_BOUND('',#808,.T.);
#429=FACE_OUTER_BOUND('',#809,.T.);
#430=FACE_OUTER_BOUND('',#810,.T.);
#431=FACE_OUTER_BOUND('',#811,.T.);
#432=FACE_OUTER_BOUND('',#812,.T.);
#433=FACE_OUTER_BOUND('',#813,.T.);
#434=FACE_OUTER_BOUND('',#814,.T.);
#435=FACE_OUTER_BOUND('',#815,.T.);
#436=FACE_OUTER_BOUND('',#819,.T.);
#437=FACE_OUTER_BOUND('',#820,.T.);
#438=FACE_OUTER_BOUND('',#821,.T.);
#439=FACE_OUTER_BOUND('',#822,.T.);
#440=FACE_OUTER_BOUND('',#823,.T.);
#441=FACE_OUTER_BOUND('',#824,.T.);
#442=FACE_OUTER_BOUND('',#826,.T.);
#443=FACE_OUTER_BOUND('',#827,.T.);
#444=FACE_OUTER_BOUND('',#828,.T.);
#445=FACE_OUTER_BOUND('',#830,.T.);
#446=FACE_OUTER_BOUND('',#831,.T.);
#447=FACE_OUTER_BOUND('',#832,.T.);
#448=FACE_OUTER_BOUND('',#834,.T.);
#449=FACE_OUTER_BOUND('',#835,.T.);
#450=FACE_OUTER_BOUND('',#836,.T.);
#451=FACE_OUTER_BOUND('',#838,.T.);
#452=FACE_OUTER_BOUND('',#839,.T.);
#453=FACE_OUTER_BOUND('',#840,.T.);
#454=FACE_OUTER_BOUND('',#841,.T.);
#455=FACE_OUTER_BOUND('',#842,.T.);
#456=FACE_OUTER_BOUND('',#843,.T.);
#457=FACE_OUTER_BOUND('',#844,.T.);
#458=FACE_OUTER_BOUND('',#845,.T.);
#459=FACE_OUTER_BOUND('',#847,.T.);
#460=FACE_OUTER_BOUND('',#848,.T.);
#461=FACE_OUTER_BOUND('',#849,.T.);
#462=FACE_OUTER_BOUND('',#850,.T.);
#463=FACE_OUTER_BOUND('',#851,.T.);
#464=FACE_OUTER_BOUND('',#852,.T.);
#465=FACE_OUTER_BOUND('',#853,.T.);
#466=FACE_OUTER_BOUND('',#854,.T.);
#467=FACE_OUTER_BOUND('',#856,.T.);
#468=FACE_OUTER_BOUND('',#857,.T.);
#469=FACE_OUTER_BOUND('',#858,.T.);
#470=FACE_OUTER_BOUND('',#859,.T.);
#471=FACE_OUTER_BOUND('',#860,.T.);
#472=FACE_OUTER_BOUND('',#861,.T.);
#473=FACE_OUTER_BOUND('',#862,.T.);
#474=FACE_OUTER_BOUND('',#863,.T.);
#475=FACE_OUTER_BOUND('',#865,.T.);
#476=FACE_OUTER_BOUND('',#866,.T.);
#477=FACE_OUTER_BOUND('',#867,.T.);
#478=FACE_OUTER_BOUND('',#868,.T.);
#479=FACE_OUTER_BOUND('',#869,.T.);
#480=FACE_OUTER_BOUND('',#870,.T.);
#481=FACE_OUTER_BOUND('',#871,.T.);
#482=FACE_OUTER_BOUND('',#872,.T.);
#483=FACE_OUTER_BOUND('',#874,.T.);
#484=FACE_OUTER_BOUND('',#875,.T.);
#485=FACE_OUTER_BOUND('',#876,.T.);
#486=FACE_OUTER_BOUND('',#877,.T.);
#487=FACE_OUTER_BOUND('',#878,.T.);
#488=FACE_OUTER_BOUND('',#879,.T.);
#489=FACE_OUTER_BOUND('',#880,.T.);
#490=FACE_OUTER_BOUND('',#881,.T.);
#491=FACE_OUTER_BOUND('',#882,.T.);
#492=FACE_OUTER_BOUND('',#883,.T.);
#493=FACE_OUTER_BOUND('',#885,.T.);
#494=FACE_OUTER_BOUND('',#886,.T.);
#495=FACE_OUTER_BOUND('',#887,.T.);
#496=FACE_OUTER_BOUND('',#888,.T.);
#497=FACE_OUTER_BOUND('',#889,.T.);
#498=FACE_OUTER_BOUND('',#890,.T.);
#499=FACE_OUTER_BOUND('',#891,.T.);
#500=FACE_OUTER_BOUND('',#892,.T.);
#501=FACE_OUTER_BOUND('',#893,.T.);
#502=FACE_OUTER_BOUND('',#894,.T.);
#503=FACE_OUTER_BOUND('',#895,.T.);
#504=FACE_OUTER_BOUND('',#896,.T.);
#505=FACE_OUTER_BOUND('',#897,.T.);
#506=FACE_OUTER_BOUND('',#898,.T.);
#507=FACE_OUTER_BOUND('',#899,.T.);
#508=FACE_OUTER_BOUND('',#900,.T.);
#509=FACE_OUTER_BOUND('',#901,.T.);
#510=FACE_OUTER_BOUND('',#902,.T.);
#511=FACE_OUTER_BOUND('',#903,.T.);
#512=FACE_OUTER_BOUND('',#904,.T.);
#513=FACE_OUTER_BOUND('',#905,.T.);
#514=FACE_OUTER_BOUND('',#906,.T.);
#515=FACE_OUTER_BOUND('',#907,.T.);
#516=FACE_OUTER_BOUND('',#908,.T.);
#517=FACE_OUTER_BOUND('',#909,.T.);
#518=FACE_OUTER_BOUND('',#919,.T.);
#519=FACE_OUTER_BOUND('',#920,.T.);
#520=FACE_OUTER_BOUND('',#921,.T.);
#521=FACE_OUTER_BOUND('',#922,.T.);
#522=FACE_OUTER_BOUND('',#923,.T.);
#523=FACE_OUTER_BOUND('',#924,.T.);
#524=FACE_OUTER_BOUND('',#925,.T.);
#525=FACE_OUTER_BOUND('',#926,.T.);
#526=FACE_OUTER_BOUND('',#927,.T.);
#527=FACE_OUTER_BOUND('',#928,.T.);
#528=FACE_OUTER_BOUND('',#929,.T.);
#529=FACE_OUTER_BOUND('',#930,.T.);
#530=FACE_OUTER_BOUND('',#931,.T.);
#531=FACE_OUTER_BOUND('',#932,.T.);
#532=FACE_OUTER_BOUND('',#933,.T.);
#533=FACE_OUTER_BOUND('',#934,.T.);
#534=FACE_OUTER_BOUND('',#935,.T.);
#535=FACE_OUTER_BOUND('',#936,.T.);
#536=FACE_OUTER_BOUND('',#937,.T.);
#537=FACE_OUTER_BOUND('',#938,.T.);
#538=FACE_OUTER_BOUND('',#939,.T.);
#539=FACE_OUTER_BOUND('',#940,.T.);
#540=FACE_OUTER_BOUND('',#941,.T.);
#541=FACE_OUTER_BOUND('',#942,.T.);
#542=FACE_OUTER_BOUND('',#943,.T.);
#543=FACE_OUTER_BOUND('',#944,.T.);
#544=FACE_OUTER_BOUND('',#945,.T.);
#545=FACE_OUTER_BOUND('',#946,.T.);
#546=FACE_OUTER_BOUND('',#947,.T.);
#547=FACE_OUTER_BOUND('',#948,.T.);
#548=FACE_OUTER_BOUND('',#949,.T.);
#549=FACE_OUTER_BOUND('',#950,.T.);
#550=FACE_OUTER_BOUND('',#951,.T.);
#551=FACE_OUTER_BOUND('',#952,.T.);
#552=FACE_OUTER_BOUND('',#953,.T.);
#553=FACE_OUTER_BOUND('',#954,.T.);
#554=FACE_OUTER_BOUND('',#955,.T.);
#555=FACE_OUTER_BOUND('',#956,.T.);
#556=FACE_OUTER_BOUND('',#966,.T.);
#557=FACE_OUTER_BOUND('',#967,.T.);
#558=FACE_OUTER_BOUND('',#968,.T.);
#559=FACE_OUTER_BOUND('',#969,.T.);
#560=FACE_OUTER_BOUND('',#970,.T.);
#561=FACE_OUTER_BOUND('',#971,.T.);
#562=FACE_OUTER_BOUND('',#972,.T.);
#563=FACE_OUTER_BOUND('',#973,.T.);
#564=FACE_OUTER_BOUND('',#974,.T.);
#565=FACE_OUTER_BOUND('',#975,.T.);
#566=FACE_OUTER_BOUND('',#976,.T.);
#567=FACE_OUTER_BOUND('',#977,.T.);
#568=FACE_OUTER_BOUND('',#978,.T.);
#569=FACE_OUTER_BOUND('',#979,.T.);
#570=FACE_OUTER_BOUND('',#980,.T.);
#571=FACE_OUTER_BOUND('',#981,.T.);
#572=FACE_OUTER_BOUND('',#982,.T.);
#573=FACE_OUTER_BOUND('',#983,.T.);
#574=FACE_OUTER_BOUND('',#984,.T.);
#575=FACE_OUTER_BOUND('',#985,.T.);
#576=FACE_OUTER_BOUND('',#986,.T.);
#577=FACE_OUTER_BOUND('',#987,.T.);
#578=FACE_OUTER_BOUND('',#988,.T.);
#579=FACE_OUTER_BOUND('',#989,.T.);
#580=FACE_OUTER_BOUND('',#990,.T.);
#581=FACE_OUTER_BOUND('',#991,.T.);
#582=FACE_OUTER_BOUND('',#992,.T.);
#583=FACE_OUTER_BOUND('',#993,.T.);
#584=FACE_OUTER_BOUND('',#995,.T.);
#585=FACE_OUTER_BOUND('',#1005,.T.);
#586=FACE_OUTER_BOUND('',#1006,.T.);
#587=FACE_OUTER_BOUND('',#1007,.T.);
#588=FACE_OUTER_BOUND('',#1008,.T.);
#589=FACE_OUTER_BOUND('',#1009,.T.);
#590=FACE_OUTER_BOUND('',#1010,.T.);
#591=FACE_OUTER_BOUND('',#1011,.T.);
#592=FACE_OUTER_BOUND('',#1012,.T.);
#593=FACE_OUTER_BOUND('',#1014,.T.);
#594=FACE_OUTER_BOUND('',#1015,.T.);
#595=FACE_OUTER_BOUND('',#1029,.T.);
#596=FACE_OUTER_BOUND('',#1030,.T.);
#597=FACE_OUTER_BOUND('',#1031,.T.);
#598=FACE_OUTER_BOUND('',#1032,.T.);
#599=FACE_OUTER_BOUND('',#1033,.T.);
#600=FACE_OUTER_BOUND('',#1034,.T.);
#601=FACE_OUTER_BOUND('',#1035,.T.);
#602=FACE_OUTER_BOUND('',#1036,.T.);
#603=FACE_OUTER_BOUND('',#1037,.T.);
#604=FACE_OUTER_BOUND('',#1038,.T.);
#605=FACE_OUTER_BOUND('',#1039,.T.);
#606=FACE_OUTER_BOUND('',#1040,.T.);
#607=FACE_OUTER_BOUND('',#1041,.T.);
#608=FACE_OUTER_BOUND('',#1042,.T.);
#609=FACE_OUTER_BOUND('',#1043,.T.);
#610=FACE_OUTER_BOUND('',#1044,.T.);
#611=FACE_OUTER_BOUND('',#1045,.T.);
#612=FACE_OUTER_BOUND('',#1046,.T.);
#613=FACE_OUTER_BOUND('',#1047,.T.);
#614=FACE_OUTER_BOUND('',#1048,.T.);
#615=FACE_OUTER_BOUND('',#1049,.T.);
#616=FACE_OUTER_BOUND('',#1050,.T.);
#617=FACE_OUTER_BOUND('',#1051,.T.);
#618=FACE_OUTER_BOUND('',#1052,.T.);
#619=FACE_OUTER_BOUND('',#1053,.T.);
#620=FACE_OUTER_BOUND('',#1054,.T.);
#621=FACE_OUTER_BOUND('',#1055,.T.);
#622=FACE_OUTER_BOUND('',#1056,.T.);
#623=FACE_OUTER_BOUND('',#1057,.T.);
#624=FACE_OUTER_BOUND('',#1058,.T.);
#625=FACE_OUTER_BOUND('',#1059,.T.);
#626=FACE_OUTER_BOUND('',#1060,.T.);
#627=FACE_OUTER_BOUND('',#1061,.T.);
#628=FACE_OUTER_BOUND('',#1062,.T.);
#629=FACE_OUTER_BOUND('',#1063,.T.);
#630=FACE_OUTER_BOUND('',#1064,.T.);
#631=FACE_OUTER_BOUND('',#1065,.T.);
#632=FACE_OUTER_BOUND('',#1067,.T.);
#633=FACE_OUTER_BOUND('',#1068,.T.);
#634=FACE_OUTER_BOUND('',#1069,.T.);
#635=FACE_OUTER_BOUND('',#1071,.T.);
#636=FACE_OUTER_BOUND('',#1072,.T.);
#637=FACE_OUTER_BOUND('',#1073,.T.);
#638=FACE_OUTER_BOUND('',#1074,.T.);
#639=FACE_OUTER_BOUND('',#1075,.T.);
#640=FACE_OUTER_BOUND('',#1076,.T.);
#641=FACE_OUTER_BOUND('',#1077,.T.);
#642=FACE_OUTER_BOUND('',#1078,.T.);
#643=FACE_OUTER_BOUND('',#1079,.T.);
#644=FACE_OUTER_BOUND('',#1080,.T.);
#645=FACE_OUTER_BOUND('',#1082,.T.);
#646=FACE_OUTER_BOUND('',#1084,.T.);
#647=FACE_OUTER_BOUND('',#1085,.T.);
#648=FACE_OUTER_BOUND('',#1086,.T.);
#649=FACE_OUTER_BOUND('',#1087,.T.);
#650=FACE_OUTER_BOUND('',#1088,.T.);
#651=FACE_OUTER_BOUND('',#1089,.T.);
#652=FACE_OUTER_BOUND('',#1090,.T.);
#653=FACE_OUTER_BOUND('',#1091,.T.);
#654=FACE_OUTER_BOUND('',#1092,.T.);
#655=FACE_OUTER_BOUND('',#1093,.T.);
#656=FACE_OUTER_BOUND('',#1094,.T.);
#657=FACE_OUTER_BOUND('',#1095,.T.);
#658=FACE_OUTER_BOUND('',#1096,.T.);
#659=FACE_OUTER_BOUND('',#1097,.T.);
#660=FACE_OUTER_BOUND('',#1098,.T.);
#661=FACE_OUTER_BOUND('',#1099,.T.);
#662=FACE_OUTER_BOUND('',#1100,.T.);
#663=FACE_OUTER_BOUND('',#1101,.T.);
#664=FACE_OUTER_BOUND('',#1102,.T.);
#665=FACE_OUTER_BOUND('',#1103,.T.);
#666=FACE_OUTER_BOUND('',#1104,.T.);
#667=FACE_OUTER_BOUND('',#1106,.T.);
#668=FACE_OUTER_BOUND('',#1107,.T.);
#669=FACE_OUTER_BOUND('',#1108,.T.);
#670=FACE_OUTER_BOUND('',#1109,.T.);
#671=FACE_OUTER_BOUND('',#1110,.T.);
#672=FACE_OUTER_BOUND('',#1111,.T.);
#673=FACE_OUTER_BOUND('',#1112,.T.);
#674=FACE_OUTER_BOUND('',#1113,.T.);
#675=FACE_OUTER_BOUND('',#1114,.T.);
#676=FACE_OUTER_BOUND('',#1115,.T.);
#677=FACE_OUTER_BOUND('',#1116,.T.);
#678=FACE_OUTER_BOUND('',#1117,.T.);
#679=FACE_OUTER_BOUND('',#1118,.T.);
#680=FACE_OUTER_BOUND('',#1119,.T.);
#681=FACE_OUTER_BOUND('',#1120,.T.);
#682=FACE_OUTER_BOUND('',#1121,.T.);
#683=FACE_OUTER_BOUND('',#1122,.T.);
#684=FACE_OUTER_BOUND('',#1123,.T.);
#685=FACE_OUTER_BOUND('',#1124,.T.);
#686=FACE_OUTER_BOUND('',#1125,.T.);
#687=FACE_OUTER_BOUND('',#1126,.T.);
#688=FACE_OUTER_BOUND('',#1127,.T.);
#689=FACE_OUTER_BOUND('',#1128,.T.);
#690=FACE_OUTER_BOUND('',#1129,.T.);
#691=FACE_OUTER_BOUND('',#1130,.T.);
#692=FACE_OUTER_BOUND('',#1131,.T.);
#693=FACE_OUTER_BOUND('',#1132,.T.);
#694=FACE_OUTER_BOUND('',#1133,.T.);
#695=FACE_OUTER_BOUND('',#1134,.T.);
#696=FACE_OUTER_BOUND('',#1135,.T.);
#697=FACE_OUTER_BOUND('',#1137,.T.);
#698=FACE_OUTER_BOUND('',#1138,.T.);
#699=FACE_OUTER_BOUND('',#1139,.T.);
#700=FACE_OUTER_BOUND('',#1140,.T.);
#701=FACE_OUTER_BOUND('',#1141,.T.);
#702=FACE_OUTER_BOUND('',#1142,.T.);
#703=FACE_OUTER_BOUND('',#1143,.T.);
#704=FACE_OUTER_BOUND('',#1144,.T.);
#705=FACE_OUTER_BOUND('',#1145,.T.);
#706=FACE_OUTER_BOUND('',#1146,.T.);
#707=FACE_OUTER_BOUND('',#1148,.T.);
#708=FACE_OUTER_BOUND('',#1149,.T.);
#709=FACE_OUTER_BOUND('',#1150,.T.);
#710=FACE_OUTER_BOUND('',#1152,.T.);
#711=FACE_OUTER_BOUND('',#1153,.T.);
#712=FACE_OUTER_BOUND('',#1154,.T.);
#713=FACE_OUTER_BOUND('',#1156,.T.);
#714=FACE_OUTER_BOUND('',#1157,.T.);
#715=FACE_OUTER_BOUND('',#1158,.T.);
#716=FACE_OUTER_BOUND('',#1160,.T.);
#717=FACE_OUTER_BOUND('',#1162,.T.);
#718=FACE_OUTER_BOUND('',#1164,.T.);
#719=FACE_OUTER_BOUND('',#1166,.T.);
#720=FACE_OUTER_BOUND('',#1168,.T.);
#721=FACE_OUTER_BOUND('',#1169,.T.);
#722=FACE_OUTER_BOUND('',#1170,.T.);
#723=FACE_OUTER_BOUND('',#1175,.T.);
#724=FACE_OUTER_BOUND('',#1176,.T.);
#725=FACE_OUTER_BOUND('',#1177,.T.);
#726=FACE_OUTER_BOUND('',#1178,.T.);
#727=EDGE_LOOP('',(#4167,#4168,#4169,#4170,#4171,#4172,#4173,#4174,#4175,
#4176,#4177,#4178,#4179,#4180,#4181,#4182,#4183,#4184,#4185,#4186,#4187,
#4188,#4189,#4190));
#728=EDGE_LOOP('',(#4191,#4192,#4193,#4194));
#729=EDGE_LOOP('',(#4195,#4196,#4197,#4198,#4199,#4200,#4201,#4202));
#730=EDGE_LOOP('',(#4203,#4204,#4205));
#731=EDGE_LOOP('',(#4206,#4207,#4208,#4209));
#732=EDGE_LOOP('',(#4210,#4211,#4212,#4213,#4214,#4215,#4216,#4217,#4218,
#4219,#4220,#4221,#4222,#4223,#4224,#4225,#4226,#4227,#4228,#4229,#4230,
#4231,#4232,#4233,#4234,#4235));
#733=EDGE_LOOP('',(#4236,#4237,#4238,#4239));
#734=EDGE_LOOP('',(#4240,#4241,#4242));
#735=EDGE_LOOP('',(#4243,#4244,#4245,#4246,#4247,#4248));
#736=EDGE_LOOP('',(#4249,#4250,#4251,#4252));
#737=EDGE_LOOP('',(#4253,#4254,#4255,#4256));
#738=EDGE_LOOP('',(#4257,#4258,#4259,#4260,#4261,#4262,#4263,#4264,#4265,
#4266,#4267,#4268));
#739=EDGE_LOOP('',(#4269,#4270,#4271,#4272,#4273,#4274));
#740=EDGE_LOOP('',(#4275,#4276,#4277,#4278));
#741=EDGE_LOOP('',(#4279,#4280,#4281,#4282));
#742=EDGE_LOOP('',(#4283,#4284,#4285,#4286));
#743=EDGE_LOOP('',(#4287,#4288,#4289,#4290));
#744=EDGE_LOOP('',(#4291,#4292,#4293,#4294,#4295,#4296,#4297,#4298,#4299,
#4300,#4301,#4302,#4303,#4304,#4305,#4306,#4307,#4308));
#745=EDGE_LOOP('',(#4309));
#746=EDGE_LOOP('',(#4310));
#747=EDGE_LOOP('',(#4311,#4312,#4313,#4314));
#748=EDGE_LOOP('',(#4315,#4316,#4317,#4318));
#749=EDGE_LOOP('',(#4319,#4320,#4321,#4322));
#750=EDGE_LOOP('',(#4323,#4324,#4325,#4326));
#751=EDGE_LOOP('',(#4327,#4328,#4329,#4330));
#752=EDGE_LOOP('',(#4331,#4332,#4333,#4334));
#753=EDGE_LOOP('',(#4335,#4336,#4337,#4338));
#754=EDGE_LOOP('',(#4339,#4340,#4341,#4342));
#755=EDGE_LOOP('',(#4343,#4344,#4345,#4346));
#756=EDGE_LOOP('',(#4347,#4348,#4349,#4350));
#757=EDGE_LOOP('',(#4351,#4352,#4353,#4354));
#758=EDGE_LOOP('',(#4355,#4356,#4357,#4358));
#759=EDGE_LOOP('',(#4359,#4360,#4361,#4362));
#760=EDGE_LOOP('',(#4363,#4364,#4365,#4366));
#761=EDGE_LOOP('',(#4367,#4368,#4369,#4370));
#762=EDGE_LOOP('',(#4371,#4372,#4373,#4374));
#763=EDGE_LOOP('',(#4375,#4376,#4377,#4378));
#764=EDGE_LOOP('',(#4379,#4380,#4381,#4382));
#765=EDGE_LOOP('',(#4383,#4384,#4385,#4386));
#766=EDGE_LOOP('',(#4387,#4388,#4389,#4390,#4391));
#767=EDGE_LOOP('',(#4392,#4393,#4394,#4395));
#768=EDGE_LOOP('',(#4396,#4397,#4398,#4399));
#769=EDGE_LOOP('',(#4400,#4401,#4402,#4403));
#770=EDGE_LOOP('',(#4404,#4405,#4406,#4407,#4408));
#771=EDGE_LOOP('',(#4409,#4410,#4411,#4412));
#772=EDGE_LOOP('',(#4413,#4414,#4415,#4416));
#773=EDGE_LOOP('',(#4417,#4418,#4419,#4420));
#774=EDGE_LOOP('',(#4421,#4422,#4423,#4424));
#775=EDGE_LOOP('',(#4425,#4426,#4427,#4428));
#776=EDGE_LOOP('',(#4429,#4430,#4431,#4432));
#777=EDGE_LOOP('',(#4433,#4434,#4435,#4436));
#778=EDGE_LOOP('',(#4437,#4438,#4439,#4440));
#779=EDGE_LOOP('',(#4441,#4442,#4443,#4444));
#780=EDGE_LOOP('',(#4445,#4446,#4447,#4448));
#781=EDGE_LOOP('',(#4449,#4450,#4451,#4452,#4453,#4454,#4455,#4456,#4457,
#4458,#4459,#4460,#4461,#4462));
#782=EDGE_LOOP('',(#4463,#4464,#4465,#4466));
#783=EDGE_LOOP('',(#4467,#4468,#4469,#4470));
#784=EDGE_LOOP('',(#4471,#4472,#4473,#4474));
#785=EDGE_LOOP('',(#4475,#4476,#4477,#4478));
#786=EDGE_LOOP('',(#4479,#4480,#4481,#4482));
#787=EDGE_LOOP('',(#4483,#4484,#4485,#4486));
#788=EDGE_LOOP('',(#4487,#4488,#4489,#4490));
#789=EDGE_LOOP('',(#4491,#4492,#4493,#4494));
#790=EDGE_LOOP('',(#4495,#4496,#4497,#4498));
#791=EDGE_LOOP('',(#4499,#4500,#4501,#4502));
#792=EDGE_LOOP('',(#4503,#4504,#4505,#4506));
#793=EDGE_LOOP('',(#4507,#4508,#4509,#4510));
#794=EDGE_LOOP('',(#4511,#4512,#4513,#4514));
#795=EDGE_LOOP('',(#4515,#4516,#4517,#4518));
#796=EDGE_LOOP('',(#4519,#4520,#4521,#4522));
#797=EDGE_LOOP('',(#4523,#4524,#4525,#4526));
#798=EDGE_LOOP('',(#4527,#4528,#4529,#4530));
#799=EDGE_LOOP('',(#4531,#4532,#4533,#4534));
#800=EDGE_LOOP('',(#4535,#4536,#4537,#4538,#4539,#4540,#4541,#4542));
#801=EDGE_LOOP('',(#4543,#4544,#4545,#4546,#4547,#4548));
#802=EDGE_LOOP('',(#4549,#4550,#4551,#4552));
#803=EDGE_LOOP('',(#4553));
#804=EDGE_LOOP('',(#4554,#4555,#4556,#4557));
#805=EDGE_LOOP('',(#4558));
#806=EDGE_LOOP('',(#4559,#4560,#4561,#4562));
#807=EDGE_LOOP('',(#4563));
#808=EDGE_LOOP('',(#4564,#4565,#4566,#4567));
#809=EDGE_LOOP('',(#4568));
#810=EDGE_LOOP('',(#4569,#4570,#4571,#4572));
#811=EDGE_LOOP('',(#4573,#4574,#4575,#4576));
#812=EDGE_LOOP('',(#4577,#4578,#4579,#4580));
#813=EDGE_LOOP('',(#4581,#4582,#4583,#4584));
#814=EDGE_LOOP('',(#4585,#4586,#4587,#4588));
#815=EDGE_LOOP('',(#4589,#4590,#4591,#4592,#4593,#4594,#4595,#4596));
#816=EDGE_LOOP('',(#4597));
#817=EDGE_LOOP('',(#4598));
#818=EDGE_LOOP('',(#4599));
#819=EDGE_LOOP('',(#4600,#4601,#4602,#4603));
#820=EDGE_LOOP('',(#4604,#4605,#4606,#4607));
#821=EDGE_LOOP('',(#4608,#4609,#4610,#4611));
#822=EDGE_LOOP('',(#4612,#4613,#4614,#4615));
#823=EDGE_LOOP('',(#4616,#4617,#4618,#4619));
#824=EDGE_LOOP('',(#4620));
#825=EDGE_LOOP('',(#4621,#4622,#4623,#4624,#4625,#4626));
#826=EDGE_LOOP('',(#4627,#4628,#4629,#4630));
#827=EDGE_LOOP('',(#4631,#4632,#4633,#4634));
#828=EDGE_LOOP('',(#4635));
#829=EDGE_LOOP('',(#4636,#4637,#4638,#4639,#4640,#4641));
#830=EDGE_LOOP('',(#4642,#4643,#4644,#4645));
#831=EDGE_LOOP('',(#4646,#4647,#4648,#4649));
#832=EDGE_LOOP('',(#4650));
#833=EDGE_LOOP('',(#4651,#4652,#4653,#4654,#4655,#4656));
#834=EDGE_LOOP('',(#4657,#4658,#4659,#4660));
#835=EDGE_LOOP('',(#4661,#4662,#4663,#4664));
#836=EDGE_LOOP('',(#4665));
#837=EDGE_LOOP('',(#4666,#4667,#4668,#4669,#4670,#4671));
#838=EDGE_LOOP('',(#4672,#4673,#4674,#4675));
#839=EDGE_LOOP('',(#4676,#4677,#4678,#4679));
#840=EDGE_LOOP('',(#4680,#4681,#4682,#4683));
#841=EDGE_LOOP('',(#4684,#4685,#4686,#4687));
#842=EDGE_LOOP('',(#4688,#4689,#4690,#4691));
#843=EDGE_LOOP('',(#4692,#4693,#4694,#4695));
#844=EDGE_LOOP('',(#4696,#4697,#4698,#4699,#4700,#4701));
#845=EDGE_LOOP('',(#4702));
#846=EDGE_LOOP('',(#4703));
#847=EDGE_LOOP('',(#4704,#4705,#4706,#4707));
#848=EDGE_LOOP('',(#4708,#4709,#4710,#4711));
#849=EDGE_LOOP('',(#4712,#4713,#4714,#4715));
#850=EDGE_LOOP('',(#4716,#4717,#4718,#4719));
#851=EDGE_LOOP('',(#4720,#4721,#4722,#4723));
#852=EDGE_LOOP('',(#4724,#4725,#4726,#4727));
#853=EDGE_LOOP('',(#4728,#4729,#4730,#4731,#4732,#4733));
#854=EDGE_LOOP('',(#4734));
#855=EDGE_LOOP('',(#4735));
#856=EDGE_LOOP('',(#4736,#4737,#4738,#4739));
#857=EDGE_LOOP('',(#4740,#4741,#4742,#4743));
#858=EDGE_LOOP('',(#4744,#4745,#4746,#4747));
#859=EDGE_LOOP('',(#4748,#4749,#4750,#4751));
#860=EDGE_LOOP('',(#4752,#4753,#4754,#4755));
#861=EDGE_LOOP('',(#4756,#4757,#4758,#4759));
#862=EDGE_LOOP('',(#4760,#4761,#4762,#4763,#4764,#4765));
#863=EDGE_LOOP('',(#4766));
#864=EDGE_LOOP('',(#4767));
#865=EDGE_LOOP('',(#4768,#4769,#4770,#4771));
#866=EDGE_LOOP('',(#4772,#4773,#4774,#4775));
#867=EDGE_LOOP('',(#4776,#4777,#4778,#4779));
#868=EDGE_LOOP('',(#4780,#4781,#4782,#4783));
#869=EDGE_LOOP('',(#4784,#4785,#4786,#4787));
#870=EDGE_LOOP('',(#4788,#4789,#4790,#4791));
#871=EDGE_LOOP('',(#4792,#4793,#4794,#4795,#4796,#4797));
#872=EDGE_LOOP('',(#4798));
#873=EDGE_LOOP('',(#4799));
#874=EDGE_LOOP('',(#4800,#4801,#4802,#4803));
#875=EDGE_LOOP('',(#4804,#4805,#4806,#4807));
#876=EDGE_LOOP('',(#4808,#4809,#4810,#4811));
#877=EDGE_LOOP('',(#4812,#4813,#4814,#4815));
#878=EDGE_LOOP('',(#4816,#4817,#4818,#4819));
#879=EDGE_LOOP('',(#4820,#4821,#4822,#4823));
#880=EDGE_LOOP('',(#4824,#4825,#4826,#4827));
#881=EDGE_LOOP('',(#4828,#4829,#4830,#4831));
#882=EDGE_LOOP('',(#4832,#4833,#4834,#4835));
#883=EDGE_LOOP('',(#4836));
#884=EDGE_LOOP('',(#4837,#4838,#4839,#4840,#4841,#4842,#4843,#4844,#4845,
#4846,#4847,#4848,#4849,#4850,#4851,#4852,#4853,#4854,#4855,#4856,#4857,
#4858,#4859,#4860,#4861,#4862,#4863,#4864,#4865,#4866,#4867,#4868));
#885=EDGE_LOOP('',(#4869,#4870,#4871,#4872));
#886=EDGE_LOOP('',(#4873,#4874,#4875,#4876));
#887=EDGE_LOOP('',(#4877,#4878,#4879,#4880));
#888=EDGE_LOOP('',(#4881,#4882,#4883,#4884));
#889=EDGE_LOOP('',(#4885,#4886,#4887,#4888));
#890=EDGE_LOOP('',(#4889,#4890,#4891,#4892));
#891=EDGE_LOOP('',(#4893,#4894,#4895,#4896));
#892=EDGE_LOOP('',(#4897,#4898,#4899,#4900));
#893=EDGE_LOOP('',(#4901,#4902,#4903,#4904));
#894=EDGE_LOOP('',(#4905,#4906,#4907,#4908));
#895=EDGE_LOOP('',(#4909,#4910,#4911,#4912));
#896=EDGE_LOOP('',(#4913,#4914,#4915,#4916));
#897=EDGE_LOOP('',(#4917,#4918,#4919,#4920));
#898=EDGE_LOOP('',(#4921,#4922,#4923,#4924));
#899=EDGE_LOOP('',(#4925,#4926,#4927,#4928));
#900=EDGE_LOOP('',(#4929,#4930,#4931,#4932));
#901=EDGE_LOOP('',(#4933,#4934,#4935,#4936));
#902=EDGE_LOOP('',(#4937,#4938,#4939,#4940));
#903=EDGE_LOOP('',(#4941,#4942,#4943,#4944));
#904=EDGE_LOOP('',(#4945,#4946,#4947,#4948));
#905=EDGE_LOOP('',(#4949,#4950,#4951,#4952));
#906=EDGE_LOOP('',(#4953,#4954,#4955,#4956));
#907=EDGE_LOOP('',(#4957,#4958,#4959,#4960));
#908=EDGE_LOOP('',(#4961,#4962,#4963,#4964));
#909=EDGE_LOOP('',(#4965));
#910=EDGE_LOOP('',(#4966));
#911=EDGE_LOOP('',(#4967));
#912=EDGE_LOOP('',(#4968));
#913=EDGE_LOOP('',(#4969));
#914=EDGE_LOOP('',(#4970));
#915=EDGE_LOOP('',(#4971));
#916=EDGE_LOOP('',(#4972));
#917=EDGE_LOOP('',(#4973));
#918=EDGE_LOOP('',(#4974));
#919=EDGE_LOOP('',(#4975,#4976,#4977,#4978));
#920=EDGE_LOOP('',(#4979,#4980,#4981,#4982));
#921=EDGE_LOOP('',(#4983,#4984,#4985,#4986));
#922=EDGE_LOOP('',(#4987,#4988,#4989,#4990));
#923=EDGE_LOOP('',(#4991,#4992,#4993,#4994));
#924=EDGE_LOOP('',(#4995,#4996,#4997,#4998));
#925=EDGE_LOOP('',(#4999,#5000,#5001,#5002));
#926=EDGE_LOOP('',(#5003,#5004,#5005,#5006));
#927=EDGE_LOOP('',(#5007,#5008,#5009,#5010));
#928=EDGE_LOOP('',(#5011,#5012,#5013,#5014));
#929=EDGE_LOOP('',(#5015,#5016,#5017,#5018,#5019,#5020,#5021,#5022));
#930=EDGE_LOOP('',(#5023,#5024,#5025,#5026,#5027,#5028));
#931=EDGE_LOOP('',(#5029,#5030,#5031,#5032));
#932=EDGE_LOOP('',(#5033,#5034,#5035,#5036));
#933=EDGE_LOOP('',(#5037,#5038,#5039,#5040));
#934=EDGE_LOOP('',(#5041,#5042,#5043,#5044));
#935=EDGE_LOOP('',(#5045,#5046,#5047,#5048));
#936=EDGE_LOOP('',(#5049,#5050,#5051,#5052));
#937=EDGE_LOOP('',(#5053,#5054,#5055,#5056));
#938=EDGE_LOOP('',(#5057,#5058,#5059,#5060));
#939=EDGE_LOOP('',(#5061,#5062,#5063,#5064));
#940=EDGE_LOOP('',(#5065,#5066,#5067,#5068));
#941=EDGE_LOOP('',(#5069,#5070,#5071,#5072));
#942=EDGE_LOOP('',(#5073,#5074,#5075,#5076));
#943=EDGE_LOOP('',(#5077,#5078,#5079,#5080));
#944=EDGE_LOOP('',(#5081,#5082,#5083,#5084));
#945=EDGE_LOOP('',(#5085,#5086,#5087,#5088));
#946=EDGE_LOOP('',(#5089,#5090,#5091,#5092));
#947=EDGE_LOOP('',(#5093,#5094,#5095,#5096));
#948=EDGE_LOOP('',(#5097,#5098,#5099,#5100));
#949=EDGE_LOOP('',(#5101,#5102,#5103,#5104));
#950=EDGE_LOOP('',(#5105,#5106,#5107,#5108));
#951=EDGE_LOOP('',(#5109,#5110,#5111,#5112));
#952=EDGE_LOOP('',(#5113,#5114,#5115,#5116));
#953=EDGE_LOOP('',(#5117,#5118,#5119,#5120));
#954=EDGE_LOOP('',(#5121,#5122,#5123,#5124,#5125,#5126,#5127,#5128,#5129,
#5130,#5131,#5132,#5133,#5134,#5135,#5136,#5137,#5138,#5139,#5140,#5141,
#5142,#5143,#5144,#5145,#5146,#5147,#5148,#5149,#5150));
#955=EDGE_LOOP('',(#5151,#5152,#5153,#5154));
#956=EDGE_LOOP('',(#5155));
#957=EDGE_LOOP('',(#5156));
#958=EDGE_LOOP('',(#5157));
#959=EDGE_LOOP('',(#5158));
#960=EDGE_LOOP('',(#5159));
#961=EDGE_LOOP('',(#5160));
#962=EDGE_LOOP('',(#5161));
#963=EDGE_LOOP('',(#5162));
#964=EDGE_LOOP('',(#5163));
#965=EDGE_LOOP('',(#5164));
#966=EDGE_LOOP('',(#5165,#5166,#5167,#5168,#5169,#5170,#5171,#5172,#5173,
#5174,#5175,#5176,#5177,#5178,#5179,#5180,#5181,#5182,#5183,#5184,#5185,
#5186,#5187,#5188,#5189,#5190,#5191,#5192,#5193,#5194,#5195,#5196));
#967=EDGE_LOOP('',(#5197,#5198,#5199,#5200));
#968=EDGE_LOOP('',(#5201,#5202,#5203,#5204));
#969=EDGE_LOOP('',(#5205,#5206,#5207,#5208));
#970=EDGE_LOOP('',(#5209,#5210,#5211,#5212));
#971=EDGE_LOOP('',(#5213,#5214,#5215,#5216));
#972=EDGE_LOOP('',(#5217,#5218,#5219,#5220));
#973=EDGE_LOOP('',(#5221,#5222,#5223,#5224));
#974=EDGE_LOOP('',(#5225,#5226,#5227,#5228));
#975=EDGE_LOOP('',(#5229,#5230,#5231,#5232));
#976=EDGE_LOOP('',(#5233,#5234,#5235,#5236));
#977=EDGE_LOOP('',(#5237,#5238,#5239,#5240));
#978=EDGE_LOOP('',(#5241,#5242,#5243,#5244));
#979=EDGE_LOOP('',(#5245,#5246,#5247,#5248));
#980=EDGE_LOOP('',(#5249,#5250,#5251,#5252,#5253,#5254,#5255,#5256));
#981=EDGE_LOOP('',(#5257,#5258,#5259,#5260));
#982=EDGE_LOOP('',(#5261,#5262,#5263,#5264));
#983=EDGE_LOOP('',(#5265,#5266,#5267,#5268));
#984=EDGE_LOOP('',(#5269,#5270,#5271,#5272));
#985=EDGE_LOOP('',(#5273,#5274,#5275,#5276));
#986=EDGE_LOOP('',(#5277,#5278,#5279,#5280));
#987=EDGE_LOOP('',(#5281,#5282,#5283,#5284));
#988=EDGE_LOOP('',(#5285,#5286,#5287,#5288));
#989=EDGE_LOOP('',(#5289,#5290,#5291,#5292));
#990=EDGE_LOOP('',(#5293,#5294,#5295,#5296));
#991=EDGE_LOOP('',(#5297,#5298,#5299,#5300));
#992=EDGE_LOOP('',(#5301,#5302,#5303,#5304));
#993=EDGE_LOOP('',(#5305,#5306,#5307,#5308,#5309,#5310,#5311,#5312));
#994=EDGE_LOOP('',(#5313,#5314,#5315,#5316,#5317,#5318,#5319,#5320));
#995=EDGE_LOOP('',(#5321,#5322,#5323,#5324,#5325,#5326,#5327,#5328));
#996=EDGE_LOOP('',(#5329));
#997=EDGE_LOOP('',(#5330));
#998=EDGE_LOOP('',(#5331));
#999=EDGE_LOOP('',(#5332));
#1000=EDGE_LOOP('',(#5333));
#1001=EDGE_LOOP('',(#5334));
#1002=EDGE_LOOP('',(#5335));
#1003=EDGE_LOOP('',(#5336));
#1004=EDGE_LOOP('',(#5337,#5338,#5339,#5340,#5341,#5342,#5343,#5344));
#1005=EDGE_LOOP('',(#5345,#5346,#5347,#5348));
#1006=EDGE_LOOP('',(#5349,#5350,#5351,#5352));
#1007=EDGE_LOOP('',(#5353,#5354,#5355,#5356));
#1008=EDGE_LOOP('',(#5357,#5358,#5359,#5360));
#1009=EDGE_LOOP('',(#5361));
#1010=EDGE_LOOP('',(#5362));
#1011=EDGE_LOOP('',(#5363,#5364,#5365,#5366));
#1012=EDGE_LOOP('',(#5367,#5368));
#1013=EDGE_LOOP('',(#5369));
#1014=EDGE_LOOP('',(#5370,#5371,#5372,#5373));
#1015=EDGE_LOOP('',(#5374));
#1016=EDGE_LOOP('',(#5375));
#1017=EDGE_LOOP('',(#5376));
#1018=EDGE_LOOP('',(#5377));
#1019=EDGE_LOOP('',(#5378));
#1020=EDGE_LOOP('',(#5379));
#1021=EDGE_LOOP('',(#5380));
#1022=EDGE_LOOP('',(#5381));
#1023=EDGE_LOOP('',(#5382));
#1024=EDGE_LOOP('',(#5383));
#1025=EDGE_LOOP('',(#5384));
#1026=EDGE_LOOP('',(#5385));
#1027=EDGE_LOOP('',(#5386));
#1028=EDGE_LOOP('',(#5387));
#1029=EDGE_LOOP('',(#5388,#5389,#5390,#5391,#5392));
#1030=EDGE_LOOP('',(#5393,#5394,#5395,#5396));
#1031=EDGE_LOOP('',(#5397,#5398,#5399,#5400));
#1032=EDGE_LOOP('',(#5401,#5402,#5403,#5404));
#1033=EDGE_LOOP('',(#5405,#5406,#5407,#5408));
#1034=EDGE_LOOP('',(#5409,#5410,#5411,#5412));
#1035=EDGE_LOOP('',(#5413,#5414,#5415,#5416));
#1036=EDGE_LOOP('',(#5417,#5418,#5419,#5420));
#1037=EDGE_LOOP('',(#5421,#5422,#5423,#5424));
#1038=EDGE_LOOP('',(#5425,#5426,#5427,#5428));
#1039=EDGE_LOOP('',(#5429,#5430,#5431,#5432));
#1040=EDGE_LOOP('',(#5433,#5434,#5435,#5436));
#1041=EDGE_LOOP('',(#5437,#5438,#5439,#5440));
#1042=EDGE_LOOP('',(#5441,#5442,#5443,#5444));
#1043=EDGE_LOOP('',(#5445,#5446,#5447,#5448));
#1044=EDGE_LOOP('',(#5449,#5450,#5451,#5452));
#1045=EDGE_LOOP('',(#5453,#5454,#5455,#5456));
#1046=EDGE_LOOP('',(#5457,#5458,#5459,#5460));
#1047=EDGE_LOOP('',(#5461,#5462,#5463,#5464));
#1048=EDGE_LOOP('',(#5465,#5466,#5467,#5468));
#1049=EDGE_LOOP('',(#5469,#5470,#5471,#5472));
#1050=EDGE_LOOP('',(#5473,#5474,#5475,#5476));
#1051=EDGE_LOOP('',(#5477,#5478,#5479,#5480));
#1052=EDGE_LOOP('',(#5481,#5482,#5483,#5484));
#1053=EDGE_LOOP('',(#5485,#5486,#5487,#5488));
#1054=EDGE_LOOP('',(#5489));
#1055=EDGE_LOOP('',(#5490));
#1056=EDGE_LOOP('',(#5491));
#1057=EDGE_LOOP('',(#5492));
#1058=EDGE_LOOP('',(#5493,#5494,#5495,#5496));
#1059=EDGE_LOOP('',(#5497,#5498,#5499,#5500));
#1060=EDGE_LOOP('',(#5501,#5502,#5503,#5504));
#1061=EDGE_LOOP('',(#5505,#5506,#5507,#5508));
#1062=EDGE_LOOP('',(#5509,#5510,#5511,#5512));
#1063=EDGE_LOOP('',(#5513,#5514,#5515,#5516));
#1064=EDGE_LOOP('',(#5517,#5518,#5519,#5520,#5521,#5522));
#1065=EDGE_LOOP('',(#5523));
#1066=EDGE_LOOP('',(#5524));
#1067=EDGE_LOOP('',(#5525,#5526,#5527,#5528));
#1068=EDGE_LOOP('',(#5529,#5530,#5531,#5532));
#1069=EDGE_LOOP('',(#5533));
#1070=EDGE_LOOP('',(#5534,#5535,#5536,#5537,#5538,#5539));
#1071=EDGE_LOOP('',(#5540));
#1072=EDGE_LOOP('',(#5541));
#1073=EDGE_LOOP('',(#5542));
#1074=EDGE_LOOP('',(#5543));
#1075=EDGE_LOOP('',(#5544));
#1076=EDGE_LOOP('',(#5545));
#1077=EDGE_LOOP('',(#5546));
#1078=EDGE_LOOP('',(#5547));
#1079=EDGE_LOOP('',(#5548,#5549,#5550,#5551));
#1080=EDGE_LOOP('',(#5552,#5553));
#1081=EDGE_LOOP('',(#5554));
#1082=EDGE_LOOP('',(#5555,#5556));
#1083=EDGE_LOOP('',(#5557));
#1084=EDGE_LOOP('',(#5558,#5559,#5560,#5561,#5562));
#1085=EDGE_LOOP('',(#5563,#5564,#5565,#5566));
#1086=EDGE_LOOP('',(#5567,#5568,#5569,#5570));
#1087=EDGE_LOOP('',(#5571,#5572,#5573,#5574));
#1088=EDGE_LOOP('',(#5575,#5576,#5577,#5578));
#1089=EDGE_LOOP('',(#5579,#5580,#5581,#5582));
#1090=EDGE_LOOP('',(#5583,#5584,#5585,#5586));
#1091=EDGE_LOOP('',(#5587,#5588,#5589,#5590));
#1092=EDGE_LOOP('',(#5591,#5592,#5593,#5594));
#1093=EDGE_LOOP('',(#5595,#5596,#5597,#5598));
#1094=EDGE_LOOP('',(#5599,#5600,#5601,#5602));
#1095=EDGE_LOOP('',(#5603,#5604,#5605,#5606));
#1096=EDGE_LOOP('',(#5607,#5608,#5609,#5610));
#1097=EDGE_LOOP('',(#5611,#5612,#5613,#5614));
#1098=EDGE_LOOP('',(#5615,#5616,#5617,#5618));
#1099=EDGE_LOOP('',(#5619,#5620,#5621,#5622));
#1100=EDGE_LOOP('',(#5623,#5624,#5625,#5626));
#1101=EDGE_LOOP('',(#5627,#5628,#5629,#5630,#5631,#5632,#5633,#5634,#5635,
#5636,#5637,#5638,#5639,#5640,#5641,#5642));
#1102=EDGE_LOOP('',(#5643,#5644,#5645,#5646,#5647));
#1103=EDGE_LOOP('',(#5648,#5649,#5650,#5651));
#1104=EDGE_LOOP('',(#5652));
#1105=EDGE_LOOP('',(#5653));
#1106=EDGE_LOOP('',(#5654,#5655,#5656,#5657));
#1107=EDGE_LOOP('',(#5658,#5659,#5660,#5661));
#1108=EDGE_LOOP('',(#5662,#5663,#5664,#5665));
#1109=EDGE_LOOP('',(#5666,#5667,#5668,#5669));
#1110=EDGE_LOOP('',(#5670,#5671,#5672,#5673));
#1111=EDGE_LOOP('',(#5674,#5675,#5676,#5677));
#1112=EDGE_LOOP('',(#5678,#5679,#5680,#5681,#5682,#5683));
#1113=EDGE_LOOP('',(#5684,#5685,#5686,#5687));
#1114=EDGE_LOOP('',(#5688,#5689,#5690,#5691));
#1115=EDGE_LOOP('',(#5692,#5693,#5694,#5695));
#1116=EDGE_LOOP('',(#5696,#5697,#5698,#5699));
#1117=EDGE_LOOP('',(#5700,#5701,#5702,#5703));
#1118=EDGE_LOOP('',(#5704,#5705,#5706,#5707));
#1119=EDGE_LOOP('',(#5708,#5709,#5710,#5711,#5712,#5713));
#1120=EDGE_LOOP('',(#5714,#5715,#5716,#5717));
#1121=EDGE_LOOP('',(#5718,#5719,#5720,#5721));
#1122=EDGE_LOOP('',(#5722,#5723,#5724,#5725));
#1123=EDGE_LOOP('',(#5726,#5727,#5728,#5729));
#1124=EDGE_LOOP('',(#5730,#5731,#5732,#5733));
#1125=EDGE_LOOP('',(#5734,#5735,#5736,#5737));
#1126=EDGE_LOOP('',(#5738,#5739,#5740,#5741,#5742,#5743));
#1127=EDGE_LOOP('',(#5744,#5745,#5746,#5747));
#1128=EDGE_LOOP('',(#5748,#5749,#5750,#5751));
#1129=EDGE_LOOP('',(#5752,#5753,#5754,#5755));
#1130=EDGE_LOOP('',(#5756,#5757,#5758,#5759));
#1131=EDGE_LOOP('',(#5760,#5761,#5762,#5763));
#1132=EDGE_LOOP('',(#5764,#5765,#5766,#5767));
#1133=EDGE_LOOP('',(#5768,#5769,#5770,#5771,#5772,#5773));
#1134=EDGE_LOOP('',(#5774,#5775,#5776,#5777));
#1135=EDGE_LOOP('',(#5778));
#1136=EDGE_LOOP('',(#5779,#5780,#5781,#5782,#5783,#5784,#5785,#5786,#5787,
#5788,#5789,#5790,#5791,#5792,#5793,#5794));
#1137=EDGE_LOOP('',(#5795,#5796,#5797,#5798));
#1138=EDGE_LOOP('',(#5799,#5800,#5801,#5802));
#1139=EDGE_LOOP('',(#5803,#5804,#5805,#5806));
#1140=EDGE_LOOP('',(#5807,#5808,#5809,#5810));
#1141=EDGE_LOOP('',(#5811,#5812,#5813,#5814));
#1142=EDGE_LOOP('',(#5815,#5816,#5817,#5818));
#1143=EDGE_LOOP('',(#5819,#5820,#5821,#5822));
#1144=EDGE_LOOP('',(#5823,#5824,#5825,#5826));
#1145=EDGE_LOOP('',(#5827,#5828,#5829,#5830));
#1146=EDGE_LOOP('',(#5831));
#1147=EDGE_LOOP('',(#5832,#5833,#5834,#5835,#5836,#5837));
#1148=EDGE_LOOP('',(#5838,#5839,#5840,#5841));
#1149=EDGE_LOOP('',(#5842,#5843,#5844,#5845));
#1150=EDGE_LOOP('',(#5846));
#1151=EDGE_LOOP('',(#5847,#5848,#5849,#5850,#5851,#5852));
#1152=EDGE_LOOP('',(#5853,#5854,#5855,#5856));
#1153=EDGE_LOOP('',(#5857,#5858,#5859,#5860));
#1154=EDGE_LOOP('',(#5861));
#1155=EDGE_LOOP('',(#5862,#5863,#5864,#5865,#5866,#5867));
#1156=EDGE_LOOP('',(#5868,#5869,#5870,#5871));
#1157=EDGE_LOOP('',(#5872,#5873,#5874,#5875));
#1158=EDGE_LOOP('',(#5876));
#1159=EDGE_LOOP('',(#5877,#5878,#5879,#5880,#5881,#5882));
#1160=EDGE_LOOP('',(#5883));
#1161=EDGE_LOOP('',(#5884));
#1162=EDGE_LOOP('',(#5885));
#1163=EDGE_LOOP('',(#5886));
#1164=EDGE_LOOP('',(#5887));
#1165=EDGE_LOOP('',(#5888));
#1166=EDGE_LOOP('',(#5889));
#1167=EDGE_LOOP('',(#5890));
#1168=EDGE_LOOP('',(#5891,#5892,#5893,#5894));
#1169=EDGE_LOOP('',(#5895,#5896,#5897,#5898));
#1170=EDGE_LOOP('',(#5899,#5900,#5901,#5902,#5903,#5904,#5905,#5906,#5907,
#5908,#5909,#5910,#5911,#5912,#5913,#5914,#5915,#5916,#5917,#5918));
#1171=EDGE_LOOP('',(#5919));
#1172=EDGE_LOOP('',(#5920));
#1173=EDGE_LOOP('',(#5921));
#1174=EDGE_LOOP('',(#5922));
#1175=EDGE_LOOP('',(#5923,#5924,#5925,#5926));
#1176=EDGE_LOOP('',(#5927,#5928,#5929,#5930));
#1177=EDGE_LOOP('',(#5931,#5932,#5933,#5934));
#1178=EDGE_LOOP('',(#5935,#5936,#5937,#5938));
#1179=CIRCLE('',#6566,0.399783627514875);
#1180=CIRCLE('',#6567,0.399824306448734);
#1181=CIRCLE('',#6568,0.40000000051004);
#1182=CIRCLE('',#6569,0.400000000572551);
#1183=CIRCLE('',#6570,0.399783627513644);
#1184=CIRCLE('',#6571,0.399824306487649);
#1185=CIRCLE('',#6572,13.1499999999898);
#1186=CIRCLE('',#6578,0.700000000007499);
#1187=CIRCLE('',#6579,0.700000000005955);
#1188=CIRCLE('',#6584,13.1499999999898);
#1189=CIRCLE('',#6593,0.300000000637604);
#1190=CIRCLE('',#6594,0.29999999915302);
#1191=CIRCLE('',#6595,0.300000000062504);
#1192=CIRCLE('',#6596,0.3);
#1193=CIRCLE('',#6597,0.300000000062256);
#1194=CIRCLE('',#6598,0.299999999999971);
#1195=CIRCLE('',#6599,2.5);
#1196=CIRCLE('',#6600,2.5);
#1197=CIRCLE('',#6605,0.700000000007499);
#1198=CIRCLE('',#6632,0.700000000005955);
#1199=CIRCLE('',#6654,1.025);
#1200=CIRCLE('',#6655,1.025);
#1201=CIRCLE('',#6658,1.025);
#1202=CIRCLE('',#6659,1.025);
#1203=CIRCLE('',#6662,1.025);
#1204=CIRCLE('',#6663,1.025);
#1205=CIRCLE('',#6666,1.025);
#1206=CIRCLE('',#6667,1.025);
#1207=CIRCLE('',#6670,2.4);
#1208=CIRCLE('',#6672,2.4);
#1209=CIRCLE('',#6674,2.4);
#1210=CIRCLE('',#6676,2.4);
#1211=CIRCLE('',#6678,2.5);
#1212=CIRCLE('',#6679,2.4);
#1213=CIRCLE('',#6681,13.);
#1214=CIRCLE('',#6682,2.5);
#1215=CIRCLE('',#6683,8.);
#1216=CIRCLE('',#6685,2.4);
#1217=CIRCLE('',#6687,2.4);
#1218=CIRCLE('',#6689,2.4);
#1219=CIRCLE('',#6691,2.03);
#1220=CIRCLE('',#6692,2.25);
#1221=CIRCLE('',#6694,2.25);
#1222=CIRCLE('',#6697,2.03);
#1223=CIRCLE('',#6698,2.25);
#1224=CIRCLE('',#6700,2.25);
#1225=CIRCLE('',#6703,2.03);
#1226=CIRCLE('',#6704,2.25);
#1227=CIRCLE('',#6706,2.25);
#1228=CIRCLE('',#6709,2.03);
#1229=CIRCLE('',#6710,2.25);
#1230=CIRCLE('',#6712,2.25);
#1231=CIRCLE('',#6747,0.200000000022149);
#1232=CIRCLE('',#6748,0.200000000022149);
#1233=CIRCLE('',#6750,0.20000000000187);
#1234=CIRCLE('',#6751,0.20000000000187);
#1235=CIRCLE('',#6753,0.199999999981944);
#1236=CIRCLE('',#6754,0.199999999981944);
#1237=CIRCLE('',#6756,0.19999999997856);
#1238=CIRCLE('',#6757,0.19999999997856);
#1239=CIRCLE('',#6759,0.199999999998191);
#1240=CIRCLE('',#6760,0.199999999998191);
#1241=CIRCLE('',#6762,0.200000000013531);
#1242=CIRCLE('',#6763,0.200000000013531);
#1243=CIRCLE('',#6765,8.899994936);
#1244=CIRCLE('',#6766,8.899994936);
#1245=CIRCLE('',#6768,0.199999999947234);
#1246=CIRCLE('',#6769,0.199999999947234);
#1247=CIRCLE('',#6771,1.75);
#1248=CIRCLE('',#6772,1.75);
#1249=CIRCLE('',#6774,9.0000144225);
#1250=CIRCLE('',#6775,1.7500000000013);
#1251=CIRCLE('',#6776,1.75);
#1252=CIRCLE('',#6777,1.74999999997374);
#1253=CIRCLE('',#6778,1.75000000004963);
#1254=CIRCLE('',#6779,1.74999999998987);
#1255=CIRCLE('',#6780,1.74999999999829);
#1256=CIRCLE('',#6781,1.75);
#1257=CIRCLE('',#6783,1.75);
#1258=CIRCLE('',#6785,1.7500000000013);
#1259=CIRCLE('',#6787,1.75);
#1260=CIRCLE('',#6789,1.74999999999829);
#1261=CIRCLE('',#6791,1.74999999997374);
#1262=CIRCLE('',#6793,1.75000000004963);
#1263=CIRCLE('',#6795,1.74999999998987);
#1264=CIRCLE('',#6813,9.0000144225);
#1265=CIRCLE('',#6815,13.);
#1266=CIRCLE('',#6816,1.025);
#1267=CIRCLE('',#6817,1.025);
#1268=CIRCLE('',#6818,1.025);
#1269=CIRCLE('',#6819,1.025);
#1270=CIRCLE('',#6820,1.025);
#1271=CIRCLE('',#6821,1.025);
#1272=CIRCLE('',#6822,1.025);
#1273=CIRCLE('',#6823,1.025);
#1274=CIRCLE('',#6825,1.025);
#1275=CIRCLE('',#6827,1.025);
#1276=CIRCLE('',#6829,1.025);
#1277=CIRCLE('',#6831,1.025);
#1278=CIRCLE('',#6833,1.025);
#1279=CIRCLE('',#6835,1.025);
#1280=CIRCLE('',#6837,1.025);
#1281=CIRCLE('',#6839,1.025);
#1282=CIRCLE('',#6841,13.);
#1283=CIRCLE('',#6846,0.300000000637604);
#1284=CIRCLE('',#6849,0.29999999915302);
#1285=CIRCLE('',#6852,0.300000000062504);
#1286=CIRCLE('',#6855,0.3);
#1287=CIRCLE('',#6858,0.300000000062256);
#1288=CIRCLE('',#6861,0.299999999999971);
#1289=CIRCLE('',#6863,0.400000000572551);
#1290=CIRCLE('',#6866,0.40000000051004);
#1291=CIRCLE('',#6870,0.399824306487649);
#1292=CIRCLE('',#6872,0.399783627513644);
#1293=CIRCLE('',#6876,0.399824306448734);
#1294=CIRCLE('',#6878,0.399783627514875);
#1295=CIRCLE('',#6882,8.);
#1296=CIRCLE('',#6884,13.);
#1297=CIRCLE('',#6888,0.22);
#1298=CIRCLE('',#6889,0.95);
#1299=CIRCLE('',#6890,0.219999999999989);
#1300=CIRCLE('',#6891,0.73);
#1301=CIRCLE('',#6893,0.219999999999998);
#1302=CIRCLE('',#6895,0.219999999999994);
#1303=CIRCLE('',#6896,0.73);
#1304=CIRCLE('',#6897,0.95);
#1305=CIRCLE('',#6899,0.220000000000002);
#1306=CIRCLE('',#6901,0.220000000000002);
#1307=CIRCLE('',#6902,0.73);
#1308=CIRCLE('',#6903,0.95);
#1309=CIRCLE('',#6905,0.219999999999998);
#1310=CIRCLE('',#6907,0.220000000000002);
#1311=CIRCLE('',#6908,0.73);
#1312=CIRCLE('',#6909,0.95);
#1313=CIRCLE('',#6913,0.95);
#1314=CIRCLE('',#6916,0.95);
#1315=CIRCLE('',#6920,0.95);
#1316=CIRCLE('',#6923,0.95);
#1317=CIRCLE('',#6926,1.);
#1318=CIRCLE('',#6927,1.);
#1319=CIRCLE('',#6930,1.);
#1320=CIRCLE('',#6931,1.);
#1321=CIRCLE('',#6934,1.);
#1322=CIRCLE('',#6935,1.);
#1323=CIRCLE('',#6938,1.);
#1324=CIRCLE('',#6939,1.);
#1325=CIRCLE('',#6942,1.345);
#1326=CIRCLE('',#6943,2.3);
#1327=CIRCLE('',#6944,2.5);
#1328=CIRCLE('',#6945,2.5);
#1329=CIRCLE('',#6946,2.5);
#1330=CIRCLE('',#6947,2.5);
#1331=CIRCLE('',#6948,8.);
#1332=CIRCLE('',#6949,1.345);
#1333=CIRCLE('',#6951,1.025);
#1334=CIRCLE('',#6953,1.025);
#1335=CIRCLE('',#6955,1.025);
#1336=CIRCLE('',#6957,1.025);
#1337=CIRCLE('',#6961,8.);
#1338=CIRCLE('',#6963,13.);
#1339=CIRCLE('',#6964,13.);
#1340=CIRCLE('',#6966,12.8);
#1341=CIRCLE('',#6967,13.);
#1342=CIRCLE('',#6969,1.345);
#1343=CIRCLE('',#6970,1.345);
#1344=CIRCLE('',#6971,1.345);
#1345=CIRCLE('',#6972,1.345);
#1346=CIRCLE('',#6973,1.1);
#1347=CIRCLE('',#6974,1.1);
#1348=CIRCLE('',#6975,5.);
#1349=CIRCLE('',#6976,1.1);
#1350=CIRCLE('',#6977,1.1);
#1351=CIRCLE('',#6978,1.345);
#1352=CIRCLE('',#6979,1.345);
#1353=CIRCLE('',#6980,1.345);
#1354=CIRCLE('',#6981,1.345);
#1355=CIRCLE('',#6984,1.025);
#1356=CIRCLE('',#6986,1.025);
#1357=CIRCLE('',#6988,1.025);
#1358=CIRCLE('',#6990,1.025);
#1359=CIRCLE('',#6992,1.025);
#1360=CIRCLE('',#6994,1.025);
#1361=CIRCLE('',#6996,1.025);
#1362=CIRCLE('',#6998,1.025);
#1363=CIRCLE('',#7000,1.025);
#1364=CIRCLE('',#7002,1.025);
#1365=CIRCLE('',#7004,1.025);
#1366=CIRCLE('',#7006,1.025);
#1367=CIRCLE('',#7008,1.025);
#1368=CIRCLE('',#7010,1.025);
#1369=CIRCLE('',#7012,1.025);
#1370=CIRCLE('',#7014,1.025);
#1371=CIRCLE('',#7016,1.);
#1372=CIRCLE('',#7018,1.);
#1373=CIRCLE('',#7020,1.);
#1374=CIRCLE('',#7022,1.);
#1375=CIRCLE('',#7024,1.);
#1376=CIRCLE('',#7026,1.);
#1377=CIRCLE('',#7028,1.);
#1378=CIRCLE('',#7030,1.);
#1379=CIRCLE('',#7043,5.);
#1380=CIRCLE('',#7044,2.75);
#1381=CIRCLE('',#7047,2.75);
#1382=CIRCLE('',#7058,1.36731485821019);
#1383=CIRCLE('',#7059,1.36731485821019);
#1384=CIRCLE('',#7061,2.);
#1385=CIRCLE('',#7062,2.);
#1386=CIRCLE('',#7064,2.);
#1387=CIRCLE('',#7065,2.);
#1388=CIRCLE('',#7067,2.);
#1389=CIRCLE('',#7070,1.25000000001227);
#1390=CIRCLE('',#7071,1.25000000001227);
#1391=CIRCLE('',#7074,0.5);
#1392=CIRCLE('',#7075,0.5);
#1393=CIRCLE('',#7078,1.25);
#1394=CIRCLE('',#7079,1.25);
#1395=CIRCLE('',#7082,0.5);
#1396=CIRCLE('',#7083,0.5);
#1397=CIRCLE('',#7086,1.25);
#1398=CIRCLE('',#7087,1.25);
#1399=CIRCLE('',#7090,0.5);
#1400=CIRCLE('',#7091,0.5);
#1401=CIRCLE('',#7094,1.24999999999427);
#1402=CIRCLE('',#7095,1.24999999999427);
#1403=CIRCLE('',#7098,0.5);
#1404=CIRCLE('',#7099,0.5);
#1405=CIRCLE('',#7102,2.);
#1406=CIRCLE('',#7104,2.3);
#1407=CIRCLE('',#7135,2.4);
#1408=CIRCLE('',#7138,2.4);
#1409=CIRCLE('',#7140,2.4);
#1410=CIRCLE('',#7142,2.4);
#1411=CIRCLE('',#7144,2.4);
#1412=CIRCLE('',#7146,2.4);
#1413=CIRCLE('',#7148,2.4);
#1414=CIRCLE('',#7150,2.4);
#1415=CIRCLE('',#7152,2.03);
#1416=CIRCLE('',#7153,2.25);
#1417=CIRCLE('',#7155,2.25);
#1418=CIRCLE('',#7158,2.03);
#1419=CIRCLE('',#7159,2.25);
#1420=CIRCLE('',#7161,2.25);
#1421=CIRCLE('',#7164,2.03);
#1422=CIRCLE('',#7165,2.25);
#1423=CIRCLE('',#7167,2.25);
#1424=CIRCLE('',#7170,2.03);
#1425=CIRCLE('',#7171,2.25);
#1426=CIRCLE('',#7173,2.25);
#1427=LINE('',#9072,#2065);
#1428=LINE('',#9074,#2066);
#1429=LINE('',#9076,#2067);
#1430=LINE('',#9078,#2068);
#1431=LINE('',#9080,#2069);
#1432=LINE('',#9086,#2070);
#1433=LINE('',#9090,#2071);
#1434=LINE('',#9094,#2072);
#1435=LINE('',#9100,#2073);
#1436=LINE('',#9102,#2074);
#1437=LINE('',#9104,#2075);
#1438=LINE('',#9106,#2076);
#1439=LINE('',#9108,#2077);
#1440=LINE('',#9112,#2078);
#1441=LINE('',#9114,#2079);
#1442=LINE('',#9116,#2080);
#1443=LINE('',#9117,#2081);
#1444=LINE('',#9120,#2082);
#1445=LINE('',#9122,#2083);
#1446=LINE('',#9123,#2084);
#1447=LINE('',#9126,#2085);
#1448=LINE('',#9128,#2086);
#1449=LINE('',#9130,#2087);
#1450=LINE('',#9132,#2088);
#1451=LINE('',#9134,#2089);
#1452=LINE('',#9135,#2090);
#1453=LINE('',#9137,#2091);
#1454=LINE('',#9139,#2092);
#1455=LINE('',#9142,#2093);
#1456=LINE('',#9144,#2094);
#1457=LINE('',#9146,#2095);
#1458=LINE('',#9148,#2096);
#1459=LINE('',#9150,#2097);
#1460=LINE('',#9152,#2098);
#1461=LINE('',#9154,#2099);
#1462=LINE('',#9156,#2100);
#1463=LINE('',#9158,#2101);
#1464=LINE('',#9160,#2102);
#1465=LINE('',#9162,#2103);
#1466=LINE('',#9166,#2104);
#1467=LINE('',#9170,#2105);
#1468=LINE('',#9172,#2106);
#1469=LINE('',#9174,#2107);
#1470=LINE('',#9176,#2108);
#1471=LINE('',#9178,#2109);
#1472=LINE('',#9180,#2110);
#1473=LINE('',#9182,#2111);
#1474=LINE('',#9184,#2112);
#1475=LINE('',#9185,#2113);
#1476=LINE('',#9188,#2114);
#1477=LINE('',#9189,#2115);
#1478=LINE('',#9191,#2116);
#1479=LINE('',#9194,#2117);
#1480=LINE('',#9195,#2118);
#1481=LINE('',#9198,#2119);
#1482=LINE('',#9202,#2120);
#1483=LINE('',#9203,#2121);
#1484=LINE('',#9206,#2122);
#1485=LINE('',#9208,#2123);
#1486=LINE('',#9210,#2124);
#1487=LINE('',#9212,#2125);
#1488=LINE('',#9214,#2126);
#1489=LINE('',#9216,#2127);
#1490=LINE('',#9218,#2128);
#1491=LINE('',#9220,#2129);
#1492=LINE('',#9222,#2130);
#1493=LINE('',#9223,#2131);
#1494=LINE('',#9226,#2132);
#1495=LINE('',#9228,#2133);
#1496=LINE('',#9230,#2134);
#1497=LINE('',#9231,#2135);
#1498=LINE('',#9234,#2136);
#1499=LINE('',#9235,#2137);
#1500=LINE('',#9238,#2138);
#1501=LINE('',#9239,#2139);
#1502=LINE('',#9242,#2140);
#1503=LINE('',#9243,#2141);
#1504=LINE('',#9246,#2142);
#1505=LINE('',#9247,#2143);
#1506=LINE('',#9250,#2144);
#1507=LINE('',#9254,#2145);
#1508=LINE('',#9258,#2146);
#1509=LINE('',#9262,#2147);
#1510=LINE('',#9266,#2148);
#1511=LINE('',#9270,#2149);
#1512=LINE('',#9274,#2150);
#1513=LINE('',#9276,#2151);
#1514=LINE('',#9278,#2152);
#1515=LINE('',#9280,#2153);
#1516=LINE('',#9281,#2154);
#1517=LINE('',#9288,#2155);
#1518=LINE('',#9290,#2156);
#1519=LINE('',#9291,#2157);
#1520=LINE('',#9294,#2158);
#1521=LINE('',#9295,#2159);
#1522=LINE('',#9298,#2160);
#1523=LINE('',#9299,#2161);
#1524=LINE('',#9303,#2162);
#1525=LINE('',#9307,#2163);
#1526=LINE('',#9309,#2164);
#1527=LINE('',#9311,#2165);
#1528=LINE('',#9312,#2166);
#1529=LINE('',#9315,#2167);
#1530=LINE('',#9317,#2168);
#1531=LINE('',#9318,#2169);
#1532=LINE('',#9321,#2170);
#1533=LINE('',#9323,#2171);
#1534=LINE('',#9324,#2172);
#1535=LINE('',#9328,#2173);
#1536=LINE('',#9330,#2174);
#1537=LINE('',#9332,#2175);
#1538=LINE('',#9333,#2176);
#1539=LINE('',#9336,#2177);
#1540=LINE('',#9338,#2178);
#1541=LINE('',#9339,#2179);
#1542=LINE('',#9342,#2180);
#1543=LINE('',#9344,#2181);
#1544=LINE('',#9345,#2182);
#1545=LINE('',#9349,#2183);
#1546=LINE('',#9351,#2184);
#1547=LINE('',#9353,#2185);
#1548=LINE('',#9354,#2186);
#1549=LINE('',#9357,#2187);
#1550=LINE('',#9359,#2188);
#1551=LINE('',#9360,#2189);
#1552=LINE('',#9363,#2190);
#1553=LINE('',#9365,#2191);
#1554=LINE('',#9366,#2192);
#1555=LINE('',#9368,#2193);
#1556=LINE('',#9369,#2194);
#1557=LINE('',#9371,#2195);
#1558=LINE('',#9372,#2196);
#1559=LINE('',#9374,#2197);
#1560=LINE('',#9375,#2198);
#1561=LINE('',#9379,#2199);
#1562=LINE('',#9381,#2200);
#1563=LINE('',#9383,#2201);
#1564=LINE('',#9384,#2202);
#1565=LINE('',#9388,#2203);
#1566=LINE('',#9389,#2204);
#1567=LINE('',#9390,#2205);
#1568=LINE('',#9394,#2206);
#1569=LINE('',#9396,#2207);
#1570=LINE('',#9398,#2208);
#1571=LINE('',#9399,#2209);
#1572=LINE('',#9403,#2210);
#1573=LINE('',#9405,#2211);
#1574=LINE('',#9406,#2212);
#1575=LINE('',#9407,#2213);
#1576=LINE('',#9410,#2214);
#1577=LINE('',#9412,#2215);
#1578=LINE('',#9413,#2216);
#1579=LINE('',#9416,#2217);
#1580=LINE('',#9418,#2218);
#1581=LINE('',#9419,#2219);
#1582=LINE('',#9422,#2220);
#1583=LINE('',#9424,#2221);
#1584=LINE('',#9425,#2222);
#1585=LINE('',#9428,#2223);
#1586=LINE('',#9429,#2224);
#1587=LINE('',#9431,#2225);
#1588=LINE('',#9432,#2226);
#1589=LINE('',#9435,#2227);
#1590=LINE('',#9436,#2228);
#1591=LINE('',#9439,#2229);
#1592=LINE('',#9440,#2230);
#1593=LINE('',#9443,#2231);
#1594=LINE('',#9444,#2232);
#1595=LINE('',#9448,#2233);
#1596=LINE('',#9449,#2234);
#1597=LINE('',#9450,#2235);
#1598=LINE('',#9453,#2236);
#1599=LINE('',#9454,#2237);
#1600=LINE('',#9459,#2238);
#1601=LINE('',#9461,#2239);
#1602=LINE('',#9462,#2240);
#1603=LINE('',#9464,#2241);
#1604=LINE('',#9465,#2242);
#1605=LINE('',#9468,#2243);
#1606=LINE('',#9470,#2244);
#1607=LINE('',#9471,#2245);
#1608=LINE('',#9473,#2246);
#1609=LINE('',#9474,#2247);
#1610=LINE('',#9478,#2248);
#1611=LINE('',#9479,#2249);
#1612=LINE('',#9488,#2250);
#1613=LINE('',#9489,#2251);
#1614=LINE('',#9490,#2252);
#1615=LINE('',#9493,#2253);
#1616=LINE('',#9494,#2254);
#1617=LINE('',#9498,#2255);
#1618=LINE('',#9499,#2256);
#1619=LINE('',#9500,#2257);
#1620=LINE('',#9503,#2258);
#1621=LINE('',#9504,#2259);
#1622=LINE('',#9506,#2260);
#1623=LINE('',#9509,#2261);
#1624=LINE('',#9510,#2262);
#1625=LINE('',#9512,#2263);
#1626=LINE('',#9514,#2264);
#1627=LINE('',#9516,#2265);
#1628=LINE('',#9517,#2266);
#1629=LINE('',#9520,#2267);
#1630=LINE('',#9522,#2268);
#1631=LINE('',#9524,#2269);
#1632=LINE('',#9525,#2270);
#1633=LINE('',#9530,#2271);
#1634=LINE('',#9537,#2272);
#1635=LINE('',#9544,#2273);
#1636=LINE('',#9551,#2274);
#1637=LINE('',#9556,#2275);
#1638=LINE('',#9560,#2276);
#1639=LINE('',#9564,#2277);
#1640=LINE('',#9568,#2278);
#1641=LINE('',#9574,#2279);
#1642=LINE('',#9579,#2280);
#1643=LINE('',#9581,#2281);
#1644=LINE('',#9583,#2282);
#1645=LINE('',#9585,#2283);
#1646=LINE('',#9586,#2284);
#1647=LINE('',#9593,#2285);
#1648=LINE('',#9597,#2286);
#1649=LINE('',#9601,#2287);
#1650=LINE('',#9607,#2288);
#1651=LINE('',#9612,#2289);
#1652=LINE('',#9616,#2290);
#1653=LINE('',#9618,#2291);
#1654=LINE('',#9620,#2292);
#1655=LINE('',#9622,#2293);
#1656=LINE('',#9624,#2294);
#1657=LINE('',#9625,#2295);
#1658=LINE('',#9630,#2296);
#1659=LINE('',#9635,#2297);
#1660=LINE('',#9639,#2298);
#1661=LINE('',#9641,#2299);
#1662=LINE('',#9643,#2300);
#1663=LINE('',#9645,#2301);
#1664=LINE('',#9647,#2302);
#1665=LINE('',#9648,#2303);
#1666=LINE('',#9653,#2304);
#1667=LINE('',#9658,#2305);
#1668=LINE('',#9662,#2306);
#1669=LINE('',#9664,#2307);
#1670=LINE('',#9666,#2308);
#1671=LINE('',#9668,#2309);
#1672=LINE('',#9670,#2310);
#1673=LINE('',#9671,#2311);
#1674=LINE('',#9676,#2312);
#1675=LINE('',#9681,#2313);
#1676=LINE('',#9685,#2314);
#1677=LINE('',#9687,#2315);
#1678=LINE('',#9689,#2316);
#1679=LINE('',#9691,#2317);
#1680=LINE('',#9693,#2318);
#1681=LINE('',#9694,#2319);
#1682=LINE('',#9697,#2320);
#1683=LINE('',#9699,#2321);
#1684=LINE('',#9700,#2322);
#1685=LINE('',#9703,#2323);
#1686=LINE('',#9704,#2324);
#1687=LINE('',#9707,#2325);
#1688=LINE('',#9708,#2326);
#1689=LINE('',#9711,#2327);
#1690=LINE('',#9712,#2328);
#1691=LINE('',#9715,#2329);
#1692=LINE('',#9716,#2330);
#1693=LINE('',#9718,#2331);
#1694=LINE('',#9723,#2332);
#1695=LINE('',#9725,#2333);
#1696=LINE('',#9726,#2334);
#1697=LINE('',#9729,#2335);
#1698=LINE('',#9730,#2336);
#1699=LINE('',#9733,#2337);
#1700=LINE('',#9734,#2338);
#1701=LINE('',#9737,#2339);
#1702=LINE('',#9738,#2340);
#1703=LINE('',#9741,#2341);
#1704=LINE('',#9742,#2342);
#1705=LINE('',#9744,#2343);
#1706=LINE('',#9749,#2344);
#1707=LINE('',#9751,#2345);
#1708=LINE('',#9752,#2346);
#1709=LINE('',#9755,#2347);
#1710=LINE('',#9756,#2348);
#1711=LINE('',#9759,#2349);
#1712=LINE('',#9760,#2350);
#1713=LINE('',#9763,#2351);
#1714=LINE('',#9764,#2352);
#1715=LINE('',#9767,#2353);
#1716=LINE('',#9768,#2354);
#1717=LINE('',#9770,#2355);
#1718=LINE('',#9775,#2356);
#1719=LINE('',#9777,#2357);
#1720=LINE('',#9778,#2358);
#1721=LINE('',#9781,#2359);
#1722=LINE('',#9782,#2360);
#1723=LINE('',#9785,#2361);
#1724=LINE('',#9786,#2362);
#1725=LINE('',#9789,#2363);
#1726=LINE('',#9790,#2364);
#1727=LINE('',#9793,#2365);
#1728=LINE('',#9794,#2366);
#1729=LINE('',#9796,#2367);
#1730=LINE('',#9804,#2368);
#1731=LINE('',#9807,#2369);
#1732=LINE('',#9813,#2370);
#1733=LINE('',#9816,#2371);
#1734=LINE('',#9822,#2372);
#1735=LINE('',#9825,#2373);
#1736=LINE('',#9831,#2374);
#1737=LINE('',#9834,#2375);
#1738=LINE('',#9840,#2376);
#1739=LINE('',#9843,#2377);
#1740=LINE('',#9849,#2378);
#1741=LINE('',#9852,#2379);
#1742=LINE('',#9858,#2380);
#1743=LINE('',#9861,#2381);
#1744=LINE('',#9867,#2382);
#1745=LINE('',#9870,#2383);
#1746=LINE('',#9876,#2384);
#1747=LINE('',#9879,#2385);
#1748=LINE('',#9884,#2386);
#1749=LINE('',#9886,#2387);
#1750=LINE('',#9889,#2388);
#1751=LINE('',#9891,#2389);
#1752=LINE('',#9894,#2390);
#1753=LINE('',#9895,#2391);
#1754=LINE('',#9896,#2392);
#1755=LINE('',#9898,#2393);
#1756=LINE('',#9901,#2394);
#1757=LINE('',#9903,#2395);
#1758=LINE('',#9906,#2396);
#1759=LINE('',#9908,#2397);
#1760=LINE('',#9911,#2398);
#1761=LINE('',#9913,#2399);
#1762=LINE('',#9916,#2400);
#1763=LINE('',#9918,#2401);
#1764=LINE('',#9924,#2402);
#1765=LINE('',#9925,#2403);
#1766=LINE('',#9930,#2404);
#1767=LINE('',#9931,#2405);
#1768=LINE('',#9936,#2406);
#1769=LINE('',#9937,#2407);
#1770=LINE('',#9942,#2408);
#1771=LINE('',#9943,#2409);
#1772=LINE('',#9948,#2410);
#1773=LINE('',#9949,#2411);
#1774=LINE('',#9954,#2412);
#1775=LINE('',#9955,#2413);
#1776=LINE('',#9960,#2414);
#1777=LINE('',#9961,#2415);
#1778=LINE('',#9963,#2416);
#1779=LINE('',#9965,#2417);
#1780=LINE('',#9967,#2418);
#1781=LINE('',#9969,#2419);
#1782=LINE('',#9971,#2420);
#1783=LINE('',#9973,#2421);
#1784=LINE('',#9975,#2422);
#1785=LINE('',#9977,#2423);
#1786=LINE('',#9979,#2424);
#1787=LINE('',#9981,#2425);
#1788=LINE('',#9983,#2426);
#1789=LINE('',#9985,#2427);
#1790=LINE('',#9987,#2428);
#1791=LINE('',#9989,#2429);
#1792=LINE('',#9991,#2430);
#1793=LINE('',#9993,#2431);
#1794=LINE('',#9997,#2432);
#1795=LINE('',#10019,#2433);
#1796=LINE('',#10023,#2434);
#1797=LINE('',#10027,#2435);
#1798=LINE('',#10031,#2436);
#1799=LINE('',#10035,#2437);
#1800=LINE('',#10039,#2438);
#1801=LINE('',#10043,#2439);
#1802=LINE('',#10047,#2440);
#1803=LINE('',#10052,#2441);
#1804=LINE('',#10054,#2442);
#1805=LINE('',#10058,#2443);
#1806=LINE('',#10059,#2444);
#1807=LINE('',#10063,#2445);
#1808=LINE('',#10066,#2446);
#1809=LINE('',#10067,#2447);
#1810=LINE('',#10071,#2448);
#1811=LINE('',#10074,#2449);
#1812=LINE('',#10075,#2450);
#1813=LINE('',#10079,#2451);
#1814=LINE('',#10082,#2452);
#1815=LINE('',#10083,#2453);
#1816=LINE('',#10087,#2454);
#1817=LINE('',#10090,#2455);
#1818=LINE('',#10091,#2456);
#1819=LINE('',#10095,#2457);
#1820=LINE('',#10098,#2458);
#1821=LINE('',#10099,#2459);
#1822=LINE('',#10104,#2460);
#1823=LINE('',#10107,#2461);
#1824=LINE('',#10110,#2462);
#1825=LINE('',#10111,#2463);
#1826=LINE('',#10114,#2464);
#1827=LINE('',#10118,#2465);
#1828=LINE('',#10119,#2466);
#1829=LINE('',#10122,#2467);
#1830=LINE('',#10123,#2468);
#1831=LINE('',#10126,#2469);
#1832=LINE('',#10130,#2470);
#1833=LINE('',#10133,#2471);
#1834=LINE('',#10136,#2472);
#1835=LINE('',#10137,#2473);
#1836=LINE('',#10140,#2474);
#1837=LINE('',#10144,#2475);
#1838=LINE('',#10147,#2476);
#1839=LINE('',#10152,#2477);
#1840=LINE('',#10158,#2478);
#1841=LINE('',#10172,#2479);
#1842=LINE('',#10173,#2480);
#1843=LINE('',#10184,#2481);
#1844=LINE('',#10185,#2482);
#1845=LINE('',#10196,#2483);
#1846=LINE('',#10197,#2484);
#1847=LINE('',#10205,#2485);
#1848=LINE('',#10206,#2486);
#1849=LINE('',#10209,#2487);
#1850=LINE('',#10211,#2488);
#1851=LINE('',#10212,#2489);
#1852=LINE('',#10215,#2490);
#1853=LINE('',#10219,#2491);
#1854=LINE('',#10220,#2492);
#1855=LINE('',#10223,#2493);
#1856=LINE('',#10228,#2494);
#1857=LINE('',#10230,#2495);
#1858=LINE('',#10231,#2496);
#1859=LINE('',#10235,#2497);
#1860=LINE('',#10237,#2498);
#1861=LINE('',#10243,#2499);
#1862=LINE('',#10245,#2500);
#1863=LINE('',#10247,#2501);
#1864=LINE('',#10248,#2502);
#1865=LINE('',#10253,#2503);
#1866=LINE('',#10257,#2504);
#1867=LINE('',#10259,#2505);
#1868=LINE('',#10260,#2506);
#1869=LINE('',#10265,#2507);
#1870=LINE('',#10269,#2508);
#1871=LINE('',#10271,#2509);
#1872=LINE('',#10272,#2510);
#1873=LINE('',#10277,#2511);
#1874=LINE('',#10281,#2512);
#1875=LINE('',#10283,#2513);
#1876=LINE('',#10284,#2514);
#1877=LINE('',#10292,#2515);
#1878=LINE('',#10294,#2516);
#1879=LINE('',#10296,#2517);
#1880=LINE('',#10298,#2518);
#1881=LINE('',#10300,#2519);
#1882=LINE('',#10301,#2520);
#1883=LINE('',#10302,#2521);
#1884=LINE('',#10321,#2522);
#1885=LINE('',#10325,#2523);
#1886=LINE('',#10329,#2524);
#1887=LINE('',#10333,#2525);
#1888=LINE('',#10340,#2526);
#1889=LINE('',#10350,#2527);
#1890=LINE('',#10380,#2528);
#1891=LINE('',#10383,#2529);
#1892=LINE('',#10387,#2530);
#1893=LINE('',#10391,#2531);
#1894=LINE('',#10395,#2532);
#1895=LINE('',#10399,#2533);
#1896=LINE('',#10403,#2534);
#1897=LINE('',#10407,#2535);
#1898=LINE('',#10411,#2536);
#1899=LINE('',#10415,#2537);
#1900=LINE('',#10419,#2538);
#1901=LINE('',#10423,#2539);
#1902=LINE('',#10427,#2540);
#1903=LINE('',#10431,#2541);
#1904=LINE('',#10435,#2542);
#1905=LINE('',#10439,#2543);
#1906=LINE('',#10443,#2544);
#1907=LINE('',#10447,#2545);
#1908=LINE('',#10451,#2546);
#1909=LINE('',#10455,#2547);
#1910=LINE('',#10459,#2548);
#1911=LINE('',#10463,#2549);
#1912=LINE('',#10467,#2550);
#1913=LINE('',#10471,#2551);
#1914=LINE('',#10475,#2552);
#1915=LINE('',#10484,#2553);
#1916=LINE('',#10486,#2554);
#1917=LINE('',#10488,#2555);
#1918=LINE('',#10489,#2556);
#1919=LINE('',#10492,#2557);
#1920=LINE('',#10494,#2558);
#1921=LINE('',#10495,#2559);
#1922=LINE('',#10498,#2560);
#1923=LINE('',#10500,#2561);
#1924=LINE('',#10501,#2562);
#1925=LINE('',#10504,#2563);
#1926=LINE('',#10506,#2564);
#1927=LINE('',#10507,#2565);
#1928=LINE('',#10510,#2566);
#1929=LINE('',#10512,#2567);
#1930=LINE('',#10513,#2568);
#1931=LINE('',#10515,#2569);
#1932=LINE('',#10516,#2570);
#1933=LINE('',#10524,#2571);
#1934=LINE('',#10528,#2572);
#1935=LINE('',#10542,#2573);
#1936=LINE('',#10556,#2574);
#1937=LINE('',#10561,#2575);
#1938=LINE('',#10563,#2576);
#1939=LINE('',#10565,#2577);
#1940=LINE('',#10566,#2578);
#1941=LINE('',#10571,#2579);
#1942=LINE('',#10575,#2580);
#1943=LINE('',#10577,#2581);
#1944=LINE('',#10578,#2582);
#1945=LINE('',#10583,#2583);
#1946=LINE('',#10587,#2584);
#1947=LINE('',#10589,#2585);
#1948=LINE('',#10590,#2586);
#1949=LINE('',#10595,#2587);
#1950=LINE('',#10599,#2588);
#1951=LINE('',#10601,#2589);
#1952=LINE('',#10602,#2590);
#1953=LINE('',#10607,#2591);
#1954=LINE('',#10611,#2592);
#1955=LINE('',#10613,#2593);
#1956=LINE('',#10614,#2594);
#1957=LINE('',#10619,#2595);
#1958=LINE('',#10623,#2596);
#1959=LINE('',#10625,#2597);
#1960=LINE('',#10626,#2598);
#1961=LINE('',#10631,#2599);
#1962=LINE('',#10635,#2600);
#1963=LINE('',#10637,#2601);
#1964=LINE('',#10638,#2602);
#1965=LINE('',#10643,#2603);
#1966=LINE('',#10647,#2604);
#1967=LINE('',#10649,#2605);
#1968=LINE('',#10650,#2606);
#1969=LINE('',#10658,#2607);
#1970=LINE('',#10661,#2608);
#1971=LINE('',#10667,#2609);
#1972=LINE('',#10669,#2610);
#1973=LINE('',#10671,#2611);
#1974=LINE('',#10672,#2612);
#1975=LINE('',#10675,#2613);
#1976=LINE('',#10677,#2614);
#1977=LINE('',#10678,#2615);
#1978=LINE('',#10681,#2616);
#1979=LINE('',#10683,#2617);
#1980=LINE('',#10684,#2618);
#1981=LINE('',#10687,#2619);
#1982=LINE('',#10689,#2620);
#1983=LINE('',#10690,#2621);
#1984=LINE('',#10693,#2622);
#1985=LINE('',#10695,#2623);
#1986=LINE('',#10696,#2624);
#1987=LINE('',#10698,#2625);
#1988=LINE('',#10699,#2626);
#1989=LINE('',#10704,#2627);
#1990=LINE('',#10706,#2628);
#1991=LINE('',#10708,#2629);
#1992=LINE('',#10709,#2630);
#1993=LINE('',#10712,#2631);
#1994=LINE('',#10714,#2632);
#1995=LINE('',#10715,#2633);
#1996=LINE('',#10718,#2634);
#1997=LINE('',#10720,#2635);
#1998=LINE('',#10721,#2636);
#1999=LINE('',#10724,#2637);
#2000=LINE('',#10726,#2638);
#2001=LINE('',#10727,#2639);
#2002=LINE('',#10730,#2640);
#2003=LINE('',#10732,#2641);
#2004=LINE('',#10733,#2642);
#2005=LINE('',#10735,#2643);
#2006=LINE('',#10736,#2644);
#2007=LINE('',#10741,#2645);
#2008=LINE('',#10743,#2646);
#2009=LINE('',#10745,#2647);
#2010=LINE('',#10746,#2648);
#2011=LINE('',#10749,#2649);
#2012=LINE('',#10751,#2650);
#2013=LINE('',#10752,#2651);
#2014=LINE('',#10755,#2652);
#2015=LINE('',#10757,#2653);
#2016=LINE('',#10758,#2654);
#2017=LINE('',#10761,#2655);
#2018=LINE('',#10763,#2656);
#2019=LINE('',#10764,#2657);
#2020=LINE('',#10767,#2658);
#2021=LINE('',#10769,#2659);
#2022=LINE('',#10770,#2660);
#2023=LINE('',#10772,#2661);
#2024=LINE('',#10773,#2662);
#2025=LINE('',#10778,#2663);
#2026=LINE('',#10780,#2664);
#2027=LINE('',#10782,#2665);
#2028=LINE('',#10783,#2666);
#2029=LINE('',#10786,#2667);
#2030=LINE('',#10788,#2668);
#2031=LINE('',#10789,#2669);
#2032=LINE('',#10792,#2670);
#2033=LINE('',#10794,#2671);
#2034=LINE('',#10795,#2672);
#2035=LINE('',#10798,#2673);
#2036=LINE('',#10800,#2674);
#2037=LINE('',#10801,#2675);
#2038=LINE('',#10804,#2676);
#2039=LINE('',#10806,#2677);
#2040=LINE('',#10807,#2678);
#2041=LINE('',#10809,#2679);
#2042=LINE('',#10810,#2680);
#2043=LINE('',#10814,#2681);
#2044=LINE('',#10819,#2682);
#2045=LINE('',#10823,#2683);
#2046=LINE('',#10827,#2684);
#2047=LINE('',#10831,#2685);
#2048=LINE('',#10835,#2686);
#2049=LINE('',#10839,#2687);
#2050=LINE('',#10843,#2688);
#2051=LINE('',#10849,#2689);
#2052=LINE('',#10854,#2690);
#2053=LINE('',#10860,#2691);
#2054=LINE('',#10865,#2692);
#2055=LINE('',#10871,#2693);
#2056=LINE('',#10876,#2694);
#2057=LINE('',#10882,#2695);
#2058=LINE('',#10887,#2696);
#2059=LINE('',#10894,#2697);
#2060=LINE('',#10895,#2698);
#2061=LINE('',#10897,#2699);
#2062=LINE('',#10898,#2700);
#2063=LINE('',#10900,#2701);
#2064=LINE('',#10904,#2702);
#2065=VECTOR('',#7190,10.);
#2066=VECTOR('',#7191,10.);
#2067=VECTOR('',#7192,10.);
#2068=VECTOR('',#7193,10.);
#2069=VECTOR('',#7194,10.);
#2070=VECTOR('',#7199,10.);
#2071=VECTOR('',#7202,10.);
#2072=VECTOR('',#7205,10.);
#2073=VECTOR('',#7210,10.);
#2074=VECTOR('',#7211,10.);
#2075=VECTOR('',#7212,10.);
#2076=VECTOR('',#7213,10.);
#2077=VECTOR('',#7214,10.);
#2078=VECTOR('',#7217,10.);
#2079=VECTOR('',#7218,10.);
#2080=VECTOR('',#7219,10.);
#2081=VECTOR('',#7220,10.);
#2082=VECTOR('',#7223,10.);
#2083=VECTOR('',#7224,10.);
#2084=VECTOR('',#7225,10.);
#2085=VECTOR('',#7228,10.);
#2086=VECTOR('',#7229,10.);
#2087=VECTOR('',#7230,10.);
#2088=VECTOR('',#7231,10.);
#2089=VECTOR('',#7232,10.);
#2090=VECTOR('',#7233,10.);
#2091=VECTOR('',#7236,10.);
#2092=VECTOR('',#7239,10.);
#2093=VECTOR('',#7242,10.);
#2094=VECTOR('',#7243,10.);
#2095=VECTOR('',#7244,10.);
#2096=VECTOR('',#7245,10.);
#2097=VECTOR('',#7246,10.);
#2098=VECTOR('',#7247,10.);
#2099=VECTOR('',#7248,10.);
#2100=VECTOR('',#7249,10.);
#2101=VECTOR('',#7250,10.);
#2102=VECTOR('',#7251,10.);
#2103=VECTOR('',#7252,10.);
#2104=VECTOR('',#7255,10.);
#2105=VECTOR('',#7258,10.);
#2106=VECTOR('',#7259,10.);
#2107=VECTOR('',#7260,10.);
#2108=VECTOR('',#7261,10.);
#2109=VECTOR('',#7262,10.);
#2110=VECTOR('',#7263,10.);
#2111=VECTOR('',#7264,10.);
#2112=VECTOR('',#7265,10.);
#2113=VECTOR('',#7266,10.);
#2114=VECTOR('',#7269,10.);
#2115=VECTOR('',#7270,10.);
#2116=VECTOR('',#7273,10.);
#2117=VECTOR('',#7276,10.);
#2118=VECTOR('',#7277,10.);
#2119=VECTOR('',#7280,10.);
#2120=VECTOR('',#7285,10.);
#2121=VECTOR('',#7286,10.);
#2122=VECTOR('',#7289,10.);
#2123=VECTOR('',#7290,10.);
#2124=VECTOR('',#7291,10.);
#2125=VECTOR('',#7292,10.);
#2126=VECTOR('',#7293,10.);
#2127=VECTOR('',#7294,10.);
#2128=VECTOR('',#7295,10.);
#2129=VECTOR('',#7296,10.);
#2130=VECTOR('',#7297,10.);
#2131=VECTOR('',#7298,10.);
#2132=VECTOR('',#7301,10.);
#2133=VECTOR('',#7302,10.);
#2134=VECTOR('',#7303,10.);
#2135=VECTOR('',#7304,10.);
#2136=VECTOR('',#7307,10.);
#2137=VECTOR('',#7308,10.);
#2138=VECTOR('',#7311,10.);
#2139=VECTOR('',#7312,10.);
#2140=VECTOR('',#7315,10.);
#2141=VECTOR('',#7316,10.);
#2142=VECTOR('',#7319,10.);
#2143=VECTOR('',#7320,10.);
#2144=VECTOR('',#7323,10.);
#2145=VECTOR('',#7326,10.);
#2146=VECTOR('',#7329,10.);
#2147=VECTOR('',#7332,10.);
#2148=VECTOR('',#7335,10.);
#2149=VECTOR('',#7338,10.);
#2150=VECTOR('',#7341,10.);
#2151=VECTOR('',#7342,10.);
#2152=VECTOR('',#7343,10.);
#2153=VECTOR('',#7344,10.);
#2154=VECTOR('',#7345,10.);
#2155=VECTOR('',#7352,10.);
#2156=VECTOR('',#7353,10.);
#2157=VECTOR('',#7354,10.);
#2158=VECTOR('',#7357,10.);
#2159=VECTOR('',#7358,10.);
#2160=VECTOR('',#7361,10.);
#2161=VECTOR('',#7362,10.);
#2162=VECTOR('',#7367,10.);
#2163=VECTOR('',#7370,10.);
#2164=VECTOR('',#7371,10.);
#2165=VECTOR('',#7372,10.);
#2166=VECTOR('',#7373,10.);
#2167=VECTOR('',#7376,10.);
#2168=VECTOR('',#7377,10.);
#2169=VECTOR('',#7378,10.);
#2170=VECTOR('',#7381,10.);
#2171=VECTOR('',#7382,10.);
#2172=VECTOR('',#7383,10.);
#2173=VECTOR('',#7386,10.);
#2174=VECTOR('',#7387,10.);
#2175=VECTOR('',#7388,10.);
#2176=VECTOR('',#7389,10.);
#2177=VECTOR('',#7392,10.);
#2178=VECTOR('',#7393,10.);
#2179=VECTOR('',#7394,10.);
#2180=VECTOR('',#7397,10.);
#2181=VECTOR('',#7398,10.);
#2182=VECTOR('',#7399,10.);
#2183=VECTOR('',#7402,10.);
#2184=VECTOR('',#7403,10.);
#2185=VECTOR('',#7404,10.);
#2186=VECTOR('',#7405,10.);
#2187=VECTOR('',#7408,10.);
#2188=VECTOR('',#7409,10.);
#2189=VECTOR('',#7410,10.);
#2190=VECTOR('',#7413,10.);
#2191=VECTOR('',#7414,10.);
#2192=VECTOR('',#7415,10.);
#2193=VECTOR('',#7418,10.);
#2194=VECTOR('',#7419,10.);
#2195=VECTOR('',#7422,10.);
#2196=VECTOR('',#7423,10.);
#2197=VECTOR('',#7426,10.);
#2198=VECTOR('',#7427,10.);
#2199=VECTOR('',#7430,10.);
#2200=VECTOR('',#7431,10.);
#2201=VECTOR('',#7432,10.);
#2202=VECTOR('',#7433,10.);
#2203=VECTOR('',#7436,10.);
#2204=VECTOR('',#7437,10.);
#2205=VECTOR('',#7438,10.);
#2206=VECTOR('',#7441,10.);
#2207=VECTOR('',#7442,10.);
#2208=VECTOR('',#7443,10.);
#2209=VECTOR('',#7444,10.);
#2210=VECTOR('',#7447,10.);
#2211=VECTOR('',#7448,10.);
#2212=VECTOR('',#7449,10.);
#2213=VECTOR('',#7450,10.);
#2214=VECTOR('',#7453,10.);
#2215=VECTOR('',#7454,10.);
#2216=VECTOR('',#7455,10.);
#2217=VECTOR('',#7458,10.);
#2218=VECTOR('',#7459,10.);
#2219=VECTOR('',#7460,10.);
#2220=VECTOR('',#7463,10.);
#2221=VECTOR('',#7464,10.);
#2222=VECTOR('',#7465,10.);
#2223=VECTOR('',#7468,10.);
#2224=VECTOR('',#7469,10.);
#2225=VECTOR('',#7470,10.);
#2226=VECTOR('',#7471,10.);
#2227=VECTOR('',#7474,10.);
#2228=VECTOR('',#7475,10.);
#2229=VECTOR('',#7478,10.);
#2230=VECTOR('',#7479,10.);
#2231=VECTOR('',#7482,10.);
#2232=VECTOR('',#7483,10.);
#2233=VECTOR('',#7486,10.);
#2234=VECTOR('',#7487,10.);
#2235=VECTOR('',#7488,10.);
#2236=VECTOR('',#7491,10.);
#2237=VECTOR('',#7492,10.);
#2238=VECTOR('',#7499,10.);
#2239=VECTOR('',#7500,10.);
#2240=VECTOR('',#7501,10.);
#2241=VECTOR('',#7504,10.);
#2242=VECTOR('',#7505,10.);
#2243=VECTOR('',#7508,10.);
#2244=VECTOR('',#7509,10.);
#2245=VECTOR('',#7510,10.);
#2246=VECTOR('',#7513,10.);
#2247=VECTOR('',#7514,10.);
#2248=VECTOR('',#7519,10.);
#2249=VECTOR('',#7520,10.);
#2250=VECTOR('',#7533,10.);
#2251=VECTOR('',#7534,10.);
#2252=VECTOR('',#7535,10.);
#2253=VECTOR('',#7538,10.);
#2254=VECTOR('',#7539,10.);
#2255=VECTOR('',#7542,10.);
#2256=VECTOR('',#7543,10.);
#2257=VECTOR('',#7544,10.);
#2258=VECTOR('',#7547,10.);
#2259=VECTOR('',#7548,10.);
#2260=VECTOR('',#7551,10.);
#2261=VECTOR('',#7554,10.);
#2262=VECTOR('',#7555,10.);
#2263=VECTOR('',#7558,10.);
#2264=VECTOR('',#7561,10.);
#2265=VECTOR('',#7562,10.);
#2266=VECTOR('',#7563,10.);
#2267=VECTOR('',#7566,10.);
#2268=VECTOR('',#7567,10.);
#2269=VECTOR('',#7568,10.);
#2270=VECTOR('',#7569,10.);
#2271=VECTOR('',#7574,1.025);
#2272=VECTOR('',#7583,1.025);
#2273=VECTOR('',#7592,1.025);
#2274=VECTOR('',#7601,1.025);
#2275=VECTOR('',#7608,2.45);
#2276=VECTOR('',#7613,2.4);
#2277=VECTOR('',#7618,2.45);
#2278=VECTOR('',#7623,2.4);
#2279=VECTOR('',#7630,2.45);
#2280=VECTOR('',#7637,10.);
#2281=VECTOR('',#7638,10.);
#2282=VECTOR('',#7639,10.);
#2283=VECTOR('',#7640,10.);
#2284=VECTOR('',#7641,10.);
#2285=VECTOR('',#7648,2.4);
#2286=VECTOR('',#7653,2.45);
#2287=VECTOR('',#7658,2.4);
#2288=VECTOR('',#7665,2.14);
#2289=VECTOR('',#7672,2.25);
#2290=VECTOR('',#7675,10.);
#2291=VECTOR('',#7676,10.);
#2292=VECTOR('',#7677,10.);
#2293=VECTOR('',#7678,10.);
#2294=VECTOR('',#7679,10.);
#2295=VECTOR('',#7680,10.);
#2296=VECTOR('',#7685,2.14);
#2297=VECTOR('',#7692,2.25);
#2298=VECTOR('',#7695,10.);
#2299=VECTOR('',#7696,10.);
#2300=VECTOR('',#7697,10.);
#2301=VECTOR('',#7698,10.);
#2302=VECTOR('',#7699,10.);
#2303=VECTOR('',#7700,10.);
#2304=VECTOR('',#7705,2.14);
#2305=VECTOR('',#7712,2.25);
#2306=VECTOR('',#7715,10.);
#2307=VECTOR('',#7716,10.);
#2308=VECTOR('',#7717,10.);
#2309=VECTOR('',#7718,10.);
#2310=VECTOR('',#7719,10.);
#2311=VECTOR('',#7720,10.);
#2312=VECTOR('',#7725,2.14);
#2313=VECTOR('',#7732,2.25);
#2314=VECTOR('',#7735,10.);
#2315=VECTOR('',#7736,10.);
#2316=VECTOR('',#7737,10.);
#2317=VECTOR('',#7738,10.);
#2318=VECTOR('',#7739,10.);
#2319=VECTOR('',#7740,10.);
#2320=VECTOR('',#7743,10.);
#2321=VECTOR('',#7744,10.);
#2322=VECTOR('',#7745,10.);
#2323=VECTOR('',#7748,10.);
#2324=VECTOR('',#7749,10.);
#2325=VECTOR('',#7752,10.);
#2326=VECTOR('',#7753,10.);
#2327=VECTOR('',#7756,10.);
#2328=VECTOR('',#7757,10.);
#2329=VECTOR('',#7760,10.);
#2330=VECTOR('',#7761,10.);
#2331=VECTOR('',#7764,10.);
#2332=VECTOR('',#7771,10.);
#2333=VECTOR('',#7772,10.);
#2334=VECTOR('',#7773,10.);
#2335=VECTOR('',#7776,10.);
#2336=VECTOR('',#7777,10.);
#2337=VECTOR('',#7780,10.);
#2338=VECTOR('',#7781,10.);
#2339=VECTOR('',#7784,10.);
#2340=VECTOR('',#7785,10.);
#2341=VECTOR('',#7788,10.);
#2342=VECTOR('',#7789,10.);
#2343=VECTOR('',#7792,10.);
#2344=VECTOR('',#7799,10.);
#2345=VECTOR('',#7800,10.);
#2346=VECTOR('',#7801,10.);
#2347=VECTOR('',#7804,10.);
#2348=VECTOR('',#7805,10.);
#2349=VECTOR('',#7808,10.);
#2350=VECTOR('',#7809,10.);
#2351=VECTOR('',#7812,10.);
#2352=VECTOR('',#7813,10.);
#2353=VECTOR('',#7816,10.);
#2354=VECTOR('',#7817,10.);
#2355=VECTOR('',#7820,10.);
#2356=VECTOR('',#7827,10.);
#2357=VECTOR('',#7828,10.);
#2358=VECTOR('',#7829,10.);
#2359=VECTOR('',#7832,10.);
#2360=VECTOR('',#7833,10.);
#2361=VECTOR('',#7836,10.);
#2362=VECTOR('',#7837,10.);
#2363=VECTOR('',#7840,10.);
#2364=VECTOR('',#7841,10.);
#2365=VECTOR('',#7844,10.);
#2366=VECTOR('',#7845,10.);
#2367=VECTOR('',#7848,10.);
#2368=VECTOR('',#7857,10.);
#2369=VECTOR('',#7860,10.);
#2370=VECTOR('',#7865,10.);
#2371=VECTOR('',#7868,10.);
#2372=VECTOR('',#7873,10.);
#2373=VECTOR('',#7876,10.);
#2374=VECTOR('',#7881,10.);
#2375=VECTOR('',#7884,10.);
#2376=VECTOR('',#7889,10.);
#2377=VECTOR('',#7892,10.);
#2378=VECTOR('',#7897,10.);
#2379=VECTOR('',#7900,10.);
#2380=VECTOR('',#7905,10.);
#2381=VECTOR('',#7908,10.);
#2382=VECTOR('',#7913,10.);
#2383=VECTOR('',#7916,10.);
#2384=VECTOR('',#7921,10.);
#2385=VECTOR('',#7924,10.);
#2386=VECTOR('',#7929,10.);
#2387=VECTOR('',#7930,10.);
#2388=VECTOR('',#7933,10.);
#2389=VECTOR('',#7934,10.);
#2390=VECTOR('',#7937,10.);
#2391=VECTOR('',#7938,10.);
#2392=VECTOR('',#7939,10.);
#2393=VECTOR('',#7940,10.);
#2394=VECTOR('',#7943,10.);
#2395=VECTOR('',#7944,10.);
#2396=VECTOR('',#7947,10.);
#2397=VECTOR('',#7948,10.);
#2398=VECTOR('',#7951,10.);
#2399=VECTOR('',#7952,10.);
#2400=VECTOR('',#7955,10.);
#2401=VECTOR('',#7956,10.);
#2402=VECTOR('',#7963,10.);
#2403=VECTOR('',#7964,10.);
#2404=VECTOR('',#7969,10.);
#2405=VECTOR('',#7970,10.);
#2406=VECTOR('',#7975,10.);
#2407=VECTOR('',#7976,10.);
#2408=VECTOR('',#7981,10.);
#2409=VECTOR('',#7982,10.);
#2410=VECTOR('',#7987,10.);
#2411=VECTOR('',#7988,10.);
#2412=VECTOR('',#7993,10.);
#2413=VECTOR('',#7994,10.);
#2414=VECTOR('',#7999,10.);
#2415=VECTOR('',#8000,10.);
#2416=VECTOR('',#8003,10.);
#2417=VECTOR('',#8006,10.);
#2418=VECTOR('',#8009,10.);
#2419=VECTOR('',#8012,10.);
#2420=VECTOR('',#8015,10.);
#2421=VECTOR('',#8018,10.);
#2422=VECTOR('',#8021,10.);
#2423=VECTOR('',#8024,10.);
#2424=VECTOR('',#8027,10.);
#2425=VECTOR('',#8030,10.);
#2426=VECTOR('',#8033,10.);
#2427=VECTOR('',#8036,10.);
#2428=VECTOR('',#8039,10.);
#2429=VECTOR('',#8042,10.);
#2430=VECTOR('',#8045,10.);
#2431=VECTOR('',#8048,10.);
#2432=VECTOR('',#8053,9.0000144225);
#2433=VECTOR('',#8076,1.025);
#2434=VECTOR('',#8081,1.025);
#2435=VECTOR('',#8086,1.025);
#2436=VECTOR('',#8091,1.025);
#2437=VECTOR('',#8096,1.025);
#2438=VECTOR('',#8101,1.025);
#2439=VECTOR('',#8106,1.025);
#2440=VECTOR('',#8111,1.025);
#2441=VECTOR('',#8118,10.);
#2442=VECTOR('',#8121,10.);
#2443=VECTOR('',#8126,10.);
#2444=VECTOR('',#8127,10.);
#2445=VECTOR('',#8132,10.);
#2446=VECTOR('',#8135,10.);
#2447=VECTOR('',#8136,10.);
#2448=VECTOR('',#8141,10.);
#2449=VECTOR('',#8144,10.);
#2450=VECTOR('',#8145,10.);
#2451=VECTOR('',#8150,10.);
#2452=VECTOR('',#8153,10.);
#2453=VECTOR('',#8154,10.);
#2454=VECTOR('',#8159,10.);
#2455=VECTOR('',#8162,10.);
#2456=VECTOR('',#8163,10.);
#2457=VECTOR('',#8168,10.);
#2458=VECTOR('',#8171,10.);
#2459=VECTOR('',#8172,10.);
#2460=VECTOR('',#8179,10.);
#2461=VECTOR('',#8182,10.);
#2462=VECTOR('',#8185,10.);
#2463=VECTOR('',#8186,10.);
#2464=VECTOR('',#8189,10.);
#2465=VECTOR('',#8194,10.);
#2466=VECTOR('',#8195,10.);
#2467=VECTOR('',#8198,10.);
#2468=VECTOR('',#8199,10.);
#2469=VECTOR('',#8202,10.);
#2470=VECTOR('',#8207,10.);
#2471=VECTOR('',#8212,10.);
#2472=VECTOR('',#8215,10.);
#2473=VECTOR('',#8216,10.);
#2474=VECTOR('',#8219,10.);
#2475=VECTOR('',#8224,10.);
#2476=VECTOR('',#8229,10.);
#2477=VECTOR('',#8236,8.);
#2478=VECTOR('',#8245,13.);
#2479=VECTOR('',#8260,10.);
#2480=VECTOR('',#8261,10.);
#2481=VECTOR('',#8274,10.);
#2482=VECTOR('',#8275,10.);
#2483=VECTOR('',#8288,10.);
#2484=VECTOR('',#8289,10.);
#2485=VECTOR('',#8300,10.);
#2486=VECTOR('',#8301,10.);
#2487=VECTOR('',#8304,10.);
#2488=VECTOR('',#8305,10.);
#2489=VECTOR('',#8306,10.);
#2490=VECTOR('',#8309,10.);
#2491=VECTOR('',#8314,10.);
#2492=VECTOR('',#8315,10.);
#2493=VECTOR('',#8318,10.);
#2494=VECTOR('',#8325,10.);
#2495=VECTOR('',#8326,10.);
#2496=VECTOR('',#8327,10.);
#2497=VECTOR('',#8332,10.);
#2498=VECTOR('',#8335,10.);
#2499=VECTOR('',#8342,10.);
#2500=VECTOR('',#8343,10.);
#2501=VECTOR('',#8344,10.);
#2502=VECTOR('',#8345,10.);
#2503=VECTOR('',#8350,10.);
#2504=VECTOR('',#8355,10.);
#2505=VECTOR('',#8356,10.);
#2506=VECTOR('',#8357,10.);
#2507=VECTOR('',#8362,10.);
#2508=VECTOR('',#8367,10.);
#2509=VECTOR('',#8368,10.);
#2510=VECTOR('',#8369,10.);
#2511=VECTOR('',#8374,10.);
#2512=VECTOR('',#8379,10.);
#2513=VECTOR('',#8380,10.);
#2514=VECTOR('',#8381,10.);
#2515=VECTOR('',#8392,10.);
#2516=VECTOR('',#8393,10.);
#2517=VECTOR('',#8394,10.);
#2518=VECTOR('',#8395,10.);
#2519=VECTOR('',#8396,10.);
#2520=VECTOR('',#8397,10.);
#2521=VECTOR('',#8398,10.);
#2522=VECTOR('',#8417,1.185);
#2523=VECTOR('',#8422,1.025);
#2524=VECTOR('',#8427,1.185);
#2525=VECTOR('',#8432,1.025);
#2526=VECTOR('',#8443,8.);
#2527=VECTOR('',#8454,12.9);
#2528=VECTOR('',#8487,13.);
#2529=VECTOR('',#8490,1.185);
#2530=VECTOR('',#8495,1.025);
#2531=VECTOR('',#8500,1.185);
#2532=VECTOR('',#8505,1.025);
#2533=VECTOR('',#8510,1.185);
#2534=VECTOR('',#8515,1.025);
#2535=VECTOR('',#8520,1.185);
#2536=VECTOR('',#8525,1.025);
#2537=VECTOR('',#8530,1.185);
#2538=VECTOR('',#8535,1.025);
#2539=VECTOR('',#8540,1.185);
#2540=VECTOR('',#8545,1.025);
#2541=VECTOR('',#8550,1.185);
#2542=VECTOR('',#8555,1.025);
#2543=VECTOR('',#8560,1.185);
#2544=VECTOR('',#8565,1.025);
#2545=VECTOR('',#8570,1.05);
#2546=VECTOR('',#8575,1.);
#2547=VECTOR('',#8580,1.05);
#2548=VECTOR('',#8585,1.);
#2549=VECTOR('',#8590,1.05);
#2550=VECTOR('',#8595,1.);
#2551=VECTOR('',#8600,1.05);
#2552=VECTOR('',#8605,1.);
#2553=VECTOR('',#8618,10.);
#2554=VECTOR('',#8619,10.);
#2555=VECTOR('',#8620,10.);
#2556=VECTOR('',#8621,10.);
#2557=VECTOR('',#8624,10.);
#2558=VECTOR('',#8625,10.);
#2559=VECTOR('',#8626,10.);
#2560=VECTOR('',#8629,10.);
#2561=VECTOR('',#8630,10.);
#2562=VECTOR('',#8631,10.);
#2563=VECTOR('',#8634,10.);
#2564=VECTOR('',#8635,10.);
#2565=VECTOR('',#8636,10.);
#2566=VECTOR('',#8639,10.);
#2567=VECTOR('',#8640,10.);
#2568=VECTOR('',#8641,10.);
#2569=VECTOR('',#8644,10.);
#2570=VECTOR('',#8645,10.);
#2571=VECTOR('',#8656,5.);
#2572=VECTOR('',#8661,2.75);
#2573=VECTOR('',#8684,1.36731485821019);
#2574=VECTOR('',#8701,2.);
#2575=VECTOR('',#8706,10.);
#2576=VECTOR('',#8707,10.);
#2577=VECTOR('',#8708,10.);
#2578=VECTOR('',#8709,10.);
#2579=VECTOR('',#8714,10.);
#2580=VECTOR('',#8719,10.);
#2581=VECTOR('',#8720,10.);
#2582=VECTOR('',#8721,10.);
#2583=VECTOR('',#8726,10.);
#2584=VECTOR('',#8731,10.);
#2585=VECTOR('',#8732,10.);
#2586=VECTOR('',#8733,10.);
#2587=VECTOR('',#8738,10.);
#2588=VECTOR('',#8743,10.);
#2589=VECTOR('',#8744,10.);
#2590=VECTOR('',#8745,10.);
#2591=VECTOR('',#8750,10.);
#2592=VECTOR('',#8755,10.);
#2593=VECTOR('',#8756,10.);
#2594=VECTOR('',#8757,10.);
#2595=VECTOR('',#8762,10.);
#2596=VECTOR('',#8767,10.);
#2597=VECTOR('',#8768,10.);
#2598=VECTOR('',#8769,10.);
#2599=VECTOR('',#8774,10.);
#2600=VECTOR('',#8779,10.);
#2601=VECTOR('',#8780,10.);
#2602=VECTOR('',#8781,10.);
#2603=VECTOR('',#8786,10.);
#2604=VECTOR('',#8791,10.);
#2605=VECTOR('',#8792,10.);
#2606=VECTOR('',#8793,10.);
#2607=VECTOR('',#8806,2.);
#2608=VECTOR('',#8809,2.3);
#2609=VECTOR('',#8816,10.);
#2610=VECTOR('',#8817,10.);
#2611=VECTOR('',#8818,10.);
#2612=VECTOR('',#8819,10.);
#2613=VECTOR('',#8822,10.);
#2614=VECTOR('',#8823,10.);
#2615=VECTOR('',#8824,10.);
#2616=VECTOR('',#8827,10.);
#2617=VECTOR('',#8828,10.);
#2618=VECTOR('',#8829,10.);
#2619=VECTOR('',#8832,10.);
#2620=VECTOR('',#8833,10.);
#2621=VECTOR('',#8834,10.);
#2622=VECTOR('',#8837,10.);
#2623=VECTOR('',#8838,10.);
#2624=VECTOR('',#8839,10.);
#2625=VECTOR('',#8842,10.);
#2626=VECTOR('',#8843,10.);
#2627=VECTOR('',#8848,10.);
#2628=VECTOR('',#8849,10.);
#2629=VECTOR('',#8850,10.);
#2630=VECTOR('',#8851,10.);
#2631=VECTOR('',#8854,10.);
#2632=VECTOR('',#8855,10.);
#2633=VECTOR('',#8856,10.);
#2634=VECTOR('',#8859,10.);
#2635=VECTOR('',#8860,10.);
#2636=VECTOR('',#8861,10.);
#2637=VECTOR('',#8864,10.);
#2638=VECTOR('',#8865,10.);
#2639=VECTOR('',#8866,10.);
#2640=VECTOR('',#8869,10.);
#2641=VECTOR('',#8870,10.);
#2642=VECTOR('',#8871,10.);
#2643=VECTOR('',#8874,10.);
#2644=VECTOR('',#8875,10.);
#2645=VECTOR('',#8880,10.);
#2646=VECTOR('',#8881,10.);
#2647=VECTOR('',#8882,10.);
#2648=VECTOR('',#8883,10.);
#2649=VECTOR('',#8886,10.);
#2650=VECTOR('',#8887,10.);
#2651=VECTOR('',#8888,10.);
#2652=VECTOR('',#8891,10.);
#2653=VECTOR('',#8892,10.);
#2654=VECTOR('',#8893,10.);
#2655=VECTOR('',#8896,10.);
#2656=VECTOR('',#8897,10.);
#2657=VECTOR('',#8898,10.);
#2658=VECTOR('',#8901,10.);
#2659=VECTOR('',#8902,10.);
#2660=VECTOR('',#8903,10.);
#2661=VECTOR('',#8906,10.);
#2662=VECTOR('',#8907,10.);
#2663=VECTOR('',#8912,10.);
#2664=VECTOR('',#8913,10.);
#2665=VECTOR('',#8914,10.);
#2666=VECTOR('',#8915,10.);
#2667=VECTOR('',#8918,10.);
#2668=VECTOR('',#8919,10.);
#2669=VECTOR('',#8920,10.);
#2670=VECTOR('',#8923,10.);
#2671=VECTOR('',#8924,10.);
#2672=VECTOR('',#8925,10.);
#2673=VECTOR('',#8928,10.);
#2674=VECTOR('',#8929,10.);
#2675=VECTOR('',#8930,10.);
#2676=VECTOR('',#8933,10.);
#2677=VECTOR('',#8934,10.);
#2678=VECTOR('',#8935,10.);
#2679=VECTOR('',#8938,10.);
#2680=VECTOR('',#8939,10.);
#2681=VECTOR('',#8944,2.45);
#2682=VECTOR('',#8951,2.4);
#2683=VECTOR('',#8956,2.45);
#2684=VECTOR('',#8961,2.4);
#2685=VECTOR('',#8966,2.45);
#2686=VECTOR('',#8971,2.4);
#2687=VECTOR('',#8976,2.45);
#2688=VECTOR('',#8981,2.4);
#2689=VECTOR('',#8988,2.14);
#2690=VECTOR('',#8995,2.25);
#2691=VECTOR('',#9002,2.14);
#2692=VECTOR('',#9009,2.25);
#2693=VECTOR('',#9016,2.14);
#2694=VECTOR('',#9023,2.25);
#2695=VECTOR('',#9030,2.14);
#2696=VECTOR('',#9037,2.25);
#2697=VECTOR('',#9050,10.);
#2698=VECTOR('',#9051,10.);
#2699=VECTOR('',#9054,10.);
#2700=VECTOR('',#9055,10.);
#2701=VECTOR('',#9058,10.);
#2702=VECTOR('',#9065,10.);
#2703=VERTEX_POINT('',#9070);
#2704=VERTEX_POINT('',#9071);
#2705=VERTEX_POINT('',#9073);
#2706=VERTEX_POINT('',#9075);
#2707=VERTEX_POINT('',#9077);
#2708=VERTEX_POINT('',#9079);
#2709=VERTEX_POINT('',#9081);
#2710=VERTEX_POINT('',#9083);
#2711=VERTEX_POINT('',#9085);
#2712=VERTEX_POINT('',#9087);
#2713=VERTEX_POINT('',#9089);
#2714=VERTEX_POINT('',#9091);
#2715=VERTEX_POINT('',#9093);
#2716=VERTEX_POINT('',#9095);
#2717=VERTEX_POINT('',#9097);
#2718=VERTEX_POINT('',#9099);
#2719=VERTEX_POINT('',#9101);
#2720=VERTEX_POINT('',#9103);
#2721=VERTEX_POINT('',#9105);
#2722=VERTEX_POINT('',#9107);
#2723=VERTEX_POINT('',#9109);
#2724=VERTEX_POINT('',#9111);
#2725=VERTEX_POINT('',#9113);
#2726=VERTEX_POINT('',#9115);
#2727=VERTEX_POINT('',#9119);
#2728=VERTEX_POINT('',#9121);
#2729=VERTEX_POINT('',#9125);
#2730=VERTEX_POINT('',#9127);
#2731=VERTEX_POINT('',#9129);
#2732=VERTEX_POINT('',#9131);
#2733=VERTEX_POINT('',#9133);
#2734=VERTEX_POINT('',#9141);
#2735=VERTEX_POINT('',#9143);
#2736=VERTEX_POINT('',#9145);
#2737=VERTEX_POINT('',#9147);
#2738=VERTEX_POINT('',#9149);
#2739=VERTEX_POINT('',#9151);
#2740=VERTEX_POINT('',#9153);
#2741=VERTEX_POINT('',#9155);
#2742=VERTEX_POINT('',#9157);
#2743=VERTEX_POINT('',#9159);
#2744=VERTEX_POINT('',#9161);
#2745=VERTEX_POINT('',#9163);
#2746=VERTEX_POINT('',#9165);
#2747=VERTEX_POINT('',#9167);
#2748=VERTEX_POINT('',#9169);
#2749=VERTEX_POINT('',#9171);
#2750=VERTEX_POINT('',#9173);
#2751=VERTEX_POINT('',#9175);
#2752=VERTEX_POINT('',#9177);
#2753=VERTEX_POINT('',#9179);
#2754=VERTEX_POINT('',#9181);
#2755=VERTEX_POINT('',#9183);
#2756=VERTEX_POINT('',#9187);
#2757=VERTEX_POINT('',#9193);
#2758=VERTEX_POINT('',#9197);
#2759=VERTEX_POINT('',#9201);
#2760=VERTEX_POINT('',#9205);
#2761=VERTEX_POINT('',#9207);
#2762=VERTEX_POINT('',#9209);
#2763=VERTEX_POINT('',#9211);
#2764=VERTEX_POINT('',#9213);
#2765=VERTEX_POINT('',#9215);
#2766=VERTEX_POINT('',#9217);
#2767=VERTEX_POINT('',#9219);
#2768=VERTEX_POINT('',#9221);
#2769=VERTEX_POINT('',#9225);
#2770=VERTEX_POINT('',#9227);
#2771=VERTEX_POINT('',#9229);
#2772=VERTEX_POINT('',#9233);
#2773=VERTEX_POINT('',#9237);
#2774=VERTEX_POINT('',#9241);
#2775=VERTEX_POINT('',#9245);
#2776=VERTEX_POINT('',#9249);
#2777=VERTEX_POINT('',#9251);
#2778=VERTEX_POINT('',#9253);
#2779=VERTEX_POINT('',#9255);
#2780=VERTEX_POINT('',#9257);
#2781=VERTEX_POINT('',#9259);
#2782=VERTEX_POINT('',#9261);
#2783=VERTEX_POINT('',#9263);
#2784=VERTEX_POINT('',#9265);
#2785=VERTEX_POINT('',#9267);
#2786=VERTEX_POINT('',#9269);
#2787=VERTEX_POINT('',#9271);
#2788=VERTEX_POINT('',#9273);
#2789=VERTEX_POINT('',#9275);
#2790=VERTEX_POINT('',#9277);
#2791=VERTEX_POINT('',#9279);
#2792=VERTEX_POINT('',#9282);
#2793=VERTEX_POINT('',#9284);
#2794=VERTEX_POINT('',#9287);
#2795=VERTEX_POINT('',#9289);
#2796=VERTEX_POINT('',#9293);
#2797=VERTEX_POINT('',#9297);
#2798=VERTEX_POINT('',#9301);
#2799=VERTEX_POINT('',#9305);
#2800=VERTEX_POINT('',#9306);
#2801=VERTEX_POINT('',#9308);
#2802=VERTEX_POINT('',#9310);
#2803=VERTEX_POINT('',#9314);
#2804=VERTEX_POINT('',#9316);
#2805=VERTEX_POINT('',#9320);
#2806=VERTEX_POINT('',#9322);
#2807=VERTEX_POINT('',#9326);
#2808=VERTEX_POINT('',#9327);
#2809=VERTEX_POINT('',#9329);
#2810=VERTEX_POINT('',#9331);
#2811=VERTEX_POINT('',#9335);
#2812=VERTEX_POINT('',#9337);
#2813=VERTEX_POINT('',#9341);
#2814=VERTEX_POINT('',#9343);
#2815=VERTEX_POINT('',#9347);
#2816=VERTEX_POINT('',#9348);
#2817=VERTEX_POINT('',#9350);
#2818=VERTEX_POINT('',#9352);
#2819=VERTEX_POINT('',#9356);
#2820=VERTEX_POINT('',#9358);
#2821=VERTEX_POINT('',#9362);
#2822=VERTEX_POINT('',#9364);
#2823=VERTEX_POINT('',#9377);
#2824=VERTEX_POINT('',#9378);
#2825=VERTEX_POINT('',#9380);
#2826=VERTEX_POINT('',#9382);
#2827=VERTEX_POINT('',#9386);
#2828=VERTEX_POINT('',#9387);
#2829=VERTEX_POINT('',#9392);
#2830=VERTEX_POINT('',#9393);
#2831=VERTEX_POINT('',#9395);
#2832=VERTEX_POINT('',#9397);
#2833=VERTEX_POINT('',#9401);
#2834=VERTEX_POINT('',#9402);
#2835=VERTEX_POINT('',#9404);
#2836=VERTEX_POINT('',#9409);
#2837=VERTEX_POINT('',#9411);
#2838=VERTEX_POINT('',#9415);
#2839=VERTEX_POINT('',#9417);
#2840=VERTEX_POINT('',#9421);
#2841=VERTEX_POINT('',#9423);
#2842=VERTEX_POINT('',#9427);
#2843=VERTEX_POINT('',#9430);
#2844=VERTEX_POINT('',#9434);
#2845=VERTEX_POINT('',#9438);
#2846=VERTEX_POINT('',#9442);
#2847=VERTEX_POINT('',#9446);
#2848=VERTEX_POINT('',#9447);
#2849=VERTEX_POINT('',#9452);
#2850=VERTEX_POINT('',#9458);
#2851=VERTEX_POINT('',#9460);
#2852=VERTEX_POINT('',#9467);
#2853=VERTEX_POINT('',#9469);
#2854=VERTEX_POINT('',#9477);
#2855=VERTEX_POINT('',#9486);
#2856=VERTEX_POINT('',#9487);
#2857=VERTEX_POINT('',#9492);
#2858=VERTEX_POINT('',#9496);
#2859=VERTEX_POINT('',#9497);
#2860=VERTEX_POINT('',#9502);
#2861=VERTEX_POINT('',#9508);
#2862=VERTEX_POINT('',#9515);
#2863=VERTEX_POINT('',#9519);
#2864=VERTEX_POINT('',#9521);
#2865=VERTEX_POINT('',#9523);
#2866=VERTEX_POINT('',#9527);
#2867=VERTEX_POINT('',#9529);
#2868=VERTEX_POINT('',#9534);
#2869=VERTEX_POINT('',#9536);
#2870=VERTEX_POINT('',#9541);
#2871=VERTEX_POINT('',#9543);
#2872=VERTEX_POINT('',#9548);
#2873=VERTEX_POINT('',#9550);
#2874=VERTEX_POINT('',#9555);
#2875=VERTEX_POINT('',#9559);
#2876=VERTEX_POINT('',#9563);
#2877=VERTEX_POINT('',#9567);
#2878=VERTEX_POINT('',#9571);
#2879=VERTEX_POINT('',#9573);
#2880=VERTEX_POINT('',#9577);
#2881=VERTEX_POINT('',#9580);
#2882=VERTEX_POINT('',#9582);
#2883=VERTEX_POINT('',#9584);
#2884=VERTEX_POINT('',#9587);
#2885=VERTEX_POINT('',#9589);
#2886=VERTEX_POINT('',#9592);
#2887=VERTEX_POINT('',#9596);
#2888=VERTEX_POINT('',#9600);
#2889=VERTEX_POINT('',#9604);
#2890=VERTEX_POINT('',#9606);
#2891=VERTEX_POINT('',#9610);
#2892=VERTEX_POINT('',#9614);
#2893=VERTEX_POINT('',#9615);
#2894=VERTEX_POINT('',#9617);
#2895=VERTEX_POINT('',#9619);
#2896=VERTEX_POINT('',#9621);
#2897=VERTEX_POINT('',#9623);
#2898=VERTEX_POINT('',#9627);
#2899=VERTEX_POINT('',#9629);
#2900=VERTEX_POINT('',#9633);
#2901=VERTEX_POINT('',#9637);
#2902=VERTEX_POINT('',#9638);
#2903=VERTEX_POINT('',#9640);
#2904=VERTEX_POINT('',#9642);
#2905=VERTEX_POINT('',#9644);
#2906=VERTEX_POINT('',#9646);
#2907=VERTEX_POINT('',#9650);
#2908=VERTEX_POINT('',#9652);
#2909=VERTEX_POINT('',#9656);
#2910=VERTEX_POINT('',#9660);
#2911=VERTEX_POINT('',#9661);
#2912=VERTEX_POINT('',#9663);
#2913=VERTEX_POINT('',#9665);
#2914=VERTEX_POINT('',#9667);
#2915=VERTEX_POINT('',#9669);
#2916=VERTEX_POINT('',#9673);
#2917=VERTEX_POINT('',#9675);
#2918=VERTEX_POINT('',#9679);
#2919=VERTEX_POINT('',#9683);
#2920=VERTEX_POINT('',#9684);
#2921=VERTEX_POINT('',#9686);
#2922=VERTEX_POINT('',#9688);
#2923=VERTEX_POINT('',#9690);
#2924=VERTEX_POINT('',#9692);
#2925=VERTEX_POINT('',#9696);
#2926=VERTEX_POINT('',#9698);
#2927=VERTEX_POINT('',#9702);
#2928=VERTEX_POINT('',#9706);
#2929=VERTEX_POINT('',#9710);
#2930=VERTEX_POINT('',#9714);
#2931=VERTEX_POINT('',#9722);
#2932=VERTEX_POINT('',#9724);
#2933=VERTEX_POINT('',#9728);
#2934=VERTEX_POINT('',#9732);
#2935=VERTEX_POINT('',#9736);
#2936=VERTEX_POINT('',#9740);
#2937=VERTEX_POINT('',#9748);
#2938=VERTEX_POINT('',#9750);
#2939=VERTEX_POINT('',#9754);
#2940=VERTEX_POINT('',#9758);
#2941=VERTEX_POINT('',#9762);
#2942=VERTEX_POINT('',#9766);
#2943=VERTEX_POINT('',#9774);
#2944=VERTEX_POINT('',#9776);
#2945=VERTEX_POINT('',#9780);
#2946=VERTEX_POINT('',#9784);
#2947=VERTEX_POINT('',#9788);
#2948=VERTEX_POINT('',#9792);
#2949=VERTEX_POINT('',#9800);
#2950=VERTEX_POINT('',#9801);
#2951=VERTEX_POINT('',#9803);
#2952=VERTEX_POINT('',#9805);
#2953=VERTEX_POINT('',#9809);
#2954=VERTEX_POINT('',#9810);
#2955=VERTEX_POINT('',#9812);
#2956=VERTEX_POINT('',#9814);
#2957=VERTEX_POINT('',#9818);
#2958=VERTEX_POINT('',#9819);
#2959=VERTEX_POINT('',#9821);
#2960=VERTEX_POINT('',#9823);
#2961=VERTEX_POINT('',#9827);
#2962=VERTEX_POINT('',#9828);
#2963=VERTEX_POINT('',#9830);
#2964=VERTEX_POINT('',#9832);
#2965=VERTEX_POINT('',#9836);
#2966=VERTEX_POINT('',#9837);
#2967=VERTEX_POINT('',#9839);
#2968=VERTEX_POINT('',#9841);
#2969=VERTEX_POINT('',#9845);
#2970=VERTEX_POINT('',#9846);
#2971=VERTEX_POINT('',#9848);
#2972=VERTEX_POINT('',#9850);
#2973=VERTEX_POINT('',#9854);
#2974=VERTEX_POINT('',#9855);
#2975=VERTEX_POINT('',#9857);
#2976=VERTEX_POINT('',#9859);
#2977=VERTEX_POINT('',#9863);
#2978=VERTEX_POINT('',#9864);
#2979=VERTEX_POINT('',#9866);
#2980=VERTEX_POINT('',#9868);
#2981=VERTEX_POINT('',#9872);
#2982=VERTEX_POINT('',#9873);
#2983=VERTEX_POINT('',#9875);
#2984=VERTEX_POINT('',#9877);
#2985=VERTEX_POINT('',#9881);
#2986=VERTEX_POINT('',#9883);
#2987=VERTEX_POINT('',#9885);
#2988=VERTEX_POINT('',#9887);
#2989=VERTEX_POINT('',#9890);
#2990=VERTEX_POINT('',#9892);
#2991=VERTEX_POINT('',#9897);
#2992=VERTEX_POINT('',#9899);
#2993=VERTEX_POINT('',#9902);
#2994=VERTEX_POINT('',#9904);
#2995=VERTEX_POINT('',#9907);
#2996=VERTEX_POINT('',#9909);
#2997=VERTEX_POINT('',#9912);
#2998=VERTEX_POINT('',#9914);
#2999=VERTEX_POINT('',#9917);
#3000=VERTEX_POINT('',#9921);
#3001=VERTEX_POINT('',#9922);
#3002=VERTEX_POINT('',#9927);
#3003=VERTEX_POINT('',#9928);
#3004=VERTEX_POINT('',#9933);
#3005=VERTEX_POINT('',#9934);
#3006=VERTEX_POINT('',#9939);
#3007=VERTEX_POINT('',#9940);
#3008=VERTEX_POINT('',#9945);
#3009=VERTEX_POINT('',#9946);
#3010=VERTEX_POINT('',#9951);
#3011=VERTEX_POINT('',#9952);
#3012=VERTEX_POINT('',#9957);
#3013=VERTEX_POINT('',#9958);
#3014=VERTEX_POINT('',#9995);
#3015=VERTEX_POINT('',#9999);
#3016=VERTEX_POINT('',#10001);
#3017=VERTEX_POINT('',#10003);
#3018=VERTEX_POINT('',#10005);
#3019=VERTEX_POINT('',#10007);
#3020=VERTEX_POINT('',#10009);
#3021=VERTEX_POINT('',#10011);
#3022=VERTEX_POINT('',#10013);
#3023=VERTEX_POINT('',#10015);
#3024=VERTEX_POINT('',#10018);
#3025=VERTEX_POINT('',#10022);
#3026=VERTEX_POINT('',#10026);
#3027=VERTEX_POINT('',#10030);
#3028=VERTEX_POINT('',#10034);
#3029=VERTEX_POINT('',#10038);
#3030=VERTEX_POINT('',#10042);
#3031=VERTEX_POINT('',#10046);
#3032=VERTEX_POINT('',#10050);
#3033=VERTEX_POINT('',#10057);
#3034=VERTEX_POINT('',#10061);
#3035=VERTEX_POINT('',#10065);
#3036=VERTEX_POINT('',#10069);
#3037=VERTEX_POINT('',#10073);
#3038=VERTEX_POINT('',#10077);
#3039=VERTEX_POINT('',#10081);
#3040=VERTEX_POINT('',#10085);
#3041=VERTEX_POINT('',#10089);
#3042=VERTEX_POINT('',#10093);
#3043=VERTEX_POINT('',#10097);
#3044=VERTEX_POINT('',#10103);
#3045=VERTEX_POINT('',#10105);
#3046=VERTEX_POINT('',#10109);
#3047=VERTEX_POINT('',#10113);
#3048=VERTEX_POINT('',#10117);
#3049=VERTEX_POINT('',#10121);
#3050=VERTEX_POINT('',#10125);
#3051=VERTEX_POINT('',#10129);
#3052=VERTEX_POINT('',#10135);
#3053=VERTEX_POINT('',#10139);
#3054=VERTEX_POINT('',#10143);
#3055=VERTEX_POINT('',#10150);
#3056=VERTEX_POINT('',#10154);
#3057=VERTEX_POINT('',#10160);
#3058=VERTEX_POINT('',#10161);
#3059=VERTEX_POINT('',#10163);
#3060=VERTEX_POINT('',#10165);
#3061=VERTEX_POINT('',#10169);
#3062=VERTEX_POINT('',#10170);
#3063=VERTEX_POINT('',#10175);
#3064=VERTEX_POINT('',#10176);
#3065=VERTEX_POINT('',#10181);
#3066=VERTEX_POINT('',#10182);
#3067=VERTEX_POINT('',#10187);
#3068=VERTEX_POINT('',#10188);
#3069=VERTEX_POINT('',#10193);
#3070=VERTEX_POINT('',#10194);
#3071=VERTEX_POINT('',#10199);
#3072=VERTEX_POINT('',#10200);
#3073=VERTEX_POINT('',#10208);
#3074=VERTEX_POINT('',#10210);
#3075=VERTEX_POINT('',#10214);
#3076=VERTEX_POINT('',#10218);
#3077=VERTEX_POINT('',#10222);
#3078=VERTEX_POINT('',#10227);
#3079=VERTEX_POINT('',#10229);
#3080=VERTEX_POINT('',#10233);
#3081=VERTEX_POINT('',#10241);
#3082=VERTEX_POINT('',#10242);
#3083=VERTEX_POINT('',#10244);
#3084=VERTEX_POINT('',#10246);
#3085=VERTEX_POINT('',#10250);
#3086=VERTEX_POINT('',#10252);
#3087=VERTEX_POINT('',#10256);
#3088=VERTEX_POINT('',#10258);
#3089=VERTEX_POINT('',#10262);
#3090=VERTEX_POINT('',#10264);
#3091=VERTEX_POINT('',#10268);
#3092=VERTEX_POINT('',#10270);
#3093=VERTEX_POINT('',#10274);
#3094=VERTEX_POINT('',#10276);
#3095=VERTEX_POINT('',#10280);
#3096=VERTEX_POINT('',#10282);
#3097=VERTEX_POINT('',#10290);
#3098=VERTEX_POINT('',#10291);
#3099=VERTEX_POINT('',#10293);
#3100=VERTEX_POINT('',#10295);
#3101=VERTEX_POINT('',#10297);
#3102=VERTEX_POINT('',#10299);
#3103=VERTEX_POINT('',#10303);
#3104=VERTEX_POINT('',#10305);
#3105=VERTEX_POINT('',#10307);
#3106=VERTEX_POINT('',#10309);
#3107=VERTEX_POINT('',#10311);
#3108=VERTEX_POINT('',#10313);
#3109=VERTEX_POINT('',#10315);
#3110=VERTEX_POINT('',#10317);
#3111=VERTEX_POINT('',#10320);
#3112=VERTEX_POINT('',#10324);
#3113=VERTEX_POINT('',#10328);
#3114=VERTEX_POINT('',#10332);
#3115=VERTEX_POINT('',#10338);
#3116=VERTEX_POINT('',#10342);
#3117=VERTEX_POINT('',#10343);
#3118=VERTEX_POINT('',#10347);
#3119=VERTEX_POINT('',#10349);
#3120=VERTEX_POINT('',#10353);
#3121=VERTEX_POINT('',#10355);
#3122=VERTEX_POINT('',#10357);
#3123=VERTEX_POINT('',#10359);
#3124=VERTEX_POINT('',#10361);
#3125=VERTEX_POINT('',#10363);
#3126=VERTEX_POINT('',#10365);
#3127=VERTEX_POINT('',#10367);
#3128=VERTEX_POINT('',#10369);
#3129=VERTEX_POINT('',#10371);
#3130=VERTEX_POINT('',#10373);
#3131=VERTEX_POINT('',#10375);
#3132=VERTEX_POINT('',#10377);
#3133=VERTEX_POINT('',#10382);
#3134=VERTEX_POINT('',#10386);
#3135=VERTEX_POINT('',#10390);
#3136=VERTEX_POINT('',#10394);
#3137=VERTEX_POINT('',#10398);
#3138=VERTEX_POINT('',#10402);
#3139=VERTEX_POINT('',#10406);
#3140=VERTEX_POINT('',#10410);
#3141=VERTEX_POINT('',#10414);
#3142=VERTEX_POINT('',#10418);
#3143=VERTEX_POINT('',#10422);
#3144=VERTEX_POINT('',#10426);
#3145=VERTEX_POINT('',#10430);
#3146=VERTEX_POINT('',#10434);
#3147=VERTEX_POINT('',#10438);
#3148=VERTEX_POINT('',#10442);
#3149=VERTEX_POINT('',#10446);
#3150=VERTEX_POINT('',#10450);
#3151=VERTEX_POINT('',#10454);
#3152=VERTEX_POINT('',#10458);
#3153=VERTEX_POINT('',#10462);
#3154=VERTEX_POINT('',#10466);
#3155=VERTEX_POINT('',#10470);
#3156=VERTEX_POINT('',#10474);
#3157=VERTEX_POINT('',#10482);
#3158=VERTEX_POINT('',#10483);
#3159=VERTEX_POINT('',#10485);
#3160=VERTEX_POINT('',#10487);
#3161=VERTEX_POINT('',#10491);
#3162=VERTEX_POINT('',#10493);
#3163=VERTEX_POINT('',#10497);
#3164=VERTEX_POINT('',#10499);
#3165=VERTEX_POINT('',#10503);
#3166=VERTEX_POINT('',#10505);
#3167=VERTEX_POINT('',#10509);
#3168=VERTEX_POINT('',#10511);
#3169=VERTEX_POINT('',#10519);
#3170=VERTEX_POINT('',#10521);
#3171=VERTEX_POINT('',#10526);
#3172=VERTEX_POINT('',#10539);
#3173=VERTEX_POINT('',#10541);
#3174=VERTEX_POINT('',#10545);
#3175=VERTEX_POINT('',#10546);
#3176=VERTEX_POINT('',#10550);
#3177=VERTEX_POINT('',#10551);
#3178=VERTEX_POINT('',#10555);
#3179=VERTEX_POINT('',#10559);
#3180=VERTEX_POINT('',#10560);
#3181=VERTEX_POINT('',#10562);
#3182=VERTEX_POINT('',#10564);
#3183=VERTEX_POINT('',#10568);
#3184=VERTEX_POINT('',#10570);
#3185=VERTEX_POINT('',#10574);
#3186=VERTEX_POINT('',#10576);
#3187=VERTEX_POINT('',#10580);
#3188=VERTEX_POINT('',#10582);
#3189=VERTEX_POINT('',#10586);
#3190=VERTEX_POINT('',#10588);
#3191=VERTEX_POINT('',#10592);
#3192=VERTEX_POINT('',#10594);
#3193=VERTEX_POINT('',#10598);
#3194=VERTEX_POINT('',#10600);
#3195=VERTEX_POINT('',#10604);
#3196=VERTEX_POINT('',#10606);
#3197=VERTEX_POINT('',#10610);
#3198=VERTEX_POINT('',#10612);
#3199=VERTEX_POINT('',#10616);
#3200=VERTEX_POINT('',#10618);
#3201=VERTEX_POINT('',#10622);
#3202=VERTEX_POINT('',#10624);
#3203=VERTEX_POINT('',#10628);
#3204=VERTEX_POINT('',#10630);
#3205=VERTEX_POINT('',#10634);
#3206=VERTEX_POINT('',#10636);
#3207=VERTEX_POINT('',#10640);
#3208=VERTEX_POINT('',#10642);
#3209=VERTEX_POINT('',#10646);
#3210=VERTEX_POINT('',#10648);
#3211=VERTEX_POINT('',#10656);
#3212=VERTEX_POINT('',#10660);
#3213=VERTEX_POINT('',#10665);
#3214=VERTEX_POINT('',#10666);
#3215=VERTEX_POINT('',#10668);
#3216=VERTEX_POINT('',#10670);
#3217=VERTEX_POINT('',#10674);
#3218=VERTEX_POINT('',#10676);
#3219=VERTEX_POINT('',#10680);
#3220=VERTEX_POINT('',#10682);
#3221=VERTEX_POINT('',#10686);
#3222=VERTEX_POINT('',#10688);
#3223=VERTEX_POINT('',#10692);
#3224=VERTEX_POINT('',#10694);
#3225=VERTEX_POINT('',#10702);
#3226=VERTEX_POINT('',#10703);
#3227=VERTEX_POINT('',#10705);
#3228=VERTEX_POINT('',#10707);
#3229=VERTEX_POINT('',#10711);
#3230=VERTEX_POINT('',#10713);
#3231=VERTEX_POINT('',#10717);
#3232=VERTEX_POINT('',#10719);
#3233=VERTEX_POINT('',#10723);
#3234=VERTEX_POINT('',#10725);
#3235=VERTEX_POINT('',#10729);
#3236=VERTEX_POINT('',#10731);
#3237=VERTEX_POINT('',#10739);
#3238=VERTEX_POINT('',#10740);
#3239=VERTEX_POINT('',#10742);
#3240=VERTEX_POINT('',#10744);
#3241=VERTEX_POINT('',#10748);
#3242=VERTEX_POINT('',#10750);
#3243=VERTEX_POINT('',#10754);
#3244=VERTEX_POINT('',#10756);
#3245=VERTEX_POINT('',#10760);
#3246=VERTEX_POINT('',#10762);
#3247=VERTEX_POINT('',#10766);
#3248=VERTEX_POINT('',#10768);
#3249=VERTEX_POINT('',#10776);
#3250=VERTEX_POINT('',#10777);
#3251=VERTEX_POINT('',#10779);
#3252=VERTEX_POINT('',#10781);
#3253=VERTEX_POINT('',#10785);
#3254=VERTEX_POINT('',#10787);
#3255=VERTEX_POINT('',#10791);
#3256=VERTEX_POINT('',#10793);
#3257=VERTEX_POINT('',#10797);
#3258=VERTEX_POINT('',#10799);
#3259=VERTEX_POINT('',#10803);
#3260=VERTEX_POINT('',#10805);
#3261=VERTEX_POINT('',#10813);
#3262=VERTEX_POINT('',#10818);
#3263=VERTEX_POINT('',#10822);
#3264=VERTEX_POINT('',#10826);
#3265=VERTEX_POINT('',#10830);
#3266=VERTEX_POINT('',#10834);
#3267=VERTEX_POINT('',#10838);
#3268=VERTEX_POINT('',#10842);
#3269=VERTEX_POINT('',#10846);
#3270=VERTEX_POINT('',#10848);
#3271=VERTEX_POINT('',#10852);
#3272=VERTEX_POINT('',#10857);
#3273=VERTEX_POINT('',#10859);
#3274=VERTEX_POINT('',#10863);
#3275=VERTEX_POINT('',#10868);
#3276=VERTEX_POINT('',#10870);
#3277=VERTEX_POINT('',#10874);
#3278=VERTEX_POINT('',#10879);
#3279=VERTEX_POINT('',#10881);
#3280=VERTEX_POINT('',#10885);
#3281=EDGE_CURVE('',#2703,#2704,#1427,.T.);
#3282=EDGE_CURVE('',#2705,#2703,#1428,.T.);
#3283=EDGE_CURVE('',#2706,#2705,#1429,.T.);
#3284=EDGE_CURVE('',#2707,#2706,#1430,.T.);
#3285=EDGE_CURVE('',#2708,#2707,#1431,.T.);
#3286=EDGE_CURVE('',#2709,#2708,#1179,.T.);
#3287=EDGE_CURVE('',#2710,#2709,#1180,.T.);
#3288=EDGE_CURVE('',#2711,#2710,#1432,.T.);
#3289=EDGE_CURVE('',#2712,#2711,#1181,.T.);
#3290=EDGE_CURVE('',#2713,#2712,#1433,.T.);
#3291=EDGE_CURVE('',#2714,#2713,#1182,.T.);
#3292=EDGE_CURVE('',#2715,#2714,#1434,.T.);
#3293=EDGE_CURVE('',#2716,#2715,#1183,.T.);
#3294=EDGE_CURVE('',#2717,#2716,#1184,.T.);
#3295=EDGE_CURVE('',#2718,#2717,#1435,.T.);
#3296=EDGE_CURVE('',#2719,#2718,#1436,.T.);
#3297=EDGE_CURVE('',#2720,#2719,#1437,.T.);
#3298=EDGE_CURVE('',#2721,#2720,#1438,.T.);
#3299=EDGE_CURVE('',#2722,#2721,#1439,.T.);
#3300=EDGE_CURVE('',#2723,#2722,#1185,.T.);
#3301=EDGE_CURVE('',#2724,#2723,#1440,.T.);
#3302=EDGE_CURVE('',#2725,#2724,#1441,.T.);
#3303=EDGE_CURVE('',#2726,#2725,#1442,.T.);
#3304=EDGE_CURVE('',#2704,#2726,#1443,.T.);
#3305=EDGE_CURVE('',#2706,#2727,#1444,.T.);
#3306=EDGE_CURVE('',#2727,#2728,#1445,.T.);
#3307=EDGE_CURVE('',#2707,#2728,#1446,.T.);
#3308=EDGE_CURVE('',#2729,#2705,#1447,.T.);
#3309=EDGE_CURVE('',#2729,#2730,#1448,.T.);
#3310=EDGE_CURVE('',#2731,#2730,#1449,.T.);
#3311=EDGE_CURVE('',#2731,#2732,#1450,.T.);
#3312=EDGE_CURVE('',#2733,#2732,#1451,.T.);
#3313=EDGE_CURVE('',#2733,#2727,#1452,.T.);
#3314=EDGE_CURVE('',#2703,#2729,#1453,.T.);
#3315=EDGE_CURVE('',#2704,#2730,#1454,.T.);
#3316=EDGE_CURVE('',#2734,#2726,#1455,.T.);
#3317=EDGE_CURVE('',#2735,#2734,#1456,.T.);
#3318=EDGE_CURVE('',#2736,#2735,#1457,.T.);
#3319=EDGE_CURVE('',#2737,#2736,#1458,.T.);
#3320=EDGE_CURVE('',#2738,#2737,#1459,.T.);
#3321=EDGE_CURVE('',#2739,#2738,#1460,.T.);
#3322=EDGE_CURVE('',#2740,#2739,#1461,.T.);
#3323=EDGE_CURVE('',#2741,#2740,#1462,.T.);
#3324=EDGE_CURVE('',#2742,#2741,#1463,.T.);
#3325=EDGE_CURVE('',#2743,#2742,#1464,.T.);
#3326=EDGE_CURVE('',#2744,#2743,#1465,.T.);
#3327=EDGE_CURVE('',#2745,#2744,#1186,.T.);
#3328=EDGE_CURVE('',#2746,#2745,#1466,.T.);
#3329=EDGE_CURVE('',#2747,#2746,#1187,.T.);
#3330=EDGE_CURVE('',#2748,#2747,#1467,.T.);
#3331=EDGE_CURVE('',#2749,#2748,#1468,.T.);
#3332=EDGE_CURVE('',#2750,#2749,#1469,.T.);
#3333=EDGE_CURVE('',#2751,#2750,#1470,.T.);
#3334=EDGE_CURVE('',#2752,#2751,#1471,.T.);
#3335=EDGE_CURVE('',#2753,#2752,#1472,.T.);
#3336=EDGE_CURVE('',#2754,#2753,#1473,.T.);
#3337=EDGE_CURVE('',#2754,#2755,#1474,.T.);
#3338=EDGE_CURVE('',#2755,#2731,#1475,.T.);
#3339=EDGE_CURVE('',#2756,#2725,#1476,.T.);
#3340=EDGE_CURVE('',#2734,#2756,#1477,.T.);
#3341=EDGE_CURVE('',#2724,#2756,#1478,.T.);
#3342=EDGE_CURVE('',#2723,#2757,#1479,.T.);
#3343=EDGE_CURVE('',#2757,#2735,#1480,.T.);
#3344=EDGE_CURVE('',#2722,#2758,#1481,.T.);
#3345=EDGE_CURVE('',#2758,#2757,#1188,.T.);
#3346=EDGE_CURVE('',#2759,#2721,#1482,.T.);
#3347=EDGE_CURVE('',#2759,#2758,#1483,.T.);
#3348=EDGE_CURVE('',#2720,#2760,#1484,.T.);
#3349=EDGE_CURVE('',#2760,#2761,#1485,.T.);
#3350=EDGE_CURVE('',#2761,#2762,#1486,.T.);
#3351=EDGE_CURVE('',#2763,#2762,#1487,.T.);
#3352=EDGE_CURVE('',#2764,#2763,#1488,.T.);
#3353=EDGE_CURVE('',#2764,#2765,#1489,.T.);
#3354=EDGE_CURVE('',#2765,#2766,#1490,.T.);
#3355=EDGE_CURVE('',#2767,#2766,#1491,.T.);
#3356=EDGE_CURVE('',#2767,#2768,#1492,.T.);
#3357=EDGE_CURVE('',#2768,#2759,#1493,.T.);
#3358=EDGE_CURVE('',#2719,#2769,#1494,.T.);
#3359=EDGE_CURVE('',#2769,#2770,#1495,.T.);
#3360=EDGE_CURVE('',#2770,#2771,#1496,.T.);
#3361=EDGE_CURVE('',#2771,#2760,#1497,.T.);
#3362=EDGE_CURVE('',#2772,#2771,#1498,.T.);
#3363=EDGE_CURVE('',#2761,#2772,#1499,.T.);
#3364=EDGE_CURVE('',#2773,#2770,#1500,.T.);
#3365=EDGE_CURVE('',#2773,#2772,#1501,.T.);
#3366=EDGE_CURVE('',#2774,#2755,#1502,.T.);
#3367=EDGE_CURVE('',#2732,#2774,#1503,.T.);
#3368=EDGE_CURVE('',#2733,#2775,#1504,.T.);
#3369=EDGE_CURVE('',#2775,#2774,#1505,.T.);
#3370=EDGE_CURVE('',#2762,#2776,#1506,.T.);
#3371=EDGE_CURVE('',#2776,#2777,#1189,.T.);
#3372=EDGE_CURVE('',#2777,#2778,#1507,.T.);
#3373=EDGE_CURVE('',#2778,#2779,#1190,.T.);
#3374=EDGE_CURVE('',#2779,#2780,#1508,.T.);
#3375=EDGE_CURVE('',#2780,#2781,#1191,.T.);
#3376=EDGE_CURVE('',#2781,#2782,#1509,.T.);
#3377=EDGE_CURVE('',#2782,#2783,#1192,.T.);
#3378=EDGE_CURVE('',#2783,#2784,#1510,.T.);
#3379=EDGE_CURVE('',#2784,#2785,#1193,.T.);
#3380=EDGE_CURVE('',#2785,#2786,#1511,.T.);
#3381=EDGE_CURVE('',#2786,#2787,#1194,.T.);
#3382=EDGE_CURVE('',#2787,#2788,#1512,.T.);
#3383=EDGE_CURVE('',#2788,#2789,#1513,.T.);
#3384=EDGE_CURVE('',#2789,#2790,#1514,.T.);
#3385=EDGE_CURVE('',#2790,#2791,#1515,.T.);
#3386=EDGE_CURVE('',#2791,#2763,#1516,.T.);
#3387=EDGE_CURVE('',#2792,#2792,#1195,.T.);
#3388=EDGE_CURVE('',#2793,#2793,#1196,.T.);
#3389=EDGE_CURVE('',#2741,#2794,#1517,.T.);
#3390=EDGE_CURVE('',#2794,#2795,#1518,.T.);
#3391=EDGE_CURVE('',#2742,#2795,#1519,.T.);
#3392=EDGE_CURVE('',#2795,#2796,#1520,.T.);
#3393=EDGE_CURVE('',#2743,#2796,#1521,.T.);
#3394=EDGE_CURVE('',#2796,#2797,#1522,.T.);
#3395=EDGE_CURVE('',#2744,#2797,#1523,.T.);
#3396=EDGE_CURVE('',#2797,#2798,#1197,.T.);
#3397=EDGE_CURVE('',#2745,#2798,#1524,.T.);
#3398=EDGE_CURVE('',#2799,#2800,#1525,.T.);
#3399=EDGE_CURVE('',#2799,#2801,#1526,.T.);
#3400=EDGE_CURVE('',#2801,#2802,#1527,.T.);
#3401=EDGE_CURVE('',#2802,#2800,#1528,.T.);
#3402=EDGE_CURVE('',#2803,#2799,#1529,.T.);
#3403=EDGE_CURVE('',#2803,#2804,#1530,.T.);
#3404=EDGE_CURVE('',#2804,#2801,#1531,.T.);
#3405=EDGE_CURVE('',#2805,#2803,#1532,.T.);
#3406=EDGE_CURVE('',#2805,#2806,#1533,.T.);
#3407=EDGE_CURVE('',#2806,#2804,#1534,.T.);
#3408=EDGE_CURVE('',#2807,#2808,#1535,.T.);
#3409=EDGE_CURVE('',#2807,#2809,#1536,.T.);
#3410=EDGE_CURVE('',#2809,#2810,#1537,.T.);
#3411=EDGE_CURVE('',#2810,#2808,#1538,.T.);
#3412=EDGE_CURVE('',#2811,#2807,#1539,.T.);
#3413=EDGE_CURVE('',#2811,#2812,#1540,.T.);
#3414=EDGE_CURVE('',#2812,#2809,#1541,.T.);
#3415=EDGE_CURVE('',#2813,#2811,#1542,.T.);
#3416=EDGE_CURVE('',#2813,#2814,#1543,.T.);
#3417=EDGE_CURVE('',#2814,#2812,#1544,.T.);
#3418=EDGE_CURVE('',#2815,#2816,#1545,.T.);
#3419=EDGE_CURVE('',#2815,#2817,#1546,.T.);
#3420=EDGE_CURVE('',#2817,#2818,#1547,.T.);
#3421=EDGE_CURVE('',#2818,#2816,#1548,.T.);
#3422=EDGE_CURVE('',#2819,#2815,#1549,.T.);
#3423=EDGE_CURVE('',#2819,#2820,#1550,.T.);
#3424=EDGE_CURVE('',#2820,#2817,#1551,.T.);
#3425=EDGE_CURVE('',#2821,#2819,#1552,.T.);
#3426=EDGE_CURVE('',#2821,#2822,#1553,.T.);
#3427=EDGE_CURVE('',#2822,#2820,#1554,.T.);
#3428=EDGE_CURVE('',#2818,#2822,#1555,.T.);
#3429=EDGE_CURVE('',#2816,#2821,#1556,.T.);
#3430=EDGE_CURVE('',#2800,#2805,#1557,.T.);
#3431=EDGE_CURVE('',#2802,#2806,#1558,.T.);
#3432=EDGE_CURVE('',#2810,#2814,#1559,.T.);
#3433=EDGE_CURVE('',#2808,#2813,#1560,.T.);
#3434=EDGE_CURVE('',#2823,#2824,#1561,.T.);
#3435=EDGE_CURVE('',#2825,#2823,#1562,.T.);
#3436=EDGE_CURVE('',#2825,#2826,#1563,.T.);
#3437=EDGE_CURVE('',#2826,#2824,#1564,.T.);
#3438=EDGE_CURVE('',#2827,#2828,#1565,.T.);
#3439=EDGE_CURVE('',#2828,#2826,#1566,.T.);
#3440=EDGE_CURVE('',#2827,#2825,#1567,.T.);
#3441=EDGE_CURVE('',#2829,#2830,#1568,.T.);
#3442=EDGE_CURVE('',#2830,#2831,#1569,.T.);
#3443=EDGE_CURVE('',#2832,#2831,#1570,.T.);
#3444=EDGE_CURVE('',#2829,#2832,#1571,.T.);
#3445=EDGE_CURVE('',#2833,#2834,#1572,.T.);
#3446=EDGE_CURVE('',#2833,#2835,#1573,.T.);
#3447=EDGE_CURVE('',#2835,#2794,#1574,.T.);
#3448=EDGE_CURVE('',#2834,#2741,#1575,.T.);
#3449=EDGE_CURVE('',#2836,#2833,#1576,.T.);
#3450=EDGE_CURVE('',#2836,#2837,#1577,.T.);
#3451=EDGE_CURVE('',#2837,#2835,#1578,.T.);
#3452=EDGE_CURVE('',#2838,#2836,#1579,.T.);
#3453=EDGE_CURVE('',#2838,#2839,#1580,.T.);
#3454=EDGE_CURVE('',#2839,#2837,#1581,.T.);
#3455=EDGE_CURVE('',#2840,#2838,#1582,.T.);
#3456=EDGE_CURVE('',#2840,#2841,#1583,.T.);
#3457=EDGE_CURVE('',#2841,#2839,#1584,.T.);
#3458=EDGE_CURVE('',#2842,#2840,#1585,.T.);
#3459=EDGE_CURVE('',#2750,#2842,#1586,.T.);
#3460=EDGE_CURVE('',#2750,#2843,#1587,.T.);
#3461=EDGE_CURVE('',#2843,#2841,#1588,.T.);
#3462=EDGE_CURVE('',#2749,#2844,#1589,.T.);
#3463=EDGE_CURVE('',#2844,#2843,#1590,.T.);
#3464=EDGE_CURVE('',#2748,#2845,#1591,.T.);
#3465=EDGE_CURVE('',#2845,#2844,#1592,.T.);
#3466=EDGE_CURVE('',#2747,#2846,#1593,.T.);
#3467=EDGE_CURVE('',#2846,#2845,#1594,.T.);
#3468=EDGE_CURVE('',#2847,#2848,#1595,.T.);
#3469=EDGE_CURVE('',#2832,#2847,#1596,.T.);
#3470=EDGE_CURVE('',#2831,#2848,#1597,.T.);
#3471=EDGE_CURVE('',#2798,#2849,#1598,.T.);
#3472=EDGE_CURVE('',#2746,#2849,#1599,.T.);
#3473=EDGE_CURVE('',#2849,#2846,#1198,.T.);
#3474=EDGE_CURVE('',#2847,#2850,#1600,.T.);
#3475=EDGE_CURVE('',#2848,#2851,#1601,.T.);
#3476=EDGE_CURVE('',#2850,#2851,#1602,.T.);
#3477=EDGE_CURVE('',#2850,#2829,#1603,.T.);
#3478=EDGE_CURVE('',#2851,#2830,#1604,.T.);
#3479=EDGE_CURVE('',#2852,#2827,#1605,.T.);
#3480=EDGE_CURVE('',#2852,#2853,#1606,.T.);
#3481=EDGE_CURVE('',#2853,#2828,#1607,.T.);
#3482=EDGE_CURVE('',#2823,#2852,#1608,.T.);
#3483=EDGE_CURVE('',#2824,#2853,#1609,.T.);
#3484=EDGE_CURVE('',#2854,#2740,#1610,.T.);
#3485=EDGE_CURVE('',#2834,#2854,#1611,.T.);
#3486=EDGE_CURVE('',#2855,#2856,#1612,.T.);
#3487=EDGE_CURVE('',#2855,#2753,#1613,.T.);
#3488=EDGE_CURVE('',#2856,#2752,#1614,.T.);
#3489=EDGE_CURVE('',#2857,#2855,#1615,.T.);
#3490=EDGE_CURVE('',#2857,#2754,#1616,.T.);
#3491=EDGE_CURVE('',#2858,#2859,#1617,.T.);
#3492=EDGE_CURVE('',#2858,#2738,#1618,.T.);
#3493=EDGE_CURVE('',#2859,#2737,#1619,.T.);
#3494=EDGE_CURVE('',#2860,#2858,#1620,.T.);
#3495=EDGE_CURVE('',#2860,#2739,#1621,.T.);
#3496=EDGE_CURVE('',#2854,#2860,#1622,.T.);
#3497=EDGE_CURVE('',#2861,#2842,#1623,.T.);
#3498=EDGE_CURVE('',#2861,#2751,#1624,.T.);
#3499=EDGE_CURVE('',#2856,#2861,#1625,.T.);
#3500=EDGE_CURVE('',#2788,#2857,#1626,.T.);
#3501=EDGE_CURVE('',#2787,#2862,#1627,.T.);
#3502=EDGE_CURVE('',#2862,#2775,#1628,.T.);
#3503=EDGE_CURVE('',#2736,#2863,#1629,.T.);
#3504=EDGE_CURVE('',#2864,#2863,#1630,.T.);
#3505=EDGE_CURVE('',#2865,#2864,#1631,.T.);
#3506=EDGE_CURVE('',#2859,#2865,#1632,.T.);
#3507=EDGE_CURVE('',#2866,#2866,#1199,.T.);
#3508=EDGE_CURVE('',#2866,#2867,#1633,.T.);
#3509=EDGE_CURVE('',#2867,#2867,#1200,.T.);
#3510=EDGE_CURVE('',#2868,#2868,#1201,.T.);
#3511=EDGE_CURVE('',#2868,#2869,#1634,.T.);
#3512=EDGE_CURVE('',#2869,#2869,#1202,.T.);
#3513=EDGE_CURVE('',#2870,#2870,#1203,.T.);
#3514=EDGE_CURVE('',#2870,#2871,#1635,.T.);
#3515=EDGE_CURVE('',#2871,#2871,#1204,.T.);
#3516=EDGE_CURVE('',#2872,#2872,#1205,.T.);
#3517=EDGE_CURVE('',#2872,#2873,#1636,.T.);
#3518=EDGE_CURVE('',#2873,#2873,#1206,.T.);
#3519=EDGE_CURVE('',#2792,#2874,#1637,.T.);
#3520=EDGE_CURVE('',#2874,#2874,#1207,.T.);
#3521=EDGE_CURVE('',#2874,#2875,#1638,.T.);
#3522=EDGE_CURVE('',#2875,#2875,#1208,.T.);
#3523=EDGE_CURVE('',#2793,#2876,#1639,.T.);
#3524=EDGE_CURVE('',#2876,#2876,#1209,.T.);
#3525=EDGE_CURVE('',#2876,#2877,#1640,.T.);
#3526=EDGE_CURVE('',#2877,#2877,#1210,.T.);
#3527=EDGE_CURVE('',#2878,#2878,#1211,.T.);
#3528=EDGE_CURVE('',#2878,#2879,#1641,.T.);
#3529=EDGE_CURVE('',#2879,#2879,#1212,.T.);
#3530=EDGE_CURVE('',#2864,#2880,#1213,.T.);
#3531=EDGE_CURVE('',#2880,#2767,#1642,.T.);
#3532=EDGE_CURVE('',#2766,#2881,#1643,.T.);
#3533=EDGE_CURVE('',#2881,#2882,#1644,.T.);
#3534=EDGE_CURVE('',#2882,#2883,#1645,.T.);
#3535=EDGE_CURVE('',#2883,#2865,#1646,.T.);
#3536=EDGE_CURVE('',#2884,#2884,#1214,.T.);
#3537=EDGE_CURVE('',#2885,#2885,#1215,.T.);
#3538=EDGE_CURVE('',#2879,#2886,#1647,.T.);
#3539=EDGE_CURVE('',#2886,#2886,#1216,.T.);
#3540=EDGE_CURVE('',#2884,#2887,#1648,.T.);
#3541=EDGE_CURVE('',#2887,#2887,#1217,.T.);
#3542=EDGE_CURVE('',#2887,#2888,#1649,.T.);
#3543=EDGE_CURVE('',#2888,#2888,#1218,.T.);
#3544=EDGE_CURVE('',#2889,#2889,#1219,.T.);
#3545=EDGE_CURVE('',#2889,#2890,#1650,.T.);
#3546=EDGE_CURVE('',#2890,#2890,#1220,.T.);
#3547=EDGE_CURVE('',#2891,#2891,#1221,.T.);
#3548=EDGE_CURVE('',#2891,#2890,#1651,.T.);
#3549=EDGE_CURVE('',#2892,#2893,#1652,.T.);
#3550=EDGE_CURVE('',#2893,#2894,#1653,.T.);
#3551=EDGE_CURVE('',#2894,#2895,#1654,.T.);
#3552=EDGE_CURVE('',#2895,#2896,#1655,.T.);
#3553=EDGE_CURVE('',#2896,#2897,#1656,.T.);
#3554=EDGE_CURVE('',#2897,#2892,#1657,.T.);
#3555=EDGE_CURVE('',#2898,#2898,#1222,.T.);
#3556=EDGE_CURVE('',#2898,#2899,#1658,.T.);
#3557=EDGE_CURVE('',#2899,#2899,#1223,.T.);
#3558=EDGE_CURVE('',#2900,#2900,#1224,.T.);
#3559=EDGE_CURVE('',#2900,#2899,#1659,.T.);
#3560=EDGE_CURVE('',#2901,#2902,#1660,.T.);
#3561=EDGE_CURVE('',#2902,#2903,#1661,.T.);
#3562=EDGE_CURVE('',#2903,#2904,#1662,.T.);
#3563=EDGE_CURVE('',#2904,#2905,#1663,.T.);
#3564=EDGE_CURVE('',#2905,#2906,#1664,.T.);
#3565=EDGE_CURVE('',#2906,#2901,#1665,.T.);
#3566=EDGE_CURVE('',#2907,#2907,#1225,.T.);
#3567=EDGE_CURVE('',#2907,#2908,#1666,.T.);
#3568=EDGE_CURVE('',#2908,#2908,#1226,.T.);
#3569=EDGE_CURVE('',#2909,#2909,#1227,.T.);
#3570=EDGE_CURVE('',#2909,#2908,#1667,.T.);
#3571=EDGE_CURVE('',#2910,#2911,#1668,.T.);
#3572=EDGE_CURVE('',#2911,#2912,#1669,.T.);
#3573=EDGE_CURVE('',#2912,#2913,#1670,.T.);
#3574=EDGE_CURVE('',#2913,#2914,#1671,.T.);
#3575=EDGE_CURVE('',#2914,#2915,#1672,.T.);
#3576=EDGE_CURVE('',#2915,#2910,#1673,.T.);
#3577=EDGE_CURVE('',#2916,#2916,#1228,.T.);
#3578=EDGE_CURVE('',#2916,#2917,#1674,.T.);
#3579=EDGE_CURVE('',#2917,#2917,#1229,.T.);
#3580=EDGE_CURVE('',#2918,#2918,#1230,.T.);
#3581=EDGE_CURVE('',#2918,#2917,#1675,.T.);
#3582=EDGE_CURVE('',#2919,#2920,#1676,.T.);
#3583=EDGE_CURVE('',#2920,#2921,#1677,.T.);
#3584=EDGE_CURVE('',#2921,#2922,#1678,.T.);
#3585=EDGE_CURVE('',#2922,#2923,#1679,.T.);
#3586=EDGE_CURVE('',#2923,#2924,#1680,.T.);
#3587=EDGE_CURVE('',#2924,#2919,#1681,.T.);
#3588=EDGE_CURVE('',#2919,#2925,#1682,.T.);
#3589=EDGE_CURVE('',#2926,#2925,#1683,.T.);
#3590=EDGE_CURVE('',#2920,#2926,#1684,.T.);
#3591=EDGE_CURVE('',#2924,#2927,#1685,.T.);
#3592=EDGE_CURVE('',#2925,#2927,#1686,.T.);
#3593=EDGE_CURVE('',#2923,#2928,#1687,.T.);
#3594=EDGE_CURVE('',#2927,#2928,#1688,.T.);
#3595=EDGE_CURVE('',#2922,#2929,#1689,.T.);
#3596=EDGE_CURVE('',#2928,#2929,#1690,.T.);
#3597=EDGE_CURVE('',#2921,#2930,#1691,.T.);
#3598=EDGE_CURVE('',#2929,#2930,#1692,.T.);
#3599=EDGE_CURVE('',#2930,#2926,#1693,.T.);
#3600=EDGE_CURVE('',#2910,#2931,#1694,.T.);
#3601=EDGE_CURVE('',#2932,#2931,#1695,.T.);
#3602=EDGE_CURVE('',#2911,#2932,#1696,.T.);
#3603=EDGE_CURVE('',#2915,#2933,#1697,.T.);
#3604=EDGE_CURVE('',#2931,#2933,#1698,.T.);
#3605=EDGE_CURVE('',#2914,#2934,#1699,.T.);
#3606=EDGE_CURVE('',#2933,#2934,#1700,.T.);
#3607=EDGE_CURVE('',#2913,#2935,#1701,.T.);
#3608=EDGE_CURVE('',#2934,#2935,#1702,.T.);
#3609=EDGE_CURVE('',#2912,#2936,#1703,.T.);
#3610=EDGE_CURVE('',#2935,#2936,#1704,.T.);
#3611=EDGE_CURVE('',#2936,#2932,#1705,.T.);
#3612=EDGE_CURVE('',#2892,#2937,#1706,.T.);
#3613=EDGE_CURVE('',#2938,#2937,#1707,.T.);
#3614=EDGE_CURVE('',#2893,#2938,#1708,.T.);
#3615=EDGE_CURVE('',#2897,#2939,#1709,.T.);
#3616=EDGE_CURVE('',#2937,#2939,#1710,.T.);
#3617=EDGE_CURVE('',#2896,#2940,#1711,.T.);
#3618=EDGE_CURVE('',#2939,#2940,#1712,.T.);
#3619=EDGE_CURVE('',#2895,#2941,#1713,.T.);
#3620=EDGE_CURVE('',#2940,#2941,#1714,.T.);
#3621=EDGE_CURVE('',#2894,#2942,#1715,.T.);
#3622=EDGE_CURVE('',#2941,#2942,#1716,.T.);
#3623=EDGE_CURVE('',#2942,#2938,#1717,.T.);
#3624=EDGE_CURVE('',#2901,#2943,#1718,.T.);
#3625=EDGE_CURVE('',#2944,#2943,#1719,.T.);
#3626=EDGE_CURVE('',#2902,#2944,#1720,.T.);
#3627=EDGE_CURVE('',#2906,#2945,#1721,.T.);
#3628=EDGE_CURVE('',#2943,#2945,#1722,.T.);
#3629=EDGE_CURVE('',#2905,#2946,#1723,.T.);
#3630=EDGE_CURVE('',#2945,#2946,#1724,.T.);
#3631=EDGE_CURVE('',#2904,#2947,#1725,.T.);
#3632=EDGE_CURVE('',#2946,#2947,#1726,.T.);
#3633=EDGE_CURVE('',#2903,#2948,#1727,.T.);
#3634=EDGE_CURVE('',#2947,#2948,#1728,.T.);
#3635=EDGE_CURVE('',#2948,#2944,#1729,.T.);
#3636=EDGE_CURVE('',#2949,#2950,#1231,.T.);
#3637=EDGE_CURVE('',#2949,#2951,#1730,.T.);
#3638=EDGE_CURVE('',#2951,#2952,#1232,.T.);
#3639=EDGE_CURVE('',#2950,#2952,#1731,.T.);
#3640=EDGE_CURVE('',#2953,#2954,#1233,.T.);
#3641=EDGE_CURVE('',#2953,#2955,#1732,.T.);
#3642=EDGE_CURVE('',#2955,#2956,#1234,.T.);
#3643=EDGE_CURVE('',#2954,#2956,#1733,.T.);
#3644=EDGE_CURVE('',#2957,#2958,#1235,.T.);
#3645=EDGE_CURVE('',#2957,#2959,#1734,.T.);
#3646=EDGE_CURVE('',#2959,#2960,#1236,.T.);
#3647=EDGE_CURVE('',#2958,#2960,#1735,.T.);
#3648=EDGE_CURVE('',#2961,#2962,#1237,.T.);
#3649=EDGE_CURVE('',#2961,#2963,#1736,.T.);
#3650=EDGE_CURVE('',#2963,#2964,#1238,.T.);
#3651=EDGE_CURVE('',#2962,#2964,#1737,.T.);
#3652=EDGE_CURVE('',#2965,#2966,#1239,.T.);
#3653=EDGE_CURVE('',#2965,#2967,#1738,.T.);
#3654=EDGE_CURVE('',#2967,#2968,#1240,.T.);
#3655=EDGE_CURVE('',#2966,#2968,#1739,.T.);
#3656=EDGE_CURVE('',#2969,#2970,#1241,.T.);
#3657=EDGE_CURVE('',#2969,#2971,#1740,.T.);
#3658=EDGE_CURVE('',#2971,#2972,#1242,.T.);
#3659=EDGE_CURVE('',#2970,#2972,#1741,.T.);
#3660=EDGE_CURVE('',#2973,#2974,#1243,.T.);
#3661=EDGE_CURVE('',#2973,#2975,#1742,.T.);
#3662=EDGE_CURVE('',#2975,#2976,#1244,.T.);
#3663=EDGE_CURVE('',#2974,#2976,#1743,.T.);
#3664=EDGE_CURVE('',#2977,#2978,#1245,.T.);
#3665=EDGE_CURVE('',#2977,#2979,#1744,.T.);
#3666=EDGE_CURVE('',#2979,#2980,#1246,.T.);
#3667=EDGE_CURVE('',#2978,#2980,#1745,.T.);
#3668=EDGE_CURVE('',#2981,#2982,#1247,.T.);
#3669=EDGE_CURVE('',#2981,#2983,#1746,.T.);
#3670=EDGE_CURVE('',#2983,#2984,#1248,.T.);
#3671=EDGE_CURVE('',#2982,#2984,#1747,.T.);
#3672=EDGE_CURVE('',#2985,#2985,#1249,.T.);
#3673=EDGE_CURVE('',#2964,#2986,#1748,.T.);
#3674=EDGE_CURVE('',#2987,#2963,#1749,.T.);
#3675=EDGE_CURVE('',#2988,#2987,#1250,.T.);
#3676=EDGE_CURVE('',#2960,#2988,#1750,.T.);
#3677=EDGE_CURVE('',#2989,#2959,#1751,.T.);
#3678=EDGE_CURVE('',#2990,#2989,#1251,.T.);
#3679=EDGE_CURVE('',#2956,#2990,#1752,.T.);
#3680=EDGE_CURVE('',#2984,#2955,#1753,.T.);
#3681=EDGE_CURVE('',#2952,#2983,#1754,.T.);
#3682=EDGE_CURVE('',#2991,#2951,#1755,.T.);
#3683=EDGE_CURVE('',#2992,#2991,#1252,.T.);
#3684=EDGE_CURVE('',#2980,#2992,#1756,.T.);
#3685=EDGE_CURVE('',#2993,#2979,#1757,.T.);
#3686=EDGE_CURVE('',#2994,#2993,#1253,.T.);
#3687=EDGE_CURVE('',#2976,#2994,#1758,.T.);
#3688=EDGE_CURVE('',#2995,#2975,#1759,.T.);
#3689=EDGE_CURVE('',#2996,#2995,#1254,.T.);
#3690=EDGE_CURVE('',#2972,#2996,#1760,.T.);
#3691=EDGE_CURVE('',#2997,#2971,#1761,.T.);
#3692=EDGE_CURVE('',#2998,#2997,#1255,.T.);
#3693=EDGE_CURVE('',#2968,#2998,#1762,.T.);
#3694=EDGE_CURVE('',#2999,#2967,#1763,.T.);
#3695=EDGE_CURVE('',#2986,#2999,#1256,.T.);
#3696=EDGE_CURVE('',#3000,#3001,#1257,.T.);
#3697=EDGE_CURVE('',#3000,#2990,#1764,.T.);
#3698=EDGE_CURVE('',#3001,#2989,#1765,.T.);
#3699=EDGE_CURVE('',#3002,#3003,#1258,.T.);
#3700=EDGE_CURVE('',#3002,#2988,#1766,.T.);
#3701=EDGE_CURVE('',#3003,#2987,#1767,.T.);
#3702=EDGE_CURVE('',#3004,#3005,#1259,.T.);
#3703=EDGE_CURVE('',#3004,#2986,#1768,.T.);
#3704=EDGE_CURVE('',#3005,#2999,#1769,.T.);
#3705=EDGE_CURVE('',#3006,#3007,#1260,.T.);
#3706=EDGE_CURVE('',#3006,#2998,#1770,.T.);
#3707=EDGE_CURVE('',#3007,#2997,#1771,.T.);
#3708=EDGE_CURVE('',#3008,#3009,#1261,.T.);
#3709=EDGE_CURVE('',#3008,#2992,#1772,.T.);
#3710=EDGE_CURVE('',#3009,#2991,#1773,.T.);
#3711=EDGE_CURVE('',#3010,#3011,#1262,.T.);
#3712=EDGE_CURVE('',#3010,#2994,#1774,.T.);
#3713=EDGE_CURVE('',#3011,#2993,#1775,.T.);
#3714=EDGE_CURVE('',#3012,#3013,#1263,.T.);
#3715=EDGE_CURVE('',#3012,#2996,#1776,.T.);
#3716=EDGE_CURVE('',#3013,#2995,#1777,.T.);
#3717=EDGE_CURVE('',#2966,#3006,#1778,.T.);
#3718=EDGE_CURVE('',#3007,#2969,#1779,.T.);
#3719=EDGE_CURVE('',#2978,#3008,#1780,.T.);
#3720=EDGE_CURVE('',#3009,#2949,#1781,.T.);
#3721=EDGE_CURVE('',#2950,#2981,#1782,.T.);
#3722=EDGE_CURVE('',#2982,#2953,#1783,.T.);
#3723=EDGE_CURVE('',#2954,#3000,#1784,.T.);
#3724=EDGE_CURVE('',#3001,#2957,#1785,.T.);
#3725=EDGE_CURVE('',#2958,#3002,#1786,.T.);
#3726=EDGE_CURVE('',#3003,#2961,#1787,.T.);
#3727=EDGE_CURVE('',#2962,#3004,#1788,.T.);
#3728=EDGE_CURVE('',#3005,#2965,#1789,.T.);
#3729=EDGE_CURVE('',#2974,#3010,#1790,.T.);
#3730=EDGE_CURVE('',#3011,#2977,#1791,.T.);
#3731=EDGE_CURVE('',#2970,#3012,#1792,.T.);
#3732=EDGE_CURVE('',#3013,#2973,#1793,.T.);
#3733=EDGE_CURVE('',#3014,#3014,#1264,.T.);
#3734=EDGE_CURVE('',#3014,#2985,#1794,.T.);
#3735=EDGE_CURVE('',#3015,#3015,#1265,.T.);
#3736=EDGE_CURVE('',#3016,#3016,#1266,.T.);
#3737=EDGE_CURVE('',#3017,#3017,#1267,.T.);
#3738=EDGE_CURVE('',#3018,#3018,#1268,.T.);
#3739=EDGE_CURVE('',#3019,#3019,#1269,.T.);
#3740=EDGE_CURVE('',#3020,#3020,#1270,.T.);
#3741=EDGE_CURVE('',#3021,#3021,#1271,.T.);
#3742=EDGE_CURVE('',#3022,#3022,#1272,.T.);
#3743=EDGE_CURVE('',#3023,#3023,#1273,.T.);
#3744=EDGE_CURVE('',#3023,#3024,#1795,.T.);
#3745=EDGE_CURVE('',#3024,#3024,#1274,.T.);
#3746=EDGE_CURVE('',#3022,#3025,#1796,.T.);
#3747=EDGE_CURVE('',#3025,#3025,#1275,.T.);
#3748=EDGE_CURVE('',#3021,#3026,#1797,.T.);
#3749=EDGE_CURVE('',#3026,#3026,#1276,.T.);
#3750=EDGE_CURVE('',#3020,#3027,#1798,.T.);
#3751=EDGE_CURVE('',#3027,#3027,#1277,.T.);
#3752=EDGE_CURVE('',#3019,#3028,#1799,.T.);
#3753=EDGE_CURVE('',#3028,#3028,#1278,.T.);
#3754=EDGE_CURVE('',#3018,#3029,#1800,.T.);
#3755=EDGE_CURVE('',#3029,#3029,#1279,.T.);
#3756=EDGE_CURVE('',#3017,#3030,#1801,.T.);
#3757=EDGE_CURVE('',#3030,#3030,#1280,.T.);
#3758=EDGE_CURVE('',#3016,#3031,#1802,.T.);
#3759=EDGE_CURVE('',#3031,#3031,#1281,.T.);
#3760=EDGE_CURVE('',#2863,#3032,#1282,.T.);
#3761=EDGE_CURVE('',#2880,#3032,#1803,.T.);
#3762=EDGE_CURVE('',#3032,#2768,#1804,.T.);
#3763=EDGE_CURVE('',#2773,#3033,#1805,.T.);
#3764=EDGE_CURVE('',#2776,#3033,#1806,.T.);
#3765=EDGE_CURVE('',#3033,#3034,#1283,.T.);
#3766=EDGE_CURVE('',#2777,#3034,#1807,.T.);
#3767=EDGE_CURVE('',#3034,#3035,#1808,.T.);
#3768=EDGE_CURVE('',#2778,#3035,#1809,.T.);
#3769=EDGE_CURVE('',#3035,#3036,#1284,.T.);
#3770=EDGE_CURVE('',#2779,#3036,#1810,.T.);
#3771=EDGE_CURVE('',#3036,#3037,#1811,.T.);
#3772=EDGE_CURVE('',#2780,#3037,#1812,.T.);
#3773=EDGE_CURVE('',#3037,#3038,#1285,.T.);
#3774=EDGE_CURVE('',#2781,#3038,#1813,.T.);
#3775=EDGE_CURVE('',#3038,#3039,#1814,.T.);
#3776=EDGE_CURVE('',#2782,#3039,#1815,.T.);
#3777=EDGE_CURVE('',#3039,#3040,#1286,.T.);
#3778=EDGE_CURVE('',#2783,#3040,#1816,.T.);
#3779=EDGE_CURVE('',#3040,#3041,#1817,.T.);
#3780=EDGE_CURVE('',#2784,#3041,#1818,.T.);
#3781=EDGE_CURVE('',#3041,#3042,#1287,.T.);
#3782=EDGE_CURVE('',#2785,#3042,#1819,.T.);
#3783=EDGE_CURVE('',#3042,#3043,#1820,.T.);
#3784=EDGE_CURVE('',#2786,#3043,#1821,.T.);
#3785=EDGE_CURVE('',#3043,#2862,#1288,.T.);
#3786=EDGE_CURVE('',#2713,#3044,#1822,.T.);
#3787=EDGE_CURVE('',#3044,#3045,#1289,.T.);
#3788=EDGE_CURVE('',#2714,#3045,#1823,.T.);
#3789=EDGE_CURVE('',#2712,#3046,#1824,.T.);
#3790=EDGE_CURVE('',#3046,#3044,#1825,.T.);
#3791=EDGE_CURVE('',#2711,#3047,#1826,.T.);
#3792=EDGE_CURVE('',#3047,#3046,#1290,.T.);
#3793=EDGE_CURVE('',#2718,#3048,#1827,.T.);
#3794=EDGE_CURVE('',#3048,#2769,#1828,.T.);
#3795=EDGE_CURVE('',#2717,#3049,#1829,.T.);
#3796=EDGE_CURVE('',#3049,#3048,#1830,.T.);
#3797=EDGE_CURVE('',#2716,#3050,#1831,.T.);
#3798=EDGE_CURVE('',#3050,#3049,#1291,.T.);
#3799=EDGE_CURVE('',#2715,#3051,#1832,.T.);
#3800=EDGE_CURVE('',#3051,#3050,#1292,.T.);
#3801=EDGE_CURVE('',#3045,#3051,#1833,.T.);
#3802=EDGE_CURVE('',#2710,#3052,#1834,.T.);
#3803=EDGE_CURVE('',#3052,#3047,#1835,.T.);
#3804=EDGE_CURVE('',#2709,#3053,#1836,.T.);
#3805=EDGE_CURVE('',#3053,#3052,#1293,.T.);
#3806=EDGE_CURVE('',#2708,#3054,#1837,.T.);
#3807=EDGE_CURVE('',#3054,#3053,#1294,.T.);
#3808=EDGE_CURVE('',#2728,#3054,#1838,.T.);
#3809=EDGE_CURVE('',#3055,#3055,#1295,.T.);
#3810=EDGE_CURVE('',#3055,#2885,#1839,.T.);
#3811=EDGE_CURVE('',#3056,#3056,#1296,.T.);
#3812=EDGE_CURVE('',#3015,#3056,#1840,.T.);
#3813=EDGE_CURVE('',#3057,#3058,#1297,.T.);
#3814=EDGE_CURVE('',#3058,#3059,#1298,.T.);
#3815=EDGE_CURVE('',#3059,#3060,#1299,.T.);
#3816=EDGE_CURVE('',#3060,#3057,#1300,.T.);
#3817=EDGE_CURVE('',#3061,#3062,#1301,.T.);
#3818=EDGE_CURVE('',#3062,#3060,#1841,.T.);
#3819=EDGE_CURVE('',#3059,#3061,#1842,.T.);
#3820=EDGE_CURVE('',#3063,#3064,#1302,.T.);
#3821=EDGE_CURVE('',#3064,#3062,#1303,.T.);
#3822=EDGE_CURVE('',#3061,#3063,#1304,.T.);
#3823=EDGE_CURVE('',#3065,#3066,#1305,.T.);
#3824=EDGE_CURVE('',#3066,#3064,#1843,.T.);
#3825=EDGE_CURVE('',#3063,#3065,#1844,.T.);
#3826=EDGE_CURVE('',#3067,#3068,#1306,.T.);
#3827=EDGE_CURVE('',#3068,#3066,#1307,.T.);
#3828=EDGE_CURVE('',#3065,#3067,#1308,.T.);
#3829=EDGE_CURVE('',#3069,#3070,#1309,.T.);
#3830=EDGE_CURVE('',#3070,#3068,#1845,.T.);
#3831=EDGE_CURVE('',#3067,#3069,#1846,.T.);
#3832=EDGE_CURVE('',#3071,#3072,#1310,.T.);
#3833=EDGE_CURVE('',#3072,#3070,#1311,.T.);
#3834=EDGE_CURVE('',#3069,#3071,#1312,.T.);
#3835=EDGE_CURVE('',#3057,#3072,#1847,.T.);
#3836=EDGE_CURVE('',#3071,#3058,#1848,.T.);
#3837=EDGE_CURVE('',#3063,#3073,#1849,.T.);
#3838=EDGE_CURVE('',#3073,#3074,#1850,.T.);
#3839=EDGE_CURVE('',#3065,#3074,#1851,.T.);
#3840=EDGE_CURVE('',#3061,#3075,#1852,.T.);
#3841=EDGE_CURVE('',#3075,#3073,#1313,.T.);
#3842=EDGE_CURVE('',#3059,#3076,#1853,.T.);
#3843=EDGE_CURVE('',#3076,#3075,#1854,.T.);
#3844=EDGE_CURVE('',#3058,#3077,#1855,.T.);
#3845=EDGE_CURVE('',#3077,#3076,#1314,.T.);
#3846=EDGE_CURVE('',#3067,#3078,#1856,.T.);
#3847=EDGE_CURVE('',#3078,#3079,#1857,.T.);
#3848=EDGE_CURVE('',#3069,#3079,#1858,.T.);
#3849=EDGE_CURVE('',#3079,#3080,#1315,.T.);
#3850=EDGE_CURVE('',#3071,#3080,#1859,.T.);
#3851=EDGE_CURVE('',#3080,#3077,#1860,.T.);
#3852=EDGE_CURVE('',#3074,#3078,#1316,.T.);
#3853=EDGE_CURVE('',#3081,#3082,#1861,.T.);
#3854=EDGE_CURVE('',#3081,#3083,#1862,.T.);
#3855=EDGE_CURVE('',#3083,#3084,#1863,.T.);
#3856=EDGE_CURVE('',#3082,#3084,#1864,.T.);
#3857=EDGE_CURVE('',#3085,#3081,#1317,.T.);
#3858=EDGE_CURVE('',#3085,#3086,#1865,.T.);
#3859=EDGE_CURVE('',#3086,#3083,#1318,.T.);
#3860=EDGE_CURVE('',#3087,#3085,#1866,.T.);
#3861=EDGE_CURVE('',#3087,#3088,#1867,.T.);
#3862=EDGE_CURVE('',#3088,#3086,#1868,.T.);
#3863=EDGE_CURVE('',#3089,#3087,#1319,.T.);
#3864=EDGE_CURVE('',#3089,#3090,#1869,.T.);
#3865=EDGE_CURVE('',#3090,#3088,#1320,.T.);
#3866=EDGE_CURVE('',#3091,#3089,#1870,.T.);
#3867=EDGE_CURVE('',#3091,#3092,#1871,.T.);
#3868=EDGE_CURVE('',#3092,#3090,#1872,.T.);
#3869=EDGE_CURVE('',#3093,#3091,#1321,.T.);
#3870=EDGE_CURVE('',#3093,#3094,#1873,.T.);
#3871=EDGE_CURVE('',#3094,#3092,#1322,.T.);
#3872=EDGE_CURVE('',#3095,#3093,#1874,.T.);
#3873=EDGE_CURVE('',#3095,#3096,#1875,.T.);
#3874=EDGE_CURVE('',#3096,#3094,#1876,.T.);
#3875=EDGE_CURVE('',#3082,#3095,#1323,.T.);
#3876=EDGE_CURVE('',#3084,#3096,#1324,.T.);
#3877=EDGE_CURVE('',#3097,#3098,#1877,.T.);
#3878=EDGE_CURVE('',#3099,#3097,#1878,.T.);
#3879=EDGE_CURVE('',#3100,#3099,#1879,.T.);
#3880=EDGE_CURVE('',#3101,#3100,#1880,.T.);
#3881=EDGE_CURVE('',#3102,#3101,#1881,.T.);
#3882=EDGE_CURVE('',#2765,#3102,#1882,.T.);
#3883=EDGE_CURVE('',#3098,#2764,#1883,.T.);
#3884=EDGE_CURVE('',#3103,#3103,#1325,.T.);
#3885=EDGE_CURVE('',#3104,#3104,#1326,.T.);
#3886=EDGE_CURVE('',#3105,#3105,#1327,.T.);
#3887=EDGE_CURVE('',#3106,#3106,#1328,.T.);
#3888=EDGE_CURVE('',#3107,#3107,#1329,.T.);
#3889=EDGE_CURVE('',#3108,#3108,#1330,.T.);
#3890=EDGE_CURVE('',#3109,#3109,#1331,.T.);
#3891=EDGE_CURVE('',#3110,#3110,#1332,.T.);
#3892=EDGE_CURVE('',#3103,#3111,#1884,.T.);
#3893=EDGE_CURVE('',#3111,#3111,#1333,.T.);
#3894=EDGE_CURVE('',#3111,#3112,#1885,.T.);
#3895=EDGE_CURVE('',#3112,#3112,#1334,.T.);
#3896=EDGE_CURVE('',#3110,#3113,#1886,.T.);
#3897=EDGE_CURVE('',#3113,#3113,#1335,.T.);
#3898=EDGE_CURVE('',#3113,#3114,#1887,.T.);
#3899=EDGE_CURVE('',#3114,#3114,#1336,.T.);
#3900=EDGE_CURVE('',#3115,#3115,#1337,.T.);
#3901=EDGE_CURVE('',#3115,#3109,#1888,.T.);
#3902=EDGE_CURVE('',#3116,#3117,#1338,.T.);
#3903=EDGE_CURVE('',#3117,#3116,#1339,.T.);
#3904=EDGE_CURVE('',#3118,#3118,#1340,.T.);
#3905=EDGE_CURVE('',#3118,#3119,#1889,.T.);
#3906=EDGE_CURVE('',#3119,#3119,#1341,.T.);
#3907=EDGE_CURVE('',#3120,#3120,#1342,.T.);
#3908=EDGE_CURVE('',#3121,#3121,#1343,.T.);
#3909=EDGE_CURVE('',#3122,#3122,#1344,.T.);
#3910=EDGE_CURVE('',#3123,#3123,#1345,.T.);
#3911=EDGE_CURVE('',#3124,#3124,#1346,.T.);
#3912=EDGE_CURVE('',#3125,#3125,#1347,.T.);
#3913=EDGE_CURVE('',#3126,#3126,#1348,.T.);
#3914=EDGE_CURVE('',#3127,#3127,#1349,.T.);
#3915=EDGE_CURVE('',#3128,#3128,#1350,.T.);
#3916=EDGE_CURVE('',#3129,#3129,#1351,.T.);
#3917=EDGE_CURVE('',#3130,#3130,#1352,.T.);
#3918=EDGE_CURVE('',#3131,#3131,#1353,.T.);
#3919=EDGE_CURVE('',#3132,#3132,#1354,.T.);
#3920=EDGE_CURVE('',#3119,#3117,#1890,.T.);
#3921=EDGE_CURVE('',#3120,#3133,#1891,.T.);
#3922=EDGE_CURVE('',#3133,#3133,#1355,.T.);
#3923=EDGE_CURVE('',#3133,#3134,#1892,.T.);
#3924=EDGE_CURVE('',#3134,#3134,#1356,.T.);
#3925=EDGE_CURVE('',#3132,#3135,#1893,.T.);
#3926=EDGE_CURVE('',#3135,#3135,#1357,.T.);
#3927=EDGE_CURVE('',#3135,#3136,#1894,.T.);
#3928=EDGE_CURVE('',#3136,#3136,#1358,.T.);
#3929=EDGE_CURVE('',#3121,#3137,#1895,.T.);
#3930=EDGE_CURVE('',#3137,#3137,#1359,.T.);
#3931=EDGE_CURVE('',#3137,#3138,#1896,.T.);
#3932=EDGE_CURVE('',#3138,#3138,#1360,.T.);
#3933=EDGE_CURVE('',#3131,#3139,#1897,.T.);
#3934=EDGE_CURVE('',#3139,#3139,#1361,.T.);
#3935=EDGE_CURVE('',#3139,#3140,#1898,.T.);
#3936=EDGE_CURVE('',#3140,#3140,#1362,.T.);
#3937=EDGE_CURVE('',#3122,#3141,#1899,.T.);
#3938=EDGE_CURVE('',#3141,#3141,#1363,.T.);
#3939=EDGE_CURVE('',#3141,#3142,#1900,.T.);
#3940=EDGE_CURVE('',#3142,#3142,#1364,.T.);
#3941=EDGE_CURVE('',#3130,#3143,#1901,.T.);
#3942=EDGE_CURVE('',#3143,#3143,#1365,.T.);
#3943=EDGE_CURVE('',#3143,#3144,#1902,.T.);
#3944=EDGE_CURVE('',#3144,#3144,#1366,.T.);
#3945=EDGE_CURVE('',#3123,#3145,#1903,.T.);
#3946=EDGE_CURVE('',#3145,#3145,#1367,.T.);
#3947=EDGE_CURVE('',#3145,#3146,#1904,.T.);
#3948=EDGE_CURVE('',#3146,#3146,#1368,.T.);
#3949=EDGE_CURVE('',#3129,#3147,#1905,.T.);
#3950=EDGE_CURVE('',#3147,#3147,#1369,.T.);
#3951=EDGE_CURVE('',#3147,#3148,#1906,.T.);
#3952=EDGE_CURVE('',#3148,#3148,#1370,.T.);
#3953=EDGE_CURVE('',#3124,#3149,#1907,.T.);
#3954=EDGE_CURVE('',#3149,#3149,#1371,.T.);
#3955=EDGE_CURVE('',#3149,#3150,#1908,.T.);
#3956=EDGE_CURVE('',#3150,#3150,#1372,.T.);
#3957=EDGE_CURVE('',#3128,#3151,#1909,.T.);
#3958=EDGE_CURVE('',#3151,#3151,#1373,.T.);
#3959=EDGE_CURVE('',#3151,#3152,#1910,.T.);
#3960=EDGE_CURVE('',#3152,#3152,#1374,.T.);
#3961=EDGE_CURVE('',#3125,#3153,#1911,.T.);
#3962=EDGE_CURVE('',#3153,#3153,#1375,.T.);
#3963=EDGE_CURVE('',#3153,#3154,#1912,.T.);
#3964=EDGE_CURVE('',#3154,#3154,#1376,.T.);
#3965=EDGE_CURVE('',#3127,#3155,#1913,.T.);
#3966=EDGE_CURVE('',#3155,#3155,#1377,.T.);
#3967=EDGE_CURVE('',#3155,#3156,#1914,.T.);
#3968=EDGE_CURVE('',#3156,#3156,#1378,.T.);
#3969=EDGE_CURVE('',#3157,#3158,#1915,.T.);
#3970=EDGE_CURVE('',#3157,#3159,#1916,.T.);
#3971=EDGE_CURVE('',#3159,#3160,#1917,.T.);
#3972=EDGE_CURVE('',#3158,#3160,#1918,.T.);
#3973=EDGE_CURVE('',#3161,#3157,#1919,.T.);
#3974=EDGE_CURVE('',#3161,#3162,#1920,.T.);
#3975=EDGE_CURVE('',#3162,#3159,#1921,.T.);
#3976=EDGE_CURVE('',#3163,#3161,#1922,.T.);
#3977=EDGE_CURVE('',#3163,#3164,#1923,.T.);
#3978=EDGE_CURVE('',#3164,#3162,#1924,.T.);
#3979=EDGE_CURVE('',#3165,#3163,#1925,.T.);
#3980=EDGE_CURVE('',#3165,#3166,#1926,.T.);
#3981=EDGE_CURVE('',#3166,#3164,#1927,.T.);
#3982=EDGE_CURVE('',#3167,#3165,#1928,.T.);
#3983=EDGE_CURVE('',#3167,#3168,#1929,.T.);
#3984=EDGE_CURVE('',#3168,#3166,#1930,.T.);
#3985=EDGE_CURVE('',#3158,#3167,#1931,.T.);
#3986=EDGE_CURVE('',#3160,#3168,#1932,.T.);
#3987=EDGE_CURVE('',#3169,#3169,#1379,.T.);
#3988=EDGE_CURVE('',#3170,#3170,#1380,.T.);
#3989=EDGE_CURVE('',#3169,#3126,#1933,.T.);
#3990=EDGE_CURVE('',#3171,#3171,#1381,.T.);
#3991=EDGE_CURVE('',#3171,#3170,#1934,.T.);
#3992=EDGE_CURVE('',#3172,#3172,#1382,.T.);
#3993=EDGE_CURVE('',#3172,#3173,#1935,.T.);
#3994=EDGE_CURVE('',#3173,#3173,#1383,.T.);
#3995=EDGE_CURVE('',#3174,#3175,#1384,.T.);
#3996=EDGE_CURVE('',#3175,#3174,#1385,.T.);
#3997=EDGE_CURVE('',#3176,#3177,#1386,.T.);
#3998=EDGE_CURVE('',#3177,#3176,#1387,.T.);
#3999=EDGE_CURVE('',#3177,#3178,#1936,.T.);
#4000=EDGE_CURVE('',#3178,#3178,#1388,.T.);
#4001=EDGE_CURVE('',#3179,#3180,#1937,.T.);
#4002=EDGE_CURVE('',#3179,#3181,#1938,.T.);
#4003=EDGE_CURVE('',#3181,#3182,#1939,.T.);
#4004=EDGE_CURVE('',#3180,#3182,#1940,.T.);
#4005=EDGE_CURVE('',#3183,#3179,#1389,.T.);
#4006=EDGE_CURVE('',#3183,#3184,#1941,.T.);
#4007=EDGE_CURVE('',#3184,#3181,#1390,.T.);
#4008=EDGE_CURVE('',#3185,#3183,#1942,.T.);
#4009=EDGE_CURVE('',#3185,#3186,#1943,.T.);
#4010=EDGE_CURVE('',#3186,#3184,#1944,.T.);
#4011=EDGE_CURVE('',#3187,#3185,#1391,.T.);
#4012=EDGE_CURVE('',#3187,#3188,#1945,.T.);
#4013=EDGE_CURVE('',#3188,#3186,#1392,.T.);
#4014=EDGE_CURVE('',#3189,#3187,#1946,.T.);
#4015=EDGE_CURVE('',#3189,#3190,#1947,.T.);
#4016=EDGE_CURVE('',#3190,#3188,#1948,.T.);
#4017=EDGE_CURVE('',#3191,#3189,#1393,.T.);
#4018=EDGE_CURVE('',#3191,#3192,#1949,.T.);
#4019=EDGE_CURVE('',#3192,#3190,#1394,.T.);
#4020=EDGE_CURVE('',#3193,#3191,#1950,.T.);
#4021=EDGE_CURVE('',#3193,#3194,#1951,.T.);
#4022=EDGE_CURVE('',#3194,#3192,#1952,.T.);
#4023=EDGE_CURVE('',#3195,#3193,#1395,.T.);
#4024=EDGE_CURVE('',#3195,#3196,#1953,.T.);
#4025=EDGE_CURVE('',#3196,#3194,#1396,.T.);
#4026=EDGE_CURVE('',#3197,#3195,#1954,.T.);
#4027=EDGE_CURVE('',#3197,#3198,#1955,.T.);
#4028=EDGE_CURVE('',#3198,#3196,#1956,.T.);
#4029=EDGE_CURVE('',#3199,#3197,#1397,.T.);
#4030=EDGE_CURVE('',#3199,#3200,#1957,.T.);
#4031=EDGE_CURVE('',#3200,#3198,#1398,.T.);
#4032=EDGE_CURVE('',#3201,#3199,#1958,.T.);
#4033=EDGE_CURVE('',#3201,#3202,#1959,.T.);
#4034=EDGE_CURVE('',#3202,#3200,#1960,.T.);
#4035=EDGE_CURVE('',#3203,#3201,#1399,.T.);
#4036=EDGE_CURVE('',#3203,#3204,#1961,.T.);
#4037=EDGE_CURVE('',#3204,#3202,#1400,.T.);
#4038=EDGE_CURVE('',#3205,#3203,#1962,.T.);
#4039=EDGE_CURVE('',#3205,#3206,#1963,.T.);
#4040=EDGE_CURVE('',#3206,#3204,#1964,.T.);
#4041=EDGE_CURVE('',#3207,#3205,#1401,.T.);
#4042=EDGE_CURVE('',#3207,#3208,#1965,.T.);
#4043=EDGE_CURVE('',#3208,#3206,#1402,.T.);
#4044=EDGE_CURVE('',#3209,#3207,#1966,.T.);
#4045=EDGE_CURVE('',#3209,#3210,#1967,.T.);
#4046=EDGE_CURVE('',#3210,#3208,#1968,.T.);
#4047=EDGE_CURVE('',#3180,#3209,#1403,.T.);
#4048=EDGE_CURVE('',#3182,#3210,#1404,.T.);
#4049=EDGE_CURVE('',#3211,#3211,#1405,.T.);
#4050=EDGE_CURVE('',#3211,#3175,#1969,.T.);
#4051=EDGE_CURVE('',#3104,#3212,#1970,.T.);
#4052=EDGE_CURVE('',#3212,#3212,#1406,.T.);
#4053=EDGE_CURVE('',#3213,#3214,#1971,.T.);
#4054=EDGE_CURVE('',#3213,#3215,#1972,.T.);
#4055=EDGE_CURVE('',#3215,#3216,#1973,.T.);
#4056=EDGE_CURVE('',#3214,#3216,#1974,.T.);
#4057=EDGE_CURVE('',#3217,#3213,#1975,.T.);
#4058=EDGE_CURVE('',#3217,#3218,#1976,.T.);
#4059=EDGE_CURVE('',#3218,#3215,#1977,.T.);
#4060=EDGE_CURVE('',#3219,#3217,#1978,.T.);
#4061=EDGE_CURVE('',#3219,#3220,#1979,.T.);
#4062=EDGE_CURVE('',#3220,#3218,#1980,.T.);
#4063=EDGE_CURVE('',#3221,#3219,#1981,.T.);
#4064=EDGE_CURVE('',#3221,#3222,#1982,.T.);
#4065=EDGE_CURVE('',#3222,#3220,#1983,.T.);
#4066=EDGE_CURVE('',#3223,#3221,#1984,.T.);
#4067=EDGE_CURVE('',#3223,#3224,#1985,.T.);
#4068=EDGE_CURVE('',#3224,#3222,#1986,.T.);
#4069=EDGE_CURVE('',#3214,#3223,#1987,.T.);
#4070=EDGE_CURVE('',#3216,#3224,#1988,.T.);
#4071=EDGE_CURVE('',#3225,#3226,#1989,.T.);
#4072=EDGE_CURVE('',#3225,#3227,#1990,.T.);
#4073=EDGE_CURVE('',#3227,#3228,#1991,.T.);
#4074=EDGE_CURVE('',#3226,#3228,#1992,.T.);
#4075=EDGE_CURVE('',#3229,#3225,#1993,.T.);
#4076=EDGE_CURVE('',#3229,#3230,#1994,.T.);
#4077=EDGE_CURVE('',#3230,#3227,#1995,.T.);
#4078=EDGE_CURVE('',#3231,#3229,#1996,.T.);
#4079=EDGE_CURVE('',#3231,#3232,#1997,.T.);
#4080=EDGE_CURVE('',#3232,#3230,#1998,.T.);
#4081=EDGE_CURVE('',#3233,#3231,#1999,.T.);
#4082=EDGE_CURVE('',#3233,#3234,#2000,.T.);
#4083=EDGE_CURVE('',#3234,#3232,#2001,.T.);
#4084=EDGE_CURVE('',#3235,#3233,#2002,.T.);
#4085=EDGE_CURVE('',#3235,#3236,#2003,.T.);
#4086=EDGE_CURVE('',#3236,#3234,#2004,.T.);
#4087=EDGE_CURVE('',#3226,#3235,#2005,.T.);
#4088=EDGE_CURVE('',#3228,#3236,#2006,.T.);
#4089=EDGE_CURVE('',#3237,#3238,#2007,.T.);
#4090=EDGE_CURVE('',#3237,#3239,#2008,.T.);
#4091=EDGE_CURVE('',#3239,#3240,#2009,.T.);
#4092=EDGE_CURVE('',#3238,#3240,#2010,.T.);
#4093=EDGE_CURVE('',#3241,#3237,#2011,.T.);
#4094=EDGE_CURVE('',#3241,#3242,#2012,.T.);
#4095=EDGE_CURVE('',#3242,#3239,#2013,.T.);
#4096=EDGE_CURVE('',#3243,#3241,#2014,.T.);
#4097=EDGE_CURVE('',#3243,#3244,#2015,.T.);
#4098=EDGE_CURVE('',#3244,#3242,#2016,.T.);
#4099=EDGE_CURVE('',#3245,#3243,#2017,.T.);
#4100=EDGE_CURVE('',#3245,#3246,#2018,.T.);
#4101=EDGE_CURVE('',#3246,#3244,#2019,.T.);
#4102=EDGE_CURVE('',#3247,#3245,#2020,.T.);
#4103=EDGE_CURVE('',#3247,#3248,#2021,.T.);
#4104=EDGE_CURVE('',#3248,#3246,#2022,.T.);
#4105=EDGE_CURVE('',#3238,#3247,#2023,.T.);
#4106=EDGE_CURVE('',#3240,#3248,#2024,.T.);
#4107=EDGE_CURVE('',#3249,#3250,#2025,.T.);
#4108=EDGE_CURVE('',#3249,#3251,#2026,.T.);
#4109=EDGE_CURVE('',#3251,#3252,#2027,.T.);
#4110=EDGE_CURVE('',#3250,#3252,#2028,.T.);
#4111=EDGE_CURVE('',#3253,#3249,#2029,.T.);
#4112=EDGE_CURVE('',#3253,#3254,#2030,.T.);
#4113=EDGE_CURVE('',#3254,#3251,#2031,.T.);
#4114=EDGE_CURVE('',#3255,#3253,#2032,.T.);
#4115=EDGE_CURVE('',#3255,#3256,#2033,.T.);
#4116=EDGE_CURVE('',#3256,#3254,#2034,.T.);
#4117=EDGE_CURVE('',#3257,#3255,#2035,.T.);
#4118=EDGE_CURVE('',#3257,#3258,#2036,.T.);
#4119=EDGE_CURVE('',#3258,#3256,#2037,.T.);
#4120=EDGE_CURVE('',#3259,#3257,#2038,.T.);
#4121=EDGE_CURVE('',#3259,#3260,#2039,.T.);
#4122=EDGE_CURVE('',#3260,#3258,#2040,.T.);
#4123=EDGE_CURVE('',#3250,#3259,#2041,.T.);
#4124=EDGE_CURVE('',#3252,#3260,#2042,.T.);
#4125=EDGE_CURVE('',#3108,#3261,#2043,.T.);
#4126=EDGE_CURVE('',#3261,#3261,#1407,.T.);
#4127=EDGE_CURVE('',#3261,#3262,#2044,.T.);
#4128=EDGE_CURVE('',#3262,#3262,#1408,.T.);
#4129=EDGE_CURVE('',#3105,#3263,#2045,.T.);
#4130=EDGE_CURVE('',#3263,#3263,#1409,.T.);
#4131=EDGE_CURVE('',#3263,#3264,#2046,.T.);
#4132=EDGE_CURVE('',#3264,#3264,#1410,.T.);
#4133=EDGE_CURVE('',#3107,#3265,#2047,.T.);
#4134=EDGE_CURVE('',#3265,#3265,#1411,.T.);
#4135=EDGE_CURVE('',#3265,#3266,#2048,.T.);
#4136=EDGE_CURVE('',#3266,#3266,#1412,.T.);
#4137=EDGE_CURVE('',#3106,#3267,#2049,.T.);
#4138=EDGE_CURVE('',#3267,#3267,#1413,.T.);
#4139=EDGE_CURVE('',#3267,#3268,#2050,.T.);
#4140=EDGE_CURVE('',#3268,#3268,#1414,.T.);
#4141=EDGE_CURVE('',#3269,#3269,#1415,.T.);
#4142=EDGE_CURVE('',#3269,#3270,#2051,.T.);
#4143=EDGE_CURVE('',#3270,#3270,#1416,.T.);
#4144=EDGE_CURVE('',#3271,#3271,#1417,.T.);
#4145=EDGE_CURVE('',#3271,#3270,#2052,.T.);
#4146=EDGE_CURVE('',#3272,#3272,#1418,.T.);
#4147=EDGE_CURVE('',#3272,#3273,#2053,.T.);
#4148=EDGE_CURVE('',#3273,#3273,#1419,.T.);
#4149=EDGE_CURVE('',#3274,#3274,#1420,.T.);
#4150=EDGE_CURVE('',#3274,#3273,#2054,.T.);
#4151=EDGE_CURVE('',#3275,#3275,#1421,.T.);
#4152=EDGE_CURVE('',#3275,#3276,#2055,.T.);
#4153=EDGE_CURVE('',#3276,#3276,#1422,.T.);
#4154=EDGE_CURVE('',#3277,#3277,#1423,.T.);
#4155=EDGE_CURVE('',#3277,#3276,#2056,.T.);
#4156=EDGE_CURVE('',#3278,#3278,#1424,.T.);
#4157=EDGE_CURVE('',#3278,#3279,#2057,.T.);
#4158=EDGE_CURVE('',#3279,#3279,#1425,.T.);
#4159=EDGE_CURVE('',#3280,#3280,#1426,.T.);
#4160=EDGE_CURVE('',#3280,#3279,#2058,.T.);
#4161=EDGE_CURVE('',#3101,#2882,#2059,.T.);
#4162=EDGE_CURVE('',#3102,#2881,#2060,.T.);
#4163=EDGE_CURVE('',#3097,#2790,#2061,.T.);
#4164=EDGE_CURVE('',#3099,#2789,#2062,.T.);
#4165=EDGE_CURVE('',#3100,#2883,#2063,.T.);
#4166=EDGE_CURVE('',#3098,#2791,#2064,.T.);
#4167=ORIENTED_EDGE('',*,*,#3281,.F.);
#4168=ORIENTED_EDGE('',*,*,#3282,.F.);
#4169=ORIENTED_EDGE('',*,*,#3283,.F.);
#4170=ORIENTED_EDGE('',*,*,#3284,.F.);
#4171=ORIENTED_EDGE('',*,*,#3285,.F.);
#4172=ORIENTED_EDGE('',*,*,#3286,.F.);
#4173=ORIENTED_EDGE('',*,*,#3287,.F.);
#4174=ORIENTED_EDGE('',*,*,#3288,.F.);
#4175=ORIENTED_EDGE('',*,*,#3289,.F.);
#4176=ORIENTED_EDGE('',*,*,#3290,.F.);
#4177=ORIENTED_EDGE('',*,*,#3291,.F.);
#4178=ORIENTED_EDGE('',*,*,#3292,.F.);
#4179=ORIENTED_EDGE('',*,*,#3293,.F.);
#4180=ORIENTED_EDGE('',*,*,#3294,.F.);
#4181=ORIENTED_EDGE('',*,*,#3295,.F.);
#4182=ORIENTED_EDGE('',*,*,#3296,.F.);
#4183=ORIENTED_EDGE('',*,*,#3297,.F.);
#4184=ORIENTED_EDGE('',*,*,#3298,.F.);
#4185=ORIENTED_EDGE('',*,*,#3299,.F.);
#4186=ORIENTED_EDGE('',*,*,#3300,.F.);
#4187=ORIENTED_EDGE('',*,*,#3301,.F.);
#4188=ORIENTED_EDGE('',*,*,#3302,.F.);
#4189=ORIENTED_EDGE('',*,*,#3303,.F.);
#4190=ORIENTED_EDGE('',*,*,#3304,.F.);
#4191=ORIENTED_EDGE('',*,*,#3284,.T.);
#4192=ORIENTED_EDGE('',*,*,#3305,.T.);
#4193=ORIENTED_EDGE('',*,*,#3306,.T.);
#4194=ORIENTED_EDGE('',*,*,#3307,.F.);
#4195=ORIENTED_EDGE('',*,*,#3283,.T.);
#4196=ORIENTED_EDGE('',*,*,#3308,.F.);
#4197=ORIENTED_EDGE('',*,*,#3309,.T.);
#4198=ORIENTED_EDGE('',*,*,#3310,.F.);
#4199=ORIENTED_EDGE('',*,*,#3311,.T.);
#4200=ORIENTED_EDGE('',*,*,#3312,.F.);
#4201=ORIENTED_EDGE('',*,*,#3313,.T.);
#4202=ORIENTED_EDGE('',*,*,#3305,.F.);
#4203=ORIENTED_EDGE('',*,*,#3282,.T.);
#4204=ORIENTED_EDGE('',*,*,#3314,.T.);
#4205=ORIENTED_EDGE('',*,*,#3308,.T.);
#4206=ORIENTED_EDGE('',*,*,#3281,.T.);
#4207=ORIENTED_EDGE('',*,*,#3315,.T.);
#4208=ORIENTED_EDGE('',*,*,#3309,.F.);
#4209=ORIENTED_EDGE('',*,*,#3314,.F.);
#4210=ORIENTED_EDGE('',*,*,#3304,.T.);
#4211=ORIENTED_EDGE('',*,*,#3316,.F.);
#4212=ORIENTED_EDGE('',*,*,#3317,.F.);
#4213=ORIENTED_EDGE('',*,*,#3318,.F.);
#4214=ORIENTED_EDGE('',*,*,#3319,.F.);
#4215=ORIENTED_EDGE('',*,*,#3320,.F.);
#4216=ORIENTED_EDGE('',*,*,#3321,.F.);
#4217=ORIENTED_EDGE('',*,*,#3322,.F.);
#4218=ORIENTED_EDGE('',*,*,#3323,.F.);
#4219=ORIENTED_EDGE('',*,*,#3324,.F.);
#4220=ORIENTED_EDGE('',*,*,#3325,.F.);
#4221=ORIENTED_EDGE('',*,*,#3326,.F.);
#4222=ORIENTED_EDGE('',*,*,#3327,.F.);
#4223=ORIENTED_EDGE('',*,*,#3328,.F.);
#4224=ORIENTED_EDGE('',*,*,#3329,.F.);
#4225=ORIENTED_EDGE('',*,*,#3330,.F.);
#4226=ORIENTED_EDGE('',*,*,#3331,.F.);
#4227=ORIENTED_EDGE('',*,*,#3332,.F.);
#4228=ORIENTED_EDGE('',*,*,#3333,.F.);
#4229=ORIENTED_EDGE('',*,*,#3334,.F.);
#4230=ORIENTED_EDGE('',*,*,#3335,.F.);
#4231=ORIENTED_EDGE('',*,*,#3336,.F.);
#4232=ORIENTED_EDGE('',*,*,#3337,.T.);
#4233=ORIENTED_EDGE('',*,*,#3338,.T.);
#4234=ORIENTED_EDGE('',*,*,#3310,.T.);
#4235=ORIENTED_EDGE('',*,*,#3315,.F.);
#4236=ORIENTED_EDGE('',*,*,#3303,.T.);
#4237=ORIENTED_EDGE('',*,*,#3339,.F.);
#4238=ORIENTED_EDGE('',*,*,#3340,.F.);
#4239=ORIENTED_EDGE('',*,*,#3316,.T.);
#4240=ORIENTED_EDGE('',*,*,#3302,.T.);
#4241=ORIENTED_EDGE('',*,*,#3341,.T.);
#4242=ORIENTED_EDGE('',*,*,#3339,.T.);
#4243=ORIENTED_EDGE('',*,*,#3301,.T.);
#4244=ORIENTED_EDGE('',*,*,#3342,.T.);
#4245=ORIENTED_EDGE('',*,*,#3343,.T.);
#4246=ORIENTED_EDGE('',*,*,#3317,.T.);
#4247=ORIENTED_EDGE('',*,*,#3340,.T.);
#4248=ORIENTED_EDGE('',*,*,#3341,.F.);
#4249=ORIENTED_EDGE('',*,*,#3300,.T.);
#4250=ORIENTED_EDGE('',*,*,#3344,.T.);
#4251=ORIENTED_EDGE('',*,*,#3345,.T.);
#4252=ORIENTED_EDGE('',*,*,#3342,.F.);
#4253=ORIENTED_EDGE('',*,*,#3299,.T.);
#4254=ORIENTED_EDGE('',*,*,#3346,.F.);
#4255=ORIENTED_EDGE('',*,*,#3347,.T.);
#4256=ORIENTED_EDGE('',*,*,#3344,.F.);
#4257=ORIENTED_EDGE('',*,*,#3298,.T.);
#4258=ORIENTED_EDGE('',*,*,#3348,.T.);
#4259=ORIENTED_EDGE('',*,*,#3349,.T.);
#4260=ORIENTED_EDGE('',*,*,#3350,.T.);
#4261=ORIENTED_EDGE('',*,*,#3351,.F.);
#4262=ORIENTED_EDGE('',*,*,#3352,.F.);
#4263=ORIENTED_EDGE('',*,*,#3353,.T.);
#4264=ORIENTED_EDGE('',*,*,#3354,.T.);
#4265=ORIENTED_EDGE('',*,*,#3355,.F.);
#4266=ORIENTED_EDGE('',*,*,#3356,.T.);
#4267=ORIENTED_EDGE('',*,*,#3357,.T.);
#4268=ORIENTED_EDGE('',*,*,#3346,.T.);
#4269=ORIENTED_EDGE('',*,*,#3297,.T.);
#4270=ORIENTED_EDGE('',*,*,#3358,.T.);
#4271=ORIENTED_EDGE('',*,*,#3359,.T.);
#4272=ORIENTED_EDGE('',*,*,#3360,.T.);
#4273=ORIENTED_EDGE('',*,*,#3361,.T.);
#4274=ORIENTED_EDGE('',*,*,#3348,.F.);
#4275=ORIENTED_EDGE('',*,*,#3349,.F.);
#4276=ORIENTED_EDGE('',*,*,#3361,.F.);
#4277=ORIENTED_EDGE('',*,*,#3362,.F.);
#4278=ORIENTED_EDGE('',*,*,#3363,.F.);
#4279=ORIENTED_EDGE('',*,*,#3364,.F.);
#4280=ORIENTED_EDGE('',*,*,#3365,.T.);
#4281=ORIENTED_EDGE('',*,*,#3362,.T.);
#4282=ORIENTED_EDGE('',*,*,#3360,.F.);
#4283=ORIENTED_EDGE('',*,*,#3338,.F.);
#4284=ORIENTED_EDGE('',*,*,#3366,.F.);
#4285=ORIENTED_EDGE('',*,*,#3367,.F.);
#4286=ORIENTED_EDGE('',*,*,#3311,.F.);
#4287=ORIENTED_EDGE('',*,*,#3368,.F.);
#4288=ORIENTED_EDGE('',*,*,#3312,.T.);
#4289=ORIENTED_EDGE('',*,*,#3367,.T.);
#4290=ORIENTED_EDGE('',*,*,#3369,.F.);
#4291=ORIENTED_EDGE('',*,*,#3370,.T.);
#4292=ORIENTED_EDGE('',*,*,#3371,.T.);
#4293=ORIENTED_EDGE('',*,*,#3372,.T.);
#4294=ORIENTED_EDGE('',*,*,#3373,.T.);
#4295=ORIENTED_EDGE('',*,*,#3374,.T.);
#4296=ORIENTED_EDGE('',*,*,#3375,.T.);
#4297=ORIENTED_EDGE('',*,*,#3376,.T.);
#4298=ORIENTED_EDGE('',*,*,#3377,.T.);
#4299=ORIENTED_EDGE('',*,*,#3378,.T.);
#4300=ORIENTED_EDGE('',*,*,#3379,.T.);
#4301=ORIENTED_EDGE('',*,*,#3380,.T.);
#4302=ORIENTED_EDGE('',*,*,#3381,.T.);
#4303=ORIENTED_EDGE('',*,*,#3382,.T.);
#4304=ORIENTED_EDGE('',*,*,#3383,.T.);
#4305=ORIENTED_EDGE('',*,*,#3384,.T.);
#4306=ORIENTED_EDGE('',*,*,#3385,.T.);
#4307=ORIENTED_EDGE('',*,*,#3386,.T.);
#4308=ORIENTED_EDGE('',*,*,#3351,.T.);
#4309=ORIENTED_EDGE('',*,*,#3387,.F.);
#4310=ORIENTED_EDGE('',*,*,#3388,.F.);
#4311=ORIENTED_EDGE('',*,*,#3324,.T.);
#4312=ORIENTED_EDGE('',*,*,#3389,.T.);
#4313=ORIENTED_EDGE('',*,*,#3390,.T.);
#4314=ORIENTED_EDGE('',*,*,#3391,.F.);
#4315=ORIENTED_EDGE('',*,*,#3325,.T.);
#4316=ORIENTED_EDGE('',*,*,#3391,.T.);
#4317=ORIENTED_EDGE('',*,*,#3392,.T.);
#4318=ORIENTED_EDGE('',*,*,#3393,.F.);
#4319=ORIENTED_EDGE('',*,*,#3326,.T.);
#4320=ORIENTED_EDGE('',*,*,#3393,.T.);
#4321=ORIENTED_EDGE('',*,*,#3394,.T.);
#4322=ORIENTED_EDGE('',*,*,#3395,.F.);
#4323=ORIENTED_EDGE('',*,*,#3327,.T.);
#4324=ORIENTED_EDGE('',*,*,#3395,.T.);
#4325=ORIENTED_EDGE('',*,*,#3396,.T.);
#4326=ORIENTED_EDGE('',*,*,#3397,.F.);
#4327=ORIENTED_EDGE('',*,*,#3398,.F.);
#4328=ORIENTED_EDGE('',*,*,#3399,.T.);
#4329=ORIENTED_EDGE('',*,*,#3400,.T.);
#4330=ORIENTED_EDGE('',*,*,#3401,.T.);
#4331=ORIENTED_EDGE('',*,*,#3402,.F.);
#4332=ORIENTED_EDGE('',*,*,#3403,.T.);
#4333=ORIENTED_EDGE('',*,*,#3404,.T.);
#4334=ORIENTED_EDGE('',*,*,#3399,.F.);
#4335=ORIENTED_EDGE('',*,*,#3405,.F.);
#4336=ORIENTED_EDGE('',*,*,#3406,.T.);
#4337=ORIENTED_EDGE('',*,*,#3407,.T.);
#4338=ORIENTED_EDGE('',*,*,#3403,.F.);
#4339=ORIENTED_EDGE('',*,*,#3408,.F.);
#4340=ORIENTED_EDGE('',*,*,#3409,.T.);
#4341=ORIENTED_EDGE('',*,*,#3410,.T.);
#4342=ORIENTED_EDGE('',*,*,#3411,.T.);
#4343=ORIENTED_EDGE('',*,*,#3412,.F.);
#4344=ORIENTED_EDGE('',*,*,#3413,.T.);
#4345=ORIENTED_EDGE('',*,*,#3414,.T.);
#4346=ORIENTED_EDGE('',*,*,#3409,.F.);
#4347=ORIENTED_EDGE('',*,*,#3415,.F.);
#4348=ORIENTED_EDGE('',*,*,#3416,.T.);
#4349=ORIENTED_EDGE('',*,*,#3417,.T.);
#4350=ORIENTED_EDGE('',*,*,#3413,.F.);
#4351=ORIENTED_EDGE('',*,*,#3418,.F.);
#4352=ORIENTED_EDGE('',*,*,#3419,.T.);
#4353=ORIENTED_EDGE('',*,*,#3420,.T.);
#4354=ORIENTED_EDGE('',*,*,#3421,.T.);
#4355=ORIENTED_EDGE('',*,*,#3422,.F.);
#4356=ORIENTED_EDGE('',*,*,#3423,.T.);
#4357=ORIENTED_EDGE('',*,*,#3424,.T.);
#4358=ORIENTED_EDGE('',*,*,#3419,.F.);
#4359=ORIENTED_EDGE('',*,*,#3425,.F.);
#4360=ORIENTED_EDGE('',*,*,#3426,.T.);
#4361=ORIENTED_EDGE('',*,*,#3427,.T.);
#4362=ORIENTED_EDGE('',*,*,#3423,.F.);
#4363=ORIENTED_EDGE('',*,*,#3421,.F.);
#4364=ORIENTED_EDGE('',*,*,#3428,.T.);
#4365=ORIENTED_EDGE('',*,*,#3426,.F.);
#4366=ORIENTED_EDGE('',*,*,#3429,.F.);
#4367=ORIENTED_EDGE('',*,*,#3406,.F.);
#4368=ORIENTED_EDGE('',*,*,#3430,.F.);
#4369=ORIENTED_EDGE('',*,*,#3401,.F.);
#4370=ORIENTED_EDGE('',*,*,#3431,.T.);
#4371=ORIENTED_EDGE('',*,*,#3411,.F.);
#4372=ORIENTED_EDGE('',*,*,#3432,.T.);
#4373=ORIENTED_EDGE('',*,*,#3416,.F.);
#4374=ORIENTED_EDGE('',*,*,#3433,.F.);
#4375=ORIENTED_EDGE('',*,*,#3434,.F.);
#4376=ORIENTED_EDGE('',*,*,#3435,.F.);
#4377=ORIENTED_EDGE('',*,*,#3436,.T.);
#4378=ORIENTED_EDGE('',*,*,#3437,.T.);
#4379=ORIENTED_EDGE('',*,*,#3438,.T.);
#4380=ORIENTED_EDGE('',*,*,#3439,.T.);
#4381=ORIENTED_EDGE('',*,*,#3436,.F.);
#4382=ORIENTED_EDGE('',*,*,#3440,.F.);
#4383=ORIENTED_EDGE('',*,*,#3441,.T.);
#4384=ORIENTED_EDGE('',*,*,#3442,.T.);
#4385=ORIENTED_EDGE('',*,*,#3443,.F.);
#4386=ORIENTED_EDGE('',*,*,#3444,.F.);
#4387=ORIENTED_EDGE('',*,*,#3445,.F.);
#4388=ORIENTED_EDGE('',*,*,#3446,.T.);
#4389=ORIENTED_EDGE('',*,*,#3447,.T.);
#4390=ORIENTED_EDGE('',*,*,#3389,.F.);
#4391=ORIENTED_EDGE('',*,*,#3448,.F.);
#4392=ORIENTED_EDGE('',*,*,#3449,.F.);
#4393=ORIENTED_EDGE('',*,*,#3450,.T.);
#4394=ORIENTED_EDGE('',*,*,#3451,.T.);
#4395=ORIENTED_EDGE('',*,*,#3446,.F.);
#4396=ORIENTED_EDGE('',*,*,#3452,.F.);
#4397=ORIENTED_EDGE('',*,*,#3453,.T.);
#4398=ORIENTED_EDGE('',*,*,#3454,.T.);
#4399=ORIENTED_EDGE('',*,*,#3450,.F.);
#4400=ORIENTED_EDGE('',*,*,#3455,.F.);
#4401=ORIENTED_EDGE('',*,*,#3456,.T.);
#4402=ORIENTED_EDGE('',*,*,#3457,.T.);
#4403=ORIENTED_EDGE('',*,*,#3453,.F.);
#4404=ORIENTED_EDGE('',*,*,#3458,.F.);
#4405=ORIENTED_EDGE('',*,*,#3459,.F.);
#4406=ORIENTED_EDGE('',*,*,#3460,.T.);
#4407=ORIENTED_EDGE('',*,*,#3461,.T.);
#4408=ORIENTED_EDGE('',*,*,#3456,.F.);
#4409=ORIENTED_EDGE('',*,*,#3332,.T.);
#4410=ORIENTED_EDGE('',*,*,#3462,.T.);
#4411=ORIENTED_EDGE('',*,*,#3463,.T.);
#4412=ORIENTED_EDGE('',*,*,#3460,.F.);
#4413=ORIENTED_EDGE('',*,*,#3331,.T.);
#4414=ORIENTED_EDGE('',*,*,#3464,.T.);
#4415=ORIENTED_EDGE('',*,*,#3465,.T.);
#4416=ORIENTED_EDGE('',*,*,#3462,.F.);
#4417=ORIENTED_EDGE('',*,*,#3330,.T.);
#4418=ORIENTED_EDGE('',*,*,#3466,.T.);
#4419=ORIENTED_EDGE('',*,*,#3467,.T.);
#4420=ORIENTED_EDGE('',*,*,#3464,.F.);
#4421=ORIENTED_EDGE('',*,*,#3468,.F.);
#4422=ORIENTED_EDGE('',*,*,#3469,.F.);
#4423=ORIENTED_EDGE('',*,*,#3443,.T.);
#4424=ORIENTED_EDGE('',*,*,#3470,.T.);
#4425=ORIENTED_EDGE('',*,*,#3328,.T.);
#4426=ORIENTED_EDGE('',*,*,#3397,.T.);
#4427=ORIENTED_EDGE('',*,*,#3471,.T.);
#4428=ORIENTED_EDGE('',*,*,#3472,.F.);
#4429=ORIENTED_EDGE('',*,*,#3329,.T.);
#4430=ORIENTED_EDGE('',*,*,#3472,.T.);
#4431=ORIENTED_EDGE('',*,*,#3473,.T.);
#4432=ORIENTED_EDGE('',*,*,#3466,.F.);
#4433=ORIENTED_EDGE('',*,*,#3474,.F.);
#4434=ORIENTED_EDGE('',*,*,#3468,.T.);
#4435=ORIENTED_EDGE('',*,*,#3475,.T.);
#4436=ORIENTED_EDGE('',*,*,#3476,.F.);
#4437=ORIENTED_EDGE('',*,*,#3477,.F.);
#4438=ORIENTED_EDGE('',*,*,#3476,.T.);
#4439=ORIENTED_EDGE('',*,*,#3478,.T.);
#4440=ORIENTED_EDGE('',*,*,#3441,.F.);
#4441=ORIENTED_EDGE('',*,*,#3479,.F.);
#4442=ORIENTED_EDGE('',*,*,#3480,.T.);
#4443=ORIENTED_EDGE('',*,*,#3481,.T.);
#4444=ORIENTED_EDGE('',*,*,#3438,.F.);
#4445=ORIENTED_EDGE('',*,*,#3482,.F.);
#4446=ORIENTED_EDGE('',*,*,#3434,.T.);
#4447=ORIENTED_EDGE('',*,*,#3483,.T.);
#4448=ORIENTED_EDGE('',*,*,#3480,.F.);
#4449=ORIENTED_EDGE('',*,*,#3467,.F.);
#4450=ORIENTED_EDGE('',*,*,#3473,.F.);
#4451=ORIENTED_EDGE('',*,*,#3471,.F.);
#4452=ORIENTED_EDGE('',*,*,#3396,.F.);
#4453=ORIENTED_EDGE('',*,*,#3394,.F.);
#4454=ORIENTED_EDGE('',*,*,#3392,.F.);
#4455=ORIENTED_EDGE('',*,*,#3390,.F.);
#4456=ORIENTED_EDGE('',*,*,#3447,.F.);
#4457=ORIENTED_EDGE('',*,*,#3451,.F.);
#4458=ORIENTED_EDGE('',*,*,#3454,.F.);
#4459=ORIENTED_EDGE('',*,*,#3457,.F.);
#4460=ORIENTED_EDGE('',*,*,#3461,.F.);
#4461=ORIENTED_EDGE('',*,*,#3463,.F.);
#4462=ORIENTED_EDGE('',*,*,#3465,.F.);
#4463=ORIENTED_EDGE('',*,*,#3432,.F.);
#4464=ORIENTED_EDGE('',*,*,#3410,.F.);
#4465=ORIENTED_EDGE('',*,*,#3414,.F.);
#4466=ORIENTED_EDGE('',*,*,#3417,.F.);
#4467=ORIENTED_EDGE('',*,*,#3428,.F.);
#4468=ORIENTED_EDGE('',*,*,#3420,.F.);
#4469=ORIENTED_EDGE('',*,*,#3424,.F.);
#4470=ORIENTED_EDGE('',*,*,#3427,.F.);
#4471=ORIENTED_EDGE('',*,*,#3483,.F.);
#4472=ORIENTED_EDGE('',*,*,#3437,.F.);
#4473=ORIENTED_EDGE('',*,*,#3439,.F.);
#4474=ORIENTED_EDGE('',*,*,#3481,.F.);
#4475=ORIENTED_EDGE('',*,*,#3475,.F.);
#4476=ORIENTED_EDGE('',*,*,#3470,.F.);
#4477=ORIENTED_EDGE('',*,*,#3442,.F.);
#4478=ORIENTED_EDGE('',*,*,#3478,.F.);
#4479=ORIENTED_EDGE('',*,*,#3407,.F.);
#4480=ORIENTED_EDGE('',*,*,#3431,.F.);
#4481=ORIENTED_EDGE('',*,*,#3400,.F.);
#4482=ORIENTED_EDGE('',*,*,#3404,.F.);
#4483=ORIENTED_EDGE('',*,*,#3448,.T.);
#4484=ORIENTED_EDGE('',*,*,#3323,.T.);
#4485=ORIENTED_EDGE('',*,*,#3484,.F.);
#4486=ORIENTED_EDGE('',*,*,#3485,.F.);
#4487=ORIENTED_EDGE('',*,*,#3444,.T.);
#4488=ORIENTED_EDGE('',*,*,#3469,.T.);
#4489=ORIENTED_EDGE('',*,*,#3474,.T.);
#4490=ORIENTED_EDGE('',*,*,#3477,.T.);
#4491=ORIENTED_EDGE('',*,*,#3435,.T.);
#4492=ORIENTED_EDGE('',*,*,#3482,.T.);
#4493=ORIENTED_EDGE('',*,*,#3479,.T.);
#4494=ORIENTED_EDGE('',*,*,#3440,.T.);
#4495=ORIENTED_EDGE('',*,*,#3418,.T.);
#4496=ORIENTED_EDGE('',*,*,#3429,.T.);
#4497=ORIENTED_EDGE('',*,*,#3425,.T.);
#4498=ORIENTED_EDGE('',*,*,#3422,.T.);
#4499=ORIENTED_EDGE('',*,*,#3408,.T.);
#4500=ORIENTED_EDGE('',*,*,#3433,.T.);
#4501=ORIENTED_EDGE('',*,*,#3415,.T.);
#4502=ORIENTED_EDGE('',*,*,#3412,.T.);
#4503=ORIENTED_EDGE('',*,*,#3398,.T.);
#4504=ORIENTED_EDGE('',*,*,#3430,.T.);
#4505=ORIENTED_EDGE('',*,*,#3405,.T.);
#4506=ORIENTED_EDGE('',*,*,#3402,.T.);
#4507=ORIENTED_EDGE('',*,*,#3486,.F.);
#4508=ORIENTED_EDGE('',*,*,#3487,.T.);
#4509=ORIENTED_EDGE('',*,*,#3335,.T.);
#4510=ORIENTED_EDGE('',*,*,#3488,.F.);
#4511=ORIENTED_EDGE('',*,*,#3489,.F.);
#4512=ORIENTED_EDGE('',*,*,#3490,.T.);
#4513=ORIENTED_EDGE('',*,*,#3336,.T.);
#4514=ORIENTED_EDGE('',*,*,#3487,.F.);
#4515=ORIENTED_EDGE('',*,*,#3491,.F.);
#4516=ORIENTED_EDGE('',*,*,#3492,.T.);
#4517=ORIENTED_EDGE('',*,*,#3320,.T.);
#4518=ORIENTED_EDGE('',*,*,#3493,.F.);
#4519=ORIENTED_EDGE('',*,*,#3494,.F.);
#4520=ORIENTED_EDGE('',*,*,#3495,.T.);
#4521=ORIENTED_EDGE('',*,*,#3321,.T.);
#4522=ORIENTED_EDGE('',*,*,#3492,.F.);
#4523=ORIENTED_EDGE('',*,*,#3496,.F.);
#4524=ORIENTED_EDGE('',*,*,#3484,.T.);
#4525=ORIENTED_EDGE('',*,*,#3322,.T.);
#4526=ORIENTED_EDGE('',*,*,#3495,.F.);
#4527=ORIENTED_EDGE('',*,*,#3459,.T.);
#4528=ORIENTED_EDGE('',*,*,#3497,.F.);
#4529=ORIENTED_EDGE('',*,*,#3498,.T.);
#4530=ORIENTED_EDGE('',*,*,#3333,.T.);
#4531=ORIENTED_EDGE('',*,*,#3499,.F.);
#4532=ORIENTED_EDGE('',*,*,#3488,.T.);
#4533=ORIENTED_EDGE('',*,*,#3334,.T.);
#4534=ORIENTED_EDGE('',*,*,#3498,.F.);
#4535=ORIENTED_EDGE('',*,*,#3490,.F.);
#4536=ORIENTED_EDGE('',*,*,#3500,.F.);
#4537=ORIENTED_EDGE('',*,*,#3382,.F.);
#4538=ORIENTED_EDGE('',*,*,#3501,.T.);
#4539=ORIENTED_EDGE('',*,*,#3502,.T.);
#4540=ORIENTED_EDGE('',*,*,#3369,.T.);
#4541=ORIENTED_EDGE('',*,*,#3366,.T.);
#4542=ORIENTED_EDGE('',*,*,#3337,.F.);
#4543=ORIENTED_EDGE('',*,*,#3493,.T.);
#4544=ORIENTED_EDGE('',*,*,#3319,.T.);
#4545=ORIENTED_EDGE('',*,*,#3503,.T.);
#4546=ORIENTED_EDGE('',*,*,#3504,.F.);
#4547=ORIENTED_EDGE('',*,*,#3505,.F.);
#4548=ORIENTED_EDGE('',*,*,#3506,.F.);
#4549=ORIENTED_EDGE('',*,*,#3507,.F.);
#4550=ORIENTED_EDGE('',*,*,#3508,.T.);
#4551=ORIENTED_EDGE('',*,*,#3509,.T.);
#4552=ORIENTED_EDGE('',*,*,#3508,.F.);
#4553=ORIENTED_EDGE('',*,*,#3509,.F.);
#4554=ORIENTED_EDGE('',*,*,#3510,.F.);
#4555=ORIENTED_EDGE('',*,*,#3511,.T.);
#4556=ORIENTED_EDGE('',*,*,#3512,.T.);
#4557=ORIENTED_EDGE('',*,*,#3511,.F.);
#4558=ORIENTED_EDGE('',*,*,#3512,.F.);
#4559=ORIENTED_EDGE('',*,*,#3513,.F.);
#4560=ORIENTED_EDGE('',*,*,#3514,.T.);
#4561=ORIENTED_EDGE('',*,*,#3515,.T.);
#4562=ORIENTED_EDGE('',*,*,#3514,.F.);
#4563=ORIENTED_EDGE('',*,*,#3515,.F.);
#4564=ORIENTED_EDGE('',*,*,#3516,.F.);
#4565=ORIENTED_EDGE('',*,*,#3517,.T.);
#4566=ORIENTED_EDGE('',*,*,#3518,.T.);
#4567=ORIENTED_EDGE('',*,*,#3517,.F.);
#4568=ORIENTED_EDGE('',*,*,#3518,.F.);
#4569=ORIENTED_EDGE('',*,*,#3387,.T.);
#4570=ORIENTED_EDGE('',*,*,#3519,.T.);
#4571=ORIENTED_EDGE('',*,*,#3520,.T.);
#4572=ORIENTED_EDGE('',*,*,#3519,.F.);
#4573=ORIENTED_EDGE('',*,*,#3520,.F.);
#4574=ORIENTED_EDGE('',*,*,#3521,.T.);
#4575=ORIENTED_EDGE('',*,*,#3522,.T.);
#4576=ORIENTED_EDGE('',*,*,#3521,.F.);
#4577=ORIENTED_EDGE('',*,*,#3388,.T.);
#4578=ORIENTED_EDGE('',*,*,#3523,.T.);
#4579=ORIENTED_EDGE('',*,*,#3524,.T.);
#4580=ORIENTED_EDGE('',*,*,#3523,.F.);
#4581=ORIENTED_EDGE('',*,*,#3524,.F.);
#4582=ORIENTED_EDGE('',*,*,#3525,.T.);
#4583=ORIENTED_EDGE('',*,*,#3526,.T.);
#4584=ORIENTED_EDGE('',*,*,#3525,.F.);
#4585=ORIENTED_EDGE('',*,*,#3527,.T.);
#4586=ORIENTED_EDGE('',*,*,#3528,.T.);
#4587=ORIENTED_EDGE('',*,*,#3529,.T.);
#4588=ORIENTED_EDGE('',*,*,#3528,.F.);
#4589=ORIENTED_EDGE('',*,*,#3505,.T.);
#4590=ORIENTED_EDGE('',*,*,#3530,.T.);
#4591=ORIENTED_EDGE('',*,*,#3531,.T.);
#4592=ORIENTED_EDGE('',*,*,#3355,.T.);
#4593=ORIENTED_EDGE('',*,*,#3532,.T.);
#4594=ORIENTED_EDGE('',*,*,#3533,.T.);
#4595=ORIENTED_EDGE('',*,*,#3534,.T.);
#4596=ORIENTED_EDGE('',*,*,#3535,.T.);
#4597=ORIENTED_EDGE('',*,*,#3536,.F.);
#4598=ORIENTED_EDGE('',*,*,#3537,.F.);
#4599=ORIENTED_EDGE('',*,*,#3527,.F.);
#4600=ORIENTED_EDGE('',*,*,#3529,.F.);
#4601=ORIENTED_EDGE('',*,*,#3538,.T.);
#4602=ORIENTED_EDGE('',*,*,#3539,.T.);
#4603=ORIENTED_EDGE('',*,*,#3538,.F.);
#4604=ORIENTED_EDGE('',*,*,#3536,.T.);
#4605=ORIENTED_EDGE('',*,*,#3540,.T.);
#4606=ORIENTED_EDGE('',*,*,#3541,.T.);
#4607=ORIENTED_EDGE('',*,*,#3540,.F.);
#4608=ORIENTED_EDGE('',*,*,#3541,.F.);
#4609=ORIENTED_EDGE('',*,*,#3542,.T.);
#4610=ORIENTED_EDGE('',*,*,#3543,.T.);
#4611=ORIENTED_EDGE('',*,*,#3542,.F.);
#4612=ORIENTED_EDGE('',*,*,#3544,.T.);
#4613=ORIENTED_EDGE('',*,*,#3545,.T.);
#4614=ORIENTED_EDGE('',*,*,#3546,.T.);
#4615=ORIENTED_EDGE('',*,*,#3545,.F.);
#4616=ORIENTED_EDGE('',*,*,#3547,.T.);
#4617=ORIENTED_EDGE('',*,*,#3548,.T.);
#4618=ORIENTED_EDGE('',*,*,#3546,.F.);
#4619=ORIENTED_EDGE('',*,*,#3548,.F.);
#4620=ORIENTED_EDGE('',*,*,#3544,.F.);
#4621=ORIENTED_EDGE('',*,*,#3549,.T.);
#4622=ORIENTED_EDGE('',*,*,#3550,.T.);
#4623=ORIENTED_EDGE('',*,*,#3551,.T.);
#4624=ORIENTED_EDGE('',*,*,#3552,.T.);
#4625=ORIENTED_EDGE('',*,*,#3553,.T.);
#4626=ORIENTED_EDGE('',*,*,#3554,.T.);
#4627=ORIENTED_EDGE('',*,*,#3555,.T.);
#4628=ORIENTED_EDGE('',*,*,#3556,.T.);
#4629=ORIENTED_EDGE('',*,*,#3557,.T.);
#4630=ORIENTED_EDGE('',*,*,#3556,.F.);
#4631=ORIENTED_EDGE('',*,*,#3558,.T.);
#4632=ORIENTED_EDGE('',*,*,#3559,.T.);
#4633=ORIENTED_EDGE('',*,*,#3557,.F.);
#4634=ORIENTED_EDGE('',*,*,#3559,.F.);
#4635=ORIENTED_EDGE('',*,*,#3555,.F.);
#4636=ORIENTED_EDGE('',*,*,#3560,.T.);
#4637=ORIENTED_EDGE('',*,*,#3561,.T.);
#4638=ORIENTED_EDGE('',*,*,#3562,.T.);
#4639=ORIENTED_EDGE('',*,*,#3563,.T.);
#4640=ORIENTED_EDGE('',*,*,#3564,.T.);
#4641=ORIENTED_EDGE('',*,*,#3565,.T.);
#4642=ORIENTED_EDGE('',*,*,#3566,.T.);
#4643=ORIENTED_EDGE('',*,*,#3567,.T.);
#4644=ORIENTED_EDGE('',*,*,#3568,.T.);
#4645=ORIENTED_EDGE('',*,*,#3567,.F.);
#4646=ORIENTED_EDGE('',*,*,#3569,.T.);
#4647=ORIENTED_EDGE('',*,*,#3570,.T.);
#4648=ORIENTED_EDGE('',*,*,#3568,.F.);
#4649=ORIENTED_EDGE('',*,*,#3570,.F.);
#4650=ORIENTED_EDGE('',*,*,#3566,.F.);
#4651=ORIENTED_EDGE('',*,*,#3571,.T.);
#4652=ORIENTED_EDGE('',*,*,#3572,.T.);
#4653=ORIENTED_EDGE('',*,*,#3573,.T.);
#4654=ORIENTED_EDGE('',*,*,#3574,.T.);
#4655=ORIENTED_EDGE('',*,*,#3575,.T.);
#4656=ORIENTED_EDGE('',*,*,#3576,.T.);
#4657=ORIENTED_EDGE('',*,*,#3577,.T.);
#4658=ORIENTED_EDGE('',*,*,#3578,.T.);
#4659=ORIENTED_EDGE('',*,*,#3579,.T.);
#4660=ORIENTED_EDGE('',*,*,#3578,.F.);
#4661=ORIENTED_EDGE('',*,*,#3580,.T.);
#4662=ORIENTED_EDGE('',*,*,#3581,.T.);
#4663=ORIENTED_EDGE('',*,*,#3579,.F.);
#4664=ORIENTED_EDGE('',*,*,#3581,.F.);
#4665=ORIENTED_EDGE('',*,*,#3577,.F.);
#4666=ORIENTED_EDGE('',*,*,#3582,.T.);
#4667=ORIENTED_EDGE('',*,*,#3583,.T.);
#4668=ORIENTED_EDGE('',*,*,#3584,.T.);
#4669=ORIENTED_EDGE('',*,*,#3585,.T.);
#4670=ORIENTED_EDGE('',*,*,#3586,.T.);
#4671=ORIENTED_EDGE('',*,*,#3587,.T.);
#4672=ORIENTED_EDGE('',*,*,#3582,.F.);
#4673=ORIENTED_EDGE('',*,*,#3588,.T.);
#4674=ORIENTED_EDGE('',*,*,#3589,.F.);
#4675=ORIENTED_EDGE('',*,*,#3590,.F.);
#4676=ORIENTED_EDGE('',*,*,#3587,.F.);
#4677=ORIENTED_EDGE('',*,*,#3591,.T.);
#4678=ORIENTED_EDGE('',*,*,#3592,.F.);
#4679=ORIENTED_EDGE('',*,*,#3588,.F.);
#4680=ORIENTED_EDGE('',*,*,#3586,.F.);
#4681=ORIENTED_EDGE('',*,*,#3593,.T.);
#4682=ORIENTED_EDGE('',*,*,#3594,.F.);
#4683=ORIENTED_EDGE('',*,*,#3591,.F.);
#4684=ORIENTED_EDGE('',*,*,#3585,.F.);
#4685=ORIENTED_EDGE('',*,*,#3595,.T.);
#4686=ORIENTED_EDGE('',*,*,#3596,.F.);
#4687=ORIENTED_EDGE('',*,*,#3593,.F.);
#4688=ORIENTED_EDGE('',*,*,#3584,.F.);
#4689=ORIENTED_EDGE('',*,*,#3597,.T.);
#4690=ORIENTED_EDGE('',*,*,#3598,.F.);
#4691=ORIENTED_EDGE('',*,*,#3595,.F.);
#4692=ORIENTED_EDGE('',*,*,#3583,.F.);
#4693=ORIENTED_EDGE('',*,*,#3590,.T.);
#4694=ORIENTED_EDGE('',*,*,#3599,.F.);
#4695=ORIENTED_EDGE('',*,*,#3597,.F.);
#4696=ORIENTED_EDGE('',*,*,#3589,.T.);
#4697=ORIENTED_EDGE('',*,*,#3592,.T.);
#4698=ORIENTED_EDGE('',*,*,#3594,.T.);
#4699=ORIENTED_EDGE('',*,*,#3596,.T.);
#4700=ORIENTED_EDGE('',*,*,#3598,.T.);
#4701=ORIENTED_EDGE('',*,*,#3599,.T.);
#4702=ORIENTED_EDGE('',*,*,#3543,.F.);
#4703=ORIENTED_EDGE('',*,*,#3580,.F.);
#4704=ORIENTED_EDGE('',*,*,#3571,.F.);
#4705=ORIENTED_EDGE('',*,*,#3600,.T.);
#4706=ORIENTED_EDGE('',*,*,#3601,.F.);
#4707=ORIENTED_EDGE('',*,*,#3602,.F.);
#4708=ORIENTED_EDGE('',*,*,#3576,.F.);
#4709=ORIENTED_EDGE('',*,*,#3603,.T.);
#4710=ORIENTED_EDGE('',*,*,#3604,.F.);
#4711=ORIENTED_EDGE('',*,*,#3600,.F.);
#4712=ORIENTED_EDGE('',*,*,#3575,.F.);
#4713=ORIENTED_EDGE('',*,*,#3605,.T.);
#4714=ORIENTED_EDGE('',*,*,#3606,.F.);
#4715=ORIENTED_EDGE('',*,*,#3603,.F.);
#4716=ORIENTED_EDGE('',*,*,#3574,.F.);
#4717=ORIENTED_EDGE('',*,*,#3607,.T.);
#4718=ORIENTED_EDGE('',*,*,#3608,.F.);
#4719=ORIENTED_EDGE('',*,*,#3605,.F.);
#4720=ORIENTED_EDGE('',*,*,#3573,.F.);
#4721=ORIENTED_EDGE('',*,*,#3609,.T.);
#4722=ORIENTED_EDGE('',*,*,#3610,.F.);
#4723=ORIENTED_EDGE('',*,*,#3607,.F.);
#4724=ORIENTED_EDGE('',*,*,#3572,.F.);
#4725=ORIENTED_EDGE('',*,*,#3602,.T.);
#4726=ORIENTED_EDGE('',*,*,#3611,.F.);
#4727=ORIENTED_EDGE('',*,*,#3609,.F.);
#4728=ORIENTED_EDGE('',*,*,#3601,.T.);
#4729=ORIENTED_EDGE('',*,*,#3604,.T.);
#4730=ORIENTED_EDGE('',*,*,#3606,.T.);
#4731=ORIENTED_EDGE('',*,*,#3608,.T.);
#4732=ORIENTED_EDGE('',*,*,#3610,.T.);
#4733=ORIENTED_EDGE('',*,*,#3611,.T.);
#4734=ORIENTED_EDGE('',*,*,#3539,.F.);
#4735=ORIENTED_EDGE('',*,*,#3569,.F.);
#4736=ORIENTED_EDGE('',*,*,#3549,.F.);
#4737=ORIENTED_EDGE('',*,*,#3612,.T.);
#4738=ORIENTED_EDGE('',*,*,#3613,.F.);
#4739=ORIENTED_EDGE('',*,*,#3614,.F.);
#4740=ORIENTED_EDGE('',*,*,#3554,.F.);
#4741=ORIENTED_EDGE('',*,*,#3615,.T.);
#4742=ORIENTED_EDGE('',*,*,#3616,.F.);
#4743=ORIENTED_EDGE('',*,*,#3612,.F.);
#4744=ORIENTED_EDGE('',*,*,#3553,.F.);
#4745=ORIENTED_EDGE('',*,*,#3617,.T.);
#4746=ORIENTED_EDGE('',*,*,#3618,.F.);
#4747=ORIENTED_EDGE('',*,*,#3615,.F.);
#4748=ORIENTED_EDGE('',*,*,#3552,.F.);
#4749=ORIENTED_EDGE('',*,*,#3619,.T.);
#4750=ORIENTED_EDGE('',*,*,#3620,.F.);
#4751=ORIENTED_EDGE('',*,*,#3617,.F.);
#4752=ORIENTED_EDGE('',*,*,#3551,.F.);
#4753=ORIENTED_EDGE('',*,*,#3621,.T.);
#4754=ORIENTED_EDGE('',*,*,#3622,.F.);
#4755=ORIENTED_EDGE('',*,*,#3619,.F.);
#4756=ORIENTED_EDGE('',*,*,#3550,.F.);
#4757=ORIENTED_EDGE('',*,*,#3614,.T.);
#4758=ORIENTED_EDGE('',*,*,#3623,.F.);
#4759=ORIENTED_EDGE('',*,*,#3621,.F.);
#4760=ORIENTED_EDGE('',*,*,#3613,.T.);
#4761=ORIENTED_EDGE('',*,*,#3616,.T.);
#4762=ORIENTED_EDGE('',*,*,#3618,.T.);
#4763=ORIENTED_EDGE('',*,*,#3620,.T.);
#4764=ORIENTED_EDGE('',*,*,#3622,.T.);
#4765=ORIENTED_EDGE('',*,*,#3623,.T.);
#4766=ORIENTED_EDGE('',*,*,#3522,.F.);
#4767=ORIENTED_EDGE('',*,*,#3547,.F.);
#4768=ORIENTED_EDGE('',*,*,#3560,.F.);
#4769=ORIENTED_EDGE('',*,*,#3624,.T.);
#4770=ORIENTED_EDGE('',*,*,#3625,.F.);
#4771=ORIENTED_EDGE('',*,*,#3626,.F.);
#4772=ORIENTED_EDGE('',*,*,#3565,.F.);
#4773=ORIENTED_EDGE('',*,*,#3627,.T.);
#4774=ORIENTED_EDGE('',*,*,#3628,.F.);
#4775=ORIENTED_EDGE('',*,*,#3624,.F.);
#4776=ORIENTED_EDGE('',*,*,#3564,.F.);
#4777=ORIENTED_EDGE('',*,*,#3629,.T.);
#4778=ORIENTED_EDGE('',*,*,#3630,.F.);
#4779=ORIENTED_EDGE('',*,*,#3627,.F.);
#4780=ORIENTED_EDGE('',*,*,#3563,.F.);
#4781=ORIENTED_EDGE('',*,*,#3631,.T.);
#4782=ORIENTED_EDGE('',*,*,#3632,.F.);
#4783=ORIENTED_EDGE('',*,*,#3629,.F.);
#4784=ORIENTED_EDGE('',*,*,#3562,.F.);
#4785=ORIENTED_EDGE('',*,*,#3633,.T.);
#4786=ORIENTED_EDGE('',*,*,#3634,.F.);
#4787=ORIENTED_EDGE('',*,*,#3631,.F.);
#4788=ORIENTED_EDGE('',*,*,#3561,.F.);
#4789=ORIENTED_EDGE('',*,*,#3626,.T.);
#4790=ORIENTED_EDGE('',*,*,#3635,.F.);
#4791=ORIENTED_EDGE('',*,*,#3633,.F.);
#4792=ORIENTED_EDGE('',*,*,#3625,.T.);
#4793=ORIENTED_EDGE('',*,*,#3628,.T.);
#4794=ORIENTED_EDGE('',*,*,#3630,.T.);
#4795=ORIENTED_EDGE('',*,*,#3632,.T.);
#4796=ORIENTED_EDGE('',*,*,#3634,.T.);
#4797=ORIENTED_EDGE('',*,*,#3635,.T.);
#4798=ORIENTED_EDGE('',*,*,#3526,.F.);
#4799=ORIENTED_EDGE('',*,*,#3558,.F.);
#4800=ORIENTED_EDGE('',*,*,#3636,.F.);
#4801=ORIENTED_EDGE('',*,*,#3637,.T.);
#4802=ORIENTED_EDGE('',*,*,#3638,.T.);
#4803=ORIENTED_EDGE('',*,*,#3639,.F.);
#4804=ORIENTED_EDGE('',*,*,#3640,.F.);
#4805=ORIENTED_EDGE('',*,*,#3641,.T.);
#4806=ORIENTED_EDGE('',*,*,#3642,.T.);
#4807=ORIENTED_EDGE('',*,*,#3643,.F.);
#4808=ORIENTED_EDGE('',*,*,#3644,.F.);
#4809=ORIENTED_EDGE('',*,*,#3645,.T.);
#4810=ORIENTED_EDGE('',*,*,#3646,.T.);
#4811=ORIENTED_EDGE('',*,*,#3647,.F.);
#4812=ORIENTED_EDGE('',*,*,#3648,.F.);
#4813=ORIENTED_EDGE('',*,*,#3649,.T.);
#4814=ORIENTED_EDGE('',*,*,#3650,.T.);
#4815=ORIENTED_EDGE('',*,*,#3651,.F.);
#4816=ORIENTED_EDGE('',*,*,#3652,.F.);
#4817=ORIENTED_EDGE('',*,*,#3653,.T.);
#4818=ORIENTED_EDGE('',*,*,#3654,.T.);
#4819=ORIENTED_EDGE('',*,*,#3655,.F.);
#4820=ORIENTED_EDGE('',*,*,#3656,.F.);
#4821=ORIENTED_EDGE('',*,*,#3657,.T.);
#4822=ORIENTED_EDGE('',*,*,#3658,.T.);
#4823=ORIENTED_EDGE('',*,*,#3659,.F.);
#4824=ORIENTED_EDGE('',*,*,#3660,.F.);
#4825=ORIENTED_EDGE('',*,*,#3661,.T.);
#4826=ORIENTED_EDGE('',*,*,#3662,.T.);
#4827=ORIENTED_EDGE('',*,*,#3663,.F.);
#4828=ORIENTED_EDGE('',*,*,#3664,.F.);
#4829=ORIENTED_EDGE('',*,*,#3665,.T.);
#4830=ORIENTED_EDGE('',*,*,#3666,.T.);
#4831=ORIENTED_EDGE('',*,*,#3667,.F.);
#4832=ORIENTED_EDGE('',*,*,#3668,.F.);
#4833=ORIENTED_EDGE('',*,*,#3669,.T.);
#4834=ORIENTED_EDGE('',*,*,#3670,.T.);
#4835=ORIENTED_EDGE('',*,*,#3671,.F.);
#4836=ORIENTED_EDGE('',*,*,#3672,.F.);
#4837=ORIENTED_EDGE('',*,*,#3673,.F.);
#4838=ORIENTED_EDGE('',*,*,#3650,.F.);
#4839=ORIENTED_EDGE('',*,*,#3674,.F.);
#4840=ORIENTED_EDGE('',*,*,#3675,.F.);
#4841=ORIENTED_EDGE('',*,*,#3676,.F.);
#4842=ORIENTED_EDGE('',*,*,#3646,.F.);
#4843=ORIENTED_EDGE('',*,*,#3677,.F.);
#4844=ORIENTED_EDGE('',*,*,#3678,.F.);
#4845=ORIENTED_EDGE('',*,*,#3679,.F.);
#4846=ORIENTED_EDGE('',*,*,#3642,.F.);
#4847=ORIENTED_EDGE('',*,*,#3680,.F.);
#4848=ORIENTED_EDGE('',*,*,#3670,.F.);
#4849=ORIENTED_EDGE('',*,*,#3681,.F.);
#4850=ORIENTED_EDGE('',*,*,#3638,.F.);
#4851=ORIENTED_EDGE('',*,*,#3682,.F.);
#4852=ORIENTED_EDGE('',*,*,#3683,.F.);
#4853=ORIENTED_EDGE('',*,*,#3684,.F.);
#4854=ORIENTED_EDGE('',*,*,#3666,.F.);
#4855=ORIENTED_EDGE('',*,*,#3685,.F.);
#4856=ORIENTED_EDGE('',*,*,#3686,.F.);
#4857=ORIENTED_EDGE('',*,*,#3687,.F.);
#4858=ORIENTED_EDGE('',*,*,#3662,.F.);
#4859=ORIENTED_EDGE('',*,*,#3688,.F.);
#4860=ORIENTED_EDGE('',*,*,#3689,.F.);
#4861=ORIENTED_EDGE('',*,*,#3690,.F.);
#4862=ORIENTED_EDGE('',*,*,#3658,.F.);
#4863=ORIENTED_EDGE('',*,*,#3691,.F.);
#4864=ORIENTED_EDGE('',*,*,#3692,.F.);
#4865=ORIENTED_EDGE('',*,*,#3693,.F.);
#4866=ORIENTED_EDGE('',*,*,#3654,.F.);
#4867=ORIENTED_EDGE('',*,*,#3694,.F.);
#4868=ORIENTED_EDGE('',*,*,#3695,.F.);
#4869=ORIENTED_EDGE('',*,*,#3696,.F.);
#4870=ORIENTED_EDGE('',*,*,#3697,.T.);
#4871=ORIENTED_EDGE('',*,*,#3678,.T.);
#4872=ORIENTED_EDGE('',*,*,#3698,.F.);
#4873=ORIENTED_EDGE('',*,*,#3699,.F.);
#4874=ORIENTED_EDGE('',*,*,#3700,.T.);
#4875=ORIENTED_EDGE('',*,*,#3675,.T.);
#4876=ORIENTED_EDGE('',*,*,#3701,.F.);
#4877=ORIENTED_EDGE('',*,*,#3702,.F.);
#4878=ORIENTED_EDGE('',*,*,#3703,.T.);
#4879=ORIENTED_EDGE('',*,*,#3695,.T.);
#4880=ORIENTED_EDGE('',*,*,#3704,.F.);
#4881=ORIENTED_EDGE('',*,*,#3705,.F.);
#4882=ORIENTED_EDGE('',*,*,#3706,.T.);
#4883=ORIENTED_EDGE('',*,*,#3692,.T.);
#4884=ORIENTED_EDGE('',*,*,#3707,.F.);
#4885=ORIENTED_EDGE('',*,*,#3708,.F.);
#4886=ORIENTED_EDGE('',*,*,#3709,.T.);
#4887=ORIENTED_EDGE('',*,*,#3683,.T.);
#4888=ORIENTED_EDGE('',*,*,#3710,.F.);
#4889=ORIENTED_EDGE('',*,*,#3711,.F.);
#4890=ORIENTED_EDGE('',*,*,#3712,.T.);
#4891=ORIENTED_EDGE('',*,*,#3686,.T.);
#4892=ORIENTED_EDGE('',*,*,#3713,.F.);
#4893=ORIENTED_EDGE('',*,*,#3714,.F.);
#4894=ORIENTED_EDGE('',*,*,#3715,.T.);
#4895=ORIENTED_EDGE('',*,*,#3689,.T.);
#4896=ORIENTED_EDGE('',*,*,#3716,.F.);
#4897=ORIENTED_EDGE('',*,*,#3717,.F.);
#4898=ORIENTED_EDGE('',*,*,#3655,.T.);
#4899=ORIENTED_EDGE('',*,*,#3693,.T.);
#4900=ORIENTED_EDGE('',*,*,#3706,.F.);
#4901=ORIENTED_EDGE('',*,*,#3718,.F.);
#4902=ORIENTED_EDGE('',*,*,#3707,.T.);
#4903=ORIENTED_EDGE('',*,*,#3691,.T.);
#4904=ORIENTED_EDGE('',*,*,#3657,.F.);
#4905=ORIENTED_EDGE('',*,*,#3719,.F.);
#4906=ORIENTED_EDGE('',*,*,#3667,.T.);
#4907=ORIENTED_EDGE('',*,*,#3684,.T.);
#4908=ORIENTED_EDGE('',*,*,#3709,.F.);
#4909=ORIENTED_EDGE('',*,*,#3720,.F.);
#4910=ORIENTED_EDGE('',*,*,#3710,.T.);
#4911=ORIENTED_EDGE('',*,*,#3682,.T.);
#4912=ORIENTED_EDGE('',*,*,#3637,.F.);
#4913=ORIENTED_EDGE('',*,*,#3721,.F.);
#4914=ORIENTED_EDGE('',*,*,#3639,.T.);
#4915=ORIENTED_EDGE('',*,*,#3681,.T.);
#4916=ORIENTED_EDGE('',*,*,#3669,.F.);
#4917=ORIENTED_EDGE('',*,*,#3722,.F.);
#4918=ORIENTED_EDGE('',*,*,#3671,.T.);
#4919=ORIENTED_EDGE('',*,*,#3680,.T.);
#4920=ORIENTED_EDGE('',*,*,#3641,.F.);
#4921=ORIENTED_EDGE('',*,*,#3723,.F.);
#4922=ORIENTED_EDGE('',*,*,#3643,.T.);
#4923=ORIENTED_EDGE('',*,*,#3679,.T.);
#4924=ORIENTED_EDGE('',*,*,#3697,.F.);
#4925=ORIENTED_EDGE('',*,*,#3724,.F.);
#4926=ORIENTED_EDGE('',*,*,#3698,.T.);
#4927=ORIENTED_EDGE('',*,*,#3677,.T.);
#4928=ORIENTED_EDGE('',*,*,#3645,.F.);
#4929=ORIENTED_EDGE('',*,*,#3725,.F.);
#4930=ORIENTED_EDGE('',*,*,#3647,.T.);
#4931=ORIENTED_EDGE('',*,*,#3676,.T.);
#4932=ORIENTED_EDGE('',*,*,#3700,.F.);
#4933=ORIENTED_EDGE('',*,*,#3726,.F.);
#4934=ORIENTED_EDGE('',*,*,#3701,.T.);
#4935=ORIENTED_EDGE('',*,*,#3674,.T.);
#4936=ORIENTED_EDGE('',*,*,#3649,.F.);
#4937=ORIENTED_EDGE('',*,*,#3727,.F.);
#4938=ORIENTED_EDGE('',*,*,#3651,.T.);
#4939=ORIENTED_EDGE('',*,*,#3673,.T.);
#4940=ORIENTED_EDGE('',*,*,#3703,.F.);
#4941=ORIENTED_EDGE('',*,*,#3728,.F.);
#4942=ORIENTED_EDGE('',*,*,#3704,.T.);
#4943=ORIENTED_EDGE('',*,*,#3694,.T.);
#4944=ORIENTED_EDGE('',*,*,#3653,.F.);
#4945=ORIENTED_EDGE('',*,*,#3729,.F.);
#4946=ORIENTED_EDGE('',*,*,#3663,.T.);
#4947=ORIENTED_EDGE('',*,*,#3687,.T.);
#4948=ORIENTED_EDGE('',*,*,#3712,.F.);
#4949=ORIENTED_EDGE('',*,*,#3730,.F.);
#4950=ORIENTED_EDGE('',*,*,#3713,.T.);
#4951=ORIENTED_EDGE('',*,*,#3685,.T.);
#4952=ORIENTED_EDGE('',*,*,#3665,.F.);
#4953=ORIENTED_EDGE('',*,*,#3731,.F.);
#4954=ORIENTED_EDGE('',*,*,#3659,.T.);
#4955=ORIENTED_EDGE('',*,*,#3690,.T.);
#4956=ORIENTED_EDGE('',*,*,#3715,.F.);
#4957=ORIENTED_EDGE('',*,*,#3732,.F.);
#4958=ORIENTED_EDGE('',*,*,#3716,.T.);
#4959=ORIENTED_EDGE('',*,*,#3688,.T.);
#4960=ORIENTED_EDGE('',*,*,#3661,.F.);
#4961=ORIENTED_EDGE('',*,*,#3733,.F.);
#4962=ORIENTED_EDGE('',*,*,#3734,.T.);
#4963=ORIENTED_EDGE('',*,*,#3672,.T.);
#4964=ORIENTED_EDGE('',*,*,#3734,.F.);
#4965=ORIENTED_EDGE('',*,*,#3735,.T.);
#4966=ORIENTED_EDGE('',*,*,#3736,.T.);
#4967=ORIENTED_EDGE('',*,*,#3737,.T.);
#4968=ORIENTED_EDGE('',*,*,#3738,.T.);
#4969=ORIENTED_EDGE('',*,*,#3739,.T.);
#4970=ORIENTED_EDGE('',*,*,#3740,.T.);
#4971=ORIENTED_EDGE('',*,*,#3741,.T.);
#4972=ORIENTED_EDGE('',*,*,#3742,.T.);
#4973=ORIENTED_EDGE('',*,*,#3743,.T.);
#4974=ORIENTED_EDGE('',*,*,#3733,.T.);
#4975=ORIENTED_EDGE('',*,*,#3743,.F.);
#4976=ORIENTED_EDGE('',*,*,#3744,.T.);
#4977=ORIENTED_EDGE('',*,*,#3745,.F.);
#4978=ORIENTED_EDGE('',*,*,#3744,.F.);
#4979=ORIENTED_EDGE('',*,*,#3742,.F.);
#4980=ORIENTED_EDGE('',*,*,#3746,.T.);
#4981=ORIENTED_EDGE('',*,*,#3747,.F.);
#4982=ORIENTED_EDGE('',*,*,#3746,.F.);
#4983=ORIENTED_EDGE('',*,*,#3741,.F.);
#4984=ORIENTED_EDGE('',*,*,#3748,.T.);
#4985=ORIENTED_EDGE('',*,*,#3749,.F.);
#4986=ORIENTED_EDGE('',*,*,#3748,.F.);
#4987=ORIENTED_EDGE('',*,*,#3740,.F.);
#4988=ORIENTED_EDGE('',*,*,#3750,.T.);
#4989=ORIENTED_EDGE('',*,*,#3751,.F.);
#4990=ORIENTED_EDGE('',*,*,#3750,.F.);
#4991=ORIENTED_EDGE('',*,*,#3739,.F.);
#4992=ORIENTED_EDGE('',*,*,#3752,.T.);
#4993=ORIENTED_EDGE('',*,*,#3753,.F.);
#4994=ORIENTED_EDGE('',*,*,#3752,.F.);
#4995=ORIENTED_EDGE('',*,*,#3738,.F.);
#4996=ORIENTED_EDGE('',*,*,#3754,.T.);
#4997=ORIENTED_EDGE('',*,*,#3755,.F.);
#4998=ORIENTED_EDGE('',*,*,#3754,.F.);
#4999=ORIENTED_EDGE('',*,*,#3737,.F.);
#5000=ORIENTED_EDGE('',*,*,#3756,.T.);
#5001=ORIENTED_EDGE('',*,*,#3757,.F.);
#5002=ORIENTED_EDGE('',*,*,#3756,.F.);
#5003=ORIENTED_EDGE('',*,*,#3736,.F.);
#5004=ORIENTED_EDGE('',*,*,#3758,.T.);
#5005=ORIENTED_EDGE('',*,*,#3759,.F.);
#5006=ORIENTED_EDGE('',*,*,#3758,.F.);
#5007=ORIENTED_EDGE('',*,*,#3530,.F.);
#5008=ORIENTED_EDGE('',*,*,#3504,.T.);
#5009=ORIENTED_EDGE('',*,*,#3760,.T.);
#5010=ORIENTED_EDGE('',*,*,#3761,.F.);
#5011=ORIENTED_EDGE('',*,*,#3531,.F.);
#5012=ORIENTED_EDGE('',*,*,#3761,.T.);
#5013=ORIENTED_EDGE('',*,*,#3762,.T.);
#5014=ORIENTED_EDGE('',*,*,#3356,.F.);
#5015=ORIENTED_EDGE('',*,*,#3318,.T.);
#5016=ORIENTED_EDGE('',*,*,#3343,.F.);
#5017=ORIENTED_EDGE('',*,*,#3345,.F.);
#5018=ORIENTED_EDGE('',*,*,#3347,.F.);
#5019=ORIENTED_EDGE('',*,*,#3357,.F.);
#5020=ORIENTED_EDGE('',*,*,#3762,.F.);
#5021=ORIENTED_EDGE('',*,*,#3760,.F.);
#5022=ORIENTED_EDGE('',*,*,#3503,.F.);
#5023=ORIENTED_EDGE('',*,*,#3763,.T.);
#5024=ORIENTED_EDGE('',*,*,#3764,.F.);
#5025=ORIENTED_EDGE('',*,*,#3370,.F.);
#5026=ORIENTED_EDGE('',*,*,#3350,.F.);
#5027=ORIENTED_EDGE('',*,*,#3363,.T.);
#5028=ORIENTED_EDGE('',*,*,#3365,.F.);
#5029=ORIENTED_EDGE('',*,*,#3371,.F.);
#5030=ORIENTED_EDGE('',*,*,#3764,.T.);
#5031=ORIENTED_EDGE('',*,*,#3765,.T.);
#5032=ORIENTED_EDGE('',*,*,#3766,.F.);
#5033=ORIENTED_EDGE('',*,*,#3372,.F.);
#5034=ORIENTED_EDGE('',*,*,#3766,.T.);
#5035=ORIENTED_EDGE('',*,*,#3767,.T.);
#5036=ORIENTED_EDGE('',*,*,#3768,.F.);
#5037=ORIENTED_EDGE('',*,*,#3373,.F.);
#5038=ORIENTED_EDGE('',*,*,#3768,.T.);
#5039=ORIENTED_EDGE('',*,*,#3769,.T.);
#5040=ORIENTED_EDGE('',*,*,#3770,.F.);
#5041=ORIENTED_EDGE('',*,*,#3374,.F.);
#5042=ORIENTED_EDGE('',*,*,#3770,.T.);
#5043=ORIENTED_EDGE('',*,*,#3771,.T.);
#5044=ORIENTED_EDGE('',*,*,#3772,.F.);
#5045=ORIENTED_EDGE('',*,*,#3375,.F.);
#5046=ORIENTED_EDGE('',*,*,#3772,.T.);
#5047=ORIENTED_EDGE('',*,*,#3773,.T.);
#5048=ORIENTED_EDGE('',*,*,#3774,.F.);
#5049=ORIENTED_EDGE('',*,*,#3376,.F.);
#5050=ORIENTED_EDGE('',*,*,#3774,.T.);
#5051=ORIENTED_EDGE('',*,*,#3775,.T.);
#5052=ORIENTED_EDGE('',*,*,#3776,.F.);
#5053=ORIENTED_EDGE('',*,*,#3377,.F.);
#5054=ORIENTED_EDGE('',*,*,#3776,.T.);
#5055=ORIENTED_EDGE('',*,*,#3777,.T.);
#5056=ORIENTED_EDGE('',*,*,#3778,.F.);
#5057=ORIENTED_EDGE('',*,*,#3378,.F.);
#5058=ORIENTED_EDGE('',*,*,#3778,.T.);
#5059=ORIENTED_EDGE('',*,*,#3779,.T.);
#5060=ORIENTED_EDGE('',*,*,#3780,.F.);
#5061=ORIENTED_EDGE('',*,*,#3379,.F.);
#5062=ORIENTED_EDGE('',*,*,#3780,.T.);
#5063=ORIENTED_EDGE('',*,*,#3781,.T.);
#5064=ORIENTED_EDGE('',*,*,#3782,.F.);
#5065=ORIENTED_EDGE('',*,*,#3380,.F.);
#5066=ORIENTED_EDGE('',*,*,#3782,.T.);
#5067=ORIENTED_EDGE('',*,*,#3783,.T.);
#5068=ORIENTED_EDGE('',*,*,#3784,.F.);
#5069=ORIENTED_EDGE('',*,*,#3381,.F.);
#5070=ORIENTED_EDGE('',*,*,#3784,.T.);
#5071=ORIENTED_EDGE('',*,*,#3785,.T.);
#5072=ORIENTED_EDGE('',*,*,#3501,.F.);
#5073=ORIENTED_EDGE('',*,*,#3291,.T.);
#5074=ORIENTED_EDGE('',*,*,#3786,.T.);
#5075=ORIENTED_EDGE('',*,*,#3787,.T.);
#5076=ORIENTED_EDGE('',*,*,#3788,.F.);
#5077=ORIENTED_EDGE('',*,*,#3290,.T.);
#5078=ORIENTED_EDGE('',*,*,#3789,.T.);
#5079=ORIENTED_EDGE('',*,*,#3790,.T.);
#5080=ORIENTED_EDGE('',*,*,#3786,.F.);
#5081=ORIENTED_EDGE('',*,*,#3289,.T.);
#5082=ORIENTED_EDGE('',*,*,#3791,.T.);
#5083=ORIENTED_EDGE('',*,*,#3792,.T.);
#5084=ORIENTED_EDGE('',*,*,#3789,.F.);
#5085=ORIENTED_EDGE('',*,*,#3296,.T.);
#5086=ORIENTED_EDGE('',*,*,#3793,.T.);
#5087=ORIENTED_EDGE('',*,*,#3794,.T.);
#5088=ORIENTED_EDGE('',*,*,#3358,.F.);
#5089=ORIENTED_EDGE('',*,*,#3295,.T.);
#5090=ORIENTED_EDGE('',*,*,#3795,.T.);
#5091=ORIENTED_EDGE('',*,*,#3796,.T.);
#5092=ORIENTED_EDGE('',*,*,#3793,.F.);
#5093=ORIENTED_EDGE('',*,*,#3294,.T.);
#5094=ORIENTED_EDGE('',*,*,#3797,.T.);
#5095=ORIENTED_EDGE('',*,*,#3798,.T.);
#5096=ORIENTED_EDGE('',*,*,#3795,.F.);
#5097=ORIENTED_EDGE('',*,*,#3293,.T.);
#5098=ORIENTED_EDGE('',*,*,#3799,.T.);
#5099=ORIENTED_EDGE('',*,*,#3800,.T.);
#5100=ORIENTED_EDGE('',*,*,#3797,.F.);
#5101=ORIENTED_EDGE('',*,*,#3292,.T.);
#5102=ORIENTED_EDGE('',*,*,#3788,.T.);
#5103=ORIENTED_EDGE('',*,*,#3801,.T.);
#5104=ORIENTED_EDGE('',*,*,#3799,.F.);
#5105=ORIENTED_EDGE('',*,*,#3288,.T.);
#5106=ORIENTED_EDGE('',*,*,#3802,.T.);
#5107=ORIENTED_EDGE('',*,*,#3803,.T.);
#5108=ORIENTED_EDGE('',*,*,#3791,.F.);
#5109=ORIENTED_EDGE('',*,*,#3287,.T.);
#5110=ORIENTED_EDGE('',*,*,#3804,.T.);
#5111=ORIENTED_EDGE('',*,*,#3805,.T.);
#5112=ORIENTED_EDGE('',*,*,#3802,.F.);
#5113=ORIENTED_EDGE('',*,*,#3286,.T.);
#5114=ORIENTED_EDGE('',*,*,#3806,.T.);
#5115=ORIENTED_EDGE('',*,*,#3807,.T.);
#5116=ORIENTED_EDGE('',*,*,#3804,.F.);
#5117=ORIENTED_EDGE('',*,*,#3285,.T.);
#5118=ORIENTED_EDGE('',*,*,#3307,.T.);
#5119=ORIENTED_EDGE('',*,*,#3808,.T.);
#5120=ORIENTED_EDGE('',*,*,#3806,.F.);
#5121=ORIENTED_EDGE('',*,*,#3364,.T.);
#5122=ORIENTED_EDGE('',*,*,#3359,.F.);
#5123=ORIENTED_EDGE('',*,*,#3794,.F.);
#5124=ORIENTED_EDGE('',*,*,#3796,.F.);
#5125=ORIENTED_EDGE('',*,*,#3798,.F.);
#5126=ORIENTED_EDGE('',*,*,#3800,.F.);
#5127=ORIENTED_EDGE('',*,*,#3801,.F.);
#5128=ORIENTED_EDGE('',*,*,#3787,.F.);
#5129=ORIENTED_EDGE('',*,*,#3790,.F.);
#5130=ORIENTED_EDGE('',*,*,#3792,.F.);
#5131=ORIENTED_EDGE('',*,*,#3803,.F.);
#5132=ORIENTED_EDGE('',*,*,#3805,.F.);
#5133=ORIENTED_EDGE('',*,*,#3807,.F.);
#5134=ORIENTED_EDGE('',*,*,#3808,.F.);
#5135=ORIENTED_EDGE('',*,*,#3306,.F.);
#5136=ORIENTED_EDGE('',*,*,#3313,.F.);
#5137=ORIENTED_EDGE('',*,*,#3368,.T.);
#5138=ORIENTED_EDGE('',*,*,#3502,.F.);
#5139=ORIENTED_EDGE('',*,*,#3785,.F.);
#5140=ORIENTED_EDGE('',*,*,#3783,.F.);
#5141=ORIENTED_EDGE('',*,*,#3781,.F.);
#5142=ORIENTED_EDGE('',*,*,#3779,.F.);
#5143=ORIENTED_EDGE('',*,*,#3777,.F.);
#5144=ORIENTED_EDGE('',*,*,#3775,.F.);
#5145=ORIENTED_EDGE('',*,*,#3773,.F.);
#5146=ORIENTED_EDGE('',*,*,#3771,.F.);
#5147=ORIENTED_EDGE('',*,*,#3769,.F.);
#5148=ORIENTED_EDGE('',*,*,#3767,.F.);
#5149=ORIENTED_EDGE('',*,*,#3765,.F.);
#5150=ORIENTED_EDGE('',*,*,#3763,.F.);
#5151=ORIENTED_EDGE('',*,*,#3809,.T.);
#5152=ORIENTED_EDGE('',*,*,#3810,.T.);
#5153=ORIENTED_EDGE('',*,*,#3537,.T.);
#5154=ORIENTED_EDGE('',*,*,#3810,.F.);
#5155=ORIENTED_EDGE('',*,*,#3811,.F.);
#5156=ORIENTED_EDGE('',*,*,#3745,.T.);
#5157=ORIENTED_EDGE('',*,*,#3747,.T.);
#5158=ORIENTED_EDGE('',*,*,#3749,.T.);
#5159=ORIENTED_EDGE('',*,*,#3751,.T.);
#5160=ORIENTED_EDGE('',*,*,#3753,.T.);
#5161=ORIENTED_EDGE('',*,*,#3755,.T.);
#5162=ORIENTED_EDGE('',*,*,#3757,.T.);
#5163=ORIENTED_EDGE('',*,*,#3759,.T.);
#5164=ORIENTED_EDGE('',*,*,#3809,.F.);
#5165=ORIENTED_EDGE('',*,*,#3714,.T.);
#5166=ORIENTED_EDGE('',*,*,#3732,.T.);
#5167=ORIENTED_EDGE('',*,*,#3660,.T.);
#5168=ORIENTED_EDGE('',*,*,#3729,.T.);
#5169=ORIENTED_EDGE('',*,*,#3711,.T.);
#5170=ORIENTED_EDGE('',*,*,#3730,.T.);
#5171=ORIENTED_EDGE('',*,*,#3664,.T.);
#5172=ORIENTED_EDGE('',*,*,#3719,.T.);
#5173=ORIENTED_EDGE('',*,*,#3708,.T.);
#5174=ORIENTED_EDGE('',*,*,#3720,.T.);
#5175=ORIENTED_EDGE('',*,*,#3636,.T.);
#5176=ORIENTED_EDGE('',*,*,#3721,.T.);
#5177=ORIENTED_EDGE('',*,*,#3668,.T.);
#5178=ORIENTED_EDGE('',*,*,#3722,.T.);
#5179=ORIENTED_EDGE('',*,*,#3640,.T.);
#5180=ORIENTED_EDGE('',*,*,#3723,.T.);
#5181=ORIENTED_EDGE('',*,*,#3696,.T.);
#5182=ORIENTED_EDGE('',*,*,#3724,.T.);
#5183=ORIENTED_EDGE('',*,*,#3644,.T.);
#5184=ORIENTED_EDGE('',*,*,#3725,.T.);
#5185=ORIENTED_EDGE('',*,*,#3699,.T.);
#5186=ORIENTED_EDGE('',*,*,#3726,.T.);
#5187=ORIENTED_EDGE('',*,*,#3648,.T.);
#5188=ORIENTED_EDGE('',*,*,#3727,.T.);
#5189=ORIENTED_EDGE('',*,*,#3702,.T.);
#5190=ORIENTED_EDGE('',*,*,#3728,.T.);
#5191=ORIENTED_EDGE('',*,*,#3652,.T.);
#5192=ORIENTED_EDGE('',*,*,#3717,.T.);
#5193=ORIENTED_EDGE('',*,*,#3705,.T.);
#5194=ORIENTED_EDGE('',*,*,#3718,.T.);
#5195=ORIENTED_EDGE('',*,*,#3656,.T.);
#5196=ORIENTED_EDGE('',*,*,#3731,.T.);
#5197=ORIENTED_EDGE('',*,*,#3735,.F.);
#5198=ORIENTED_EDGE('',*,*,#3812,.T.);
#5199=ORIENTED_EDGE('',*,*,#3811,.T.);
#5200=ORIENTED_EDGE('',*,*,#3812,.F.);
#5201=ORIENTED_EDGE('',*,*,#3813,.T.);
#5202=ORIENTED_EDGE('',*,*,#3814,.T.);
#5203=ORIENTED_EDGE('',*,*,#3815,.T.);
#5204=ORIENTED_EDGE('',*,*,#3816,.T.);
#5205=ORIENTED_EDGE('',*,*,#3817,.T.);
#5206=ORIENTED_EDGE('',*,*,#3818,.T.);
#5207=ORIENTED_EDGE('',*,*,#3815,.F.);
#5208=ORIENTED_EDGE('',*,*,#3819,.T.);
#5209=ORIENTED_EDGE('',*,*,#3820,.T.);
#5210=ORIENTED_EDGE('',*,*,#3821,.T.);
#5211=ORIENTED_EDGE('',*,*,#3817,.F.);
#5212=ORIENTED_EDGE('',*,*,#3822,.T.);
#5213=ORIENTED_EDGE('',*,*,#3823,.T.);
#5214=ORIENTED_EDGE('',*,*,#3824,.T.);
#5215=ORIENTED_EDGE('',*,*,#3820,.F.);
#5216=ORIENTED_EDGE('',*,*,#3825,.T.);
#5217=ORIENTED_EDGE('',*,*,#3826,.T.);
#5218=ORIENTED_EDGE('',*,*,#3827,.T.);
#5219=ORIENTED_EDGE('',*,*,#3823,.F.);
#5220=ORIENTED_EDGE('',*,*,#3828,.T.);
#5221=ORIENTED_EDGE('',*,*,#3829,.T.);
#5222=ORIENTED_EDGE('',*,*,#3830,.T.);
#5223=ORIENTED_EDGE('',*,*,#3826,.F.);
#5224=ORIENTED_EDGE('',*,*,#3831,.T.);
#5225=ORIENTED_EDGE('',*,*,#3832,.T.);
#5226=ORIENTED_EDGE('',*,*,#3833,.T.);
#5227=ORIENTED_EDGE('',*,*,#3829,.F.);
#5228=ORIENTED_EDGE('',*,*,#3834,.T.);
#5229=ORIENTED_EDGE('',*,*,#3813,.F.);
#5230=ORIENTED_EDGE('',*,*,#3835,.T.);
#5231=ORIENTED_EDGE('',*,*,#3832,.F.);
#5232=ORIENTED_EDGE('',*,*,#3836,.T.);
#5233=ORIENTED_EDGE('',*,*,#3825,.F.);
#5234=ORIENTED_EDGE('',*,*,#3837,.T.);
#5235=ORIENTED_EDGE('',*,*,#3838,.T.);
#5236=ORIENTED_EDGE('',*,*,#3839,.F.);
#5237=ORIENTED_EDGE('',*,*,#3822,.F.);
#5238=ORIENTED_EDGE('',*,*,#3840,.T.);
#5239=ORIENTED_EDGE('',*,*,#3841,.T.);
#5240=ORIENTED_EDGE('',*,*,#3837,.F.);
#5241=ORIENTED_EDGE('',*,*,#3819,.F.);
#5242=ORIENTED_EDGE('',*,*,#3842,.T.);
#5243=ORIENTED_EDGE('',*,*,#3843,.T.);
#5244=ORIENTED_EDGE('',*,*,#3840,.F.);
#5245=ORIENTED_EDGE('',*,*,#3814,.F.);
#5246=ORIENTED_EDGE('',*,*,#3844,.T.);
#5247=ORIENTED_EDGE('',*,*,#3845,.T.);
#5248=ORIENTED_EDGE('',*,*,#3842,.F.);
#5249=ORIENTED_EDGE('',*,*,#3816,.F.);
#5250=ORIENTED_EDGE('',*,*,#3818,.F.);
#5251=ORIENTED_EDGE('',*,*,#3821,.F.);
#5252=ORIENTED_EDGE('',*,*,#3824,.F.);
#5253=ORIENTED_EDGE('',*,*,#3827,.F.);
#5254=ORIENTED_EDGE('',*,*,#3830,.F.);
#5255=ORIENTED_EDGE('',*,*,#3833,.F.);
#5256=ORIENTED_EDGE('',*,*,#3835,.F.);
#5257=ORIENTED_EDGE('',*,*,#3831,.F.);
#5258=ORIENTED_EDGE('',*,*,#3846,.T.);
#5259=ORIENTED_EDGE('',*,*,#3847,.T.);
#5260=ORIENTED_EDGE('',*,*,#3848,.F.);
#5261=ORIENTED_EDGE('',*,*,#3834,.F.);
#5262=ORIENTED_EDGE('',*,*,#3848,.T.);
#5263=ORIENTED_EDGE('',*,*,#3849,.T.);
#5264=ORIENTED_EDGE('',*,*,#3850,.F.);
#5265=ORIENTED_EDGE('',*,*,#3836,.F.);
#5266=ORIENTED_EDGE('',*,*,#3850,.T.);
#5267=ORIENTED_EDGE('',*,*,#3851,.T.);
#5268=ORIENTED_EDGE('',*,*,#3844,.F.);
#5269=ORIENTED_EDGE('',*,*,#3828,.F.);
#5270=ORIENTED_EDGE('',*,*,#3839,.T.);
#5271=ORIENTED_EDGE('',*,*,#3852,.T.);
#5272=ORIENTED_EDGE('',*,*,#3846,.F.);
#5273=ORIENTED_EDGE('',*,*,#3853,.F.);
#5274=ORIENTED_EDGE('',*,*,#3854,.T.);
#5275=ORIENTED_EDGE('',*,*,#3855,.T.);
#5276=ORIENTED_EDGE('',*,*,#3856,.F.);
#5277=ORIENTED_EDGE('',*,*,#3857,.F.);
#5278=ORIENTED_EDGE('',*,*,#3858,.T.);
#5279=ORIENTED_EDGE('',*,*,#3859,.T.);
#5280=ORIENTED_EDGE('',*,*,#3854,.F.);
#5281=ORIENTED_EDGE('',*,*,#3860,.F.);
#5282=ORIENTED_EDGE('',*,*,#3861,.T.);
#5283=ORIENTED_EDGE('',*,*,#3862,.T.);
#5284=ORIENTED_EDGE('',*,*,#3858,.F.);
#5285=ORIENTED_EDGE('',*,*,#3863,.F.);
#5286=ORIENTED_EDGE('',*,*,#3864,.T.);
#5287=ORIENTED_EDGE('',*,*,#3865,.T.);
#5288=ORIENTED_EDGE('',*,*,#3861,.F.);
#5289=ORIENTED_EDGE('',*,*,#3866,.F.);
#5290=ORIENTED_EDGE('',*,*,#3867,.T.);
#5291=ORIENTED_EDGE('',*,*,#3868,.T.);
#5292=ORIENTED_EDGE('',*,*,#3864,.F.);
#5293=ORIENTED_EDGE('',*,*,#3869,.F.);
#5294=ORIENTED_EDGE('',*,*,#3870,.T.);
#5295=ORIENTED_EDGE('',*,*,#3871,.T.);
#5296=ORIENTED_EDGE('',*,*,#3867,.F.);
#5297=ORIENTED_EDGE('',*,*,#3872,.F.);
#5298=ORIENTED_EDGE('',*,*,#3873,.T.);
#5299=ORIENTED_EDGE('',*,*,#3874,.T.);
#5300=ORIENTED_EDGE('',*,*,#3870,.F.);
#5301=ORIENTED_EDGE('',*,*,#3875,.F.);
#5302=ORIENTED_EDGE('',*,*,#3856,.T.);
#5303=ORIENTED_EDGE('',*,*,#3876,.T.);
#5304=ORIENTED_EDGE('',*,*,#3873,.F.);
#5305=ORIENTED_EDGE('',*,*,#3876,.F.);
#5306=ORIENTED_EDGE('',*,*,#3855,.F.);
#5307=ORIENTED_EDGE('',*,*,#3859,.F.);
#5308=ORIENTED_EDGE('',*,*,#3862,.F.);
#5309=ORIENTED_EDGE('',*,*,#3865,.F.);
#5310=ORIENTED_EDGE('',*,*,#3868,.F.);
#5311=ORIENTED_EDGE('',*,*,#3871,.F.);
#5312=ORIENTED_EDGE('',*,*,#3874,.F.);
#5313=ORIENTED_EDGE('',*,*,#3847,.F.);
#5314=ORIENTED_EDGE('',*,*,#3852,.F.);
#5315=ORIENTED_EDGE('',*,*,#3838,.F.);
#5316=ORIENTED_EDGE('',*,*,#3841,.F.);
#5317=ORIENTED_EDGE('',*,*,#3843,.F.);
#5318=ORIENTED_EDGE('',*,*,#3845,.F.);
#5319=ORIENTED_EDGE('',*,*,#3851,.F.);
#5320=ORIENTED_EDGE('',*,*,#3849,.F.);
#5321=ORIENTED_EDGE('',*,*,#3877,.F.);
#5322=ORIENTED_EDGE('',*,*,#3878,.F.);
#5323=ORIENTED_EDGE('',*,*,#3879,.F.);
#5324=ORIENTED_EDGE('',*,*,#3880,.F.);
#5325=ORIENTED_EDGE('',*,*,#3881,.F.);
#5326=ORIENTED_EDGE('',*,*,#3882,.F.);
#5327=ORIENTED_EDGE('',*,*,#3353,.F.);
#5328=ORIENTED_EDGE('',*,*,#3883,.F.);
#5329=ORIENTED_EDGE('',*,*,#3884,.F.);
#5330=ORIENTED_EDGE('',*,*,#3885,.T.);
#5331=ORIENTED_EDGE('',*,*,#3886,.F.);
#5332=ORIENTED_EDGE('',*,*,#3887,.F.);
#5333=ORIENTED_EDGE('',*,*,#3888,.F.);
#5334=ORIENTED_EDGE('',*,*,#3889,.F.);
#5335=ORIENTED_EDGE('',*,*,#3890,.F.);
#5336=ORIENTED_EDGE('',*,*,#3891,.F.);
#5337=ORIENTED_EDGE('',*,*,#3853,.T.);
#5338=ORIENTED_EDGE('',*,*,#3875,.T.);
#5339=ORIENTED_EDGE('',*,*,#3872,.T.);
#5340=ORIENTED_EDGE('',*,*,#3869,.T.);
#5341=ORIENTED_EDGE('',*,*,#3866,.T.);
#5342=ORIENTED_EDGE('',*,*,#3863,.T.);
#5343=ORIENTED_EDGE('',*,*,#3860,.T.);
#5344=ORIENTED_EDGE('',*,*,#3857,.T.);
#5345=ORIENTED_EDGE('',*,*,#3884,.T.);
#5346=ORIENTED_EDGE('',*,*,#3892,.T.);
#5347=ORIENTED_EDGE('',*,*,#3893,.T.);
#5348=ORIENTED_EDGE('',*,*,#3892,.F.);
#5349=ORIENTED_EDGE('',*,*,#3893,.F.);
#5350=ORIENTED_EDGE('',*,*,#3894,.T.);
#5351=ORIENTED_EDGE('',*,*,#3895,.T.);
#5352=ORIENTED_EDGE('',*,*,#3894,.F.);
#5353=ORIENTED_EDGE('',*,*,#3891,.T.);
#5354=ORIENTED_EDGE('',*,*,#3896,.T.);
#5355=ORIENTED_EDGE('',*,*,#3897,.T.);
#5356=ORIENTED_EDGE('',*,*,#3896,.F.);
#5357=ORIENTED_EDGE('',*,*,#3897,.F.);
#5358=ORIENTED_EDGE('',*,*,#3898,.T.);
#5359=ORIENTED_EDGE('',*,*,#3899,.T.);
#5360=ORIENTED_EDGE('',*,*,#3898,.F.);
#5361=ORIENTED_EDGE('',*,*,#3895,.F.);
#5362=ORIENTED_EDGE('',*,*,#3899,.F.);
#5363=ORIENTED_EDGE('',*,*,#3900,.T.);
#5364=ORIENTED_EDGE('',*,*,#3901,.T.);
#5365=ORIENTED_EDGE('',*,*,#3890,.T.);
#5366=ORIENTED_EDGE('',*,*,#3901,.F.);
#5367=ORIENTED_EDGE('',*,*,#3902,.F.);
#5368=ORIENTED_EDGE('',*,*,#3903,.F.);
#5369=ORIENTED_EDGE('',*,*,#3900,.F.);
#5370=ORIENTED_EDGE('',*,*,#3904,.T.);
#5371=ORIENTED_EDGE('',*,*,#3905,.T.);
#5372=ORIENTED_EDGE('',*,*,#3906,.T.);
#5373=ORIENTED_EDGE('',*,*,#3905,.F.);
#5374=ORIENTED_EDGE('',*,*,#3904,.F.);
#5375=ORIENTED_EDGE('',*,*,#3907,.F.);
#5376=ORIENTED_EDGE('',*,*,#3908,.F.);
#5377=ORIENTED_EDGE('',*,*,#3909,.F.);
#5378=ORIENTED_EDGE('',*,*,#3910,.F.);
#5379=ORIENTED_EDGE('',*,*,#3911,.F.);
#5380=ORIENTED_EDGE('',*,*,#3912,.F.);
#5381=ORIENTED_EDGE('',*,*,#3913,.T.);
#5382=ORIENTED_EDGE('',*,*,#3914,.F.);
#5383=ORIENTED_EDGE('',*,*,#3915,.F.);
#5384=ORIENTED_EDGE('',*,*,#3916,.F.);
#5385=ORIENTED_EDGE('',*,*,#3917,.F.);
#5386=ORIENTED_EDGE('',*,*,#3918,.F.);
#5387=ORIENTED_EDGE('',*,*,#3919,.F.);
#5388=ORIENTED_EDGE('',*,*,#3906,.F.);
#5389=ORIENTED_EDGE('',*,*,#3920,.T.);
#5390=ORIENTED_EDGE('',*,*,#3903,.T.);
#5391=ORIENTED_EDGE('',*,*,#3902,.T.);
#5392=ORIENTED_EDGE('',*,*,#3920,.F.);
#5393=ORIENTED_EDGE('',*,*,#3907,.T.);
#5394=ORIENTED_EDGE('',*,*,#3921,.T.);
#5395=ORIENTED_EDGE('',*,*,#3922,.T.);
#5396=ORIENTED_EDGE('',*,*,#3921,.F.);
#5397=ORIENTED_EDGE('',*,*,#3922,.F.);
#5398=ORIENTED_EDGE('',*,*,#3923,.T.);
#5399=ORIENTED_EDGE('',*,*,#3924,.T.);
#5400=ORIENTED_EDGE('',*,*,#3923,.F.);
#5401=ORIENTED_EDGE('',*,*,#3919,.T.);
#5402=ORIENTED_EDGE('',*,*,#3925,.T.);
#5403=ORIENTED_EDGE('',*,*,#3926,.T.);
#5404=ORIENTED_EDGE('',*,*,#3925,.F.);
#5405=ORIENTED_EDGE('',*,*,#3926,.F.);
#5406=ORIENTED_EDGE('',*,*,#3927,.T.);
#5407=ORIENTED_EDGE('',*,*,#3928,.T.);
#5408=ORIENTED_EDGE('',*,*,#3927,.F.);
#5409=ORIENTED_EDGE('',*,*,#3908,.T.);
#5410=ORIENTED_EDGE('',*,*,#3929,.T.);
#5411=ORIENTED_EDGE('',*,*,#3930,.T.);
#5412=ORIENTED_EDGE('',*,*,#3929,.F.);
#5413=ORIENTED_EDGE('',*,*,#3930,.F.);
#5414=ORIENTED_EDGE('',*,*,#3931,.T.);
#5415=ORIENTED_EDGE('',*,*,#3932,.T.);
#5416=ORIENTED_EDGE('',*,*,#3931,.F.);
#5417=ORIENTED_EDGE('',*,*,#3918,.T.);
#5418=ORIENTED_EDGE('',*,*,#3933,.T.);
#5419=ORIENTED_EDGE('',*,*,#3934,.T.);
#5420=ORIENTED_EDGE('',*,*,#3933,.F.);
#5421=ORIENTED_EDGE('',*,*,#3934,.F.);
#5422=ORIENTED_EDGE('',*,*,#3935,.T.);
#5423=ORIENTED_EDGE('',*,*,#3936,.T.);
#5424=ORIENTED_EDGE('',*,*,#3935,.F.);
#5425=ORIENTED_EDGE('',*,*,#3909,.T.);
#5426=ORIENTED_EDGE('',*,*,#3937,.T.);
#5427=ORIENTED_EDGE('',*,*,#3938,.T.);
#5428=ORIENTED_EDGE('',*,*,#3937,.F.);
#5429=ORIENTED_EDGE('',*,*,#3938,.F.);
#5430=ORIENTED_EDGE('',*,*,#3939,.T.);
#5431=ORIENTED_EDGE('',*,*,#3940,.T.);
#5432=ORIENTED_EDGE('',*,*,#3939,.F.);
#5433=ORIENTED_EDGE('',*,*,#3917,.T.);
#5434=ORIENTED_EDGE('',*,*,#3941,.T.);
#5435=ORIENTED_EDGE('',*,*,#3942,.T.);
#5436=ORIENTED_EDGE('',*,*,#3941,.F.);
#5437=ORIENTED_EDGE('',*,*,#3942,.F.);
#5438=ORIENTED_EDGE('',*,*,#3943,.T.);
#5439=ORIENTED_EDGE('',*,*,#3944,.T.);
#5440=ORIENTED_EDGE('',*,*,#3943,.F.);
#5441=ORIENTED_EDGE('',*,*,#3910,.T.);
#5442=ORIENTED_EDGE('',*,*,#3945,.T.);
#5443=ORIENTED_EDGE('',*,*,#3946,.T.);
#5444=ORIENTED_EDGE('',*,*,#3945,.F.);
#5445=ORIENTED_EDGE('',*,*,#3946,.F.);
#5446=ORIENTED_EDGE('',*,*,#3947,.T.);
#5447=ORIENTED_EDGE('',*,*,#3948,.T.);
#5448=ORIENTED_EDGE('',*,*,#3947,.F.);
#5449=ORIENTED_EDGE('',*,*,#3916,.T.);
#5450=ORIENTED_EDGE('',*,*,#3949,.T.);
#5451=ORIENTED_EDGE('',*,*,#3950,.T.);
#5452=ORIENTED_EDGE('',*,*,#3949,.F.);
#5453=ORIENTED_EDGE('',*,*,#3950,.F.);
#5454=ORIENTED_EDGE('',*,*,#3951,.T.);
#5455=ORIENTED_EDGE('',*,*,#3952,.T.);
#5456=ORIENTED_EDGE('',*,*,#3951,.F.);
#5457=ORIENTED_EDGE('',*,*,#3911,.T.);
#5458=ORIENTED_EDGE('',*,*,#3953,.T.);
#5459=ORIENTED_EDGE('',*,*,#3954,.T.);
#5460=ORIENTED_EDGE('',*,*,#3953,.F.);
#5461=ORIENTED_EDGE('',*,*,#3954,.F.);
#5462=ORIENTED_EDGE('',*,*,#3955,.T.);
#5463=ORIENTED_EDGE('',*,*,#3956,.T.);
#5464=ORIENTED_EDGE('',*,*,#3955,.F.);
#5465=ORIENTED_EDGE('',*,*,#3915,.T.);
#5466=ORIENTED_EDGE('',*,*,#3957,.T.);
#5467=ORIENTED_EDGE('',*,*,#3958,.T.);
#5468=ORIENTED_EDGE('',*,*,#3957,.F.);
#5469=ORIENTED_EDGE('',*,*,#3958,.F.);
#5470=ORIENTED_EDGE('',*,*,#3959,.T.);
#5471=ORIENTED_EDGE('',*,*,#3960,.T.);
#5472=ORIENTED_EDGE('',*,*,#3959,.F.);
#5473=ORIENTED_EDGE('',*,*,#3912,.T.);
#5474=ORIENTED_EDGE('',*,*,#3961,.T.);
#5475=ORIENTED_EDGE('',*,*,#3962,.T.);
#5476=ORIENTED_EDGE('',*,*,#3961,.F.);
#5477=ORIENTED_EDGE('',*,*,#3962,.F.);
#5478=ORIENTED_EDGE('',*,*,#3963,.T.);
#5479=ORIENTED_EDGE('',*,*,#3964,.T.);
#5480=ORIENTED_EDGE('',*,*,#3963,.F.);
#5481=ORIENTED_EDGE('',*,*,#3914,.T.);
#5482=ORIENTED_EDGE('',*,*,#3965,.T.);
#5483=ORIENTED_EDGE('',*,*,#3966,.T.);
#5484=ORIENTED_EDGE('',*,*,#3965,.F.);
#5485=ORIENTED_EDGE('',*,*,#3966,.F.);
#5486=ORIENTED_EDGE('',*,*,#3967,.T.);
#5487=ORIENTED_EDGE('',*,*,#3968,.T.);
#5488=ORIENTED_EDGE('',*,*,#3967,.F.);
#5489=ORIENTED_EDGE('',*,*,#3964,.F.);
#5490=ORIENTED_EDGE('',*,*,#3968,.F.);
#5491=ORIENTED_EDGE('',*,*,#3956,.F.);
#5492=ORIENTED_EDGE('',*,*,#3960,.F.);
#5493=ORIENTED_EDGE('',*,*,#3969,.F.);
#5494=ORIENTED_EDGE('',*,*,#3970,.T.);
#5495=ORIENTED_EDGE('',*,*,#3971,.T.);
#5496=ORIENTED_EDGE('',*,*,#3972,.F.);
#5497=ORIENTED_EDGE('',*,*,#3973,.F.);
#5498=ORIENTED_EDGE('',*,*,#3974,.T.);
#5499=ORIENTED_EDGE('',*,*,#3975,.T.);
#5500=ORIENTED_EDGE('',*,*,#3970,.F.);
#5501=ORIENTED_EDGE('',*,*,#3976,.F.);
#5502=ORIENTED_EDGE('',*,*,#3977,.T.);
#5503=ORIENTED_EDGE('',*,*,#3978,.T.);
#5504=ORIENTED_EDGE('',*,*,#3974,.F.);
#5505=ORIENTED_EDGE('',*,*,#3979,.F.);
#5506=ORIENTED_EDGE('',*,*,#3980,.T.);
#5507=ORIENTED_EDGE('',*,*,#3981,.T.);
#5508=ORIENTED_EDGE('',*,*,#3977,.F.);
#5509=ORIENTED_EDGE('',*,*,#3982,.F.);
#5510=ORIENTED_EDGE('',*,*,#3983,.T.);
#5511=ORIENTED_EDGE('',*,*,#3984,.T.);
#5512=ORIENTED_EDGE('',*,*,#3980,.F.);
#5513=ORIENTED_EDGE('',*,*,#3985,.F.);
#5514=ORIENTED_EDGE('',*,*,#3972,.T.);
#5515=ORIENTED_EDGE('',*,*,#3986,.T.);
#5516=ORIENTED_EDGE('',*,*,#3983,.F.);
#5517=ORIENTED_EDGE('',*,*,#3986,.F.);
#5518=ORIENTED_EDGE('',*,*,#3971,.F.);
#5519=ORIENTED_EDGE('',*,*,#3975,.F.);
#5520=ORIENTED_EDGE('',*,*,#3978,.F.);
#5521=ORIENTED_EDGE('',*,*,#3981,.F.);
#5522=ORIENTED_EDGE('',*,*,#3984,.F.);
#5523=ORIENTED_EDGE('',*,*,#3987,.T.);
#5524=ORIENTED_EDGE('',*,*,#3988,.F.);
#5525=ORIENTED_EDGE('',*,*,#3987,.F.);
#5526=ORIENTED_EDGE('',*,*,#3989,.T.);
#5527=ORIENTED_EDGE('',*,*,#3913,.F.);
#5528=ORIENTED_EDGE('',*,*,#3989,.F.);
#5529=ORIENTED_EDGE('',*,*,#3990,.F.);
#5530=ORIENTED_EDGE('',*,*,#3991,.T.);
#5531=ORIENTED_EDGE('',*,*,#3988,.T.);
#5532=ORIENTED_EDGE('',*,*,#3991,.F.);
#5533=ORIENTED_EDGE('',*,*,#3990,.T.);
#5534=ORIENTED_EDGE('',*,*,#3969,.T.);
#5535=ORIENTED_EDGE('',*,*,#3985,.T.);
#5536=ORIENTED_EDGE('',*,*,#3982,.T.);
#5537=ORIENTED_EDGE('',*,*,#3979,.T.);
#5538=ORIENTED_EDGE('',*,*,#3976,.T.);
#5539=ORIENTED_EDGE('',*,*,#3973,.T.);
#5540=ORIENTED_EDGE('',*,*,#3928,.F.);
#5541=ORIENTED_EDGE('',*,*,#3936,.F.);
#5542=ORIENTED_EDGE('',*,*,#3944,.F.);
#5543=ORIENTED_EDGE('',*,*,#3932,.F.);
#5544=ORIENTED_EDGE('',*,*,#3924,.F.);
#5545=ORIENTED_EDGE('',*,*,#3948,.F.);
#5546=ORIENTED_EDGE('',*,*,#3940,.F.);
#5547=ORIENTED_EDGE('',*,*,#3952,.F.);
#5548=ORIENTED_EDGE('',*,*,#3992,.T.);
#5549=ORIENTED_EDGE('',*,*,#3993,.T.);
#5550=ORIENTED_EDGE('',*,*,#3994,.T.);
#5551=ORIENTED_EDGE('',*,*,#3993,.F.);
#5552=ORIENTED_EDGE('',*,*,#3995,.F.);
#5553=ORIENTED_EDGE('',*,*,#3996,.F.);
#5554=ORIENTED_EDGE('',*,*,#3992,.F.);
#5555=ORIENTED_EDGE('',*,*,#3997,.F.);
#5556=ORIENTED_EDGE('',*,*,#3998,.F.);
#5557=ORIENTED_EDGE('',*,*,#3994,.F.);
#5558=ORIENTED_EDGE('',*,*,#3997,.T.);
#5559=ORIENTED_EDGE('',*,*,#3999,.T.);
#5560=ORIENTED_EDGE('',*,*,#4000,.F.);
#5561=ORIENTED_EDGE('',*,*,#3999,.F.);
#5562=ORIENTED_EDGE('',*,*,#3998,.T.);
#5563=ORIENTED_EDGE('',*,*,#4001,.F.);
#5564=ORIENTED_EDGE('',*,*,#4002,.T.);
#5565=ORIENTED_EDGE('',*,*,#4003,.T.);
#5566=ORIENTED_EDGE('',*,*,#4004,.F.);
#5567=ORIENTED_EDGE('',*,*,#4005,.F.);
#5568=ORIENTED_EDGE('',*,*,#4006,.T.);
#5569=ORIENTED_EDGE('',*,*,#4007,.T.);
#5570=ORIENTED_EDGE('',*,*,#4002,.F.);
#5571=ORIENTED_EDGE('',*,*,#4008,.F.);
#5572=ORIENTED_EDGE('',*,*,#4009,.T.);
#5573=ORIENTED_EDGE('',*,*,#4010,.T.);
#5574=ORIENTED_EDGE('',*,*,#4006,.F.);
#5575=ORIENTED_EDGE('',*,*,#4011,.F.);
#5576=ORIENTED_EDGE('',*,*,#4012,.T.);
#5577=ORIENTED_EDGE('',*,*,#4013,.T.);
#5578=ORIENTED_EDGE('',*,*,#4009,.F.);
#5579=ORIENTED_EDGE('',*,*,#4014,.F.);
#5580=ORIENTED_EDGE('',*,*,#4015,.T.);
#5581=ORIENTED_EDGE('',*,*,#4016,.T.);
#5582=ORIENTED_EDGE('',*,*,#4012,.F.);
#5583=ORIENTED_EDGE('',*,*,#4017,.F.);
#5584=ORIENTED_EDGE('',*,*,#4018,.T.);
#5585=ORIENTED_EDGE('',*,*,#4019,.T.);
#5586=ORIENTED_EDGE('',*,*,#4015,.F.);
#5587=ORIENTED_EDGE('',*,*,#4020,.F.);
#5588=ORIENTED_EDGE('',*,*,#4021,.T.);
#5589=ORIENTED_EDGE('',*,*,#4022,.T.);
#5590=ORIENTED_EDGE('',*,*,#4018,.F.);
#5591=ORIENTED_EDGE('',*,*,#4023,.F.);
#5592=ORIENTED_EDGE('',*,*,#4024,.T.);
#5593=ORIENTED_EDGE('',*,*,#4025,.T.);
#5594=ORIENTED_EDGE('',*,*,#4021,.F.);
#5595=ORIENTED_EDGE('',*,*,#4026,.F.);
#5596=ORIENTED_EDGE('',*,*,#4027,.T.);
#5597=ORIENTED_EDGE('',*,*,#4028,.T.);
#5598=ORIENTED_EDGE('',*,*,#4024,.F.);
#5599=ORIENTED_EDGE('',*,*,#4029,.F.);
#5600=ORIENTED_EDGE('',*,*,#4030,.T.);
#5601=ORIENTED_EDGE('',*,*,#4031,.T.);
#5602=ORIENTED_EDGE('',*,*,#4027,.F.);
#5603=ORIENTED_EDGE('',*,*,#4032,.F.);
#5604=ORIENTED_EDGE('',*,*,#4033,.T.);
#5605=ORIENTED_EDGE('',*,*,#4034,.T.);
#5606=ORIENTED_EDGE('',*,*,#4030,.F.);
#5607=ORIENTED_EDGE('',*,*,#4035,.F.);
#5608=ORIENTED_EDGE('',*,*,#4036,.T.);
#5609=ORIENTED_EDGE('',*,*,#4037,.T.);
#5610=ORIENTED_EDGE('',*,*,#4033,.F.);
#5611=ORIENTED_EDGE('',*,*,#4038,.F.);
#5612=ORIENTED_EDGE('',*,*,#4039,.T.);
#5613=ORIENTED_EDGE('',*,*,#4040,.T.);
#5614=ORIENTED_EDGE('',*,*,#4036,.F.);
#5615=ORIENTED_EDGE('',*,*,#4041,.F.);
#5616=ORIENTED_EDGE('',*,*,#4042,.T.);
#5617=ORIENTED_EDGE('',*,*,#4043,.T.);
#5618=ORIENTED_EDGE('',*,*,#4039,.F.);
#5619=ORIENTED_EDGE('',*,*,#4044,.F.);
#5620=ORIENTED_EDGE('',*,*,#4045,.T.);
#5621=ORIENTED_EDGE('',*,*,#4046,.T.);
#5622=ORIENTED_EDGE('',*,*,#4042,.F.);
#5623=ORIENTED_EDGE('',*,*,#4047,.F.);
#5624=ORIENTED_EDGE('',*,*,#4004,.T.);
#5625=ORIENTED_EDGE('',*,*,#4048,.T.);
#5626=ORIENTED_EDGE('',*,*,#4045,.F.);
#5627=ORIENTED_EDGE('',*,*,#4048,.F.);
#5628=ORIENTED_EDGE('',*,*,#4003,.F.);
#5629=ORIENTED_EDGE('',*,*,#4007,.F.);
#5630=ORIENTED_EDGE('',*,*,#4010,.F.);
#5631=ORIENTED_EDGE('',*,*,#4013,.F.);
#5632=ORIENTED_EDGE('',*,*,#4016,.F.);
#5633=ORIENTED_EDGE('',*,*,#4019,.F.);
#5634=ORIENTED_EDGE('',*,*,#4022,.F.);
#5635=ORIENTED_EDGE('',*,*,#4025,.F.);
#5636=ORIENTED_EDGE('',*,*,#4028,.F.);
#5637=ORIENTED_EDGE('',*,*,#4031,.F.);
#5638=ORIENTED_EDGE('',*,*,#4034,.F.);
#5639=ORIENTED_EDGE('',*,*,#4037,.F.);
#5640=ORIENTED_EDGE('',*,*,#4040,.F.);
#5641=ORIENTED_EDGE('',*,*,#4043,.F.);
#5642=ORIENTED_EDGE('',*,*,#4046,.F.);
#5643=ORIENTED_EDGE('',*,*,#4049,.T.);
#5644=ORIENTED_EDGE('',*,*,#4050,.T.);
#5645=ORIENTED_EDGE('',*,*,#3996,.T.);
#5646=ORIENTED_EDGE('',*,*,#3995,.T.);
#5647=ORIENTED_EDGE('',*,*,#4050,.F.);
#5648=ORIENTED_EDGE('',*,*,#3885,.F.);
#5649=ORIENTED_EDGE('',*,*,#4051,.T.);
#5650=ORIENTED_EDGE('',*,*,#4052,.T.);
#5651=ORIENTED_EDGE('',*,*,#4051,.F.);
#5652=ORIENTED_EDGE('',*,*,#4052,.F.);
#5653=ORIENTED_EDGE('',*,*,#4049,.F.);
#5654=ORIENTED_EDGE('',*,*,#4053,.F.);
#5655=ORIENTED_EDGE('',*,*,#4054,.T.);
#5656=ORIENTED_EDGE('',*,*,#4055,.T.);
#5657=ORIENTED_EDGE('',*,*,#4056,.F.);
#5658=ORIENTED_EDGE('',*,*,#4057,.F.);
#5659=ORIENTED_EDGE('',*,*,#4058,.T.);
#5660=ORIENTED_EDGE('',*,*,#4059,.T.);
#5661=ORIENTED_EDGE('',*,*,#4054,.F.);
#5662=ORIENTED_EDGE('',*,*,#4060,.F.);
#5663=ORIENTED_EDGE('',*,*,#4061,.T.);
#5664=ORIENTED_EDGE('',*,*,#4062,.T.);
#5665=ORIENTED_EDGE('',*,*,#4058,.F.);
#5666=ORIENTED_EDGE('',*,*,#4063,.F.);
#5667=ORIENTED_EDGE('',*,*,#4064,.T.);
#5668=ORIENTED_EDGE('',*,*,#4065,.T.);
#5669=ORIENTED_EDGE('',*,*,#4061,.F.);
#5670=ORIENTED_EDGE('',*,*,#4066,.F.);
#5671=ORIENTED_EDGE('',*,*,#4067,.T.);
#5672=ORIENTED_EDGE('',*,*,#4068,.T.);
#5673=ORIENTED_EDGE('',*,*,#4064,.F.);
#5674=ORIENTED_EDGE('',*,*,#4069,.F.);
#5675=ORIENTED_EDGE('',*,*,#4056,.T.);
#5676=ORIENTED_EDGE('',*,*,#4070,.T.);
#5677=ORIENTED_EDGE('',*,*,#4067,.F.);
#5678=ORIENTED_EDGE('',*,*,#4070,.F.);
#5679=ORIENTED_EDGE('',*,*,#4055,.F.);
#5680=ORIENTED_EDGE('',*,*,#4059,.F.);
#5681=ORIENTED_EDGE('',*,*,#4062,.F.);
#5682=ORIENTED_EDGE('',*,*,#4065,.F.);
#5683=ORIENTED_EDGE('',*,*,#4068,.F.);
#5684=ORIENTED_EDGE('',*,*,#4071,.F.);
#5685=ORIENTED_EDGE('',*,*,#4072,.T.);
#5686=ORIENTED_EDGE('',*,*,#4073,.T.);
#5687=ORIENTED_EDGE('',*,*,#4074,.F.);
#5688=ORIENTED_EDGE('',*,*,#4075,.F.);
#5689=ORIENTED_EDGE('',*,*,#4076,.T.);
#5690=ORIENTED_EDGE('',*,*,#4077,.T.);
#5691=ORIENTED_EDGE('',*,*,#4072,.F.);
#5692=ORIENTED_EDGE('',*,*,#4078,.F.);
#5693=ORIENTED_EDGE('',*,*,#4079,.T.);
#5694=ORIENTED_EDGE('',*,*,#4080,.T.);
#5695=ORIENTED_EDGE('',*,*,#4076,.F.);
#5696=ORIENTED_EDGE('',*,*,#4081,.F.);
#5697=ORIENTED_EDGE('',*,*,#4082,.T.);
#5698=ORIENTED_EDGE('',*,*,#4083,.T.);
#5699=ORIENTED_EDGE('',*,*,#4079,.F.);
#5700=ORIENTED_EDGE('',*,*,#4084,.F.);
#5701=ORIENTED_EDGE('',*,*,#4085,.T.);
#5702=ORIENTED_EDGE('',*,*,#4086,.T.);
#5703=ORIENTED_EDGE('',*,*,#4082,.F.);
#5704=ORIENTED_EDGE('',*,*,#4087,.F.);
#5705=ORIENTED_EDGE('',*,*,#4074,.T.);
#5706=ORIENTED_EDGE('',*,*,#4088,.T.);
#5707=ORIENTED_EDGE('',*,*,#4085,.F.);
#5708=ORIENTED_EDGE('',*,*,#4088,.F.);
#5709=ORIENTED_EDGE('',*,*,#4073,.F.);
#5710=ORIENTED_EDGE('',*,*,#4077,.F.);
#5711=ORIENTED_EDGE('',*,*,#4080,.F.);
#5712=ORIENTED_EDGE('',*,*,#4083,.F.);
#5713=ORIENTED_EDGE('',*,*,#4086,.F.);
#5714=ORIENTED_EDGE('',*,*,#4089,.F.);
#5715=ORIENTED_EDGE('',*,*,#4090,.T.);
#5716=ORIENTED_EDGE('',*,*,#4091,.T.);
#5717=ORIENTED_EDGE('',*,*,#4092,.F.);
#5718=ORIENTED_EDGE('',*,*,#4093,.F.);
#5719=ORIENTED_EDGE('',*,*,#4094,.T.);
#5720=ORIENTED_EDGE('',*,*,#4095,.T.);
#5721=ORIENTED_EDGE('',*,*,#4090,.F.);
#5722=ORIENTED_EDGE('',*,*,#4096,.F.);
#5723=ORIENTED_EDGE('',*,*,#4097,.T.);
#5724=ORIENTED_EDGE('',*,*,#4098,.T.);
#5725=ORIENTED_EDGE('',*,*,#4094,.F.);
#5726=ORIENTED_EDGE('',*,*,#4099,.F.);
#5727=ORIENTED_EDGE('',*,*,#4100,.T.);
#5728=ORIENTED_EDGE('',*,*,#4101,.T.);
#5729=ORIENTED_EDGE('',*,*,#4097,.F.);
#5730=ORIENTED_EDGE('',*,*,#4102,.F.);
#5731=ORIENTED_EDGE('',*,*,#4103,.T.);
#5732=ORIENTED_EDGE('',*,*,#4104,.T.);
#5733=ORIENTED_EDGE('',*,*,#4100,.F.);
#5734=ORIENTED_EDGE('',*,*,#4105,.F.);
#5735=ORIENTED_EDGE('',*,*,#4092,.T.);
#5736=ORIENTED_EDGE('',*,*,#4106,.T.);
#5737=ORIENTED_EDGE('',*,*,#4103,.F.);
#5738=ORIENTED_EDGE('',*,*,#4106,.F.);
#5739=ORIENTED_EDGE('',*,*,#4091,.F.);
#5740=ORIENTED_EDGE('',*,*,#4095,.F.);
#5741=ORIENTED_EDGE('',*,*,#4098,.F.);
#5742=ORIENTED_EDGE('',*,*,#4101,.F.);
#5743=ORIENTED_EDGE('',*,*,#4104,.F.);
#5744=ORIENTED_EDGE('',*,*,#4107,.F.);
#5745=ORIENTED_EDGE('',*,*,#4108,.T.);
#5746=ORIENTED_EDGE('',*,*,#4109,.T.);
#5747=ORIENTED_EDGE('',*,*,#4110,.F.);
#5748=ORIENTED_EDGE('',*,*,#4111,.F.);
#5749=ORIENTED_EDGE('',*,*,#4112,.T.);
#5750=ORIENTED_EDGE('',*,*,#4113,.T.);
#5751=ORIENTED_EDGE('',*,*,#4108,.F.);
#5752=ORIENTED_EDGE('',*,*,#4114,.F.);
#5753=ORIENTED_EDGE('',*,*,#4115,.T.);
#5754=ORIENTED_EDGE('',*,*,#4116,.T.);
#5755=ORIENTED_EDGE('',*,*,#4112,.F.);
#5756=ORIENTED_EDGE('',*,*,#4117,.F.);
#5757=ORIENTED_EDGE('',*,*,#4118,.T.);
#5758=ORIENTED_EDGE('',*,*,#4119,.T.);
#5759=ORIENTED_EDGE('',*,*,#4115,.F.);
#5760=ORIENTED_EDGE('',*,*,#4120,.F.);
#5761=ORIENTED_EDGE('',*,*,#4121,.T.);
#5762=ORIENTED_EDGE('',*,*,#4122,.T.);
#5763=ORIENTED_EDGE('',*,*,#4118,.F.);
#5764=ORIENTED_EDGE('',*,*,#4123,.F.);
#5765=ORIENTED_EDGE('',*,*,#4110,.T.);
#5766=ORIENTED_EDGE('',*,*,#4124,.T.);
#5767=ORIENTED_EDGE('',*,*,#4121,.F.);
#5768=ORIENTED_EDGE('',*,*,#4124,.F.);
#5769=ORIENTED_EDGE('',*,*,#4109,.F.);
#5770=ORIENTED_EDGE('',*,*,#4113,.F.);
#5771=ORIENTED_EDGE('',*,*,#4116,.F.);
#5772=ORIENTED_EDGE('',*,*,#4119,.F.);
#5773=ORIENTED_EDGE('',*,*,#4122,.F.);
#5774=ORIENTED_EDGE('',*,*,#3889,.T.);
#5775=ORIENTED_EDGE('',*,*,#4125,.T.);
#5776=ORIENTED_EDGE('',*,*,#4126,.T.);
#5777=ORIENTED_EDGE('',*,*,#4125,.F.);
#5778=ORIENTED_EDGE('',*,*,#4000,.T.);
#5779=ORIENTED_EDGE('',*,*,#4001,.T.);
#5780=ORIENTED_EDGE('',*,*,#4047,.T.);
#5781=ORIENTED_EDGE('',*,*,#4044,.T.);
#5782=ORIENTED_EDGE('',*,*,#4041,.T.);
#5783=ORIENTED_EDGE('',*,*,#4038,.T.);
#5784=ORIENTED_EDGE('',*,*,#4035,.T.);
#5785=ORIENTED_EDGE('',*,*,#4032,.T.);
#5786=ORIENTED_EDGE('',*,*,#4029,.T.);
#5787=ORIENTED_EDGE('',*,*,#4026,.T.);
#5788=ORIENTED_EDGE('',*,*,#4023,.T.);
#5789=ORIENTED_EDGE('',*,*,#4020,.T.);
#5790=ORIENTED_EDGE('',*,*,#4017,.T.);
#5791=ORIENTED_EDGE('',*,*,#4014,.T.);
#5792=ORIENTED_EDGE('',*,*,#4011,.T.);
#5793=ORIENTED_EDGE('',*,*,#4008,.T.);
#5794=ORIENTED_EDGE('',*,*,#4005,.T.);
#5795=ORIENTED_EDGE('',*,*,#4126,.F.);
#5796=ORIENTED_EDGE('',*,*,#4127,.T.);
#5797=ORIENTED_EDGE('',*,*,#4128,.T.);
#5798=ORIENTED_EDGE('',*,*,#4127,.F.);
#5799=ORIENTED_EDGE('',*,*,#3886,.T.);
#5800=ORIENTED_EDGE('',*,*,#4129,.T.);
#5801=ORIENTED_EDGE('',*,*,#4130,.T.);
#5802=ORIENTED_EDGE('',*,*,#4129,.F.);
#5803=ORIENTED_EDGE('',*,*,#4130,.F.);
#5804=ORIENTED_EDGE('',*,*,#4131,.T.);
#5805=ORIENTED_EDGE('',*,*,#4132,.T.);
#5806=ORIENTED_EDGE('',*,*,#4131,.F.);
#5807=ORIENTED_EDGE('',*,*,#3888,.T.);
#5808=ORIENTED_EDGE('',*,*,#4133,.T.);
#5809=ORIENTED_EDGE('',*,*,#4134,.T.);
#5810=ORIENTED_EDGE('',*,*,#4133,.F.);
#5811=ORIENTED_EDGE('',*,*,#4134,.F.);
#5812=ORIENTED_EDGE('',*,*,#4135,.T.);
#5813=ORIENTED_EDGE('',*,*,#4136,.T.);
#5814=ORIENTED_EDGE('',*,*,#4135,.F.);
#5815=ORIENTED_EDGE('',*,*,#3887,.T.);
#5816=ORIENTED_EDGE('',*,*,#4137,.T.);
#5817=ORIENTED_EDGE('',*,*,#4138,.T.);
#5818=ORIENTED_EDGE('',*,*,#4137,.F.);
#5819=ORIENTED_EDGE('',*,*,#4138,.F.);
#5820=ORIENTED_EDGE('',*,*,#4139,.T.);
#5821=ORIENTED_EDGE('',*,*,#4140,.T.);
#5822=ORIENTED_EDGE('',*,*,#4139,.F.);
#5823=ORIENTED_EDGE('',*,*,#4141,.T.);
#5824=ORIENTED_EDGE('',*,*,#4142,.T.);
#5825=ORIENTED_EDGE('',*,*,#4143,.T.);
#5826=ORIENTED_EDGE('',*,*,#4142,.F.);
#5827=ORIENTED_EDGE('',*,*,#4144,.T.);
#5828=ORIENTED_EDGE('',*,*,#4145,.T.);
#5829=ORIENTED_EDGE('',*,*,#4143,.F.);
#5830=ORIENTED_EDGE('',*,*,#4145,.F.);
#5831=ORIENTED_EDGE('',*,*,#4141,.F.);
#5832=ORIENTED_EDGE('',*,*,#4071,.T.);
#5833=ORIENTED_EDGE('',*,*,#4087,.T.);
#5834=ORIENTED_EDGE('',*,*,#4084,.T.);
#5835=ORIENTED_EDGE('',*,*,#4081,.T.);
#5836=ORIENTED_EDGE('',*,*,#4078,.T.);
#5837=ORIENTED_EDGE('',*,*,#4075,.T.);
#5838=ORIENTED_EDGE('',*,*,#4146,.T.);
#5839=ORIENTED_EDGE('',*,*,#4147,.T.);
#5840=ORIENTED_EDGE('',*,*,#4148,.T.);
#5841=ORIENTED_EDGE('',*,*,#4147,.F.);
#5842=ORIENTED_EDGE('',*,*,#4149,.T.);
#5843=ORIENTED_EDGE('',*,*,#4150,.T.);
#5844=ORIENTED_EDGE('',*,*,#4148,.F.);
#5845=ORIENTED_EDGE('',*,*,#4150,.F.);
#5846=ORIENTED_EDGE('',*,*,#4146,.F.);
#5847=ORIENTED_EDGE('',*,*,#4053,.T.);
#5848=ORIENTED_EDGE('',*,*,#4069,.T.);
#5849=ORIENTED_EDGE('',*,*,#4066,.T.);
#5850=ORIENTED_EDGE('',*,*,#4063,.T.);
#5851=ORIENTED_EDGE('',*,*,#4060,.T.);
#5852=ORIENTED_EDGE('',*,*,#4057,.T.);
#5853=ORIENTED_EDGE('',*,*,#4151,.T.);
#5854=ORIENTED_EDGE('',*,*,#4152,.T.);
#5855=ORIENTED_EDGE('',*,*,#4153,.T.);
#5856=ORIENTED_EDGE('',*,*,#4152,.F.);
#5857=ORIENTED_EDGE('',*,*,#4154,.T.);
#5858=ORIENTED_EDGE('',*,*,#4155,.T.);
#5859=ORIENTED_EDGE('',*,*,#4153,.F.);
#5860=ORIENTED_EDGE('',*,*,#4155,.F.);
#5861=ORIENTED_EDGE('',*,*,#4151,.F.);
#5862=ORIENTED_EDGE('',*,*,#4107,.T.);
#5863=ORIENTED_EDGE('',*,*,#4123,.T.);
#5864=ORIENTED_EDGE('',*,*,#4120,.T.);
#5865=ORIENTED_EDGE('',*,*,#4117,.T.);
#5866=ORIENTED_EDGE('',*,*,#4114,.T.);
#5867=ORIENTED_EDGE('',*,*,#4111,.T.);
#5868=ORIENTED_EDGE('',*,*,#4156,.T.);
#5869=ORIENTED_EDGE('',*,*,#4157,.T.);
#5870=ORIENTED_EDGE('',*,*,#4158,.T.);
#5871=ORIENTED_EDGE('',*,*,#4157,.F.);
#5872=ORIENTED_EDGE('',*,*,#4159,.T.);
#5873=ORIENTED_EDGE('',*,*,#4160,.T.);
#5874=ORIENTED_EDGE('',*,*,#4158,.F.);
#5875=ORIENTED_EDGE('',*,*,#4160,.F.);
#5876=ORIENTED_EDGE('',*,*,#4156,.F.);
#5877=ORIENTED_EDGE('',*,*,#4089,.T.);
#5878=ORIENTED_EDGE('',*,*,#4105,.T.);
#5879=ORIENTED_EDGE('',*,*,#4102,.T.);
#5880=ORIENTED_EDGE('',*,*,#4099,.T.);
#5881=ORIENTED_EDGE('',*,*,#4096,.T.);
#5882=ORIENTED_EDGE('',*,*,#4093,.T.);
#5883=ORIENTED_EDGE('',*,*,#4140,.F.);
#5884=ORIENTED_EDGE('',*,*,#4144,.F.);
#5885=ORIENTED_EDGE('',*,*,#4128,.F.);
#5886=ORIENTED_EDGE('',*,*,#4159,.F.);
#5887=ORIENTED_EDGE('',*,*,#4136,.F.);
#5888=ORIENTED_EDGE('',*,*,#4149,.F.);
#5889=ORIENTED_EDGE('',*,*,#4132,.F.);
#5890=ORIENTED_EDGE('',*,*,#4154,.F.);
#5891=ORIENTED_EDGE('',*,*,#3881,.T.);
#5892=ORIENTED_EDGE('',*,*,#4161,.T.);
#5893=ORIENTED_EDGE('',*,*,#3533,.F.);
#5894=ORIENTED_EDGE('',*,*,#4162,.F.);
#5895=ORIENTED_EDGE('',*,*,#3878,.T.);
#5896=ORIENTED_EDGE('',*,*,#4163,.T.);
#5897=ORIENTED_EDGE('',*,*,#3384,.F.);
#5898=ORIENTED_EDGE('',*,*,#4164,.F.);
#5899=ORIENTED_EDGE('',*,*,#3500,.T.);
#5900=ORIENTED_EDGE('',*,*,#3489,.T.);
#5901=ORIENTED_EDGE('',*,*,#3486,.T.);
#5902=ORIENTED_EDGE('',*,*,#3499,.T.);
#5903=ORIENTED_EDGE('',*,*,#3497,.T.);
#5904=ORIENTED_EDGE('',*,*,#3458,.T.);
#5905=ORIENTED_EDGE('',*,*,#3455,.T.);
#5906=ORIENTED_EDGE('',*,*,#3452,.T.);
#5907=ORIENTED_EDGE('',*,*,#3449,.T.);
#5908=ORIENTED_EDGE('',*,*,#3445,.T.);
#5909=ORIENTED_EDGE('',*,*,#3485,.T.);
#5910=ORIENTED_EDGE('',*,*,#3496,.T.);
#5911=ORIENTED_EDGE('',*,*,#3494,.T.);
#5912=ORIENTED_EDGE('',*,*,#3491,.T.);
#5913=ORIENTED_EDGE('',*,*,#3506,.T.);
#5914=ORIENTED_EDGE('',*,*,#3535,.F.);
#5915=ORIENTED_EDGE('',*,*,#4165,.F.);
#5916=ORIENTED_EDGE('',*,*,#3879,.T.);
#5917=ORIENTED_EDGE('',*,*,#4164,.T.);
#5918=ORIENTED_EDGE('',*,*,#3383,.F.);
#5919=ORIENTED_EDGE('',*,*,#3507,.T.);
#5920=ORIENTED_EDGE('',*,*,#3510,.T.);
#5921=ORIENTED_EDGE('',*,*,#3513,.T.);
#5922=ORIENTED_EDGE('',*,*,#3516,.T.);
#5923=ORIENTED_EDGE('',*,*,#3880,.T.);
#5924=ORIENTED_EDGE('',*,*,#4165,.T.);
#5925=ORIENTED_EDGE('',*,*,#3534,.F.);
#5926=ORIENTED_EDGE('',*,*,#4161,.F.);
#5927=ORIENTED_EDGE('',*,*,#3882,.T.);
#5928=ORIENTED_EDGE('',*,*,#4162,.T.);
#5929=ORIENTED_EDGE('',*,*,#3532,.F.);
#5930=ORIENTED_EDGE('',*,*,#3354,.F.);
#5931=ORIENTED_EDGE('',*,*,#3877,.T.);
#5932=ORIENTED_EDGE('',*,*,#4166,.T.);
#5933=ORIENTED_EDGE('',*,*,#3385,.F.);
#5934=ORIENTED_EDGE('',*,*,#4163,.F.);
#5935=ORIENTED_EDGE('',*,*,#3883,.T.);
#5936=ORIENTED_EDGE('',*,*,#3352,.T.);
#5937=ORIENTED_EDGE('',*,*,#3386,.F.);
#5938=ORIENTED_EDGE('',*,*,#4166,.F.);
#5939=PLANE('',#6565);
#5940=PLANE('',#6573);
#5941=PLANE('',#6574);
#5942=PLANE('',#6575);
#5943=PLANE('',#6576);
#5944=PLANE('',#6577);
#5945=PLANE('',#6580);
#5946=PLANE('',#6581);
#5947=PLANE('',#6582);
#5948=PLANE('',#6585);
#5949=PLANE('',#6586);
#5950=PLANE('',#6587);
#5951=PLANE('',#6588);
#5952=PLANE('',#6589);
#5953=PLANE('',#6590);
#5954=PLANE('',#6591);
#5955=PLANE('',#6592);
#5956=PLANE('',#6601);
#5957=PLANE('',#6602);
#5958=PLANE('',#6603);
#5959=PLANE('',#6606);
#5960=PLANE('',#6607);
#5961=PLANE('',#6608);
#5962=PLANE('',#6609);
#5963=PLANE('',#6610);
#5964=PLANE('',#6611);
#5965=PLANE('',#6612);
#5966=PLANE('',#6613);
#5967=PLANE('',#6614);
#5968=PLANE('',#6615);
#5969=PLANE('',#6616);
#5970=PLANE('',#6617);
#5971=PLANE('',#6618);
#5972=PLANE('',#6619);
#5973=PLANE('',#6620);
#5974=PLANE('',#6621);
#5975=PLANE('',#6622);
#5976=PLANE('',#6623);
#5977=PLANE('',#6624);
#5978=PLANE('',#6625);
#5979=PLANE('',#6626);
#5980=PLANE('',#6627);
#5981=PLANE('',#6628);
#5982=PLANE('',#6629);
#5983=PLANE('',#6630);
#5984=PLANE('',#6633);
#5985=PLANE('',#6634);
#5986=PLANE('',#6635);
#5987=PLANE('',#6636);
#5988=PLANE('',#6637);
#5989=PLANE('',#6638);
#5990=PLANE('',#6639);
#5991=PLANE('',#6640);
#5992=PLANE('',#6641);
#5993=PLANE('',#6642);
#5994=PLANE('',#6643);
#5995=PLANE('',#6644);
#5996=PLANE('',#6645);
#5997=PLANE('',#6646);
#5998=PLANE('',#6647);
#5999=PLANE('',#6648);
#6000=PLANE('',#6649);
#6001=PLANE('',#6650);
#6002=PLANE('',#6651);
#6003=PLANE('',#6652);
#6004=PLANE('',#6656);
#6005=PLANE('',#6660);
#6006=PLANE('',#6664);
#6007=PLANE('',#6668);
#6008=PLANE('',#6680);
#6009=PLANE('',#6695);
#6010=PLANE('',#6701);
#6011=PLANE('',#6707);
#6012=PLANE('',#6713);
#6013=PLANE('',#6714);
#6014=PLANE('',#6715);
#6015=PLANE('',#6716);
#6016=PLANE('',#6717);
#6017=PLANE('',#6718);
#6018=PLANE('',#6719);
#6019=PLANE('',#6720);
#6020=PLANE('',#6721);
#6021=PLANE('',#6722);
#6022=PLANE('',#6723);
#6023=PLANE('',#6724);
#6024=PLANE('',#6725);
#6025=PLANE('',#6726);
#6026=PLANE('',#6727);
#6027=PLANE('',#6728);
#6028=PLANE('',#6729);
#6029=PLANE('',#6730);
#6030=PLANE('',#6731);
#6031=PLANE('',#6732);
#6032=PLANE('',#6733);
#6033=PLANE('',#6734);
#6034=PLANE('',#6735);
#6035=PLANE('',#6736);
#6036=PLANE('',#6737);
#6037=PLANE('',#6738);
#6038=PLANE('',#6739);
#6039=PLANE('',#6740);
#6040=PLANE('',#6741);
#6041=PLANE('',#6742);
#6042=PLANE('',#6743);
#6043=PLANE('',#6744);
#6044=PLANE('',#6745);
#6045=PLANE('',#6773);
#6046=PLANE('',#6796);
#6047=PLANE('',#6797);
#6048=PLANE('',#6798);
#6049=PLANE('',#6799);
#6050=PLANE('',#6800);
#6051=PLANE('',#6801);
#6052=PLANE('',#6802);
#6053=PLANE('',#6803);
#6054=PLANE('',#6804);
#6055=PLANE('',#6805);
#6056=PLANE('',#6806);
#6057=PLANE('',#6807);
#6058=PLANE('',#6808);
#6059=PLANE('',#6809);
#6060=PLANE('',#6810);
#6061=PLANE('',#6811);
#6062=PLANE('',#6814);
#6063=PLANE('',#6842);
#6064=PLANE('',#6843);
#6065=PLANE('',#6844);
#6066=PLANE('',#6847);
#6067=PLANE('',#6850);
#6068=PLANE('',#6853);
#6069=PLANE('',#6856);
#6070=PLANE('',#6859);
#6071=PLANE('',#6864);
#6072=PLANE('',#6867);
#6073=PLANE('',#6868);
#6074=PLANE('',#6873);
#6075=PLANE('',#6874);
#6076=PLANE('',#6879);
#6077=PLANE('',#6880);
#6078=PLANE('',#6883);
#6079=PLANE('',#6885);
#6080=PLANE('',#6911);
#6081=PLANE('',#6914);
#6082=PLANE('',#6917);
#6083=PLANE('',#6918);
#6084=PLANE('',#6921);
#6085=PLANE('',#6924);
#6086=PLANE('',#6928);
#6087=PLANE('',#6932);
#6088=PLANE('',#6936);
#6089=PLANE('',#6940);
#6090=PLANE('',#6941);
#6091=PLANE('',#6958);
#6092=PLANE('',#6959);
#6093=PLANE('',#6962);
#6094=PLANE('',#6968);
#6095=PLANE('',#7031);
#6096=PLANE('',#7032);
#6097=PLANE('',#7033);
#6098=PLANE('',#7034);
#6099=PLANE('',#7035);
#6100=PLANE('',#7036);
#6101=PLANE('',#7037);
#6102=PLANE('',#7038);
#6103=PLANE('',#7039);
#6104=PLANE('',#7040);
#6105=PLANE('',#7041);
#6106=PLANE('',#7042);
#6107=PLANE('',#7048);
#6108=PLANE('',#7049);
#6109=PLANE('',#7050);
#6110=PLANE('',#7051);
#6111=PLANE('',#7052);
#6112=PLANE('',#7053);
#6113=PLANE('',#7054);
#6114=PLANE('',#7055);
#6115=PLANE('',#7056);
#6116=PLANE('',#7060);
#6117=PLANE('',#7063);
#6118=PLANE('',#7068);
#6119=PLANE('',#7072);
#6120=PLANE('',#7076);
#6121=PLANE('',#7080);
#6122=PLANE('',#7084);
#6123=PLANE('',#7088);
#6124=PLANE('',#7092);
#6125=PLANE('',#7096);
#6126=PLANE('',#7100);
#6127=PLANE('',#7105);
#6128=PLANE('',#7106);
#6129=PLANE('',#7107);
#6130=PLANE('',#7108);
#6131=PLANE('',#7109);
#6132=PLANE('',#7110);
#6133=PLANE('',#7111);
#6134=PLANE('',#7112);
#6135=PLANE('',#7113);
#6136=PLANE('',#7114);
#6137=PLANE('',#7115);
#6138=PLANE('',#7116);
#6139=PLANE('',#7117);
#6140=PLANE('',#7118);
#6141=PLANE('',#7119);
#6142=PLANE('',#7120);
#6143=PLANE('',#7121);
#6144=PLANE('',#7122);
#6145=PLANE('',#7123);
#6146=PLANE('',#7124);
#6147=PLANE('',#7125);
#6148=PLANE('',#7126);
#6149=PLANE('',#7127);
#6150=PLANE('',#7128);
#6151=PLANE('',#7129);
#6152=PLANE('',#7130);
#6153=PLANE('',#7131);
#6154=PLANE('',#7132);
#6155=PLANE('',#7133);
#6156=PLANE('',#7136);
#6157=PLANE('',#7156);
#6158=PLANE('',#7162);
#6159=PLANE('',#7168);
#6160=PLANE('',#7174);
#6161=PLANE('',#7175);
#6162=PLANE('',#7176);
#6163=PLANE('',#7177);
#6164=PLANE('',#7178);
#6165=PLANE('',#7179);
#6166=PLANE('',#7180);
#6167=PLANE('',#7181);
#6168=PLANE('',#7182);
#6169=PLANE('',#7183);
#6170=PLANE('',#7184);
#6171=PLANE('',#7185);
#6172=ADVANCED_FACE('',(#354),#5939,.T.);
#6173=ADVANCED_FACE('',(#355),#5940,.F.);
#6174=ADVANCED_FACE('',(#356),#5941,.F.);
#6175=ADVANCED_FACE('',(#357),#5942,.T.);
#6176=ADVANCED_FACE('',(#358),#5943,.F.);
#6177=ADVANCED_FACE('',(#359),#5944,.F.);
#6178=ADVANCED_FACE('',(#360),#5945,.F.);
#6179=ADVANCED_FACE('',(#361),#5946,.T.);
#6180=ADVANCED_FACE('',(#362),#5947,.F.);
#6181=ADVANCED_FACE('',(#363),#249,.F.);
#6182=ADVANCED_FACE('',(#364),#5948,.F.);
#6183=ADVANCED_FACE('',(#365),#5949,.T.);
#6184=ADVANCED_FACE('',(#366),#5950,.F.);
#6185=ADVANCED_FACE('',(#367),#5951,.F.);
#6186=ADVANCED_FACE('',(#368),#5952,.F.);
#6187=ADVANCED_FACE('',(#369),#5953,.F.);
#6188=ADVANCED_FACE('',(#370),#5954,.F.);
#6189=ADVANCED_FACE('',(#371,#170,#171),#5955,.T.);
#6190=ADVANCED_FACE('',(#372),#5956,.F.);
#6191=ADVANCED_FACE('',(#373),#5957,.F.);
#6192=ADVANCED_FACE('',(#374),#5958,.F.);
#6193=ADVANCED_FACE('',(#375),#250,.F.);
#6194=ADVANCED_FACE('',(#376),#5959,.F.);
#6195=ADVANCED_FACE('',(#377),#5960,.F.);
#6196=ADVANCED_FACE('',(#378),#5961,.F.);
#6197=ADVANCED_FACE('',(#379),#5962,.F.);
#6198=ADVANCED_FACE('',(#380),#5963,.F.);
#6199=ADVANCED_FACE('',(#381),#5964,.F.);
#6200=ADVANCED_FACE('',(#382),#5965,.F.);
#6201=ADVANCED_FACE('',(#383),#5966,.F.);
#6202=ADVANCED_FACE('',(#384),#5967,.F.);
#6203=ADVANCED_FACE('',(#385),#5968,.F.);
#6204=ADVANCED_FACE('',(#386),#5969,.F.);
#6205=ADVANCED_FACE('',(#387),#5970,.F.);
#6206=ADVANCED_FACE('',(#388),#5971,.F.);
#6207=ADVANCED_FACE('',(#389),#5972,.F.);
#6208=ADVANCED_FACE('',(#390),#5973,.F.);
#6209=ADVANCED_FACE('',(#391),#5974,.F.);
#6210=ADVANCED_FACE('',(#392),#5975,.F.);
#6211=ADVANCED_FACE('',(#393),#5976,.F.);
#6212=ADVANCED_FACE('',(#394),#5977,.F.);
#6213=ADVANCED_FACE('',(#395),#5978,.F.);
#6214=ADVANCED_FACE('',(#396),#5979,.F.);
#6215=ADVANCED_FACE('',(#397),#5980,.F.);
#6216=ADVANCED_FACE('',(#398),#5981,.F.);
#6217=ADVANCED_FACE('',(#399),#5982,.F.);
#6218=ADVANCED_FACE('',(#400),#5983,.F.);
#6219=ADVANCED_FACE('',(#401),#251,.F.);
#6220=ADVANCED_FACE('',(#402),#5984,.F.);
#6221=ADVANCED_FACE('',(#403),#5985,.F.);
#6222=ADVANCED_FACE('',(#404),#5986,.F.);
#6223=ADVANCED_FACE('',(#405),#5987,.F.);
#6224=ADVANCED_FACE('',(#406,#172,#173,#174,#175,#176),#5988,.F.);
#6225=ADVANCED_FACE('',(#407),#5989,.F.);
#6226=ADVANCED_FACE('',(#408),#5990,.T.);
#6227=ADVANCED_FACE('',(#409),#5991,.T.);
#6228=ADVANCED_FACE('',(#410),#5992,.T.);
#6229=ADVANCED_FACE('',(#411),#5993,.T.);
#6230=ADVANCED_FACE('',(#412),#5994,.T.);
#6231=ADVANCED_FACE('',(#413),#5995,.F.);
#6232=ADVANCED_FACE('',(#414),#5996,.F.);
#6233=ADVANCED_FACE('',(#415),#5997,.F.);
#6234=ADVANCED_FACE('',(#416),#5998,.F.);
#6235=ADVANCED_FACE('',(#417),#5999,.F.);
#6236=ADVANCED_FACE('',(#418),#6000,.F.);
#6237=ADVANCED_FACE('',(#419),#6001,.F.);
#6238=ADVANCED_FACE('',(#420),#6002,.F.);
#6239=ADVANCED_FACE('',(#421),#6003,.F.);
#6240=ADVANCED_FACE('',(#422),#252,.F.);
#6241=ADVANCED_FACE('',(#423),#6004,.F.);
#6242=ADVANCED_FACE('',(#424),#253,.F.);
#6243=ADVANCED_FACE('',(#425),#6005,.F.);
#6244=ADVANCED_FACE('',(#426),#254,.F.);
#6245=ADVANCED_FACE('',(#427),#6006,.F.);
#6246=ADVANCED_FACE('',(#428),#255,.F.);
#6247=ADVANCED_FACE('',(#429),#6007,.F.);
#6248=ADVANCED_FACE('',(#430),#139,.F.);
#6249=ADVANCED_FACE('',(#431),#256,.F.);
#6250=ADVANCED_FACE('',(#432),#140,.F.);
#6251=ADVANCED_FACE('',(#433),#257,.F.);
#6252=ADVANCED_FACE('',(#434),#141,.F.);
#6253=ADVANCED_FACE('',(#435,#177,#178,#179),#6008,.T.);
#6254=ADVANCED_FACE('',(#436),#258,.F.);
#6255=ADVANCED_FACE('',(#437),#142,.F.);
#6256=ADVANCED_FACE('',(#438),#259,.F.);
#6257=ADVANCED_FACE('',(#439),#143,.T.);
#6258=ADVANCED_FACE('',(#440),#260,.T.);
#6259=ADVANCED_FACE('',(#441,#180),#6009,.T.);
#6260=ADVANCED_FACE('',(#442),#144,.T.);
#6261=ADVANCED_FACE('',(#443),#261,.T.);
#6262=ADVANCED_FACE('',(#444,#181),#6010,.T.);
#6263=ADVANCED_FACE('',(#445),#145,.T.);
#6264=ADVANCED_FACE('',(#446),#262,.T.);
#6265=ADVANCED_FACE('',(#447,#182),#6011,.T.);
#6266=ADVANCED_FACE('',(#448),#146,.T.);
#6267=ADVANCED_FACE('',(#449),#263,.T.);
#6268=ADVANCED_FACE('',(#450,#183),#6012,.T.);
#6269=ADVANCED_FACE('',(#451),#6013,.F.);
#6270=ADVANCED_FACE('',(#452),#6014,.F.);
#6271=ADVANCED_FACE('',(#453),#6015,.F.);
#6272=ADVANCED_FACE('',(#454),#6016,.F.);
#6273=ADVANCED_FACE('',(#455),#6017,.F.);
#6274=ADVANCED_FACE('',(#456),#6018,.F.);
#6275=ADVANCED_FACE('',(#457),#6019,.T.);
#6276=ADVANCED_FACE('',(#458,#184),#6020,.T.);
#6277=ADVANCED_FACE('',(#459),#6021,.F.);
#6278=ADVANCED_FACE('',(#460),#6022,.F.);
#6279=ADVANCED_FACE('',(#461),#6023,.F.);
#6280=ADVANCED_FACE('',(#462),#6024,.F.);
#6281=ADVANCED_FACE('',(#463),#6025,.F.);
#6282=ADVANCED_FACE('',(#464),#6026,.F.);
#6283=ADVANCED_FACE('',(#465),#6027,.T.);
#6284=ADVANCED_FACE('',(#466,#185),#6028,.T.);
#6285=ADVANCED_FACE('',(#467),#6029,.F.);
#6286=ADVANCED_FACE('',(#468),#6030,.F.);
#6287=ADVANCED_FACE('',(#469),#6031,.F.);
#6288=ADVANCED_FACE('',(#470),#6032,.F.);
#6289=ADVANCED_FACE('',(#471),#6033,.F.);
#6290=ADVANCED_FACE('',(#472),#6034,.F.);
#6291=ADVANCED_FACE('',(#473),#6035,.T.);
#6292=ADVANCED_FACE('',(#474,#186),#6036,.T.);
#6293=ADVANCED_FACE('',(#475),#6037,.F.);
#6294=ADVANCED_FACE('',(#476),#6038,.F.);
#6295=ADVANCED_FACE('',(#477),#6039,.F.);
#6296=ADVANCED_FACE('',(#478),#6040,.F.);
#6297=ADVANCED_FACE('',(#479),#6041,.F.);
#6298=ADVANCED_FACE('',(#480),#6042,.F.);
#6299=ADVANCED_FACE('',(#481),#6043,.T.);
#6300=ADVANCED_FACE('',(#482,#187),#6044,.T.);
#6301=ADVANCED_FACE('',(#483),#264,.F.);
#6302=ADVANCED_FACE('',(#484),#265,.F.);
#6303=ADVANCED_FACE('',(#485),#266,.F.);
#6304=ADVANCED_FACE('',(#486),#267,.F.);
#6305=ADVANCED_FACE('',(#487),#268,.F.);
#6306=ADVANCED_FACE('',(#488),#269,.F.);
#6307=ADVANCED_FACE('',(#489),#270,.T.);
#6308=ADVANCED_FACE('',(#490),#271,.F.);
#6309=ADVANCED_FACE('',(#491),#272,.F.);
#6310=ADVANCED_FACE('',(#492,#188),#6045,.T.);
#6311=ADVANCED_FACE('',(#493),#273,.F.);
#6312=ADVANCED_FACE('',(#494),#274,.F.);
#6313=ADVANCED_FACE('',(#495),#275,.F.);
#6314=ADVANCED_FACE('',(#496),#276,.F.);
#6315=ADVANCED_FACE('',(#497),#277,.F.);
#6316=ADVANCED_FACE('',(#498),#278,.F.);
#6317=ADVANCED_FACE('',(#499),#279,.F.);
#6318=ADVANCED_FACE('',(#500),#6046,.T.);
#6319=ADVANCED_FACE('',(#501),#6047,.T.);
#6320=ADVANCED_FACE('',(#502),#6048,.T.);
#6321=ADVANCED_FACE('',(#503),#6049,.T.);
#6322=ADVANCED_FACE('',(#504),#6050,.T.);
#6323=ADVANCED_FACE('',(#505),#6051,.T.);
#6324=ADVANCED_FACE('',(#506),#6052,.T.);
#6325=ADVANCED_FACE('',(#507),#6053,.T.);
#6326=ADVANCED_FACE('',(#508),#6054,.T.);
#6327=ADVANCED_FACE('',(#509),#6055,.T.);
#6328=ADVANCED_FACE('',(#510),#6056,.T.);
#6329=ADVANCED_FACE('',(#511),#6057,.T.);
#6330=ADVANCED_FACE('',(#512),#6058,.T.);
#6331=ADVANCED_FACE('',(#513),#6059,.T.);
#6332=ADVANCED_FACE('',(#514),#6060,.T.);
#6333=ADVANCED_FACE('',(#515),#6061,.T.);
#6334=ADVANCED_FACE('',(#516),#280,.F.);
#6335=ADVANCED_FACE('',(#517,#189,#190,#191,#192,#193,#194,#195,#196,#197),
#6062,.T.);
#6336=ADVANCED_FACE('',(#518),#281,.F.);
#6337=ADVANCED_FACE('',(#519),#282,.F.);
#6338=ADVANCED_FACE('',(#520),#283,.F.);
#6339=ADVANCED_FACE('',(#521),#284,.F.);
#6340=ADVANCED_FACE('',(#522),#285,.F.);
#6341=ADVANCED_FACE('',(#523),#286,.F.);
#6342=ADVANCED_FACE('',(#524),#287,.F.);
#6343=ADVANCED_FACE('',(#525),#288,.F.);
#6344=ADVANCED_FACE('',(#526),#289,.T.);
#6345=ADVANCED_FACE('',(#527),#6063,.F.);
#6346=ADVANCED_FACE('',(#528),#6064,.F.);
#6347=ADVANCED_FACE('',(#529),#6065,.F.);
#6348=ADVANCED_FACE('',(#530),#290,.F.);
#6349=ADVANCED_FACE('',(#531),#6066,.F.);
#6350=ADVANCED_FACE('',(#532),#291,.T.);
#6351=ADVANCED_FACE('',(#533),#6067,.F.);
#6352=ADVANCED_FACE('',(#534),#292,.T.);
#6353=ADVANCED_FACE('',(#535),#6068,.F.);
#6354=ADVANCED_FACE('',(#536),#293,.T.);
#6355=ADVANCED_FACE('',(#537),#6069,.F.);
#6356=ADVANCED_FACE('',(#538),#294,.T.);
#6357=ADVANCED_FACE('',(#539),#6070,.F.);
#6358=ADVANCED_FACE('',(#540),#295,.F.);
#6359=ADVANCED_FACE('',(#541),#296,.F.);
#6360=ADVANCED_FACE('',(#542),#6071,.F.);
#6361=ADVANCED_FACE('',(#543),#297,.F.);
#6362=ADVANCED_FACE('',(#544),#6072,.F.);
#6363=ADVANCED_FACE('',(#545),#6073,.F.);
#6364=ADVANCED_FACE('',(#546),#298,.F.);
#6365=ADVANCED_FACE('',(#547),#299,.F.);
#6366=ADVANCED_FACE('',(#548),#6074,.F.);
#6367=ADVANCED_FACE('',(#549),#6075,.F.);
#6368=ADVANCED_FACE('',(#550),#300,.F.);
#6369=ADVANCED_FACE('',(#551),#301,.F.);
#6370=ADVANCED_FACE('',(#552),#6076,.F.);
#6371=ADVANCED_FACE('',(#553),#6077,.T.);
#6372=ADVANCED_FACE('',(#554),#302,.T.);
#6373=ADVANCED_FACE('',(#555,#198,#199,#200,#201,#202,#203,#204,#205,#206),
#6078,.F.);
#6374=ADVANCED_FACE('',(#556),#6079,.T.);
#6375=ADVANCED_FACE('',(#557),#303,.T.);
#6376=ADVANCED_FACE('',(#558),#14,.T.);
#6377=ADVANCED_FACE('',(#559),#304,.T.);
#6378=ADVANCED_FACE('',(#560),#15,.T.);
#6379=ADVANCED_FACE('',(#561),#305,.T.);
#6380=ADVANCED_FACE('',(#562),#16,.T.);
#6381=ADVANCED_FACE('',(#563),#306,.T.);
#6382=ADVANCED_FACE('',(#564),#17,.T.);
#6383=ADVANCED_FACE('',(#565),#307,.T.);
#6384=ADVANCED_FACE('',(#566),#6080,.T.);
#6385=ADVANCED_FACE('',(#567),#308,.T.);
#6386=ADVANCED_FACE('',(#568),#6081,.T.);
#6387=ADVANCED_FACE('',(#569),#309,.T.);
#6388=ADVANCED_FACE('',(#570),#6082,.F.);
#6389=ADVANCED_FACE('',(#571),#6083,.T.);
#6390=ADVANCED_FACE('',(#572),#310,.T.);
#6391=ADVANCED_FACE('',(#573),#6084,.T.);
#6392=ADVANCED_FACE('',(#574),#311,.T.);
#6393=ADVANCED_FACE('',(#575),#6085,.F.);
#6394=ADVANCED_FACE('',(#576),#312,.F.);
#6395=ADVANCED_FACE('',(#577),#6086,.F.);
#6396=ADVANCED_FACE('',(#578),#313,.F.);
#6397=ADVANCED_FACE('',(#579),#6087,.F.);
#6398=ADVANCED_FACE('',(#580),#314,.F.);
#6399=ADVANCED_FACE('',(#581),#6088,.F.);
#6400=ADVANCED_FACE('',(#582),#315,.F.);
#6401=ADVANCED_FACE('',(#583,#207),#6089,.F.);
#6402=ADVANCED_FACE('',(#584,#208,#209,#210,#211,#212,#213,#214,#215,#216),
#6090,.F.);
#6403=ADVANCED_FACE('',(#585),#147,.F.);
#6404=ADVANCED_FACE('',(#586),#316,.F.);
#6405=ADVANCED_FACE('',(#587),#148,.F.);
#6406=ADVANCED_FACE('',(#588),#317,.F.);
#6407=ADVANCED_FACE('',(#589),#6091,.F.);
#6408=ADVANCED_FACE('',(#590),#6092,.F.);
#6409=ADVANCED_FACE('',(#591),#318,.T.);
#6410=ADVANCED_FACE('',(#592,#217),#6093,.T.);
#6411=ADVANCED_FACE('',(#593),#149,.T.);
#6412=ADVANCED_FACE('',(#594,#218,#219,#220,#221,#222,#223,#224,#225,#226,
#227,#228,#229,#230),#6094,.F.);
#6413=ADVANCED_FACE('',(#595),#319,.T.);
#6414=ADVANCED_FACE('',(#596),#150,.F.);
#6415=ADVANCED_FACE('',(#597),#320,.F.);
#6416=ADVANCED_FACE('',(#598),#151,.F.);
#6417=ADVANCED_FACE('',(#599),#321,.F.);
#6418=ADVANCED_FACE('',(#600),#152,.F.);
#6419=ADVANCED_FACE('',(#601),#322,.F.);
#6420=ADVANCED_FACE('',(#602),#153,.F.);
#6421=ADVANCED_FACE('',(#603),#323,.F.);
#6422=ADVANCED_FACE('',(#604),#154,.F.);
#6423=ADVANCED_FACE('',(#605),#324,.F.);
#6424=ADVANCED_FACE('',(#606),#155,.F.);
#6425=ADVANCED_FACE('',(#607),#325,.F.);
#6426=ADVANCED_FACE('',(#608),#156,.F.);
#6427=ADVANCED_FACE('',(#609),#326,.F.);
#6428=ADVANCED_FACE('',(#610),#157,.F.);
#6429=ADVANCED_FACE('',(#611),#327,.F.);
#6430=ADVANCED_FACE('',(#612),#158,.F.);
#6431=ADVANCED_FACE('',(#613),#328,.F.);
#6432=ADVANCED_FACE('',(#614),#159,.F.);
#6433=ADVANCED_FACE('',(#615),#329,.F.);
#6434=ADVANCED_FACE('',(#616),#160,.F.);
#6435=ADVANCED_FACE('',(#617),#330,.F.);
#6436=ADVANCED_FACE('',(#618),#161,.F.);
#6437=ADVANCED_FACE('',(#619),#331,.F.);
#6438=ADVANCED_FACE('',(#620),#6095,.F.);
#6439=ADVANCED_FACE('',(#621),#6096,.F.);
#6440=ADVANCED_FACE('',(#622),#6097,.F.);
#6441=ADVANCED_FACE('',(#623),#6098,.F.);
#6442=ADVANCED_FACE('',(#624),#6099,.F.);
#6443=ADVANCED_FACE('',(#625),#6100,.F.);
#6444=ADVANCED_FACE('',(#626),#6101,.F.);
#6445=ADVANCED_FACE('',(#627),#6102,.F.);
#6446=ADVANCED_FACE('',(#628),#6103,.F.);
#6447=ADVANCED_FACE('',(#629),#6104,.F.);
#6448=ADVANCED_FACE('',(#630),#6105,.F.);
#6449=ADVANCED_FACE('',(#631,#231),#6106,.F.);
#6450=ADVANCED_FACE('',(#632),#332,.T.);
#6451=ADVANCED_FACE('',(#633),#333,.T.);
#6452=ADVANCED_FACE('',(#634,#232),#6107,.F.);
#6453=ADVANCED_FACE('',(#635),#6108,.F.);
#6454=ADVANCED_FACE('',(#636),#6109,.F.);
#6455=ADVANCED_FACE('',(#637),#6110,.F.);
#6456=ADVANCED_FACE('',(#638),#6111,.F.);
#6457=ADVANCED_FACE('',(#639),#6112,.F.);
#6458=ADVANCED_FACE('',(#640),#6113,.F.);
#6459=ADVANCED_FACE('',(#641),#6114,.F.);
#6460=ADVANCED_FACE('',(#642),#6115,.F.);
#6461=ADVANCED_FACE('',(#643),#334,.T.);
#6462=ADVANCED_FACE('',(#644,#233),#6116,.F.);
#6463=ADVANCED_FACE('',(#645,#234),#6117,.T.);
#6464=ADVANCED_FACE('',(#646),#335,.T.);
#6465=ADVANCED_FACE('',(#647),#6118,.F.);
#6466=ADVANCED_FACE('',(#648),#336,.F.);
#6467=ADVANCED_FACE('',(#649),#6119,.F.);
#6468=ADVANCED_FACE('',(#650),#337,.T.);
#6469=ADVANCED_FACE('',(#651),#6120,.F.);
#6470=ADVANCED_FACE('',(#652),#338,.F.);
#6471=ADVANCED_FACE('',(#653),#6121,.F.);
#6472=ADVANCED_FACE('',(#654),#339,.T.);
#6473=ADVANCED_FACE('',(#655),#6122,.F.);
#6474=ADVANCED_FACE('',(#656),#340,.F.);
#6475=ADVANCED_FACE('',(#657),#6123,.F.);
#6476=ADVANCED_FACE('',(#658),#341,.T.);
#6477=ADVANCED_FACE('',(#659),#6124,.F.);
#6478=ADVANCED_FACE('',(#660),#342,.F.);
#6479=ADVANCED_FACE('',(#661),#6125,.F.);
#6480=ADVANCED_FACE('',(#662),#343,.T.);
#6481=ADVANCED_FACE('',(#663),#6126,.F.);
#6482=ADVANCED_FACE('',(#664),#344,.T.);
#6483=ADVANCED_FACE('',(#665),#345,.F.);
#6484=ADVANCED_FACE('',(#666,#235),#6127,.F.);
#6485=ADVANCED_FACE('',(#667),#6128,.F.);
#6486=ADVANCED_FACE('',(#668),#6129,.F.);
#6487=ADVANCED_FACE('',(#669),#6130,.F.);
#6488=ADVANCED_FACE('',(#670),#6131,.F.);
#6489=ADVANCED_FACE('',(#671),#6132,.F.);
#6490=ADVANCED_FACE('',(#672),#6133,.F.);
#6491=ADVANCED_FACE('',(#673),#6134,.F.);
#6492=ADVANCED_FACE('',(#674),#6135,.F.);
#6493=ADVANCED_FACE('',(#675),#6136,.F.);
#6494=ADVANCED_FACE('',(#676),#6137,.F.);
#6495=ADVANCED_FACE('',(#677),#6138,.F.);
#6496=ADVANCED_FACE('',(#678),#6139,.F.);
#6497=ADVANCED_FACE('',(#679),#6140,.F.);
#6498=ADVANCED_FACE('',(#680),#6141,.F.);
#6499=ADVANCED_FACE('',(#681),#6142,.F.);
#6500=ADVANCED_FACE('',(#682),#6143,.F.);
#6501=ADVANCED_FACE('',(#683),#6144,.F.);
#6502=ADVANCED_FACE('',(#684),#6145,.F.);
#6503=ADVANCED_FACE('',(#685),#6146,.F.);
#6504=ADVANCED_FACE('',(#686),#6147,.F.);
#6505=ADVANCED_FACE('',(#687),#6148,.F.);
#6506=ADVANCED_FACE('',(#688),#6149,.F.);
#6507=ADVANCED_FACE('',(#689),#6150,.F.);
#6508=ADVANCED_FACE('',(#690),#6151,.F.);
#6509=ADVANCED_FACE('',(#691),#6152,.F.);
#6510=ADVANCED_FACE('',(#692),#6153,.F.);
#6511=ADVANCED_FACE('',(#693),#6154,.F.);
#6512=ADVANCED_FACE('',(#694),#6155,.F.);
#6513=ADVANCED_FACE('',(#695),#162,.F.);
#6514=ADVANCED_FACE('',(#696,#236),#6156,.F.);
#6515=ADVANCED_FACE('',(#697),#346,.F.);
#6516=ADVANCED_FACE('',(#698),#163,.F.);
#6517=ADVANCED_FACE('',(#699),#347,.F.);
#6518=ADVANCED_FACE('',(#700),#164,.F.);
#6519=ADVANCED_FACE('',(#701),#348,.F.);
#6520=ADVANCED_FACE('',(#702),#165,.F.);
#6521=ADVANCED_FACE('',(#703),#349,.F.);
#6522=ADVANCED_FACE('',(#704),#166,.T.);
#6523=ADVANCED_FACE('',(#705),#350,.T.);
#6524=ADVANCED_FACE('',(#706,#237),#6157,.F.);
#6525=ADVANCED_FACE('',(#707),#167,.T.);
#6526=ADVANCED_FACE('',(#708),#351,.T.);
#6527=ADVANCED_FACE('',(#709,#238),#6158,.F.);
#6528=ADVANCED_FACE('',(#710),#168,.T.);
#6529=ADVANCED_FACE('',(#711),#352,.T.);
#6530=ADVANCED_FACE('',(#712,#239),#6159,.F.);
#6531=ADVANCED_FACE('',(#713),#169,.T.);
#6532=ADVANCED_FACE('',(#714),#353,.T.);
#6533=ADVANCED_FACE('',(#715,#240),#6160,.F.);
#6534=ADVANCED_FACE('',(#716,#241),#6161,.F.);
#6535=ADVANCED_FACE('',(#717,#242),#6162,.F.);
#6536=ADVANCED_FACE('',(#718,#243),#6163,.F.);
#6537=ADVANCED_FACE('',(#719,#244),#6164,.F.);
#6538=ADVANCED_FACE('',(#720),#6165,.T.);
#6539=ADVANCED_FACE('',(#721),#6166,.T.);
#6540=ADVANCED_FACE('',(#722,#245,#246,#247,#248),#6167,.T.);
#6541=ADVANCED_FACE('',(#723),#6168,.T.);
#6542=ADVANCED_FACE('',(#724),#6169,.T.);
#6543=ADVANCED_FACE('',(#725),#6170,.T.);
#6544=ADVANCED_FACE('',(#726),#6171,.T.);
#6545=CLOSED_SHELL('',(#6172,#6173,#6174,#6175,#6176,#6177,#6178,#6179,
#6180,#6181,#6182,#6183,#6184,#6185,#6186,#6187,#6188,#6189,#6190,#6191,
#6192,#6193,#6194,#6195,#6196,#6197,#6198,#6199,#6200,#6201,#6202,#6203,
#6204,#6205,#6206,#6207,#6208,#6209,#6210,#6211,#6212,#6213,#6214,#6215,
#6216,#6217,#6218,#6219,#6220,#6221,#6222,#6223,#6224,#6225,#6226,#6227,
#6228,#6229,#6230,#6231,#6232,#6233,#6234,#6235,#6236,#6237,#6238,#6239,
#6240,#6241,#6242,#6243,#6244,#6245,#6246,#6247,#6248,#6249,#6250,#6251,
#6252,#6253,#6254,#6255,#6256,#6257,#6258,#6259,#6260,#6261,#6262,#6263,
#6264,#6265,#6266,#6267,#6268,#6269,#6270,#6271,#6272,#6273,#6274,#6275,
#6276,#6277,#6278,#6279,#6280,#6281,#6282,#6283,#6284,#6285,#6286,#6287,
#6288,#6289,#6290,#6291,#6292,#6293,#6294,#6295,#6296,#6297,#6298,#6299,
#6300,#6301,#6302,#6303,#6304,#6305,#6306,#6307,#6308,#6309,#6310,#6311,
#6312,#6313,#6314,#6315,#6316,#6317,#6318,#6319,#6320,#6321,#6322,#6323,
#6324,#6325,#6326,#6327,#6328,#6329,#6330,#6331,#6332,#6333,#6334,#6335,
#6336,#6337,#6338,#6339,#6340,#6341,#6342,#6343,#6344,#6345,#6346,#6347,
#6348,#6349,#6350,#6351,#6352,#6353,#6354,#6355,#6356,#6357,#6358,#6359,
#6360,#6361,#6362,#6363,#6364,#6365,#6366,#6367,#6368,#6369,#6370,#6371,
#6372,#6373,#6374,#6375,#6376,#6377,#6378,#6379,#6380,#6381,#6382,#6383,
#6384,#6385,#6386,#6387,#6388,#6389,#6390,#6391,#6392,#6393,#6394,#6395,
#6396,#6397,#6398,#6399,#6400,#6401,#6402,#6403,#6404,#6405,#6406,#6407,
#6408,#6409,#6410,#6411,#6412,#6413,#6414,#6415,#6416,#6417,#6418,#6419,
#6420,#6421,#6422,#6423,#6424,#6425,#6426,#6427,#6428,#6429,#6430,#6431,
#6432,#6433,#6434,#6435,#6436,#6437,#6438,#6439,#6440,#6441,#6442,#6443,
#6444,#6445,#6446,#6447,#6448,#6449,#6450,#6451,#6452,#6453,#6454,#6455,
#6456,#6457,#6458,#6459,#6460,#6461,#6462,#6463,#6464,#6465,#6466,#6467,
#6468,#6469,#6470,#6471,#6472,#6473,#6474,#6475,#6476,#6477,#6478,#6479,
#6480,#6481,#6482,#6483,#6484,#6485,#6486,#6487,#6488,#6489,#6490,#6491,
#6492,#6493,#6494,#6495,#6496,#6497,#6498,#6499,#6500,#6501,#6502,#6503,
#6504,#6505,#6506,#6507,#6508,#6509,#6510,#6511,#6512,#6513,#6514,#6515,
#6516,#6517,#6518,#6519,#6520,#6521,#6522,#6523,#6524,#6525,#6526,#6527,
#6528,#6529,#6530,#6531,#6532,#6533,#6534,#6535,#6536,#6537,#6538,#6539,
#6540,#6541,#6542,#6543,#6544));
#6546=DERIVED_UNIT_ELEMENT(#6548,1.);
#6547=DERIVED_UNIT_ELEMENT(#10911,3.);
#6548=(
MASS_UNIT()
NAMED_UNIT(*)
SI_UNIT($,.GRAM.)
);
#6549=DERIVED_UNIT((#6546,#6547));
#6550=MEASURE_REPRESENTATION_ITEM('density measure',
POSITIVE_RATIO_MEASURE(1.),#6549);
#6551=PROPERTY_DEFINITION_REPRESENTATION(#6556,#6553);
#6552=PROPERTY_DEFINITION_REPRESENTATION(#6557,#6554);
#6553=REPRESENTATION('material name',(#6555),#10908);
#6554=REPRESENTATION('density',(#6550),#10908);
#6555=DESCRIPTIVE_REPRESENTATION_ITEM('Generic','Generic');
#6556=PROPERTY_DEFINITION('material property','material name',#10918);
#6557=PROPERTY_DEFINITION('material property','density of part',#10918);
#6558=DATE_TIME_ROLE('creation_date');
#6559=APPLIED_DATE_AND_TIME_ASSIGNMENT(#6560,#6558,(#10918));
#6560=DATE_AND_TIME(#6561,#6562);
#6561=CALENDAR_DATE(2020,30,3);
#6562=LOCAL_TIME(0,0,0.,#6563);
#6563=COORDINATED_UNIVERSAL_TIME_OFFSET(0,0,.BEHIND.);
#6564=AXIS2_PLACEMENT_3D('placement',#9068,#7186,#7187);
#6565=AXIS2_PLACEMENT_3D('',#9069,#7188,#7189);
#6566=AXIS2_PLACEMENT_3D('',#9082,#7195,#7196);
#6567=AXIS2_PLACEMENT_3D('',#9084,#7197,#7198);
#6568=AXIS2_PLACEMENT_3D('',#9088,#7200,#7201);
#6569=AXIS2_PLACEMENT_3D('',#9092,#7203,#7204);
#6570=AXIS2_PLACEMENT_3D('',#9096,#7206,#7207);
#6571=AXIS2_PLACEMENT_3D('',#9098,#7208,#7209);
#6572=AXIS2_PLACEMENT_3D('',#9110,#7215,#7216);
#6573=AXIS2_PLACEMENT_3D('',#9118,#7221,#7222);
#6574=AXIS2_PLACEMENT_3D('',#9124,#7226,#7227);
#6575=AXIS2_PLACEMENT_3D('',#9136,#7234,#7235);
#6576=AXIS2_PLACEMENT_3D('',#9138,#7237,#7238);
#6577=AXIS2_PLACEMENT_3D('',#9140,#7240,#7241);
#6578=AXIS2_PLACEMENT_3D('',#9164,#7253,#7254);
#6579=AXIS2_PLACEMENT_3D('',#9168,#7256,#7257);
#6580=AXIS2_PLACEMENT_3D('',#9186,#7267,#7268);
#6581=AXIS2_PLACEMENT_3D('',#9190,#7271,#7272);
#6582=AXIS2_PLACEMENT_3D('',#9192,#7274,#7275);
#6583=AXIS2_PLACEMENT_3D('',#9196,#7278,#7279);
#6584=AXIS2_PLACEMENT_3D('',#9199,#7281,#7282);
#6585=AXIS2_PLACEMENT_3D('',#9200,#7283,#7284);
#6586=AXIS2_PLACEMENT_3D('',#9204,#7287,#7288);
#6587=AXIS2_PLACEMENT_3D('',#9224,#7299,#7300);
#6588=AXIS2_PLACEMENT_3D('',#9232,#7305,#7306);
#6589=AXIS2_PLACEMENT_3D('',#9236,#7309,#7310);
#6590=AXIS2_PLACEMENT_3D('',#9240,#7313,#7314);
#6591=AXIS2_PLACEMENT_3D('',#9244,#7317,#7318);
#6592=AXIS2_PLACEMENT_3D('',#9248,#7321,#7322);
#6593=AXIS2_PLACEMENT_3D('',#9252,#7324,#7325);
#6594=AXIS2_PLACEMENT_3D('',#9256,#7327,#7328);
#6595=AXIS2_PLACEMENT_3D('',#9260,#7330,#7331);
#6596=AXIS2_PLACEMENT_3D('',#9264,#7333,#7334);
#6597=AXIS2_PLACEMENT_3D('',#9268,#7336,#7337);
#6598=AXIS2_PLACEMENT_3D('',#9272,#7339,#7340);
#6599=AXIS2_PLACEMENT_3D('',#9283,#7346,#7347);
#6600=AXIS2_PLACEMENT_3D('',#9285,#7348,#7349);
#6601=AXIS2_PLACEMENT_3D('',#9286,#7350,#7351);
#6602=AXIS2_PLACEMENT_3D('',#9292,#7355,#7356);
#6603=AXIS2_PLACEMENT_3D('',#9296,#7359,#7360);
#6604=AXIS2_PLACEMENT_3D('',#9300,#7363,#7364);
#6605=AXIS2_PLACEMENT_3D('',#9302,#7365,#7366);
#6606=AXIS2_PLACEMENT_3D('',#9304,#7368,#7369);
#6607=AXIS2_PLACEMENT_3D('',#9313,#7374,#7375);
#6608=AXIS2_PLACEMENT_3D('',#9319,#7379,#7380);
#6609=AXIS2_PLACEMENT_3D('',#9325,#7384,#7385);
#6610=AXIS2_PLACEMENT_3D('',#9334,#7390,#7391);
#6611=AXIS2_PLACEMENT_3D('',#9340,#7395,#7396);
#6612=AXIS2_PLACEMENT_3D('',#9346,#7400,#7401);
#6613=AXIS2_PLACEMENT_3D('',#9355,#7406,#7407);
#6614=AXIS2_PLACEMENT_3D('',#9361,#7411,#7412);
#6615=AXIS2_PLACEMENT_3D('',#9367,#7416,#7417);
#6616=AXIS2_PLACEMENT_3D('',#9370,#7420,#7421);
#6617=AXIS2_PLACEMENT_3D('',#9373,#7424,#7425);
#6618=AXIS2_PLACEMENT_3D('',#9376,#7428,#7429);
#6619=AXIS2_PLACEMENT_3D('',#9385,#7434,#7435);
#6620=AXIS2_PLACEMENT_3D('',#9391,#7439,#7440);
#6621=AXIS2_PLACEMENT_3D('',#9400,#7445,#7446);
#6622=AXIS2_PLACEMENT_3D('',#9408,#7451,#7452);
#6623=AXIS2_PLACEMENT_3D('',#9414,#7456,#7457);
#6624=AXIS2_PLACEMENT_3D('',#9420,#7461,#7462);
#6625=AXIS2_PLACEMENT_3D('',#9426,#7466,#7467);
#6626=AXIS2_PLACEMENT_3D('',#9433,#7472,#7473);
#6627=AXIS2_PLACEMENT_3D('',#9437,#7476,#7477);
#6628=AXIS2_PLACEMENT_3D('',#9441,#7480,#7481);
#6629=AXIS2_PLACEMENT_3D('',#9445,#7484,#7485);
#6630=AXIS2_PLACEMENT_3D('',#9451,#7489,#7490);
#6631=AXIS2_PLACEMENT_3D('',#9455,#7493,#7494);
#6632=AXIS2_PLACEMENT_3D('',#9456,#7495,#7496);
#6633=AXIS2_PLACEMENT_3D('',#9457,#7497,#7498);
#6634=AXIS2_PLACEMENT_3D('',#9463,#7502,#7503);
#6635=AXIS2_PLACEMENT_3D('',#9466,#7506,#7507);
#6636=AXIS2_PLACEMENT_3D('',#9472,#7511,#7512);
#6637=AXIS2_PLACEMENT_3D('',#9475,#7515,#7516);
#6638=AXIS2_PLACEMENT_3D('',#9476,#7517,#7518);
#6639=AXIS2_PLACEMENT_3D('',#9480,#7521,#7522);
#6640=AXIS2_PLACEMENT_3D('',#9481,#7523,#7524);
#6641=AXIS2_PLACEMENT_3D('',#9482,#7525,#7526);
#6642=AXIS2_PLACEMENT_3D('',#9483,#7527,#7528);
#6643=AXIS2_PLACEMENT_3D('',#9484,#7529,#7530);
#6644=AXIS2_PLACEMENT_3D('',#9485,#7531,#7532);
#6645=AXIS2_PLACEMENT_3D('',#9491,#7536,#7537);
#6646=AXIS2_PLACEMENT_3D('',#9495,#7540,#7541);
#6647=AXIS2_PLACEMENT_3D('',#9501,#7545,#7546);
#6648=AXIS2_PLACEMENT_3D('',#9505,#7549,#7550);
#6649=AXIS2_PLACEMENT_3D('',#9507,#7552,#7553);
#6650=AXIS2_PLACEMENT_3D('',#9511,#7556,#7557);
#6651=AXIS2_PLACEMENT_3D('',#9513,#7559,#7560);
#6652=AXIS2_PLACEMENT_3D('',#9518,#7564,#7565);
#6653=AXIS2_PLACEMENT_3D('',#9526,#7570,#7571);
#6654=AXIS2_PLACEMENT_3D('',#9528,#7572,#7573);
#6655=AXIS2_PLACEMENT_3D('',#9531,#7575,#7576);
#6656=AXIS2_PLACEMENT_3D('',#9532,#7577,#7578);
#6657=AXIS2_PLACEMENT_3D('',#9533,#7579,#7580);
#6658=AXIS2_PLACEMENT_3D('',#9535,#7581,#7582);
#6659=AXIS2_PLACEMENT_3D('',#9538,#7584,#7585);
#6660=AXIS2_PLACEMENT_3D('',#9539,#7586,#7587);
#6661=AXIS2_PLACEMENT_3D('',#9540,#7588,#7589);
#6662=AXIS2_PLACEMENT_3D('',#9542,#7590,#7591);
#6663=AXIS2_PLACEMENT_3D('',#9545,#7593,#7594);
#6664=AXIS2_PLACEMENT_3D('',#9546,#7595,#7596);
#6665=AXIS2_PLACEMENT_3D('',#9547,#7597,#7598);
#6666=AXIS2_PLACEMENT_3D('',#9549,#7599,#7600);
#6667=AXIS2_PLACEMENT_3D('',#9552,#7602,#7603);
#6668=AXIS2_PLACEMENT_3D('',#9553,#7604,#7605);
#6669=AXIS2_PLACEMENT_3D('',#9554,#7606,#7607);
#6670=AXIS2_PLACEMENT_3D('',#9557,#7609,#7610);
#6671=AXIS2_PLACEMENT_3D('',#9558,#7611,#7612);
#6672=AXIS2_PLACEMENT_3D('',#9561,#7614,#7615);
#6673=AXIS2_PLACEMENT_3D('',#9562,#7616,#7617);
#6674=AXIS2_PLACEMENT_3D('',#9565,#7619,#7620);
#6675=AXIS2_PLACEMENT_3D('',#9566,#7621,#7622);
#6676=AXIS2_PLACEMENT_3D('',#9569,#7624,#7625);
#6677=AXIS2_PLACEMENT_3D('',#9570,#7626,#7627);
#6678=AXIS2_PLACEMENT_3D('',#9572,#7628,#7629);
#6679=AXIS2_PLACEMENT_3D('',#9575,#7631,#7632);
#6680=AXIS2_PLACEMENT_3D('',#9576,#7633,#7634);
#6681=AXIS2_PLACEMENT_3D('',#9578,#7635,#7636);
#6682=AXIS2_PLACEMENT_3D('',#9588,#7642,#7643);
#6683=AXIS2_PLACEMENT_3D('',#9590,#7644,#7645);
#6684=AXIS2_PLACEMENT_3D('',#9591,#7646,#7647);
#6685=AXIS2_PLACEMENT_3D('',#9594,#7649,#7650);
#6686=AXIS2_PLACEMENT_3D('',#9595,#7651,#7652);
#6687=AXIS2_PLACEMENT_3D('',#9598,#7654,#7655);
#6688=AXIS2_PLACEMENT_3D('',#9599,#7656,#7657);
#6689=AXIS2_PLACEMENT_3D('',#9602,#7659,#7660);
#6690=AXIS2_PLACEMENT_3D('',#9603,#7661,#7662);
#6691=AXIS2_PLACEMENT_3D('',#9605,#7663,#7664);
#6692=AXIS2_PLACEMENT_3D('',#9608,#7666,#7667);
#6693=AXIS2_PLACEMENT_3D('',#9609,#7668,#7669);
#6694=AXIS2_PLACEMENT_3D('',#9611,#7670,#7671);
#6695=AXIS2_PLACEMENT_3D('',#9613,#7673,#7674);
#6696=AXIS2_PLACEMENT_3D('',#9626,#7681,#7682);
#6697=AXIS2_PLACEMENT_3D('',#9628,#7683,#7684);
#6698=AXIS2_PLACEMENT_3D('',#9631,#7686,#7687);
#6699=AXIS2_PLACEMENT_3D('',#9632,#7688,#7689);
#6700=AXIS2_PLACEMENT_3D('',#9634,#7690,#7691);
#6701=AXIS2_PLACEMENT_3D('',#9636,#7693,#7694);
#6702=AXIS2_PLACEMENT_3D('',#9649,#7701,#7702);
#6703=AXIS2_PLACEMENT_3D('',#9651,#7703,#7704);
#6704=AXIS2_PLACEMENT_3D('',#9654,#7706,#7707);
#6705=AXIS2_PLACEMENT_3D('',#9655,#7708,#7709);
#6706=AXIS2_PLACEMENT_3D('',#9657,#7710,#7711);
#6707=AXIS2_PLACEMENT_3D('',#9659,#7713,#7714);
#6708=AXIS2_PLACEMENT_3D('',#9672,#7721,#7722);
#6709=AXIS2_PLACEMENT_3D('',#9674,#7723,#7724);
#6710=AXIS2_PLACEMENT_3D('',#9677,#7726,#7727);
#6711=AXIS2_PLACEMENT_3D('',#9678,#7728,#7729);
#6712=AXIS2_PLACEMENT_3D('',#9680,#7730,#7731);
#6713=AXIS2_PLACEMENT_3D('',#9682,#7733,#7734);
#6714=AXIS2_PLACEMENT_3D('',#9695,#7741,#7742);
#6715=AXIS2_PLACEMENT_3D('',#9701,#7746,#7747);
#6716=AXIS2_PLACEMENT_3D('',#9705,#7750,#7751);
#6717=AXIS2_PLACEMENT_3D('',#9709,#7754,#7755);
#6718=AXIS2_PLACEMENT_3D('',#9713,#7758,#7759);
#6719=AXIS2_PLACEMENT_3D('',#9717,#7762,#7763);
#6720=AXIS2_PLACEMENT_3D('',#9719,#7765,#7766);
#6721=AXIS2_PLACEMENT_3D('',#9720,#7767,#7768);
#6722=AXIS2_PLACEMENT_3D('',#9721,#7769,#7770);
#6723=AXIS2_PLACEMENT_3D('',#9727,#7774,#7775);
#6724=AXIS2_PLACEMENT_3D('',#9731,#7778,#7779);
#6725=AXIS2_PLACEMENT_3D('',#9735,#7782,#7783);
#6726=AXIS2_PLACEMENT_3D('',#9739,#7786,#7787);
#6727=AXIS2_PLACEMENT_3D('',#9743,#7790,#7791);
#6728=AXIS2_PLACEMENT_3D('',#9745,#7793,#7794);
#6729=AXIS2_PLACEMENT_3D('',#9746,#7795,#7796);
#6730=AXIS2_PLACEMENT_3D('',#9747,#7797,#7798);
#6731=AXIS2_PLACEMENT_3D('',#9753,#7802,#7803);
#6732=AXIS2_PLACEMENT_3D('',#9757,#7806,#7807);
#6733=AXIS2_PLACEMENT_3D('',#9761,#7810,#7811);
#6734=AXIS2_PLACEMENT_3D('',#9765,#7814,#7815);
#6735=AXIS2_PLACEMENT_3D('',#9769,#7818,#7819);
#6736=AXIS2_PLACEMENT_3D('',#9771,#7821,#7822);
#6737=AXIS2_PLACEMENT_3D('',#9772,#7823,#7824);
#6738=AXIS2_PLACEMENT_3D('',#9773,#7825,#7826);
#6739=AXIS2_PLACEMENT_3D('',#9779,#7830,#7831);
#6740=AXIS2_PLACEMENT_3D('',#9783,#7834,#7835);
#6741=AXIS2_PLACEMENT_3D('',#9787,#7838,#7839);
#6742=AXIS2_PLACEMENT_3D('',#9791,#7842,#7843);
#6743=AXIS2_PLACEMENT_3D('',#9795,#7846,#7847);
#6744=AXIS2_PLACEMENT_3D('',#9797,#7849,#7850);
#6745=AXIS2_PLACEMENT_3D('',#9798,#7851,#7852);
#6746=AXIS2_PLACEMENT_3D('',#9799,#7853,#7854);
#6747=AXIS2_PLACEMENT_3D('',#9802,#7855,#7856);
#6748=AXIS2_PLACEMENT_3D('',#9806,#7858,#7859);
#6749=AXIS2_PLACEMENT_3D('',#9808,#7861,#7862);
#6750=AXIS2_PLACEMENT_3D('',#9811,#7863,#7864);
#6751=AXIS2_PLACEMENT_3D('',#9815,#7866,#7867);
#6752=AXIS2_PLACEMENT_3D('',#9817,#7869,#7870);
#6753=AXIS2_PLACEMENT_3D('',#9820,#7871,#7872);
#6754=AXIS2_PLACEMENT_3D('',#9824,#7874,#7875);
#6755=AXIS2_PLACEMENT_3D('',#9826,#7877,#7878);
#6756=AXIS2_PLACEMENT_3D('',#9829,#7879,#7880);
#6757=AXIS2_PLACEMENT_3D('',#9833,#7882,#7883);
#6758=AXIS2_PLACEMENT_3D('',#9835,#7885,#7886);
#6759=AXIS2_PLACEMENT_3D('',#9838,#7887,#7888);
#6760=AXIS2_PLACEMENT_3D('',#9842,#7890,#7891);
#6761=AXIS2_PLACEMENT_3D('',#9844,#7893,#7894);
#6762=AXIS2_PLACEMENT_3D('',#9847,#7895,#7896);
#6763=AXIS2_PLACEMENT_3D('',#9851,#7898,#7899);
#6764=AXIS2_PLACEMENT_3D('',#9853,#7901,#7902);
#6765=AXIS2_PLACEMENT_3D('',#9856,#7903,#7904);
#6766=AXIS2_PLACEMENT_3D('',#9860,#7906,#7907);
#6767=AXIS2_PLACEMENT_3D('',#9862,#7909,#7910);
#6768=AXIS2_PLACEMENT_3D('',#9865,#7911,#7912);
#6769=AXIS2_PLACEMENT_3D('',#9869,#7914,#7915);
#6770=AXIS2_PLACEMENT_3D('',#9871,#7917,#7918);
#6771=AXIS2_PLACEMENT_3D('',#9874,#7919,#7920);
#6772=AXIS2_PLACEMENT_3D('',#9878,#7922,#7923);
#6773=AXIS2_PLACEMENT_3D('',#9880,#7925,#7926);
#6774=AXIS2_PLACEMENT_3D('',#9882,#7927,#7928);
#6775=AXIS2_PLACEMENT_3D('',#9888,#7931,#7932);
#6776=AXIS2_PLACEMENT_3D('',#9893,#7935,#7936);
#6777=AXIS2_PLACEMENT_3D('',#9900,#7941,#7942);
#6778=AXIS2_PLACEMENT_3D('',#9905,#7945,#7946);
#6779=AXIS2_PLACEMENT_3D('',#9910,#7949,#7950);
#6780=AXIS2_PLACEMENT_3D('',#9915,#7953,#7954);
#6781=AXIS2_PLACEMENT_3D('',#9919,#7957,#7958);
#6782=AXIS2_PLACEMENT_3D('',#9920,#7959,#7960);
#6783=AXIS2_PLACEMENT_3D('',#9923,#7961,#7962);
#6784=AXIS2_PLACEMENT_3D('',#9926,#7965,#7966);
#6785=AXIS2_PLACEMENT_3D('',#9929,#7967,#7968);
#6786=AXIS2_PLACEMENT_3D('',#9932,#7971,#7972);
#6787=AXIS2_PLACEMENT_3D('',#9935,#7973,#7974);
#6788=AXIS2_PLACEMENT_3D('',#9938,#7977,#7978);
#6789=AXIS2_PLACEMENT_3D('',#9941,#7979,#7980);
#6790=AXIS2_PLACEMENT_3D('',#9944,#7983,#7984);
#6791=AXIS2_PLACEMENT_3D('',#9947,#7985,#7986);
#6792=AXIS2_PLACEMENT_3D('',#9950,#7989,#7990);
#6793=AXIS2_PLACEMENT_3D('',#9953,#7991,#7992);
#6794=AXIS2_PLACEMENT_3D('',#9956,#7995,#7996);
#6795=AXIS2_PLACEMENT_3D('',#9959,#7997,#7998);
#6796=AXIS2_PLACEMENT_3D('',#9962,#8001,#8002);
#6797=AXIS2_PLACEMENT_3D('',#9964,#8004,#8005);
#6798=AXIS2_PLACEMENT_3D('',#9966,#8007,#8008);
#6799=AXIS2_PLACEMENT_3D('',#9968,#8010,#8011);
#6800=AXIS2_PLACEMENT_3D('',#9970,#8013,#8014);
#6801=AXIS2_PLACEMENT_3D('',#9972,#8016,#8017);
#6802=AXIS2_PLACEMENT_3D('',#9974,#8019,#8020);
#6803=AXIS2_PLACEMENT_3D('',#9976,#8022,#8023);
#6804=AXIS2_PLACEMENT_3D('',#9978,#8025,#8026);
#6805=AXIS2_PLACEMENT_3D('',#9980,#8028,#8029);
#6806=AXIS2_PLACEMENT_3D('',#9982,#8031,#8032);
#6807=AXIS2_PLACEMENT_3D('',#9984,#8034,#8035);
#6808=AXIS2_PLACEMENT_3D('',#9986,#8037,#8038);
#6809=AXIS2_PLACEMENT_3D('',#9988,#8040,#8041);
#6810=AXIS2_PLACEMENT_3D('',#9990,#8043,#8044);
#6811=AXIS2_PLACEMENT_3D('',#9992,#8046,#8047);
#6812=AXIS2_PLACEMENT_3D('',#9994,#8049,#8050);
#6813=AXIS2_PLACEMENT_3D('',#9996,#8051,#8052);
#6814=AXIS2_PLACEMENT_3D('',#9998,#8054,#8055);
#6815=AXIS2_PLACEMENT_3D('',#10000,#8056,#8057);
#6816=AXIS2_PLACEMENT_3D('',#10002,#8058,#8059);
#6817=AXIS2_PLACEMENT_3D('',#10004,#8060,#8061);
#6818=AXIS2_PLACEMENT_3D('',#10006,#8062,#8063);
#6819=AXIS2_PLACEMENT_3D('',#10008,#8064,#8065);
#6820=AXIS2_PLACEMENT_3D('',#10010,#8066,#8067);
#6821=AXIS2_PLACEMENT_3D('',#10012,#8068,#8069);
#6822=AXIS2_PLACEMENT_3D('',#10014,#8070,#8071);
#6823=AXIS2_PLACEMENT_3D('',#10016,#8072,#8073);
#6824=AXIS2_PLACEMENT_3D('',#10017,#8074,#8075);
#6825=AXIS2_PLACEMENT_3D('',#10020,#8077,#8078);
#6826=AXIS2_PLACEMENT_3D('',#10021,#8079,#8080);
#6827=AXIS2_PLACEMENT_3D('',#10024,#8082,#8083);
#6828=AXIS2_PLACEMENT_3D('',#10025,#8084,#8085);
#6829=AXIS2_PLACEMENT_3D('',#10028,#8087,#8088);
#6830=AXIS2_PLACEMENT_3D('',#10029,#8089,#8090);
#6831=AXIS2_PLACEMENT_3D('',#10032,#8092,#8093);
#6832=AXIS2_PLACEMENT_3D('',#10033,#8094,#8095);
#6833=AXIS2_PLACEMENT_3D('',#10036,#8097,#8098);
#6834=AXIS2_PLACEMENT_3D('',#10037,#8099,#8100);
#6835=AXIS2_PLACEMENT_3D('',#10040,#8102,#8103);
#6836=AXIS2_PLACEMENT_3D('',#10041,#8104,#8105);
#6837=AXIS2_PLACEMENT_3D('',#10044,#8107,#8108);
#6838=AXIS2_PLACEMENT_3D('',#10045,#8109,#8110);
#6839=AXIS2_PLACEMENT_3D('',#10048,#8112,#8113);
#6840=AXIS2_PLACEMENT_3D('',#10049,#8114,#8115);
#6841=AXIS2_PLACEMENT_3D('',#10051,#8116,#8117);
#6842=AXIS2_PLACEMENT_3D('',#10053,#8119,#8120);
#6843=AXIS2_PLACEMENT_3D('',#10055,#8122,#8123);
#6844=AXIS2_PLACEMENT_3D('',#10056,#8124,#8125);
#6845=AXIS2_PLACEMENT_3D('',#10060,#8128,#8129);
#6846=AXIS2_PLACEMENT_3D('',#10062,#8130,#8131);
#6847=AXIS2_PLACEMENT_3D('',#10064,#8133,#8134);
#6848=AXIS2_PLACEMENT_3D('',#10068,#8137,#8138);
#6849=AXIS2_PLACEMENT_3D('',#10070,#8139,#8140);
#6850=AXIS2_PLACEMENT_3D('',#10072,#8142,#8143);
#6851=AXIS2_PLACEMENT_3D('',#10076,#8146,#8147);
#6852=AXIS2_PLACEMENT_3D('',#10078,#8148,#8149);
#6853=AXIS2_PLACEMENT_3D('',#10080,#8151,#8152);
#6854=AXIS2_PLACEMENT_3D('',#10084,#8155,#8156);
#6855=AXIS2_PLACEMENT_3D('',#10086,#8157,#8158);
#6856=AXIS2_PLACEMENT_3D('',#10088,#8160,#8161);
#6857=AXIS2_PLACEMENT_3D('',#10092,#8164,#8165);
#6858=AXIS2_PLACEMENT_3D('',#10094,#8166,#8167);
#6859=AXIS2_PLACEMENT_3D('',#10096,#8169,#8170);
#6860=AXIS2_PLACEMENT_3D('',#10100,#8173,#8174);
#6861=AXIS2_PLACEMENT_3D('',#10101,#8175,#8176);
#6862=AXIS2_PLACEMENT_3D('',#10102,#8177,#8178);
#6863=AXIS2_PLACEMENT_3D('',#10106,#8180,#8181);
#6864=AXIS2_PLACEMENT_3D('',#10108,#8183,#8184);
#6865=AXIS2_PLACEMENT_3D('',#10112,#8187,#8188);
#6866=AXIS2_PLACEMENT_3D('',#10115,#8190,#8191);
#6867=AXIS2_PLACEMENT_3D('',#10116,#8192,#8193);
#6868=AXIS2_PLACEMENT_3D('',#10120,#8196,#8197);
#6869=AXIS2_PLACEMENT_3D('',#10124,#8200,#8201);
#6870=AXIS2_PLACEMENT_3D('',#10127,#8203,#8204);
#6871=AXIS2_PLACEMENT_3D('',#10128,#8205,#8206);
#6872=AXIS2_PLACEMENT_3D('',#10131,#8208,#8209);
#6873=AXIS2_PLACEMENT_3D('',#10132,#8210,#8211);
#6874=AXIS2_PLACEMENT_3D('',#10134,#8213,#8214);
#6875=AXIS2_PLACEMENT_3D('',#10138,#8217,#8218);
#6876=AXIS2_PLACEMENT_3D('',#10141,#8220,#8221);
#6877=AXIS2_PLACEMENT_3D('',#10142,#8222,#8223);
#6878=AXIS2_PLACEMENT_3D('',#10145,#8225,#8226);
#6879=AXIS2_PLACEMENT_3D('',#10146,#8227,#8228);
#6880=AXIS2_PLACEMENT_3D('',#10148,#8230,#8231);
#6881=AXIS2_PLACEMENT_3D('',#10149,#8232,#8233);
#6882=AXIS2_PLACEMENT_3D('',#10151,#8234,#8235);
#6883=AXIS2_PLACEMENT_3D('',#10153,#8237,#8238);
#6884=AXIS2_PLACEMENT_3D('',#10155,#8239,#8240);
#6885=AXIS2_PLACEMENT_3D('',#10156,#8241,#8242);
#6886=AXIS2_PLACEMENT_3D('',#10157,#8243,#8244);
#6887=AXIS2_PLACEMENT_3D('',#10159,#8246,#8247);
#6888=AXIS2_PLACEMENT_3D('',#10162,#8248,#8249);
#6889=AXIS2_PLACEMENT_3D('',#10164,#8250,#8251);
#6890=AXIS2_PLACEMENT_3D('',#10166,#8252,#8253);
#6891=AXIS2_PLACEMENT_3D('',#10167,#8254,#8255);
#6892=AXIS2_PLACEMENT_3D('',#10168,#8256,#8257);
#6893=AXIS2_PLACEMENT_3D('',#10171,#8258,#8259);
#6894=AXIS2_PLACEMENT_3D('',#10174,#8262,#8263);
#6895=AXIS2_PLACEMENT_3D('',#10177,#8264,#8265);
#6896=AXIS2_PLACEMENT_3D('',#10178,#8266,#8267);
#6897=AXIS2_PLACEMENT_3D('',#10179,#8268,#8269);
#6898=AXIS2_PLACEMENT_3D('',#10180,#8270,#8271);
#6899=AXIS2_PLACEMENT_3D('',#10183,#8272,#8273);
#6900=AXIS2_PLACEMENT_3D('',#10186,#8276,#8277);
#6901=AXIS2_PLACEMENT_3D('',#10189,#8278,#8279);
#6902=AXIS2_PLACEMENT_3D('',#10190,#8280,#8281);
#6903=AXIS2_PLACEMENT_3D('',#10191,#8282,#8283);
#6904=AXIS2_PLACEMENT_3D('',#10192,#8284,#8285);
#6905=AXIS2_PLACEMENT_3D('',#10195,#8286,#8287);
#6906=AXIS2_PLACEMENT_3D('',#10198,#8290,#8291);
#6907=AXIS2_PLACEMENT_3D('',#10201,#8292,#8293);
#6908=AXIS2_PLACEMENT_3D('',#10202,#8294,#8295);
#6909=AXIS2_PLACEMENT_3D('',#10203,#8296,#8297);
#6910=AXIS2_PLACEMENT_3D('',#10204,#8298,#8299);
#6911=AXIS2_PLACEMENT_3D('',#10207,#8302,#8303);
#6912=AXIS2_PLACEMENT_3D('',#10213,#8307,#8308);
#6913=AXIS2_PLACEMENT_3D('',#10216,#8310,#8311);
#6914=AXIS2_PLACEMENT_3D('',#10217,#8312,#8313);
#6915=AXIS2_PLACEMENT_3D('',#10221,#8316,#8317);
#6916=AXIS2_PLACEMENT_3D('',#10224,#8319,#8320);
#6917=AXIS2_PLACEMENT_3D('',#10225,#8321,#8322);
#6918=AXIS2_PLACEMENT_3D('',#10226,#8323,#8324);
#6919=AXIS2_PLACEMENT_3D('',#10232,#8328,#8329);
#6920=AXIS2_PLACEMENT_3D('',#10234,#8330,#8331);
#6921=AXIS2_PLACEMENT_3D('',#10236,#8333,#8334);
#6922=AXIS2_PLACEMENT_3D('',#10238,#8336,#8337);
#6923=AXIS2_PLACEMENT_3D('',#10239,#8338,#8339);
#6924=AXIS2_PLACEMENT_3D('',#10240,#8340,#8341);
#6925=AXIS2_PLACEMENT_3D('',#10249,#8346,#8347);
#6926=AXIS2_PLACEMENT_3D('',#10251,#8348,#8349);
#6927=AXIS2_PLACEMENT_3D('',#10254,#8351,#8352);
#6928=AXIS2_PLACEMENT_3D('',#10255,#8353,#8354);
#6929=AXIS2_PLACEMENT_3D('',#10261,#8358,#8359);
#6930=AXIS2_PLACEMENT_3D('',#10263,#8360,#8361);
#6931=AXIS2_PLACEMENT_3D('',#10266,#8363,#8364);
#6932=AXIS2_PLACEMENT_3D('',#10267,#8365,#8366);
#6933=AXIS2_PLACEMENT_3D('',#10273,#8370,#8371);
#6934=AXIS2_PLACEMENT_3D('',#10275,#8372,#8373);
#6935=AXIS2_PLACEMENT_3D('',#10278,#8375,#8376);
#6936=AXIS2_PLACEMENT_3D('',#10279,#8377,#8378);
#6937=AXIS2_PLACEMENT_3D('',#10285,#8382,#8383);
#6938=AXIS2_PLACEMENT_3D('',#10286,#8384,#8385);
#6939=AXIS2_PLACEMENT_3D('',#10287,#8386,#8387);
#6940=AXIS2_PLACEMENT_3D('',#10288,#8388,#8389);
#6941=AXIS2_PLACEMENT_3D('',#10289,#8390,#8391);
#6942=AXIS2_PLACEMENT_3D('',#10304,#8399,#8400);
#6943=AXIS2_PLACEMENT_3D('',#10306,#8401,#8402);
#6944=AXIS2_PLACEMENT_3D('',#10308,#8403,#8404);
#6945=AXIS2_PLACEMENT_3D('',#10310,#8405,#8406);
#6946=AXIS2_PLACEMENT_3D('',#10312,#8407,#8408);
#6947=AXIS2_PLACEMENT_3D('',#10314,#8409,#8410);
#6948=AXIS2_PLACEMENT_3D('',#10316,#8411,#8412);
#6949=AXIS2_PLACEMENT_3D('',#10318,#8413,#8414);
#6950=AXIS2_PLACEMENT_3D('',#10319,#8415,#8416);
#6951=AXIS2_PLACEMENT_3D('',#10322,#8418,#8419);
#6952=AXIS2_PLACEMENT_3D('',#10323,#8420,#8421);
#6953=AXIS2_PLACEMENT_3D('',#10326,#8423,#8424);
#6954=AXIS2_PLACEMENT_3D('',#10327,#8425,#8426);
#6955=AXIS2_PLACEMENT_3D('',#10330,#8428,#8429);
#6956=AXIS2_PLACEMENT_3D('',#10331,#8430,#8431);
#6957=AXIS2_PLACEMENT_3D('',#10334,#8433,#8434);
#6958=AXIS2_PLACEMENT_3D('',#10335,#8435,#8436);
#6959=AXIS2_PLACEMENT_3D('',#10336,#8437,#8438);
#6960=AXIS2_PLACEMENT_3D('',#10337,#8439,#8440);
#6961=AXIS2_PLACEMENT_3D('',#10339,#8441,#8442);
#6962=AXIS2_PLACEMENT_3D('',#10341,#8444,#8445);
#6963=AXIS2_PLACEMENT_3D('',#10344,#8446,#8447);
#6964=AXIS2_PLACEMENT_3D('',#10345,#8448,#8449);
#6965=AXIS2_PLACEMENT_3D('',#10346,#8450,#8451);
#6966=AXIS2_PLACEMENT_3D('',#10348,#8452,#8453);
#6967=AXIS2_PLACEMENT_3D('',#10351,#8455,#8456);
#6968=AXIS2_PLACEMENT_3D('',#10352,#8457,#8458);
#6969=AXIS2_PLACEMENT_3D('',#10354,#8459,#8460);
#6970=AXIS2_PLACEMENT_3D('',#10356,#8461,#8462);
#6971=AXIS2_PLACEMENT_3D('',#10358,#8463,#8464);
#6972=AXIS2_PLACEMENT_3D('',#10360,#8465,#8466);
#6973=AXIS2_PLACEMENT_3D('',#10362,#8467,#8468);
#6974=AXIS2_PLACEMENT_3D('',#10364,#8469,#8470);
#6975=AXIS2_PLACEMENT_3D('',#10366,#8471,#8472);
#6976=AXIS2_PLACEMENT_3D('',#10368,#8473,#8474);
#6977=AXIS2_PLACEMENT_3D('',#10370,#8475,#8476);
#6978=AXIS2_PLACEMENT_3D('',#10372,#8477,#8478);
#6979=AXIS2_PLACEMENT_3D('',#10374,#8479,#8480);
#6980=AXIS2_PLACEMENT_3D('',#10376,#8481,#8482);
#6981=AXIS2_PLACEMENT_3D('',#10378,#8483,#8484);
#6982=AXIS2_PLACEMENT_3D('',#10379,#8485,#8486);
#6983=AXIS2_PLACEMENT_3D('',#10381,#8488,#8489);
#6984=AXIS2_PLACEMENT_3D('',#10384,#8491,#8492);
#6985=AXIS2_PLACEMENT_3D('',#10385,#8493,#8494);
#6986=AXIS2_PLACEMENT_3D('',#10388,#8496,#8497);
#6987=AXIS2_PLACEMENT_3D('',#10389,#8498,#8499);
#6988=AXIS2_PLACEMENT_3D('',#10392,#8501,#8502);
#6989=AXIS2_PLACEMENT_3D('',#10393,#8503,#8504);
#6990=AXIS2_PLACEMENT_3D('',#10396,#8506,#8507);
#6991=AXIS2_PLACEMENT_3D('',#10397,#8508,#8509);
#6992=AXIS2_PLACEMENT_3D('',#10400,#8511,#8512);
#6993=AXIS2_PLACEMENT_3D('',#10401,#8513,#8514);
#6994=AXIS2_PLACEMENT_3D('',#10404,#8516,#8517);
#6995=AXIS2_PLACEMENT_3D('',#10405,#8518,#8519);
#6996=AXIS2_PLACEMENT_3D('',#10408,#8521,#8522);
#6997=AXIS2_PLACEMENT_3D('',#10409,#8523,#8524);
#6998=AXIS2_PLACEMENT_3D('',#10412,#8526,#8527);
#6999=AXIS2_PLACEMENT_3D('',#10413,#8528,#8529);
#7000=AXIS2_PLACEMENT_3D('',#10416,#8531,#8532);
#7001=AXIS2_PLACEMENT_3D('',#10417,#8533,#8534);
#7002=AXIS2_PLACEMENT_3D('',#10420,#8536,#8537);
#7003=AXIS2_PLACEMENT_3D('',#10421,#8538,#8539);
#7004=AXIS2_PLACEMENT_3D('',#10424,#8541,#8542);
#7005=AXIS2_PLACEMENT_3D('',#10425,#8543,#8544);
#7006=AXIS2_PLACEMENT_3D('',#10428,#8546,#8547);
#7007=AXIS2_PLACEMENT_3D('',#10429,#8548,#8549);
#7008=AXIS2_PLACEMENT_3D('',#10432,#8551,#8552);
#7009=AXIS2_PLACEMENT_3D('',#10433,#8553,#8554);
#7010=AXIS2_PLACEMENT_3D('',#10436,#8556,#8557);
#7011=AXIS2_PLACEMENT_3D('',#10437,#8558,#8559);
#7012=AXIS2_PLACEMENT_3D('',#10440,#8561,#8562);
#7013=AXIS2_PLACEMENT_3D('',#10441,#8563,#8564);
#7014=AXIS2_PLACEMENT_3D('',#10444,#8566,#8567);
#7015=AXIS2_PLACEMENT_3D('',#10445,#8568,#8569);
#7016=AXIS2_PLACEMENT_3D('',#10448,#8571,#8572);
#7017=AXIS2_PLACEMENT_3D('',#10449,#8573,#8574);
#7018=AXIS2_PLACEMENT_3D('',#10452,#8576,#8577);
#7019=AXIS2_PLACEMENT_3D('',#10453,#8578,#8579);
#7020=AXIS2_PLACEMENT_3D('',#10456,#8581,#8582);
#7021=AXIS2_PLACEMENT_3D('',#10457,#8583,#8584);
#7022=AXIS2_PLACEMENT_3D('',#10460,#8586,#8587);
#7023=AXIS2_PLACEMENT_3D('',#10461,#8588,#8589);
#7024=AXIS2_PLACEMENT_3D('',#10464,#8591,#8592);
#7025=AXIS2_PLACEMENT_3D('',#10465,#8593,#8594);
#7026=AXIS2_PLACEMENT_3D('',#10468,#8596,#8597);
#7027=AXIS2_PLACEMENT_3D('',#10469,#8598,#8599);
#7028=AXIS2_PLACEMENT_3D('',#10472,#8601,#8602);
#7029=AXIS2_PLACEMENT_3D('',#10473,#8603,#8604);
#7030=AXIS2_PLACEMENT_3D('',#10476,#8606,#8607);
#7031=AXIS2_PLACEMENT_3D('',#10477,#8608,#8609);
#7032=AXIS2_PLACEMENT_3D('',#10478,#8610,#8611);
#7033=AXIS2_PLACEMENT_3D('',#10479,#8612,#8613);
#7034=AXIS2_PLACEMENT_3D('',#10480,#8614,#8615);
#7035=AXIS2_PLACEMENT_3D('',#10481,#8616,#8617);
#7036=AXIS2_PLACEMENT_3D('',#10490,#8622,#8623);
#7037=AXIS2_PLACEMENT_3D('',#10496,#8627,#8628);
#7038=AXIS2_PLACEMENT_3D('',#10502,#8632,#8633);
#7039=AXIS2_PLACEMENT_3D('',#10508,#8637,#8638);
#7040=AXIS2_PLACEMENT_3D('',#10514,#8642,#8643);
#7041=AXIS2_PLACEMENT_3D('',#10517,#8646,#8647);
#7042=AXIS2_PLACEMENT_3D('',#10518,#8648,#8649);
#7043=AXIS2_PLACEMENT_3D('',#10520,#8650,#8651);
#7044=AXIS2_PLACEMENT_3D('',#10522,#8652,#8653);
#7045=AXIS2_PLACEMENT_3D('',#10523,#8654,#8655);
#7046=AXIS2_PLACEMENT_3D('',#10525,#8657,#8658);
#7047=AXIS2_PLACEMENT_3D('',#10527,#8659,#8660);
#7048=AXIS2_PLACEMENT_3D('',#10529,#8662,#8663);
#7049=AXIS2_PLACEMENT_3D('',#10530,#8664,#8665);
#7050=AXIS2_PLACEMENT_3D('',#10531,#8666,#8667);
#7051=AXIS2_PLACEMENT_3D('',#10532,#8668,#8669);
#7052=AXIS2_PLACEMENT_3D('',#10533,#8670,#8671);
#7053=AXIS2_PLACEMENT_3D('',#10534,#8672,#8673);
#7054=AXIS2_PLACEMENT_3D('',#10535,#8674,#8675);
#7055=AXIS2_PLACEMENT_3D('',#10536,#8676,#8677);
#7056=AXIS2_PLACEMENT_3D('',#10537,#8678,#8679);
#7057=AXIS2_PLACEMENT_3D('',#10538,#8680,#8681);
#7058=AXIS2_PLACEMENT_3D('',#10540,#8682,#8683);
#7059=AXIS2_PLACEMENT_3D('',#10543,#8685,#8686);
#7060=AXIS2_PLACEMENT_3D('',#10544,#8687,#8688);
#7061=AXIS2_PLACEMENT_3D('',#10547,#8689,#8690);
#7062=AXIS2_PLACEMENT_3D('',#10548,#8691,#8692);
#7063=AXIS2_PLACEMENT_3D('',#10549,#8693,#8694);
#7064=AXIS2_PLACEMENT_3D('',#10552,#8695,#8696);
#7065=AXIS2_PLACEMENT_3D('',#10553,#8697,#8698);
#7066=AXIS2_PLACEMENT_3D('',#10554,#8699,#8700);
#7067=AXIS2_PLACEMENT_3D('',#10557,#8702,#8703);
#7068=AXIS2_PLACEMENT_3D('',#10558,#8704,#8705);
#7069=AXIS2_PLACEMENT_3D('',#10567,#8710,#8711);
#7070=AXIS2_PLACEMENT_3D('',#10569,#8712,#8713);
#7071=AXIS2_PLACEMENT_3D('',#10572,#8715,#8716);
#7072=AXIS2_PLACEMENT_3D('',#10573,#8717,#8718);
#7073=AXIS2_PLACEMENT_3D('',#10579,#8722,#8723);
#7074=AXIS2_PLACEMENT_3D('',#10581,#8724,#8725);
#7075=AXIS2_PLACEMENT_3D('',#10584,#8727,#8728);
#7076=AXIS2_PLACEMENT_3D('',#10585,#8729,#8730);
#7077=AXIS2_PLACEMENT_3D('',#10591,#8734,#8735);
#7078=AXIS2_PLACEMENT_3D('',#10593,#8736,#8737);
#7079=AXIS2_PLACEMENT_3D('',#10596,#8739,#8740);
#7080=AXIS2_PLACEMENT_3D('',#10597,#8741,#8742);
#7081=AXIS2_PLACEMENT_3D('',#10603,#8746,#8747);
#7082=AXIS2_PLACEMENT_3D('',#10605,#8748,#8749);
#7083=AXIS2_PLACEMENT_3D('',#10608,#8751,#8752);
#7084=AXIS2_PLACEMENT_3D('',#10609,#8753,#8754);
#7085=AXIS2_PLACEMENT_3D('',#10615,#8758,#8759);
#7086=AXIS2_PLACEMENT_3D('',#10617,#8760,#8761);
#7087=AXIS2_PLACEMENT_3D('',#10620,#8763,#8764);
#7088=AXIS2_PLACEMENT_3D('',#10621,#8765,#8766);
#7089=AXIS2_PLACEMENT_3D('',#10627,#8770,#8771);
#7090=AXIS2_PLACEMENT_3D('',#10629,#8772,#8773);
#7091=AXIS2_PLACEMENT_3D('',#10632,#8775,#8776);
#7092=AXIS2_PLACEMENT_3D('',#10633,#8777,#8778);
#7093=AXIS2_PLACEMENT_3D('',#10639,#8782,#8783);
#7094=AXIS2_PLACEMENT_3D('',#10641,#8784,#8785);
#7095=AXIS2_PLACEMENT_3D('',#10644,#8787,#8788);
#7096=AXIS2_PLACEMENT_3D('',#10645,#8789,#8790);
#7097=AXIS2_PLACEMENT_3D('',#10651,#8794,#8795);
#7098=AXIS2_PLACEMENT_3D('',#10652,#8796,#8797);
#7099=AXIS2_PLACEMENT_3D('',#10653,#8798,#8799);
#7100=AXIS2_PLACEMENT_3D('',#10654,#8800,#8801);
#7101=AXIS2_PLACEMENT_3D('',#10655,#8802,#8803);
#7102=AXIS2_PLACEMENT_3D('',#10657,#8804,#8805);
#7103=AXIS2_PLACEMENT_3D('',#10659,#8807,#8808);
#7104=AXIS2_PLACEMENT_3D('',#10662,#8810,#8811);
#7105=AXIS2_PLACEMENT_3D('',#10663,#8812,#8813);
#7106=AXIS2_PLACEMENT_3D('',#10664,#8814,#8815);
#7107=AXIS2_PLACEMENT_3D('',#10673,#8820,#8821);
#7108=AXIS2_PLACEMENT_3D('',#10679,#8825,#8826);
#7109=AXIS2_PLACEMENT_3D('',#10685,#8830,#8831);
#7110=AXIS2_PLACEMENT_3D('',#10691,#8835,#8836);
#7111=AXIS2_PLACEMENT_3D('',#10697,#8840,#8841);
#7112=AXIS2_PLACEMENT_3D('',#10700,#8844,#8845);
#7113=AXIS2_PLACEMENT_3D('',#10701,#8846,#8847);
#7114=AXIS2_PLACEMENT_3D('',#10710,#8852,#8853);
#7115=AXIS2_PLACEMENT_3D('',#10716,#8857,#8858);
#7116=AXIS2_PLACEMENT_3D('',#10722,#8862,#8863);
#7117=AXIS2_PLACEMENT_3D('',#10728,#8867,#8868);
#7118=AXIS2_PLACEMENT_3D('',#10734,#8872,#8873);
#7119=AXIS2_PLACEMENT_3D('',#10737,#8876,#8877);
#7120=AXIS2_PLACEMENT_3D('',#10738,#8878,#8879);
#7121=AXIS2_PLACEMENT_3D('',#10747,#8884,#8885);
#7122=AXIS2_PLACEMENT_3D('',#10753,#8889,#8890);
#7123=AXIS2_PLACEMENT_3D('',#10759,#8894,#8895);
#7124=AXIS2_PLACEMENT_3D('',#10765,#8899,#8900);
#7125=AXIS2_PLACEMENT_3D('',#10771,#8904,#8905);
#7126=AXIS2_PLACEMENT_3D('',#10774,#8908,#8909);
#7127=AXIS2_PLACEMENT_3D('',#10775,#8910,#8911);
#7128=AXIS2_PLACEMENT_3D('',#10784,#8916,#8917);
#7129=AXIS2_PLACEMENT_3D('',#10790,#8921,#8922);
#7130=AXIS2_PLACEMENT_3D('',#10796,#8926,#8927);
#7131=AXIS2_PLACEMENT_3D('',#10802,#8931,#8932);
#7132=AXIS2_PLACEMENT_3D('',#10808,#8936,#8937);
#7133=AXIS2_PLACEMENT_3D('',#10811,#8940,#8941);
#7134=AXIS2_PLACEMENT_3D('',#10812,#8942,#8943);
#7135=AXIS2_PLACEMENT_3D('',#10815,#8945,#8946);
#7136=AXIS2_PLACEMENT_3D('',#10816,#8947,#8948);
#7137=AXIS2_PLACEMENT_3D('',#10817,#8949,#8950);
#7138=AXIS2_PLACEMENT_3D('',#10820,#8952,#8953);
#7139=AXIS2_PLACEMENT_3D('',#10821,#8954,#8955);
#7140=AXIS2_PLACEMENT_3D('',#10824,#8957,#8958);
#7141=AXIS2_PLACEMENT_3D('',#10825,#8959,#8960);
#7142=AXIS2_PLACEMENT_3D('',#10828,#8962,#8963);
#7143=AXIS2_PLACEMENT_3D('',#10829,#8964,#8965);
#7144=AXIS2_PLACEMENT_3D('',#10832,#8967,#8968);
#7145=AXIS2_PLACEMENT_3D('',#10833,#8969,#8970);
#7146=AXIS2_PLACEMENT_3D('',#10836,#8972,#8973);
#7147=AXIS2_PLACEMENT_3D('',#10837,#8974,#8975);
#7148=AXIS2_PLACEMENT_3D('',#10840,#8977,#8978);
#7149=AXIS2_PLACEMENT_3D('',#10841,#8979,#8980);
#7150=AXIS2_PLACEMENT_3D('',#10844,#8982,#8983);
#7151=AXIS2_PLACEMENT_3D('',#10845,#8984,#8985);
#7152=AXIS2_PLACEMENT_3D('',#10847,#8986,#8987);
#7153=AXIS2_PLACEMENT_3D('',#10850,#8989,#8990);
#7154=AXIS2_PLACEMENT_3D('',#10851,#8991,#8992);
#7155=AXIS2_PLACEMENT_3D('',#10853,#8993,#8994);
#7156=AXIS2_PLACEMENT_3D('',#10855,#8996,#8997);
#7157=AXIS2_PLACEMENT_3D('',#10856,#8998,#8999);
#7158=AXIS2_PLACEMENT_3D('',#10858,#9000,#9001);
#7159=AXIS2_PLACEMENT_3D('',#10861,#9003,#9004);
#7160=AXIS2_PLACEMENT_3D('',#10862,#9005,#9006);
#7161=AXIS2_PLACEMENT_3D('',#10864,#9007,#9008);
#7162=AXIS2_PLACEMENT_3D('',#10866,#9010,#9011);
#7163=AXIS2_PLACEMENT_3D('',#10867,#9012,#9013);
#7164=AXIS2_PLACEMENT_3D('',#10869,#9014,#9015);
#7165=AXIS2_PLACEMENT_3D('',#10872,#9017,#9018);
#7166=AXIS2_PLACEMENT_3D('',#10873,#9019,#9020);
#7167=AXIS2_PLACEMENT_3D('',#10875,#9021,#9022);
#7168=AXIS2_PLACEMENT_3D('',#10877,#9024,#9025);
#7169=AXIS2_PLACEMENT_3D('',#10878,#9026,#9027);
#7170=AXIS2_PLACEMENT_3D('',#10880,#9028,#9029);
#7171=AXIS2_PLACEMENT_3D('',#10883,#9031,#9032);
#7172=AXIS2_PLACEMENT_3D('',#10884,#9033,#9034);
#7173=AXIS2_PLACEMENT_3D('',#10886,#9035,#9036);
#7174=AXIS2_PLACEMENT_3D('',#10888,#9038,#9039);
#7175=AXIS2_PLACEMENT_3D('',#10889,#9040,#9041);
#7176=AXIS2_PLACEMENT_3D('',#10890,#9042,#9043);
#7177=AXIS2_PLACEMENT_3D('',#10891,#9044,#9045);
#7178=AXIS2_PLACEMENT_3D('',#10892,#9046,#9047);
#7179=AXIS2_PLACEMENT_3D('',#10893,#9048,#9049);
#7180=AXIS2_PLACEMENT_3D('',#10896,#9052,#9053);
#7181=AXIS2_PLACEMENT_3D('',#10899,#9056,#9057);
#7182=AXIS2_PLACEMENT_3D('',#10901,#9059,#9060);
#7183=AXIS2_PLACEMENT_3D('',#10902,#9061,#9062);
#7184=AXIS2_PLACEMENT_3D('',#10903,#9063,#9064);
#7185=AXIS2_PLACEMENT_3D('',#10905,#9066,#9067);
#7186=DIRECTION('axis',(0.,0.,1.));
#7187=DIRECTION('refdir',(1.,0.,0.));
#7188=DIRECTION('center_axis',(0.,0.,1.));
#7189=DIRECTION('ref_axis',(1.,0.,0.));
#7190=DIRECTION('',(1.,0.,0.));
#7191=DIRECTION('',(0.,1.,0.));
#7192=DIRECTION('',(-1.,0.,0.));
#7193=DIRECTION('',(-0.707106781186563,-0.707106781186532,0.));
#7194=DIRECTION('',(0.,-1.,0.));
#7195=DIRECTION('center_axis',(0.,0.,1.));
#7196=DIRECTION('ref_axis',(-0.927704973242121,0.373314187544266,0.));
#7197=DIRECTION('center_axis',(0.,0.,1.));
#7198=DIRECTION('ref_axis',(-0.707065872535306,0.707147687471214,0.));
#7199=DIRECTION('',(-0.707106781186543,-0.707106781186552,0.));
#7200=DIRECTION('center_axis',(0.,0.,1.));
#7201=DIRECTION('ref_axis',(0.,1.,0.));
#7202=DIRECTION('',(-1.,0.,0.));
#7203=DIRECTION('center_axis',(0.,0.,1.));
#7204=DIRECTION('ref_axis',(0.707106781140748,0.707106781232347,0.));
#7205=DIRECTION('',(-0.707106781193331,0.707106781179765,0.));
#7206=DIRECTION('center_axis',(0.,0.,1.));
#7207=DIRECTION('ref_axis',(0.919959633140165,0.392013103598097,0.));
#7208=DIRECTION('center_axis',(0.,0.,1.));
#7209=DIRECTION('ref_axis',(0.99999999832658,-5.785187715826E-5,0.));
#7210=DIRECTION('',(1.46611744700124E-11,1.,0.));
#7211=DIRECTION('',(-0.707106781186626,0.707106781186469,0.));
#7212=DIRECTION('',(-1.,0.,0.));
#7213=DIRECTION('',(0.,-1.,0.));
#7214=DIRECTION('',(1.,4.98833817752576E-16,0.));
#7215=DIRECTION('center_axis',(0.,0.,1.));
#7216=DIRECTION('ref_axis',(-0.591801612785211,-0.806083650190737,0.));
#7217=DIRECTION('',(1.,0.,0.));
#7218=DIRECTION('',(0.,1.,0.));
#7219=DIRECTION('',(-1.,0.,0.));
#7220=DIRECTION('',(0.,1.,0.));
#7221=DIRECTION('center_axis',(-0.707106781186532,0.707106781186563,0.));
#7222=DIRECTION('ref_axis',(0.707106781186563,0.707106781186532,0.));
#7223=DIRECTION('',(0.,0.,-1.));
#7224=DIRECTION('',(0.707106781186563,0.707106781186532,0.));
#7225=DIRECTION('',(0.,0.,-1.));
#7226=DIRECTION('center_axis',(0.,1.,0.));
#7227=DIRECTION('ref_axis',(1.,0.,0.));
#7228=DIRECTION('',(0.,0.,1.));
#7229=DIRECTION('',(1.,0.,0.));
#7230=DIRECTION('',(0.,0.,1.));
#7231=DIRECTION('',(1.,0.,0.));
#7232=DIRECTION('',(0.,0.,-1.));
#7233=DIRECTION('',(1.,0.,0.));
#7234=DIRECTION('center_axis',(-1.,0.,0.));
#7235=DIRECTION('ref_axis',(0.,-1.,0.));
#7236=DIRECTION('',(0.,-0.707106781186987,-0.707106781186108));
#7237=DIRECTION('center_axis',(0.,-0.707106781186108,0.707106781186987));
#7238=DIRECTION('ref_axis',(0.,-0.707106781186987,-0.707106781186108));
#7239=DIRECTION('',(0.,-0.707106781186987,-0.707106781186108));
#7240=DIRECTION('center_axis',(1.,0.,0.));
#7241=DIRECTION('ref_axis',(0.,0.,-1.));
#7242=DIRECTION('',(0.,-0.707106781186657,0.707106781186438));
#7243=DIRECTION('',(0.,0.,1.));
#7244=DIRECTION('',(0.,-1.,0.));
#7245=DIRECTION('',(0.,0.,-1.));
#7246=DIRECTION('',(0.,-0.923879532468948,-0.382683432467305));
#7247=DIRECTION('',(0.,-1.24344978758018E-13,1.));
#7248=DIRECTION('',(0.,0.44721359549993,0.89442719099993));
#7249=DIRECTION('',(0.,0.,1.));
#7250=DIRECTION('',(0.,0.,1.));
#7251=DIRECTION('',(0.,1.,0.));
#7252=DIRECTION('',(0.,0.0174524064255628,-0.999847695156596));
#7253=DIRECTION('center_axis',(-1.,0.,0.));
#7254=DIRECTION('ref_axis',(0.,1.01506105108632E-13,-1.));
#7255=DIRECTION('',(0.,1.,0.));
#7256=DIRECTION('center_axis',(-1.,0.,0.));
#7257=DIRECTION('ref_axis',(0.,0.999847695156393,-0.0174524064372048));
#7258=DIRECTION('',(0.,0.0174524064378077,0.999847695156382));
#7259=DIRECTION('',(0.,1.,0.));
#7260=DIRECTION('',(0.,-4.80096443081143E-15,-1.));
#7261=DIRECTION('',(0.,-4.80096443081143E-15,-1.));
#7262=DIRECTION('',(0.,0.44721359550001,-0.89442719099989));
#7263=DIRECTION('',(0.,-1.77635683940025E-14,-1.));
#7264=DIRECTION('',(0.,-0.923879532469723,0.382683432465434));
#7265=DIRECTION('',(0.,0.,-1.));
#7266=DIRECTION('',(0.,1.,0.));
#7267=DIRECTION('center_axis',(0.,0.707106781186438,0.707106781186657));
#7268=DIRECTION('ref_axis',(0.,-0.707106781186657,0.707106781186438));
#7269=DIRECTION('',(0.,-0.707106781186657,0.707106781186438));
#7270=DIRECTION('',(-1.,0.,0.));
#7271=DIRECTION('center_axis',(-1.,0.,0.));
#7272=DIRECTION('ref_axis',(0.,-1.,0.));
#7273=DIRECTION('',(0.,0.,-1.));
#7274=DIRECTION('center_axis',(0.,-1.,0.));
#7275=DIRECTION('ref_axis',(-1.,0.,0.));
#7276=DIRECTION('',(0.,0.,-1.));
#7277=DIRECTION('',(-1.,2.47601850215708E-16,0.));
#7278=DIRECTION('center_axis',(0.,0.,-1.));
#7279=DIRECTION('ref_axis',(-0.591801612785211,-0.806083650190737,0.));
#7280=DIRECTION('',(0.,0.,-1.));
#7281=DIRECTION('center_axis',(0.,0.,-1.));
#7282=DIRECTION('ref_axis',(-0.591801612785211,-0.806083650190737,0.));
#7283=DIRECTION('center_axis',(4.98833817752576E-16,-1.,0.));
#7284=DIRECTION('ref_axis',(-1.,-4.98833817752576E-16,0.));
#7285=DIRECTION('',(0.,0.,1.));
#7286=DIRECTION('',(-1.,2.47601850215709E-16,0.));
#7287=DIRECTION('center_axis',(1.,0.,0.));
#7288=DIRECTION('ref_axis',(0.,1.,0.));
#7289=DIRECTION('',(0.,0.,-1.));
#7290=DIRECTION('',(0.,-1.,0.));
#7291=DIRECTION('',(0.,0.,1.));
#7292=DIRECTION('',(0.,1.,0.));
#7293=DIRECTION('',(0.,0.,1.));
#7294=DIRECTION('',(0.,1.,0.));
#7295=DIRECTION('',(0.,0.,1.));
#7296=DIRECTION('',(0.,1.,0.));
#7297=DIRECTION('',(0.,0.,-1.));
#7298=DIRECTION('',(0.,-1.,0.));
#7299=DIRECTION('center_axis',(0.,1.,0.));
#7300=DIRECTION('ref_axis',(1.,0.,0.));
#7301=DIRECTION('',(0.,0.,-1.));
#7302=DIRECTION('',(1.,0.,0.));
#7303=DIRECTION('',(0.,0.,-1.));
#7304=DIRECTION('',(1.,0.,0.));
#7305=DIRECTION('center_axis',(0.,0.,-1.));
#7306=DIRECTION('ref_axis',(-1.,0.,0.));
#7307=DIRECTION('',(0.,1.,0.));
#7308=DIRECTION('',(-1.,0.,0.));
#7309=DIRECTION('center_axis',(-1.,0.,0.));
#7310=DIRECTION('ref_axis',(0.,1.,0.));
#7311=DIRECTION('',(0.,1.,0.));
#7312=DIRECTION('',(0.,0.,-1.));
#7313=DIRECTION('center_axis',(0.,0.,-1.));
#7314=DIRECTION('ref_axis',(-1.,0.,0.));
#7315=DIRECTION('',(-1.,0.,0.));
#7316=DIRECTION('',(0.,-1.,0.));
#7317=DIRECTION('center_axis',(1.,0.,0.));
#7318=DIRECTION('ref_axis',(0.,-1.,0.));
#7319=DIRECTION('',(0.,-1.,0.));
#7320=DIRECTION('',(0.,0.,-1.));
#7321=DIRECTION('center_axis',(0.,0.,1.));
#7322=DIRECTION('ref_axis',(1.,0.,0.));
#7323=DIRECTION('',(-1.,0.,0.));
#7324=DIRECTION('center_axis',(0.,0.,-1.));
#7325=DIRECTION('ref_axis',(-1.,0.,0.));
#7326=DIRECTION('',(3.69692567594662E-11,1.,0.));
#7327=DIRECTION('center_axis',(0.,0.,1.));
#7328=DIRECTION('ref_axis',(-1.,0.,0.));
#7329=DIRECTION('',(-0.707106781184988,0.707106781188106,0.));
#7330=DIRECTION('center_axis',(0.,0.,1.));
#7331=DIRECTION('ref_axis',(-0.707106781292156,-0.707106781080939,0.));
#7332=DIRECTION('',(-1.,5.57005874943395E-16,0.));
#7333=DIRECTION('center_axis',(0.,0.,1.));
#7334=DIRECTION('ref_axis',(0.,-1.,0.));
#7335=DIRECTION('',(-0.707106781272302,-0.707106781100793,0.));
#7336=DIRECTION('center_axis',(0.,0.,1.));
#7337=DIRECTION('ref_axis',(0.707106781186547,-0.707106781186547,0.));
#7338=DIRECTION('',(-2.36547697202946E-10,-1.,0.));
#7339=DIRECTION('center_axis',(0.,0.,-1.));
#7340=DIRECTION('ref_axis',(0.,-1.,0.));
#7341=DIRECTION('',(-1.,0.,0.));
#7342=DIRECTION('',(0.,-1.,0.));
#7343=DIRECTION('',(0.707106781186547,-0.707106781186548,0.));
#7344=DIRECTION('',(1.,0.,0.));
#7345=DIRECTION('',(0.707106781186548,0.707106781186548,0.));
#7346=DIRECTION('center_axis',(0.,0.,1.));
#7347=DIRECTION('ref_axis',(-1.,0.,0.));
#7348=DIRECTION('center_axis',(0.,0.,1.));
#7349=DIRECTION('ref_axis',(-1.,0.,0.));
#7350=DIRECTION('center_axis',(0.,-1.,0.));
#7351=DIRECTION('ref_axis',(0.,0.,-1.));
#7352=DIRECTION('',(1.,0.,0.));
#7353=DIRECTION('',(0.,0.,-1.));
#7354=DIRECTION('',(1.,0.,0.));
#7355=DIRECTION('center_axis',(0.,0.,1.));
#7356=DIRECTION('ref_axis',(0.,-1.,0.));
#7357=DIRECTION('',(0.,-1.,0.));
#7358=DIRECTION('',(1.,0.,0.));
#7359=DIRECTION('center_axis',(0.,0.999847695156596,0.0174524064255628));
#7360=DIRECTION('ref_axis',(0.,-0.0174524064255628,0.999847695156596));
#7361=DIRECTION('',(0.,-0.0174524064255628,0.999847695156596));
#7362=DIRECTION('',(1.,0.,0.));
#7363=DIRECTION('center_axis',(1.,0.,0.));
#7364=DIRECTION('ref_axis',(0.,-1.01506105108632E-13,1.));
#7365=DIRECTION('center_axis',(1.,0.,0.));
#7366=DIRECTION('ref_axis',(0.,-1.01506105108632E-13,1.));
#7367=DIRECTION('',(1.,0.,0.));
#7368=DIRECTION('center_axis',(0.,-1.,0.));
#7369=DIRECTION('ref_axis',(0.,0.,-1.));
#7370=DIRECTION('',(0.,0.,-1.));
#7371=DIRECTION('',(1.,0.,0.));
#7372=DIRECTION('',(0.,0.,-1.));
#7373=DIRECTION('',(-1.,0.,0.));
#7374=DIRECTION('center_axis',(0.,0.,-1.));
#7375=DIRECTION('ref_axis',(0.,1.,0.));
#7376=DIRECTION('',(0.,1.,0.));
#7377=DIRECTION('',(1.,0.,0.));
#7378=DIRECTION('',(0.,1.,0.));
#7379=DIRECTION('center_axis',(0.,1.,0.));
#7380=DIRECTION('ref_axis',(0.,0.,1.));
#7381=DIRECTION('',(0.,0.,1.));
#7382=DIRECTION('',(1.,0.,0.));
#7383=DIRECTION('',(0.,0.,1.));
#7384=DIRECTION('center_axis',(0.,-1.,0.));
#7385=DIRECTION('ref_axis',(0.,0.,-1.));
#7386=DIRECTION('',(0.,0.,-1.));
#7387=DIRECTION('',(1.,0.,0.));
#7388=DIRECTION('',(0.,0.,-1.));
#7389=DIRECTION('',(-1.,0.,0.));
#7390=DIRECTION('center_axis',(0.,0.,-1.));
#7391=DIRECTION('ref_axis',(0.,1.,0.));
#7392=DIRECTION('',(0.,1.,0.));
#7393=DIRECTION('',(1.,0.,0.));
#7394=DIRECTION('',(0.,1.,0.));
#7395=DIRECTION('center_axis',(0.,1.,0.));
#7396=DIRECTION('ref_axis',(0.,0.,1.));
#7397=DIRECTION('',(0.,0.,1.));
#7398=DIRECTION('',(1.,0.,0.));
#7399=DIRECTION('',(0.,0.,1.));
#7400=DIRECTION('center_axis',(0.,-1.,0.));
#7401=DIRECTION('ref_axis',(0.,0.,-1.));
#7402=DIRECTION('',(0.,0.,-1.));
#7403=DIRECTION('',(1.,0.,0.));
#7404=DIRECTION('',(0.,0.,-1.));
#7405=DIRECTION('',(-1.,0.,0.));
#7406=DIRECTION('center_axis',(0.,0.,-1.));
#7407=DIRECTION('ref_axis',(0.,1.,0.));
#7408=DIRECTION('',(0.,1.,0.));
#7409=DIRECTION('',(1.,0.,0.));
#7410=DIRECTION('',(0.,1.,0.));
#7411=DIRECTION('center_axis',(0.,1.,0.));
#7412=DIRECTION('ref_axis',(0.,0.,1.));
#7413=DIRECTION('',(0.,0.,1.));
#7414=DIRECTION('',(1.,0.,0.));
#7415=DIRECTION('',(0.,0.,1.));
#7416=DIRECTION('center_axis',(0.,0.,1.));
#7417=DIRECTION('ref_axis',(0.,-1.,0.));
#7418=DIRECTION('',(0.,-1.,0.));
#7419=DIRECTION('',(0.,-1.,0.));
#7420=DIRECTION('center_axis',(0.,0.,1.));
#7421=DIRECTION('ref_axis',(0.,-1.,0.));
#7422=DIRECTION('',(0.,-1.,0.));
#7423=DIRECTION('',(0.,-1.,0.));
#7424=DIRECTION('center_axis',(0.,0.,1.));
#7425=DIRECTION('ref_axis',(0.,-1.,0.));
#7426=DIRECTION('',(0.,-1.,0.));
#7427=DIRECTION('',(0.,-1.,0.));
#7428=DIRECTION('center_axis',(0.,0.999847695156478,-0.0174524064322872));
#7429=DIRECTION('ref_axis',(0.,0.0174524064322872,0.999847695156478));
#7430=DIRECTION('',(1.,0.,0.));
#7431=DIRECTION('',(0.,0.0174524064322872,0.999847695156478));
#7432=DIRECTION('',(1.,0.,0.));
#7433=DIRECTION('',(0.,0.0174524064322872,0.999847695156478));
#7434=DIRECTION('center_axis',(0.,0.,1.));
#7435=DIRECTION('ref_axis',(0.,-1.,0.));
#7436=DIRECTION('',(1.,0.,0.));
#7437=DIRECTION('',(0.,-1.,0.));
#7438=DIRECTION('',(0.,-1.,0.));
#7439=DIRECTION('center_axis',(0.,-0.999847695156309,-0.0174524064419684));
#7440=DIRECTION('ref_axis',(0.,0.0174524064419684,-0.99984769515631));
#7441=DIRECTION('',(1.,0.,0.));
#7442=DIRECTION('',(0.,0.0174524064419684,-0.99984769515631));
#7443=DIRECTION('',(1.,0.,0.));
#7444=DIRECTION('',(0.,0.0174524064419684,-0.99984769515631));
#7445=DIRECTION('center_axis',(0.,0.,1.));
#7446=DIRECTION('ref_axis',(0.,-1.,0.));
#7447=DIRECTION('',(0.,-1.,0.));
#7448=DIRECTION('',(1.,0.,0.));
#7449=DIRECTION('',(0.,-1.,0.));
#7450=DIRECTION('',(1.,0.,0.));
#7451=DIRECTION('center_axis',(0.,0.707106781186736,0.707106781186359));
#7452=DIRECTION('ref_axis',(0.,-0.707106781186359,0.707106781186736));
#7453=DIRECTION('',(0.,-0.707106781186359,0.707106781186736));
#7454=DIRECTION('',(1.,0.,0.));
#7455=DIRECTION('',(0.,-0.707106781186359,0.707106781186736));
#7456=DIRECTION('center_axis',(0.,0.,-1.));
#7457=DIRECTION('ref_axis',(0.,1.,0.));
#7458=DIRECTION('',(0.,1.,0.));
#7459=DIRECTION('',(1.,0.,0.));
#7460=DIRECTION('',(0.,1.,0.));
#7461=DIRECTION('center_axis',(0.,-0.707106781186736,0.707106781186359));
#7462=DIRECTION('ref_axis',(0.,-0.707106781186359,-0.707106781186736));
#7463=DIRECTION('',(0.,-0.707106781186359,-0.707106781186736));
#7464=DIRECTION('',(1.,0.,0.));
#7465=DIRECTION('',(0.,-0.707106781186359,-0.707106781186736));
#7466=DIRECTION('center_axis',(0.,0.,1.));
#7467=DIRECTION('ref_axis',(0.,-1.,0.));
#7468=DIRECTION('',(0.,-1.,0.));
#7469=DIRECTION('',(-1.,0.,0.));
#7470=DIRECTION('',(1.,0.,0.));
#7471=DIRECTION('',(0.,-1.,0.));
#7472=DIRECTION('center_axis',(0.,1.,-4.80096443081143E-15));
#7473=DIRECTION('ref_axis',(0.,4.80096443081143E-15,1.));
#7474=DIRECTION('',(1.,0.,0.));
#7475=DIRECTION('',(0.,4.80096443081143E-15,1.));
#7476=DIRECTION('center_axis',(0.,0.,1.));
#7477=DIRECTION('ref_axis',(0.,-1.,0.));
#7478=DIRECTION('',(1.,0.,0.));
#7479=DIRECTION('',(0.,-1.,0.));
#7480=DIRECTION('center_axis',(0.,-0.999847695156382,0.0174524064378077));
#7481=DIRECTION('ref_axis',(0.,-0.0174524064378077,-0.999847695156382));
#7482=DIRECTION('',(1.,0.,0.));
#7483=DIRECTION('',(0.,-0.0174524064378077,-0.999847695156382));
#7484=DIRECTION('center_axis',(0.,0.,1.));
#7485=DIRECTION('ref_axis',(0.,-1.,0.));
#7486=DIRECTION('',(1.,0.,0.));
#7487=DIRECTION('',(0.,-1.,0.));
#7488=DIRECTION('',(0.,-1.,0.));
#7489=DIRECTION('center_axis',(0.,0.,1.));
#7490=DIRECTION('ref_axis',(0.,-1.,0.));
#7491=DIRECTION('',(0.,-1.,0.));
#7492=DIRECTION('',(1.,0.,0.));
#7493=DIRECTION('center_axis',(1.,0.,0.));
#7494=DIRECTION('ref_axis',(0.,-0.999847695156393,0.0174524064372048));
#7495=DIRECTION('center_axis',(1.,0.,0.));
#7496=DIRECTION('ref_axis',(0.,-0.999847695156393,0.0174524064372048));
#7497=DIRECTION('center_axis',(0.,1.,0.));
#7498=DIRECTION('ref_axis',(0.,0.,1.));
#7499=DIRECTION('',(0.,0.,1.));
#7500=DIRECTION('',(0.,0.,1.));
#7501=DIRECTION('',(1.,0.,0.));
#7502=DIRECTION('center_axis',(0.,0.,-1.));
#7503=DIRECTION('ref_axis',(0.,1.,0.));
#7504=DIRECTION('',(0.,1.,0.));
#7505=DIRECTION('',(0.,1.,0.));
#7506=DIRECTION('center_axis',(0.,-1.,0.));
#7507=DIRECTION('ref_axis',(0.,0.,-1.));
#7508=DIRECTION('',(0.,0.,-1.));
#7509=DIRECTION('',(1.,0.,0.));
#7510=DIRECTION('',(0.,0.,-1.));
#7511=DIRECTION('center_axis',(0.,0.,-1.));
#7512=DIRECTION('ref_axis',(0.,1.,0.));
#7513=DIRECTION('',(0.,1.,0.));
#7514=DIRECTION('',(0.,1.,0.));
#7515=DIRECTION('center_axis',(1.,0.,0.));
#7516=DIRECTION('ref_axis',(0.,0.,-1.));
#7517=DIRECTION('center_axis',(0.,1.,0.));
#7518=DIRECTION('ref_axis',(0.,0.,1.));
#7519=DIRECTION('',(1.,0.,0.));
#7520=DIRECTION('',(0.,0.,1.));
#7521=DIRECTION('center_axis',(-1.,0.,0.));
#7522=DIRECTION('ref_axis',(0.,-1.,0.));
#7523=DIRECTION('center_axis',(-1.,0.,0.));
#7524=DIRECTION('ref_axis',(0.,-1.,0.));
#7525=DIRECTION('center_axis',(-1.,0.,0.));
#7526=DIRECTION('ref_axis',(0.,-1.,0.));
#7527=DIRECTION('center_axis',(-1.,0.,0.));
#7528=DIRECTION('ref_axis',(0.,-1.,0.));
#7529=DIRECTION('center_axis',(-1.,0.,0.));
#7530=DIRECTION('ref_axis',(0.,-1.,0.));
#7531=DIRECTION('center_axis',(0.,-1.,1.77635683940025E-14));
#7532=DIRECTION('ref_axis',(0.,-1.77635683940025E-14,-1.));
#7533=DIRECTION('',(0.,-1.77635683940025E-14,-1.));
#7534=DIRECTION('',(1.,0.,0.));
#7535=DIRECTION('',(1.,0.,0.));
#7536=DIRECTION('center_axis',(0.,0.382683432465434,0.923879532469723));
#7537=DIRECTION('ref_axis',(0.,-0.923879532469723,0.382683432465434));
#7538=DIRECTION('',(0.,-0.923879532469723,0.382683432465434));
#7539=DIRECTION('',(1.,0.,0.));
#7540=DIRECTION('center_axis',(0.,-0.382683432467305,0.923879532468948));
#7541=DIRECTION('ref_axis',(0.,-0.923879532468948,-0.382683432467305));
#7542=DIRECTION('',(0.,-0.923879532468948,-0.382683432467305));
#7543=DIRECTION('',(1.,0.,0.));
#7544=DIRECTION('',(1.,0.,0.));
#7545=DIRECTION('center_axis',(0.,1.,1.24344978758018E-13));
#7546=DIRECTION('ref_axis',(0.,-1.24344978758018E-13,1.));
#7547=DIRECTION('',(0.,-1.24344978758018E-13,1.));
#7548=DIRECTION('',(1.,0.,0.));
#7549=DIRECTION('center_axis',(0.,0.89442719099993,-0.44721359549993));
#7550=DIRECTION('ref_axis',(0.,0.44721359549993,0.89442719099993));
#7551=DIRECTION('',(0.,0.44721359549993,0.89442719099993));
#7552=DIRECTION('center_axis',(0.,-1.,4.80096443081143E-15));
#7553=DIRECTION('ref_axis',(0.,-4.80096443081143E-15,-1.));
#7554=DIRECTION('',(0.,-4.80096443081143E-15,-1.));
#7555=DIRECTION('',(1.,0.,0.));
#7556=DIRECTION('center_axis',(0.,-0.89442719099989,-0.44721359550001));
#7557=DIRECTION('ref_axis',(0.,0.44721359550001,-0.89442719099989));
#7558=DIRECTION('',(0.,0.44721359550001,-0.89442719099989));
#7559=DIRECTION('center_axis',(0.,-1.,0.));
#7560=DIRECTION('ref_axis',(0.,0.,-1.));
#7561=DIRECTION('',(0.,0.,-1.));
#7562=DIRECTION('',(0.,0.,-1.));
#7563=DIRECTION('',(-1.,0.,0.));
#7564=DIRECTION('center_axis',(0.,1.,0.));
#7565=DIRECTION('ref_axis',(1.,0.,0.));
#7566=DIRECTION('',(1.,7.33212077948334E-16,0.));
#7567=DIRECTION('',(0.,0.,-1.));
#7568=DIRECTION('',(1.,7.33212077948334E-16,0.));
#7569=DIRECTION('',(0.,0.,1.));
#7570=DIRECTION('center_axis',(1.,0.,0.));
#7571=DIRECTION('ref_axis',(0.,0.,-1.));
#7572=DIRECTION('center_axis',(1.,0.,0.));
#7573=DIRECTION('ref_axis',(0.,0.,-1.));
#7574=DIRECTION('',(1.,0.,0.));
#7575=DIRECTION('center_axis',(1.,0.,0.));
#7576=DIRECTION('ref_axis',(0.,0.,-1.));
#7577=DIRECTION('center_axis',(1.,0.,0.));
#7578=DIRECTION('ref_axis',(0.,0.,-1.));
#7579=DIRECTION('center_axis',(1.,0.,0.));
#7580=DIRECTION('ref_axis',(0.,0.,-1.));
#7581=DIRECTION('center_axis',(1.,0.,0.));
#7582=DIRECTION('ref_axis',(0.,0.,-1.));
#7583=DIRECTION('',(1.,0.,0.));
#7584=DIRECTION('center_axis',(1.,0.,0.));
#7585=DIRECTION('ref_axis',(0.,0.,-1.));
#7586=DIRECTION('center_axis',(1.,0.,0.));
#7587=DIRECTION('ref_axis',(0.,0.,-1.));
#7588=DIRECTION('center_axis',(1.,0.,0.));
#7589=DIRECTION('ref_axis',(0.,0.,-1.));
#7590=DIRECTION('center_axis',(1.,0.,0.));
#7591=DIRECTION('ref_axis',(0.,0.,-1.));
#7592=DIRECTION('',(1.,0.,0.));
#7593=DIRECTION('center_axis',(1.,0.,0.));
#7594=DIRECTION('ref_axis',(0.,0.,-1.));
#7595=DIRECTION('center_axis',(1.,0.,0.));
#7596=DIRECTION('ref_axis',(0.,0.,-1.));
#7597=DIRECTION('center_axis',(1.,0.,0.));
#7598=DIRECTION('ref_axis',(0.,0.,-1.));
#7599=DIRECTION('center_axis',(1.,0.,0.));
#7600=DIRECTION('ref_axis',(0.,0.,-1.));
#7601=DIRECTION('',(1.,0.,0.));
#7602=DIRECTION('center_axis',(1.,0.,0.));
#7603=DIRECTION('ref_axis',(0.,0.,-1.));
#7604=DIRECTION('center_axis',(1.,0.,0.));
#7605=DIRECTION('ref_axis',(0.,0.,-1.));
#7606=DIRECTION('center_axis',(0.,0.,1.));
#7607=DIRECTION('ref_axis',(-1.,0.,0.));
#7608=DIRECTION('',(-0.707106781186548,-8.65956056235493E-17,-0.707106781186548));
#7609=DIRECTION('center_axis',(0.,0.,-1.));
#7610=DIRECTION('ref_axis',(-1.,0.,0.));
#7611=DIRECTION('center_axis',(0.,0.,-1.));
#7612=DIRECTION('ref_axis',(-1.,0.,0.));
#7613=DIRECTION('',(0.,0.,-1.));
#7614=DIRECTION('center_axis',(0.,0.,-1.));
#7615=DIRECTION('ref_axis',(-1.,0.,0.));
#7616=DIRECTION('center_axis',(0.,0.,1.));
#7617=DIRECTION('ref_axis',(-1.,0.,0.));
#7618=DIRECTION('',(-0.707106781186555,-8.65956056235503E-17,-0.70710678118654));
#7619=DIRECTION('center_axis',(0.,0.,-1.));
#7620=DIRECTION('ref_axis',(-1.,0.,0.));
#7621=DIRECTION('center_axis',(0.,0.,-1.));
#7622=DIRECTION('ref_axis',(-1.,0.,0.));
#7623=DIRECTION('',(0.,0.,-1.));
#7624=DIRECTION('center_axis',(0.,0.,-1.));
#7625=DIRECTION('ref_axis',(-1.,0.,0.));
#7626=DIRECTION('center_axis',(0.,0.,1.));
#7627=DIRECTION('ref_axis',(-1.,0.,0.));
#7628=DIRECTION('center_axis',(0.,0.,1.));
#7629=DIRECTION('ref_axis',(-1.,0.,0.));
#7630=DIRECTION('',(-0.707106781186548,-8.65956056235493E-17,-0.707106781186548));
#7631=DIRECTION('center_axis',(0.,0.,-1.));
#7632=DIRECTION('ref_axis',(-1.,0.,0.));
#7633=DIRECTION('center_axis',(0.,0.,1.));
#7634=DIRECTION('ref_axis',(1.,0.,0.));
#7635=DIRECTION('center_axis',(0.,0.,1.));
#7636=DIRECTION('ref_axis',(0.589604219875226,0.807692307692308,0.));
#7637=DIRECTION('',(1.,-2.44404025982778E-16,0.));
#7638=DIRECTION('',(-0.707106781186548,0.707106781186547,0.));
#7639=DIRECTION('',(-1.,0.,0.));
#7640=DIRECTION('',(-0.707106781186548,-0.707106781186548,0.));
#7641=DIRECTION('',(0.,-1.,0.));
#7642=DIRECTION('center_axis',(0.,0.,1.));
#7643=DIRECTION('ref_axis',(-1.,0.,0.));
#7644=DIRECTION('center_axis',(0.,0.,1.));
#7645=DIRECTION('ref_axis',(-1.,0.,0.));
#7646=DIRECTION('center_axis',(0.,0.,-1.));
#7647=DIRECTION('ref_axis',(-1.,0.,0.));
#7648=DIRECTION('',(0.,0.,-1.));
#7649=DIRECTION('center_axis',(0.,0.,-1.));
#7650=DIRECTION('ref_axis',(-1.,0.,0.));
#7651=DIRECTION('center_axis',(0.,0.,1.));
#7652=DIRECTION('ref_axis',(-1.,0.,0.));
#7653=DIRECTION('',(-0.707106781186555,-8.65956056235503E-17,-0.70710678118654));
#7654=DIRECTION('center_axis',(0.,0.,-1.));
#7655=DIRECTION('ref_axis',(-1.,0.,0.));
#7656=DIRECTION('center_axis',(0.,0.,-1.));
#7657=DIRECTION('ref_axis',(-1.,0.,0.));
#7658=DIRECTION('',(0.,0.,-1.));
#7659=DIRECTION('center_axis',(0.,0.,-1.));
#7660=DIRECTION('ref_axis',(-1.,0.,0.));
#7661=DIRECTION('center_axis',(0.,0.,-1.));
#7662=DIRECTION('ref_axis',(-1.,0.,0.));
#7663=DIRECTION('center_axis',(0.,0.,-1.));
#7664=DIRECTION('ref_axis',(-1.,0.,0.));
#7665=DIRECTION('',(0.707106781186547,8.65956056235493E-17,-0.707106781186547));
#7666=DIRECTION('center_axis',(0.,0.,1.));
#7667=DIRECTION('ref_axis',(-1.,0.,0.));
#7668=DIRECTION('center_axis',(0.,0.,-1.));
#7669=DIRECTION('ref_axis',(-1.,0.,0.));
#7670=DIRECTION('center_axis',(0.,0.,1.));
#7671=DIRECTION('ref_axis',(-1.,0.,0.));
#7672=DIRECTION('',(0.,0.,1.));
#7673=DIRECTION('center_axis',(0.,0.,1.));
#7674=DIRECTION('ref_axis',(1.,0.,0.));
#7675=DIRECTION('',(0.866025403780539,-0.500000000006754,0.));
#7676=DIRECTION('',(0.,-1.,0.));
#7677=DIRECTION('',(-0.866025403780553,-0.500000000006731,0.));
#7678=DIRECTION('',(-0.866025403780545,0.500000000006744,0.));
#7679=DIRECTION('',(0.,1.,0.));
#7680=DIRECTION('',(0.866025403780532,0.500000000006767,0.));
#7681=DIRECTION('center_axis',(0.,0.,-1.));
#7682=DIRECTION('ref_axis',(-1.,0.,0.));
#7683=DIRECTION('center_axis',(0.,0.,-1.));
#7684=DIRECTION('ref_axis',(-1.,0.,0.));
#7685=DIRECTION('',(0.707106781186544,8.65956056235489E-17,-0.707106781186551));
#7686=DIRECTION('center_axis',(0.,0.,1.));
#7687=DIRECTION('ref_axis',(-1.,0.,0.));
#7688=DIRECTION('center_axis',(0.,0.,-1.));
#7689=DIRECTION('ref_axis',(-1.,0.,0.));
#7690=DIRECTION('center_axis',(0.,0.,1.));
#7691=DIRECTION('ref_axis',(-1.,0.,0.));
#7692=DIRECTION('',(0.,0.,1.));
#7693=DIRECTION('center_axis',(0.,0.,1.));
#7694=DIRECTION('ref_axis',(1.,0.,0.));
#7695=DIRECTION('',(0.,1.,0.));
#7696=DIRECTION('',(0.866025403780539,0.500000000006754,0.));
#7697=DIRECTION('',(0.866025403780535,-0.50000000000676,0.));
#7698=DIRECTION('',(0.,-1.,0.));
#7699=DIRECTION('',(-0.866025403780549,-0.500000000006737,0.));
#7700=DIRECTION('',(-0.866025403780553,0.500000000006731,0.));
#7701=DIRECTION('center_axis',(0.,0.,-1.));
#7702=DIRECTION('ref_axis',(-1.,0.,0.));
#7703=DIRECTION('center_axis',(0.,0.,-1.));
#7704=DIRECTION('ref_axis',(-1.,0.,0.));
#7705=DIRECTION('',(0.707106781186547,8.65956056235493E-17,-0.707106781186547));
#7706=DIRECTION('center_axis',(0.,0.,1.));
#7707=DIRECTION('ref_axis',(-1.,0.,0.));
#7708=DIRECTION('center_axis',(0.,0.,-1.));
#7709=DIRECTION('ref_axis',(-1.,0.,0.));
#7710=DIRECTION('center_axis',(0.,0.,1.));
#7711=DIRECTION('ref_axis',(-1.,0.,0.));
#7712=DIRECTION('',(0.,0.,1.));
#7713=DIRECTION('center_axis',(0.,0.,1.));
#7714=DIRECTION('ref_axis',(1.,0.,0.));
#7715=DIRECTION('',(0.866025403780553,-0.500000000006731,0.));
#7716=DIRECTION('',(0.,-1.,0.));
#7717=DIRECTION('',(-0.866025403780553,-0.500000000006731,0.));
#7718=DIRECTION('',(-0.866025403780545,0.500000000006744,0.));
#7719=DIRECTION('',(0.,1.,0.));
#7720=DIRECTION('',(0.866025403780545,0.500000000006744,0.));
#7721=DIRECTION('center_axis',(0.,0.,-1.));
#7722=DIRECTION('ref_axis',(-1.,0.,0.));
#7723=DIRECTION('center_axis',(0.,0.,-1.));
#7724=DIRECTION('ref_axis',(-1.,0.,0.));
#7725=DIRECTION('',(0.707106781186544,8.65956056235489E-17,-0.707106781186551));
#7726=DIRECTION('center_axis',(0.,0.,1.));
#7727=DIRECTION('ref_axis',(-1.,0.,0.));
#7728=DIRECTION('center_axis',(0.,0.,-1.));
#7729=DIRECTION('ref_axis',(-1.,0.,0.));
#7730=DIRECTION('center_axis',(0.,0.,1.));
#7731=DIRECTION('ref_axis',(-1.,0.,0.));
#7732=DIRECTION('',(0.,0.,1.));
#7733=DIRECTION('center_axis',(0.,0.,1.));
#7734=DIRECTION('ref_axis',(1.,0.,0.));
#7735=DIRECTION('',(-0.866025403780549,-0.500000000006737,0.));
#7736=DIRECTION('',(-0.866025403780553,0.500000000006731,0.));
#7737=DIRECTION('',(0.,1.,0.));
#7738=DIRECTION('',(0.866025403780553,0.500000000006731,0.));
#7739=DIRECTION('',(0.866025403780549,-0.500000000006737,0.));
#7740=DIRECTION('',(0.,-1.,0.));
#7741=DIRECTION('center_axis',(0.500000000006737,-0.866025403780549,0.));
#7742=DIRECTION('ref_axis',(-0.866025403780549,-0.500000000006737,0.));
#7743=DIRECTION('',(0.,0.,-1.));
#7744=DIRECTION('',(0.866025403780549,0.500000000006737,0.));
#7745=DIRECTION('',(0.,0.,-1.));
#7746=DIRECTION('center_axis',(1.,0.,0.));
#7747=DIRECTION('ref_axis',(0.,-1.,0.));
#7748=DIRECTION('',(0.,0.,-1.));
#7749=DIRECTION('',(0.,1.,0.));
#7750=DIRECTION('center_axis',(0.500000000006737,0.866025403780549,0.));
#7751=DIRECTION('ref_axis',(0.866025403780549,-0.500000000006737,0.));
#7752=DIRECTION('',(0.,0.,-1.));
#7753=DIRECTION('',(-0.866025403780549,0.500000000006737,0.));
#7754=DIRECTION('center_axis',(-0.500000000006731,0.866025403780553,0.));
#7755=DIRECTION('ref_axis',(0.866025403780553,0.500000000006731,0.));
#7756=DIRECTION('',(0.,0.,-1.));
#7757=DIRECTION('',(-0.866025403780553,-0.500000000006731,0.));
#7758=DIRECTION('center_axis',(-1.,0.,0.));
#7759=DIRECTION('ref_axis',(0.,1.,0.));
#7760=DIRECTION('',(0.,0.,-1.));
#7761=DIRECTION('',(0.,-1.,0.));
#7762=DIRECTION('center_axis',(-0.500000000006731,-0.866025403780553,0.));
#7763=DIRECTION('ref_axis',(-0.866025403780553,0.500000000006731,0.));
#7764=DIRECTION('',(0.866025403780553,-0.500000000006731,0.));
#7765=DIRECTION('center_axis',(0.,0.,1.));
#7766=DIRECTION('ref_axis',(1.,0.,0.));
#7767=DIRECTION('center_axis',(0.,0.,1.));
#7768=DIRECTION('ref_axis',(1.,0.,0.));
#7769=DIRECTION('center_axis',(0.500000000006731,0.866025403780553,0.));
#7770=DIRECTION('ref_axis',(0.866025403780553,-0.500000000006731,0.));
#7771=DIRECTION('',(0.,0.,-1.));
#7772=DIRECTION('',(-0.866025403780553,0.500000000006731,0.));
#7773=DIRECTION('',(0.,0.,-1.));
#7774=DIRECTION('center_axis',(-0.500000000006744,0.866025403780545,0.));
#7775=DIRECTION('ref_axis',(0.866025403780545,0.500000000006744,0.));
#7776=DIRECTION('',(0.,0.,-1.));
#7777=DIRECTION('',(-0.866025403780545,-0.500000000006744,0.));
#7778=DIRECTION('center_axis',(-1.,0.,0.));
#7779=DIRECTION('ref_axis',(0.,1.,0.));
#7780=DIRECTION('',(0.,0.,-1.));
#7781=DIRECTION('',(0.,-1.,0.));
#7782=DIRECTION('center_axis',(-0.500000000006744,-0.866025403780545,0.));
#7783=DIRECTION('ref_axis',(-0.866025403780545,0.500000000006744,0.));
#7784=DIRECTION('',(0.,0.,-1.));
#7785=DIRECTION('',(0.866025403780545,-0.500000000006744,0.));
#7786=DIRECTION('center_axis',(0.500000000006731,-0.866025403780553,0.));
#7787=DIRECTION('ref_axis',(-0.866025403780553,-0.500000000006731,0.));
#7788=DIRECTION('',(0.,0.,-1.));
#7789=DIRECTION('',(0.866025403780553,0.500000000006731,0.));
#7790=DIRECTION('center_axis',(1.,0.,0.));
#7791=DIRECTION('ref_axis',(0.,-1.,0.));
#7792=DIRECTION('',(0.,1.,0.));
#7793=DIRECTION('center_axis',(0.,0.,1.));
#7794=DIRECTION('ref_axis',(1.,0.,0.));
#7795=DIRECTION('center_axis',(0.,0.,1.));
#7796=DIRECTION('ref_axis',(1.,0.,0.));
#7797=DIRECTION('center_axis',(0.500000000006754,0.866025403780539,0.));
#7798=DIRECTION('ref_axis',(0.866025403780539,-0.500000000006754,0.));
#7799=DIRECTION('',(0.,0.,-1.));
#7800=DIRECTION('',(-0.866025403780539,0.500000000006754,0.));
#7801=DIRECTION('',(0.,0.,-1.));
#7802=DIRECTION('center_axis',(-0.500000000006767,0.866025403780532,0.));
#7803=DIRECTION('ref_axis',(0.866025403780532,0.500000000006767,0.));
#7804=DIRECTION('',(0.,0.,-1.));
#7805=DIRECTION('',(-0.866025403780532,-0.500000000006767,0.));
#7806=DIRECTION('center_axis',(-1.,0.,0.));
#7807=DIRECTION('ref_axis',(0.,1.,0.));
#7808=DIRECTION('',(0.,0.,-1.));
#7809=DIRECTION('',(0.,-1.,0.));
#7810=DIRECTION('center_axis',(-0.500000000006744,-0.866025403780545,0.));
#7811=DIRECTION('ref_axis',(-0.866025403780545,0.500000000006744,0.));
#7812=DIRECTION('',(0.,0.,-1.));
#7813=DIRECTION('',(0.866025403780545,-0.500000000006744,0.));
#7814=DIRECTION('center_axis',(0.500000000006731,-0.866025403780553,0.));
#7815=DIRECTION('ref_axis',(-0.866025403780553,-0.500000000006731,0.));
#7816=DIRECTION('',(0.,0.,-1.));
#7817=DIRECTION('',(0.866025403780553,0.500000000006731,0.));
#7818=DIRECTION('center_axis',(1.,0.,0.));
#7819=DIRECTION('ref_axis',(0.,-1.,0.));
#7820=DIRECTION('',(0.,1.,0.));
#7821=DIRECTION('center_axis',(0.,0.,1.));
#7822=DIRECTION('ref_axis',(1.,0.,0.));
#7823=DIRECTION('center_axis',(0.,0.,1.));
#7824=DIRECTION('ref_axis',(1.,0.,0.));
#7825=DIRECTION('center_axis',(-1.,0.,0.));
#7826=DIRECTION('ref_axis',(0.,1.,0.));
#7827=DIRECTION('',(0.,0.,-1.));
#7828=DIRECTION('',(0.,-1.,0.));
#7829=DIRECTION('',(0.,0.,-1.));
#7830=DIRECTION('center_axis',(-0.500000000006731,-0.866025403780553,0.));
#7831=DIRECTION('ref_axis',(-0.866025403780553,0.500000000006731,0.));
#7832=DIRECTION('',(0.,0.,-1.));
#7833=DIRECTION('',(0.866025403780553,-0.500000000006731,0.));
#7834=DIRECTION('center_axis',(0.500000000006737,-0.866025403780549,0.));
#7835=DIRECTION('ref_axis',(-0.866025403780549,-0.500000000006737,0.));
#7836=DIRECTION('',(0.,0.,-1.));
#7837=DIRECTION('',(0.866025403780549,0.500000000006737,0.));
#7838=DIRECTION('center_axis',(1.,0.,0.));
#7839=DIRECTION('ref_axis',(0.,-1.,0.));
#7840=DIRECTION('',(0.,0.,-1.));
#7841=DIRECTION('',(0.,1.,0.));
#7842=DIRECTION('center_axis',(0.50000000000676,0.866025403780536,0.));
#7843=DIRECTION('ref_axis',(0.866025403780535,-0.50000000000676,0.));
#7844=DIRECTION('',(0.,0.,-1.));
#7845=DIRECTION('',(-0.866025403780536,0.50000000000676,0.));
#7846=DIRECTION('center_axis',(-0.500000000006754,0.866025403780539,0.));
#7847=DIRECTION('ref_axis',(0.866025403780539,0.500000000006754,0.));
#7848=DIRECTION('',(-0.866025403780539,-0.500000000006754,0.));
#7849=DIRECTION('center_axis',(0.,0.,1.));
#7850=DIRECTION('ref_axis',(1.,0.,0.));
#7851=DIRECTION('center_axis',(0.,0.,1.));
#7852=DIRECTION('ref_axis',(1.,0.,0.));
#7853=DIRECTION('center_axis',(0.,0.,-1.));
#7854=DIRECTION('ref_axis',(0.,1.,0.));
#7855=DIRECTION('center_axis',(0.,0.,-1.));
#7856=DIRECTION('ref_axis',(0.,1.,0.));
#7857=DIRECTION('',(0.,0.,-1.));
#7858=DIRECTION('center_axis',(0.,0.,-1.));
#7859=DIRECTION('ref_axis',(0.,1.,0.));
#7860=DIRECTION('',(0.,0.,-1.));
#7861=DIRECTION('center_axis',(0.,0.,-1.));
#7862=DIRECTION('ref_axis',(0.707106781186592,0.707106781186503,0.));
#7863=DIRECTION('center_axis',(0.,0.,-1.));
#7864=DIRECTION('ref_axis',(0.707106781186592,0.707106781186503,0.));
#7865=DIRECTION('',(0.,0.,-1.));
#7866=DIRECTION('center_axis',(0.,0.,-1.));
#7867=DIRECTION('ref_axis',(0.707106781186592,0.707106781186503,0.));
#7868=DIRECTION('',(0.,0.,-1.));
#7869=DIRECTION('center_axis',(0.,0.,-1.));
#7870=DIRECTION('ref_axis',(1.,0.,0.));
#7871=DIRECTION('center_axis',(0.,0.,-1.));
#7872=DIRECTION('ref_axis',(1.,0.,0.));
#7873=DIRECTION('',(0.,0.,-1.));
#7874=DIRECTION('center_axis',(0.,0.,-1.));
#7875=DIRECTION('ref_axis',(1.,0.,0.));
#7876=DIRECTION('',(0.,0.,-1.));
#7877=DIRECTION('center_axis',(0.,0.,-1.));
#7878=DIRECTION('ref_axis',(0.707106781186568,-0.707106781186527,0.));
#7879=DIRECTION('center_axis',(0.,0.,-1.));
#7880=DIRECTION('ref_axis',(0.707106781186568,-0.707106781186527,0.));
#7881=DIRECTION('',(0.,0.,-1.));
#7882=DIRECTION('center_axis',(0.,0.,-1.));
#7883=DIRECTION('ref_axis',(0.707106781186568,-0.707106781186527,0.));
#7884=DIRECTION('',(0.,0.,-1.));
#7885=DIRECTION('center_axis',(0.,0.,-1.));
#7886=DIRECTION('ref_axis',(0.,-1.,0.));
#7887=DIRECTION('center_axis',(0.,0.,-1.));
#7888=DIRECTION('ref_axis',(0.,-1.,0.));
#7889=DIRECTION('',(0.,0.,-1.));
#7890=DIRECTION('center_axis',(0.,0.,-1.));
#7891=DIRECTION('ref_axis',(0.,-1.,0.));
#7892=DIRECTION('',(0.,0.,-1.));
#7893=DIRECTION('center_axis',(0.,0.,-1.));
#7894=DIRECTION('ref_axis',(-0.707106781221296,-0.707106781151799,0.));
#7895=DIRECTION('center_axis',(0.,0.,-1.));
#7896=DIRECTION('ref_axis',(-0.707106781221296,-0.707106781151799,0.));
#7897=DIRECTION('',(0.,0.,-1.));
#7898=DIRECTION('center_axis',(0.,0.,-1.));
#7899=DIRECTION('ref_axis',(-0.707106781221296,-0.707106781151799,0.));
#7900=DIRECTION('',(0.,0.,-1.));
#7901=DIRECTION('center_axis',(0.,0.,-1.));
#7902=DIRECTION('ref_axis',(6.81863726626678E-7,-0.999999999999768,0.));
#7903=DIRECTION('center_axis',(0.,0.,1.));
#7904=DIRECTION('ref_axis',(-0.0280905852178713,0.999605381649237,0.));
#7905=DIRECTION('',(0.,0.,-1.));
#7906=DIRECTION('center_axis',(0.,0.,1.));
#7907=DIRECTION('ref_axis',(-0.0280905852178713,0.999605381649237,0.));
#7908=DIRECTION('',(0.,0.,-1.));
#7909=DIRECTION('center_axis',(0.,0.,-1.));
#7910=DIRECTION('ref_axis',(-0.707106781186475,0.70710678118662,0.));
#7911=DIRECTION('center_axis',(0.,0.,-1.));
#7912=DIRECTION('ref_axis',(-0.707106781186475,0.70710678118662,0.));
#7913=DIRECTION('',(0.,0.,-1.));
#7914=DIRECTION('center_axis',(0.,0.,-1.));
#7915=DIRECTION('ref_axis',(-0.707106781186475,0.70710678118662,0.));
#7916=DIRECTION('',(0.,0.,-1.));
#7917=DIRECTION('center_axis',(0.,0.,-1.));
#7918=DIRECTION('ref_axis',(-0.783285966600627,0.621661559473096,0.));
#7919=DIRECTION('center_axis',(0.,0.,-1.));
#7920=DIRECTION('ref_axis',(-0.783285966600627,0.621661559473096,0.));
#7921=DIRECTION('',(0.,0.,-1.));
#7922=DIRECTION('center_axis',(0.,0.,-1.));
#7923=DIRECTION('ref_axis',(-0.783285966600627,0.621661559473096,0.));
#7924=DIRECTION('',(0.,0.,-1.));
#7925=DIRECTION('center_axis',(0.,0.,1.));
#7926=DIRECTION('ref_axis',(1.,0.,0.));
#7927=DIRECTION('center_axis',(0.,0.,-1.));
#7928=DIRECTION('ref_axis',(-1.,0.,0.));
#7929=DIRECTION('',(0.707106781185535,0.70710678118756,0.));
#7930=DIRECTION('',(-0.70710678120119,-0.707106781171905,0.));
#7931=DIRECTION('center_axis',(0.,0.,-1.));
#7932=DIRECTION('ref_axis',(0.621661559468009,0.783285966604665,0.));
#7933=DIRECTION('',(-2.09043677725353E-11,1.,0.));
#7934=DIRECTION('',(1.59471967174433E-12,-1.,0.));
#7935=DIRECTION('center_axis',(0.,0.,-1.));
#7936=DIRECTION('ref_axis',(-0.114285714285134,0.993447922897993,0.));
#7937=DIRECTION('',(-0.707106781185338,0.707106781187757,0.));
#7938=DIRECTION('',(0.707106781187115,-0.70710678118598,0.));
#7939=DIRECTION('',(-1.,7.93202022753937E-13,0.));
#7940=DIRECTION('',(1.,2.01157202444941E-11,0.));
#7941=DIRECTION('center_axis',(0.,0.,-1.));
#7942=DIRECTION('ref_axis',(-0.993447922897994,-0.114285714285129,0.));
#7943=DIRECTION('',(-0.70710678120772,-0.707106781165375,0.));
#7944=DIRECTION('',(0.707106781353221,0.707106781019874,0.));
#7945=DIRECTION('center_axis',(0.,0.,-1.));
#7946=DIRECTION('ref_axis',(-0.621661559280048,-0.783285966753841,0.));
#7947=DIRECTION('',(-2.05157487838821E-12,-1.,0.));
#7948=DIRECTION('',(6.17673801300672E-12,1.,0.));
#7949=DIRECTION('center_axis',(0.,0.,-1.));
#7950=DIRECTION('ref_axis',(0.142857142876608,-0.989743318607977,0.));
#7951=DIRECTION('',(0.707106781151804,-0.707106781221291,0.));
#7952=DIRECTION('',(-0.70710678119159,0.707106781181505,0.));
#7953=DIRECTION('center_axis',(0.,0.,-1.));
#7954=DIRECTION('ref_axis',(0.783285966595319,-0.621661559479784,0.));
#7955=DIRECTION('',(1.,-7.36275243640369E-12,0.));
#7956=DIRECTION('',(-1.,1.45902510651522E-12,0.));
#7957=DIRECTION('center_axis',(0.,0.,-1.));
#7958=DIRECTION('ref_axis',(0.993447922897996,0.114285714285107,0.));
#7959=DIRECTION('center_axis',(0.,0.,-1.));
#7960=DIRECTION('ref_axis',(-0.114285714285134,0.993447922897993,0.));
#7961=DIRECTION('center_axis',(0.,0.,-1.));
#7962=DIRECTION('ref_axis',(-0.114285714285134,0.993447922897993,0.));
#7963=DIRECTION('',(0.,0.,-1.));
#7964=DIRECTION('',(0.,0.,-1.));
#7965=DIRECTION('center_axis',(0.,0.,-1.));
#7966=DIRECTION('ref_axis',(0.621661559468009,0.783285966604665,0.));
#7967=DIRECTION('center_axis',(0.,0.,-1.));
#7968=DIRECTION('ref_axis',(0.621661559468009,0.783285966604665,0.));
#7969=DIRECTION('',(0.,0.,-1.));
#7970=DIRECTION('',(0.,0.,-1.));
#7971=DIRECTION('center_axis',(0.,0.,-1.));
#7972=DIRECTION('ref_axis',(0.993447922897996,0.114285714285107,0.));
#7973=DIRECTION('center_axis',(0.,0.,-1.));
#7974=DIRECTION('ref_axis',(0.993447922897996,0.114285714285107,0.));
#7975=DIRECTION('',(0.,0.,-1.));
#7976=DIRECTION('',(0.,0.,-1.));
#7977=DIRECTION('center_axis',(0.,0.,-1.));
#7978=DIRECTION('ref_axis',(0.783285966595319,-0.621661559479784,0.));
#7979=DIRECTION('center_axis',(0.,0.,-1.));
#7980=DIRECTION('ref_axis',(0.783285966595319,-0.621661559479784,0.));
#7981=DIRECTION('',(0.,0.,-1.));
#7982=DIRECTION('',(0.,0.,-1.));
#7983=DIRECTION('center_axis',(0.,0.,-1.));
#7984=DIRECTION('ref_axis',(-0.993447922897994,-0.114285714285129,0.));
#7985=DIRECTION('center_axis',(0.,0.,-1.));
#7986=DIRECTION('ref_axis',(-0.993447922897994,-0.114285714285129,0.));
#7987=DIRECTION('',(0.,0.,-1.));
#7988=DIRECTION('',(0.,0.,-1.));
#7989=DIRECTION('center_axis',(0.,0.,-1.));
#7990=DIRECTION('ref_axis',(-0.621661559280048,-0.783285966753841,0.));
#7991=DIRECTION('center_axis',(0.,0.,-1.));
#7992=DIRECTION('ref_axis',(-0.621661559280048,-0.783285966753841,0.));
#7993=DIRECTION('',(0.,0.,-1.));
#7994=DIRECTION('',(0.,0.,-1.));
#7995=DIRECTION('center_axis',(0.,0.,-1.));
#7996=DIRECTION('ref_axis',(0.142857142876608,-0.989743318607977,0.));
#7997=DIRECTION('center_axis',(0.,0.,-1.));
#7998=DIRECTION('ref_axis',(0.142857142876608,-0.989743318607977,0.));
#7999=DIRECTION('',(0.,0.,-1.));
#8000=DIRECTION('',(0.,0.,-1.));
#8001=DIRECTION('center_axis',(-7.36275243640369E-12,-1.,0.));
#8002=DIRECTION('ref_axis',(-1.,7.36275243640369E-12,0.));
#8003=DIRECTION('',(1.,-7.36275243640369E-12,0.));
#8004=DIRECTION('center_axis',(0.707106781181505,0.70710678119159,0.));
#8005=DIRECTION('ref_axis',(0.70710678119159,-0.707106781181505,0.));
#8006=DIRECTION('',(-0.70710678119159,0.707106781181505,0.));
#8007=DIRECTION('center_axis',(-0.707106781165375,0.70710678120772,0.));
#8008=DIRECTION('ref_axis',(0.70710678120772,0.707106781165375,0.));
#8009=DIRECTION('',(-0.70710678120772,-0.707106781165375,0.));
#8010=DIRECTION('center_axis',(2.01157202444941E-11,-1.,0.));
#8011=DIRECTION('ref_axis',(-1.,-2.01157202444941E-11,0.));
#8012=DIRECTION('',(1.,2.01157202444941E-11,0.));
#8013=DIRECTION('center_axis',(7.93202022753937E-13,1.,0.));
#8014=DIRECTION('ref_axis',(1.,-7.93202022753937E-13,0.));
#8015=DIRECTION('',(-1.,7.93202022753937E-13,0.));
#8016=DIRECTION('center_axis',(-0.70710678118598,-0.707106781187115,0.));
#8017=DIRECTION('ref_axis',(-0.707106781187115,0.70710678118598,0.));
#8018=DIRECTION('',(0.707106781187115,-0.70710678118598,0.));
#8019=DIRECTION('center_axis',(0.707106781187757,0.707106781185338,0.));
#8020=DIRECTION('ref_axis',(0.707106781185338,-0.707106781187757,0.));
#8021=DIRECTION('',(-0.707106781185338,0.707106781187757,0.));
#8022=DIRECTION('center_axis',(-1.,-1.59471967174433E-12,0.));
#8023=DIRECTION('ref_axis',(-1.59471967174433E-12,1.,0.));
#8024=DIRECTION('',(1.59471967174433E-12,-1.,0.));
#8025=DIRECTION('center_axis',(1.,2.09043677725353E-11,0.));
#8026=DIRECTION('ref_axis',(2.09043677725353E-11,-1.,0.));
#8027=DIRECTION('',(-2.09043677725353E-11,1.,0.));
#8028=DIRECTION('center_axis',(-0.707106781171905,0.70710678120119,0.));
#8029=DIRECTION('ref_axis',(0.70710678120119,0.707106781171905,0.));
#8030=DIRECTION('',(-0.70710678120119,-0.707106781171905,0.));
#8031=DIRECTION('center_axis',(0.70710678118756,-0.707106781185535,0.));
#8032=DIRECTION('ref_axis',(-0.707106781185535,-0.70710678118756,0.));
#8033=DIRECTION('',(0.707106781185535,0.70710678118756,0.));
#8034=DIRECTION('center_axis',(1.45902510651522E-12,1.,0.));
#8035=DIRECTION('ref_axis',(1.,-1.45902510651522E-12,0.));
#8036=DIRECTION('',(-1.,1.45902510651522E-12,0.));
#8037=DIRECTION('center_axis',(-1.,2.05157487838821E-12,0.));
#8038=DIRECTION('ref_axis',(2.05157487838821E-12,1.,0.));
#8039=DIRECTION('',(-2.05157487838821E-12,-1.,0.));
#8040=DIRECTION('center_axis',(0.707106781019874,-0.707106781353221,0.));
#8041=DIRECTION('ref_axis',(-0.707106781353221,-0.707106781019874,0.));
#8042=DIRECTION('',(0.707106781353221,0.707106781019874,0.));
#8043=DIRECTION('center_axis',(-0.707106781221291,-0.707106781151804,0.));
#8044=DIRECTION('ref_axis',(-0.707106781151804,0.707106781221291,0.));
#8045=DIRECTION('',(0.707106781151804,-0.707106781221291,0.));
#8046=DIRECTION('center_axis',(1.,-6.17673801300673E-12,0.));
#8047=DIRECTION('ref_axis',(-6.17673801300672E-12,-1.,0.));
#8048=DIRECTION('',(6.17673801300672E-12,1.,0.));
#8049=DIRECTION('center_axis',(0.,0.,-1.));
#8050=DIRECTION('ref_axis',(-1.,0.,0.));
#8051=DIRECTION('center_axis',(0.,0.,-1.));
#8052=DIRECTION('ref_axis',(-1.,0.,0.));
#8053=DIRECTION('',(0.,0.,-1.));
#8054=DIRECTION('center_axis',(0.,0.,1.));
#8055=DIRECTION('ref_axis',(1.,0.,0.));
#8056=DIRECTION('center_axis',(0.,0.,1.));
#8057=DIRECTION('ref_axis',(-1.,0.,0.));
#8058=DIRECTION('center_axis',(0.,0.,-1.));
#8059=DIRECTION('ref_axis',(-1.,0.,0.));
#8060=DIRECTION('center_axis',(0.,0.,-1.));
#8061=DIRECTION('ref_axis',(-1.,0.,0.));
#8062=DIRECTION('center_axis',(0.,0.,-1.));
#8063=DIRECTION('ref_axis',(-1.,0.,0.));
#8064=DIRECTION('center_axis',(0.,0.,-1.));
#8065=DIRECTION('ref_axis',(-1.,0.,0.));
#8066=DIRECTION('center_axis',(0.,0.,-1.));
#8067=DIRECTION('ref_axis',(-1.,0.,0.));
#8068=DIRECTION('center_axis',(0.,0.,-1.));
#8069=DIRECTION('ref_axis',(-1.,0.,0.));
#8070=DIRECTION('center_axis',(0.,0.,-1.));
#8071=DIRECTION('ref_axis',(-1.,0.,0.));
#8072=DIRECTION('center_axis',(0.,0.,-1.));
#8073=DIRECTION('ref_axis',(-1.,0.,0.));
#8074=DIRECTION('center_axis',(0.,0.,-1.));
#8075=DIRECTION('ref_axis',(-1.,0.,0.));
#8076=DIRECTION('',(0.,0.,-1.));
#8077=DIRECTION('center_axis',(0.,0.,1.));
#8078=DIRECTION('ref_axis',(-1.,0.,0.));
#8079=DIRECTION('center_axis',(0.,0.,-1.));
#8080=DIRECTION('ref_axis',(-1.,0.,0.));
#8081=DIRECTION('',(0.,0.,-1.));
#8082=DIRECTION('center_axis',(0.,0.,1.));
#8083=DIRECTION('ref_axis',(-1.,0.,0.));
#8084=DIRECTION('center_axis',(0.,0.,-1.));
#8085=DIRECTION('ref_axis',(-1.,0.,0.));
#8086=DIRECTION('',(0.,0.,-1.));
#8087=DIRECTION('center_axis',(0.,0.,1.));
#8088=DIRECTION('ref_axis',(-1.,0.,0.));
#8089=DIRECTION('center_axis',(0.,0.,-1.));
#8090=DIRECTION('ref_axis',(-1.,0.,0.));
#8091=DIRECTION('',(0.,0.,-1.));
#8092=DIRECTION('center_axis',(0.,0.,1.));
#8093=DIRECTION('ref_axis',(-1.,0.,0.));
#8094=DIRECTION('center_axis',(0.,0.,-1.));
#8095=DIRECTION('ref_axis',(-1.,0.,0.));
#8096=DIRECTION('',(0.,0.,-1.));
#8097=DIRECTION('center_axis',(0.,0.,1.));
#8098=DIRECTION('ref_axis',(-1.,0.,0.));
#8099=DIRECTION('center_axis',(0.,0.,-1.));
#8100=DIRECTION('ref_axis',(-1.,0.,0.));
#8101=DIRECTION('',(0.,0.,-1.));
#8102=DIRECTION('center_axis',(0.,0.,1.));
#8103=DIRECTION('ref_axis',(-1.,0.,0.));
#8104=DIRECTION('center_axis',(0.,0.,-1.));
#8105=DIRECTION('ref_axis',(-1.,0.,0.));
#8106=DIRECTION('',(0.,0.,-1.));
#8107=DIRECTION('center_axis',(0.,0.,1.));
#8108=DIRECTION('ref_axis',(-1.,0.,0.));
#8109=DIRECTION('center_axis',(0.,0.,-1.));
#8110=DIRECTION('ref_axis',(-1.,0.,0.));
#8111=DIRECTION('',(0.,0.,-1.));
#8112=DIRECTION('center_axis',(0.,0.,1.));
#8113=DIRECTION('ref_axis',(-1.,0.,0.));
#8114=DIRECTION('center_axis',(0.,0.,-1.));
#8115=DIRECTION('ref_axis',(0.589604219875226,0.807692307692308,0.));
#8116=DIRECTION('center_axis',(0.,0.,1.));
#8117=DIRECTION('ref_axis',(0.589604219875226,0.807692307692308,0.));
#8118=DIRECTION('',(0.,0.,-1.));
#8119=DIRECTION('center_axis',(0.,1.,0.));
#8120=DIRECTION('ref_axis',(1.,0.,0.));
#8121=DIRECTION('',(1.,-2.44404025982778E-16,0.));
#8122=DIRECTION('center_axis',(0.,0.,-1.));
#8123=DIRECTION('ref_axis',(-1.,0.,0.));
#8124=DIRECTION('center_axis',(0.,-1.,0.));
#8125=DIRECTION('ref_axis',(-1.,0.,0.));
#8126=DIRECTION('',(-1.,0.,0.));
#8127=DIRECTION('',(0.,0.,-1.));
#8128=DIRECTION('center_axis',(0.,0.,-1.));
#8129=DIRECTION('ref_axis',(-1.,0.,0.));
#8130=DIRECTION('center_axis',(0.,0.,-1.));
#8131=DIRECTION('ref_axis',(-1.,0.,0.));
#8132=DIRECTION('',(0.,0.,-1.));
#8133=DIRECTION('center_axis',(-1.,3.69692567594662E-11,0.));
#8134=DIRECTION('ref_axis',(3.69692567594662E-11,1.,0.));
#8135=DIRECTION('',(3.69692567594662E-11,1.,0.));
#8136=DIRECTION('',(0.,0.,-1.));
#8137=DIRECTION('center_axis',(0.,0.,-1.));
#8138=DIRECTION('ref_axis',(-1.,0.,0.));
#8139=DIRECTION('center_axis',(0.,0.,1.));
#8140=DIRECTION('ref_axis',(-1.,0.,0.));
#8141=DIRECTION('',(0.,0.,-1.));
#8142=DIRECTION('center_axis',(-0.707106781188107,-0.707106781184989,0.));
#8143=DIRECTION('ref_axis',(-0.707106781184988,0.707106781188106,0.));
#8144=DIRECTION('',(-0.707106781184988,0.707106781188106,0.));
#8145=DIRECTION('',(0.,0.,-1.));
#8146=DIRECTION('center_axis',(0.,0.,-1.));
#8147=DIRECTION('ref_axis',(-0.707106781292156,-0.707106781080939,0.));
#8148=DIRECTION('center_axis',(0.,0.,1.));
#8149=DIRECTION('ref_axis',(-0.707106781292156,-0.707106781080939,0.));
#8150=DIRECTION('',(0.,0.,-1.));
#8151=DIRECTION('center_axis',(-5.57005874943395E-16,-1.,0.));
#8152=DIRECTION('ref_axis',(-1.,5.57005874943395E-16,0.));
#8153=DIRECTION('',(-1.,5.57005874943395E-16,0.));
#8154=DIRECTION('',(0.,0.,-1.));
#8155=DIRECTION('center_axis',(0.,0.,-1.));
#8156=DIRECTION('ref_axis',(0.,-1.,0.));
#8157=DIRECTION('center_axis',(0.,0.,1.));
#8158=DIRECTION('ref_axis',(0.,-1.,0.));
#8159=DIRECTION('',(0.,0.,-1.));
#8160=DIRECTION('center_axis',(0.707106781100793,-0.707106781272302,0.));
#8161=DIRECTION('ref_axis',(-0.707106781272302,-0.707106781100793,0.));
#8162=DIRECTION('',(-0.707106781272302,-0.707106781100793,0.));
#8163=DIRECTION('',(0.,0.,-1.));
#8164=DIRECTION('center_axis',(0.,0.,-1.));
#8165=DIRECTION('ref_axis',(0.707106781186547,-0.707106781186547,0.));
#8166=DIRECTION('center_axis',(0.,0.,1.));
#8167=DIRECTION('ref_axis',(0.707106781186547,-0.707106781186547,0.));
#8168=DIRECTION('',(0.,0.,-1.));
#8169=DIRECTION('center_axis',(1.,-2.36547697202946E-10,0.));
#8170=DIRECTION('ref_axis',(-2.36547697202946E-10,-1.,0.));
#8171=DIRECTION('',(-2.36547697202946E-10,-1.,0.));
#8172=DIRECTION('',(0.,0.,-1.));
#8173=DIRECTION('center_axis',(0.,0.,-1.));
#8174=DIRECTION('ref_axis',(0.,-1.,0.));
#8175=DIRECTION('center_axis',(0.,0.,-1.));
#8176=DIRECTION('ref_axis',(0.,-1.,0.));
#8177=DIRECTION('center_axis',(0.,0.,-1.));
#8178=DIRECTION('ref_axis',(0.707106781140748,0.707106781232347,0.));
#8179=DIRECTION('',(0.,0.,-1.));
#8180=DIRECTION('center_axis',(0.,0.,-1.));
#8181=DIRECTION('ref_axis',(0.707106781140748,0.707106781232347,0.));
#8182=DIRECTION('',(0.,0.,-1.));
#8183=DIRECTION('center_axis',(0.,1.,0.));
#8184=DIRECTION('ref_axis',(1.,0.,0.));
#8185=DIRECTION('',(0.,0.,-1.));
#8186=DIRECTION('',(1.,0.,0.));
#8187=DIRECTION('center_axis',(0.,0.,-1.));
#8188=DIRECTION('ref_axis',(0.,1.,0.));
#8189=DIRECTION('',(0.,0.,-1.));
#8190=DIRECTION('center_axis',(0.,0.,-1.));
#8191=DIRECTION('ref_axis',(0.,1.,0.));
#8192=DIRECTION('center_axis',(0.707106781186469,0.707106781186626,0.));
#8193=DIRECTION('ref_axis',(0.707106781186626,-0.707106781186469,0.));
#8194=DIRECTION('',(0.,0.,-1.));
#8195=DIRECTION('',(0.707106781186626,-0.707106781186469,0.));
#8196=DIRECTION('center_axis',(1.,-1.46611744700124E-11,0.));
#8197=DIRECTION('ref_axis',(-1.46611744700124E-11,-1.,0.));
#8198=DIRECTION('',(0.,0.,-1.));
#8199=DIRECTION('',(-1.46611744700124E-11,-1.,0.));
#8200=DIRECTION('center_axis',(0.,0.,-1.));
#8201=DIRECTION('ref_axis',(0.99999999832658,-5.785187715826E-5,0.));
#8202=DIRECTION('',(0.,0.,-1.));
#8203=DIRECTION('center_axis',(0.,0.,-1.));
#8204=DIRECTION('ref_axis',(0.99999999832658,-5.785187715826E-5,0.));
#8205=DIRECTION('center_axis',(0.,0.,-1.));
#8206=DIRECTION('ref_axis',(0.919959633140165,0.392013103598097,0.));
#8207=DIRECTION('',(0.,0.,-1.));
#8208=DIRECTION('center_axis',(0.,0.,-1.));
#8209=DIRECTION('ref_axis',(0.919959633140165,0.392013103598097,0.));
#8210=DIRECTION('center_axis',(0.707106781179765,0.707106781193331,0.));
#8211=DIRECTION('ref_axis',(0.707106781193331,-0.707106781179765,0.));
#8212=DIRECTION('',(0.707106781193331,-0.707106781179765,0.));
#8213=DIRECTION('center_axis',(-0.707106781186552,0.707106781186543,0.));
#8214=DIRECTION('ref_axis',(0.707106781186543,0.707106781186552,0.));
#8215=DIRECTION('',(0.,0.,-1.));
#8216=DIRECTION('',(0.707106781186543,0.707106781186552,0.));
#8217=DIRECTION('center_axis',(0.,0.,-1.));
#8218=DIRECTION('ref_axis',(-0.707065872535306,0.707147687471214,0.));
#8219=DIRECTION('',(0.,0.,-1.));
#8220=DIRECTION('center_axis',(0.,0.,-1.));
#8221=DIRECTION('ref_axis',(-0.707065872535306,0.707147687471214,0.));
#8222=DIRECTION('center_axis',(0.,0.,-1.));
#8223=DIRECTION('ref_axis',(-0.927704973242121,0.373314187544266,0.));
#8224=DIRECTION('',(0.,0.,-1.));
#8225=DIRECTION('center_axis',(0.,0.,-1.));
#8226=DIRECTION('ref_axis',(-0.927704973242121,0.373314187544266,0.));
#8227=DIRECTION('center_axis',(-1.,0.,0.));
#8228=DIRECTION('ref_axis',(0.,1.,0.));
#8229=DIRECTION('',(0.,1.,0.));
#8230=DIRECTION('center_axis',(0.,0.,1.));
#8231=DIRECTION('ref_axis',(1.,0.,0.));
#8232=DIRECTION('center_axis',(0.,0.,1.));
#8233=DIRECTION('ref_axis',(-1.,0.,0.));
#8234=DIRECTION('center_axis',(0.,0.,-1.));
#8235=DIRECTION('ref_axis',(-1.,0.,0.));
#8236=DIRECTION('',(0.,0.,-1.));
#8237=DIRECTION('center_axis',(0.,0.,1.));
#8238=DIRECTION('ref_axis',(1.,0.,0.));
#8239=DIRECTION('center_axis',(0.,0.,1.));
#8240=DIRECTION('ref_axis',(-1.,0.,0.));
#8241=DIRECTION('center_axis',(0.,0.,1.));
#8242=DIRECTION('ref_axis',(1.,0.,0.));
#8243=DIRECTION('center_axis',(0.,0.,1.));
#8244=DIRECTION('ref_axis',(-1.,0.,0.));
#8245=DIRECTION('',(0.,0.,-1.));
#8246=DIRECTION('center_axis',(0.,0.,-1.));
#8247=DIRECTION('ref_axis',(-1.,0.,0.));
#8248=DIRECTION('center_axis',(1.,0.,0.));
#8249=DIRECTION('ref_axis',(0.,0.,-1.));
#8250=DIRECTION('center_axis',(0.,0.,-1.));
#8251=DIRECTION('ref_axis',(0.707106781186545,0.70710678118655,0.));
#8252=DIRECTION('center_axis',(0.,1.,0.));
#8253=DIRECTION('ref_axis',(1.,0.,0.));
#8254=DIRECTION('center_axis',(0.,0.,1.));
#8255=DIRECTION('ref_axis',(0.707106781186545,0.70710678118655,0.));
#8256=DIRECTION('center_axis',(0.,-1.,0.));
#8257=DIRECTION('ref_axis',(0.707106781186537,0.,-0.707106781186558));
#8258=DIRECTION('center_axis',(0.,1.,0.));
#8259=DIRECTION('ref_axis',(1.,0.,0.));
#8260=DIRECTION('',(0.,1.,0.));
#8261=DIRECTION('',(0.,-1.,0.));
#8262=DIRECTION('center_axis',(0.,0.,-1.));
#8263=DIRECTION('ref_axis',(-1.,0.,0.));
#8264=DIRECTION('center_axis',(1.,0.,0.));
#8265=DIRECTION('ref_axis',(0.,-1.,0.));
#8266=DIRECTION('center_axis',(0.,0.,1.));
#8267=DIRECTION('ref_axis',(0.707106781186545,-0.70710678118655,0.));
#8268=DIRECTION('center_axis',(0.,0.,-1.));
#8269=DIRECTION('ref_axis',(0.707106781186545,-0.70710678118655,0.));
#8270=DIRECTION('center_axis',(-1.,0.,0.));
#8271=DIRECTION('ref_axis',(0.,-0.707106781186551,-0.707106781186544));
#8272=DIRECTION('center_axis',(1.,0.,0.));
#8273=DIRECTION('ref_axis',(0.,-1.,0.));
#8274=DIRECTION('',(1.,0.,0.));
#8275=DIRECTION('',(-1.,0.,0.));
#8276=DIRECTION('center_axis',(0.,0.,-1.));
#8277=DIRECTION('ref_axis',(-1.,0.,0.));
#8278=DIRECTION('center_axis',(0.,-1.,0.));
#8279=DIRECTION('ref_axis',(-1.,0.,0.));
#8280=DIRECTION('center_axis',(0.,0.,1.));
#8281=DIRECTION('ref_axis',(-0.707106781186545,-0.70710678118655,0.));
#8282=DIRECTION('center_axis',(0.,0.,-1.));
#8283=DIRECTION('ref_axis',(-0.707106781186545,-0.70710678118655,0.));
#8284=DIRECTION('center_axis',(0.,1.,0.));
#8285=DIRECTION('ref_axis',(-0.707106781186551,0.,-0.707106781186544));
#8286=DIRECTION('center_axis',(0.,-1.,0.));
#8287=DIRECTION('ref_axis',(-1.,0.,0.));
#8288=DIRECTION('',(0.,-1.,0.));
#8289=DIRECTION('',(0.,1.,0.));
#8290=DIRECTION('center_axis',(0.,0.,-1.));
#8291=DIRECTION('ref_axis',(-1.,0.,0.));
#8292=DIRECTION('center_axis',(-1.,0.,0.));
#8293=DIRECTION('ref_axis',(0.,1.,0.));
#8294=DIRECTION('center_axis',(0.,0.,1.));
#8295=DIRECTION('ref_axis',(-0.707106781186545,0.70710678118655,0.));
#8296=DIRECTION('center_axis',(0.,0.,-1.));
#8297=DIRECTION('ref_axis',(-0.707106781186545,0.70710678118655,0.));
#8298=DIRECTION('center_axis',(1.,0.,0.));
#8299=DIRECTION('ref_axis',(0.,0.707106781186551,-0.707106781186544));
#8300=DIRECTION('',(-1.,0.,0.));
#8301=DIRECTION('',(1.,0.,0.));
#8302=DIRECTION('center_axis',(0.,-1.,0.));
#8303=DIRECTION('ref_axis',(1.,0.,0.));
#8304=DIRECTION('',(0.,0.,1.));
#8305=DIRECTION('',(-1.,0.,0.));
#8306=DIRECTION('',(0.,0.,1.));
#8307=DIRECTION('center_axis',(0.,0.,1.));
#8308=DIRECTION('ref_axis',(0.,-1.,0.));
#8309=DIRECTION('',(0.,0.,1.));
#8310=DIRECTION('center_axis',(0.,0.,-1.));
#8311=DIRECTION('ref_axis',(0.,-1.,0.));
#8312=DIRECTION('center_axis',(1.,0.,0.));
#8313=DIRECTION('ref_axis',(0.,1.,0.));
#8314=DIRECTION('',(0.,0.,1.));
#8315=DIRECTION('',(0.,-1.,0.));
#8316=DIRECTION('center_axis',(0.,0.,1.));
#8317=DIRECTION('ref_axis',(1.,0.,0.));
#8318=DIRECTION('',(0.,0.,1.));
#8319=DIRECTION('center_axis',(0.,0.,-1.));
#8320=DIRECTION('ref_axis',(1.,0.,0.));
#8321=DIRECTION('center_axis',(0.,0.,1.));
#8322=DIRECTION('ref_axis',(1.,0.,0.));
#8323=DIRECTION('center_axis',(-1.,0.,0.));
#8324=DIRECTION('ref_axis',(0.,-1.,0.));
#8325=DIRECTION('',(0.,0.,1.));
#8326=DIRECTION('',(0.,1.,0.));
#8327=DIRECTION('',(0.,0.,1.));
#8328=DIRECTION('center_axis',(0.,0.,1.));
#8329=DIRECTION('ref_axis',(0.,1.,0.));
#8330=DIRECTION('center_axis',(0.,0.,-1.));
#8331=DIRECTION('ref_axis',(0.,1.,0.));
#8332=DIRECTION('',(0.,0.,1.));
#8333=DIRECTION('center_axis',(0.,1.,0.));
#8334=DIRECTION('ref_axis',(-1.,0.,0.));
#8335=DIRECTION('',(1.,0.,0.));
#8336=DIRECTION('center_axis',(0.,0.,1.));
#8337=DIRECTION('ref_axis',(-1.,0.,0.));
#8338=DIRECTION('center_axis',(0.,0.,-1.));
#8339=DIRECTION('ref_axis',(-1.,0.,0.));
#8340=DIRECTION('center_axis',(-1.,0.,0.));
#8341=DIRECTION('ref_axis',(0.,-1.,0.));
#8342=DIRECTION('',(0.,-1.,0.));
#8343=DIRECTION('',(0.,0.,1.));
#8344=DIRECTION('',(0.,-1.,0.));
#8345=DIRECTION('',(0.,0.,1.));
#8346=DIRECTION('center_axis',(0.,0.,1.));
#8347=DIRECTION('ref_axis',(0.,1.,0.));
#8348=DIRECTION('center_axis',(0.,0.,1.));
#8349=DIRECTION('ref_axis',(0.,1.,0.));
#8350=DIRECTION('',(0.,0.,1.));
#8351=DIRECTION('center_axis',(0.,0.,1.));
#8352=DIRECTION('ref_axis',(0.,1.,0.));
#8353=DIRECTION('center_axis',(0.,1.,0.));
#8354=DIRECTION('ref_axis',(-1.,0.,0.));
#8355=DIRECTION('',(-1.,0.,0.));
#8356=DIRECTION('',(0.,0.,1.));
#8357=DIRECTION('',(-1.,0.,0.));
#8358=DIRECTION('center_axis',(0.,0.,1.));
#8359=DIRECTION('ref_axis',(1.,0.,0.));
#8360=DIRECTION('center_axis',(0.,0.,1.));
#8361=DIRECTION('ref_axis',(1.,0.,0.));
#8362=DIRECTION('',(0.,0.,1.));
#8363=DIRECTION('center_axis',(0.,0.,1.));
#8364=DIRECTION('ref_axis',(1.,0.,0.));
#8365=DIRECTION('center_axis',(1.,0.,0.));
#8366=DIRECTION('ref_axis',(0.,1.,0.));
#8367=DIRECTION('',(0.,1.,0.));
#8368=DIRECTION('',(0.,0.,1.));
#8369=DIRECTION('',(0.,1.,0.));
#8370=DIRECTION('center_axis',(0.,0.,1.));
#8371=DIRECTION('ref_axis',(0.,-1.,0.));
#8372=DIRECTION('center_axis',(0.,0.,1.));
#8373=DIRECTION('ref_axis',(0.,-1.,0.));
#8374=DIRECTION('',(0.,0.,1.));
#8375=DIRECTION('center_axis',(0.,0.,1.));
#8376=DIRECTION('ref_axis',(0.,-1.,0.));
#8377=DIRECTION('center_axis',(0.,-1.,0.));
#8378=DIRECTION('ref_axis',(1.,0.,0.));
#8379=DIRECTION('',(1.,0.,0.));
#8380=DIRECTION('',(0.,0.,1.));
#8381=DIRECTION('',(1.,0.,0.));
#8382=DIRECTION('center_axis',(0.,0.,1.));
#8383=DIRECTION('ref_axis',(-1.,0.,0.));
#8384=DIRECTION('center_axis',(0.,0.,1.));
#8385=DIRECTION('ref_axis',(-1.,0.,0.));
#8386=DIRECTION('center_axis',(0.,0.,1.));
#8387=DIRECTION('ref_axis',(-1.,0.,0.));
#8388=DIRECTION('center_axis',(0.,0.,1.));
#8389=DIRECTION('ref_axis',(1.,0.,0.));
#8390=DIRECTION('center_axis',(0.,0.,1.));
#8391=DIRECTION('ref_axis',(1.,0.,0.));
#8392=DIRECTION('',(1.,0.,0.));
#8393=DIRECTION('',(0.707106781186547,-0.707106781186548,0.));
#8394=DIRECTION('',(0.,-1.,0.));
#8395=DIRECTION('',(-0.707106781186548,-0.707106781186548,0.));
#8396=DIRECTION('',(-1.,0.,0.));
#8397=DIRECTION('',(-0.707106781186548,0.707106781186547,0.));
#8398=DIRECTION('',(0.707106781186548,0.707106781186548,0.));
#8399=DIRECTION('center_axis',(0.,0.,-1.));
#8400=DIRECTION('ref_axis',(1.,0.,0.));
#8401=DIRECTION('center_axis',(0.,0.,1.));
#8402=DIRECTION('ref_axis',(-1.,0.,0.));
#8403=DIRECTION('center_axis',(0.,0.,-1.));
#8404=DIRECTION('ref_axis',(-1.,0.,0.));
#8405=DIRECTION('center_axis',(0.,0.,-1.));
#8406=DIRECTION('ref_axis',(-1.,0.,0.));
#8407=DIRECTION('center_axis',(0.,0.,-1.));
#8408=DIRECTION('ref_axis',(-1.,0.,0.));
#8409=DIRECTION('center_axis',(0.,0.,-1.));
#8410=DIRECTION('ref_axis',(-1.,0.,0.));
#8411=DIRECTION('center_axis',(0.,0.,-1.));
#8412=DIRECTION('ref_axis',(1.,0.,0.));
#8413=DIRECTION('center_axis',(0.,0.,-1.));
#8414=DIRECTION('ref_axis',(1.,0.,0.));
#8415=DIRECTION('center_axis',(0.,0.,-1.));
#8416=DIRECTION('ref_axis',(1.,0.,0.));
#8417=DIRECTION('',(0.707106781186547,-8.65956056235493E-17,0.707106781186548));
#8418=DIRECTION('center_axis',(0.,0.,1.));
#8419=DIRECTION('ref_axis',(1.,0.,0.));
#8420=DIRECTION('center_axis',(0.,0.,1.));
#8421=DIRECTION('ref_axis',(1.,0.,0.));
#8422=DIRECTION('',(0.,0.,1.));
#8423=DIRECTION('center_axis',(0.,0.,1.));
#8424=DIRECTION('ref_axis',(1.,0.,0.));
#8425=DIRECTION('center_axis',(0.,0.,-1.));
#8426=DIRECTION('ref_axis',(1.,0.,0.));
#8427=DIRECTION('',(0.707106781186547,-8.65956056235493E-17,0.707106781186548));
#8428=DIRECTION('center_axis',(0.,0.,1.));
#8429=DIRECTION('ref_axis',(1.,0.,0.));
#8430=DIRECTION('center_axis',(0.,0.,1.));
#8431=DIRECTION('ref_axis',(1.,0.,0.));
#8432=DIRECTION('',(0.,0.,1.));
#8433=DIRECTION('center_axis',(0.,0.,1.));
#8434=DIRECTION('ref_axis',(1.,0.,0.));
#8435=DIRECTION('center_axis',(0.,0.,1.));
#8436=DIRECTION('ref_axis',(1.,0.,0.));
#8437=DIRECTION('center_axis',(0.,0.,1.));
#8438=DIRECTION('ref_axis',(1.,0.,0.));
#8439=DIRECTION('center_axis',(0.,0.,-1.));
#8440=DIRECTION('ref_axis',(1.,0.,0.));
#8441=DIRECTION('center_axis',(0.,0.,1.));
#8442=DIRECTION('ref_axis',(1.,0.,0.));
#8443=DIRECTION('',(0.,0.,1.));
#8444=DIRECTION('center_axis',(0.,0.,1.));
#8445=DIRECTION('ref_axis',(1.,0.,0.));
#8446=DIRECTION('center_axis',(0.,0.,-1.));
#8447=DIRECTION('ref_axis',(-1.,0.,0.));
#8448=DIRECTION('center_axis',(0.,0.,-1.));
#8449=DIRECTION('ref_axis',(-1.,0.,0.));
#8450=DIRECTION('center_axis',(0.,0.,1.));
#8451=DIRECTION('ref_axis',(-1.,0.,0.));
#8452=DIRECTION('center_axis',(0.,0.,1.));
#8453=DIRECTION('ref_axis',(-1.,0.,0.));
#8454=DIRECTION('',(0.707106781186547,-8.65956056235493E-17,0.707106781186547));
#8455=DIRECTION('center_axis',(0.,0.,-1.));
#8456=DIRECTION('ref_axis',(-1.,0.,0.));
#8457=DIRECTION('center_axis',(0.,0.,1.));
#8458=DIRECTION('ref_axis',(1.,0.,0.));
#8459=DIRECTION('center_axis',(0.,0.,-1.));
#8460=DIRECTION('ref_axis',(1.,0.,0.));
#8461=DIRECTION('center_axis',(0.,0.,-1.));
#8462=DIRECTION('ref_axis',(1.,0.,0.));
#8463=DIRECTION('center_axis',(0.,0.,-1.));
#8464=DIRECTION('ref_axis',(1.,0.,0.));
#8465=DIRECTION('center_axis',(0.,0.,-1.));
#8466=DIRECTION('ref_axis',(1.,0.,0.));
#8467=DIRECTION('center_axis',(0.,0.,-1.));
#8468=DIRECTION('ref_axis',(1.,0.,0.));
#8469=DIRECTION('center_axis',(0.,0.,-1.));
#8470=DIRECTION('ref_axis',(1.,0.,0.));
#8471=DIRECTION('center_axis',(0.,0.,1.));
#8472=DIRECTION('ref_axis',(1.,0.,0.));
#8473=DIRECTION('center_axis',(0.,0.,-1.));
#8474=DIRECTION('ref_axis',(1.,0.,0.));
#8475=DIRECTION('center_axis',(0.,0.,-1.));
#8476=DIRECTION('ref_axis',(1.,0.,0.));
#8477=DIRECTION('center_axis',(0.,0.,-1.));
#8478=DIRECTION('ref_axis',(1.,0.,0.));
#8479=DIRECTION('center_axis',(0.,0.,-1.));
#8480=DIRECTION('ref_axis',(1.,0.,0.));
#8481=DIRECTION('center_axis',(0.,0.,-1.));
#8482=DIRECTION('ref_axis',(1.,0.,0.));
#8483=DIRECTION('center_axis',(0.,0.,-1.));
#8484=DIRECTION('ref_axis',(1.,0.,0.));
#8485=DIRECTION('center_axis',(0.,0.,-1.));
#8486=DIRECTION('ref_axis',(-1.,0.,0.));
#8487=DIRECTION('',(0.,0.,1.));
#8488=DIRECTION('center_axis',(0.,0.,-1.));
#8489=DIRECTION('ref_axis',(1.,0.,0.));
#8490=DIRECTION('',(0.707106781186548,-8.65956056235494E-17,0.707106781186547));
#8491=DIRECTION('center_axis',(0.,0.,1.));
#8492=DIRECTION('ref_axis',(1.,0.,0.));
#8493=DIRECTION('center_axis',(0.,0.,1.));
#8494=DIRECTION('ref_axis',(1.,0.,0.));
#8495=DIRECTION('',(0.,0.,1.));
#8496=DIRECTION('center_axis',(0.,0.,1.));
#8497=DIRECTION('ref_axis',(1.,0.,0.));
#8498=DIRECTION('center_axis',(0.,0.,-1.));
#8499=DIRECTION('ref_axis',(1.,0.,0.));
#8500=DIRECTION('',(0.707106781186548,-8.65956056235494E-17,0.707106781186547));
#8501=DIRECTION('center_axis',(0.,0.,1.));
#8502=DIRECTION('ref_axis',(1.,0.,0.));
#8503=DIRECTION('center_axis',(0.,0.,1.));
#8504=DIRECTION('ref_axis',(1.,0.,0.));
#8505=DIRECTION('',(0.,0.,1.));
#8506=DIRECTION('center_axis',(0.,0.,1.));
#8507=DIRECTION('ref_axis',(1.,0.,0.));
#8508=DIRECTION('center_axis',(0.,0.,-1.));
#8509=DIRECTION('ref_axis',(1.,0.,0.));
#8510=DIRECTION('',(0.707106781186548,-8.65956056235494E-17,0.707106781186547));
#8511=DIRECTION('center_axis',(0.,0.,1.));
#8512=DIRECTION('ref_axis',(1.,0.,0.));
#8513=DIRECTION('center_axis',(0.,0.,1.));
#8514=DIRECTION('ref_axis',(1.,0.,0.));
#8515=DIRECTION('',(0.,0.,1.));
#8516=DIRECTION('center_axis',(0.,0.,1.));
#8517=DIRECTION('ref_axis',(1.,0.,0.));
#8518=DIRECTION('center_axis',(0.,0.,-1.));
#8519=DIRECTION('ref_axis',(1.,0.,0.));
#8520=DIRECTION('',(0.707106781186548,-8.65956056235494E-17,0.707106781186547));
#8521=DIRECTION('center_axis',(0.,0.,1.));
#8522=DIRECTION('ref_axis',(1.,0.,0.));
#8523=DIRECTION('center_axis',(0.,0.,1.));
#8524=DIRECTION('ref_axis',(1.,0.,0.));
#8525=DIRECTION('',(0.,0.,1.));
#8526=DIRECTION('center_axis',(0.,0.,1.));
#8527=DIRECTION('ref_axis',(1.,0.,0.));
#8528=DIRECTION('center_axis',(0.,0.,-1.));
#8529=DIRECTION('ref_axis',(1.,0.,0.));
#8530=DIRECTION('',(0.707106781186548,-8.65956056235494E-17,0.707106781186547));
#8531=DIRECTION('center_axis',(0.,0.,1.));
#8532=DIRECTION('ref_axis',(1.,0.,0.));
#8533=DIRECTION('center_axis',(0.,0.,1.));
#8534=DIRECTION('ref_axis',(1.,0.,0.));
#8535=DIRECTION('',(0.,0.,1.));
#8536=DIRECTION('center_axis',(0.,0.,1.));
#8537=DIRECTION('ref_axis',(1.,0.,0.));
#8538=DIRECTION('center_axis',(0.,0.,-1.));
#8539=DIRECTION('ref_axis',(1.,0.,0.));
#8540=DIRECTION('',(0.707106781186548,-8.65956056235494E-17,0.707106781186547));
#8541=DIRECTION('center_axis',(0.,0.,1.));
#8542=DIRECTION('ref_axis',(1.,0.,0.));
#8543=DIRECTION('center_axis',(0.,0.,1.));
#8544=DIRECTION('ref_axis',(1.,0.,0.));
#8545=DIRECTION('',(0.,0.,1.));
#8546=DIRECTION('center_axis',(0.,0.,1.));
#8547=DIRECTION('ref_axis',(1.,0.,0.));
#8548=DIRECTION('center_axis',(0.,0.,-1.));
#8549=DIRECTION('ref_axis',(1.,0.,0.));
#8550=DIRECTION('',(0.707106781186548,-8.65956056235494E-17,0.707106781186547));
#8551=DIRECTION('center_axis',(0.,0.,1.));
#8552=DIRECTION('ref_axis',(1.,0.,0.));
#8553=DIRECTION('center_axis',(0.,0.,1.));
#8554=DIRECTION('ref_axis',(1.,0.,0.));
#8555=DIRECTION('',(0.,0.,1.));
#8556=DIRECTION('center_axis',(0.,0.,1.));
#8557=DIRECTION('ref_axis',(1.,0.,0.));
#8558=DIRECTION('center_axis',(0.,0.,-1.));
#8559=DIRECTION('ref_axis',(1.,0.,0.));
#8560=DIRECTION('',(0.707106781186548,-8.65956056235494E-17,0.707106781186547));
#8561=DIRECTION('center_axis',(0.,0.,1.));
#8562=DIRECTION('ref_axis',(1.,0.,0.));
#8563=DIRECTION('center_axis',(0.,0.,1.));
#8564=DIRECTION('ref_axis',(1.,0.,0.));
#8565=DIRECTION('',(0.,0.,1.));
#8566=DIRECTION('center_axis',(0.,0.,1.));
#8567=DIRECTION('ref_axis',(1.,0.,0.));
#8568=DIRECTION('center_axis',(0.,0.,-1.));
#8569=DIRECTION('ref_axis',(1.,0.,0.));
#8570=DIRECTION('',(0.70710678118654,-8.65956056235484E-17,0.707106781186555));
#8571=DIRECTION('center_axis',(0.,0.,1.));
#8572=DIRECTION('ref_axis',(1.,0.,0.));
#8573=DIRECTION('center_axis',(0.,0.,1.));
#8574=DIRECTION('ref_axis',(1.,0.,0.));
#8575=DIRECTION('',(0.,0.,1.));
#8576=DIRECTION('center_axis',(0.,0.,1.));
#8577=DIRECTION('ref_axis',(1.,0.,0.));
#8578=DIRECTION('center_axis',(0.,0.,-1.));
#8579=DIRECTION('ref_axis',(1.,0.,0.));
#8580=DIRECTION('',(0.70710678118654,-8.65956056235484E-17,0.707106781186555));
#8581=DIRECTION('center_axis',(0.,0.,1.));
#8582=DIRECTION('ref_axis',(1.,0.,0.));
#8583=DIRECTION('center_axis',(0.,0.,1.));
#8584=DIRECTION('ref_axis',(1.,0.,0.));
#8585=DIRECTION('',(0.,0.,1.));
#8586=DIRECTION('center_axis',(0.,0.,1.));
#8587=DIRECTION('ref_axis',(1.,0.,0.));
#8588=DIRECTION('center_axis',(0.,0.,-1.));
#8589=DIRECTION('ref_axis',(1.,0.,0.));
#8590=DIRECTION('',(0.70710678118654,-8.65956056235484E-17,0.707106781186555));
#8591=DIRECTION('center_axis',(0.,0.,1.));
#8592=DIRECTION('ref_axis',(1.,0.,0.));
#8593=DIRECTION('center_axis',(0.,0.,1.));
#8594=DIRECTION('ref_axis',(1.,0.,0.));
#8595=DIRECTION('',(0.,0.,1.));
#8596=DIRECTION('center_axis',(0.,0.,1.));
#8597=DIRECTION('ref_axis',(1.,0.,0.));
#8598=DIRECTION('center_axis',(0.,0.,-1.));
#8599=DIRECTION('ref_axis',(1.,0.,0.));
#8600=DIRECTION('',(0.70710678118654,-8.65956056235484E-17,0.707106781186555));
#8601=DIRECTION('center_axis',(0.,0.,1.));
#8602=DIRECTION('ref_axis',(1.,0.,0.));
#8603=DIRECTION('center_axis',(0.,0.,1.));
#8604=DIRECTION('ref_axis',(1.,0.,0.));
#8605=DIRECTION('',(0.,0.,1.));
#8606=DIRECTION('center_axis',(0.,0.,1.));
#8607=DIRECTION('ref_axis',(1.,0.,0.));
#8608=DIRECTION('center_axis',(0.,0.,1.));
#8609=DIRECTION('ref_axis',(1.,0.,0.));
#8610=DIRECTION('center_axis',(0.,0.,1.));
#8611=DIRECTION('ref_axis',(1.,0.,0.));
#8612=DIRECTION('center_axis',(0.,0.,1.));
#8613=DIRECTION('ref_axis',(1.,0.,0.));
#8614=DIRECTION('center_axis',(0.,0.,1.));
#8615=DIRECTION('ref_axis',(1.,0.,0.));
#8616=DIRECTION('center_axis',(0.500000000006736,0.86602540378055,0.));
#8617=DIRECTION('ref_axis',(-0.86602540378055,0.500000000006736,0.));
#8618=DIRECTION('',(-0.86602540378055,0.500000000006736,0.));
#8619=DIRECTION('',(0.,0.,1.));
#8620=DIRECTION('',(-0.86602540378055,0.500000000006736,0.));
#8621=DIRECTION('',(0.,0.,1.));
#8622=DIRECTION('center_axis',(1.,0.,0.));
#8623=DIRECTION('ref_axis',(0.,1.,0.));
#8624=DIRECTION('',(0.,1.,0.));
#8625=DIRECTION('',(0.,0.,1.));
#8626=DIRECTION('',(0.,1.,0.));
#8627=DIRECTION('center_axis',(0.500000000006736,-0.86602540378055,0.));
#8628=DIRECTION('ref_axis',(0.86602540378055,0.500000000006736,0.));
#8629=DIRECTION('',(0.86602540378055,0.500000000006736,0.));
#8630=DIRECTION('',(0.,0.,1.));
#8631=DIRECTION('',(0.86602540378055,0.500000000006736,0.));
#8632=DIRECTION('center_axis',(-0.500000000006736,-0.86602540378055,0.));
#8633=DIRECTION('ref_axis',(0.86602540378055,-0.500000000006736,0.));
#8634=DIRECTION('',(0.86602540378055,-0.500000000006736,0.));
#8635=DIRECTION('',(0.,0.,1.));
#8636=DIRECTION('',(0.86602540378055,-0.500000000006736,0.));
#8637=DIRECTION('center_axis',(-1.,0.,0.));
#8638=DIRECTION('ref_axis',(0.,-1.,0.));
#8639=DIRECTION('',(0.,-1.,0.));
#8640=DIRECTION('',(0.,0.,1.));
#8641=DIRECTION('',(0.,-1.,0.));
#8642=DIRECTION('center_axis',(-0.500000000006736,0.86602540378055,0.));
#8643=DIRECTION('ref_axis',(-0.86602540378055,-0.500000000006736,0.));
#8644=DIRECTION('',(-0.86602540378055,-0.500000000006736,0.));
#8645=DIRECTION('',(-0.86602540378055,-0.500000000006736,0.));
#8646=DIRECTION('center_axis',(0.,0.,1.));
#8647=DIRECTION('ref_axis',(1.,0.,0.));
#8648=DIRECTION('center_axis',(0.,0.,1.));
#8649=DIRECTION('ref_axis',(1.,0.,0.));
#8650=DIRECTION('center_axis',(0.,0.,-1.));
#8651=DIRECTION('ref_axis',(1.,0.,0.));
#8652=DIRECTION('center_axis',(0.,0.,-1.));
#8653=DIRECTION('ref_axis',(1.,0.,0.));
#8654=DIRECTION('center_axis',(0.,0.,-1.));
#8655=DIRECTION('ref_axis',(1.,0.,0.));
#8656=DIRECTION('',(0.,0.,1.));
#8657=DIRECTION('center_axis',(0.,0.,-1.));
#8658=DIRECTION('ref_axis',(1.,0.,0.));
#8659=DIRECTION('center_axis',(0.,0.,-1.));
#8660=DIRECTION('ref_axis',(1.,0.,0.));
#8661=DIRECTION('',(0.,0.,1.));
#8662=DIRECTION('center_axis',(0.,0.,1.));
#8663=DIRECTION('ref_axis',(1.,0.,0.));
#8664=DIRECTION('center_axis',(0.,0.,1.));
#8665=DIRECTION('ref_axis',(1.,0.,0.));
#8666=DIRECTION('center_axis',(0.,0.,1.));
#8667=DIRECTION('ref_axis',(1.,0.,0.));
#8668=DIRECTION('center_axis',(0.,0.,1.));
#8669=DIRECTION('ref_axis',(1.,0.,0.));
#8670=DIRECTION('center_axis',(0.,0.,1.));
#8671=DIRECTION('ref_axis',(1.,0.,0.));
#8672=DIRECTION('center_axis',(0.,0.,1.));
#8673=DIRECTION('ref_axis',(1.,0.,0.));
#8674=DIRECTION('center_axis',(0.,0.,1.));
#8675=DIRECTION('ref_axis',(1.,0.,0.));
#8676=DIRECTION('center_axis',(0.,0.,1.));
#8677=DIRECTION('ref_axis',(1.,0.,0.));
#8678=DIRECTION('center_axis',(0.,0.,1.));
#8679=DIRECTION('ref_axis',(1.,0.,0.));
#8680=DIRECTION('center_axis',(0.,0.,1.));
#8681=DIRECTION('ref_axis',(1.,0.,0.));
#8682=DIRECTION('center_axis',(0.,0.,-1.));
#8683=DIRECTION('ref_axis',(1.,0.,0.));
#8684=DIRECTION('',(0.,0.,-1.));
#8685=DIRECTION('center_axis',(0.,0.,1.));
#8686=DIRECTION('ref_axis',(1.,0.,0.));
#8687=DIRECTION('center_axis',(0.,0.,1.));
#8688=DIRECTION('ref_axis',(1.,0.,0.));
#8689=DIRECTION('center_axis',(0.,0.,1.));
#8690=DIRECTION('ref_axis',(-1.,0.,0.));
#8691=DIRECTION('center_axis',(0.,0.,1.));
#8692=DIRECTION('ref_axis',(-1.,0.,0.));
#8693=DIRECTION('center_axis',(0.,0.,1.));
#8694=DIRECTION('ref_axis',(1.,0.,0.));
#8695=DIRECTION('center_axis',(0.,0.,-1.));
#8696=DIRECTION('ref_axis',(-1.,0.,0.));
#8697=DIRECTION('center_axis',(0.,0.,-1.));
#8698=DIRECTION('ref_axis',(-1.,0.,0.));
#8699=DIRECTION('center_axis',(0.,0.,1.));
#8700=DIRECTION('ref_axis',(-1.,0.,0.));
#8701=DIRECTION('',(0.,0.,-1.));
#8702=DIRECTION('center_axis',(0.,0.,-1.));
#8703=DIRECTION('ref_axis',(-1.,0.,0.));
#8704=DIRECTION('center_axis',(0.,-1.,0.));
#8705=DIRECTION('ref_axis',(1.,0.,0.));
#8706=DIRECTION('',(1.,0.,0.));
#8707=DIRECTION('',(0.,0.,1.));
#8708=DIRECTION('',(1.,0.,0.));
#8709=DIRECTION('',(0.,0.,1.));
#8710=DIRECTION('center_axis',(0.,0.,1.));
#8711=DIRECTION('ref_axis',(0.986178655191983,-0.165685424958661,0.));
#8712=DIRECTION('center_axis',(0.,0.,1.));
#8713=DIRECTION('ref_axis',(0.986178655191983,-0.165685424958661,0.));
#8714=DIRECTION('',(0.,0.,1.));
#8715=DIRECTION('center_axis',(0.,0.,1.));
#8716=DIRECTION('ref_axis',(0.986178655191983,-0.165685424958661,0.));
#8717=DIRECTION('center_axis',(0.,1.,0.));
#8718=DIRECTION('ref_axis',(-1.,0.,0.));
#8719=DIRECTION('',(-1.,0.,0.));
#8720=DIRECTION('',(0.,0.,1.));
#8721=DIRECTION('',(-1.,0.,0.));
#8722=DIRECTION('center_axis',(0.,0.,1.));
#8723=DIRECTION('ref_axis',(0.,-1.,0.));
#8724=DIRECTION('center_axis',(0.,0.,-1.));
#8725=DIRECTION('ref_axis',(0.,-1.,0.));
#8726=DIRECTION('',(0.,0.,1.));
#8727=DIRECTION('center_axis',(0.,0.,-1.));
#8728=DIRECTION('ref_axis',(0.,-1.,0.));
#8729=DIRECTION('center_axis',(-1.,0.,0.));
#8730=DIRECTION('ref_axis',(0.,-1.,0.));
#8731=DIRECTION('',(0.,-1.,0.));
#8732=DIRECTION('',(0.,0.,1.));
#8733=DIRECTION('',(0.,-1.,0.));
#8734=DIRECTION('center_axis',(0.,0.,1.));
#8735=DIRECTION('ref_axis',(-0.165685424958651,-0.986178655191985,0.));
#8736=DIRECTION('center_axis',(0.,0.,1.));
#8737=DIRECTION('ref_axis',(-0.165685424958651,-0.986178655191985,0.));
#8738=DIRECTION('',(0.,0.,1.));
#8739=DIRECTION('center_axis',(0.,0.,1.));
#8740=DIRECTION('ref_axis',(-0.165685424958651,-0.986178655191985,0.));
#8741=DIRECTION('center_axis',(1.,0.,0.));
#8742=DIRECTION('ref_axis',(0.,1.,0.));
#8743=DIRECTION('',(0.,1.,0.));
#8744=DIRECTION('',(0.,0.,1.));
#8745=DIRECTION('',(0.,1.,0.));
#8746=DIRECTION('center_axis',(0.,0.,1.));
#8747=DIRECTION('ref_axis',(-1.,0.,0.));
#8748=DIRECTION('center_axis',(0.,0.,-1.));
#8749=DIRECTION('ref_axis',(-1.,0.,0.));
#8750=DIRECTION('',(0.,0.,1.));
#8751=DIRECTION('center_axis',(0.,0.,-1.));
#8752=DIRECTION('ref_axis',(-1.,0.,0.));
#8753=DIRECTION('center_axis',(2.65803024398186E-11,1.,0.));
#8754=DIRECTION('ref_axis',(-1.,2.65803024398186E-11,0.));
#8755=DIRECTION('',(-1.,2.65803024398186E-11,0.));
#8756=DIRECTION('',(0.,0.,1.));
#8757=DIRECTION('',(-1.,2.65803024398186E-11,0.));
#8758=DIRECTION('center_axis',(0.,0.,1.));
#8759=DIRECTION('ref_axis',(-0.986178655193634,0.165685424948833,0.));
#8760=DIRECTION('center_axis',(0.,0.,1.));
#8761=DIRECTION('ref_axis',(-0.986178655193634,0.165685424948833,0.));
#8762=DIRECTION('',(0.,0.,1.));
#8763=DIRECTION('center_axis',(0.,0.,1.));
#8764=DIRECTION('ref_axis',(-0.986178655193634,0.165685424948833,0.));
#8765=DIRECTION('center_axis',(2.65718535197805E-11,-1.,0.));
#8766=DIRECTION('ref_axis',(1.,2.65718535197805E-11,0.));
#8767=DIRECTION('',(1.,2.65718535197805E-11,0.));
#8768=DIRECTION('',(0.,0.,1.));
#8769=DIRECTION('',(1.,2.65718535197805E-11,0.));
#8770=DIRECTION('center_axis',(0.,0.,1.));
#8771=DIRECTION('ref_axis',(0.,1.,0.));
#8772=DIRECTION('center_axis',(0.,0.,-1.));
#8773=DIRECTION('ref_axis',(0.,1.,0.));
#8774=DIRECTION('',(0.,0.,1.));
#8775=DIRECTION('center_axis',(0.,0.,-1.));
#8776=DIRECTION('ref_axis',(0.,1.,0.));
#8777=DIRECTION('center_axis',(1.,0.,0.));
#8778=DIRECTION('ref_axis',(0.,1.,0.));
#8779=DIRECTION('',(0.,1.,0.));
#8780=DIRECTION('',(0.,0.,1.));
#8781=DIRECTION('',(0.,1.,0.));
#8782=DIRECTION('center_axis',(0.,0.,1.));
#8783=DIRECTION('ref_axis',(0.165685424880845,0.986178655205057,0.));
#8784=DIRECTION('center_axis',(0.,0.,1.));
#8785=DIRECTION('ref_axis',(0.165685424880845,0.986178655205057,0.));
#8786=DIRECTION('',(0.,0.,1.));
#8787=DIRECTION('center_axis',(0.,0.,1.));
#8788=DIRECTION('ref_axis',(0.165685424880845,0.986178655205057,0.));
#8789=DIRECTION('center_axis',(-1.,0.,0.));
#8790=DIRECTION('ref_axis',(0.,-1.,0.));
#8791=DIRECTION('',(0.,-1.,0.));
#8792=DIRECTION('',(0.,0.,1.));
#8793=DIRECTION('',(0.,-1.,0.));
#8794=DIRECTION('center_axis',(0.,0.,1.));
#8795=DIRECTION('ref_axis',(1.,0.,0.));
#8796=DIRECTION('center_axis',(0.,0.,-1.));
#8797=DIRECTION('ref_axis',(1.,0.,0.));
#8798=DIRECTION('center_axis',(0.,0.,-1.));
#8799=DIRECTION('ref_axis',(1.,0.,0.));
#8800=DIRECTION('center_axis',(0.,0.,1.));
#8801=DIRECTION('ref_axis',(1.,0.,0.));
#8802=DIRECTION('center_axis',(0.,0.,1.));
#8803=DIRECTION('ref_axis',(-1.,0.,0.));
#8804=DIRECTION('center_axis',(0.,0.,-1.));
#8805=DIRECTION('ref_axis',(-1.,0.,0.));
#8806=DIRECTION('',(0.,0.,-1.));
#8807=DIRECTION('center_axis',(0.,0.,1.));
#8808=DIRECTION('ref_axis',(-1.,0.,0.));
#8809=DIRECTION('',(0.,0.,1.));
#8810=DIRECTION('center_axis',(0.,0.,1.));
#8811=DIRECTION('ref_axis',(-1.,0.,0.));
#8812=DIRECTION('center_axis',(0.,0.,1.));
#8813=DIRECTION('ref_axis',(1.,0.,0.));
#8814=DIRECTION('center_axis',(-0.500000000006746,0.866025403780544,0.));
#8815=DIRECTION('ref_axis',(-0.866025403780544,-0.500000000006746,0.));
#8816=DIRECTION('',(-0.866025403780544,-0.500000000006746,0.));
#8817=DIRECTION('',(0.,0.,1.));
#8818=DIRECTION('',(-0.866025403780544,-0.500000000006746,0.));
#8819=DIRECTION('',(0.,0.,1.));
#8820=DIRECTION('center_axis',(0.500000000006745,0.866025403780544,0.));
#8821=DIRECTION('ref_axis',(-0.866025403780544,0.500000000006745,0.));
#8822=DIRECTION('',(-0.866025403780544,0.500000000006745,0.));
#8823=DIRECTION('',(0.,0.,1.));
#8824=DIRECTION('',(-0.866025403780544,0.500000000006745,0.));
#8825=DIRECTION('center_axis',(1.,0.,0.));
#8826=DIRECTION('ref_axis',(0.,1.,0.));
#8827=DIRECTION('',(0.,1.,0.));
#8828=DIRECTION('',(0.,0.,1.));
#8829=DIRECTION('',(0.,1.,0.));
#8830=DIRECTION('center_axis',(0.500000000006745,-0.866025403780544,0.));
#8831=DIRECTION('ref_axis',(0.866025403780544,0.500000000006745,0.));
#8832=DIRECTION('',(0.866025403780544,0.500000000006745,0.));
#8833=DIRECTION('',(0.,0.,1.));
#8834=DIRECTION('',(0.866025403780544,0.500000000006745,0.));
#8835=DIRECTION('center_axis',(-0.500000000006746,-0.866025403780544,0.));
#8836=DIRECTION('ref_axis',(0.866025403780544,-0.500000000006746,0.));
#8837=DIRECTION('',(0.866025403780544,-0.500000000006746,0.));
#8838=DIRECTION('',(0.,0.,1.));
#8839=DIRECTION('',(0.866025403780544,-0.500000000006746,0.));
#8840=DIRECTION('center_axis',(-1.,0.,0.));
#8841=DIRECTION('ref_axis',(0.,-1.,0.));
#8842=DIRECTION('',(0.,-1.,0.));
#8843=DIRECTION('',(0.,-1.,0.));
#8844=DIRECTION('center_axis',(0.,0.,1.));
#8845=DIRECTION('ref_axis',(1.,0.,0.));
#8846=DIRECTION('center_axis',(0.500000000006747,0.866025403780543,0.));
#8847=DIRECTION('ref_axis',(-0.866025403780543,0.500000000006747,0.));
#8848=DIRECTION('',(-0.866025403780543,0.500000000006747,0.));
#8849=DIRECTION('',(0.,0.,1.));
#8850=DIRECTION('',(-0.866025403780543,0.500000000006747,0.));
#8851=DIRECTION('',(0.,0.,1.));
#8852=DIRECTION('center_axis',(1.,0.,0.));
#8853=DIRECTION('ref_axis',(0.,1.,0.));
#8854=DIRECTION('',(0.,1.,0.));
#8855=DIRECTION('',(0.,0.,1.));
#8856=DIRECTION('',(0.,1.,0.));
#8857=DIRECTION('center_axis',(0.500000000006747,-0.866025403780543,0.));
#8858=DIRECTION('ref_axis',(0.866025403780543,0.500000000006747,0.));
#8859=DIRECTION('',(0.866025403780543,0.500000000006747,0.));
#8860=DIRECTION('',(0.,0.,1.));
#8861=DIRECTION('',(0.866025403780543,0.500000000006747,0.));
#8862=DIRECTION('center_axis',(-0.500000000006747,-0.866025403780543,0.));
#8863=DIRECTION('ref_axis',(0.866025403780543,-0.500000000006747,0.));
#8864=DIRECTION('',(0.866025403780543,-0.500000000006747,0.));
#8865=DIRECTION('',(0.,0.,1.));
#8866=DIRECTION('',(0.866025403780543,-0.500000000006747,0.));
#8867=DIRECTION('center_axis',(-1.,0.,0.));
#8868=DIRECTION('ref_axis',(0.,-1.,0.));
#8869=DIRECTION('',(0.,-1.,0.));
#8870=DIRECTION('',(0.,0.,1.));
#8871=DIRECTION('',(0.,-1.,0.));
#8872=DIRECTION('center_axis',(-0.500000000006747,0.866025403780543,0.));
#8873=DIRECTION('ref_axis',(-0.866025403780543,-0.500000000006747,0.));
#8874=DIRECTION('',(-0.866025403780543,-0.500000000006747,0.));
#8875=DIRECTION('',(-0.866025403780543,-0.500000000006747,0.));
#8876=DIRECTION('center_axis',(0.,0.,1.));
#8877=DIRECTION('ref_axis',(1.,0.,0.));
#8878=DIRECTION('center_axis',(-0.500000000006749,0.866025403780542,0.));
#8879=DIRECTION('ref_axis',(-0.866025403780542,-0.500000000006749,0.));
#8880=DIRECTION('',(-0.866025403780542,-0.500000000006749,0.));
#8881=DIRECTION('',(0.,0.,1.));
#8882=DIRECTION('',(-0.866025403780542,-0.500000000006749,0.));
#8883=DIRECTION('',(0.,0.,1.));
#8884=DIRECTION('center_axis',(0.500000000006749,0.866025403780542,0.));
#8885=DIRECTION('ref_axis',(-0.866025403780542,0.500000000006749,0.));
#8886=DIRECTION('',(-0.866025403780542,0.500000000006749,0.));
#8887=DIRECTION('',(0.,0.,1.));
#8888=DIRECTION('',(-0.866025403780542,0.500000000006749,0.));
#8889=DIRECTION('center_axis',(1.,0.,0.));
#8890=DIRECTION('ref_axis',(0.,1.,0.));
#8891=DIRECTION('',(0.,1.,0.));
#8892=DIRECTION('',(0.,0.,1.));
#8893=DIRECTION('',(0.,1.,0.));
#8894=DIRECTION('center_axis',(0.500000000006749,-0.866025403780542,0.));
#8895=DIRECTION('ref_axis',(0.866025403780542,0.500000000006749,0.));
#8896=DIRECTION('',(0.866025403780542,0.500000000006749,0.));
#8897=DIRECTION('',(0.,0.,1.));
#8898=DIRECTION('',(0.866025403780542,0.500000000006749,0.));
#8899=DIRECTION('center_axis',(-0.500000000006749,-0.866025403780542,0.));
#8900=DIRECTION('ref_axis',(0.866025403780542,-0.500000000006749,0.));
#8901=DIRECTION('',(0.866025403780542,-0.500000000006749,0.));
#8902=DIRECTION('',(0.,0.,1.));
#8903=DIRECTION('',(0.866025403780542,-0.500000000006749,0.));
#8904=DIRECTION('center_axis',(-1.,0.,0.));
#8905=DIRECTION('ref_axis',(0.,-1.,0.));
#8906=DIRECTION('',(0.,-1.,0.));
#8907=DIRECTION('',(0.,-1.,0.));
#8908=DIRECTION('center_axis',(0.,0.,1.));
#8909=DIRECTION('ref_axis',(1.,0.,0.));
#8910=DIRECTION('center_axis',(0.500000000006747,-0.866025403780543,0.));
#8911=DIRECTION('ref_axis',(0.866025403780543,0.500000000006747,0.));
#8912=DIRECTION('',(0.866025403780543,0.500000000006747,0.));
#8913=DIRECTION('',(0.,0.,1.));
#8914=DIRECTION('',(0.866025403780543,0.500000000006747,0.));
#8915=DIRECTION('',(0.,0.,1.));
#8916=DIRECTION('center_axis',(-0.500000000006748,-0.866025403780543,0.));
#8917=DIRECTION('ref_axis',(0.866025403780543,-0.500000000006748,0.));
#8918=DIRECTION('',(0.866025403780543,-0.500000000006748,0.));
#8919=DIRECTION('',(0.,0.,1.));
#8920=DIRECTION('',(0.866025403780543,-0.500000000006748,0.));
#8921=DIRECTION('center_axis',(-1.,0.,0.));
#8922=DIRECTION('ref_axis',(0.,-1.,0.));
#8923=DIRECTION('',(0.,-1.,0.));
#8924=DIRECTION('',(0.,0.,1.));
#8925=DIRECTION('',(0.,-1.,0.));
#8926=DIRECTION('center_axis',(-0.500000000006748,0.866025403780543,0.));
#8927=DIRECTION('ref_axis',(-0.866025403780543,-0.500000000006748,0.));
#8928=DIRECTION('',(-0.866025403780543,-0.500000000006748,0.));
#8929=DIRECTION('',(0.,0.,1.));
#8930=DIRECTION('',(-0.866025403780543,-0.500000000006748,0.));
#8931=DIRECTION('center_axis',(0.500000000006747,0.866025403780543,0.));
#8932=DIRECTION('ref_axis',(-0.866025403780543,0.500000000006747,0.));
#8933=DIRECTION('',(-0.866025403780543,0.500000000006747,0.));
#8934=DIRECTION('',(0.,0.,1.));
#8935=DIRECTION('',(-0.866025403780543,0.500000000006747,0.));
#8936=DIRECTION('center_axis',(1.,0.,0.));
#8937=DIRECTION('ref_axis',(0.,1.,0.));
#8938=DIRECTION('',(0.,1.,0.));
#8939=DIRECTION('',(0.,1.,0.));
#8940=DIRECTION('center_axis',(0.,0.,1.));
#8941=DIRECTION('ref_axis',(1.,0.,0.));
#8942=DIRECTION('center_axis',(0.,0.,-1.));
#8943=DIRECTION('ref_axis',(-1.,0.,0.));
#8944=DIRECTION('',(-0.70710678118654,8.65956056235484E-17,0.707106781186555));
#8945=DIRECTION('center_axis',(0.,0.,1.));
#8946=DIRECTION('ref_axis',(-1.,0.,0.));
#8947=DIRECTION('center_axis',(0.,0.,1.));
#8948=DIRECTION('ref_axis',(1.,0.,0.));
#8949=DIRECTION('center_axis',(0.,0.,1.));
#8950=DIRECTION('ref_axis',(-1.,0.,0.));
#8951=DIRECTION('',(0.,0.,1.));
#8952=DIRECTION('center_axis',(0.,0.,1.));
#8953=DIRECTION('ref_axis',(-1.,0.,0.));
#8954=DIRECTION('center_axis',(0.,0.,-1.));
#8955=DIRECTION('ref_axis',(-1.,0.,0.));
#8956=DIRECTION('',(-0.707106781186548,8.65956056235494E-17,0.707106781186547));
#8957=DIRECTION('center_axis',(0.,0.,1.));
#8958=DIRECTION('ref_axis',(-1.,0.,0.));
#8959=DIRECTION('center_axis',(0.,0.,1.));
#8960=DIRECTION('ref_axis',(-1.,0.,0.));
#8961=DIRECTION('',(0.,0.,1.));
#8962=DIRECTION('center_axis',(0.,0.,1.));
#8963=DIRECTION('ref_axis',(-1.,0.,0.));
#8964=DIRECTION('center_axis',(0.,0.,-1.));
#8965=DIRECTION('ref_axis',(-1.,0.,0.));
#8966=DIRECTION('',(-0.707106781186548,8.65956056235494E-17,0.707106781186547));
#8967=DIRECTION('center_axis',(0.,0.,1.));
#8968=DIRECTION('ref_axis',(-1.,0.,0.));
#8969=DIRECTION('center_axis',(0.,0.,1.));
#8970=DIRECTION('ref_axis',(-1.,0.,0.));
#8971=DIRECTION('',(0.,0.,1.));
#8972=DIRECTION('center_axis',(0.,0.,1.));
#8973=DIRECTION('ref_axis',(-1.,0.,0.));
#8974=DIRECTION('center_axis',(0.,0.,-1.));
#8975=DIRECTION('ref_axis',(-1.,0.,0.));
#8976=DIRECTION('',(-0.70710678118654,8.65956056235484E-17,0.707106781186555));
#8977=DIRECTION('center_axis',(0.,0.,1.));
#8978=DIRECTION('ref_axis',(-1.,0.,0.));
#8979=DIRECTION('center_axis',(0.,0.,1.));
#8980=DIRECTION('ref_axis',(-1.,0.,0.));
#8981=DIRECTION('',(0.,0.,1.));
#8982=DIRECTION('center_axis',(0.,0.,1.));
#8983=DIRECTION('ref_axis',(-1.,0.,0.));
#8984=DIRECTION('center_axis',(0.,0.,1.));
#8985=DIRECTION('ref_axis',(-1.,0.,0.));
#8986=DIRECTION('center_axis',(0.,0.,1.));
#8987=DIRECTION('ref_axis',(-1.,0.,0.));
#8988=DIRECTION('',(0.707106781186551,-8.65956056235498E-17,0.707106781186544));
#8989=DIRECTION('center_axis',(0.,0.,-1.));
#8990=DIRECTION('ref_axis',(-1.,0.,0.));
#8991=DIRECTION('center_axis',(0.,0.,1.));
#8992=DIRECTION('ref_axis',(-1.,0.,0.));
#8993=DIRECTION('center_axis',(0.,0.,-1.));
#8994=DIRECTION('ref_axis',(-1.,0.,0.));
#8995=DIRECTION('',(0.,0.,-1.));
#8996=DIRECTION('center_axis',(0.,0.,1.));
#8997=DIRECTION('ref_axis',(1.,0.,0.));
#8998=DIRECTION('center_axis',(0.,0.,1.));
#8999=DIRECTION('ref_axis',(-1.,0.,0.));
#9000=DIRECTION('center_axis',(0.,0.,1.));
#9001=DIRECTION('ref_axis',(-1.,0.,0.));
#9002=DIRECTION('',(0.707106781186548,-8.65956056235494E-17,0.707106781186547));
#9003=DIRECTION('center_axis',(0.,0.,-1.));
#9004=DIRECTION('ref_axis',(-1.,0.,0.));
#9005=DIRECTION('center_axis',(0.,0.,1.));
#9006=DIRECTION('ref_axis',(-1.,0.,0.));
#9007=DIRECTION('center_axis',(0.,0.,-1.));
#9008=DIRECTION('ref_axis',(-1.,0.,0.));
#9009=DIRECTION('',(0.,0.,-1.));
#9010=DIRECTION('center_axis',(0.,0.,1.));
#9011=DIRECTION('ref_axis',(1.,0.,0.));
#9012=DIRECTION('center_axis',(0.,0.,1.));
#9013=DIRECTION('ref_axis',(-1.,0.,0.));
#9014=DIRECTION('center_axis',(0.,0.,1.));
#9015=DIRECTION('ref_axis',(-1.,0.,0.));
#9016=DIRECTION('',(0.707106781186548,-8.65956056235494E-17,0.707106781186547));
#9017=DIRECTION('center_axis',(0.,0.,-1.));
#9018=DIRECTION('ref_axis',(-1.,0.,0.));
#9019=DIRECTION('center_axis',(0.,0.,1.));
#9020=DIRECTION('ref_axis',(-1.,0.,0.));
#9021=DIRECTION('center_axis',(0.,0.,-1.));
#9022=DIRECTION('ref_axis',(-1.,0.,0.));
#9023=DIRECTION('',(0.,0.,-1.));
#9024=DIRECTION('center_axis',(0.,0.,1.));
#9025=DIRECTION('ref_axis',(1.,0.,0.));
#9026=DIRECTION('center_axis',(0.,0.,1.));
#9027=DIRECTION('ref_axis',(-1.,0.,0.));
#9028=DIRECTION('center_axis',(0.,0.,1.));
#9029=DIRECTION('ref_axis',(-1.,0.,0.));
#9030=DIRECTION('',(0.707106781186551,-8.65956056235498E-17,0.707106781186544));
#9031=DIRECTION('center_axis',(0.,0.,-1.));
#9032=DIRECTION('ref_axis',(-1.,0.,0.));
#9033=DIRECTION('center_axis',(0.,0.,1.));
#9034=DIRECTION('ref_axis',(-1.,0.,0.));
#9035=DIRECTION('center_axis',(0.,0.,-1.));
#9036=DIRECTION('ref_axis',(-1.,0.,0.));
#9037=DIRECTION('',(0.,0.,-1.));
#9038=DIRECTION('center_axis',(0.,0.,1.));
#9039=DIRECTION('ref_axis',(1.,0.,0.));
#9040=DIRECTION('center_axis',(0.,0.,1.));
#9041=DIRECTION('ref_axis',(1.,0.,0.));
#9042=DIRECTION('center_axis',(0.,0.,1.));
#9043=DIRECTION('ref_axis',(1.,0.,0.));
#9044=DIRECTION('center_axis',(0.,0.,1.));
#9045=DIRECTION('ref_axis',(1.,0.,0.));
#9046=DIRECTION('center_axis',(0.,0.,1.));
#9047=DIRECTION('ref_axis',(1.,0.,0.));
#9048=DIRECTION('center_axis',(0.,1.,0.));
#9049=DIRECTION('ref_axis',(-1.,0.,0.));
#9050=DIRECTION('',(0.,0.,1.));
#9051=DIRECTION('',(0.,0.,1.));
#9052=DIRECTION('center_axis',(-0.707106781186548,-0.707106781186547,0.));
#9053=DIRECTION('ref_axis',(0.707106781186547,-0.707106781186548,0.));
#9054=DIRECTION('',(0.,0.,1.));
#9055=DIRECTION('',(0.,0.,1.));
#9056=DIRECTION('center_axis',(-1.,0.,0.));
#9057=DIRECTION('ref_axis',(0.,-1.,0.));
#9058=DIRECTION('',(0.,0.,1.));
#9059=DIRECTION('center_axis',(-0.707106781186548,0.707106781186548,0.));
#9060=DIRECTION('ref_axis',(-0.707106781186548,-0.707106781186548,0.));
#9061=DIRECTION('center_axis',(0.707106781186547,0.707106781186548,0.));
#9062=DIRECTION('ref_axis',(-0.707106781186548,0.707106781186547,0.));
#9063=DIRECTION('center_axis',(0.,-1.,0.));
#9064=DIRECTION('ref_axis',(1.,0.,0.));
#9065=DIRECTION('',(0.,0.,1.));
#9066=DIRECTION('center_axis',(0.707106781186548,-0.707106781186548,0.));
#9067=DIRECTION('ref_axis',(0.707106781186548,0.707106781186548,0.));
#9068=CARTESIAN_POINT('',(0.,0.,0.));
#9069=CARTESIAN_POINT('Origin',(29.1174413236172,-23.2225868564925,43.95));
#9070=CARTESIAN_POINT('',(12.3785119139996,-29.8804149969455,43.95));
#9071=CARTESIAN_POINT('',(12.4285119139996,-29.8804149969455,43.95));
#9072=CARTESIAN_POINT('',(20.7479766188084,-29.8804149969455,43.95));
#9073=CARTESIAN_POINT('',(12.3785119139996,-30.0304149969455,43.95));
#9074=CARTESIAN_POINT('',(12.3785119139996,-9.05150092671899,43.95));
#9075=CARTESIAN_POINT('',(17.4285119139996,-30.0304149969455,43.95));
#9076=CARTESIAN_POINT('',(21.2479766188084,-30.0304149969455,43.95));
#9077=CARTESIAN_POINT('',(17.6285119139996,-29.8304149969455,43.95));
#9078=CARTESIAN_POINT('',(22.0527013015174,-25.4062256094279,43.95));
#9079=CARTESIAN_POINT('',(17.6285119139996,-28.5576227908455,43.95));
#9080=CARTESIAN_POINT('',(17.6285119139996,-25.901500926719,43.95));
#9081=CARTESIAN_POINT('',(17.6574142810335,-28.4083494046464,43.95));
#9082=CARTESIAN_POINT('Origin',(18.0282955404996,-28.5575943047455,43.95));
#9083=CARTESIAN_POINT('',(17.7456692014996,-28.2747800783455,43.95));
#9084=CARTESIAN_POINT('Origin',(18.0283713235996,-28.5575149120455,43.95));
#9085=CARTESIAN_POINT('',(20.8728769953996,-25.1475722844455,43.95));
#9086=CARTESIAN_POINT('',(21.8516605374922,-24.1687887423528,43.95));
#9087=CARTESIAN_POINT('',(21.1557197078996,-25.0304149969455,43.95));
#9088=CARTESIAN_POINT('Origin',(21.1557197078996,-25.4304149969455,43.95));
#9089=CARTESIAN_POINT('',(37.1013041200997,-25.0304149969455,43.95));
#9090=CARTESIAN_POINT('',(25.1365805157584,-25.0304149969455,43.95));
#9091=CARTESIAN_POINT('',(37.3841468325743,-25.1475722844709,43.95));
#9092=CARTESIAN_POINT('Origin',(37.1013041200738,-25.430414997008,43.95));
#9093=CARTESIAN_POINT('',(40.5113546264801,-28.2747800783167,43.95));
#9094=CARTESIAN_POINT('',(36.1584066390134,-23.9218320909335,43.95));
#9095=CARTESIAN_POINT('',(40.5964698552025,-28.4007695137562,43.95));
#9096=CARTESIAN_POINT('Origin',(40.2286850558996,-28.5574899343455,43.95));
#9097=CARTESIAN_POINT('',(40.6285119140183,-28.5576227908322,43.95));
#9098=CARTESIAN_POINT('Origin',(40.2286876081997,-28.5575996602455,43.95));
#9099=CARTESIAN_POINT('',(40.6285119139996,-29.8304149969455,43.95));
#9100=CARTESIAN_POINT('',(40.6285119140574,-25.8901048237467,43.95));
#9101=CARTESIAN_POINT('',(40.8285119139996,-30.0304149969455,43.95));
#9102=CARTESIAN_POINT('',(36.0987872312901,-25.300690314237,43.95));
#9103=CARTESIAN_POINT('',(45.8785119139996,-30.0304149969455,43.95));
#9104=CARTESIAN_POINT('',(36.9729766188084,-30.0304149969455,43.95));
#9105=CARTESIAN_POINT('',(45.8785119139996,-17.2304149969455,43.95));
#9106=CARTESIAN_POINT('',(45.8785119139996,-36.301500926719,43.95));
#9107=CARTESIAN_POINT('',(36.9107031221191,-17.2304149969455,43.95));
#9108=CARTESIAN_POINT('',(37.4479766188084,-17.2304149969455,43.95));
#9109=CARTESIAN_POINT('',(21.3463207058801,-17.2304149969455,43.95));
#9110=CARTESIAN_POINT('Origin',(29.1285119139996,-6.63041499694552,43.95));
#9111=CARTESIAN_POINT('',(12.3785119139996,-17.2304149969455,43.95));
#9112=CARTESIAN_POINT('',(21.2729766188084,-17.2304149969455,43.95));
#9113=CARTESIAN_POINT('',(12.3785119139996,-17.3804149967439,43.95));
#9114=CARTESIAN_POINT('',(12.3785119139996,-9.05150092671899,43.95));
#9115=CARTESIAN_POINT('',(12.4285119139996,-17.3804149967439,43.95));
#9116=CARTESIAN_POINT('',(20.7479766188084,-17.3804149967439,43.95));
#9117=CARTESIAN_POINT('',(12.4285119139996,-20.131131223631,43.95));
#9118=CARTESIAN_POINT('Origin',(17.4285119139996,-30.0304149969455,46.5));
#9119=CARTESIAN_POINT('',(17.4285119139996,-30.0304149969455,43.5));
#9120=CARTESIAN_POINT('',(17.4285119139996,-30.0304149969455,46.5));
#9121=CARTESIAN_POINT('',(17.6285119139996,-29.8304149969455,43.5));
#9122=CARTESIAN_POINT('',(17.6285119139996,-29.8304149969455,43.5));
#9123=CARTESIAN_POINT('',(17.6285119139996,-29.8304149969455,46.5));
#9124=CARTESIAN_POINT('Origin',(13.3785119139996,-30.0304149969455,46.5));
#9125=CARTESIAN_POINT('',(12.3785119139996,-30.0304149968449,43.8000000001008));
#9126=CARTESIAN_POINT('',(12.3785119139996,-30.0304149969455,22.));
#9127=CARTESIAN_POINT('',(12.4285119139996,-30.0304149968449,43.8000000001008));
#9128=CARTESIAN_POINT('',(12.3785119139996,-30.0304149968449,43.8000000001008));
#9129=CARTESIAN_POINT('',(12.4285119139996,-30.0304149969455,41.5));
#9130=CARTESIAN_POINT('',(12.4285119139996,-30.0304149969455,40.9981826611437));
#9131=CARTESIAN_POINT('',(15.7202481797757,-30.0304149969455,41.5));
#9132=CARTESIAN_POINT('',(11.6696818762257,-30.0304149969455,41.5));
#9133=CARTESIAN_POINT('',(15.7202481797757,-30.0304149969455,43.5));
#9134=CARTESIAN_POINT('',(15.7202481797757,-30.0304149969455,44.));
#9135=CARTESIAN_POINT('',(17.4285119139996,-30.0304149969455,43.5));
#9136=CARTESIAN_POINT('Origin',(12.3785119139996,5.1195850030545,0.));
#9137=CARTESIAN_POINT('',(12.3785119139996,-32.0929149968842,41.7375000000641));
#9138=CARTESIAN_POINT('Origin',(12.3785119139996,-29.8304149968447,44.0000000001008));
#9139=CARTESIAN_POINT('',(12.4285119139996,-30.0304149968449,43.8000000001008));
#9140=CARTESIAN_POINT('Origin',(12.4285119139996,-17.0396755907696,37.9963653222874));
#9141=CARTESIAN_POINT('',(12.4285119139996,-17.2304149968447,43.8000000001008));
#9142=CARTESIAN_POINT('',(12.4285119139996,-17.4304149968447,44.0000000001008));
#9143=CARTESIAN_POINT('',(12.4285119139996,-17.2304149969455,43.5));
#9144=CARTESIAN_POINT('',(12.4285119139996,-17.2304149969455,42.2481826611437));
#9145=CARTESIAN_POINT('',(12.4285119139996,-17.1304149968447,43.5));
#9146=CARTESIAN_POINT('',(12.4285119139996,-17.1804149969203,43.5));
#9147=CARTESIAN_POINT('',(12.4285119139996,-17.1304149968447,43.5171572876008));
#9148=CARTESIAN_POINT('',(12.4285119139996,-17.1304149969455,42.2481826611437));
#9149=CARTESIAN_POINT('',(12.4285119139996,-16.9304149968461,43.6000000001008));
#9150=CARTESIAN_POINT('',(12.4285119139996,-17.1304149968447,43.5171572876008));
#9151=CARTESIAN_POINT('',(12.4285119139996,-16.9304149968448,33.0000000001008));
#9152=CARTESIAN_POINT('',(12.4285119139996,-16.9304149968461,44.0000000001008));
#9153=CARTESIAN_POINT('',(12.4285119139996,-17.3304149968447,32.2000000001009));
#9154=CARTESIAN_POINT('',(12.4285119139996,-16.9304149968448,33.0000000001008));
#9155=CARTESIAN_POINT('',(12.4285119139996,-17.3304149968447,30.4000000001009));
#9156=CARTESIAN_POINT('',(12.4285119139996,-17.3304149968447,32.2000000001009));
#9157=CARTESIAN_POINT('',(12.4285119139996,-17.3304149968447,30.3500000001008));
#9158=CARTESIAN_POINT('',(12.4285119139996,-17.3304149968447,32.2000000001009));
#9159=CARTESIAN_POINT('',(12.4285119139996,-18.0130689729447,30.3500000001008));
#9160=CARTESIAN_POINT('',(12.4285119139996,-17.3304149968447,30.3500000001008));
#9161=CARTESIAN_POINT('',(12.4285119139996,-18.1555409950352,38.5122166846068));
#9162=CARTESIAN_POINT('',(12.4285119139996,-18.0130689729447,30.3500000001008));
#9163=CARTESIAN_POINT('',(12.4285119139996,-18.8554343816447,39.2000000001008));
#9164=CARTESIAN_POINT('Origin',(12.4285119139996,-18.8554343816446,38.5000000001011));
#9165=CARTESIAN_POINT('',(12.4285119139996,-28.4053956120447,39.2000000001008));
#9166=CARTESIAN_POINT('',(12.4285119139996,-18.8554343816447,39.2000000001008));
#9167=CARTESIAN_POINT('',(12.4285119139996,-29.1052889986542,38.5122166846068));
#9168=CARTESIAN_POINT('Origin',(12.4285119139996,-28.4053956120447,38.5000000001008));
#9169=CARTESIAN_POINT('',(12.4285119139996,-29.2477610208447,30.3500000001008));
#9170=CARTESIAN_POINT('',(12.4285119139996,-29.1052889986542,38.5122166846068));
#9171=CARTESIAN_POINT('',(12.4285119139996,-29.9304149968447,30.3500000001008));
#9172=CARTESIAN_POINT('',(12.4285119139996,-29.2477610208447,30.3500000001008));
#9173=CARTESIAN_POINT('',(12.4285119139996,-29.9304149968447,30.4000000001009));
#9174=CARTESIAN_POINT('',(12.4285119139996,-29.9304149968447,30.3500000001008));
#9175=CARTESIAN_POINT('',(12.4285119139996,-29.9304149968447,32.2000000001009));
#9176=CARTESIAN_POINT('',(12.4285119139996,-29.9304149968447,30.3500000001008));
#9177=CARTESIAN_POINT('',(12.4285119139996,-30.3304149968447,33.0000000001008));
#9178=CARTESIAN_POINT('',(12.4285119139996,-29.9304149968447,32.2000000001009));
#9179=CARTESIAN_POINT('',(12.4285119139996,-30.3304149968445,43.6000000001008));
#9180=CARTESIAN_POINT('',(12.4285119139996,-30.3304149968447,32.5000000001008));
#9181=CARTESIAN_POINT('',(12.4285119139996,-30.1304149968447,43.5171572876008));
#9182=CARTESIAN_POINT('',(12.4285119139996,-30.3304149968445,43.6000000001008));
#9183=CARTESIAN_POINT('',(12.4285119139996,-30.1304149969455,41.5));
#9184=CARTESIAN_POINT('',(12.4285119139996,-30.1304149969455,40.9981826611437));
#9185=CARTESIAN_POINT('',(12.4285119139996,-23.5600452938576,41.5));
#9186=CARTESIAN_POINT('Origin',(12.3785119139996,-17.2304149968447,43.8000000001008));
#9187=CARTESIAN_POINT('',(12.3785119139996,-17.2304149968447,43.8000000001008));
#9188=CARTESIAN_POINT('',(12.3785119139996,-0.692914996842954,27.2625000001042));
#9189=CARTESIAN_POINT('',(12.9035119139996,-17.2304149969455,43.8000000002016));
#9190=CARTESIAN_POINT('Origin',(12.3785119139996,5.1195850030545,0.));
#9191=CARTESIAN_POINT('',(12.3785119139996,-17.2304149969455,22.));
#9192=CARTESIAN_POINT('Origin',(13.4285119139996,-17.2304149969455,46.5));
#9193=CARTESIAN_POINT('',(21.3463207058801,-17.2304149969455,43.5));
#9194=CARTESIAN_POINT('',(21.3463207058801,-17.2304149969455,44.));
#9195=CARTESIAN_POINT('',(12.3785119139996,-17.2304149969455,43.5));
#9196=CARTESIAN_POINT('Origin',(29.1285119139996,-6.63041499694552,44.));
#9197=CARTESIAN_POINT('',(36.9107031221191,-17.2304149969455,43.5));
#9198=CARTESIAN_POINT('',(36.9107031221191,-17.2304149969455,44.));
#9199=CARTESIAN_POINT('Origin',(29.1285119139996,-6.63041499694552,43.5));
#9200=CARTESIAN_POINT('Origin',(45.7785119139996,-17.2304149969455,46.5));
#9201=CARTESIAN_POINT('',(45.8785119139996,-17.2304149969455,43.5));
#9202=CARTESIAN_POINT('',(45.8785119139996,-17.2304149969455,22.));
#9203=CARTESIAN_POINT('',(36.9107031221191,-17.2304149969455,43.5));
#9204=CARTESIAN_POINT('Origin',(45.8785119139996,-49.3804149969455,0.));
#9205=CARTESIAN_POINT('',(45.8785119139996,-30.0304149969455,41.5));
#9206=CARTESIAN_POINT('',(45.8785119139996,-30.0304149969455,22.));
#9207=CARTESIAN_POINT('',(45.8785119139996,-30.1304149969455,41.5));
#9208=CARTESIAN_POINT('',(45.8785119139996,-39.7304149969455,41.5));
#9209=CARTESIAN_POINT('',(45.8785119139996,-30.1304149969455,44.));
#9210=CARTESIAN_POINT('',(45.8785119139996,-30.1304149969455,22.));
#9211=CARTESIAN_POINT('',(45.8785119139996,-49.3804149969455,44.));
#9212=CARTESIAN_POINT('',(45.8785119139996,-49.3804149969455,44.));
#9213=CARTESIAN_POINT('',(45.8785119139996,-49.3804149969455,0.));
#9214=CARTESIAN_POINT('',(45.8785119139996,-49.3804149969455,0.));
#9215=CARTESIAN_POINT('',(45.8785119139996,5.1195850030545,0.));
#9216=CARTESIAN_POINT('',(45.8785119139996,-49.3804149969455,0.));
#9217=CARTESIAN_POINT('',(45.8785119139996,5.1195850030545,44.));
#9218=CARTESIAN_POINT('',(45.8785119139996,5.1195850030545,0.));
#9219=CARTESIAN_POINT('',(45.8785119139996,-17.1304149969455,44.));
#9220=CARTESIAN_POINT('',(45.8785119139996,-49.3804149969455,44.));
#9221=CARTESIAN_POINT('',(45.8785119139996,-17.1304149969455,43.5));
#9222=CARTESIAN_POINT('',(45.8785119139996,-17.1304149969455,22.));
#9223=CARTESIAN_POINT('',(45.8785119139996,-33.619612538833,43.5));
#9224=CARTESIAN_POINT('Origin',(44.8285119139996,-30.0304149969455,46.5));
#9225=CARTESIAN_POINT('',(40.8285119139996,-30.0304149969455,43.5));
#9226=CARTESIAN_POINT('',(40.8285119139996,-30.0304149969455,46.5));
#9227=CARTESIAN_POINT('',(43.6720516648325,-30.0304149969455,43.5));
#9228=CARTESIAN_POINT('',(45.8785119139996,-30.0304149969455,43.5));
#9229=CARTESIAN_POINT('',(43.6720516648325,-30.0304149969455,41.5));
#9230=CARTESIAN_POINT('',(43.6720516648325,-30.0304149969455,44.));
#9231=CARTESIAN_POINT('',(46.5110289220765,-30.0304149969455,41.5));
#9232=CARTESIAN_POINT('Origin',(45.0915402934545,-30.0804149969455,41.5));
#9233=CARTESIAN_POINT('',(43.6720516648325,-30.1304149969455,41.5));
#9234=CARTESIAN_POINT('',(43.6720516648325,-30.0304149969455,41.5));
#9235=CARTESIAN_POINT('',(43.6720516648325,-30.1304149969455,41.5));
#9236=CARTESIAN_POINT('Origin',(43.6720516648325,-30.1304149969455,44.));
#9237=CARTESIAN_POINT('',(43.6720516648325,-30.1304149969455,43.5));
#9238=CARTESIAN_POINT('',(43.6720516648325,-29.1526379874135,43.5));
#9239=CARTESIAN_POINT('',(43.6720516648325,-30.1304149969455,44.));
#9240=CARTESIAN_POINT('Origin',(13.6949650280007,-30.0804149969455,41.5));
#9241=CARTESIAN_POINT('',(15.7202481797757,-30.1304149969455,41.5));
#9242=CARTESIAN_POINT('',(15.7202481797757,-30.1304149969455,41.5));
#9243=CARTESIAN_POINT('',(15.7202481797757,-30.0304149969455,41.5));
#9244=CARTESIAN_POINT('Origin',(15.7202481797757,-30.0304149969455,44.));
#9245=CARTESIAN_POINT('',(15.7202481797757,-30.1304149969455,43.5));
#9246=CARTESIAN_POINT('',(15.7202481797757,-29.1026379874135,43.5));
#9247=CARTESIAN_POINT('',(15.7202481797757,-30.1304149969455,44.));
#9248=CARTESIAN_POINT('Origin',(29.1285119140051,-22.1304149969552,44.));
#9249=CARTESIAN_POINT('',(40.8285119139996,-30.1304149969455,44.));
#9250=CARTESIAN_POINT('',(37.0035119140024,-30.1304149969455,44.));
#9251=CARTESIAN_POINT('',(40.5285119139428,-29.8304149969455,44.));
#9252=CARTESIAN_POINT('Origin',(40.8285119139996,-29.8304149969455,44.));
#9253=CARTESIAN_POINT('',(40.5285119139899,-28.5576227908455,44.));
#9254=CARTESIAN_POINT('',(40.5285119141083,-25.3554149971611,44.));
#9255=CARTESIAN_POINT('',(40.4406439483487,-28.3454907564964,44.));
#9256=CARTESIAN_POINT('Origin',(40.2285119139996,-28.5576227908455,44.));
#9257=CARTESIAN_POINT('',(37.3134361545056,-25.2182829626395,44.));
#9258=CARTESIAN_POINT('',(36.05884199989,-23.9636888080183,44.));
#9259=CARTESIAN_POINT('',(37.1013041200997,-25.1304149969455,44.));
#9260=CARTESIAN_POINT('Origin',(37.1013041200738,-25.430414997008,44.));
#9261=CARTESIAN_POINT('',(21.1557197078996,-25.1304149969455,44.));
#9262=CARTESIAN_POINT('',(33.1149080170524,-25.1304149969455,44.));
#9263=CARTESIAN_POINT('',(20.9435876739046,-25.2182829628991,44.));
#9264=CARTESIAN_POINT('Origin',(21.1557197078996,-25.4304149969455,44.));
#9265=CARTESIAN_POINT('',(17.8163798795996,-28.3454907564455,44.));
#9266=CARTESIAN_POINT('',(22.4042478459595,-23.7576227911984,44.));
#9267=CARTESIAN_POINT('',(17.7285119139374,-28.5576227908455,44.));
#9268=CARTESIAN_POINT('Origin',(18.0285119139996,-28.5576227908455,44.));
#9269=CARTESIAN_POINT('',(17.7285119136363,-29.8304149969455,44.));
#9270=CARTESIAN_POINT('',(17.7285119146975,-25.344018892552,44.));
#9271=CARTESIAN_POINT('',(17.4285119139996,-30.1304149969455,44.));
#9272=CARTESIAN_POINT('Origin',(17.4285119139996,-29.8304149969455,44.));
#9273=CARTESIAN_POINT('',(12.3785119139996,-30.1304149969455,44.));
#9274=CARTESIAN_POINT('',(22.4243800468904,-30.1304149969455,44.));
#9275=CARTESIAN_POINT('',(12.3785119139996,-49.3804149969455,44.));
#9276=CARTESIAN_POINT('',(12.3785119139996,5.1195850030545,44.));
#9277=CARTESIAN_POINT('',(14.3785119139996,-51.3804149969455,44.));
#9278=CARTESIAN_POINT('',(12.3785119139996,-49.3804149969455,44.));
#9279=CARTESIAN_POINT('',(43.8785119139996,-51.3804149969455,44.));
#9280=CARTESIAN_POINT('',(14.3785119139996,-51.3804149969455,44.));
#9281=CARTESIAN_POINT('',(43.8785119139996,-51.3804149969455,44.));
#9282=CARTESIAN_POINT('',(45.1285119139996,-48.1304149969455,44.));
#9283=CARTESIAN_POINT('Origin',(42.6285119139996,-48.1304149969455,44.));
#9284=CARTESIAN_POINT('',(18.1285119139996,-48.1304149969455,44.));
#9285=CARTESIAN_POINT('Origin',(15.6285119139996,-48.1304149969455,44.));
#9286=CARTESIAN_POINT('Origin',(12.3785119139996,-17.3304149968447,30.4000000001009));
#9287=CARTESIAN_POINT('',(14.8785119139996,-17.3304149968447,30.4000000001009));
#9288=CARTESIAN_POINT('',(12.3785119139996,-17.3304149968447,30.4000000001009));
#9289=CARTESIAN_POINT('',(14.8785119139996,-17.3304149968447,30.3500000001008));
#9290=CARTESIAN_POINT('',(14.8785119139996,-17.3304149968447,30.3500000001008));
#9291=CARTESIAN_POINT('',(12.3785119139996,-17.3304149968447,30.3500000001008));
#9292=CARTESIAN_POINT('Origin',(12.3785119139996,-17.3304149968447,30.3500000001008));
#9293=CARTESIAN_POINT('',(14.8785119139996,-18.0130689729447,30.3500000001008));
#9294=CARTESIAN_POINT('',(14.8785119139996,-18.0130689729447,30.3500000001008));
#9295=CARTESIAN_POINT('',(12.3785119139996,-18.0130689729447,30.3500000001008));
#9296=CARTESIAN_POINT('Origin',(12.3785119139996,-18.0130689729447,30.3500000001008));
#9297=CARTESIAN_POINT('',(14.8785119139996,-18.1555409950352,38.5122166846068));
#9298=CARTESIAN_POINT('',(14.8785119139996,-18.1555409950352,38.5122166846068));
#9299=CARTESIAN_POINT('',(12.3785119139996,-18.1555409950352,38.5122166846068));
#9300=CARTESIAN_POINT('Origin',(12.3785119139996,-18.8554343816446,38.5000000001011));
#9301=CARTESIAN_POINT('',(14.8785119139996,-18.8554343816447,39.2000000001008));
#9302=CARTESIAN_POINT('Origin',(14.8785119139996,-18.8554343816446,38.5000000001011));
#9303=CARTESIAN_POINT('',(12.3785119139996,-18.8554343816447,39.2000000001008));
#9304=CARTESIAN_POINT('Origin',(12.3785119139996,-20.5304149968447,30.8000000001008));
#9305=CARTESIAN_POINT('',(12.3785119139996,-20.5304149968447,30.8000000001008));
#9306=CARTESIAN_POINT('',(12.3785119139996,-20.5304149968447,30.4000000001009));
#9307=CARTESIAN_POINT('',(12.3785119139996,-20.5304149968447,15.4000000000504));
#9308=CARTESIAN_POINT('',(14.8785119139996,-20.5304149968447,30.8000000001008));
#9309=CARTESIAN_POINT('',(12.3785119139996,-20.5304149968447,30.8000000001008));
#9310=CARTESIAN_POINT('',(14.8785119139996,-20.5304149968447,30.4000000001009));
#9311=CARTESIAN_POINT('',(14.8785119139996,-20.5304149968447,30.4000000001009));
#9312=CARTESIAN_POINT('',(12.3785119139996,-20.5304149968447,30.4000000001009));
#9313=CARTESIAN_POINT('Origin',(12.3785119139996,-21.7304149968447,30.8000000001008));
#9314=CARTESIAN_POINT('',(12.3785119139996,-21.7304149968447,30.8000000001008));
#9315=CARTESIAN_POINT('',(12.3785119139996,-8.30541499689511,30.8000000001008));
#9316=CARTESIAN_POINT('',(14.8785119139996,-21.7304149968447,30.8000000001008));
#9317=CARTESIAN_POINT('',(12.3785119139996,-21.7304149968447,30.8000000001008));
#9318=CARTESIAN_POINT('',(14.8785119139996,-20.5304149968447,30.8000000001008));
#9319=CARTESIAN_POINT('Origin',(12.3785119139996,-21.7304149968447,30.4000000001009));
#9320=CARTESIAN_POINT('',(12.3785119139996,-21.7304149968447,30.4000000001009));
#9321=CARTESIAN_POINT('',(12.3785119139996,-21.7304149968447,15.2000000000504));
#9322=CARTESIAN_POINT('',(14.8785119139996,-21.7304149968447,30.4000000001009));
#9323=CARTESIAN_POINT('',(12.3785119139996,-21.7304149968447,30.4000000001009));
#9324=CARTESIAN_POINT('',(14.8785119139996,-21.7304149968447,30.8000000001008));
#9325=CARTESIAN_POINT('Origin',(12.3785119139996,-23.0304149968447,30.8000000001008));
#9326=CARTESIAN_POINT('',(12.3785119139996,-23.0304149968447,30.8000000001008));
#9327=CARTESIAN_POINT('',(12.3785119139996,-23.0304149968447,30.4000000001009));
#9328=CARTESIAN_POINT('',(12.3785119139996,-23.0304149968447,15.4000000000504));
#9329=CARTESIAN_POINT('',(14.8785119139996,-23.0304149968447,30.8000000001008));
#9330=CARTESIAN_POINT('',(12.3785119139996,-23.0304149968447,30.8000000001008));
#9331=CARTESIAN_POINT('',(14.8785119139996,-23.0304149968447,30.4000000001009));
#9332=CARTESIAN_POINT('',(14.8785119139996,-23.0304149968447,30.4000000001009));
#9333=CARTESIAN_POINT('',(12.3785119139996,-23.0304149968447,30.4000000001009));
#9334=CARTESIAN_POINT('Origin',(12.3785119139996,-24.2304149968447,30.8000000001008));
#9335=CARTESIAN_POINT('',(12.3785119139996,-24.2304149968447,30.8000000001008));
#9336=CARTESIAN_POINT('',(12.3785119139996,-9.55541499689511,30.8000000001008));
#9337=CARTESIAN_POINT('',(14.8785119139996,-24.2304149968447,30.8000000001008));
#9338=CARTESIAN_POINT('',(12.3785119139996,-24.2304149968447,30.8000000001008));
#9339=CARTESIAN_POINT('',(14.8785119139996,-23.0304149968447,30.8000000001008));
#9340=CARTESIAN_POINT('Origin',(12.3785119139996,-24.2304149968447,30.4000000001009));
#9341=CARTESIAN_POINT('',(12.3785119139996,-24.2304149968447,30.4000000001009));
#9342=CARTESIAN_POINT('',(12.3785119139996,-24.2304149968447,15.2000000000504));
#9343=CARTESIAN_POINT('',(14.8785119139996,-24.2304149968447,30.4000000001009));
#9344=CARTESIAN_POINT('',(12.3785119139996,-24.2304149968447,30.4000000001009));
#9345=CARTESIAN_POINT('',(14.8785119139996,-24.2304149968447,30.8000000001008));
#9346=CARTESIAN_POINT('Origin',(12.3785119139996,-25.5304149968447,30.8000000001008));
#9347=CARTESIAN_POINT('',(12.3785119139996,-25.5304149968447,30.8000000001008));
#9348=CARTESIAN_POINT('',(12.3785119139996,-25.5304149968447,30.4000000001009));
#9349=CARTESIAN_POINT('',(12.3785119139996,-25.5304149968447,15.4000000000504));
#9350=CARTESIAN_POINT('',(14.8785119139996,-25.5304149968447,30.8000000001008));
#9351=CARTESIAN_POINT('',(12.3785119139996,-25.5304149968447,30.8000000001008));
#9352=CARTESIAN_POINT('',(14.8785119139996,-25.5304149968447,30.4000000001009));
#9353=CARTESIAN_POINT('',(14.8785119139996,-25.5304149968447,30.4000000001009));
#9354=CARTESIAN_POINT('',(12.3785119139996,-25.5304149968447,30.4000000001009));
#9355=CARTESIAN_POINT('Origin',(12.3785119139996,-26.7304149968447,30.8000000001008));
#9356=CARTESIAN_POINT('',(12.3785119139996,-26.7304149968447,30.8000000001008));
#9357=CARTESIAN_POINT('',(12.3785119139996,-10.8054149968951,30.8000000001008));
#9358=CARTESIAN_POINT('',(14.8785119139996,-26.7304149968447,30.8000000001008));
#9359=CARTESIAN_POINT('',(12.3785119139996,-26.7304149968447,30.8000000001008));
#9360=CARTESIAN_POINT('',(14.8785119139996,-25.5304149968447,30.8000000001008));
#9361=CARTESIAN_POINT('Origin',(12.3785119139996,-26.7304149968447,30.4000000001009));
#9362=CARTESIAN_POINT('',(12.3785119139996,-26.7304149968447,30.4000000001009));
#9363=CARTESIAN_POINT('',(12.3785119139996,-26.7304149968447,15.2000000000504));
#9364=CARTESIAN_POINT('',(14.8785119139996,-26.7304149968447,30.4000000001009));
#9365=CARTESIAN_POINT('',(12.3785119139996,-26.7304149968447,30.4000000001009));
#9366=CARTESIAN_POINT('',(14.8785119139996,-26.7304149968447,30.8000000001008));
#9367=CARTESIAN_POINT('Origin',(12.3785119139996,-18.2139721917447,30.4000000001009));
#9368=CARTESIAN_POINT('',(14.8785119139996,-29.2477610208447,30.4000000001009));
#9369=CARTESIAN_POINT('',(12.3785119139996,-6.54719359434511,30.4000000001009));
#9370=CARTESIAN_POINT('Origin',(12.3785119139996,-18.2139721917447,30.4000000001009));
#9371=CARTESIAN_POINT('',(12.3785119139996,-6.54719359434511,30.4000000001009));
#9372=CARTESIAN_POINT('',(14.8785119139996,-29.2477610208447,30.4000000001009));
#9373=CARTESIAN_POINT('Origin',(12.3785119139996,-18.2139721917447,30.4000000001009));
#9374=CARTESIAN_POINT('',(14.8785119139996,-29.2477610208447,30.4000000001009));
#9375=CARTESIAN_POINT('',(12.3785119139996,-6.54719359434511,30.4000000001009));
#9376=CARTESIAN_POINT('Origin',(12.3785119139996,-29.0468578019447,30.4000000001009));
#9377=CARTESIAN_POINT('',(12.3785119139996,-29.0398757759754,30.8000000001008));
#9378=CARTESIAN_POINT('',(14.8785119139996,-29.0398757759754,30.8000000001008));
#9379=CARTESIAN_POINT('',(12.3785119139996,-29.0398757759754,30.8000000001008));
#9380=CARTESIAN_POINT('',(12.3785119139996,-29.0468578019447,30.4000000001009));
#9381=CARTESIAN_POINT('',(12.3785119139996,-29.3068906583591,15.5027276291197));
#9382=CARTESIAN_POINT('',(14.8785119139996,-29.0468578019447,30.4000000001009));
#9383=CARTESIAN_POINT('',(12.3785119139996,-29.0468578019447,30.4000000001009));
#9384=CARTESIAN_POINT('',(14.8785119139996,-28.9053194596229,38.5087262033194));
#9385=CARTESIAN_POINT('Origin',(12.3785119139996,-18.2139721917447,30.4000000001009));
#9386=CARTESIAN_POINT('',(12.3785119139996,-28.0304149968447,30.4000000001009));
#9387=CARTESIAN_POINT('',(14.8785119139996,-28.0304149968447,30.4000000001009));
#9388=CARTESIAN_POINT('',(12.3785119139996,-28.0304149968447,30.4000000001009));
#9389=CARTESIAN_POINT('',(14.8785119139996,-29.2477610208447,30.4000000001009));
#9390=CARTESIAN_POINT('',(12.3785119139996,-6.54719359434511,30.4000000001009));
#9391=CARTESIAN_POINT('Origin',(12.3785119139996,-18.3555105341447,38.5087262033008));
#9392=CARTESIAN_POINT('',(12.3785119139996,-18.2209542177179,30.8000000001008));
#9393=CARTESIAN_POINT('',(14.8785119139996,-18.2209542177179,30.8000000001008));
#9394=CARTESIAN_POINT('',(12.3785119139996,-18.2209542177179,30.8000000001008));
#9395=CARTESIAN_POINT('',(14.8785119139996,-18.2139721917447,30.4000000001009));
#9396=CARTESIAN_POINT('',(14.8785119139996,-18.2139721917447,30.4000000001009));
#9397=CARTESIAN_POINT('',(12.3785119139996,-18.2139721917447,30.4000000001009));
#9398=CARTESIAN_POINT('',(12.3785119139996,-18.2139721917447,30.4000000001009));
#9399=CARTESIAN_POINT('',(12.3785119139996,-18.0159516447839,19.0554104656588));
#9400=CARTESIAN_POINT('Origin',(12.3785119139996,-17.1304149968447,30.4000000001009));
#9401=CARTESIAN_POINT('',(12.3785119139996,-17.1304149968447,30.4000000001009));
#9402=CARTESIAN_POINT('',(12.3785119139996,-17.3304149968447,30.4000000001009));
#9403=CARTESIAN_POINT('',(12.3785119139996,-6.00541499689512,30.4000000001009));
#9404=CARTESIAN_POINT('',(14.8785119139996,-17.1304149968447,30.4000000001009));
#9405=CARTESIAN_POINT('',(12.3785119139996,-17.1304149968447,30.4000000001009));
#9406=CARTESIAN_POINT('',(14.8785119139996,-17.3304149968447,30.4000000001009));
#9407=CARTESIAN_POINT('',(12.3785119139996,-17.3304149968447,30.4000000001009));
#9408=CARTESIAN_POINT('Origin',(12.3785119139996,-17.0304149968447,30.3000000001008));
#9409=CARTESIAN_POINT('',(12.3785119139996,-17.0304149968447,30.3000000001008));
#9410=CARTESIAN_POINT('',(12.3785119139996,-3.91791499684768,17.1875000000968));
#9411=CARTESIAN_POINT('',(14.8785119139996,-17.0304149968447,30.3000000001008));
#9412=CARTESIAN_POINT('',(12.3785119139996,-17.0304149968447,30.3000000001008));
#9413=CARTESIAN_POINT('',(14.8785119139996,-17.1304149968447,30.4000000001009));
#9414=CARTESIAN_POINT('Origin',(12.3785119139996,-30.2304149968447,30.3000000001008));
#9415=CARTESIAN_POINT('',(12.3785119139996,-30.2304149968447,30.3000000001008));
#9416=CARTESIAN_POINT('',(12.3785119139996,-12.5554149968951,30.3000000001008));
#9417=CARTESIAN_POINT('',(14.8785119139996,-30.2304149968447,30.3000000001008));
#9418=CARTESIAN_POINT('',(12.3785119139996,-30.2304149968447,30.3000000001008));
#9419=CARTESIAN_POINT('',(14.8785119139996,-17.0304149968447,30.3000000001008));
#9420=CARTESIAN_POINT('Origin',(12.3785119139996,-30.1304149968447,30.4000000001009));
#9421=CARTESIAN_POINT('',(12.3785119139996,-30.1304149968447,30.4000000001009));
#9422=CARTESIAN_POINT('',(12.3785119139996,-28.9179149968998,31.6125000000464));
#9423=CARTESIAN_POINT('',(14.8785119139996,-30.1304149968447,30.4000000001009));
#9424=CARTESIAN_POINT('',(12.3785119139996,-30.1304149968447,30.4000000001009));
#9425=CARTESIAN_POINT('',(14.8785119139996,-30.2304149968447,30.3000000001008));
#9426=CARTESIAN_POINT('Origin',(12.3785119139996,-29.9304149968447,30.4000000001009));
#9427=CARTESIAN_POINT('',(12.3785119139996,-29.9304149968447,30.4000000001009));
#9428=CARTESIAN_POINT('',(12.3785119139996,-12.4054149968951,30.4000000001009));
#9429=CARTESIAN_POINT('',(12.3785119139996,-29.9304149968447,30.4000000001009));
#9430=CARTESIAN_POINT('',(14.8785119139996,-29.9304149968447,30.4000000001009));
#9431=CARTESIAN_POINT('',(12.3785119139996,-29.9304149968447,30.4000000001009));
#9432=CARTESIAN_POINT('',(14.8785119139996,-30.1304149968447,30.4000000001009));
#9433=CARTESIAN_POINT('Origin',(12.3785119139996,-29.9304149968447,30.3500000001008));
#9434=CARTESIAN_POINT('',(14.8785119139996,-29.9304149968447,30.3500000001008));
#9435=CARTESIAN_POINT('',(12.3785119139996,-29.9304149968447,30.3500000001008));
#9436=CARTESIAN_POINT('',(14.8785119139996,-29.9304149968447,32.2000000001009));
#9437=CARTESIAN_POINT('Origin',(12.3785119139996,-29.2477610208447,30.3500000001008));
#9438=CARTESIAN_POINT('',(14.8785119139996,-29.2477610208447,30.3500000001008));
#9439=CARTESIAN_POINT('',(12.3785119139996,-29.2477610208447,30.3500000001008));
#9440=CARTESIAN_POINT('',(14.8785119139996,-29.9304149968447,30.3500000001008));
#9441=CARTESIAN_POINT('Origin',(12.3785119139996,-29.1052889986542,38.5122166846068));
#9442=CARTESIAN_POINT('',(14.8785119139996,-29.1052889986542,38.5122166846068));
#9443=CARTESIAN_POINT('',(12.3785119139996,-29.1052889986542,38.5122166846068));
#9444=CARTESIAN_POINT('',(14.8785119139996,-29.2477610208447,30.3500000001008));
#9445=CARTESIAN_POINT('Origin',(12.3785119139996,-18.2139721917447,30.4000000001009));
#9446=CARTESIAN_POINT('',(12.3785119139996,-19.2304149968447,30.4000000001009));
#9447=CARTESIAN_POINT('',(14.8785119139996,-19.2304149968447,30.4000000001009));
#9448=CARTESIAN_POINT('',(12.3785119139996,-19.2304149968447,30.4000000001009));
#9449=CARTESIAN_POINT('',(12.3785119139996,-6.54719359434511,30.4000000001009));
#9450=CARTESIAN_POINT('',(14.8785119139996,-29.2477610208447,30.4000000001009));
#9451=CARTESIAN_POINT('Origin',(12.3785119139996,-18.8554343816447,39.2000000001008));
#9452=CARTESIAN_POINT('',(14.8785119139996,-28.4053956120447,39.2000000001008));
#9453=CARTESIAN_POINT('',(14.8785119139996,-28.4053956120447,39.2000000001008));
#9454=CARTESIAN_POINT('',(12.3785119139996,-28.4053956120447,39.2000000001008));
#9455=CARTESIAN_POINT('Origin',(12.3785119139996,-28.4053956120447,38.5000000001008));
#9456=CARTESIAN_POINT('Origin',(14.8785119139996,-28.4053956120447,38.5000000001008));
#9457=CARTESIAN_POINT('Origin',(12.3785119139996,-19.2304149968447,30.4000000001009));
#9458=CARTESIAN_POINT('',(12.3785119139996,-19.2304149968447,30.8000000001008));
#9459=CARTESIAN_POINT('',(12.3785119139996,-19.2304149968447,15.2000000000504));
#9460=CARTESIAN_POINT('',(14.8785119139996,-19.2304149968447,30.8000000001008));
#9461=CARTESIAN_POINT('',(14.8785119139996,-19.2304149968447,30.8000000001008));
#9462=CARTESIAN_POINT('',(12.3785119139996,-19.2304149968447,30.8000000001008));
#9463=CARTESIAN_POINT('Origin',(12.3785119139996,-18.4304149968447,30.8000000001008));
#9464=CARTESIAN_POINT('',(12.3785119139996,-6.6554149968951,30.8000000001008));
#9465=CARTESIAN_POINT('',(14.8785119139996,-18.2209542177179,30.8000000001008));
#9466=CARTESIAN_POINT('Origin',(12.3785119139996,-28.0304149968447,30.8000000001008));
#9467=CARTESIAN_POINT('',(12.3785119139996,-28.0304149968447,30.8000000001008));
#9468=CARTESIAN_POINT('',(12.3785119139996,-28.0304149968447,15.4000000000504));
#9469=CARTESIAN_POINT('',(14.8785119139996,-28.0304149968447,30.8000000001008));
#9470=CARTESIAN_POINT('',(12.3785119139996,-28.0304149968447,30.8000000001008));
#9471=CARTESIAN_POINT('',(14.8785119139996,-28.0304149968447,30.4000000001009));
#9472=CARTESIAN_POINT('Origin',(12.3785119139996,-28.3804149968447,30.8000000001008));
#9473=CARTESIAN_POINT('',(12.3785119139996,-11.6304149968951,30.8000000001008));
#9474=CARTESIAN_POINT('',(14.8785119139996,-28.0304149968447,30.8000000001008));
#9475=CARTESIAN_POINT('Origin',(14.8785119139996,-28.2304149968447,31.2500000001008));
#9476=CARTESIAN_POINT('Origin',(12.3785119139996,-17.3304149968447,30.3500000001008));
#9477=CARTESIAN_POINT('',(12.3785119139996,-17.3304149968447,32.2000000001009));
#9478=CARTESIAN_POINT('',(12.3785119139996,-17.3304149968447,32.2000000001009));
#9479=CARTESIAN_POINT('',(12.3785119139996,-17.3304149968447,15.1750000000504));
#9480=CARTESIAN_POINT('Origin',(12.3785119139996,5.1195850030545,0.));
#9481=CARTESIAN_POINT('Origin',(12.3785119139996,5.1195850030545,0.));
#9482=CARTESIAN_POINT('Origin',(12.3785119139996,5.1195850030545,0.));
#9483=CARTESIAN_POINT('Origin',(12.3785119139996,5.1195850030545,0.));
#9484=CARTESIAN_POINT('Origin',(12.3785119139996,5.1195850030545,0.));
#9485=CARTESIAN_POINT('Origin',(12.3785119139996,-30.3304149968445,43.6000000001008));
#9486=CARTESIAN_POINT('',(12.3785119139996,-30.3304149968445,43.6000000001008));
#9487=CARTESIAN_POINT('',(12.3785119139996,-30.3304149968447,33.0000000001008));
#9488=CARTESIAN_POINT('',(12.3785119139996,-30.3304149968449,21.8000000000507));
#9489=CARTESIAN_POINT('',(12.3785119139996,-30.3304149968445,43.6000000001008));
#9490=CARTESIAN_POINT('',(12.3785119139996,-30.3304149968447,33.0000000001008));
#9491=CARTESIAN_POINT('Origin',(12.3785119139996,-30.1304149968447,43.5171572876008));
#9492=CARTESIAN_POINT('',(12.3785119139996,-30.1304149968447,43.5171572876008));
#9493=CARTESIAN_POINT('',(12.3785119139996,-7.39371723335779,34.0993087074933));
#9494=CARTESIAN_POINT('',(12.3785119139996,-30.1304149968447,43.5171572876008));
#9495=CARTESIAN_POINT('Origin',(12.3785119139996,-16.9304149968461,43.6000000001008));
#9496=CARTESIAN_POINT('',(12.3785119139996,-16.9304149968461,43.6000000001008));
#9497=CARTESIAN_POINT('',(12.3785119139996,-17.1304149968447,43.5171572876008));
#9498=CARTESIAN_POINT('',(12.3785119139996,-15.2274527831168,44.3053900454571));
#9499=CARTESIAN_POINT('',(12.3785119139996,-16.9304149968461,43.6000000001008));
#9500=CARTESIAN_POINT('',(12.4285119139996,-17.1304149969455,43.5171572875591));
#9501=CARTESIAN_POINT('Origin',(12.3785119139996,-16.9304149968448,33.0000000001008));
#9502=CARTESIAN_POINT('',(12.3785119139996,-16.9304149968448,33.0000000001008));
#9503=CARTESIAN_POINT('',(12.3785119139996,-16.9304149968427,16.500000000049));
#9504=CARTESIAN_POINT('',(12.3785119139996,-16.9304149968448,33.0000000001008));
#9505=CARTESIAN_POINT('Origin',(12.3785119139996,-17.2304149968447,32.4000000001009));
#9506=CARTESIAN_POINT('',(12.3785119139996,-21.4754149968749,23.9100000000398));
#9507=CARTESIAN_POINT('Origin',(12.3785119139996,-29.9304149968447,32.2000000001009));
#9508=CARTESIAN_POINT('',(12.3785119139996,-29.9304149968447,32.2000000001009));
#9509=CARTESIAN_POINT('',(12.3785119139996,-29.9304149968448,16.1000000000505));
#9510=CARTESIAN_POINT('',(12.3785119139996,-29.9304149968447,32.2000000001009));
#9511=CARTESIAN_POINT('Origin',(12.3785119139996,-30.0304149968447,32.4000000001008));
#9512=CARTESIAN_POINT('',(12.3785119139996,-20.0354149968332,12.4100000000808));
#9513=CARTESIAN_POINT('Origin',(12.3785119139996,-30.1304149968447,43.8000000001008));
#9514=CARTESIAN_POINT('',(12.3785119139996,-30.1304149968447,21.9000000000504));
#9515=CARTESIAN_POINT('',(17.4285119139996,-30.1304149969455,43.5));
#9516=CARTESIAN_POINT('',(17.4285119139996,-30.1304149969455,46.5));
#9517=CARTESIAN_POINT('',(12.4785119139996,-30.1304149969455,43.5));
#9518=CARTESIAN_POINT('Origin',(12.4785119139996,-17.1304149969455,46.5));
#9519=CARTESIAN_POINT('',(21.4636570556217,-17.1304149969455,43.5));
#9520=CARTESIAN_POINT('',(21.4636570556217,-17.1304149969455,43.5));
#9521=CARTESIAN_POINT('',(21.4636570556217,-17.1304149969455,44.));
#9522=CARTESIAN_POINT('',(21.4636570556217,-17.1304149969455,44.));
#9523=CARTESIAN_POINT('',(12.3785119139996,-17.1304149969455,44.));
#9524=CARTESIAN_POINT('',(20.7535119140023,-17.1304149969455,44.));
#9525=CARTESIAN_POINT('',(12.3785119139996,-17.1304149969455,22.));
#9526=CARTESIAN_POINT('Origin',(12.3785119139996,-44.6304149968447,14.0000000001008));
#9527=CARTESIAN_POINT('',(12.3785119139996,-44.6304149968447,15.0250000001008));
#9528=CARTESIAN_POINT('Origin',(12.3785119139996,-44.6304149968447,14.0000000001008));
#9529=CARTESIAN_POINT('',(14.8785119139996,-44.6304149968447,15.0250000001008));
#9530=CARTESIAN_POINT('',(12.3785119139996,-44.6304149968447,15.0250000001008));
#9531=CARTESIAN_POINT('Origin',(14.8785119139996,-44.6304149968447,14.0000000001008));
#9532=CARTESIAN_POINT('Origin',(14.8785119139996,-44.6304149968447,14.0000000001008));
#9533=CARTESIAN_POINT('Origin',(12.3785119139996,-12.6304149968447,30.0000000001008));
#9534=CARTESIAN_POINT('',(12.3785119139996,-12.6304149968447,31.0250000001008));
#9535=CARTESIAN_POINT('Origin',(12.3785119139996,-12.6304149968447,30.0000000001008));
#9536=CARTESIAN_POINT('',(14.8785119139996,-12.6304149968447,31.0250000001008));
#9537=CARTESIAN_POINT('',(12.3785119139996,-12.6304149968447,31.0250000001008));
#9538=CARTESIAN_POINT('Origin',(14.8785119139996,-12.6304149968447,30.0000000001008));
#9539=CARTESIAN_POINT('Origin',(14.8785119139996,-12.6304149968447,30.0000000001008));
#9540=CARTESIAN_POINT('Origin',(12.3785119139996,-44.6304149968447,30.0000000001008));
#9541=CARTESIAN_POINT('',(12.3785119139996,-44.6304149968447,31.0250000001008));
#9542=CARTESIAN_POINT('Origin',(12.3785119139996,-44.6304149968447,30.0000000001008));
#9543=CARTESIAN_POINT('',(14.8785119139996,-44.6304149968447,31.0250000001008));
#9544=CARTESIAN_POINT('',(12.3785119139996,-44.6304149968447,31.0250000001008));
#9545=CARTESIAN_POINT('Origin',(14.8785119139996,-44.6304149968447,30.0000000001008));
#9546=CARTESIAN_POINT('Origin',(14.8785119139996,-44.6304149968447,30.0000000001008));
#9547=CARTESIAN_POINT('Origin',(12.3785119139996,-12.6304149968447,14.0000000001008));
#9548=CARTESIAN_POINT('',(12.3785119139996,-12.6304149968447,15.0250000001008));
#9549=CARTESIAN_POINT('Origin',(12.3785119139996,-12.6304149968447,14.0000000001008));
#9550=CARTESIAN_POINT('',(14.8785119139996,-12.6304149968447,15.0250000001008));
#9551=CARTESIAN_POINT('',(12.3785119139996,-12.6304149968447,15.0250000001008));
#9552=CARTESIAN_POINT('Origin',(14.8785119139996,-12.6304149968447,14.0000000001008));
#9553=CARTESIAN_POINT('Origin',(14.8785119139996,-12.6304149968447,14.0000000001008));
#9554=CARTESIAN_POINT('Origin',(42.6285119139996,-48.1304149969455,43.95));
#9555=CARTESIAN_POINT('',(45.0285119139996,-48.1304149969455,43.9));
#9556=CARTESIAN_POINT('',(45.0785119139996,-48.1304149969455,43.95));
#9557=CARTESIAN_POINT('Origin',(42.6285119139996,-48.1304149969455,43.9));
#9558=CARTESIAN_POINT('Origin',(42.6285119139996,-48.1304149969455,44.));
#9559=CARTESIAN_POINT('',(45.0285119139996,-48.1304149969455,41.5));
#9560=CARTESIAN_POINT('',(45.0285119139996,-48.1304149969455,44.));
#9561=CARTESIAN_POINT('Origin',(42.6285119139996,-48.1304149969455,41.5));
#9562=CARTESIAN_POINT('Origin',(15.6285119139996,-48.1304149969455,43.95));
#9563=CARTESIAN_POINT('',(18.0285119139996,-48.1304149969455,43.9));
#9564=CARTESIAN_POINT('',(18.0785119139996,-48.1304149969455,43.95));
#9565=CARTESIAN_POINT('Origin',(15.6285119139996,-48.1304149969455,43.9));
#9566=CARTESIAN_POINT('Origin',(15.6285119139996,-48.1304149969455,44.));
#9567=CARTESIAN_POINT('',(18.0285119139996,-48.1304149969455,41.5));
#9568=CARTESIAN_POINT('',(18.0285119139996,-48.1304149969455,44.));
#9569=CARTESIAN_POINT('Origin',(15.6285119139996,-48.1304149969455,41.5));
#9570=CARTESIAN_POINT('Origin',(42.6285119139996,3.86958500305451,43.95));
#9571=CARTESIAN_POINT('',(45.1285119139996,3.86958500305451,44.));
#9572=CARTESIAN_POINT('Origin',(42.6285119139996,3.86958500305451,44.));
#9573=CARTESIAN_POINT('',(45.0285119139996,3.86958500305451,43.9));
#9574=CARTESIAN_POINT('',(45.0785119139996,3.86958500305451,43.95));
#9575=CARTESIAN_POINT('Origin',(42.6285119139996,3.86958500305451,43.9));
#9576=CARTESIAN_POINT('Origin',(29.1285119140051,-22.1304149969552,44.));
#9577=CARTESIAN_POINT('',(36.7933667723775,-17.1304149969455,44.));
#9578=CARTESIAN_POINT('Origin',(29.1285119139996,-6.63041499694552,44.));
#9579=CARTESIAN_POINT('',(32.9609393431913,-17.1304149969455,44.));
#9580=CARTESIAN_POINT('',(43.8785119139996,7.1195850030545,44.));
#9581=CARTESIAN_POINT('',(45.8785119139996,5.1195850030545,44.));
#9582=CARTESIAN_POINT('',(14.3785119139996,7.1195850030545,44.));
#9583=CARTESIAN_POINT('',(43.8785119139996,7.1195850030545,44.));
#9584=CARTESIAN_POINT('',(12.3785119139996,5.1195850030545,44.));
#9585=CARTESIAN_POINT('',(14.3785119139996,7.1195850030545,44.));
#9586=CARTESIAN_POINT('',(12.3785119139996,5.1195850030545,44.));
#9587=CARTESIAN_POINT('',(18.1285119139996,3.86958500305451,44.));
#9588=CARTESIAN_POINT('Origin',(15.6285119139996,3.86958500305451,44.));
#9589=CARTESIAN_POINT('',(37.1285119139996,-6.6304149969455,44.));
#9590=CARTESIAN_POINT('Origin',(29.1285119139996,-6.6304149969455,44.));
#9591=CARTESIAN_POINT('Origin',(42.6285119139996,3.86958500305451,44.));
#9592=CARTESIAN_POINT('',(45.0285119139996,3.86958500305451,41.5));
#9593=CARTESIAN_POINT('',(45.0285119139996,3.86958500305451,44.));
#9594=CARTESIAN_POINT('Origin',(42.6285119139996,3.86958500305451,41.5));
#9595=CARTESIAN_POINT('Origin',(15.6285119139996,3.86958500305451,43.95));
#9596=CARTESIAN_POINT('',(18.0285119139996,3.86958500305451,43.9));
#9597=CARTESIAN_POINT('',(18.0785119139996,3.86958500305451,43.95));
#9598=CARTESIAN_POINT('Origin',(15.6285119139996,3.86958500305451,43.9));
#9599=CARTESIAN_POINT('Origin',(15.6285119139996,3.86958500305451,44.));
#9600=CARTESIAN_POINT('',(18.0285119139996,3.86958500305451,41.5));
#9601=CARTESIAN_POINT('',(18.0285119139996,3.86958500305451,44.));
#9602=CARTESIAN_POINT('Origin',(15.6285119139996,3.86958500305451,41.5));
#9603=CARTESIAN_POINT('Origin',(42.6285119139996,-48.1304149969455,43.89));
#9604=CARTESIAN_POINT('',(44.6585119139996,-48.1304149969455,44.));
#9605=CARTESIAN_POINT('Origin',(42.6285119139996,-48.1304149969455,44.));
#9606=CARTESIAN_POINT('',(44.8785119139996,-48.1304149969455,43.78));
#9607=CARTESIAN_POINT('',(44.7685119139996,-48.1304149969455,43.89));
#9608=CARTESIAN_POINT('Origin',(42.6285119139996,-48.1304149969455,43.78));
#9609=CARTESIAN_POINT('Origin',(42.6285119139996,-48.1304149969455,44.));
#9610=CARTESIAN_POINT('',(44.8785119139996,-48.1304149969455,41.5));
#9611=CARTESIAN_POINT('Origin',(42.6285119139996,-48.1304149969455,41.5));
#9612=CARTESIAN_POINT('',(44.8785119139996,-48.1304149969455,44.));
#9613=CARTESIAN_POINT('Origin',(29.1285119140051,-22.1304149969552,44.));
#9614=CARTESIAN_POINT('',(42.6285119139996,-46.9757144585455,44.));
#9615=CARTESIAN_POINT('',(43.6285119139996,-47.5530647277455,44.));
#9616=CARTESIAN_POINT('',(32.1868467894065,-40.9472162879652,44.));
#9617=CARTESIAN_POINT('',(43.6285119139996,-48.7077652661455,44.));
#9618=CARTESIAN_POINT('',(43.6285119139996,-34.8417398623503,44.));
#9619=CARTESIAN_POINT('',(42.6285119139996,-49.2851155353455,44.));
#9620=CARTESIAN_POINT('',(43.9451770387011,-48.5249385711528,44.));
#9621=CARTESIAN_POINT('',(41.6285119139996,-48.7077652661455,44.));
#9622=CARTESIAN_POINT('',(31.6868467893931,-42.9679422301576,44.));
#9623=CARTESIAN_POINT('',(41.6285119139996,-47.5530647277455,44.));
#9624=CARTESIAN_POINT('',(41.6285119139996,-35.4190901315503,44.));
#9625=CARTESIAN_POINT('',(42.4451770386881,-47.0815628981603,44.));
#9626=CARTESIAN_POINT('Origin',(15.6285119139996,-48.1304149969455,43.89));
#9627=CARTESIAN_POINT('',(17.6585119139996,-48.1304149969455,44.));
#9628=CARTESIAN_POINT('Origin',(15.6285119139996,-48.1304149969455,44.));
#9629=CARTESIAN_POINT('',(17.8785119139996,-48.1304149969455,43.78));
#9630=CARTESIAN_POINT('',(17.7685119139996,-48.1304149969455,43.89));
#9631=CARTESIAN_POINT('Origin',(15.6285119139996,-48.1304149969455,43.78));
#9632=CARTESIAN_POINT('Origin',(15.6285119139996,-48.1304149969455,44.));
#9633=CARTESIAN_POINT('',(17.8785119139996,-48.1304149969455,41.5));
#9634=CARTESIAN_POINT('Origin',(15.6285119139996,-48.1304149969455,41.5));
#9635=CARTESIAN_POINT('',(17.8785119139996,-48.1304149969455,44.));
#9636=CARTESIAN_POINT('Origin',(29.1285119140051,-22.1304149969552,44.));
#9637=CARTESIAN_POINT('',(14.6285119139996,-48.7077652661455,44.));
#9638=CARTESIAN_POINT('',(14.6285119139996,-47.5530647277455,44.));
#9639=CARTESIAN_POINT('',(14.6285119139996,-35.4190901315503,44.));
#9640=CARTESIAN_POINT('',(15.6285119139996,-46.9757144585455,44.));
#9641=CARTESIAN_POINT('',(25.5701770385968,-41.2358914225628,44.));
#9642=CARTESIAN_POINT('',(16.6285119139996,-47.5530647277455,44.));
#9643=CARTESIAN_POINT('',(15.3118467893153,-46.7928877635627,44.));
#9644=CARTESIAN_POINT('',(16.6285119139996,-48.7077652661455,44.));
#9645=CARTESIAN_POINT('',(16.6285119139996,-34.8417398623503,44.));
#9646=CARTESIAN_POINT('',(15.6285119139996,-49.2851155353455,44.));
#9647=CARTESIAN_POINT('',(27.0701770386103,-42.6792670955553,44.));
#9648=CARTESIAN_POINT('',(14.8118467893022,-48.8136137057552,44.));
#9649=CARTESIAN_POINT('Origin',(42.6285119139996,3.86958500305451,43.89));
#9650=CARTESIAN_POINT('',(44.6585119139996,3.86958500305451,44.));
#9651=CARTESIAN_POINT('Origin',(42.6285119139996,3.86958500305451,44.));
#9652=CARTESIAN_POINT('',(44.8785119139996,3.86958500305451,43.78));
#9653=CARTESIAN_POINT('',(44.7685119139996,3.86958500305451,43.89));
#9654=CARTESIAN_POINT('Origin',(42.6285119139996,3.86958500305451,43.78));
#9655=CARTESIAN_POINT('Origin',(42.6285119139996,3.86958500305451,44.));
#9656=CARTESIAN_POINT('',(44.8785119139996,3.86958500305451,41.5));
#9657=CARTESIAN_POINT('Origin',(42.6285119139996,3.86958500305451,41.5));
#9658=CARTESIAN_POINT('',(44.8785119139996,3.86958500305451,44.));
#9659=CARTESIAN_POINT('Origin',(29.1285119140051,-22.1304149969552,44.));
#9660=CARTESIAN_POINT('',(42.6285119139996,5.02428554145451,44.));
#9661=CARTESIAN_POINT('',(43.6285119139996,4.44693527225451,44.));
#9662=CARTESIAN_POINT('',(43.4451770387053,4.55278371185942,44.));
#9663=CARTESIAN_POINT('',(43.6285119139996,3.29223473385452,44.));
#9664=CARTESIAN_POINT('',(43.6285119139996,-8.84173986235034,44.));
#9665=CARTESIAN_POINT('',(42.6285119139996,2.71488446465452,44.));
#9666=CARTESIAN_POINT('',(32.6868467894024,-3.02493857132782,44.));
#9667=CARTESIAN_POINT('',(41.6285119139996,3.29223473385452,44.));
#9668=CARTESIAN_POINT('',(42.945177038692,2.53205776966709,44.));
#9669=CARTESIAN_POINT('',(41.6285119139996,4.44693527225451,44.));
#9670=CARTESIAN_POINT('',(41.6285119139996,-9.41909013155034,44.));
#9671=CARTESIAN_POINT('',(31.1868467893889,-1.58156289833583,44.));
#9672=CARTESIAN_POINT('Origin',(15.6285119139996,3.86958500305451,43.89));
#9673=CARTESIAN_POINT('',(17.6585119139996,3.86958500305451,44.));
#9674=CARTESIAN_POINT('Origin',(15.6285119139996,3.86958500305451,44.));
#9675=CARTESIAN_POINT('',(17.8785119139996,3.86958500305451,43.78));
#9676=CARTESIAN_POINT('',(17.7685119139996,3.86958500305451,43.89));
#9677=CARTESIAN_POINT('Origin',(15.6285119139996,3.86958500305451,43.78));
#9678=CARTESIAN_POINT('Origin',(15.6285119139996,3.86958500305451,44.));
#9679=CARTESIAN_POINT('',(17.8785119139996,3.86958500305451,41.5));
#9680=CARTESIAN_POINT('Origin',(15.6285119139996,3.86958500305451,41.5));
#9681=CARTESIAN_POINT('',(17.8785119139996,3.86958500305451,44.));
#9682=CARTESIAN_POINT('Origin',(29.1285119140051,-22.1304149969552,44.));
#9683=CARTESIAN_POINT('',(16.6285119139996,3.29223473385452,44.));
#9684=CARTESIAN_POINT('',(15.6285119139996,2.71488446465452,44.));
#9685=CARTESIAN_POINT('',(15.8118467893114,2.82073290426954,44.));
#9686=CARTESIAN_POINT('',(14.6285119139996,3.29223473385452,44.));
#9687=CARTESIAN_POINT('',(26.070177038601,-3.31361370593021,44.));
#9688=CARTESIAN_POINT('',(14.6285119139996,4.44693527225451,44.));
#9689=CARTESIAN_POINT('',(14.6285119139996,-9.41909013155034,44.));
#9690=CARTESIAN_POINT('',(15.6285119139996,5.02428554145451,44.));
#9691=CARTESIAN_POINT('',(14.311846789298,4.26410857726181,44.));
#9692=CARTESIAN_POINT('',(16.6285119139996,4.44693527225451,44.));
#9693=CARTESIAN_POINT('',(26.5701770386145,-1.29288776373811,44.));
#9694=CARTESIAN_POINT('',(16.6285119139996,-8.84173986235034,44.));
#9695=CARTESIAN_POINT('Origin',(16.6285119139996,3.29223473385452,44.));
#9696=CARTESIAN_POINT('',(16.6285119139996,3.29223473385452,41.5));
#9697=CARTESIAN_POINT('',(16.6285119139996,3.29223473385452,44.));
#9698=CARTESIAN_POINT('',(15.6285119139996,2.71488446465452,41.5));
#9699=CARTESIAN_POINT('',(16.3785119140063,3.14789716655841,41.5));
#9700=CARTESIAN_POINT('',(15.6285119139996,2.71488446465452,44.));
#9701=CARTESIAN_POINT('Origin',(16.6285119139996,4.44693527225451,44.));
#9702=CARTESIAN_POINT('',(16.6285119139996,4.44693527225451,41.5));
#9703=CARTESIAN_POINT('',(16.6285119139996,4.44693527225451,44.));
#9704=CARTESIAN_POINT('',(16.6285119139996,4.15826013765451,41.5));
#9705=CARTESIAN_POINT('Origin',(15.6285119139996,5.02428554145451,44.));
#9706=CARTESIAN_POINT('',(15.6285119139996,5.02428554145451,41.5));
#9707=CARTESIAN_POINT('',(15.6285119139996,5.02428554145451,44.));
#9708=CARTESIAN_POINT('',(15.8785119140063,4.87994797415062,41.5));
#9709=CARTESIAN_POINT('Origin',(14.6285119139996,4.44693527225451,44.));
#9710=CARTESIAN_POINT('',(14.6285119139996,4.44693527225451,41.5));
#9711=CARTESIAN_POINT('',(14.6285119139996,4.44693527225451,44.));
#9712=CARTESIAN_POINT('',(14.8785119139929,4.59127283955062,41.5));
#9713=CARTESIAN_POINT('Origin',(14.6285119139996,3.29223473385452,44.));
#9714=CARTESIAN_POINT('',(14.6285119139996,3.29223473385452,41.5));
#9715=CARTESIAN_POINT('',(14.6285119139996,3.29223473385452,44.));
#9716=CARTESIAN_POINT('',(14.6285119139996,3.58090986845451,41.5));
#9717=CARTESIAN_POINT('Origin',(15.6285119139996,2.71488446465452,44.));
#9718=CARTESIAN_POINT('',(15.3785119139929,2.8592220319584,41.5));
#9719=CARTESIAN_POINT('Origin',(15.6285119139996,3.86958500305451,41.5));
#9720=CARTESIAN_POINT('Origin',(15.6285119139996,3.86958500305451,41.5));
#9721=CARTESIAN_POINT('Origin',(42.6285119139996,5.02428554145451,44.));
#9722=CARTESIAN_POINT('',(42.6285119139996,5.02428554145451,41.5));
#9723=CARTESIAN_POINT('',(42.6285119139996,5.02428554145451,44.));
#9724=CARTESIAN_POINT('',(43.6285119139996,4.44693527225451,41.5));
#9725=CARTESIAN_POINT('',(42.8785119140063,4.87994797415062,41.5));
#9726=CARTESIAN_POINT('',(43.6285119139996,4.44693527225451,44.));
#9727=CARTESIAN_POINT('Origin',(41.6285119139996,4.44693527225451,44.));
#9728=CARTESIAN_POINT('',(41.6285119139996,4.44693527225451,41.5));
#9729=CARTESIAN_POINT('',(41.6285119139996,4.44693527225451,44.));
#9730=CARTESIAN_POINT('',(41.8785119139928,4.59127283955061,41.5));
#9731=CARTESIAN_POINT('Origin',(41.6285119139996,3.29223473385452,44.));
#9732=CARTESIAN_POINT('',(41.6285119139996,3.29223473385452,41.5));
#9733=CARTESIAN_POINT('',(41.6285119139996,3.29223473385452,44.));
#9734=CARTESIAN_POINT('',(41.6285119139996,3.58090986845451,41.5));
#9735=CARTESIAN_POINT('Origin',(42.6285119139996,2.71488446465452,44.));
#9736=CARTESIAN_POINT('',(42.6285119139996,2.71488446465452,41.5));
#9737=CARTESIAN_POINT('',(42.6285119139996,2.71488446465452,44.));
#9738=CARTESIAN_POINT('',(42.3785119139928,2.85922203195841,41.5));
#9739=CARTESIAN_POINT('Origin',(43.6285119139996,3.29223473385452,44.));
#9740=CARTESIAN_POINT('',(43.6285119139996,3.29223473385452,41.5));
#9741=CARTESIAN_POINT('',(43.6285119139996,3.29223473385452,44.));
#9742=CARTESIAN_POINT('',(43.3785119140063,3.1478971665584,41.5));
#9743=CARTESIAN_POINT('Origin',(43.6285119139996,4.44693527225451,44.));
#9744=CARTESIAN_POINT('',(43.6285119139996,4.15826013765451,41.5));
#9745=CARTESIAN_POINT('Origin',(42.6285119139996,3.86958500305451,41.5));
#9746=CARTESIAN_POINT('Origin',(42.6285119139996,3.86958500305451,41.5));
#9747=CARTESIAN_POINT('Origin',(42.6285119139996,-46.9757144585455,44.));
#9748=CARTESIAN_POINT('',(42.6285119139996,-46.9757144585455,41.5));
#9749=CARTESIAN_POINT('',(42.6285119139996,-46.9757144585455,44.));
#9750=CARTESIAN_POINT('',(43.6285119139996,-47.5530647277455,41.5));
#9751=CARTESIAN_POINT('',(42.8785119140063,-47.1200520258494,41.5));
#9752=CARTESIAN_POINT('',(43.6285119139996,-47.5530647277455,44.));
#9753=CARTESIAN_POINT('Origin',(41.6285119139996,-47.5530647277455,44.));
#9754=CARTESIAN_POINT('',(41.6285119139996,-47.5530647277455,41.5));
#9755=CARTESIAN_POINT('',(41.6285119139996,-47.5530647277455,44.));
#9756=CARTESIAN_POINT('',(41.8785119139928,-47.4087271604494,41.5));
#9757=CARTESIAN_POINT('Origin',(41.6285119139996,-48.7077652661455,44.));
#9758=CARTESIAN_POINT('',(41.6285119139996,-48.7077652661455,41.5));
#9759=CARTESIAN_POINT('',(41.6285119139996,-48.7077652661455,44.));
#9760=CARTESIAN_POINT('',(41.6285119139996,-48.4190901315455,41.5));
#9761=CARTESIAN_POINT('Origin',(42.6285119139996,-49.2851155353455,44.));
#9762=CARTESIAN_POINT('',(42.6285119139996,-49.2851155353455,41.5));
#9763=CARTESIAN_POINT('',(42.6285119139996,-49.2851155353455,44.));
#9764=CARTESIAN_POINT('',(42.3785119139928,-49.1407779680416,41.5));
#9765=CARTESIAN_POINT('Origin',(43.6285119139996,-48.7077652661455,44.));
#9766=CARTESIAN_POINT('',(43.6285119139996,-48.7077652661455,41.5));
#9767=CARTESIAN_POINT('',(43.6285119139996,-48.7077652661455,44.));
#9768=CARTESIAN_POINT('',(43.3785119140063,-48.8521028334416,41.5));
#9769=CARTESIAN_POINT('Origin',(43.6285119139996,-47.5530647277455,44.));
#9770=CARTESIAN_POINT('',(43.6285119139996,-47.8417398623455,41.5));
#9771=CARTESIAN_POINT('Origin',(42.6285119139996,-48.1304149969455,41.5));
#9772=CARTESIAN_POINT('Origin',(42.6285119139996,-48.1304149969455,41.5));
#9773=CARTESIAN_POINT('Origin',(14.6285119139996,-48.7077652661455,44.));
#9774=CARTESIAN_POINT('',(14.6285119139996,-48.7077652661455,41.5));
#9775=CARTESIAN_POINT('',(14.6285119139996,-48.7077652661455,44.));
#9776=CARTESIAN_POINT('',(14.6285119139996,-47.5530647277455,41.5));
#9777=CARTESIAN_POINT('',(14.6285119139996,-48.4190901315455,41.5));
#9778=CARTESIAN_POINT('',(14.6285119139996,-47.5530647277455,44.));
#9779=CARTESIAN_POINT('Origin',(15.6285119139996,-49.2851155353455,44.));
#9780=CARTESIAN_POINT('',(15.6285119139996,-49.2851155353455,41.5));
#9781=CARTESIAN_POINT('',(15.6285119139996,-49.2851155353455,44.));
#9782=CARTESIAN_POINT('',(15.3785119139929,-49.1407779680416,41.5));
#9783=CARTESIAN_POINT('Origin',(16.6285119139996,-48.7077652661455,44.));
#9784=CARTESIAN_POINT('',(16.6285119139996,-48.7077652661455,41.5));
#9785=CARTESIAN_POINT('',(16.6285119139996,-48.7077652661455,44.));
#9786=CARTESIAN_POINT('',(16.3785119140063,-48.8521028334416,41.5));
#9787=CARTESIAN_POINT('Origin',(16.6285119139996,-47.5530647277455,44.));
#9788=CARTESIAN_POINT('',(16.6285119139996,-47.5530647277455,41.5));
#9789=CARTESIAN_POINT('',(16.6285119139996,-47.5530647277455,44.));
#9790=CARTESIAN_POINT('',(16.6285119139996,-47.8417398623455,41.5));
#9791=CARTESIAN_POINT('Origin',(15.6285119139996,-46.9757144585455,44.));
#9792=CARTESIAN_POINT('',(15.6285119139996,-46.9757144585455,41.5));
#9793=CARTESIAN_POINT('',(15.6285119139996,-46.9757144585455,44.));
#9794=CARTESIAN_POINT('',(15.8785119140064,-47.1200520258494,41.5));
#9795=CARTESIAN_POINT('Origin',(14.6285119139996,-47.5530647277455,44.));
#9796=CARTESIAN_POINT('',(14.8785119139929,-47.4087271604494,41.5));
#9797=CARTESIAN_POINT('Origin',(15.6285119139996,-48.1304149969455,41.5));
#9798=CARTESIAN_POINT('Origin',(15.6285119139996,-48.1304149969455,41.5));
#9799=CARTESIAN_POINT('Origin',(33.2285119139996,-6.63041499692419,46.5));
#9800=CARTESIAN_POINT('',(33.2285119139996,-6.43041499690205,46.5));
#9801=CARTESIAN_POINT('',(33.2285119139996,-6.83041499694633,46.5));
#9802=CARTESIAN_POINT('Origin',(33.2285119139996,-6.63041499692419,46.5));
#9803=CARTESIAN_POINT('',(33.2285119139996,-6.43041499690205,46.));
#9804=CARTESIAN_POINT('',(33.2285119139996,-6.43041499690205,46.5));
#9805=CARTESIAN_POINT('',(33.2285119139996,-6.83041499694633,46.));
#9806=CARTESIAN_POINT('Origin',(33.2285119139996,-6.63041499692419,46.));
#9807=CARTESIAN_POINT('',(33.2285119139996,-6.83041499694633,46.5));
#9808=CARTESIAN_POINT('Origin',(32.0276497168989,-9.52955279984629,46.5));
#9809=CARTESIAN_POINT('',(32.1690710731376,-9.38813144360763,46.5));
#9810=CARTESIAN_POINT('',(31.8862283606602,-9.67097415608496,46.5));
#9811=CARTESIAN_POINT('Origin',(32.0276497168989,-9.52955279984629,46.5));
#9812=CARTESIAN_POINT('',(32.1690710731376,-9.38813144360763,46.));
#9813=CARTESIAN_POINT('',(32.1690710731376,-9.38813144360763,46.5));
#9814=CARTESIAN_POINT('',(31.8862283606602,-9.67097415608496,46.));
#9815=CARTESIAN_POINT('Origin',(32.0276497168989,-9.52955279984629,46.));
#9816=CARTESIAN_POINT('',(31.8862283606602,-9.67097415608496,46.5));
#9817=CARTESIAN_POINT('Origin',(29.1285119140204,-10.7304149969455,46.5));
#9818=CARTESIAN_POINT('',(29.3285119140023,-10.7304149969455,46.5));
#9819=CARTESIAN_POINT('',(28.9285119140385,-10.7304149969455,46.5));
#9820=CARTESIAN_POINT('Origin',(29.1285119140204,-10.7304149969455,46.5));
#9821=CARTESIAN_POINT('',(29.3285119140023,-10.7304149969455,46.));
#9822=CARTESIAN_POINT('',(29.3285119140023,-10.7304149969455,46.5));
#9823=CARTESIAN_POINT('',(28.9285119140385,-10.7304149969455,46.));
#9824=CARTESIAN_POINT('Origin',(29.1285119140204,-10.7304149969455,46.));
#9825=CARTESIAN_POINT('',(28.9285119140385,-10.7304149969455,46.5));
#9826=CARTESIAN_POINT('Origin',(26.2293741110875,-9.52955279983347,46.5));
#9827=CARTESIAN_POINT('',(26.3707954673097,-9.67097415605562,46.5));
#9828=CARTESIAN_POINT('',(26.0879527548654,-9.38813144361133,46.5));
#9829=CARTESIAN_POINT('Origin',(26.2293741110875,-9.52955279983347,46.5));
#9830=CARTESIAN_POINT('',(26.3707954673097,-9.67097415605562,46.));
#9831=CARTESIAN_POINT('',(26.3707954673097,-9.67097415605562,46.5));
#9832=CARTESIAN_POINT('',(26.0879527548654,-9.38813144361133,46.));
#9833=CARTESIAN_POINT('Origin',(26.2293741110875,-9.52955279983347,46.));
#9834=CARTESIAN_POINT('',(26.0879527548654,-9.38813144361133,46.5));
#9835=CARTESIAN_POINT('Origin',(25.0285119139996,-6.63041499694282,46.5));
#9836=CARTESIAN_POINT('',(25.0285119139996,-6.83041499694102,46.5));
#9837=CARTESIAN_POINT('',(25.0285119139996,-6.43041499694463,46.5));
#9838=CARTESIAN_POINT('Origin',(25.0285119139996,-6.63041499694282,46.5));
#9839=CARTESIAN_POINT('',(25.0285119139996,-6.83041499694102,46.));
#9840=CARTESIAN_POINT('',(25.0285119139996,-6.83041499694102,46.5));
#9841=CARTESIAN_POINT('',(25.0285119139996,-6.43041499694463,46.));
#9842=CARTESIAN_POINT('Origin',(25.0285119139996,-6.63041499694282,46.));
#9843=CARTESIAN_POINT('',(25.0285119139996,-6.43041499694463,46.5));
#9844=CARTESIAN_POINT('Origin',(26.2293741110996,-3.73127719414549,46.5));
#9845=CARTESIAN_POINT('',(26.0879527549117,-3.87269855033338,46.5));
#9846=CARTESIAN_POINT('',(26.3707954674124,-3.58985583784657,46.5));
#9847=CARTESIAN_POINT('Origin',(26.2293741110996,-3.73127719414549,46.5));
#9848=CARTESIAN_POINT('',(26.0879527549117,-3.87269855033338,46.));
#9849=CARTESIAN_POINT('',(26.0879527549117,-3.87269855033338,46.5));
#9850=CARTESIAN_POINT('',(26.3707954674124,-3.58985583784657,46.));
#9851=CARTESIAN_POINT('Origin',(26.2293741110996,-3.73127719414549,46.));
#9852=CARTESIAN_POINT('',(26.3707954674124,-3.58985583784657,46.5));
#9853=CARTESIAN_POINT('Origin',(29.1285179801996,-6.62996948894551,46.5));
#9854=CARTESIAN_POINT('',(28.8785119140112,2.26651334573105,46.5));
#9855=CARTESIAN_POINT('',(29.3785119140098,2.26651368666291,46.5));
#9856=CARTESIAN_POINT('Origin',(29.1285179801996,-6.62996948894551,46.5));
#9857=CARTESIAN_POINT('',(28.8785119140112,2.26651334573105,46.));
#9858=CARTESIAN_POINT('',(28.8785119140112,2.26651334573105,46.5));
#9859=CARTESIAN_POINT('',(29.3785119140098,2.26651368666291,46.));
#9860=CARTESIAN_POINT('Origin',(29.1285179801996,-6.62996948894551,46.));
#9861=CARTESIAN_POINT('',(29.3785119140098,2.26651368666291,46.5));
#9862=CARTESIAN_POINT('Origin',(32.0276497168996,-3.73127719414549,46.5));
#9863=CARTESIAN_POINT('',(31.8862283606996,-3.5898558379455,46.5));
#9864=CARTESIAN_POINT('',(32.1690710730996,-3.87269855034551,46.5));
#9865=CARTESIAN_POINT('Origin',(32.0276497168996,-3.73127719414549,46.5));
#9866=CARTESIAN_POINT('',(31.8862283606996,-3.5898558379455,46.));
#9867=CARTESIAN_POINT('',(31.8862283606996,-3.5898558379455,46.5));
#9868=CARTESIAN_POINT('',(32.1690710730996,-3.87269855034551,46.));
#9869=CARTESIAN_POINT('Origin',(32.0276497168996,-3.73127719414549,46.));
#9870=CARTESIAN_POINT('',(32.1690710730996,-3.87269855034551,46.5));
#9871=CARTESIAN_POINT('Origin',(29.1285119139996,-6.63041499694552,46.5));
#9872=CARTESIAN_POINT('',(30.8670457790711,-6.83041499694446,46.5));
#9873=CARTESIAN_POINT('',(30.4992623555507,-7.71832272602344,46.5));
#9874=CARTESIAN_POINT('Origin',(29.1285119139996,-6.63041499694552,46.5));
#9875=CARTESIAN_POINT('',(30.8670457790711,-6.83041499694446,46.));
#9876=CARTESIAN_POINT('',(30.8670457790711,-6.83041499694446,46.5));
#9877=CARTESIAN_POINT('',(30.4992623555507,-7.71832272602344,46.));
#9878=CARTESIAN_POINT('Origin',(29.1285119139996,-6.63041499694552,46.));
#9879=CARTESIAN_POINT('',(30.4992623555507,-7.71832272602344,46.5));
#9880=CARTESIAN_POINT('Origin',(29.1285179801995,-6.62996948894551,46.));
#9881=CARTESIAN_POINT('',(38.1285324026996,-6.62996948894551,46.));
#9882=CARTESIAN_POINT('Origin',(29.1285179801996,-6.62996948894551,46.));
#9883=CARTESIAN_POINT('',(27.7577614724485,-7.71832272602345,46.));
#9884=CARTESIAN_POINT('',(27.6304656229542,-7.84561857551805,46.));
#9885=CARTESIAN_POINT('',(28.0406041849298,-8.0011654385047,46.));
#9886=CARTESIAN_POINT('',(27.8204772623382,-8.22129236108711,46.));
#9887=CARTESIAN_POINT('',(28.9285119139891,-8.36894886201699,46.));
#9888=CARTESIAN_POINT('Origin',(29.1285119139996,-6.63041499694552,46.));
#9889=CARTESIAN_POINT('',(28.9285119139945,-8.62769067849142,46.));
#9890=CARTESIAN_POINT('',(29.3285119139986,-8.36894886201699,46.));
#9891=CARTESIAN_POINT('',(29.3285119139991,-8.68019224294535,46.));
#9892=CARTESIAN_POINT('',(30.2164196430775,-8.00116543849658,46.));
#9893=CARTESIAN_POINT('Origin',(29.1285119139996,-6.63041499694552,46.));
#9894=CARTESIAN_POINT('',(30.3994253864951,-8.1841711819148,46.));
#9895=CARTESIAN_POINT('',(30.504473225941,-7.72353359641374,46.));
#9896=CARTESIAN_POINT('',(31.0472319845492,-6.8304149969446,46.));
#9897=CARTESIAN_POINT('',(30.867045779045,-6.43041499694955,46.));
#9898=CARTESIAN_POINT('',(30.8745734618843,-6.4304149969494,46.));
#9899=CARTESIAN_POINT('',(30.4992623554996,-5.54250726784551,46.));
#9900=CARTESIAN_POINT('Origin',(29.1285119139996,-6.63041499694552,46.));
#9901=CARTESIAN_POINT('',(30.6267839921101,-5.41498563124264,46.));
#9902=CARTESIAN_POINT('',(30.2164196427705,-5.25966455508743,46.));
#9903=CARTESIAN_POINT('',(30.4367723524996,-5.03931184546223,46.));
#9904=CARTESIAN_POINT('',(29.3785119139951,-4.89836418932585,46.));
#9905=CARTESIAN_POINT('Origin',(29.1285119139996,-6.63041499694552,46.));
#9906=CARTESIAN_POINT('',(29.3785119139956,-4.63410231511434,46.));
#9907=CARTESIAN_POINT('',(28.878511913967,-4.89836418939159,46.));
#9908=CARTESIAN_POINT('',(28.8785119139838,-2.18172807160646,46.));
#9909=CARTESIAN_POINT('',(28.0406041848589,-5.25966455545716,46.));
#9910=CARTESIAN_POINT('Origin',(29.1285119139996,-6.63041499694552,46.));
#9911=CARTESIAN_POINT('',(27.8573787205533,-5.07643909113357,46.));
#9912=CARTESIAN_POINT('',(27.7577614724591,-5.54250726785696,46.));
#9913=CARTESIAN_POINT('',(27.7523308811692,-5.53707667656713,46.));
#9914=CARTESIAN_POINT('',(27.389978048928,-6.43041499696202,46.));
#9915=CARTESIAN_POINT('Origin',(29.1285119139996,-6.63041499694552,46.));
#9916=CARTESIAN_POINT('',(27.2097979096506,-6.43041499696069,46.));
#9917=CARTESIAN_POINT('',(27.3899780489281,-6.83041499694446,46.));
#9918=CARTESIAN_POINT('',(27.3824564323118,-6.83041499694445,46.));
#9919=CARTESIAN_POINT('Origin',(29.1285119139996,-6.63041499694552,46.));
#9920=CARTESIAN_POINT('Origin',(29.1285119139996,-6.63041499694552,46.5));
#9921=CARTESIAN_POINT('',(30.2164196430775,-8.00116543849658,46.5));
#9922=CARTESIAN_POINT('',(29.3285119139986,-8.36894886201699,46.5));
#9923=CARTESIAN_POINT('Origin',(29.1285119139996,-6.63041499694552,46.5));
#9924=CARTESIAN_POINT('',(30.2164196430775,-8.00116543849658,46.5));
#9925=CARTESIAN_POINT('',(29.3285119139986,-8.36894886201699,46.5));
#9926=CARTESIAN_POINT('Origin',(29.1285119139996,-6.63041499694552,46.5));
#9927=CARTESIAN_POINT('',(28.9285119139891,-8.36894886201699,46.5));
#9928=CARTESIAN_POINT('',(28.0406041849298,-8.0011654385047,46.5));
#9929=CARTESIAN_POINT('Origin',(29.1285119139996,-6.63041499694552,46.5));
#9930=CARTESIAN_POINT('',(28.9285119139891,-8.36894886201699,46.5));
#9931=CARTESIAN_POINT('',(28.0406041849298,-8.0011654385047,46.5));
#9932=CARTESIAN_POINT('Origin',(29.1285119139996,-6.63041499694552,46.5));
#9933=CARTESIAN_POINT('',(27.7577614724485,-7.71832272602345,46.5));
#9934=CARTESIAN_POINT('',(27.3899780489281,-6.83041499694446,46.5));
#9935=CARTESIAN_POINT('Origin',(29.1285119139996,-6.63041499694552,46.5));
#9936=CARTESIAN_POINT('',(27.7577614724485,-7.71832272602345,46.5));
#9937=CARTESIAN_POINT('',(27.3899780489281,-6.83041499694446,46.5));
#9938=CARTESIAN_POINT('Origin',(29.1285119139996,-6.63041499694552,46.5));
#9939=CARTESIAN_POINT('',(27.389978048928,-6.43041499696202,46.5));
#9940=CARTESIAN_POINT('',(27.7577614724591,-5.54250726785696,46.5));
#9941=CARTESIAN_POINT('Origin',(29.1285119139996,-6.63041499694552,46.5));
#9942=CARTESIAN_POINT('',(27.389978048928,-6.43041499696202,46.5));
#9943=CARTESIAN_POINT('',(27.7577614724591,-5.54250726785696,46.5));
#9944=CARTESIAN_POINT('Origin',(29.1285119139996,-6.63041499694552,46.5));
#9945=CARTESIAN_POINT('',(30.4992623554996,-5.54250726784551,46.5));
#9946=CARTESIAN_POINT('',(30.867045779045,-6.43041499694955,46.5));
#9947=CARTESIAN_POINT('Origin',(29.1285119139996,-6.63041499694552,46.5));
#9948=CARTESIAN_POINT('',(30.4992623554996,-5.54250726784551,46.5));
#9949=CARTESIAN_POINT('',(30.867045779045,-6.43041499694955,46.5));
#9950=CARTESIAN_POINT('Origin',(29.1285119139996,-6.63041499694552,46.5));
#9951=CARTESIAN_POINT('',(29.3785119139951,-4.89836418932585,46.5));
#9952=CARTESIAN_POINT('',(30.2164196427705,-5.25966455508743,46.5));
#9953=CARTESIAN_POINT('Origin',(29.1285119139996,-6.63041499694552,46.5));
#9954=CARTESIAN_POINT('',(29.3785119139951,-4.89836418932585,46.5));
#9955=CARTESIAN_POINT('',(30.2164196427705,-5.25966455508743,46.5));
#9956=CARTESIAN_POINT('Origin',(29.1285119139996,-6.63041499694552,46.5));
#9957=CARTESIAN_POINT('',(28.0406041848589,-5.25966455545716,46.5));
#9958=CARTESIAN_POINT('',(28.878511913967,-4.89836418939159,46.5));
#9959=CARTESIAN_POINT('Origin',(29.1285119139996,-6.63041499694552,46.5));
#9960=CARTESIAN_POINT('',(28.0406041848589,-5.25966455545716,46.5));
#9961=CARTESIAN_POINT('',(28.878511913967,-4.89836418939159,46.5));
#9962=CARTESIAN_POINT('Origin',(27.0354030112126,-6.43041499695941,46.5));
#9963=CARTESIAN_POINT('',(28.0819574626068,-6.43041499696711,46.5));
#9964=CARTESIAN_POINT('Origin',(27.3952991141453,-5.18004490954834,46.5));
#9965=CARTESIAN_POINT('',(28.1911948359644,-5.97594063135603,46.5));
#9966=CARTESIAN_POINT('Origin',(30.7499847691328,-5.29178485422737,46.5));
#9967=CARTESIAN_POINT('',(30.0099590196457,-6.03181060367016,46.5));
#9968=CARTESIAN_POINT('Origin',(31.3796449620406,-6.43041499693924,46.5));
#9969=CARTESIAN_POINT('',(30.2540784380181,-6.43041499696188,46.5));
#9970=CARTESIAN_POINT('Origin',(31.2216208167866,-6.83041499694474,46.5));
#9971=CARTESIAN_POINT('',(30.175066365393,-6.83041499694391,46.5));
#9972=CARTESIAN_POINT('Origin',(30.8617247138622,-8.08078508433434,46.5));
#9973=CARTESIAN_POINT('',(30.0658289920486,-7.28488936252207,46.5));
#9974=CARTESIAN_POINT('Origin',(30.4671420566852,-8.25188785210511,46.5));
#9975=CARTESIAN_POINT('',(29.727116307225,-7.51186210264242,46.5));
#9976=CARTESIAN_POINT('Origin',(29.3285119139994,-8.88154804499044,46.5));
#9977=CARTESIAN_POINT('',(29.3285119139976,-7.75598152096781,46.5));
#9978=CARTESIAN_POINT('Origin',(28.9285119139965,-8.72352389973248,46.5));
#9979=CARTESIAN_POINT('',(28.9285119139746,-7.67696944834108,46.5));
#9980=CARTESIAN_POINT('Origin',(27.6781418266111,-8.3636277968084,46.5));
#9981=CARTESIAN_POINT('',(28.4740375484389,-7.56773207501349,46.5));
#9982=CARTESIAN_POINT('Origin',(27.5070390588408,-7.96904513963188,46.5));
#9983=CARTESIAN_POINT('',(28.2470648083009,-7.22901939016962,46.5));
#9984=CARTESIAN_POINT('Origin',(26.8773788659547,-6.83041499694371,46.5));
#9985=CARTESIAN_POINT('',(28.002945389977,-6.83041499694536,46.5));
#9986=CARTESIAN_POINT('Origin',(29.3785119139958,-4.54268779276681,46.5));
#9987=CARTESIAN_POINT('',(29.3785119139937,-5.58655139485641,46.5));
#9988=CARTESIAN_POINT('Origin',(30.5788820011474,-4.89720219688142,46.5));
#9989=CARTESIAN_POINT('',(29.7829862791735,-5.69309791848012,46.5));
#9990=CARTESIAN_POINT('Origin',(27.7898817712557,-5.00894214182928,46.5));
#9991=CARTESIAN_POINT('',(28.5299075206878,-5.74896789133415,46.5));
#9992=CARTESIAN_POINT('Origin',(28.8785119139701,-4.38428499181235,46.5));
#9993=CARTESIAN_POINT('',(28.8785119139632,-5.50734999437815,46.5));
#9994=CARTESIAN_POINT('Origin',(29.1285179801996,-6.62996948894551,46.5));
#9995=CARTESIAN_POINT('',(38.1285324026996,-6.62996948894551,46.5));
#9996=CARTESIAN_POINT('Origin',(29.1285179801996,-6.62996948894551,46.5));
#9997=CARTESIAN_POINT('',(38.1285324026996,-6.62996948894551,46.5));
#9998=CARTESIAN_POINT('Origin',(29.1285119139996,-6.6304149969455,46.5));
#9999=CARTESIAN_POINT('',(42.1285119139996,-6.6304149969455,46.5));
#10000=CARTESIAN_POINT('Origin',(29.1285119139996,-6.6304149969455,46.5));
#10001=CARTESIAN_POINT('',(30.1535119139996,-17.6304149969455,46.5));
#10002=CARTESIAN_POINT('Origin',(29.1285119139996,-17.6304149969455,46.5));
#10003=CARTESIAN_POINT('',(37.9316865069996,-14.4085895900455,46.5));
#10004=CARTESIAN_POINT('Origin',(36.9066865069996,-14.4085895900455,46.5));
#10005=CARTESIAN_POINT('',(41.1535119139996,-6.63041499694551,46.5));
#10006=CARTESIAN_POINT('Origin',(40.1285119139996,-6.63041499694551,46.5));
#10007=CARTESIAN_POINT('',(19.1535119139996,-6.63041499694551,46.5));
#10008=CARTESIAN_POINT('Origin',(18.1285119139996,-6.63041499694551,46.5));
#10009=CARTESIAN_POINT('',(22.3753373208996,1.14775959605448,46.5));
#10010=CARTESIAN_POINT('Origin',(21.3503373208996,1.14775959605448,46.5));
#10011=CARTESIAN_POINT('',(37.9316865069996,1.14775959605448,46.5));
#10012=CARTESIAN_POINT('Origin',(36.9066865069996,1.14775959605448,46.5));
#10013=CARTESIAN_POINT('',(22.3753373208996,-14.4085895900455,46.5));
#10014=CARTESIAN_POINT('Origin',(21.3503373208996,-14.4085895900455,46.5));
#10015=CARTESIAN_POINT('',(30.1535119139996,4.36958500305449,46.5));
#10016=CARTESIAN_POINT('Origin',(29.1285119139996,4.36958500305449,46.5));
#10017=CARTESIAN_POINT('Origin',(29.1285119139996,4.36958500305449,46.5));
#10018=CARTESIAN_POINT('',(30.1535119139996,4.36958500305449,44.2));
#10019=CARTESIAN_POINT('',(30.1535119139996,4.36958500305449,46.5));
#10020=CARTESIAN_POINT('Origin',(29.1285119139996,4.36958500305449,44.2));
#10021=CARTESIAN_POINT('Origin',(21.3503373208996,-14.4085895900455,46.5));
#10022=CARTESIAN_POINT('',(22.3753373208996,-14.4085895900455,44.2));
#10023=CARTESIAN_POINT('',(22.3753373208996,-14.4085895900455,46.5));
#10024=CARTESIAN_POINT('Origin',(21.3503373208996,-14.4085895900455,44.2));
#10025=CARTESIAN_POINT('Origin',(36.9066865069996,1.14775959605448,46.5));
#10026=CARTESIAN_POINT('',(37.9316865069996,1.14775959605448,44.2));
#10027=CARTESIAN_POINT('',(37.9316865069996,1.14775959605448,46.5));
#10028=CARTESIAN_POINT('Origin',(36.9066865069996,1.14775959605448,44.2));
#10029=CARTESIAN_POINT('Origin',(21.3503373208996,1.14775959605448,46.5));
#10030=CARTESIAN_POINT('',(22.3753373208996,1.14775959605448,44.2));
#10031=CARTESIAN_POINT('',(22.3753373208996,1.14775959605448,46.5));
#10032=CARTESIAN_POINT('Origin',(21.3503373208996,1.14775959605448,44.2));
#10033=CARTESIAN_POINT('Origin',(18.1285119139996,-6.63041499694551,46.5));
#10034=CARTESIAN_POINT('',(19.1535119139996,-6.63041499694551,44.2));
#10035=CARTESIAN_POINT('',(19.1535119139996,-6.63041499694551,46.5));
#10036=CARTESIAN_POINT('Origin',(18.1285119139996,-6.63041499694551,44.2));
#10037=CARTESIAN_POINT('Origin',(40.1285119139996,-6.63041499694551,46.5));
#10038=CARTESIAN_POINT('',(41.1535119139996,-6.63041499694551,44.2));
#10039=CARTESIAN_POINT('',(41.1535119139996,-6.63041499694551,46.5));
#10040=CARTESIAN_POINT('Origin',(40.1285119139996,-6.63041499694551,44.2));
#10041=CARTESIAN_POINT('Origin',(36.9066865069996,-14.4085895900455,46.5));
#10042=CARTESIAN_POINT('',(37.9316865069996,-14.4085895900455,44.2));
#10043=CARTESIAN_POINT('',(37.9316865069996,-14.4085895900455,46.5));
#10044=CARTESIAN_POINT('Origin',(36.9066865069996,-14.4085895900455,44.2));
#10045=CARTESIAN_POINT('Origin',(29.1285119139996,-17.6304149969455,46.5));
#10046=CARTESIAN_POINT('',(30.1535119139996,-17.6304149969455,44.2));
#10047=CARTESIAN_POINT('',(30.1535119139996,-17.6304149969455,46.5));
#10048=CARTESIAN_POINT('Origin',(29.1285119139996,-17.6304149969455,44.2));
#10049=CARTESIAN_POINT('Origin',(29.1285119139996,-6.63041499694552,44.));
#10050=CARTESIAN_POINT('',(36.7933667723775,-17.1304149969455,43.5));
#10051=CARTESIAN_POINT('Origin',(29.1285119139996,-6.63041499694552,43.5));
#10052=CARTESIAN_POINT('',(36.7933667723775,-17.1304149969455,44.));
#10053=CARTESIAN_POINT('Origin',(44.8285119139996,-17.1304149969455,46.5));
#10054=CARTESIAN_POINT('',(45.8785119139996,-17.1304149969455,43.5));
#10055=CARTESIAN_POINT('Origin',(12.9535119139996,-17.1804149969455,43.5));
#10056=CARTESIAN_POINT('Origin',(44.8785119139996,-30.1304149969455,46.5));
#10057=CARTESIAN_POINT('',(40.8285119139996,-30.1304149969455,43.5));
#10058=CARTESIAN_POINT('',(40.8285119139996,-30.1304149969455,43.5));
#10059=CARTESIAN_POINT('',(40.8285119139996,-30.1304149969455,46.5));
#10060=CARTESIAN_POINT('Origin',(40.8285119139996,-29.8304149969455,46.5));
#10061=CARTESIAN_POINT('',(40.5285119139428,-29.8304149969455,43.5));
#10062=CARTESIAN_POINT('Origin',(40.8285119139996,-29.8304149969455,43.5));
#10063=CARTESIAN_POINT('',(40.5285119139428,-29.8304149969455,46.5));
#10064=CARTESIAN_POINT('Origin',(40.528511913989,-28.5804149969455,46.5));
#10065=CARTESIAN_POINT('',(40.5285119139899,-28.5576227908455,43.5));
#10066=CARTESIAN_POINT('',(40.5285119139996,-28.2942702882455,43.5));
#10067=CARTESIAN_POINT('',(40.5285119139899,-28.5576227908455,46.5));
#10068=CARTESIAN_POINT('Origin',(40.2285119139996,-28.5576227908455,46.5));
#10069=CARTESIAN_POINT('',(40.4406439483487,-28.3454907564964,43.5));
#10070=CARTESIAN_POINT('Origin',(40.2285119139996,-28.5576227908455,43.5));
#10071=CARTESIAN_POINT('',(40.4406439483487,-28.3454907564964,46.5));
#10072=CARTESIAN_POINT('Origin',(40.4406439483487,-28.3454907564964,46.5));
#10073=CARTESIAN_POINT('',(37.3134361545056,-25.2182829626395,43.5));
#10074=CARTESIAN_POINT('',(37.3134361545056,-25.2182829626395,43.5));
#10075=CARTESIAN_POINT('',(37.3134361545056,-25.2182829626395,46.5));
#10076=CARTESIAN_POINT('Origin',(37.1013041200738,-25.430414997008,46.5));
#10077=CARTESIAN_POINT('',(37.1013041200997,-25.1304149969455,43.5));
#10078=CARTESIAN_POINT('Origin',(37.1013041200738,-25.430414997008,43.5));
#10079=CARTESIAN_POINT('',(37.1013041200997,-25.1304149969455,46.5));
#10080=CARTESIAN_POINT('Origin',(37.1013041200997,-25.1304149969455,46.5));
#10081=CARTESIAN_POINT('',(21.1557197078996,-25.1304149969455,43.5));
#10082=CARTESIAN_POINT('',(21.1557197078996,-25.1304149969455,43.5));
#10083=CARTESIAN_POINT('',(21.1557197078996,-25.1304149969455,46.5));
#10084=CARTESIAN_POINT('Origin',(21.1557197078996,-25.4304149969455,46.5));
#10085=CARTESIAN_POINT('',(20.9435876739046,-25.2182829628991,43.5));
#10086=CARTESIAN_POINT('Origin',(21.1557197078996,-25.4304149969455,43.5));
#10087=CARTESIAN_POINT('',(20.9435876739046,-25.2182829628991,46.5));
#10088=CARTESIAN_POINT('Origin',(18.2285119139996,-27.9333587221455,46.5));
#10089=CARTESIAN_POINT('',(17.8163798795996,-28.3454907564455,43.5));
#10090=CARTESIAN_POINT('',(17.8163798795996,-28.3454907564455,43.5));
#10091=CARTESIAN_POINT('',(17.8163798795996,-28.3454907564455,46.5));
#10092=CARTESIAN_POINT('Origin',(18.0285119139996,-28.5576227908455,46.5));
#10093=CARTESIAN_POINT('',(17.7285119139374,-28.5576227908455,43.5));
#10094=CARTESIAN_POINT('Origin',(18.0285119139996,-28.5576227908455,43.5));
#10095=CARTESIAN_POINT('',(17.7285119139374,-28.5576227908455,46.5));
#10096=CARTESIAN_POINT('Origin',(17.7285119139374,-28.5576227908455,46.5));
#10097=CARTESIAN_POINT('',(17.7285119136363,-29.8304149969455,43.5));
#10098=CARTESIAN_POINT('',(17.7285119136363,-29.8304149969455,43.5));
#10099=CARTESIAN_POINT('',(17.7285119136363,-29.8304149969455,46.5));
#10100=CARTESIAN_POINT('Origin',(17.4285119139996,-29.8304149969455,46.5));
#10101=CARTESIAN_POINT('Origin',(17.4285119139996,-29.8304149969455,43.5));
#10102=CARTESIAN_POINT('Origin',(37.1013041200738,-25.430414997008,46.5));
#10103=CARTESIAN_POINT('',(37.1013041200997,-25.0304149969455,43.5));
#10104=CARTESIAN_POINT('',(37.1013041200997,-25.0304149969455,46.5));
#10105=CARTESIAN_POINT('',(37.3841468325743,-25.1475722844709,43.5));
#10106=CARTESIAN_POINT('Origin',(37.1013041200738,-25.430414997008,43.5));
#10107=CARTESIAN_POINT('',(37.3841468325743,-25.1475722844709,46.5));
#10108=CARTESIAN_POINT('Origin',(21.1557197078996,-25.0304149969455,46.5));
#10109=CARTESIAN_POINT('',(21.1557197078996,-25.0304149969455,43.5));
#10110=CARTESIAN_POINT('',(21.1557197078996,-25.0304149969455,46.5));
#10111=CARTESIAN_POINT('',(37.1013041200997,-25.0304149969455,43.5));
#10112=CARTESIAN_POINT('Origin',(21.1557197078996,-25.4304149969455,46.5));
#10113=CARTESIAN_POINT('',(20.8728769953996,-25.1475722844455,43.5));
#10114=CARTESIAN_POINT('',(20.8728769953996,-25.1475722844455,46.5));
#10115=CARTESIAN_POINT('Origin',(21.1557197078996,-25.4304149969455,43.5));
#10116=CARTESIAN_POINT('Origin',(40.6285119139996,-29.8304149969455,46.5));
#10117=CARTESIAN_POINT('',(40.6285119139996,-29.8304149969455,43.5));
#10118=CARTESIAN_POINT('',(40.6285119139996,-29.8304149969455,46.5));
#10119=CARTESIAN_POINT('',(40.8285119139996,-30.0304149969455,43.5));
#10120=CARTESIAN_POINT('Origin',(40.6285119140183,-28.5576227908322,46.5));
#10121=CARTESIAN_POINT('',(40.6285119140183,-28.5576227908322,43.5));
#10122=CARTESIAN_POINT('',(40.6285119140183,-28.5576227908322,46.5));
#10123=CARTESIAN_POINT('',(40.6285119139996,-29.8304149969455,43.5));
#10124=CARTESIAN_POINT('Origin',(40.2286876081997,-28.5575996602455,46.5));
#10125=CARTESIAN_POINT('',(40.5964698552025,-28.4007695137562,43.5));
#10126=CARTESIAN_POINT('',(40.5964698552025,-28.4007695137562,46.5));
#10127=CARTESIAN_POINT('Origin',(40.2286876081997,-28.5575996602455,43.5));
#10128=CARTESIAN_POINT('Origin',(40.2286850558996,-28.5574899343455,46.5));
#10129=CARTESIAN_POINT('',(40.5113546264801,-28.2747800783167,43.5));
#10130=CARTESIAN_POINT('',(40.5113546264801,-28.2747800783167,46.5));
#10131=CARTESIAN_POINT('Origin',(40.2286850558996,-28.5574899343455,43.5));
#10132=CARTESIAN_POINT('Origin',(40.0285119139996,-27.7919373658455,46.5));
#10133=CARTESIAN_POINT('',(40.5113546264801,-28.2747800783167,43.5));
#10134=CARTESIAN_POINT('Origin',(17.7456692014996,-28.2747800783455,46.5));
#10135=CARTESIAN_POINT('',(17.7456692014996,-28.2747800783455,43.5));
#10136=CARTESIAN_POINT('',(17.7456692014996,-28.2747800783455,46.5));
#10137=CARTESIAN_POINT('',(20.8728769953996,-25.1475722844455,43.5));
#10138=CARTESIAN_POINT('Origin',(18.0283713235996,-28.5575149120455,46.5));
#10139=CARTESIAN_POINT('',(17.6574142810335,-28.4083494046464,43.5));
#10140=CARTESIAN_POINT('',(17.6574142810335,-28.4083494046464,46.5));
#10141=CARTESIAN_POINT('Origin',(18.0283713235996,-28.5575149120455,43.5));
#10142=CARTESIAN_POINT('Origin',(18.0282955404996,-28.5575943047455,46.5));
#10143=CARTESIAN_POINT('',(17.6285119139996,-28.5576227908455,43.5));
#10144=CARTESIAN_POINT('',(17.6285119139996,-28.5576227908455,46.5));
#10145=CARTESIAN_POINT('Origin',(18.0282955404996,-28.5575943047455,43.5));
#10146=CARTESIAN_POINT('Origin',(17.6285119139996,-28.5804149969455,46.5));
#10147=CARTESIAN_POINT('',(17.6285119139996,-28.5576227908455,43.5));
#10148=CARTESIAN_POINT('Origin',(17.9333107955717,-28.1748609778815,43.5));
#10149=CARTESIAN_POINT('Origin',(29.1285119139996,-6.6304149969455,44.));
#10150=CARTESIAN_POINT('',(37.1285119139996,-6.6304149969455,44.2));
#10151=CARTESIAN_POINT('Origin',(29.1285119139996,-6.6304149969455,44.2));
#10152=CARTESIAN_POINT('',(37.1285119139996,-6.6304149969455,44.));
#10153=CARTESIAN_POINT('Origin',(29.1285119139996,-6.6304149969455,44.2));
#10154=CARTESIAN_POINT('',(42.1285119139996,-6.6304149969455,44.2));
#10155=CARTESIAN_POINT('Origin',(29.1285119139996,-6.6304149969455,44.2));
#10156=CARTESIAN_POINT('Origin',(29.1285119139996,-6.6304149969455,46.5));
#10157=CARTESIAN_POINT('Origin',(29.1285119139996,-6.6304149969455,44.));
#10158=CARTESIAN_POINT('',(42.1285119139996,-6.6304149969455,44.));
#10159=CARTESIAN_POINT('Origin',(34.9285119139996,-40.7804149969455,0.22));
#10160=CARTESIAN_POINT('',(34.9285119139996,-40.0504149969455,0.));
#10161=CARTESIAN_POINT('',(34.9285119139996,-39.8304149969455,0.22));
#10162=CARTESIAN_POINT('Origin',(34.9285119139996,-40.0504149969455,0.22));
#10163=CARTESIAN_POINT('',(35.8785119139996,-40.7804149969455,0.22));
#10164=CARTESIAN_POINT('Origin',(34.9285119139996,-40.7804149969455,0.22));
#10165=CARTESIAN_POINT('',(35.6585119139996,-40.7804149969455,0.));
#10166=CARTESIAN_POINT('Origin',(35.6585119139996,-40.7804149969455,0.22));
#10167=CARTESIAN_POINT('Origin',(34.9285119139996,-40.7804149969455,0.));
#10168=CARTESIAN_POINT('Origin',(35.6585119139996,-34.2554149969503,0.22));
#10169=CARTESIAN_POINT('',(35.8785119139996,-46.3804149969455,0.22));
#10170=CARTESIAN_POINT('',(35.6585119139996,-46.3804149969455,0.));
#10171=CARTESIAN_POINT('Origin',(35.6585119139996,-46.3804149969455,0.22));
#10172=CARTESIAN_POINT('',(35.6585119139996,-34.2554149969503,0.));
#10173=CARTESIAN_POINT('',(35.8785119139996,-34.2554149969503,0.22));
#10174=CARTESIAN_POINT('Origin',(34.9285119139996,-46.3804149969455,0.22));
#10175=CARTESIAN_POINT('',(34.9285119139996,-47.3304149969455,0.22));
#10176=CARTESIAN_POINT('',(34.9285119139996,-47.1104149969455,0.));
#10177=CARTESIAN_POINT('Origin',(34.9285119139996,-47.1104149969455,0.22));
#10178=CARTESIAN_POINT('Origin',(34.9285119139996,-46.3804149969455,0.));
#10179=CARTESIAN_POINT('Origin',(34.9285119139996,-46.3804149969455,0.22));
#10180=CARTESIAN_POINT('Origin',(26.2285119140024,-47.1104149969455,0.22));
#10181=CARTESIAN_POINT('',(23.3285119139996,-47.3304149969455,0.22));
#10182=CARTESIAN_POINT('',(23.3285119139996,-47.1104149969455,0.));
#10183=CARTESIAN_POINT('Origin',(23.3285119139996,-47.1104149969455,0.22));
#10184=CARTESIAN_POINT('',(26.2285119140024,-47.1104149969455,0.));
#10185=CARTESIAN_POINT('',(26.2285119140024,-47.3304149969455,0.22));
#10186=CARTESIAN_POINT('Origin',(23.3285119139996,-46.3804149969455,0.22));
#10187=CARTESIAN_POINT('',(22.3785119139996,-46.3804149969455,0.22));
#10188=CARTESIAN_POINT('',(22.5985119139996,-46.3804149969455,0.));
#10189=CARTESIAN_POINT('Origin',(22.5985119139996,-46.3804149969455,0.22));
#10190=CARTESIAN_POINT('Origin',(23.3285119139996,-46.3804149969455,0.));
#10191=CARTESIAN_POINT('Origin',(23.3285119139996,-46.3804149969455,0.22));
#10192=CARTESIAN_POINT('Origin',(22.5985119139996,-31.4554149969504,0.22));
#10193=CARTESIAN_POINT('',(22.3785119139996,-40.7804149969455,0.22));
#10194=CARTESIAN_POINT('',(22.5985119139996,-40.7804149969455,0.));
#10195=CARTESIAN_POINT('Origin',(22.5985119139996,-40.7804149969455,0.22));
#10196=CARTESIAN_POINT('',(22.5985119139996,-31.4554149969504,0.));
#10197=CARTESIAN_POINT('',(22.3785119139996,-31.4554149969504,0.22));
#10198=CARTESIAN_POINT('Origin',(23.3285119139996,-40.7804149969455,0.22));
#10199=CARTESIAN_POINT('',(23.3285119139996,-39.8304149969455,0.22));
#10200=CARTESIAN_POINT('',(23.3285119139996,-40.0504149969455,0.));
#10201=CARTESIAN_POINT('Origin',(23.3285119139996,-40.0504149969455,0.22));
#10202=CARTESIAN_POINT('Origin',(23.3285119139996,-40.7804149969455,0.));
#10203=CARTESIAN_POINT('Origin',(23.3285119139996,-40.7804149969455,0.22));
#10204=CARTESIAN_POINT('Origin',(32.0285119140024,-40.0504149969455,0.22));
#10205=CARTESIAN_POINT('',(32.0285119140024,-40.0504149969455,0.));
#10206=CARTESIAN_POINT('',(32.0285119140024,-39.8304149969455,0.22));
#10207=CARTESIAN_POINT('Origin',(23.3285119139996,-47.3304149969455,0.));
#10208=CARTESIAN_POINT('',(34.9285119139996,-47.3304149969455,0.5));
#10209=CARTESIAN_POINT('',(34.9285119139996,-47.3304149969455,0.));
#10210=CARTESIAN_POINT('',(23.3285119139996,-47.3304149969455,0.5));
#10211=CARTESIAN_POINT('',(26.2285119139996,-47.3304149969455,0.5));
#10212=CARTESIAN_POINT('',(23.3285119139996,-47.3304149969455,0.));
#10213=CARTESIAN_POINT('Origin',(34.9285119139996,-46.3804149969455,0.));
#10214=CARTESIAN_POINT('',(35.8785119139996,-46.3804149969455,0.5));
#10215=CARTESIAN_POINT('',(35.8785119139996,-46.3804149969455,0.));
#10216=CARTESIAN_POINT('Origin',(34.9285119139996,-46.3804149969455,0.5));
#10217=CARTESIAN_POINT('Origin',(35.8785119139996,-46.3804149969455,0.));
#10218=CARTESIAN_POINT('',(35.8785119139996,-40.7804149969455,0.5));
#10219=CARTESIAN_POINT('',(35.8785119139996,-40.7804149969455,0.));
#10220=CARTESIAN_POINT('',(35.8785119139996,-44.9804149969455,0.5));
#10221=CARTESIAN_POINT('Origin',(34.9285119139996,-40.7804149969455,0.));
#10222=CARTESIAN_POINT('',(34.9285119139996,-39.8304149969455,0.5));
#10223=CARTESIAN_POINT('',(34.9285119139996,-39.8304149969455,0.));
#10224=CARTESIAN_POINT('Origin',(34.9285119139996,-40.7804149969455,0.5));
#10225=CARTESIAN_POINT('Origin',(29.1285119140051,-22.1304149969552,0.));
#10226=CARTESIAN_POINT('Origin',(22.3785119139996,-40.7804149969455,0.));
#10227=CARTESIAN_POINT('',(22.3785119139996,-46.3804149969455,0.5));
#10228=CARTESIAN_POINT('',(22.3785119139996,-46.3804149969455,0.));
#10229=CARTESIAN_POINT('',(22.3785119139996,-40.7804149969455,0.5));
#10230=CARTESIAN_POINT('',(22.3785119139996,-42.1804149969455,0.5));
#10231=CARTESIAN_POINT('',(22.3785119139996,-40.7804149969455,0.));
#10232=CARTESIAN_POINT('Origin',(23.3285119139996,-40.7804149969455,0.));
#10233=CARTESIAN_POINT('',(23.3285119139996,-39.8304149969455,0.5));
#10234=CARTESIAN_POINT('Origin',(23.3285119139996,-40.7804149969455,0.5));
#10235=CARTESIAN_POINT('',(23.3285119139996,-39.8304149969455,0.));
#10236=CARTESIAN_POINT('Origin',(34.9285119139996,-39.8304149969455,0.));
#10237=CARTESIAN_POINT('',(32.0285119139996,-39.8304149969455,0.5));
#10238=CARTESIAN_POINT('Origin',(23.3285119139996,-46.3804149969455,0.));
#10239=CARTESIAN_POINT('Origin',(23.3285119139996,-46.3804149969455,0.5));
#10240=CARTESIAN_POINT('Origin',(22.2285119139996,-40.6804149969455,0.));
#10241=CARTESIAN_POINT('',(22.2285119139996,-40.6804149969455,0.));
#10242=CARTESIAN_POINT('',(22.2285119139996,-46.4804149969455,0.));
#10243=CARTESIAN_POINT('',(22.2285119139996,-31.4054149969503,0.));
#10244=CARTESIAN_POINT('',(22.2285119139996,-40.6804149969455,0.5));
#10245=CARTESIAN_POINT('',(22.2285119139996,-40.6804149969455,0.));
#10246=CARTESIAN_POINT('',(22.2285119139996,-46.4804149969455,0.5));
#10247=CARTESIAN_POINT('',(22.2285119139996,-40.6804149969455,0.5));
#10248=CARTESIAN_POINT('',(22.2285119139996,-46.4804149969455,0.));
#10249=CARTESIAN_POINT('Origin',(23.2285119139996,-40.6804149969455,0.));
#10250=CARTESIAN_POINT('',(23.2285119139996,-39.6804149969455,0.));
#10251=CARTESIAN_POINT('Origin',(23.2285119139996,-40.6804149969455,0.));
#10252=CARTESIAN_POINT('',(23.2285119139996,-39.6804149969455,0.5));
#10253=CARTESIAN_POINT('',(23.2285119139996,-39.6804149969455,0.));
#10254=CARTESIAN_POINT('Origin',(23.2285119139996,-40.6804149969455,0.5));
#10255=CARTESIAN_POINT('Origin',(35.0285119139996,-39.6804149969455,0.));
#10256=CARTESIAN_POINT('',(35.0285119139996,-39.6804149969455,0.));
#10257=CARTESIAN_POINT('',(32.0785119140023,-39.6804149969455,0.));
#10258=CARTESIAN_POINT('',(35.0285119139996,-39.6804149969455,0.5));
#10259=CARTESIAN_POINT('',(35.0285119139996,-39.6804149969455,0.));
#10260=CARTESIAN_POINT('',(35.0285119139996,-39.6804149969455,0.5));
#10261=CARTESIAN_POINT('Origin',(35.0285119139996,-40.6804149969455,0.));
#10262=CARTESIAN_POINT('',(36.0285119139996,-40.6804149969455,0.));
#10263=CARTESIAN_POINT('Origin',(35.0285119139996,-40.6804149969455,0.));
#10264=CARTESIAN_POINT('',(36.0285119139996,-40.6804149969455,0.5));
#10265=CARTESIAN_POINT('',(36.0285119139996,-40.6804149969455,0.));
#10266=CARTESIAN_POINT('Origin',(35.0285119139996,-40.6804149969455,0.5));
#10267=CARTESIAN_POINT('Origin',(36.0285119139996,-46.4804149969455,0.));
#10268=CARTESIAN_POINT('',(36.0285119139996,-46.4804149969455,0.));
#10269=CARTESIAN_POINT('',(36.0285119139996,-34.3054149969503,0.));
#10270=CARTESIAN_POINT('',(36.0285119139996,-46.4804149969455,0.5));
#10271=CARTESIAN_POINT('',(36.0285119139996,-46.4804149969455,0.));
#10272=CARTESIAN_POINT('',(36.0285119139996,-46.4804149969455,0.5));
#10273=CARTESIAN_POINT('Origin',(35.0285119139996,-46.4804149969455,0.));
#10274=CARTESIAN_POINT('',(35.0285119139996,-47.4804149969455,0.));
#10275=CARTESIAN_POINT('Origin',(35.0285119139996,-46.4804149969455,0.));
#10276=CARTESIAN_POINT('',(35.0285119139996,-47.4804149969455,0.5));
#10277=CARTESIAN_POINT('',(35.0285119139996,-47.4804149969455,0.));
#10278=CARTESIAN_POINT('Origin',(35.0285119139996,-46.4804149969455,0.5));
#10279=CARTESIAN_POINT('Origin',(23.2285119139996,-47.4804149969455,0.));
#10280=CARTESIAN_POINT('',(23.2285119139996,-47.4804149969455,0.));
#10281=CARTESIAN_POINT('',(26.1785119140023,-47.4804149969455,0.));
#10282=CARTESIAN_POINT('',(23.2285119139996,-47.4804149969455,0.5));
#10283=CARTESIAN_POINT('',(23.2285119139996,-47.4804149969455,0.));
#10284=CARTESIAN_POINT('',(23.2285119139996,-47.4804149969455,0.5));
#10285=CARTESIAN_POINT('Origin',(23.2285119139996,-46.4804149969455,0.));
#10286=CARTESIAN_POINT('Origin',(23.2285119139996,-46.4804149969455,0.));
#10287=CARTESIAN_POINT('Origin',(23.2285119139996,-46.4804149969455,0.5));
#10288=CARTESIAN_POINT('Origin',(29.1285119139996,-43.5804149969455,0.5));
#10289=CARTESIAN_POINT('Origin',(29.1285119140051,-22.1304149969552,0.));
#10290=CARTESIAN_POINT('',(14.3785119139996,-51.3804149969455,0.));
#10291=CARTESIAN_POINT('',(43.8785119139996,-51.3804149969455,0.));
#10292=CARTESIAN_POINT('',(14.3785119139996,-51.3804149969455,0.));
#10293=CARTESIAN_POINT('',(12.3785119139996,-49.3804149969455,0.));
#10294=CARTESIAN_POINT('',(12.3785119139996,-49.3804149969455,0.));
#10295=CARTESIAN_POINT('',(12.3785119139996,5.1195850030545,0.));
#10296=CARTESIAN_POINT('',(12.3785119139996,5.1195850030545,0.));
#10297=CARTESIAN_POINT('',(14.3785119139996,7.1195850030545,0.));
#10298=CARTESIAN_POINT('',(14.3785119139996,7.1195850030545,0.));
#10299=CARTESIAN_POINT('',(43.8785119139996,7.1195850030545,0.));
#10300=CARTESIAN_POINT('',(43.8785119139996,7.1195850030545,0.));
#10301=CARTESIAN_POINT('',(45.8785119139996,5.1195850030545,0.));
#10302=CARTESIAN_POINT('',(43.8785119139996,-51.3804149969455,0.));
#10303=CARTESIAN_POINT('',(14.2835119139996,-17.1304149969455,0.));
#10304=CARTESIAN_POINT('Origin',(15.6285119139996,-17.1304149969455,0.));
#10305=CARTESIAN_POINT('',(18.1785119139996,-30.6304149969455,0.));
#10306=CARTESIAN_POINT('Origin',(15.8785119139996,-30.6304149969455,0.));
#10307=CARTESIAN_POINT('',(18.1285119139996,-48.1304149969455,0.));
#10308=CARTESIAN_POINT('Origin',(15.6285119139996,-48.1304149969455,0.));
#10309=CARTESIAN_POINT('',(45.1285119139996,3.8695850030545,0.));
#10310=CARTESIAN_POINT('Origin',(42.6285119139996,3.8695850030545,0.));
#10311=CARTESIAN_POINT('',(18.1285119139996,3.8695850030545,0.));
#10312=CARTESIAN_POINT('Origin',(15.6285119139996,3.8695850030545,0.));
#10313=CARTESIAN_POINT('',(45.1285119139996,-48.1304149969455,0.));
#10314=CARTESIAN_POINT('Origin',(42.6285119139996,-48.1304149969455,0.));
#10315=CARTESIAN_POINT('',(21.1285119139996,-6.6304149969455,0.));
#10316=CARTESIAN_POINT('Origin',(29.1285119139996,-6.6304149969455,0.));
#10317=CARTESIAN_POINT('',(41.2835119139995,-17.1304149969455,0.));
#10318=CARTESIAN_POINT('Origin',(42.6285119139995,-17.1304149969455,0.));
#10319=CARTESIAN_POINT('Origin',(15.6285119139996,-17.1304149969455,0.16));
#10320=CARTESIAN_POINT('',(14.6035119139996,-17.1304149969455,0.32));
#10321=CARTESIAN_POINT('',(14.4435119139996,-17.1304149969455,0.16));
#10322=CARTESIAN_POINT('Origin',(15.6285119139996,-17.1304149969455,0.32));
#10323=CARTESIAN_POINT('Origin',(15.6285119139996,-17.1304149969455,-2.5));
#10324=CARTESIAN_POINT('',(14.6035119139996,-17.1304149969455,2.8));
#10325=CARTESIAN_POINT('',(14.6035119139996,-17.1304149969455,-2.5));
#10326=CARTESIAN_POINT('Origin',(15.6285119139996,-17.1304149969455,2.8));
#10327=CARTESIAN_POINT('Origin',(42.6285119139995,-17.1304149969455,0.16));
#10328=CARTESIAN_POINT('',(41.6035119139995,-17.1304149969455,0.32));
#10329=CARTESIAN_POINT('',(41.4435119139996,-17.1304149969455,0.16));
#10330=CARTESIAN_POINT('Origin',(42.6285119139995,-17.1304149969455,0.32));
#10331=CARTESIAN_POINT('Origin',(42.6285119139995,-17.1304149969455,-2.5));
#10332=CARTESIAN_POINT('',(41.6035119139995,-17.1304149969455,2.8));
#10333=CARTESIAN_POINT('',(41.6035119139995,-17.1304149969455,-2.5));
#10334=CARTESIAN_POINT('Origin',(42.6285119139995,-17.1304149969455,2.8));
#10335=CARTESIAN_POINT('Origin',(15.6285119139996,-17.1304149969455,2.8));
#10336=CARTESIAN_POINT('Origin',(42.6285119139996,-17.1304149969455,2.8));
#10337=CARTESIAN_POINT('Origin',(29.1285119139996,-6.6304149969455,0.));
#10338=CARTESIAN_POINT('',(21.1285119139996,-6.6304149969455,-0.1));
#10339=CARTESIAN_POINT('Origin',(29.1285119139996,-6.6304149969455,-0.1));
#10340=CARTESIAN_POINT('',(21.1285119139996,-6.6304149969455,0.));
#10341=CARTESIAN_POINT('Origin',(29.1285119139996,-6.6304149969455,-0.1));
#10342=CARTESIAN_POINT('',(16.1285119139996,-6.6304149969455,-0.1));
#10343=CARTESIAN_POINT('',(42.1285119139996,-6.6304149969455,-0.1));
#10344=CARTESIAN_POINT('Origin',(29.1285119139996,-6.6304149969455,-0.1));
#10345=CARTESIAN_POINT('Origin',(29.1285119139996,-6.6304149969455,-0.1));
#10346=CARTESIAN_POINT('Origin',(29.1285119139996,-6.6304149969455,-2.4));
#10347=CARTESIAN_POINT('',(41.9285119139996,-6.6304149969455,-2.5));
#10348=CARTESIAN_POINT('Origin',(29.1285119139996,-6.6304149969455,-2.5));
#10349=CARTESIAN_POINT('',(42.1285119139996,-6.6304149969455,-2.3));
#10350=CARTESIAN_POINT('',(42.0285119139996,-6.6304149969455,-2.4));
#10351=CARTESIAN_POINT('Origin',(29.1285119139996,-6.6304149969455,-2.3));
#10352=CARTESIAN_POINT('Origin',(29.1285119139996,-6.6304149969455,-2.5));
#10353=CARTESIAN_POINT('',(20.0053373208996,-14.4085895900455,-2.5));
#10354=CARTESIAN_POINT('Origin',(21.3503373208996,-14.4085895900455,-2.5));
#10355=CARTESIAN_POINT('',(35.5616865069996,-14.4085895900455,-2.5));
#10356=CARTESIAN_POINT('Origin',(36.9066865069996,-14.4085895900455,-2.5));
#10357=CARTESIAN_POINT('',(16.7835119139996,-6.6304149969455,-2.5));
#10358=CARTESIAN_POINT('Origin',(18.1285119139996,-6.6304149969455,-2.5));
#10359=CARTESIAN_POINT('',(27.7835119139996,4.3695850030545,-2.5));
#10360=CARTESIAN_POINT('Origin',(29.1285119139996,4.3695850030545,-2.5));
#10361=CARTESIAN_POINT('',(20.0285119139996,-6.6304149969455,-2.5));
#10362=CARTESIAN_POINT('Origin',(21.1285119139996,-6.6304149969455,-2.5));
#10363=CARTESIAN_POINT('',(36.0285119139996,-6.6304149969455,-2.5));
#10364=CARTESIAN_POINT('Origin',(37.1285119139995,-6.6304149969455,-2.5));
#10365=CARTESIAN_POINT('',(24.1285119139996,-6.6304149969455,-2.5));
#10366=CARTESIAN_POINT('Origin',(29.1285119139996,-6.6304149969455,-2.5));
#10367=CARTESIAN_POINT('',(28.0285119139996,1.36958500305449,-2.5));
#10368=CARTESIAN_POINT('Origin',(29.1285119139996,1.36958500305449,-2.5));
#10369=CARTESIAN_POINT('',(28.0285119139996,-14.6304149969455,-2.5));
#10370=CARTESIAN_POINT('Origin',(29.1285119139996,-14.6304149969455,-2.5));
#10371=CARTESIAN_POINT('',(35.5616865069995,1.14775959605448,-2.5));
#10372=CARTESIAN_POINT('Origin',(36.9066865069996,1.14775959605448,-2.5));
#10373=CARTESIAN_POINT('',(20.0053373208996,1.14775959605448,-2.5));
#10374=CARTESIAN_POINT('Origin',(21.3503373208996,1.14775959605448,-2.5));
#10375=CARTESIAN_POINT('',(38.7835119139995,-6.6304149969455,-2.5));
#10376=CARTESIAN_POINT('Origin',(40.1285119139995,-6.6304149969455,-2.5));
#10377=CARTESIAN_POINT('',(27.7835119139996,-17.6304149969455,-2.5));
#10378=CARTESIAN_POINT('Origin',(29.1285119139996,-17.6304149969455,-2.5));
#10379=CARTESIAN_POINT('Origin',(29.1285119139996,-6.6304149969455,0.));
#10380=CARTESIAN_POINT('',(42.1285119139996,-6.6304149969455,0.));
#10381=CARTESIAN_POINT('Origin',(21.3503373208996,-14.4085895900455,-2.34));
#10382=CARTESIAN_POINT('',(20.3253373208996,-14.4085895900455,-2.18));
#10383=CARTESIAN_POINT('',(20.1653373208996,-14.4085895900455,-2.34));
#10384=CARTESIAN_POINT('Origin',(21.3503373208996,-14.4085895900455,-2.18));
#10385=CARTESIAN_POINT('Origin',(21.3503373208996,-14.4085895900455,-2.5));
#10386=CARTESIAN_POINT('',(20.3253373208996,-14.4085895900455,-0.2));
#10387=CARTESIAN_POINT('',(20.3253373208996,-14.4085895900455,-2.5));
#10388=CARTESIAN_POINT('Origin',(21.3503373208996,-14.4085895900455,-0.2));
#10389=CARTESIAN_POINT('Origin',(29.1285119139996,-17.6304149969455,-2.34));
#10390=CARTESIAN_POINT('',(28.1035119139996,-17.6304149969455,-2.18));
#10391=CARTESIAN_POINT('',(27.9435119139996,-17.6304149969455,-2.34));
#10392=CARTESIAN_POINT('Origin',(29.1285119139996,-17.6304149969455,-2.18));
#10393=CARTESIAN_POINT('Origin',(29.1285119139996,-17.6304149969455,-2.5));
#10394=CARTESIAN_POINT('',(28.1035119139996,-17.6304149969455,-0.2));
#10395=CARTESIAN_POINT('',(28.1035119139996,-17.6304149969455,-2.5));
#10396=CARTESIAN_POINT('Origin',(29.1285119139996,-17.6304149969455,-0.2));
#10397=CARTESIAN_POINT('Origin',(36.9066865069996,-14.4085895900455,-2.34));
#10398=CARTESIAN_POINT('',(35.8816865069996,-14.4085895900455,-2.18));
#10399=CARTESIAN_POINT('',(35.7216865069996,-14.4085895900455,-2.34));
#10400=CARTESIAN_POINT('Origin',(36.9066865069996,-14.4085895900455,-2.18));
#10401=CARTESIAN_POINT('Origin',(36.9066865069996,-14.4085895900455,-2.5));
#10402=CARTESIAN_POINT('',(35.8816865069996,-14.4085895900455,-0.2));
#10403=CARTESIAN_POINT('',(35.8816865069996,-14.4085895900455,-2.5));
#10404=CARTESIAN_POINT('Origin',(36.9066865069996,-14.4085895900455,-0.2));
#10405=CARTESIAN_POINT('Origin',(40.1285119139995,-6.6304149969455,-2.34));
#10406=CARTESIAN_POINT('',(39.1035119139995,-6.6304149969455,-2.18));
#10407=CARTESIAN_POINT('',(38.9435119139996,-6.6304149969455,-2.34));
#10408=CARTESIAN_POINT('Origin',(40.1285119139995,-6.6304149969455,-2.18));
#10409=CARTESIAN_POINT('Origin',(40.1285119139995,-6.6304149969455,-2.5));
#10410=CARTESIAN_POINT('',(39.1035119139995,-6.6304149969455,-0.2));
#10411=CARTESIAN_POINT('',(39.1035119139995,-6.6304149969455,-2.5));
#10412=CARTESIAN_POINT('Origin',(40.1285119139995,-6.6304149969455,-0.2));
#10413=CARTESIAN_POINT('Origin',(18.1285119139996,-6.6304149969455,-2.34));
#10414=CARTESIAN_POINT('',(17.1035119139996,-6.6304149969455,-2.18));
#10415=CARTESIAN_POINT('',(16.9435119139996,-6.6304149969455,-2.34));
#10416=CARTESIAN_POINT('Origin',(18.1285119139996,-6.6304149969455,-2.18));
#10417=CARTESIAN_POINT('Origin',(18.1285119139996,-6.6304149969455,-2.5));
#10418=CARTESIAN_POINT('',(17.1035119139996,-6.6304149969455,-0.2));
#10419=CARTESIAN_POINT('',(17.1035119139996,-6.6304149969455,-2.5));
#10420=CARTESIAN_POINT('Origin',(18.1285119139996,-6.6304149969455,-0.2));
#10421=CARTESIAN_POINT('Origin',(21.3503373208996,1.14775959605448,-2.34));
#10422=CARTESIAN_POINT('',(20.3253373208996,1.14775959605448,-2.18));
#10423=CARTESIAN_POINT('',(20.1653373208996,1.14775959605448,-2.34));
#10424=CARTESIAN_POINT('Origin',(21.3503373208996,1.14775959605448,-2.18));
#10425=CARTESIAN_POINT('Origin',(21.3503373208996,1.14775959605448,-2.5));
#10426=CARTESIAN_POINT('',(20.3253373208996,1.14775959605448,-0.2));
#10427=CARTESIAN_POINT('',(20.3253373208996,1.14775959605448,-2.5));
#10428=CARTESIAN_POINT('Origin',(21.3503373208996,1.14775959605448,-0.2));
#10429=CARTESIAN_POINT('Origin',(29.1285119139996,4.3695850030545,-2.34));
#10430=CARTESIAN_POINT('',(28.1035119139996,4.3695850030545,-2.18));
#10431=CARTESIAN_POINT('',(27.9435119139996,4.3695850030545,-2.34));
#10432=CARTESIAN_POINT('Origin',(29.1285119139996,4.3695850030545,-2.18));
#10433=CARTESIAN_POINT('Origin',(29.1285119139996,4.3695850030545,-2.5));
#10434=CARTESIAN_POINT('',(28.1035119139996,4.3695850030545,-0.2));
#10435=CARTESIAN_POINT('',(28.1035119139996,4.3695850030545,-2.5));
#10436=CARTESIAN_POINT('Origin',(29.1285119139996,4.3695850030545,-0.2));
#10437=CARTESIAN_POINT('Origin',(36.9066865069996,1.14775959605448,-2.34));
#10438=CARTESIAN_POINT('',(35.8816865069996,1.14775959605448,-2.18));
#10439=CARTESIAN_POINT('',(35.7216865069996,1.14775959605448,-2.34));
#10440=CARTESIAN_POINT('Origin',(36.9066865069996,1.14775959605448,-2.18));
#10441=CARTESIAN_POINT('Origin',(36.9066865069996,1.14775959605448,-2.5));
#10442=CARTESIAN_POINT('',(35.8816865069996,1.14775959605448,-0.2));
#10443=CARTESIAN_POINT('',(35.8816865069996,1.14775959605448,-2.5));
#10444=CARTESIAN_POINT('Origin',(36.9066865069996,1.14775959605448,-0.2));
#10445=CARTESIAN_POINT('Origin',(21.1285119139996,-6.6304149969455,-2.45));
#10446=CARTESIAN_POINT('',(20.1285119139996,-6.6304149969455,-2.4));
#10447=CARTESIAN_POINT('',(20.0785119139996,-6.6304149969455,-2.45));
#10448=CARTESIAN_POINT('Origin',(21.1285119139996,-6.6304149969455,-2.4));
#10449=CARTESIAN_POINT('Origin',(21.1285119139996,-6.6304149969455,-2.5));
#10450=CARTESIAN_POINT('',(20.1285119139996,-6.6304149969455,-0.2));
#10451=CARTESIAN_POINT('',(20.1285119139996,-6.6304149969455,-2.5));
#10452=CARTESIAN_POINT('Origin',(21.1285119139996,-6.6304149969455,-0.2));
#10453=CARTESIAN_POINT('Origin',(29.1285119139996,-14.6304149969455,-2.45));
#10454=CARTESIAN_POINT('',(28.1285119139996,-14.6304149969455,-2.4));
#10455=CARTESIAN_POINT('',(28.0785119139996,-14.6304149969455,-2.45));
#10456=CARTESIAN_POINT('Origin',(29.1285119139996,-14.6304149969455,-2.4));
#10457=CARTESIAN_POINT('Origin',(29.1285119139996,-14.6304149969455,-2.5));
#10458=CARTESIAN_POINT('',(28.1285119139996,-14.6304149969455,-0.2));
#10459=CARTESIAN_POINT('',(28.1285119139996,-14.6304149969455,-2.5));
#10460=CARTESIAN_POINT('Origin',(29.1285119139996,-14.6304149969455,-0.2));
#10461=CARTESIAN_POINT('Origin',(37.1285119139995,-6.6304149969455,-2.45));
#10462=CARTESIAN_POINT('',(36.1285119139995,-6.6304149969455,-2.4));
#10463=CARTESIAN_POINT('',(36.0785119139995,-6.6304149969455,-2.45));
#10464=CARTESIAN_POINT('Origin',(37.1285119139995,-6.6304149969455,-2.4));
#10465=CARTESIAN_POINT('Origin',(37.1285119139995,-6.6304149969455,-2.5));
#10466=CARTESIAN_POINT('',(36.1285119139995,-6.6304149969455,-0.2));
#10467=CARTESIAN_POINT('',(36.1285119139995,-6.6304149969455,-2.5));
#10468=CARTESIAN_POINT('Origin',(37.1285119139995,-6.6304149969455,-0.2));
#10469=CARTESIAN_POINT('Origin',(29.1285119139996,1.36958500305449,-2.45));
#10470=CARTESIAN_POINT('',(28.1285119139996,1.36958500305449,-2.4));
#10471=CARTESIAN_POINT('',(28.0785119139996,1.36958500305449,-2.45));
#10472=CARTESIAN_POINT('Origin',(29.1285119139996,1.36958500305449,-2.4));
#10473=CARTESIAN_POINT('Origin',(29.1285119139996,1.36958500305449,-2.5));
#10474=CARTESIAN_POINT('',(28.1285119139996,1.36958500305449,-0.2));
#10475=CARTESIAN_POINT('',(28.1285119139996,1.36958500305449,-2.5));
#10476=CARTESIAN_POINT('Origin',(29.1285119139996,1.36958500305449,-0.2));
#10477=CARTESIAN_POINT('Origin',(37.1285119139996,-6.6304149969455,-0.2));
#10478=CARTESIAN_POINT('Origin',(29.1285119139996,1.36958500305449,-0.2));
#10479=CARTESIAN_POINT('Origin',(21.1285119139996,-6.6304149969455,-0.2));
#10480=CARTESIAN_POINT('Origin',(29.1285119139996,-14.6304149969455,-0.2));
#10481=CARTESIAN_POINT('Origin',(30.3785119139996,-5.90872716040662,-7.8));
#10482=CARTESIAN_POINT('',(30.3785119139996,-5.90872716040662,-7.8));
#10483=CARTESIAN_POINT('',(29.1285119139996,-5.18703932390662,-7.8));
#10484=CARTESIAN_POINT('',(30.0660119140164,-5.72830520129134,-7.8));
#10485=CARTESIAN_POINT('',(30.3785119139996,-5.90872716040662,-5.5));
#10486=CARTESIAN_POINT('',(30.3785119139996,-5.90872716040662,-7.8));
#10487=CARTESIAN_POINT('',(29.1285119139996,-5.18703932390662,-5.5));
#10488=CARTESIAN_POINT('',(29.1285119139996,-5.18703932390662,-5.5));
#10489=CARTESIAN_POINT('',(29.1285119139996,-5.18703932390662,-7.8));
#10490=CARTESIAN_POINT('Origin',(30.3785119139996,-7.35210283340661,-7.8));
#10491=CARTESIAN_POINT('',(30.3785119139996,-7.35210283340661,-7.8));
#10492=CARTESIAN_POINT('',(30.3785119139996,-6.99125891517606,-7.8));
#10493=CARTESIAN_POINT('',(30.3785119139996,-7.35210283340661,-5.5));
#10494=CARTESIAN_POINT('',(30.3785119139996,-7.35210283340661,-7.8));
#10495=CARTESIAN_POINT('',(30.3785119139996,-5.90872716040662,-5.5));
#10496=CARTESIAN_POINT('Origin',(29.1285119139996,-8.07379066990661,-7.8));
#10497=CARTESIAN_POINT('',(29.1285119139996,-8.07379066990661,-7.8));
#10498=CARTESIAN_POINT('',(29.4410119139996,-7.89336871078161,-7.8));
#10499=CARTESIAN_POINT('',(29.1285119139996,-8.07379066990661,-5.5));
#10500=CARTESIAN_POINT('',(29.1285119139996,-8.07379066990661,-7.8));
#10501=CARTESIAN_POINT('',(30.3785119139996,-7.35210283340661,-5.5));
#10502=CARTESIAN_POINT('Origin',(27.8785119139996,-7.35210283340661,-7.8));
#10503=CARTESIAN_POINT('',(27.8785119139996,-7.35210283340661,-7.8));
#10504=CARTESIAN_POINT('',(28.1910119139996,-7.53252479253161,-7.8));
#10505=CARTESIAN_POINT('',(27.8785119139996,-7.35210283340661,-5.5));
#10506=CARTESIAN_POINT('',(27.8785119139996,-7.35210283340661,-7.8));
#10507=CARTESIAN_POINT('',(29.1285119139996,-8.07379066990661,-5.5));
#10508=CARTESIAN_POINT('Origin',(27.8785119139996,-5.90872716040662,-7.8));
#10509=CARTESIAN_POINT('',(27.8785119139996,-5.90872716040662,-7.8));
#10510=CARTESIAN_POINT('',(27.8785119139996,-6.26957107867606,-7.8));
#10511=CARTESIAN_POINT('',(27.8785119139996,-5.90872716040662,-5.5));
#10512=CARTESIAN_POINT('',(27.8785119139996,-5.90872716040662,-7.8));
#10513=CARTESIAN_POINT('',(27.8785119139996,-7.35210283340661,-5.5));
#10514=CARTESIAN_POINT('Origin',(29.1285119139996,-5.18703932390662,-7.8));
#10515=CARTESIAN_POINT('',(28.8160119139827,-5.36746128304134,-7.8));
#10516=CARTESIAN_POINT('',(27.8785119139996,-5.90872716040662,-5.5));
#10517=CARTESIAN_POINT('Origin',(29.1285119139996,-6.63041499690662,-5.5));
#10518=CARTESIAN_POINT('Origin',(29.1285119139996,-6.6304149969455,-4.8));
#10519=CARTESIAN_POINT('',(24.1285119139996,-6.6304149969455,-4.8));
#10520=CARTESIAN_POINT('Origin',(29.1285119139996,-6.6304149969455,-4.8));
#10521=CARTESIAN_POINT('',(26.3785119139996,-6.6304149969455,-4.8));
#10522=CARTESIAN_POINT('Origin',(29.1285119139996,-6.6304149969455,-4.8));
#10523=CARTESIAN_POINT('Origin',(29.1285119139996,-6.6304149969455,-2.5));
#10524=CARTESIAN_POINT('',(24.1285119139996,-6.6304149969455,-2.5));
#10525=CARTESIAN_POINT('Origin',(29.1285119139996,-6.6304149969455,-2.5));
#10526=CARTESIAN_POINT('',(26.3785119139996,-6.6304149969455,-7.8));
#10527=CARTESIAN_POINT('Origin',(29.1285119139996,-6.6304149969455,-7.8));
#10528=CARTESIAN_POINT('',(26.3785119139996,-6.6304149969455,-2.5));
#10529=CARTESIAN_POINT('Origin',(29.1285119139996,-6.6304149969455,-7.8));
#10530=CARTESIAN_POINT('Origin',(29.1285119139996,-17.6304149969455,-0.2));
#10531=CARTESIAN_POINT('Origin',(40.1285119139995,-6.6304149969455,-0.2));
#10532=CARTESIAN_POINT('Origin',(21.3503373208996,1.14775959605448,-0.2));
#10533=CARTESIAN_POINT('Origin',(36.9066865069996,-14.4085895900455,-0.2));
#10534=CARTESIAN_POINT('Origin',(21.3503373208996,-14.4085895900455,-0.2));
#10535=CARTESIAN_POINT('Origin',(29.1285119139996,4.3695850030545,-0.2));
#10536=CARTESIAN_POINT('Origin',(18.1285119139996,-6.6304149969455,-0.2));
#10537=CARTESIAN_POINT('Origin',(36.9066865069996,1.14775959605448,-0.2));
#10538=CARTESIAN_POINT('Origin',(15.8785119139996,-30.6304149969455,0.5));
#10539=CARTESIAN_POINT('',(14.5111970557894,-30.6304149969455,1.));
#10540=CARTESIAN_POINT('Origin',(15.8785119139996,-30.6304149969455,1.));
#10541=CARTESIAN_POINT('',(14.5111970557894,-30.6304149969455,0.5));
#10542=CARTESIAN_POINT('',(14.5111970557894,-30.6304149969455,0.5));
#10543=CARTESIAN_POINT('Origin',(15.8785119139996,-30.6304149969455,0.5));
#10544=CARTESIAN_POINT('Origin',(15.8785119139996,-30.6304149969455,1.));
#10545=CARTESIAN_POINT('',(13.8785119139996,-30.6304149969455,1.));
#10546=CARTESIAN_POINT('',(17.8785119139996,-30.6304149969455,1.));
#10547=CARTESIAN_POINT('Origin',(15.8785119139996,-30.6304149969455,1.));
#10548=CARTESIAN_POINT('Origin',(15.8785119139996,-30.6304149969455,1.));
#10549=CARTESIAN_POINT('Origin',(15.8785119139996,-30.6304149969455,0.5));
#10550=CARTESIAN_POINT('',(13.8785119139996,-30.6304149969455,0.5));
#10551=CARTESIAN_POINT('',(17.8785119139996,-30.6304149969455,0.5));
#10552=CARTESIAN_POINT('Origin',(15.8785119139996,-30.6304149969455,0.5));
#10553=CARTESIAN_POINT('Origin',(15.8785119139996,-30.6304149969455,0.5));
#10554=CARTESIAN_POINT('Origin',(15.8785119139996,-30.6304149969455,0.));
#10555=CARTESIAN_POINT('',(17.8785119139996,-30.6304149969455,0.));
#10556=CARTESIAN_POINT('',(17.8785119139996,-30.6304149969455,0.));
#10557=CARTESIAN_POINT('Origin',(15.8785119139996,-30.6304149969455,0.));
#10558=CARTESIAN_POINT('Origin',(14.6457885949996,-30.8375217781455,0.));
#10559=CARTESIAN_POINT('',(14.6457885949996,-30.8375217781455,0.));
#10560=CARTESIAN_POINT('',(15.1714051328996,-30.8375217781455,0.));
#10561=CARTESIAN_POINT('',(21.8871502545023,-30.8375217781455,0.));
#10562=CARTESIAN_POINT('',(14.6457885949996,-30.8375217781455,0.5));
#10563=CARTESIAN_POINT('',(14.6457885949996,-30.8375217781455,0.));
#10564=CARTESIAN_POINT('',(15.1714051328996,-30.8375217781455,0.5));
#10565=CARTESIAN_POINT('',(15.1714051328996,-30.8375217781455,0.5));
#10566=CARTESIAN_POINT('',(15.1714051328996,-30.8375217781455,0.));
#10567=CARTESIAN_POINT('Origin',(15.8785119139996,-30.6304149969455,0.));
#10568=CARTESIAN_POINT('',(14.6457885949996,-30.4233082157455,0.));
#10569=CARTESIAN_POINT('Origin',(15.8785119139996,-30.6304149969455,0.));
#10570=CARTESIAN_POINT('',(14.6457885949996,-30.4233082157455,0.5));
#10571=CARTESIAN_POINT('',(14.6457885949996,-30.4233082157455,0.));
#10572=CARTESIAN_POINT('Origin',(15.8785119139996,-30.6304149969455,0.5));
#10573=CARTESIAN_POINT('Origin',(15.1714051328996,-30.4233082157455,0.));
#10574=CARTESIAN_POINT('',(15.1714051328996,-30.4233082157455,0.));
#10575=CARTESIAN_POINT('',(22.1499585234523,-30.4233082157455,0.));
#10576=CARTESIAN_POINT('',(15.1714051328996,-30.4233082157455,0.5));
#10577=CARTESIAN_POINT('',(15.1714051328996,-30.4233082157455,0.));
#10578=CARTESIAN_POINT('',(14.6457885949996,-30.4233082157455,0.5));
#10579=CARTESIAN_POINT('Origin',(15.1714051328996,-29.9233082157455,0.));
#10580=CARTESIAN_POINT('',(15.6714051328996,-29.9233082157455,0.));
#10581=CARTESIAN_POINT('Origin',(15.1714051328996,-29.9233082157455,0.));
#10582=CARTESIAN_POINT('',(15.6714051328996,-29.9233082157455,0.5));
#10583=CARTESIAN_POINT('',(15.6714051328996,-29.9233082157455,0.));
#10584=CARTESIAN_POINT('Origin',(15.1714051328996,-29.9233082157455,0.5));
#10585=CARTESIAN_POINT('Origin',(15.6714051328996,-29.3976916779455,0.));
#10586=CARTESIAN_POINT('',(15.6714051328996,-29.3976916779455,0.));
#10587=CARTESIAN_POINT('',(15.6714051328996,-25.7640533374503,0.));
#10588=CARTESIAN_POINT('',(15.6714051328996,-29.3976916779455,0.5));
#10589=CARTESIAN_POINT('',(15.6714051328996,-29.3976916779455,0.));
#10590=CARTESIAN_POINT('',(15.6714051328996,-29.9233082157455,0.5));
#10591=CARTESIAN_POINT('Origin',(15.8785119139996,-30.6304149969455,0.));
#10592=CARTESIAN_POINT('',(16.0856186951996,-29.3976916779455,0.));
#10593=CARTESIAN_POINT('Origin',(15.8785119139996,-30.6304149969455,0.));
#10594=CARTESIAN_POINT('',(16.0856186951996,-29.3976916779455,0.5));
#10595=CARTESIAN_POINT('',(16.0856186951996,-29.3976916779455,0.));
#10596=CARTESIAN_POINT('Origin',(15.8785119139996,-30.6304149969455,0.5));
#10597=CARTESIAN_POINT('Origin',(16.0856186951996,-29.9233082157455,0.));
#10598=CARTESIAN_POINT('',(16.0856186951996,-29.9233082157455,0.));
#10599=CARTESIAN_POINT('',(16.0856186951996,-26.0268616063503,0.));
#10600=CARTESIAN_POINT('',(16.0856186951996,-29.9233082157455,0.5));
#10601=CARTESIAN_POINT('',(16.0856186951996,-29.9233082157455,0.));
#10602=CARTESIAN_POINT('',(16.0856186951996,-29.3976916779455,0.5));
#10603=CARTESIAN_POINT('Origin',(16.5856186951996,-29.9233082157455,0.));
#10604=CARTESIAN_POINT('',(16.5856186951996,-30.4233082157455,0.));
#10605=CARTESIAN_POINT('Origin',(16.5856186951996,-29.9233082157455,0.));
#10606=CARTESIAN_POINT('',(16.5856186951996,-30.4233082157455,0.5));
#10607=CARTESIAN_POINT('',(16.5856186951996,-30.4233082157455,0.));
#10608=CARTESIAN_POINT('Origin',(16.5856186951996,-29.9233082157455,0.5));
#10609=CARTESIAN_POINT('Origin',(17.1112352329916,-30.4233082157595,0.));
#10610=CARTESIAN_POINT('',(17.1112352329916,-30.4233082157595,0.));
#10611=CARTESIAN_POINT('',(23.1198735733882,-30.4233082159192,0.));
#10612=CARTESIAN_POINT('',(17.1112352329916,-30.4233082157595,0.5));
#10613=CARTESIAN_POINT('',(17.1112352329916,-30.4233082157595,0.));
#10614=CARTESIAN_POINT('',(16.5856186951996,-30.4233082157455,0.5));
#10615=CARTESIAN_POINT('Origin',(15.8785119139996,-30.6304149969455,0.));
#10616=CARTESIAN_POINT('',(17.1112352329916,-30.8375217781315,0.));
#10617=CARTESIAN_POINT('Origin',(15.8785119139996,-30.6304149969455,0.));
#10618=CARTESIAN_POINT('',(17.1112352329916,-30.8375217781315,0.5));
#10619=CARTESIAN_POINT('',(17.1112352329916,-30.8375217781315,0.));
#10620=CARTESIAN_POINT('Origin',(15.8785119139996,-30.6304149969455,0.5));
#10621=CARTESIAN_POINT('Origin',(16.5856186951996,-30.8375217781455,0.));
#10622=CARTESIAN_POINT('',(16.5856186951996,-30.8375217781455,0.));
#10623=CARTESIAN_POINT('',(22.857065304718,-30.8375217779789,0.));
#10624=CARTESIAN_POINT('',(16.5856186951996,-30.8375217781455,0.5));
#10625=CARTESIAN_POINT('',(16.5856186951996,-30.8375217781455,0.));
#10626=CARTESIAN_POINT('',(17.1112352329916,-30.8375217781315,0.5));
#10627=CARTESIAN_POINT('Origin',(16.5856186951996,-31.3375217781455,0.));
#10628=CARTESIAN_POINT('',(16.0856186951996,-31.3375217781455,0.));
#10629=CARTESIAN_POINT('Origin',(16.5856186951996,-31.3375217781455,0.));
#10630=CARTESIAN_POINT('',(16.0856186951996,-31.3375217781455,0.5));
#10631=CARTESIAN_POINT('',(16.0856186951996,-31.3375217781455,0.));
#10632=CARTESIAN_POINT('Origin',(16.5856186951996,-31.3375217781455,0.5));
#10633=CARTESIAN_POINT('Origin',(16.0856186951996,-31.8631383159455,0.));
#10634=CARTESIAN_POINT('',(16.0856186951996,-31.8631383159455,0.));
#10635=CARTESIAN_POINT('',(16.0856186951996,-26.9967766564504,0.));
#10636=CARTESIAN_POINT('',(16.0856186951996,-31.8631383159455,0.5));
#10637=CARTESIAN_POINT('',(16.0856186951996,-31.8631383159455,0.));
#10638=CARTESIAN_POINT('',(16.0856186951996,-31.3375217781455,0.5));
#10639=CARTESIAN_POINT('Origin',(15.8785119139996,-30.6304149969455,0.));
#10640=CARTESIAN_POINT('',(15.6714051328996,-31.8631383159455,0.));
#10641=CARTESIAN_POINT('Origin',(15.8785119139996,-30.6304149969455,0.));
#10642=CARTESIAN_POINT('',(15.6714051328996,-31.8631383159455,0.5));
#10643=CARTESIAN_POINT('',(15.6714051328996,-31.8631383159455,0.));
#10644=CARTESIAN_POINT('Origin',(15.8785119139996,-30.6304149969455,0.5));
#10645=CARTESIAN_POINT('Origin',(15.6714051328996,-31.3375217781455,0.));
#10646=CARTESIAN_POINT('',(15.6714051328996,-31.3375217781455,0.));
#10647=CARTESIAN_POINT('',(15.6714051328996,-26.7339683875504,0.));
#10648=CARTESIAN_POINT('',(15.6714051328996,-31.3375217781455,0.5));
#10649=CARTESIAN_POINT('',(15.6714051328996,-31.3375217781455,0.));
#10650=CARTESIAN_POINT('',(15.6714051328996,-31.8631383159455,0.5));
#10651=CARTESIAN_POINT('Origin',(15.1714051328996,-31.3375217781455,0.));
#10652=CARTESIAN_POINT('Origin',(15.1714051328996,-31.3375217781455,0.));
#10653=CARTESIAN_POINT('Origin',(15.1714051328996,-31.3375217781455,0.5));
#10654=CARTESIAN_POINT('Origin',(15.8785119140075,-30.630414996945,0.5));
#10655=CARTESIAN_POINT('Origin',(15.8785119139996,-30.6304149969455,0.));
#10656=CARTESIAN_POINT('',(17.8785119139996,-30.6304149969455,1.5));
#10657=CARTESIAN_POINT('Origin',(15.8785119139996,-30.6304149969455,1.5));
#10658=CARTESIAN_POINT('',(17.8785119139996,-30.6304149969455,0.));
#10659=CARTESIAN_POINT('Origin',(15.8785119139996,-30.6304149969455,0.));
#10660=CARTESIAN_POINT('',(18.1785119139996,-30.6304149969455,1.5));
#10661=CARTESIAN_POINT('',(18.1785119139996,-30.6304149969455,0.));
#10662=CARTESIAN_POINT('Origin',(15.8785119139996,-30.6304149969455,1.5));
#10663=CARTESIAN_POINT('Origin',(15.8785119139996,-30.6304149969455,1.5));
#10664=CARTESIAN_POINT('Origin',(15.6285119139996,5.0242855414545,0.));
#10665=CARTESIAN_POINT('',(15.6285119139996,5.0242855414545,0.));
#10666=CARTESIAN_POINT('',(14.6285119139996,4.44693527225449,0.));
#10667=CARTESIAN_POINT('',(14.8118467892978,4.55278371186167,0.));
#10668=CARTESIAN_POINT('',(15.6285119139996,5.0242855414545,1.5));
#10669=CARTESIAN_POINT('',(15.6285119139996,5.0242855414545,0.));
#10670=CARTESIAN_POINT('',(14.6285119139996,4.44693527225449,1.5));
#10671=CARTESIAN_POINT('',(15.6285119139996,5.0242855414545,1.5));
#10672=CARTESIAN_POINT('',(14.6285119139996,4.44693527225449,0.));
#10673=CARTESIAN_POINT('Origin',(16.6285119139996,4.44693527225449,0.));
#10674=CARTESIAN_POINT('',(16.6285119139996,4.44693527225449,0.));
#10675=CARTESIAN_POINT('',(27.0701770386144,-1.58156289833826,0.));
#10676=CARTESIAN_POINT('',(16.6285119139996,4.44693527225449,1.5));
#10677=CARTESIAN_POINT('',(16.6285119139996,4.44693527225449,0.));
#10678=CARTESIAN_POINT('',(16.6285119139996,4.44693527225449,1.5));
#10679=CARTESIAN_POINT('Origin',(16.6285119139996,3.2922347338545,0.));
#10680=CARTESIAN_POINT('',(16.6285119139996,3.2922347338545,0.));
#10681=CARTESIAN_POINT('',(16.6285119139996,-9.41909013155035,0.));
#10682=CARTESIAN_POINT('',(16.6285119139996,3.2922347338545,1.5));
#10683=CARTESIAN_POINT('',(16.6285119139996,3.2922347338545,0.));
#10684=CARTESIAN_POINT('',(16.6285119139996,3.2922347338545,1.5));
#10685=CARTESIAN_POINT('Origin',(15.6285119139996,2.71488446465449,0.));
#10686=CARTESIAN_POINT('',(15.6285119139996,2.71488446465449,0.));
#10687=CARTESIAN_POINT('',(15.3118467893113,2.53205776966945,0.));
#10688=CARTESIAN_POINT('',(15.6285119139996,2.71488446465449,1.5));
#10689=CARTESIAN_POINT('',(15.6285119139996,2.71488446465449,0.));
#10690=CARTESIAN_POINT('',(15.6285119139996,2.71488446465449,1.5));
#10691=CARTESIAN_POINT('Origin',(14.6285119139996,3.2922347338545,0.));
#10692=CARTESIAN_POINT('',(14.6285119139996,3.2922347338545,0.));
#10693=CARTESIAN_POINT('',(25.570177038601,-3.02493857133049,0.));
#10694=CARTESIAN_POINT('',(14.6285119139996,3.2922347338545,1.5));
#10695=CARTESIAN_POINT('',(14.6285119139996,3.2922347338545,0.));
#10696=CARTESIAN_POINT('',(14.6285119139996,3.2922347338545,1.5));
#10697=CARTESIAN_POINT('Origin',(14.6285119139996,4.44693527225449,0.));
#10698=CARTESIAN_POINT('',(14.6285119139996,-8.84173986235035,0.));
#10699=CARTESIAN_POINT('',(14.6285119139996,4.44693527225449,1.5));
#10700=CARTESIAN_POINT('Origin',(15.6285119139996,3.8695850030545,1.5));
#10701=CARTESIAN_POINT('Origin',(43.6285119139996,4.44693527225449,0.));
#10702=CARTESIAN_POINT('',(43.6285119139996,4.44693527225449,0.));
#10703=CARTESIAN_POINT('',(42.6285119139996,5.0242855414545,0.));
#10704=CARTESIAN_POINT('',(43.9451770387055,4.26410857725926,0.));
#10705=CARTESIAN_POINT('',(43.6285119139996,4.44693527225449,1.5));
#10706=CARTESIAN_POINT('',(43.6285119139996,4.44693527225449,0.));
#10707=CARTESIAN_POINT('',(42.6285119139996,5.0242855414545,1.5));
#10708=CARTESIAN_POINT('',(43.6285119139996,4.44693527225449,1.5));
#10709=CARTESIAN_POINT('',(42.6285119139996,5.0242855414545,0.));
#10710=CARTESIAN_POINT('Origin',(43.6285119139996,3.2922347338545,0.));
#10711=CARTESIAN_POINT('',(43.6285119139996,3.2922347338545,0.));
#10712=CARTESIAN_POINT('',(43.6285119139996,-9.41909013155035,0.));
#10713=CARTESIAN_POINT('',(43.6285119139996,3.2922347338545,1.5));
#10714=CARTESIAN_POINT('',(43.6285119139996,3.2922347338545,0.));
#10715=CARTESIAN_POINT('',(43.6285119139996,3.2922347338545,1.5));
#10716=CARTESIAN_POINT('Origin',(42.6285119139996,2.71488446465449,0.));
#10717=CARTESIAN_POINT('',(42.6285119139996,2.71488446465449,0.));
#10718=CARTESIAN_POINT('',(32.1868467894024,-3.31361370592811,0.));
#10719=CARTESIAN_POINT('',(42.6285119139996,2.71488446465449,1.5));
#10720=CARTESIAN_POINT('',(42.6285119139996,2.71488446465449,0.));
#10721=CARTESIAN_POINT('',(42.6285119139996,2.71488446465449,1.5));
#10722=CARTESIAN_POINT('Origin',(41.6285119139996,3.2922347338545,0.));
#10723=CARTESIAN_POINT('',(41.6285119139996,3.2922347338545,0.));
#10724=CARTESIAN_POINT('',(42.445177038692,2.82073290426705,0.));
#10725=CARTESIAN_POINT('',(41.6285119139996,3.2922347338545,1.5));
#10726=CARTESIAN_POINT('',(41.6285119139996,3.2922347338545,0.));
#10727=CARTESIAN_POINT('',(41.6285119139996,3.2922347338545,1.5));
#10728=CARTESIAN_POINT('Origin',(41.6285119139996,4.44693527225449,0.));
#10729=CARTESIAN_POINT('',(41.6285119139996,4.44693527225449,0.));
#10730=CARTESIAN_POINT('',(41.6285119139996,-8.84173986235035,0.));
#10731=CARTESIAN_POINT('',(41.6285119139996,4.44693527225449,1.5));
#10732=CARTESIAN_POINT('',(41.6285119139996,4.44693527225449,0.));
#10733=CARTESIAN_POINT('',(41.6285119139996,4.44693527225449,1.5));
#10734=CARTESIAN_POINT('Origin',(42.6285119139996,5.0242855414545,0.));
#10735=CARTESIAN_POINT('',(31.6868467893889,-1.29288776373588,0.));
#10736=CARTESIAN_POINT('',(42.6285119139996,5.0242855414545,1.5));
#10737=CARTESIAN_POINT('Origin',(42.6285119139996,3.8695850030545,1.5));
#10738=CARTESIAN_POINT('Origin',(42.6285119139996,-46.9757144585455,0.));
#10739=CARTESIAN_POINT('',(42.6285119139996,-46.9757144585455,0.));
#10740=CARTESIAN_POINT('',(41.6285119139996,-47.5530647277455,0.));
#10741=CARTESIAN_POINT('',(42.9451770386879,-46.7928877635605,0.));
#10742=CARTESIAN_POINT('',(42.6285119139996,-46.9757144585455,1.5));
#10743=CARTESIAN_POINT('',(42.6285119139996,-46.9757144585455,0.));
#10744=CARTESIAN_POINT('',(41.6285119139996,-47.5530647277455,1.5));
#10745=CARTESIAN_POINT('',(42.6285119139996,-46.9757144585455,1.5));
#10746=CARTESIAN_POINT('',(41.6285119139996,-47.5530647277455,0.));
#10747=CARTESIAN_POINT('Origin',(43.6285119139996,-47.5530647277455,0.));
#10748=CARTESIAN_POINT('',(43.6285119139996,-47.5530647277455,0.));
#10749=CARTESIAN_POINT('',(32.6868467894065,-41.2358914225653,0.));
#10750=CARTESIAN_POINT('',(43.6285119139996,-47.5530647277455,1.5));
#10751=CARTESIAN_POINT('',(43.6285119139996,-47.5530647277455,0.));
#10752=CARTESIAN_POINT('',(43.6285119139996,-47.5530647277455,1.5));
#10753=CARTESIAN_POINT('Origin',(43.6285119139996,-48.7077652661455,0.));
#10754=CARTESIAN_POINT('',(43.6285119139996,-48.7077652661455,0.));
#10755=CARTESIAN_POINT('',(43.6285119139996,-35.4190901315503,0.));
#10756=CARTESIAN_POINT('',(43.6285119139996,-48.7077652661455,1.5));
#10757=CARTESIAN_POINT('',(43.6285119139996,-48.7077652661455,0.));
#10758=CARTESIAN_POINT('',(43.6285119139996,-48.7077652661455,1.5));
#10759=CARTESIAN_POINT('Origin',(42.6285119139996,-49.2851155353455,0.));
#10760=CARTESIAN_POINT('',(42.6285119139996,-49.2851155353455,0.));
#10761=CARTESIAN_POINT('',(43.4451770387014,-48.8136137057527,0.));
#10762=CARTESIAN_POINT('',(42.6285119139996,-49.2851155353455,1.5));
#10763=CARTESIAN_POINT('',(42.6285119139996,-49.2851155353455,0.));
#10764=CARTESIAN_POINT('',(42.6285119139996,-49.2851155353455,1.5));
#10765=CARTESIAN_POINT('Origin',(41.6285119139996,-48.7077652661455,0.));
#10766=CARTESIAN_POINT('',(41.6285119139996,-48.7077652661455,0.));
#10767=CARTESIAN_POINT('',(31.1868467893931,-42.6792670955575,0.));
#10768=CARTESIAN_POINT('',(41.6285119139996,-48.7077652661455,1.5));
#10769=CARTESIAN_POINT('',(41.6285119139996,-48.7077652661455,0.));
#10770=CARTESIAN_POINT('',(41.6285119139996,-48.7077652661455,1.5));
#10771=CARTESIAN_POINT('Origin',(41.6285119139996,-47.5530647277455,0.));
#10772=CARTESIAN_POINT('',(41.6285119139996,-34.8417398623504,0.));
#10773=CARTESIAN_POINT('',(41.6285119139996,-47.5530647277455,1.5));
#10774=CARTESIAN_POINT('Origin',(42.6285119139996,-48.1304149969455,1.5));
#10775=CARTESIAN_POINT('Origin',(15.6285119139996,-49.2851155353455,0.));
#10776=CARTESIAN_POINT('',(15.6285119139996,-49.2851155353455,0.));
#10777=CARTESIAN_POINT('',(16.6285119139996,-48.7077652661455,0.));
#10778=CARTESIAN_POINT('',(26.5701770386102,-42.9679422301551,0.));
#10779=CARTESIAN_POINT('',(15.6285119139996,-49.2851155353455,1.5));
#10780=CARTESIAN_POINT('',(15.6285119139996,-49.2851155353455,0.));
#10781=CARTESIAN_POINT('',(16.6285119139996,-48.7077652661455,1.5));
#10782=CARTESIAN_POINT('',(15.6285119139996,-49.2851155353455,1.5));
#10783=CARTESIAN_POINT('',(16.6285119139996,-48.7077652661455,0.));
#10784=CARTESIAN_POINT('Origin',(14.6285119139996,-48.7077652661455,0.));
#10785=CARTESIAN_POINT('',(14.6285119139996,-48.7077652661455,0.));
#10786=CARTESIAN_POINT('',(14.311846789302,-48.5249385711551,0.));
#10787=CARTESIAN_POINT('',(14.6285119139996,-48.7077652661455,1.5));
#10788=CARTESIAN_POINT('',(14.6285119139996,-48.7077652661455,0.));
#10789=CARTESIAN_POINT('',(14.6285119139996,-48.7077652661455,1.5));
#10790=CARTESIAN_POINT('Origin',(14.6285119139996,-47.5530647277455,0.));
#10791=CARTESIAN_POINT('',(14.6285119139996,-47.5530647277455,0.));
#10792=CARTESIAN_POINT('',(14.6285119139996,-34.8417398623504,0.));
#10793=CARTESIAN_POINT('',(14.6285119139996,-47.5530647277455,1.5));
#10794=CARTESIAN_POINT('',(14.6285119139996,-47.5530647277455,0.));
#10795=CARTESIAN_POINT('',(14.6285119139996,-47.5530647277455,1.5));
#10796=CARTESIAN_POINT('Origin',(15.6285119139996,-46.9757144585455,0.));
#10797=CARTESIAN_POINT('',(15.6285119139996,-46.9757144585455,0.));
#10798=CARTESIAN_POINT('',(26.0701770385968,-40.9472162879629,0.));
#10799=CARTESIAN_POINT('',(15.6285119139996,-46.9757144585455,1.5));
#10800=CARTESIAN_POINT('',(15.6285119139996,-46.9757144585455,0.));
#10801=CARTESIAN_POINT('',(15.6285119139996,-46.9757144585455,1.5));
#10802=CARTESIAN_POINT('Origin',(16.6285119139996,-47.5530647277455,0.));
#10803=CARTESIAN_POINT('',(16.6285119139996,-47.5530647277455,0.));
#10804=CARTESIAN_POINT('',(15.8118467893155,-47.0815628981629,0.));
#10805=CARTESIAN_POINT('',(16.6285119139996,-47.5530647277455,1.5));
#10806=CARTESIAN_POINT('',(16.6285119139996,-47.5530647277455,0.));
#10807=CARTESIAN_POINT('',(16.6285119139996,-47.5530647277455,1.5));
#10808=CARTESIAN_POINT('Origin',(16.6285119139996,-48.7077652661455,0.));
#10809=CARTESIAN_POINT('',(16.6285119139996,-35.4190901315503,0.));
#10810=CARTESIAN_POINT('',(16.6285119139996,-48.7077652661455,1.5));
#10811=CARTESIAN_POINT('Origin',(15.6285119139996,-48.1304149969455,1.5));
#10812=CARTESIAN_POINT('Origin',(42.6285119139996,-48.1304149969455,0.05));
#10813=CARTESIAN_POINT('',(45.0285119139996,-48.1304149969455,0.1));
#10814=CARTESIAN_POINT('',(45.0785119139996,-48.1304149969455,0.05));
#10815=CARTESIAN_POINT('Origin',(42.6285119139996,-48.1304149969455,0.1));
#10816=CARTESIAN_POINT('Origin',(29.1285119140051,-22.1304149969552,0.));
#10817=CARTESIAN_POINT('Origin',(42.6285119139996,-48.1304149969455,0.));
#10818=CARTESIAN_POINT('',(45.0285119139996,-48.1304149969455,2.8));
#10819=CARTESIAN_POINT('',(45.0285119139996,-48.1304149969455,0.));
#10820=CARTESIAN_POINT('Origin',(42.6285119139996,-48.1304149969455,2.8));
#10821=CARTESIAN_POINT('Origin',(15.6285119139996,-48.1304149969455,0.05));
#10822=CARTESIAN_POINT('',(18.0285119139996,-48.1304149969455,0.1));
#10823=CARTESIAN_POINT('',(18.0785119139996,-48.1304149969455,0.05));
#10824=CARTESIAN_POINT('Origin',(15.6285119139996,-48.1304149969455,0.1));
#10825=CARTESIAN_POINT('Origin',(15.6285119139996,-48.1304149969455,0.));
#10826=CARTESIAN_POINT('',(18.0285119139996,-48.1304149969455,2.8));
#10827=CARTESIAN_POINT('',(18.0285119139996,-48.1304149969455,0.));
#10828=CARTESIAN_POINT('Origin',(15.6285119139996,-48.1304149969455,2.8));
#10829=CARTESIAN_POINT('Origin',(15.6285119139996,3.8695850030545,0.05));
#10830=CARTESIAN_POINT('',(18.0285119139996,3.8695850030545,0.1));
#10831=CARTESIAN_POINT('',(18.0785119139996,3.8695850030545,0.05));
#10832=CARTESIAN_POINT('Origin',(15.6285119139996,3.8695850030545,0.1));
#10833=CARTESIAN_POINT('Origin',(15.6285119139996,3.8695850030545,0.));
#10834=CARTESIAN_POINT('',(18.0285119139996,3.8695850030545,2.8));
#10835=CARTESIAN_POINT('',(18.0285119139996,3.8695850030545,0.));
#10836=CARTESIAN_POINT('Origin',(15.6285119139996,3.8695850030545,2.8));
#10837=CARTESIAN_POINT('Origin',(42.6285119139996,3.8695850030545,0.05));
#10838=CARTESIAN_POINT('',(45.0285119139996,3.8695850030545,0.1));
#10839=CARTESIAN_POINT('',(45.0785119139996,3.8695850030545,0.05));
#10840=CARTESIAN_POINT('Origin',(42.6285119139996,3.8695850030545,0.1));
#10841=CARTESIAN_POINT('Origin',(42.6285119139996,3.8695850030545,0.));
#10842=CARTESIAN_POINT('',(45.0285119139996,3.8695850030545,2.8));
#10843=CARTESIAN_POINT('',(45.0285119139996,3.8695850030545,0.));
#10844=CARTESIAN_POINT('Origin',(42.6285119139996,3.8695850030545,2.8));
#10845=CARTESIAN_POINT('Origin',(42.6285119139996,3.8695850030545,0.11));
#10846=CARTESIAN_POINT('',(44.6585119139996,3.8695850030545,0.));
#10847=CARTESIAN_POINT('Origin',(42.6285119139996,3.8695850030545,0.));
#10848=CARTESIAN_POINT('',(44.8785119139996,3.8695850030545,0.22));
#10849=CARTESIAN_POINT('',(44.7685119139996,3.8695850030545,0.11));
#10850=CARTESIAN_POINT('Origin',(42.6285119139996,3.8695850030545,0.22));
#10851=CARTESIAN_POINT('Origin',(42.6285119139996,3.8695850030545,0.));
#10852=CARTESIAN_POINT('',(44.8785119139996,3.8695850030545,2.8));
#10853=CARTESIAN_POINT('Origin',(42.6285119139996,3.8695850030545,2.8));
#10854=CARTESIAN_POINT('',(44.8785119139996,3.8695850030545,0.));
#10855=CARTESIAN_POINT('Origin',(29.1285119140051,-22.1304149969552,0.));
#10856=CARTESIAN_POINT('Origin',(15.6285119139996,3.8695850030545,0.11));
#10857=CARTESIAN_POINT('',(17.6585119139996,3.8695850030545,0.));
#10858=CARTESIAN_POINT('Origin',(15.6285119139996,3.8695850030545,0.));
#10859=CARTESIAN_POINT('',(17.8785119139996,3.8695850030545,0.22));
#10860=CARTESIAN_POINT('',(17.7685119139996,3.8695850030545,0.11));
#10861=CARTESIAN_POINT('Origin',(15.6285119139996,3.8695850030545,0.22));
#10862=CARTESIAN_POINT('Origin',(15.6285119139996,3.8695850030545,0.));
#10863=CARTESIAN_POINT('',(17.8785119139996,3.8695850030545,2.8));
#10864=CARTESIAN_POINT('Origin',(15.6285119139996,3.8695850030545,2.8));
#10865=CARTESIAN_POINT('',(17.8785119139996,3.8695850030545,0.));
#10866=CARTESIAN_POINT('Origin',(29.1285119140051,-22.1304149969552,0.));
#10867=CARTESIAN_POINT('Origin',(15.6285119139996,-48.1304149969455,0.11));
#10868=CARTESIAN_POINT('',(17.6585119139996,-48.1304149969455,0.));
#10869=CARTESIAN_POINT('Origin',(15.6285119139996,-48.1304149969455,0.));
#10870=CARTESIAN_POINT('',(17.8785119139996,-48.1304149969455,0.22));
#10871=CARTESIAN_POINT('',(17.7685119139996,-48.1304149969455,0.11));
#10872=CARTESIAN_POINT('Origin',(15.6285119139996,-48.1304149969455,0.22));
#10873=CARTESIAN_POINT('Origin',(15.6285119139996,-48.1304149969455,0.));
#10874=CARTESIAN_POINT('',(17.8785119139996,-48.1304149969455,2.8));
#10875=CARTESIAN_POINT('Origin',(15.6285119139996,-48.1304149969455,2.8));
#10876=CARTESIAN_POINT('',(17.8785119139996,-48.1304149969455,0.));
#10877=CARTESIAN_POINT('Origin',(29.1285119140051,-22.1304149969552,0.));
#10878=CARTESIAN_POINT('Origin',(42.6285119139996,-48.1304149969455,0.11));
#10879=CARTESIAN_POINT('',(44.6585119139996,-48.1304149969455,0.));
#10880=CARTESIAN_POINT('Origin',(42.6285119139996,-48.1304149969455,0.));
#10881=CARTESIAN_POINT('',(44.8785119139996,-48.1304149969455,0.22));
#10882=CARTESIAN_POINT('',(44.7685119139996,-48.1304149969455,0.11));
#10883=CARTESIAN_POINT('Origin',(42.6285119139996,-48.1304149969455,0.22));
#10884=CARTESIAN_POINT('Origin',(42.6285119139996,-48.1304149969455,0.));
#10885=CARTESIAN_POINT('',(44.8785119139996,-48.1304149969455,2.8));
#10886=CARTESIAN_POINT('Origin',(42.6285119139996,-48.1304149969455,2.8));
#10887=CARTESIAN_POINT('',(44.8785119139996,-48.1304149969455,0.));
#10888=CARTESIAN_POINT('Origin',(29.1285119140051,-22.1304149969552,0.));
#10889=CARTESIAN_POINT('Origin',(42.6285119139996,3.8695850030545,2.8));
#10890=CARTESIAN_POINT('Origin',(42.6285119139996,-48.1304149969455,2.8));
#10891=CARTESIAN_POINT('Origin',(15.6285119139996,3.8695850030545,2.8));
#10892=CARTESIAN_POINT('Origin',(15.6285119139996,-48.1304149969455,2.8));
#10893=CARTESIAN_POINT('Origin',(43.8785119139996,7.1195850030545,0.));
#10894=CARTESIAN_POINT('',(14.3785119139996,7.1195850030545,0.));
#10895=CARTESIAN_POINT('',(43.8785119139996,7.1195850030545,0.));
#10896=CARTESIAN_POINT('Origin',(12.3785119139996,-49.3804149969455,0.));
#10897=CARTESIAN_POINT('',(14.3785119139996,-51.3804149969455,0.));
#10898=CARTESIAN_POINT('',(12.3785119139996,-49.3804149969455,0.));
#10899=CARTESIAN_POINT('Origin',(12.3785119139996,5.1195850030545,0.));
#10900=CARTESIAN_POINT('',(12.3785119139996,5.1195850030545,0.));
#10901=CARTESIAN_POINT('Origin',(14.3785119139996,7.1195850030545,0.));
#10902=CARTESIAN_POINT('Origin',(45.8785119139996,5.1195850030545,0.));
#10903=CARTESIAN_POINT('Origin',(14.3785119139996,-51.3804149969455,0.));
#10904=CARTESIAN_POINT('',(43.8785119139996,-51.3804149969455,0.));
#10905=CARTESIAN_POINT('Origin',(43.8785119139996,-51.3804149969455,0.));
#10906=UNCERTAINTY_MEASURE_WITH_UNIT(LENGTH_MEASURE(0.01),#10910,
'DISTANCE_ACCURACY_VALUE',
'Maximum model space distance between geometric entities at asserted c
onnectivities');
#10907=UNCERTAINTY_MEASURE_WITH_UNIT(LENGTH_MEASURE(0.01),#10910,
'DISTANCE_ACCURACY_VALUE',
'Maximum model space distance between geometric entities at asserted c
onnectivities');
#10908=(
GEOMETRIC_REPRESENTATION_CONTEXT(3)
GLOBAL_UNCERTAINTY_ASSIGNED_CONTEXT((#10906))
GLOBAL_UNIT_ASSIGNED_CONTEXT((#10910,#10912,#10913))
REPRESENTATION_CONTEXT('','3D')
);
#10909=(
GEOMETRIC_REPRESENTATION_CONTEXT(3)
GLOBAL_UNCERTAINTY_ASSIGNED_CONTEXT((#10907))
GLOBAL_UNIT_ASSIGNED_CONTEXT((#10910,#10912,#10913))
REPRESENTATION_CONTEXT('','3D')
);
#10910=(
LENGTH_UNIT()
NAMED_UNIT(*)
SI_UNIT(.MILLI.,.METRE.)
);
#10911=(
LENGTH_UNIT()
NAMED_UNIT(*)
SI_UNIT(.CENTI.,.METRE.)
);
#10912=(
NAMED_UNIT(*)
PLANE_ANGLE_UNIT()
SI_UNIT($,.RADIAN.)
);
#10913=(
NAMED_UNIT(*)
SI_UNIT($,.STERADIAN.)
SOLID_ANGLE_UNIT()
);
#10914=SHAPE_DEFINITION_REPRESENTATION(#10915,#10916);
#10915=PRODUCT_DEFINITION_SHAPE('',$,#10918);
#10916=SHAPE_REPRESENTATION('',(#6564),#10908);
#10917=PRODUCT_DEFINITION_CONTEXT('part definition',#10922,'design');
#10918=PRODUCT_DEFINITION('Part57','Part57',#10919,#10917);
#10919=PRODUCT_DEFINITION_FORMATION('',$,#10924);
#10920=PRODUCT_RELATED_PRODUCT_CATEGORY('Part57','Part57',(#10924));
#10921=APPLICATION_PROTOCOL_DEFINITION('international standard',
'automotive_design',2009,#10922);
#10922=APPLICATION_CONTEXT(
'Core Data for Automotive Mechanical Design Process');
#10923=PRODUCT_CONTEXT('part definition',#10922,'mechanical');
#10924=PRODUCT('Part57','Part57',$,(#10923));
#10925=PRESENTATION_STYLE_ASSIGNMENT((#10929));
#10926=PRESENTATION_STYLE_ASSIGNMENT((#10930));
#10927=PRESENTATION_STYLE_ASSIGNMENT((#10931));
#10928=PRESENTATION_STYLE_ASSIGNMENT((#10932));
#10929=SURFACE_STYLE_USAGE(.BOTH.,#10941);
#10930=SURFACE_STYLE_USAGE(.BOTH.,#10942);
#10931=SURFACE_STYLE_USAGE(.BOTH.,#10943);
#10932=SURFACE_STYLE_USAGE(.BOTH.,#10944);
#10933=SURFACE_STYLE_RENDERING_WITH_PROPERTIES($,#10957,(#10937));
#10934=SURFACE_STYLE_RENDERING_WITH_PROPERTIES($,#10958,(#10938));
#10935=SURFACE_STYLE_RENDERING_WITH_PROPERTIES($,#10959,(#10939));
#10936=SURFACE_STYLE_RENDERING_WITH_PROPERTIES($,#10960,(#10940));
#10937=SURFACE_STYLE_TRANSPARENT(0.);
#10938=SURFACE_STYLE_TRANSPARENT(0.);
#10939=SURFACE_STYLE_TRANSPARENT(0.);
#10940=SURFACE_STYLE_TRANSPARENT(0.);
#10941=SURFACE_SIDE_STYLE('',(#10945,#10933));
#10942=SURFACE_SIDE_STYLE('',(#10946,#10934));
#10943=SURFACE_SIDE_STYLE('',(#10947,#10935));
#10944=SURFACE_SIDE_STYLE('',(#10948,#10936));
#10945=SURFACE_STYLE_FILL_AREA(#10949);
#10946=SURFACE_STYLE_FILL_AREA(#10950);
#10947=SURFACE_STYLE_FILL_AREA(#10951);
#10948=SURFACE_STYLE_FILL_AREA(#10952);
#10949=FILL_AREA_STYLE('',(#10953));
#10950=FILL_AREA_STYLE('',(#10954));
#10951=FILL_AREA_STYLE('',(#10955));
#10952=FILL_AREA_STYLE('',(#10956));
#10953=FILL_AREA_STYLE_COLOUR('',#10957);
#10954=FILL_AREA_STYLE_COLOUR('',#10958);
#10955=FILL_AREA_STYLE_COLOUR('',#10959);
#10956=FILL_AREA_STYLE_COLOUR('',#10960);
#10957=COLOUR_RGB('',0.270588235294118,0.270588235294118,0.270588235294118);
#10958=COLOUR_RGB('',0.956862745098039,0.956862745098039,0.956862745098039);
#10959=COLOUR_RGB('',0.949019607843137,0.949019607843137,1.);
#10960=COLOUR_RGB('',1.,0.945098039215686,0.694117647058824);
ENDSEC;
END-ISO-10303-21;
