ISO-10303-21;
HEADER;
FILE_DESCRIPTION(('CATIA V5 STEP Exchange'),'2;1');

FILE_NAME('D:\\grabcad\\L_BKT 50X50 Collared\\L Bracket 50X50 Collared.stp','2025-01-29T09:16:25+00:00',('none'),('none'),'CATIA Version 5 Release 19 GA (IN-10)','CATIA V5 STEP AP203','none');

FILE_SCHEMA(('CONFIG_CONTROL_DESIGN'));

ENDSEC;
/* file written by CATIA V5R19 */
DATA;
#5=PRODUCT('Part1','','',(#2)) ;
#1=APPLICATION_CONTEXT('configuration controlled 3D design of mechanical parts and assemblies') ;
#14=PRODUCT_DEFINITION('',' ',#6,#3) ;
#16=SECURITY_CLASSIFICATION(' ',' ',#15) ;
#15=SECURITY_CLASSIFICATION_LEVEL('unclassified') ;
#47=CARTESIAN_POINT(' ',(0.,0.,0.)) ;
#52=CARTESIAN_POINT('Axis2P3D Location',(-2.,0.,50.)) ;
#57=CARTESIAN_POINT('Line Origine',(-2.,4.80506407996E-008,50.)) ;
#61=CARTESIAN_POINT('Vertex',(-2.,11.2041417331,50.)) ;
#63=CARTESIAN_POINT('Vertex',(-2.,-11.2041417331,50.)) ;
#66=CARTESIAN_POINT('Line Origine',(-2.,11.2041417331,29.)) ;
#70=CARTESIAN_POINT('Vertex',(-2.,11.2041417331,8.)) ;
#73=CARTESIAN_POINT('Line Origine',(-2.,4.80506407996E-008,8.)) ;
#77=CARTESIAN_POINT('Vertex',(-2.,-11.2041417331,8.)) ;
#80=CARTESIAN_POINT('Line Origine',(-2.,-11.2041417331,29.)) ;
#92=CARTESIAN_POINT('Control Point',(-2.,-3.,41.7168146928)) ;
#93=CARTESIAN_POINT('Control Point',(-2.,-3.,40.7743368967)) ;
#94=CARTESIAN_POINT('Control Point',(-2.,-2.62988983496,39.8318591007)) ;
#95=CARTESIAN_POINT('Control Point',(-2.,-1.88495559215,39.0869248579)) ;
#96=CARTESIAN_POINT('Control Point',(-2.,-7.73495341851E-015,38.3467045278)) ;
#97=CARTESIAN_POINT('Control Point',(-2.,1.88495559215,39.0869248579)) ;
#98=CARTESIAN_POINT('Control Point',(-2.,2.62988983496,39.8318591007)) ;
#99=CARTESIAN_POINT('Control Point',(-2.,3.,40.7743368967)) ;
#100=CARTESIAN_POINT('Control Point',(-2.,3.,41.7168146928)) ;
#101=CARTESIAN_POINT('Vertex',(-2.,-3.,41.7168146928)) ;
#103=CARTESIAN_POINT('Vertex',(-2.,3.,41.7168146928)) ;
#107=CARTESIAN_POINT('Control Point',(-2.,3.,41.7168146928)) ;
#108=CARTESIAN_POINT('Control Point',(-2.,3.,42.6592924889)) ;
#109=CARTESIAN_POINT('Control Point',(-2.,2.62988983496,43.601770285)) ;
#110=CARTESIAN_POINT('Control Point',(-2.,1.88495559215,44.3467045278)) ;
#111=CARTESIAN_POINT('Control Point',(-2.,5.83770069322E-015,45.0869248579)) ;
#112=CARTESIAN_POINT('Control Point',(-2.,-1.88495559215,44.3467045278)) ;
#113=CARTESIAN_POINT('Control Point',(-2.,-2.62988983496,43.601770285)) ;
#114=CARTESIAN_POINT('Control Point',(-2.,-3.,42.6592924889)) ;
#115=CARTESIAN_POINT('Control Point',(-2.,-3.,41.7168146928)) ;
#122=CARTESIAN_POINT('Axis2P3D Location',(0.,0.,50.)) ;
#127=CARTESIAN_POINT('Line Origine',(0.,-11.2041417331,29.)) ;
#131=CARTESIAN_POINT('Vertex',(0.,-11.2041417331,8.)) ;
#133=CARTESIAN_POINT('Vertex',(0.,-11.2041417331,50.)) ;
#136=CARTESIAN_POINT('Line Origine',(0.,4.80506407996E-008,8.)) ;
#140=CARTESIAN_POINT('Vertex',(0.,11.2041418292,8.)) ;
#143=CARTESIAN_POINT('Line Origine',(0.,11.2041417331,29.)) ;
#147=CARTESIAN_POINT('Vertex',(0.,11.2041417331,50.)) ;
#150=CARTESIAN_POINT('Line Origine',(0.,-1.7763568394E-015,50.)) ;
#161=CARTESIAN_POINT('Axis2P3D Location',(0.,-6.66133814775E-016,41.7168146928)) ;
#165=CARTESIAN_POINT('Vertex',(0.,3.,41.7168146928)) ;
#167=CARTESIAN_POINT('Vertex',(0.,-3.,41.7168146928)) ;
#170=CARTESIAN_POINT('Axis2P3D Location',(0.,0.,41.7168146928)) ;
#180=CARTESIAN_POINT('Axis2P3D Location',(-41.7168146928,0.,0.)) ;
#185=CARTESIAN_POINT('Line Origine',(-38.7168146928,0.,0.)) ;
#189=CARTESIAN_POINT('Vertex',(-38.7168146928,0.,2.)) ;
#191=CARTESIAN_POINT('Vertex',(-38.7168146928,0.,0.)) ;
#194=CARTESIAN_POINT('Axis2P3D Location',(-41.7168146928,0.,0.)) ;
#198=CARTESIAN_POINT('Vertex',(-44.7168146928,-3.67381906147E-016,0.)) ;
#201=CARTESIAN_POINT('Line Origine',(-44.7168146928,-3.67381906147E-016,0.)) ;
#205=CARTESIAN_POINT('Vertex',(-44.7168146928,-3.67381906147E-016,2.)) ;
#208=CARTESIAN_POINT('Axis2P3D Location',(-41.7168146928,0.,2.)) ;
#220=CARTESIAN_POINT('Axis2P3D Location',(-41.7168146928,0.,0.)) ;
#225=CARTESIAN_POINT('Axis2P3D Location',(-41.7168146928,0.,2.)) ;
#238=CARTESIAN_POINT('Control Point',(-8.00000000007,13.2014005795,3.89532382881)) ;
#239=CARTESIAN_POINT('Control Point',(-8.00000000012,13.2644207117,5.09781958626)) ;
#240=CARTESIAN_POINT('Control Point',(-6.70877839213,13.2014005795,3.89532382974)) ;
#241=CARTESIAN_POINT('Control Point',(-7.087051473,13.2644207117,5.09781958736)) ;
#242=CARTESIAN_POINT('Control Point',(-5.41750920523,13.2014005793,4.40305358136)) ;
#243=CARTESIAN_POINT('Control Point',(-6.17405556357,13.2644207115,5.45680609296)) ;
#244=CARTESIAN_POINT('Control Point',(-4.40305358364,13.2014005793,5.41750951066)) ;
#245=CARTESIAN_POINT('Control Point',(-5.4568060943,13.2644207116,6.17405580284)) ;
#246=CARTESIAN_POINT('Control Point',(-3.89532382952,13.2014005795,6.70877839252)) ;
#247=CARTESIAN_POINT('Control Point',(-5.09781958706,13.2644207117,7.08705147348)) ;
#248=CARTESIAN_POINT('Control Point',(-3.89532382881,13.2014005795,8.00000000006)) ;
#249=CARTESIAN_POINT('Control Point',(-5.09781958626,13.2644207117,8.00000000009)) ;
#251=CARTESIAN_POINT('Control Point',(-8.00000000007,13.2014009075,3.89533008896)) ;
#252=CARTESIAN_POINT('Control Point',(-8.00000000012,13.2644207117,5.09781958626)) ;
#253=CARTESIAN_POINT('Vertex',(-8.,13.2014008026,3.89532808751)) ;
#255=CARTESIAN_POINT('Vertex',(-8.00000000006,13.2644207117,5.09781958626)) ;
#259=CARTESIAN_POINT('Control Point',(-3.89533004401,13.2014009052,7.99997898963)) ;
#260=CARTESIAN_POINT('Control Point',(-3.89519742359,13.2013936088,6.71011985178)) ;
#261=CARTESIAN_POINT('Control Point',(-4.40330021181,13.2014101458,5.41671154487)) ;
#262=CARTESIAN_POINT('Control Point',(-5.4166714411,13.2014103015,4.40328755307)) ;
#263=CARTESIAN_POINT('Control Point',(-6.71014172802,13.2013935343,3.89519640664)) ;
#264=CARTESIAN_POINT('Control Point',(-7.99997770302,13.2014009074,3.89533008659)) ;
#265=CARTESIAN_POINT('Vertex',(-3.89533004401,13.2014009052,7.99997898963)) ;
#269=CARTESIAN_POINT('Control Point',(-3.89533004622,13.2014009053,8.00000000006)) ;
#270=CARTESIAN_POINT('Control Point',(-5.09781958626,13.2644207117,8.00000000009)) ;
#271=CARTESIAN_POINT('Vertex',(-5.09781958626,13.2644207117,8.00000000009)) ;
#275=CARTESIAN_POINT('Control Point',(-5.09781958626,13.2644207117,8.00000000005)) ;
#276=CARTESIAN_POINT('Control Point',(-5.09781958708,13.2644207117,7.08705147352)) ;
#277=CARTESIAN_POINT('Control Point',(-5.45680260556,13.2644207005,6.17410571969)) ;
#278=CARTESIAN_POINT('Control Point',(-6.1741054883,13.2644207004,5.45680260208)) ;
#279=CARTESIAN_POINT('Control Point',(-7.08705147302,13.2644207117,5.09781958738)) ;
#280=CARTESIAN_POINT('Control Point',(-8.00000000006,13.2644207117,5.09781958626)) ;
#289=CARTESIAN_POINT('Axis2P3D Location',(-4.,11.2041417331,29.)) ;
#294=CARTESIAN_POINT('Axis2P3D Location',(-4.,11.2041417331,8.)) ;
#299=CARTESIAN_POINT('Axis2P3D Location',(-4.,11.2041417331,50.)) ;
#303=CARTESIAN_POINT('Vertex',(-3.89532808751,13.2014008026,50.)) ;
#306=CARTESIAN_POINT('Line Origine',(-3.89532808751,13.2014008026,29.)) ;
#318=CARTESIAN_POINT('Axis2P3D Location',(-8.,0.,8.)) ;
#324=CARTESIAN_POINT('Control Point',(-2.,11.2041418292,8.)) ;
#325=CARTESIAN_POINT('Control Point',(-2.,11.2041349499,6.11280471821)) ;
#326=CARTESIAN_POINT('Control Point',(-2.7409694857,11.2041505962,4.22637482216)) ;
#327=CARTESIAN_POINT('Control Point',(-4.2263939254,11.2041507356,2.74098579773)) ;
#328=CARTESIAN_POINT('Control Point',(-6.11278501467,11.204134883,2.)) ;
#329=CARTESIAN_POINT('Control Point',(-8.,11.2041418312,2.)) ;
#330=CARTESIAN_POINT('Vertex',(-8.,11.2041418312,2.)) ;
#333=CARTESIAN_POINT('Line Origine',(-8.,8.44104818043E-007,2.)) ;
#337=CARTESIAN_POINT('Vertex',(-8.,-11.2041413633,2.)) ;
#341=CARTESIAN_POINT('Control Point',(-2.,-11.2041417331,8.00000000018)) ;
#342=CARTESIAN_POINT('Control Point',(-1.99999999994,-11.2041417331,6.11388439475)) ;
#343=CARTESIAN_POINT('Control Point',(-2.73950011321,-11.2041380496,4.22740020688)) ;
#344=CARTESIAN_POINT('Control Point',(-4.22691514578,-11.2041447691,2.74024770139)) ;
#345=CARTESIAN_POINT('Control Point',(-6.11332826548,-11.2041417992,2.)) ;
#346=CARTESIAN_POINT('Control Point',(-8.,-11.2041413633,2.)) ;
#356=CARTESIAN_POINT('Control Point',(-2.00000013529,11.2041418292,8.00000000902)) ;
#357=CARTESIAN_POINT('Control Point',(-2.00000011278,11.5078291237,7.99999841494)) ;
#358=CARTESIAN_POINT('Control Point',(-2.05762997648,11.8115203509,7.99999682072)) ;
#359=CARTESIAN_POINT('Control Point',(-2.17296549905,12.1006072444,7.99999530303)) ;
#360=CARTESIAN_POINT('Control Point',(-2.50744804909,12.6205207946,7.99999257325)) ;
#361=CARTESIAN_POINT('Control Point',(-3.009143579,12.9817551558,7.99999067603)) ;
#362=CARTESIAN_POINT('Control Point',(-3.29179807949,13.1120622718,7.99998999143)) ;
#363=CARTESIAN_POINT('Control Point',(-3.5920569825,13.1855071437,7.99998960528)) ;
#364=CARTESIAN_POINT('Control Point',(-3.89532807623,13.201400902,7.9999895212)) ;
#365=CARTESIAN_POINT('Control Point',(-1.99999684544,11.2041383896,7.05640215182)) ;
#366=CARTESIAN_POINT('Control Point',(-1.99999762099,11.5078255209,7.05644566358)) ;
#367=CARTESIAN_POINT('Control Point',(-2.05762825366,11.811516585,7.06555241609)) ;
#368=CARTESIAN_POINT('Control Point',(-2.17296447753,12.1006033386,7.08373223264)) ;
#369=CARTESIAN_POINT('Control Point',(-2.50744823711,12.6205167015,7.13640957109)) ;
#370=CARTESIAN_POINT('Control Point',(-3.00914453857,12.981751111,7.21536114263)) ;
#371=CARTESIAN_POINT('Control Point',(-3.29179930188,13.112058323,7.25983184776)) ;
#372=CARTESIAN_POINT('Control Point',(-3.59205834713,13.1855033653,7.30706298473)) ;
#373=CARTESIAN_POINT('Control Point',(-3.89532947636,13.2013973575,7.35475959137)) ;
#374=CARTESIAN_POINT('Control Point',(-2.18537571116,11.2041473181,6.11372722944)) ;
#375=CARTESIAN_POINT('Control Point',(-2.18537445809,11.5078348728,6.11366463947)) ;
#376=CARTESIAN_POINT('Control Point',(-2.24122265849,11.8115263603,6.13171966208)) ;
#377=CARTESIAN_POINT('Control Point',(-2.35299380358,12.1006134768,6.167919129)) ;
#378=CARTESIAN_POINT('Control Point',(-2.67714063515,12.6205273253,6.2729662037)) ;
#379=CARTESIAN_POINT('Control Point',(-3.16333506659,12.9817616083,6.43061419338)) ;
#380=CARTESIAN_POINT('Control Point',(-3.43725653555,13.1120685703,6.51944791953)) ;
#381=CARTESIAN_POINT('Control Point',(-3.7282387019,13.1855131694,6.6138278155)) ;
#382=CARTESIAN_POINT('Control Point',(-4.02214015891,13.2014065533,6.70916654177)) ;
#383=CARTESIAN_POINT('Control Point',(-2.55607732905,11.2041413044,5.21962751994)) ;
#384=CARTESIAN_POINT('Control Point',(-2.5560934165,11.507828573,5.21964359138)) ;
#385=CARTESIAN_POINT('Control Point',(-2.60839829594,11.8115197745,5.24636506686)) ;
#386=CARTESIAN_POINT('Control Point',(-2.71305994268,12.1006066457,5.29982628546)) ;
#387=CARTESIAN_POINT('Control Point',(-3.01657047648,12.6205201653,5.45485137628)) ;
#388=CARTESIAN_POINT('Control Point',(-3.47178838877,12.9817545315,5.68735373916)) ;
#389=CARTESIAN_POINT('Control Point',(-3.72825358292,13.1120616609,5.81834134343)) ;
#390=CARTESIAN_POINT('Control Point',(-4.00068859373,13.1855065574,5.95748373441)) ;
#391=CARTESIAN_POINT('Control Point',(-4.27585356649,13.2014003499,6.09801891804)) ;
#392=CARTESIAN_POINT('Control Point',(-3.62687834851,11.2041470725,3.62687941412)) ;
#393=CARTESIAN_POINT('Control Point',(-3.62686165368,11.5078346159,3.62686328566)) ;
#394=CARTESIAN_POINT('Control Point',(-3.66884878206,11.8115260922,3.66885094278)) ;
#395=CARTESIAN_POINT('Control Point',(-3.75289576338,12.1006131989,3.7528983879)) ;
#396=CARTESIAN_POINT('Control Point',(-3.99665643503,12.6205270334,3.99665981059)) ;
#397=CARTESIAN_POINT('Control Point',(-4.36229975597,12.9817613165,4.36230347691)) ;
#398=CARTESIAN_POINT('Control Point',(-4.56830664946,13.1120682829,4.56831042827)) ;
#399=CARTESIAN_POINT('Control Point',(-4.78714768431,13.185512891,4.78715140314)) ;
#400=CARTESIAN_POINT('Control Point',(-5.00818728573,13.2014062877,5.00819083491)) ;
#401=CARTESIAN_POINT('Control Point',(-5.21962006409,11.2041413017,2.55608253425)) ;
#402=CARTESIAN_POINT('Control Point',(-5.21963647245,11.5078285703,2.55609821485)) ;
#403=CARTESIAN_POINT('Control Point',(-5.24635838445,11.8115197718,2.60840262654)) ;
#404=CARTESIAN_POINT('Control Point',(-5.29982012309,12.1006066429,2.71306376409)) ;
#405=CARTESIAN_POINT('Control Point',(-5.45484636869,12.6205201624,3.01657324797)) ;
#406=CARTESIAN_POINT('Control Point',(-5.68734999878,12.9817545286,3.47179014673)) ;
#407=CARTESIAN_POINT('Control Point',(-5.81833823561,13.112061658,3.72825486812)) ;
#408=CARTESIAN_POINT('Control Point',(-5.95748122619,13.1855065545,4.00068946404)) ;
#409=CARTESIAN_POINT('Control Point',(-6.09801695041,13.2014003471,4.27585409621)) ;
#410=CARTESIAN_POINT('Control Point',(-6.11374003285,11.204147365,2.18537559368)) ;
#411=CARTESIAN_POINT('Control Point',(-6.11367560168,11.5078349246,2.18537431817)) ;
#412=CARTESIAN_POINT('Control Point',(-6.13172865847,11.811526417,2.24122250188)) ;
#413=CARTESIAN_POINT('Control Point',(-6.16792612337,12.1006135377,2.35299363707)) ;
#414=CARTESIAN_POINT('Control Point',(-6.27296932281,12.6205273916,2.67714046308)) ;
#415=CARTESIAN_POINT('Control Point',(-6.43061403777,12.9817616726,3.16333491524)) ;
#416=CARTESIAN_POINT('Control Point',(-6.51944636282,13.1120686314,3.4372564006)) ;
#417=CARTESIAN_POINT('Control Point',(-6.61382516439,13.1855132249,3.72823858811)) ;
#418=CARTESIAN_POINT('Control Point',(-6.70916313868,13.2014066011,4.02214006933)) ;
#419=CARTESIAN_POINT('Control Point',(-7.05639225854,11.2041383571,1.99999692741)) ;
#420=CARTESIAN_POINT('Control Point',(-7.05643707593,11.507825485,1.99999771066)) ;
#421=CARTESIAN_POINT('Control Point',(-7.06554522801,11.8115165458,2.05762834895)) ;
#422=CARTESIAN_POINT('Control Point',(-7.08372647537,12.1006032965,2.172964576)) ;
#423=CARTESIAN_POINT('Control Point',(-7.13640659419,12.6205166557,2.50744833699)) ;
#424=CARTESIAN_POINT('Control Point',(-7.21536053639,12.9817510665,3.00914463124)) ;
#425=CARTESIAN_POINT('Control Point',(-7.25983226239,13.1120582809,3.29179938909)) ;
#426=CARTESIAN_POINT('Control Point',(-7.30706420446,13.1855033269,3.59205842763)) ;
#427=CARTESIAN_POINT('Control Point',(-7.35476137366,13.2013973243,3.89532954962)) ;
#428=CARTESIAN_POINT('Control Point',(-8.00000001189,11.2041418312,2.00000013664)) ;
#429=CARTESIAN_POINT('Control Point',(-7.99999831905,11.5078291258,2.00000011364)) ;
#430=CARTESIAN_POINT('Control Point',(-7.99999662611,11.8115203532,2.05762997691)) ;
#431=CARTESIAN_POINT('Control Point',(-7.99999501451,12.1006072468,2.17296549911)) ;
#432=CARTESIAN_POINT('Control Point',(-7.99999211592,12.6205207972,2.5074480486)) ;
#433=CARTESIAN_POINT('Control Point',(-7.99999010163,12.9817551584,3.00914357828)) ;
#434=CARTESIAN_POINT('Control Point',(-7.99998937489,13.1120622743,3.29179807873)) ;
#435=CARTESIAN_POINT('Control Point',(-7.99998896509,13.1855071461,3.59205698176)) ;
#436=CARTESIAN_POINT('Control Point',(-7.9999888761,13.201400904,3.89532807557)) ;
#438=CARTESIAN_POINT('Control Point',(-8.00000001189,11.2041418312,2.00000013664)) ;
#439=CARTESIAN_POINT('Control Point',(-7.99999662621,11.8115164204,2.00000009064)) ;
#440=CARTESIAN_POINT('Control Point',(-7.99999323763,12.4193567954,2.22997358529)) ;
#441=CARTESIAN_POINT('Control Point',(-7.99999051239,12.9081431192,2.69381445014)) ;
#442=CARTESIAN_POINT('Control Point',(-7.99998905409,13.1696133881,3.28878588796)) ;
#443=CARTESIAN_POINT('Control Point',(-7.9999888761,13.201400904,3.89532807557)) ;
#452=CARTESIAN_POINT('Axis2P3D Location',(-29.,11.2041417331,4.)) ;
#457=CARTESIAN_POINT('Line Origine',(-29.,13.2014008026,3.89532808751)) ;
#461=CARTESIAN_POINT('Vertex',(-50.,13.2014008026,3.89532808751)) ;
#464=CARTESIAN_POINT('Axis2P3D Location',(-50.,11.2041417331,4.)) ;
#468=CARTESIAN_POINT('Vertex',(-50.,11.2041417331,2.)) ;
#471=CARTESIAN_POINT('Line Origine',(-29.,11.2041417331,2.)) ;
#483=CARTESIAN_POINT('Axis2P3D Location',(-29.,-11.2041417331,4.)) ;
#488=CARTESIAN_POINT('Line Origine',(-29.,-11.2041417331,2.)) ;
#492=CARTESIAN_POINT('Vertex',(-50.,-11.2041417331,2.)) ;
#495=CARTESIAN_POINT('Axis2P3D Location',(-50.,-11.2041417331,4.)) ;
#499=CARTESIAN_POINT('Vertex',(-50.,-13.2014008026,3.89532808751)) ;
#502=CARTESIAN_POINT('Line Origine',(-29.,-13.2014008026,3.89532808751)) ;
#506=CARTESIAN_POINT('Vertex',(-8.,-13.2014008026,3.89532808751)) ;
#509=CARTESIAN_POINT('Axis2P3D Location',(-8.,-11.2041417331,4.)) ;
#522=CARTESIAN_POINT('Control Point',(-5.09781958626,-13.2644207117,8.00000000005)) ;
#523=CARTESIAN_POINT('Control Point',(-4.99314767377,-15.2616797812,8.)) ;
#524=CARTESIAN_POINT('Control Point',(-5.0978195865,-13.2644207117,7.72611544208)) ;
#525=CARTESIAN_POINT('Control Point',(-4.99314767403,-15.2616797812,7.71623734612)) ;
#526=CARTESIAN_POINT('Control Point',(-5.13012837248,-13.2644207117,7.4522266411)) ;
#527=CARTESIAN_POINT('Control Point',(-5.02662172962,-15.2616797812,7.43247464354)) ;
#528=CARTESIAN_POINT('Control Point',(-5.19472758843,-13.2644206889,7.18362711242)) ;
#529=CARTESIAN_POINT('Control Point',(-5.09355090473,-15.2616797812,7.15418505643)) ;
#530=CARTESIAN_POINT('Control Point',(-5.38584507378,-13.2644206899,6.66702251278)) ;
#531=CARTESIAN_POINT('Control Point',(-5.29156291288,-15.2616797812,6.61894462569)) ;
#532=CARTESIAN_POINT('Control Point',(-5.69148933205,-13.264420717,6.20934523347)) ;
#533=CARTESIAN_POINT('Control Point',(-5.60823057784,-15.2616797812,6.14476012958)) ;
#534=CARTESIAN_POINT('Control Point',(-5.87061510901,-13.264420727,5.99967210522)) ;
#535=CARTESIAN_POINT('Control Point',(-5.79381540978,-15.2616797812,5.92752647711)) ;
#536=CARTESIAN_POINT('Control Point',(-6.27481611001,-13.2644207153,5.62636936756)) ;
#537=CARTESIAN_POINT('Control Point',(-6.21259199467,-15.2616797812,5.54076229858)) ;
#538=CARTESIAN_POINT('Control Point',(-6.75486200262,-13.2644206898,5.35699365512)) ;
#539=CARTESIAN_POINT('Control Point',(-6.70995269128,-15.2616797812,5.2616707205)) ;
#540=CARTESIAN_POINT('Control Point',(-7.00983221278,-13.2644206867,5.25124763577)) ;
#541=CARTESIAN_POINT('Control Point',(-6.97412163494,-15.2616797812,5.15210966848)) ;
#542=CARTESIAN_POINT('Control Point',(-7.36341963854,-13.2644207019,5.15160646525)) ;
#543=CARTESIAN_POINT('Control Point',(-7.34046290583,-15.2616797812,5.04887439593)) ;
#544=CARTESIAN_POINT('Control Point',(-7.72621963069,-13.2644207104,5.10859925219)) ;
#545=CARTESIAN_POINT('Control Point',(-7.71634629441,-15.2616797812,5.00431610255)) ;
#546=CARTESIAN_POINT('Control Point',(-7.81799939064,-13.2644207117,5.10140587189)) ;
#547=CARTESIAN_POINT('Control Point',(-7.81091923156,-15.2616797812,4.99686330471)) ;
#548=CARTESIAN_POINT('Control Point',(-7.90875067628,-13.2644207117,5.09781958637)) ;
#549=CARTESIAN_POINT('Control Point',(-7.90545961967,-15.2616797812,4.99314767389)) ;
#550=CARTESIAN_POINT('Control Point',(-8.00000000006,-13.2644207117,5.09781958626)) ;
#551=CARTESIAN_POINT('Control Point',(-8.,-15.2616797812,4.99314767377)) ;
#553=CARTESIAN_POINT('Control Point',(-5.09781958626,-13.2644207117,8.00000000005)) ;
#554=CARTESIAN_POINT('Control Point',(-5.09781958705,-13.2644207117,7.08709700243)) ;
#555=CARTESIAN_POINT('Control Point',(-5.4570817609,-13.264420701,6.17414322106)) ;
#556=CARTESIAN_POINT('Control Point',(-6.17343619537,-13.2644207003,5.4570170759)) ;
#557=CARTESIAN_POINT('Control Point',(-7.08709700194,-13.2644207117,5.09781958735)) ;
#558=CARTESIAN_POINT('Control Point',(-8.00000000006,-13.2644207117,5.09781958626)) ;
#559=CARTESIAN_POINT('Vertex',(-5.09781958626,-13.2644207117,8.00000000005)) ;
#561=CARTESIAN_POINT('Vertex',(-8.,-13.2644207117,5.09781958626)) ;
#565=CARTESIAN_POINT('Control Point',(-8.00000000006,-13.2644207117,5.09781958626)) ;
#566=CARTESIAN_POINT('Control Point',(-8.,-15.2616797812,4.99314767377)) ;
#567=CARTESIAN_POINT('Vertex',(-8.,-15.2616797812,4.99314767377)) ;
#571=CARTESIAN_POINT('Control Point',(-4.99314767377,-15.2616797812,8.)) ;
#572=CARTESIAN_POINT('Control Point',(-4.99314767403,-15.2616797812,7.71623734612)) ;
#573=CARTESIAN_POINT('Control Point',(-5.02662172962,-15.2616797812,7.43247464354)) ;
#574=CARTESIAN_POINT('Control Point',(-5.09355090473,-15.2616797812,7.15418505643)) ;
#575=CARTESIAN_POINT('Control Point',(-5.29156291288,-15.2616797812,6.61894462569)) ;
#576=CARTESIAN_POINT('Control Point',(-5.60823057784,-15.2616797812,6.14476012958)) ;
#577=CARTESIAN_POINT('Control Point',(-5.79381540978,-15.2616797812,5.92752647711)) ;
#578=CARTESIAN_POINT('Control Point',(-6.21259199467,-15.2616797812,5.54076229858)) ;
#579=CARTESIAN_POINT('Control Point',(-6.70995269128,-15.2616797812,5.2616707205)) ;
#580=CARTESIAN_POINT('Control Point',(-6.97412163494,-15.2616797812,5.15210966848)) ;
#581=CARTESIAN_POINT('Control Point',(-7.34046290583,-15.2616797812,5.04887439593)) ;
#582=CARTESIAN_POINT('Control Point',(-7.71634629441,-15.2616797812,5.00431610255)) ;
#583=CARTESIAN_POINT('Control Point',(-7.81091923156,-15.2616797812,4.99686330471)) ;
#584=CARTESIAN_POINT('Control Point',(-7.90545961967,-15.2616797812,4.99314767389)) ;
#585=CARTESIAN_POINT('Control Point',(-8.,-15.2616797812,4.99314767377)) ;
#586=CARTESIAN_POINT('Vertex',(-4.99314767377,-15.2616797812,8.)) ;
#590=CARTESIAN_POINT('Control Point',(-5.09781958626,-13.2644207117,8.00000000005)) ;
#591=CARTESIAN_POINT('Control Point',(-4.99314767377,-15.2616797812,8.)) ;
#600=CARTESIAN_POINT('Axis2P3D Location',(-4.,-11.2041417331,29.)) ;
#605=CARTESIAN_POINT('Axis2P3D Location',(-4.,-11.2041417331,8.)) ;
#609=CARTESIAN_POINT('Vertex',(-3.89532808751,-13.2014008026,8.00000000006)) ;
#612=CARTESIAN_POINT('Line Origine',(-3.89532808751,-13.2014008026,29.)) ;
#616=CARTESIAN_POINT('Vertex',(-3.89532808751,-13.2014008026,50.)) ;
#619=CARTESIAN_POINT('Axis2P3D Location',(-4.,-11.2041417331,50.)) ;
#632=CARTESIAN_POINT('Control Point',(-2.,-11.2041417331,8.00000000018)) ;
#633=CARTESIAN_POINT('Control Point',(-2.,-11.507829023,8.00000000017)) ;
#634=CARTESIAN_POINT('Control Point',(-2.05762988584,-11.8115202457,8.00000000016)) ;
#635=CARTESIAN_POINT('Control Point',(-2.17296542907,-12.1006071352,8.00000000014)) ;
#636=CARTESIAN_POINT('Control Point',(-2.50744801579,-12.6205206801,8.00000000012)) ;
#637=CARTESIAN_POINT('Control Point',(-3.00914357126,-12.9817550426,8.00000000009)) ;
#638=CARTESIAN_POINT('Control Point',(-3.29179808128,-13.1120621613,8.00000000008)) ;
#639=CARTESIAN_POINT('Control Point',(-3.59205699054,-13.1855070379,8.00000000007)) ;
#640=CARTESIAN_POINT('Control Point',(-3.89532808751,-13.2014008026,8.00000000006)) ;
#641=CARTESIAN_POINT('Control Point',(-1.99999999996,-11.2041417331,6.68019390622)) ;
#642=CARTESIAN_POINT('Control Point',(-1.99999999996,-11.507829023,6.68019390677)) ;
#643=CARTESIAN_POINT('Control Point',(-2.0576298858,-11.8115202457,6.69287061974)) ;
#644=CARTESIAN_POINT('Control Point',(-2.17296542904,-12.1006071352,6.71824071239)) ;
#645=CARTESIAN_POINT('Control Point',(-2.50744801576,-12.6205206801,6.7918160727)) ;
#646=CARTESIAN_POINT('Control Point',(-3.00914357124,-12.9817550426,6.90217288191)) ;
#647=CARTESIAN_POINT('Control Point',(-3.29179808127,-13.1120621613,6.96434773961)) ;
#648=CARTESIAN_POINT('Control Point',(-3.59205699053,-13.1855070379,7.0303949961)) ;
#649=CARTESIAN_POINT('Control Point',(-3.89532808751,-13.2014008026,7.09710483644)) ;
#650=CARTESIAN_POINT('Control Point',(-2.36289335943,-11.2041417353,5.36036222379)) ;
#651=CARTESIAN_POINT('Control Point',(-2.36289337866,-11.5078290255,5.36036592282)) ;
#652=CARTESIAN_POINT('Control Point',(-2.41703769515,-11.8115202486,5.38572327723)) ;
#653=CARTESIAN_POINT('Control Point',(-2.52539749672,-12.1006071383,5.43646744401)) ;
#654=CARTESIAN_POINT('Control Point',(-2.83964983814,-12.6205206836,5.58362583171)) ;
#655=CARTESIAN_POINT('Control Point',(-3.3110017168,-12.981755046,5.80434584554)) ;
#656=CARTESIAN_POINT('Control Point',(-3.5765606426,-13.1120621644,5.92869826995)) ;
#657=CARTESIAN_POINT('Control Point',(-3.85865921228,-13.1855070406,6.06079486505)) ;
#658=CARTESIAN_POINT('Control Point',(-4.14358778555,-13.2014008048,6.19421593311)) ;
#659=CARTESIAN_POINT('Control Point',(-3.0882048503,-11.2041384386,4.17700308296)) ;
#660=CARTESIAN_POINT('Control Point',(-3.08826935931,-11.5078255684,4.17700375586)) ;
#661=CARTESIAN_POINT('Control Point',(-3.1355115635,-11.8115166311,4.21372417967)) ;
#662=CARTESIAN_POINT('Control Point',(-3.2299903888,-12.1006033832,4.28721260087)) ;
#663=CARTESIAN_POINT('Control Point',(-3.50391913158,-12.6205167434,4.50033438768)) ;
#664=CARTESIAN_POINT('Control Point',(-3.91470015741,-12.9817511507,4.81999814128)) ;
#665=CARTESIAN_POINT('Control Point',(-4.14611801774,-13.1120583619,5.00009606714)) ;
#666=CARTESIAN_POINT('Control Point',(-4.39193534853,-13.1855034035,5.19141080733)) ;
#667=CARTESIAN_POINT('Control Point',(-4.64020634933,-13.2013973952,5.38464471967)) ;
#668=CARTESIAN_POINT('Control Point',(-4.53158528297,-11.2041430886,2.85928403528)) ;
#669=CARTESIAN_POINT('Control Point',(-4.53155684158,-11.5078304441,2.85928421554)) ;
#670=CARTESIAN_POINT('Control Point',(-4.56484246173,-11.8115217324,2.9086608987)) ;
#671=CARTESIAN_POINT('Control Point',(-4.63148731278,-12.1006086782,3.00747899618)) ;
#672=CARTESIAN_POINT('Control Point',(-4.82479269899,-12.6205222989,3.29405943502)) ;
#673=CARTESIAN_POINT('Control Point',(-5.11477359814,-12.9817566432,3.72390555837)) ;
#674=CARTESIAN_POINT('Control Point',(-5.27815524579,-13.112063724,3.96608015803)) ;
#675=CARTESIAN_POINT('Control Point',(-5.45171877097,-13.1855085332,4.2233379219)) ;
#676=CARTESIAN_POINT('Control Point',(-5.62702892826,-13.201402205,4.48317643841)) ;
#677=CARTESIAN_POINT('Control Point',(-6.31166849656,-11.2041424421,2.20044840445)) ;
#678=CARTESIAN_POINT('Control Point',(-6.31168061218,-11.5078297649,2.20044833758)) ;
#679=CARTESIAN_POINT('Control Point',(-6.32790912716,-11.8115210205,2.25615286449)) ;
#680=CARTESIAN_POINT('Control Point',(-6.36037477999,-12.100607938,2.36763522864)) ;
#681=CARTESIAN_POINT('Control Point',(-6.45451514479,-12.6205215199,2.69094334569)) ;
#682=CARTESIAN_POINT('Control Point',(-6.5957010173,-12.9817558703,3.17587822281)) ;
#683=CARTESIAN_POINT('Control Point',(-6.67524200047,-13.112062968,3.44908980397)) ;
#684=CARTESIAN_POINT('Control Point',(-6.75973439235,-13.1855078083,3.73931766321)) ;
#685=CARTESIAN_POINT('Control Point',(-6.84507208145,-13.2014015235,4.03245708218)) ;
#686=CARTESIAN_POINT('Control Point',(-6.86757581384,-11.2041425472,2.06681194788)) ;
#687=CARTESIAN_POINT('Control Point',(-6.86752737413,-11.5078298784,2.06681173239)) ;
#688=CARTESIAN_POINT('Control Point',(-6.87835584905,-11.8115211425,2.12379968983)) ;
#689=CARTESIAN_POINT('Control Point',(-6.90007786961,-12.1006080678,2.23785075844)) ;
#690=CARTESIAN_POINT('Control Point',(-6.96312431697,-12.620521662,2.56860848582)) ;
#691=CARTESIAN_POINT('Control Point',(-7.05775541667,-12.9817560167,3.06471735114)) ;
#692=CARTESIAN_POINT('Control Point',(-7.11108211141,-13.1120631141,3.34422437555)) ;
#693=CARTESIAN_POINT('Control Point',(-7.16774048461,-13.1855079513,3.64113980435)) ;
#694=CARTESIAN_POINT('Control Point',(-7.22497654999,-13.2014016612,3.94103390985)) ;
#695=CARTESIAN_POINT('Control Point',(-7.43352323459,-11.2041414942,2.00000535814)) ;
#696=CARTESIAN_POINT('Control Point',(-7.43355901438,-11.5078287706,2.00000542509)) ;
#697=CARTESIAN_POINT('Control Point',(-7.4390357923,-11.8115199798,2.05763532245)) ;
#698=CARTESIAN_POINT('Control Point',(-7.44995900105,-12.1006068575,2.17297081848)) ;
#699=CARTESIAN_POINT('Control Point',(-7.48159968678,-12.6205203854,2.50745319891)) ;
#700=CARTESIAN_POINT('Control Point',(-7.52900871899,-12.9817547478,3.00914835646)) ;
#701=CARTESIAN_POINT('Control Point',(-7.55571026991,-13.1120618716,3.29180262751)) ;
#702=CARTESIAN_POINT('Control Point',(-7.5840672021,-13.1855067588,3.59206127082)) ;
#703=CARTESIAN_POINT('Control Point',(-7.61270174322,-13.2014005388,3.89533208929)) ;
#704=CARTESIAN_POINT('Control Point',(-8.00000005205,-11.2041413633,1.99999873084)) ;
#705=CARTESIAN_POINT('Control Point',(-7.99999567689,-11.5078286361,1.99999881262)) ;
#706=CARTESIAN_POINT('Control Point',(-7.99999130127,-11.8115198417,2.05762878569)) ;
#707=CARTESIAN_POINT('Control Point',(-7.99998713565,-12.1006067167,2.17296441769)) ;
#708=CARTESIAN_POINT('Control Point',(-7.99997964304,-12.6205202425,2.50744717744)) ;
#709=CARTESIAN_POINT('Control Point',(-7.99997443532,-12.9817546115,3.00914288609)) ;
#710=CARTESIAN_POINT('Control Point',(-7.99997255605,-13.1120617413,3.29179746498)) ;
#711=CARTESIAN_POINT('Control Point',(-7.99997149586,-13.185506637,3.59205643364)) ;
#712=CARTESIAN_POINT('Control Point',(-7.99997126478,-13.2014004277,3.89532757989)) ;
#714=CARTESIAN_POINT('Control Point',(-3.89532808751,-13.2014008026,8.00000000006)) ;
#715=CARTESIAN_POINT('Control Point',(-3.89532808751,-13.2014008026,7.09710483644)) ;
#716=CARTESIAN_POINT('Control Point',(-4.14358778555,-13.2014008048,6.19421593311)) ;
#717=CARTESIAN_POINT('Control Point',(-4.63997583319,-13.2013986162,5.38463946447)) ;
#718=CARTESIAN_POINT('Control Point',(-5.60703577275,-13.2014016187,4.50152663748)) ;
#719=CARTESIAN_POINT('Control Point',(-6.79554793532,-13.2014017443,4.05099046727)) ;
#720=CARTESIAN_POINT('Control Point',(-7.14805022534,-13.201401054,3.96023355374)) ;
#721=CARTESIAN_POINT('Control Point',(-7.53388122022,-13.201400821,3.90525496933)) ;
#722=CARTESIAN_POINT('Control Point',(-7.92119426482,-13.2014008031,3.89595865515)) ;
#723=CARTESIAN_POINT('Control Point',(-7.94744660557,-13.2014006454,3.89553842567)) ;
#724=CARTESIAN_POINT('Control Point',(-7.97369759523,-13.2014004354,3.89532805629)) ;
#725=CARTESIAN_POINT('Control Point',(-7.99994463164,-13.2014004277,3.89532758029)) ;
#735=CARTESIAN_POINT('Control Point',(-8.00000000007,-13.2013997078,3.89530719616)) ;
#736=CARTESIAN_POINT('Control Point',(-8.00000000012,-13.2644207117,5.09781958626)) ;
#737=CARTESIAN_POINT('Control Point',(-7.35438658001,-13.2013997078,3.89530719662)) ;
#738=CARTESIAN_POINT('Control Point',(-7.54352573656,-13.2644207117,5.09781958681)) ;
#739=CARTESIAN_POINT('Control Point',(-6.70876488081,-13.2013996769,4.02224132464)) ;
#740=CARTESIAN_POINT('Control Point',(-7.08704324297,-13.2644206809,5.1875673899)) ;
#741=CARTESIAN_POINT('Control Point',(-6.09775431309,-13.2013996767,4.27598479411)) ;
#742=CARTESIAN_POINT('Control Point',(-6.65503837667,-13.2644206807,5.36697324513)) ;
#743=CARTESIAN_POINT('Control Point',(-5.00822799363,-13.2013997567,5.00822810292)) ;
#744=CARTESIAN_POINT('Control Point',(-5.88469830242,-13.2644207606,5.88469838708)) ;
#745=CARTESIAN_POINT('Control Point',(-4.27598475806,-13.2013996768,6.09775442427)) ;
#746=CARTESIAN_POINT('Control Point',(-5.36697321701,-13.2644206807,6.65503846309)) ;
#747=CARTESIAN_POINT('Control Point',(-4.02224132488,-13.2013996769,6.70876495717)) ;
#748=CARTESIAN_POINT('Control Point',(-5.18756738985,-13.2644206809,7.08704330296)) ;
#749=CARTESIAN_POINT('Control Point',(-3.89530719651,-13.2013997078,7.3543865802)) ;
#750=CARTESIAN_POINT('Control Point',(-5.09781958666,-13.2644207117,7.54352573679)) ;
#751=CARTESIAN_POINT('Control Point',(-3.89530719616,-13.2013997078,8.00000000006)) ;
#752=CARTESIAN_POINT('Control Point',(-5.09781958626,-13.2644207117,8.00000000009)) ;
#754=CARTESIAN_POINT('Control Point',(-3.89532808751,-13.2014008026,8.00000000006)) ;
#755=CARTESIAN_POINT('Control Point',(-5.09781958626,-13.2644207117,8.00000000009)) ;
#758=CARTESIAN_POINT('Control Point',(-8.00000000007,-13.2014004228,3.89532083895)) ;
#759=CARTESIAN_POINT('Control Point',(-8.00000000012,-13.2644207117,5.09781958626)) ;
#769=CARTESIAN_POINT('Control Point',(-3.89532808751,-13.2014008026,50.)) ;
#770=CARTESIAN_POINT('Control Point',(-3.79065617503,-15.1986598722,50.)) ;
#771=CARTESIAN_POINT('Control Point',(-3.71336542933,-13.1918645438,50.)) ;
#772=CARTESIAN_POINT('Control Point',(-3.42673085866,-15.1795873545,50.)) ;
#773=CARTESIAN_POINT('Control Point',(-3.53248878637,-13.1616058801,50.)) ;
#774=CARTESIAN_POINT('Control Point',(-3.06497757275,-15.119070027,50.)) ;
#775=CARTESIAN_POINT('Control Point',(-3.35584533043,-13.1107873171,50.)) ;
#776=CARTESIAN_POINT('Control Point',(-2.71169066086,-15.0174329011,50.)) ;
#777=CARTESIAN_POINT('Control Point',(-3.01723736991,-12.9698176897,50.)) ;
#778=CARTESIAN_POINT('Control Point',(-2.03447473981,-14.7354936462,50.)) ;
#779=CARTESIAN_POINT('Control Point',(-2.71899688637,-12.7563220204,50.)) ;
#780=CARTESIAN_POINT('Control Point',(-1.43799377274,-14.3085023077,50.)) ;
#781=CARTESIAN_POINT('Control Point',(-2.58272326824,-12.6329731742,50.)) ;
#782=CARTESIAN_POINT('Control Point',(-1.16544653648,-14.0618046152,50.)) ;
#783=CARTESIAN_POINT('Control Point',(-2.34066204321,-12.3574116563,50.)) ;
#784=CARTESIAN_POINT('Control Point',(-0.681324086413,-13.5106815794,50.)) ;
#785=CARTESIAN_POINT('Control Point',(-2.16675897228,-12.0344789873,50.)) ;
#786=CARTESIAN_POINT('Control Point',(-0.33351794456,-12.8648162414,50.)) ;
#787=CARTESIAN_POINT('Control Point',(-2.09864749436,-11.8637562195,50.)) ;
#788=CARTESIAN_POINT('Control Point',(-0.197294988715,-12.5233707058,50.)) ;
#789=CARTESIAN_POINT('Control Point',(-2.03454926124,-11.6277868486,50.)) ;
#790=CARTESIAN_POINT('Control Point',(-0.0690985224793,-12.0514319641,50.)) ;
#791=CARTESIAN_POINT('Control Point',(-2.00691695115,-11.3862374074,50.)) ;
#792=CARTESIAN_POINT('Control Point',(-0.0138339022948,-11.5683330817,50.)) ;
#793=CARTESIAN_POINT('Control Point',(-2.00230564925,-11.3256166491,50.)) ;
#794=CARTESIAN_POINT('Control Point',(-0.00461129850073,-11.447091565,50.)) ;
#795=CARTESIAN_POINT('Control Point',(-2.,-11.2648791911,50.)) ;
#796=CARTESIAN_POINT('Control Point',(-8.881784197E-016,-11.3256166491,50.)) ;
#797=CARTESIAN_POINT('Control Point',(-2.,-11.2041417331,50.)) ;
#798=CARTESIAN_POINT('Control Point',(-7.54951656745E-015,-11.2041417331,50.)) ;
#800=CARTESIAN_POINT('Control Point',(-3.89532808751,-13.2014008026,50.)) ;
#801=CARTESIAN_POINT('Control Point',(-3.79065617503,-15.1986598722,50.)) ;
#802=CARTESIAN_POINT('Vertex',(-3.79065617503,-15.1986598722,50.)) ;
#806=CARTESIAN_POINT('Control Point',(-3.79065617503,-15.1986598722,50.)) ;
#807=CARTESIAN_POINT('Control Point',(-3.42673085866,-15.1795873545,50.)) ;
#808=CARTESIAN_POINT('Control Point',(-3.06497757275,-15.119070027,50.)) ;
#809=CARTESIAN_POINT('Control Point',(-2.71169066086,-15.0174329011,50.)) ;
#810=CARTESIAN_POINT('Control Point',(-2.03447473981,-14.7354936462,50.)) ;
#811=CARTESIAN_POINT('Control Point',(-1.43799377274,-14.3085023077,50.)) ;
#812=CARTESIAN_POINT('Control Point',(-1.16544653648,-14.0618046152,50.)) ;
#813=CARTESIAN_POINT('Control Point',(-0.681324086413,-13.5106815794,50.)) ;
#814=CARTESIAN_POINT('Control Point',(-0.33351794456,-12.8648162414,50.)) ;
#815=CARTESIAN_POINT('Control Point',(-0.197294988715,-12.5233707058,50.)) ;
#816=CARTESIAN_POINT('Control Point',(-0.0690985224793,-12.0514319641,50.)) ;
#817=CARTESIAN_POINT('Control Point',(-0.0138339022948,-11.5683330817,50.)) ;
#818=CARTESIAN_POINT('Control Point',(-0.00461129850073,-11.447091565,50.)) ;
#819=CARTESIAN_POINT('Control Point',(1.38777878078E-017,-11.3256166491,50.)) ;
#820=CARTESIAN_POINT('Control Point',(6.93889390391E-018,-11.2041417331,50.)) ;
#823=CARTESIAN_POINT('Control Point',(-2.,-11.2041417331,50.)) ;
#824=CARTESIAN_POINT('Control Point',(0.,-11.2041417331,50.)) ;
#833=CARTESIAN_POINT('Axis2P3D Location',(-29.,-11.2041417331,4.)) ;
#838=CARTESIAN_POINT('Axis2P3D Location',(-8.,-11.2041417331,4.)) ;
#842=CARTESIAN_POINT('Vertex',(-8.,-15.1986594923,3.79064892646)) ;
#844=CARTESIAN_POINT('Vertex',(-8.,-11.2041413633,0.)) ;
#847=CARTESIAN_POINT('Line Origine',(-29.,-15.1986598722,3.79065617503)) ;
#851=CARTESIAN_POINT('Vertex',(-50.,-15.1986598722,3.79065617503)) ;
#854=CARTESIAN_POINT('Axis2P3D Location',(-50.,-11.2041417331,4.)) ;
#858=CARTESIAN_POINT('Vertex',(-50.,-11.2041417331,0.)) ;
#861=CARTESIAN_POINT('Line Origine',(-29.,-11.2041417331,0.)) ;
#874=CARTESIAN_POINT('Control Point',(-1.03681392609E-026,-11.2041417331,8.00000000023)) ;
#875=CARTESIAN_POINT('Control Point',(-2.22044604935E-016,-11.8115163128,8.00000000022)) ;
#876=CARTESIAN_POINT('Control Point',(-0.11525977167,-12.4188987583,8.00000000019)) ;
#877=CARTESIAN_POINT('Control Point',(-0.345930858144,-12.9970725373,8.00000000017)) ;
#878=CARTESIAN_POINT('Control Point',(-1.01489603157,-14.0368996271,8.00000000012)) ;
#879=CARTESIAN_POINT('Control Point',(-2.01828714251,-14.7593683521,8.00000000007)) ;
#880=CARTESIAN_POINT('Control Point',(-2.58359616257,-15.0199825895,8.00000000004)) ;
#881=CARTESIAN_POINT('Control Point',(-3.18411398109,-15.1668723427,8.00000000002)) ;
#882=CARTESIAN_POINT('Control Point',(-3.79065617503,-15.1986598722,8.)) ;
#883=CARTESIAN_POINT('Control Point',(5.14893371537E-011,-11.2041417331,6.24025854162)) ;
#884=CARTESIAN_POINT('Control Point',(4.73705886257E-011,-11.8115163128,6.24025854272)) ;
#885=CARTESIAN_POINT('Control Point',(-0.115259771628,-12.4188987582,6.26561196866)) ;
#886=CARTESIAN_POINT('Control Point',(-0.345930858109,-12.9970725372,6.31635215397)) ;
#887=CARTESIAN_POINT('Control Point',(-1.01489603155,-14.0368996271,6.46350287459)) ;
#888=CARTESIAN_POINT('Control Point',(-2.01828714251,-14.7593683521,6.68421649301)) ;
#889=CARTESIAN_POINT('Control Point',(-2.58359616257,-15.0199825895,6.8085662084)) ;
#890=CARTESIAN_POINT('Control Point',(-3.18411398109,-15.1668723427,6.94066072139)) ;
#891=CARTESIAN_POINT('Control Point',(-3.79065617504,-15.1986598721,7.07408040206)) ;
#892=CARTESIAN_POINT('Control Point',(-0.483857812578,-11.2041417353,4.4804837694)) ;
#893=CARTESIAN_POINT('Control Point',(-0.483857851022,-11.8115163157,4.48049116746)) ;
#894=CARTESIAN_POINT('Control Point',(-0.592146484025,-12.4188987618,4.53120587628)) ;
#895=CARTESIAN_POINT('Control Point',(-0.808866087168,-12.9970725414,4.63269420982)) ;
#896=CARTESIAN_POINT('Control Point',(-1.43737077006,-14.0368996321,4.92701098523)) ;
#897=CARTESIAN_POINT('Control Point',(-2.38007452744,-14.7593683568,5.3684510129)) ;
#898=CARTESIAN_POINT('Control Point',(-2.91119237908,-15.0199825937,5.61715586172)) ;
#899=CARTESIAN_POINT('Control Point',(-3.47538951846,-15.1668723462,5.88134905191)) ;
#900=CARTESIAN_POINT('Control Point',(-4.04524666504,-15.1986598745,6.14819118803)) ;
#901=CARTESIAN_POINT('Control Point',(-1.45093902562,-11.2041384386,2.90267114147)) ;
#902=CARTESIAN_POINT('Control Point',(-1.45106804366,-11.8115126978,2.9026724873)) ;
#903=CARTESIAN_POINT('Control Point',(-1.54555245213,-12.4188948227,2.97611333498)) ;
#904=CARTESIAN_POINT('Control Point',(-1.73451010288,-12.9970683266,3.12309017751)) ;
#905=CARTESIAN_POINT('Control Point',(-2.28236758887,-14.0368950463,3.54933375148)) ;
#906=CARTESIAN_POINT('Control Point',(-3.10392964114,-14.7593638606,4.18866125913)) ;
#907=CARTESIAN_POINT('Control Point',(-3.56676536214,-15.0199782828,4.54885711111)) ;
#908=CARTESIAN_POINT('Control Point',(-4.05840002408,-15.1668683659,4.93148659174)) ;
#909=CARTESIAN_POINT('Control Point',(-4.55494202604,-15.1986563494,5.31795441669)) ;
#910=CARTESIAN_POINT('Control Point',(-3.37544737641,-11.2041430886,1.14571189078)) ;
#911=CARTESIAN_POINT('Control Point',(-3.37539049362,-11.8115177997,1.14571225128)) ;
#912=CARTESIAN_POINT('Control Point',(-3.44196173387,-12.4189003764,1.24446561756)) ;
#913=CARTESIAN_POINT('Control Point',(-3.5752514359,-12.9970742682,1.44210181247)) ;
#914=CARTESIAN_POINT('Control Point',(-3.96186220814,-14.0369015099,2.01526269001)) ;
#915=CARTESIAN_POINT('Control Point',(-4.54182400618,-14.7593701986,2.87495493652)) ;
#916=CARTESIAN_POINT('Control Point',(-4.86858730133,-15.0199843604,3.35930413573)) ;
#917=CARTESIAN_POINT('Control Point',(-5.21571435154,-15.1668739787,3.87381966334)) ;
#918=CARTESIAN_POINT('Control Point',(-5.56633466597,-15.1986613224,4.39349669627)) ;
#919=CARTESIAN_POINT('Control Point',(-5.74889118609,-11.2041424421,0.267264606323)) ;
#920=CARTESIAN_POINT('Control Point',(-5.74891541734,-11.8115170875,0.267264472573)) ;
#921=CARTESIAN_POINT('Control Point',(-5.78137244733,-12.4188995987,0.378673526413)) ;
#922=CARTESIAN_POINT('Control Point',(-5.84630375301,-12.9970734338,0.601638254743)) ;
#923=CARTESIAN_POINT('Control Point',(-6.03458448269,-14.0369005973,1.2482544889)) ;
#924=CARTESIAN_POINT('Control Point',(-6.31695622781,-14.7593692981,2.21812424323)) ;
#925=CARTESIAN_POINT('Control Point',(-6.47603819422,-15.0199834935,2.76454740559)) ;
#926=CARTESIAN_POINT('Control Point',(-6.64502297804,-15.166873174,3.34500312412)) ;
#927=CARTESIAN_POINT('Control Point',(-6.81569835631,-15.1986606044,3.93128196211)) ;
#928=CARTESIAN_POINT('Control Point',(-6.49010100057,-11.2041425472,0.0890825880988)) ;
#929=CARTESIAN_POINT('Control Point',(-6.49000412116,-11.8115172099,0.0890821571159)) ;
#930=CARTESIAN_POINT('Control Point',(-6.51166107098,-12.4188997384,0.203058072055)) ;
#931=CARTESIAN_POINT('Control Point',(-6.5551051121,-12.9970735892,0.431160209413)) ;
#932=CARTESIAN_POINT('Control Point',(-6.68119800677,-14.036900778,1.09267566453)) ;
#933=CARTESIAN_POINT('Control Point',(-6.8704602061,-14.7593694878,2.08489339571)) ;
#934=CARTESIAN_POINT('Control Point',(-6.97711359555,-15.0199836827,2.64390744482)) ;
#935=CARTESIAN_POINT('Control Point',(-7.09043034193,-15.1668733573,3.23773830274)) ;
#936=CARTESIAN_POINT('Control Point',(-7.20490247265,-15.198660777,3.83752651407)) ;
#937=CARTESIAN_POINT('Control Point',(-7.24469765468,-11.2041414942,7.144511735E-006)) ;
#938=CARTESIAN_POINT('Control Point',(-7.24476921426,-11.8115160467,7.27841870199E-006)) ;
#939=CARTESIAN_POINT('Control Point',(-7.25572277011,-12.4188984649,0.115267073092)) ;
#940=CARTESIAN_POINT('Control Point',(-7.27756918761,-12.9970722201,0.345938065056)) ;
#941=CARTESIAN_POINT('Control Point',(-7.3408505591,-14.0368992755,1.01490282564)) ;
#942=CARTESIAN_POINT('Control Point',(-7.43566862354,-14.7593680001,2.01829314034)) ;
#943=CARTESIAN_POINT('Control Point',(-7.48907172541,-15.0199822477,2.58360168222)) ;
#944=CARTESIAN_POINT('Control Point',(-7.5457855898,-15.1668720221,3.1841189686)) ;
#945=CARTESIAN_POINT('Control Point',(-7.60305467207,-15.1986595821,3.79066060529)) ;
#946=CARTESIAN_POINT('Control Point',(-8.00000006597,-11.2041413633,-1.69221772847E-006)) ;
#947=CARTESIAN_POINT('Control Point',(-7.99999131564,-11.8115159089,-1.528657363E-006)) ;
#948=CARTESIAN_POINT('Control Point',(-7.99998256441,-12.4188983202,0.115258417503)) ;
#949=CARTESIAN_POINT('Control Point',(-7.99997423317,-12.9970720701,0.34592968151)) ;
#950=CARTESIAN_POINT('Control Point',(-7.99995924794,-14.0368991219,1.01489520107)) ;
#951=CARTESIAN_POINT('Control Point',(-7.9999488325,-14.7593678599,2.01828661844)) ;
#952=CARTESIAN_POINT('Control Point',(-7.99994507395,-15.0199821194,2.58359577626)) ;
#953=CARTESIAN_POINT('Control Point',(-7.99994295357,-15.1668719109,3.18411371362)) ;
#954=CARTESIAN_POINT('Control Point',(-7.99994249139,-15.1986594923,3.79065600617)) ;
#956=CARTESIAN_POINT('Control Point',(1.11022302463E-015,-11.2041417331,8.00000000023)) ;
#957=CARTESIAN_POINT('Control Point',(1.52465930506E-015,-12.4188908925,8.0000000002)) ;
#958=CARTESIAN_POINT('Control Point',(-0.459947078003,-13.6345716235,8.00000000015)) ;
#959=CARTESIAN_POINT('Control Point',(-1.38762887452,-14.6121442632,8.00000000009)) ;
#960=CARTESIAN_POINT('Control Point',(-2.57757178715,-15.1350848133,8.00000000004)) ;
#961=CARTESIAN_POINT('Control Point',(-3.79065617503,-15.1986598722,8.)) ;
#962=CARTESIAN_POINT('Vertex',(-3.79065617503,-15.1986598722,8.)) ;
#966=CARTESIAN_POINT('Control Point',(-3.79065617503,-15.1986598722,8.)) ;
#967=CARTESIAN_POINT('Control Point',(-3.79065617504,-15.1986598721,7.07408040206)) ;
#968=CARTESIAN_POINT('Control Point',(-4.04524666504,-15.1986598745,6.14819118803)) ;
#969=CARTESIAN_POINT('Control Point',(-4.55429178881,-15.1986576326,5.31794774764)) ;
#970=CARTESIAN_POINT('Control Point',(-5.5460093098,-15.1986607078,4.41231537801)) ;
#971=CARTESIAN_POINT('Control Point',(-6.76483488241,-15.1986608366,3.95028782655)) ;
#972=CARTESIAN_POINT('Control Point',(-7.1263284948,-15.1986601296,3.85721656704)) ;
#973=CARTESIAN_POINT('Control Point',(-7.52200109949,-15.1986598909,3.80083540642)) ;
#974=CARTESIAN_POINT('Control Point',(-7.91919564687,-15.1986598726,3.7913025599)) ;
#975=CARTESIAN_POINT('Control Point',(-7.94612048694,-15.1986597118,3.79087176577)) ;
#976=CARTESIAN_POINT('Control Point',(-7.97303812308,-15.1986594984,3.79065631794)) ;
#977=CARTESIAN_POINT('Control Point',(-7.99994249139,-15.1986594923,3.79065600617)) ;
#980=CARTESIAN_POINT('Control Point',(8.97215258238E-016,-11.2041417331,8.00000000023)) ;
#981=CARTESIAN_POINT('Control Point',(5.14928343021E-011,-11.2041417331,6.24025854162)) ;
#982=CARTESIAN_POINT('Control Point',(-0.483857812578,-11.2041417353,4.4804837694)) ;
#983=CARTESIAN_POINT('Control Point',(-1.45131761424,-11.2041395998,2.90266346574)) ;
#984=CARTESIAN_POINT('Control Point',(-3.33612532779,-11.2041425295,1.18147535264)) ;
#985=CARTESIAN_POINT('Control Point',(-5.65252163391,-11.204142652,0.303386392498)) ;
#986=CARTESIAN_POINT('Control Point',(-6.33954352592,-11.2041419784,0.126501093668)) ;
#987=CARTESIAN_POINT('Control Point',(-7.09154392446,-11.204141751,0.0193460406069)) ;
#988=CARTESIAN_POINT('Control Point',(-7.84642835551,-11.2041417336,0.00122847859978)) ;
#989=CARTESIAN_POINT('Control Point',(-7.89760933633,-11.2041415788,0.000409148688891)) ;
#990=CARTESIAN_POINT('Control Point',(-7.94879931297,-11.2041413722,-1.09276755265E-006)) ;
#991=CARTESIAN_POINT('Control Point',(-7.99999999999,-11.2041413633,-1.69221695492E-006)) ;
#1000=CARTESIAN_POINT('Axis2P3D Location',(-4.,-11.2041417331,29.)) ;
#1005=CARTESIAN_POINT('Line Origine',(-3.79065617503,-15.1986598722,29.)) ;
#1018=CARTESIAN_POINT('Control Point',(-8.,-15.,-1.66533453694E-016)) ;
#1019=CARTESIAN_POINT('Control Point',(-8.,-15.2616797812,4.99314767377)) ;
#1020=CARTESIAN_POINT('Control Point',(-5.4834134559,-15.,4.17806400588E-010)) ;
#1021=CARTESIAN_POINT('Control Point',(-7.05412448673,-15.2616797812,4.99314767493)) ;
#1022=CARTESIAN_POINT('Control Point',(-2.96682527373,-15.,0.989563548715)) ;
#1023=CARTESIAN_POINT('Control Point',(-6.10824819431,-15.2616797812,5.3650816223)) ;
#1024=CARTESIAN_POINT('Control Point',(-0.989563554053,-15.,2.96682578522)) ;
#1025=CARTESIAN_POINT('Control Point',(-5.36508162369,-15.2616797812,6.10824843302)) ;
#1026=CARTESIAN_POINT('Control Point',(-4.1780073845E-010,-15.,5.48341345578)) ;
#1027=CARTESIAN_POINT('Control Point',(-4.99314767462,-15.2616797812,7.05412448706)) ;
#1028=CARTESIAN_POINT('Control Point',(1.18238752123E-014,-15.,8.)) ;
#1029=CARTESIAN_POINT('Control Point',(-4.99314767377,-15.2616797812,8.)) ;
#1031=CARTESIAN_POINT('Control Point',(-8.,-15.1986594923,3.79064892646)) ;
#1032=CARTESIAN_POINT('Control Point',(-8.,-15.2112635501,4.03114867593)) ;
#1033=CARTESIAN_POINT('Control Point',(-8.,-15.2238676079,4.27164842539)) ;
#1034=CARTESIAN_POINT('Control Point',(-8.,-15.2364716656,4.51214817485)) ;
#1035=CARTESIAN_POINT('Control Point',(-8.,-15.2490757234,4.75264792431)) ;
#1036=CARTESIAN_POINT('Control Point',(-8.,-15.2616797812,4.99314767377)) ;
#1039=CARTESIAN_POINT('Control Point',(-3.79065617503,-15.1986598722,8.)) ;
#1040=CARTESIAN_POINT('Control Point',(-4.03115447478,-15.211263854,8.)) ;
#1041=CARTESIAN_POINT('Control Point',(-4.27165277453,-15.2238678358,8.)) ;
#1042=CARTESIAN_POINT('Control Point',(-4.51215107427,-15.2364718176,8.)) ;
#1043=CARTESIAN_POINT('Control Point',(-4.75264937402,-15.2490757994,8.)) ;
#1044=CARTESIAN_POINT('Control Point',(-4.99314767377,-15.2616797812,8.)) ;
#1054=CARTESIAN_POINT('Control Point',(-50.,-13.2014008026,3.89532808751)) ;
#1055=CARTESIAN_POINT('Control Point',(-50.,-15.1986598722,3.79065617503)) ;
#1056=CARTESIAN_POINT('Control Point',(-50.,-13.1918645438,3.71336542933)) ;
#1057=CARTESIAN_POINT('Control Point',(-50.,-15.1795873545,3.42673085866)) ;
#1058=CARTESIAN_POINT('Control Point',(-50.,-13.1616058801,3.53248878637)) ;
#1059=CARTESIAN_POINT('Control Point',(-50.,-15.119070027,3.06497757275)) ;
#1060=CARTESIAN_POINT('Control Point',(-50.,-13.1107873171,3.35584533043)) ;
#1061=CARTESIAN_POINT('Control Point',(-50.,-15.0174329011,2.71169066086)) ;
#1062=CARTESIAN_POINT('Control Point',(-50.,-12.9698176897,3.01723736991)) ;
#1063=CARTESIAN_POINT('Control Point',(-50.,-14.7354936462,2.03447473981)) ;
#1064=CARTESIAN_POINT('Control Point',(-50.,-12.7563220204,2.71899688637)) ;
#1065=CARTESIAN_POINT('Control Point',(-50.,-14.3085023077,1.43799377274)) ;
#1066=CARTESIAN_POINT('Control Point',(-50.,-12.6329731742,2.58272326824)) ;
#1067=CARTESIAN_POINT('Control Point',(-50.,-14.0618046152,1.16544653648)) ;
#1068=CARTESIAN_POINT('Control Point',(-50.,-12.3574116563,2.34066204321)) ;
#1069=CARTESIAN_POINT('Control Point',(-50.,-13.5106815794,0.681324086413)) ;
#1070=CARTESIAN_POINT('Control Point',(-50.,-12.0344789873,2.16675897228)) ;
#1071=CARTESIAN_POINT('Control Point',(-50.,-12.8648162414,0.33351794456)) ;
#1072=CARTESIAN_POINT('Control Point',(-50.,-11.8637562195,2.09864749436)) ;
#1073=CARTESIAN_POINT('Control Point',(-50.,-12.5233707058,0.197294988715)) ;
#1074=CARTESIAN_POINT('Control Point',(-50.,-11.6277868486,2.03454926124)) ;
#1075=CARTESIAN_POINT('Control Point',(-50.,-12.0514319641,0.0690985224793)) ;
#1076=CARTESIAN_POINT('Control Point',(-50.,-11.3862374074,2.00691695115)) ;
#1077=CARTESIAN_POINT('Control Point',(-50.,-11.5683330817,0.0138339022948)) ;
#1078=CARTESIAN_POINT('Control Point',(-50.,-11.3256166491,2.00230564925)) ;
#1079=CARTESIAN_POINT('Control Point',(-50.,-11.447091565,0.00461129850073)) ;
#1080=CARTESIAN_POINT('Control Point',(-50.,-11.2648791911,2.)) ;
#1081=CARTESIAN_POINT('Control Point',(-50.,-11.3256166491,-2.22044604925E-015)) ;
#1082=CARTESIAN_POINT('Control Point',(-50.,-11.2041417331,2.)) ;
#1083=CARTESIAN_POINT('Control Point',(-50.,-11.2041417331,-7.54951656745E-015)) ;
#1085=CARTESIAN_POINT('Control Point',(-50.,-11.2041417331,2.)) ;
#1086=CARTESIAN_POINT('Control Point',(-50.,-11.2041417331,2.22044604925E-016)) ;
#1089=CARTESIAN_POINT('Control Point',(-50.,-13.2014008026,3.89532808751)) ;
#1090=CARTESIAN_POINT('Control Point',(-50.,-15.1986598722,3.79065617503)) ;
#1099=CARTESIAN_POINT('Axis2P3D Location',(-50.,7.1054273576E-015,0.)) ;
#1104=CARTESIAN_POINT('Line Origine',(-50.,11.2041417331,1.)) ;
#1108=CARTESIAN_POINT('Vertex',(-50.,11.2041417331,0.)) ;
#1111=CARTESIAN_POINT('Line Origine',(-50.,7.1054273576E-015,0.)) ;
#1116=CARTESIAN_POINT('Line Origine',(-50.,7.1054273576E-015,2.)) ;
#1129=CARTESIAN_POINT('Control Point',(-50.,11.2041417331,2.)) ;
#1130=CARTESIAN_POINT('Control Point',(-50.,11.2041417331,0.)) ;
#1131=CARTESIAN_POINT('Control Point',(-50.,11.386354107,2.)) ;
#1132=CARTESIAN_POINT('Control Point',(-50.,11.568566481,8.881784197E-016)) ;
#1133=CARTESIAN_POINT('Control Point',(-50.,11.568566481,2.02075084325)) ;
#1134=CARTESIAN_POINT('Control Point',(-50.,11.9329912288,0.0415016865066)) ;
#1135=CARTESIAN_POINT('Control Point',(-50.,11.7476274913,2.06225495691)) ;
#1136=CARTESIAN_POINT('Control Point',(-50.,12.2911132494,0.124509913822)) ;
#1137=CARTESIAN_POINT('Control Point',(-50.,12.0931491816,2.18531001902)) ;
#1138=CARTESIAN_POINT('Control Point',(-50.,12.9821566301,0.370620038034)) ;
#1139=CARTESIAN_POINT('Control Point',(-50.,12.4021544369,2.38290439897)) ;
#1140=CARTESIAN_POINT('Control Point',(-50.,13.6001671407,0.76580879794)) ;
#1141=CARTESIAN_POINT('Control Point',(-50.,12.5446968766,2.49895218977)) ;
#1142=CARTESIAN_POINT('Control Point',(-50.,13.8852520201,0.997904379545)) ;
#1143=CARTESIAN_POINT('Control Point',(-50.,12.8008481407,2.76146755449)) ;
#1144=CARTESIAN_POINT('Control Point',(-50.,14.3975545483,1.52293510899)) ;
#1145=CARTESIAN_POINT('Control Point',(-50.,12.9914138735,3.07485627201)) ;
#1146=CARTESIAN_POINT('Control Point',(-50.,14.778686014,2.14971254403)) ;
#1147=CARTESIAN_POINT('Control Point',(-50.,13.0683669464,3.24178039085)) ;
#1148=CARTESIAN_POINT('Control Point',(-50.,14.9325921596,2.4835607817)) ;
#1149=CARTESIAN_POINT('Control Point',(-50.,13.1447270177,3.47407173155)) ;
#1150=CARTESIAN_POINT('Control Point',(-50.,15.0853123023,2.94814346311)) ;
#1151=CARTESIAN_POINT('Control Point',(-50.,13.1849631797,3.71384397427)) ;
#1152=CARTESIAN_POINT('Control Point',(-50.,15.1657846263,3.42768794854)) ;
#1153=CARTESIAN_POINT('Control Point',(-50.,13.1927408073,3.77414031708)) ;
#1154=CARTESIAN_POINT('Control Point',(-50.,15.1813398815,3.54828063417)) ;
#1155=CARTESIAN_POINT('Control Point',(-50.,13.1982220497,3.83467386812)) ;
#1156=CARTESIAN_POINT('Control Point',(-50.,15.1923023663,3.66934773624)) ;
#1157=CARTESIAN_POINT('Control Point',(-50.,13.2014008026,3.89532808751)) ;
#1158=CARTESIAN_POINT('Control Point',(-50.,15.1986598722,3.79065617503)) ;
#1160=CARTESIAN_POINT('Control Point',(-50.,13.2014008026,3.89532808751)) ;
#1161=CARTESIAN_POINT('Control Point',(-50.,15.1986598722,3.79065617503)) ;
#1162=CARTESIAN_POINT('Vertex',(-50.,15.1986598722,3.79065617503)) ;
#1166=CARTESIAN_POINT('Control Point',(-50.,11.2041417331,0.)) ;
#1167=CARTESIAN_POINT('Control Point',(-50.,11.568566481,1.17549140869E-016)) ;
#1168=CARTESIAN_POINT('Control Point',(-50.,11.9329912288,0.0415016865066)) ;
#1169=CARTESIAN_POINT('Control Point',(-50.,12.2911132494,0.124509913822)) ;
#1170=CARTESIAN_POINT('Control Point',(-50.,12.9821566301,0.370620038034)) ;
#1171=CARTESIAN_POINT('Control Point',(-50.,13.6001671407,0.76580879794)) ;
#1172=CARTESIAN_POINT('Control Point',(-50.,13.8852520201,0.997904379545)) ;
#1173=CARTESIAN_POINT('Control Point',(-50.,14.3975545483,1.52293510899)) ;
#1174=CARTESIAN_POINT('Control Point',(-50.,14.778686014,2.14971254403)) ;
#1175=CARTESIAN_POINT('Control Point',(-50.,14.9325921596,2.4835607817)) ;
#1176=CARTESIAN_POINT('Control Point',(-50.,15.0853123023,2.94814346311)) ;
#1177=CARTESIAN_POINT('Control Point',(-50.,15.1657846263,3.42768794854)) ;
#1178=CARTESIAN_POINT('Control Point',(-50.,15.1813398815,3.54828063417)) ;
#1179=CARTESIAN_POINT('Control Point',(-50.,15.1923023663,3.66934773624)) ;
#1180=CARTESIAN_POINT('Control Point',(-50.,15.1986598722,3.79065617503)) ;
#1190=CARTESIAN_POINT('Control Point',(-4.99314767377,15.2616797812,8.)) ;
#1191=CARTESIAN_POINT('Control Point',(-5.09781958626,13.2644207117,8.00000000005)) ;
#1192=CARTESIAN_POINT('Control Point',(-4.99314767403,15.2616797812,7.71623734612)) ;
#1193=CARTESIAN_POINT('Control Point',(-5.0978195865,13.2644207117,7.72611544208)) ;
#1194=CARTESIAN_POINT('Control Point',(-5.02662172962,15.2616797812,7.43247464354)) ;
#1195=CARTESIAN_POINT('Control Point',(-5.13012837248,13.2644207117,7.4522266411)) ;
#1196=CARTESIAN_POINT('Control Point',(-5.09355090473,15.2616797812,7.15418505643)) ;
#1197=CARTESIAN_POINT('Control Point',(-5.19472758843,13.2644206889,7.18362711242)) ;
#1198=CARTESIAN_POINT('Control Point',(-5.29156291288,15.2616797812,6.61894462569)) ;
#1199=CARTESIAN_POINT('Control Point',(-5.38584507378,13.2644206899,6.66702251278)) ;
#1200=CARTESIAN_POINT('Control Point',(-5.60823057784,15.2616797812,6.14476012958)) ;
#1201=CARTESIAN_POINT('Control Point',(-5.69148933205,13.264420717,6.20934523347)) ;
#1202=CARTESIAN_POINT('Control Point',(-5.79381540978,15.2616797812,5.92752647711)) ;
#1203=CARTESIAN_POINT('Control Point',(-5.87061510901,13.264420727,5.99967210522)) ;
#1204=CARTESIAN_POINT('Control Point',(-6.21259199467,15.2616797812,5.54076229858)) ;
#1205=CARTESIAN_POINT('Control Point',(-6.27481611001,13.2644207153,5.62636936756)) ;
#1206=CARTESIAN_POINT('Control Point',(-6.70995269128,15.2616797812,5.2616707205)) ;
#1207=CARTESIAN_POINT('Control Point',(-6.75486200262,13.2644206898,5.35699365512)) ;
#1208=CARTESIAN_POINT('Control Point',(-6.97412163494,15.2616797812,5.15210966848)) ;
#1209=CARTESIAN_POINT('Control Point',(-7.00983221278,13.2644206867,5.25124763577)) ;
#1210=CARTESIAN_POINT('Control Point',(-7.34054291123,15.2616797812,5.04885185035)) ;
#1211=CARTESIAN_POINT('Control Point',(-7.36349685862,13.2644207019,5.15158470458)) ;
#1212=CARTESIAN_POINT('Control Point',(-7.71651047347,15.2616797812,5.00429664315)) ;
#1213=CARTESIAN_POINT('Control Point',(-7.72637809515,13.2644207104,5.10858047017)) ;
#1214=CARTESIAN_POINT('Control Point',(-7.8107539961,15.2616797812,4.99686980164)) ;
#1215=CARTESIAN_POINT('Control Point',(-7.81784077805,13.2644207117,5.10141214265)) ;
#1216=CARTESIAN_POINT('Control Point',(-7.90537700195,15.2616797812,4.99314767389)) ;
#1217=CARTESIAN_POINT('Control Point',(-7.90867093457,13.2644207117,5.09781958637)) ;
#1218=CARTESIAN_POINT('Control Point',(-8.,15.2616797812,4.99314767377)) ;
#1219=CARTESIAN_POINT('Control Point',(-8.00000000006,13.2644207117,5.09781958626)) ;
#1221=CARTESIAN_POINT('Control Point',(-4.99314767377,15.2616797812,8.)) ;
#1222=CARTESIAN_POINT('Control Point',(-5.09781958626,13.2644207117,8.00000000005)) ;
#1223=CARTESIAN_POINT('Vertex',(-4.99314767377,15.2616797812,8.)) ;
#1227=CARTESIAN_POINT('Control Point',(-4.99314767377,15.2616797812,8.)) ;
#1228=CARTESIAN_POINT('Control Point',(-4.99314767403,15.2616797812,7.71623734612)) ;
#1229=CARTESIAN_POINT('Control Point',(-5.02662172962,15.2616797812,7.43247464354)) ;
#1230=CARTESIAN_POINT('Control Point',(-5.09355090473,15.2616797812,7.15418505643)) ;
#1231=CARTESIAN_POINT('Control Point',(-5.29156291288,15.2616797812,6.61894462569)) ;
#1232=CARTESIAN_POINT('Control Point',(-5.60823057784,15.2616797812,6.14476012958)) ;
#1233=CARTESIAN_POINT('Control Point',(-5.79381540978,15.2616797812,5.92752647711)) ;
#1234=CARTESIAN_POINT('Control Point',(-6.21259199467,15.2616797812,5.54076229858)) ;
#1235=CARTESIAN_POINT('Control Point',(-6.70995269128,15.2616797812,5.2616707205)) ;
#1236=CARTESIAN_POINT('Control Point',(-6.97412163494,15.2616797812,5.15210966848)) ;
#1237=CARTESIAN_POINT('Control Point',(-7.34054291123,15.2616797812,5.04885185035)) ;
#1238=CARTESIAN_POINT('Control Point',(-7.71651047347,15.2616797812,5.00429664315)) ;
#1239=CARTESIAN_POINT('Control Point',(-7.8107539961,15.2616797812,4.99686980164)) ;
#1240=CARTESIAN_POINT('Control Point',(-7.90537700195,15.2616797812,4.99314767389)) ;
#1241=CARTESIAN_POINT('Control Point',(-8.,15.2616797812,4.99314767377)) ;
#1242=CARTESIAN_POINT('Vertex',(-8.,15.2616797812,4.99314767377)) ;
#1246=CARTESIAN_POINT('Control Point',(-8.,15.2616797812,4.99314767377)) ;
#1247=CARTESIAN_POINT('Control Point',(-8.00000000006,13.2644207117,5.09781958626)) ;
#1257=CARTESIAN_POINT('Control Point',(-8.,15.,-1.66533453694E-016)) ;
#1258=CARTESIAN_POINT('Control Point',(-8.,15.2616797812,4.99314767377)) ;
#1259=CARTESIAN_POINT('Control Point',(-5.4834134559,15.,4.17806400588E-010)) ;
#1260=CARTESIAN_POINT('Control Point',(-7.05412448673,15.2616797812,4.99314767493)) ;
#1261=CARTESIAN_POINT('Control Point',(-2.96682527373,15.,0.989563548715)) ;
#1262=CARTESIAN_POINT('Control Point',(-6.10824819431,15.2616797812,5.3650816223)) ;
#1263=CARTESIAN_POINT('Control Point',(-0.989563554053,15.,2.96682578522)) ;
#1264=CARTESIAN_POINT('Control Point',(-5.36508162369,15.2616797812,6.10824843302)) ;
#1265=CARTESIAN_POINT('Control Point',(-4.1780073845E-010,15.,5.48341345578)) ;
#1266=CARTESIAN_POINT('Control Point',(-4.99314767462,15.2616797812,7.05412448706)) ;
#1267=CARTESIAN_POINT('Control Point',(1.18238752123E-014,15.,8.)) ;
#1268=CARTESIAN_POINT('Control Point',(-4.99314767377,15.2616797812,8.)) ;
#1270=CARTESIAN_POINT('Control Point',(-3.79065813374,15.1986599748,8.)) ;
#1271=CARTESIAN_POINT('Control Point',(-4.03115604175,15.2112639361,8.)) ;
#1272=CARTESIAN_POINT('Control Point',(-4.27165394975,15.2238678974,8.)) ;
#1273=CARTESIAN_POINT('Control Point',(-4.51215185776,15.2364718587,8.)) ;
#1274=CARTESIAN_POINT('Control Point',(-4.75264976577,15.2490758199,8.)) ;
#1275=CARTESIAN_POINT('Control Point',(-4.99314767377,15.2616797812,8.)) ;
#1276=CARTESIAN_POINT('Vertex',(-3.79065813374,15.1986599748,8.)) ;
#1280=CARTESIAN_POINT('Control Point',(-3.79065813374,15.1986599748,8.)) ;
#1281=CARTESIAN_POINT('Control Point',(-3.79051879108,15.1986526721,6.67724015085)) ;
#1282=CARTESIAN_POINT('Control Point',(-4.31157184851,15.1986692308,5.35083515686)) ;
#1283=CARTESIAN_POINT('Control Point',(-5.35079512548,15.1986693874,4.31155797836)) ;
#1284=CARTESIAN_POINT('Control Point',(-6.6772639332,15.1986525973,3.79051736251)) ;
#1285=CARTESIAN_POINT('Control Point',(-8.,15.1986599771,3.79065817647)) ;
#1286=CARTESIAN_POINT('Vertex',(-8.,15.1986599771,3.79065817647)) ;
#1290=CARTESIAN_POINT('Control Point',(-8.,15.1986599771,3.79065817647)) ;
#1291=CARTESIAN_POINT('Control Point',(-8.,15.2112639379,4.03115607593)) ;
#1292=CARTESIAN_POINT('Control Point',(-8.,15.2238678987,4.27165397539)) ;
#1293=CARTESIAN_POINT('Control Point',(-8.,15.2364718595,4.51215187485)) ;
#1294=CARTESIAN_POINT('Control Point',(-8.,15.2490758204,4.75264977431)) ;
#1295=CARTESIAN_POINT('Control Point',(-8.,15.2616797812,4.99314767377)) ;
#1304=CARTESIAN_POINT('Axis2P3D Location',(-29.,11.2041417331,4.)) ;
#1309=CARTESIAN_POINT('Line Origine',(-29.,11.2041417331,0.)) ;
#1313=CARTESIAN_POINT('Vertex',(-8.,11.2041418312,0.)) ;
#1316=CARTESIAN_POINT('Line Origine',(-29.,15.1986598722,3.79065617503)) ;
#1321=CARTESIAN_POINT('Axis2P3D Location',(-8.,11.2041417331,4.)) ;
#1333=CARTESIAN_POINT('Axis2P3D Location',(-8.,0.,8.)) ;
#1338=CARTESIAN_POINT('Line Origine',(-8.,0.,0.)) ;
#1344=CARTESIAN_POINT('Control Point',(8.881784197E-016,11.2041418292,8.)) ;
#1345=CARTESIAN_POINT('Control Point',(1.55854062295E-015,11.2041349499,5.48373962428)) ;
#1346=CARTESIAN_POINT('Control Point',(-0.987959314261,11.2041505962,2.96849976288)) ;
#1347=CARTESIAN_POINT('Control Point',(-2.96852523387,11.2041507356,0.987981063636)) ;
#1348=CARTESIAN_POINT('Control Point',(-5.4837133529,11.204134883,5.71949894853E-015)) ;
#1349=CARTESIAN_POINT('Control Point',(-8.,11.2041418312,-8.881784197E-016)) ;
#1359=CARTESIAN_POINT('Control Point',(-1.80386110382E-007,11.2041418292,8.00000001328)) ;
#1360=CARTESIAN_POINT('Control Point',(-1.35358524833E-007,11.8115164181,7.99999682512)) ;
#1361=CARTESIAN_POINT('Control Point',(-0.11525986276,12.4188988726,7.99999363667)) ;
#1362=CARTESIAN_POINT('Control Point',(-0.3459309079,12.9970726594,7.9999906013)) ;
#1363=CARTESIAN_POINT('Control Point',(-1.01489600798,14.0368997598,7.99998514173)) ;
#1364=CARTESIAN_POINT('Control Point',(-2.01828706779,14.7593684823,7.9999813473)) ;
#1365=CARTESIAN_POINT('Control Point',(-2.58359606876,15.0199827144,7.99997997811)) ;
#1366=CARTESIAN_POINT('Control Point',(-3.18411387476,15.1668724582,7.99997920579)) ;
#1367=CARTESIAN_POINT('Control Point',(-3.79065606222,15.1986599747,7.99997903764)) ;
#1368=CARTESIAN_POINT('Control Point',(4.20628504292E-006,11.2041383896,6.74186951671)) ;
#1369=CARTESIAN_POINT('Control Point',(2.655193624E-006,11.8115126523,6.74195654023)) ;
#1370=CARTESIAN_POINT('Control Point',(-0.115258610192,12.4188947808,6.76017004525)) ;
#1371=CARTESIAN_POINT('Control Point',(-0.345931058012,12.9970682881,6.79652967833)) ;
#1372=CARTESIAN_POINT('Control Point',(-1.01489857738,14.0368950142,6.90188435522)) ;
#1373=CARTESIAN_POINT('Control Point',(-2.01829118062,14.7593638334,7.05978749827)) ;
#1374=CARTESIAN_POINT('Control Point',(-2.58360070742,15.0199782576,7.14872890851)) ;
#1375=CARTESIAN_POINT('Control Point',(-3.1841187981,15.1668683421,7.24319118244)) ;
#1376=CARTESIAN_POINT('Control Point',(-3.79066105675,15.1986563265,7.33858439569)) ;
#1377=CARTESIAN_POINT('Control Point',(-0.247167662166,11.2041473181,5.48496961258)) ;
#1378=CARTESIAN_POINT('Control Point',(-0.247165156023,11.8115224272,5.48484443264)) ;
#1379=CARTESIAN_POINT('Control Point',(-0.358861556793,12.418905402,5.52095447785)) ;
#1380=CARTESIAN_POINT('Control Point',(-0.582403846864,12.9970796347,5.59335341169)) ;
#1381=CARTESIAN_POINT('Control Point',(-1.23069750976,14.0369073314,5.80344756109)) ;
#1382=CARTESIAN_POINT('Control Point',(-2.20308637224,14.7593758971,6.11874354043)) ;
#1383=CARTESIAN_POINT('Control Point',(-2.75092930992,15.0199898209,6.29641099272)) ;
#1384=CARTESIAN_POINT('Control Point',(-3.33289364239,15.1668790191,6.48517078467)) ;
#1385=CARTESIAN_POINT('Control Point',(-3.92069655618,15.1986657867,6.67584823721)) ;
#1386=CARTESIAN_POINT('Control Point',(-0.74143625987,11.2041413044,4.29283717136)) ;
#1387=CARTESIAN_POINT('Control Point',(-0.741468434746,11.8115158417,4.29286931425)) ;
#1388=CARTESIAN_POINT('Control Point',(-0.846078193551,12.4188982447,4.34631226522)) ;
#1389=CARTESIAN_POINT('Control Point',(-1.05540148688,12.997071987,4.4532347024)) ;
#1390=CARTESIAN_POINT('Control Point',(-1.66242255409,14.0368990262,4.76328488403)) ;
#1391=CARTESIAN_POINT('Control Point',(-2.57285837812,14.7593677585,5.22828960976)) ;
#1392=CARTESIAN_POINT('Control Point',(-3.08578876612,15.0199820173,5.49026481829)) ;
#1393=CARTESIAN_POINT('Control Point',(-3.6306587874,15.1668718103,5.76854960024)) ;
#1394=CARTESIAN_POINT('Control Point',(-4.18098873261,15.1986593953,6.04961996747)) ;
#1395=CARTESIAN_POINT('Control Point',(-2.16917064958,11.2041470725,2.16917303341)) ;
#1396=CARTESIAN_POINT('Control Point',(-2.16913725989,11.8115221594,2.1691407765)) ;
#1397=CARTESIAN_POINT('Control Point',(-2.25311151658,12.418905112,2.25311609085)) ;
#1398=CARTESIAN_POINT('Control Point',(-2.42120547903,12.9970793254,2.42121098125)) ;
#1399=CARTESIAN_POINT('Control Point',(-2.90872682187,14.0369069944,2.90873382712)) ;
#1400=CARTESIAN_POINT('Control Point',(-3.64001346308,14.7593755606,3.64002116043)) ;
#1401=CARTESIAN_POINT('Control Point',(-4.05202724968,15.0199894934,4.05203506354)) ;
#1402=CARTESIAN_POINT('Control Point',(-4.48970931898,15.1668787095,4.48971701368)) ;
#1403=CARTESIAN_POINT('Control Point',(-4.93178852143,15.1986655029,4.93179587763)) ;
#1404=CARTESIAN_POINT('Control Point',(-4.2928262755,11.2041413017,0.741443557083)) ;
#1405=CARTESIAN_POINT('Control Point',(-4.29285909222,11.8115158389,0.741474918305)) ;
#1406=CARTESIAN_POINT('Control Point',(-4.34630291623,12.4188982418,0.846083741755)) ;
#1407=CARTESIAN_POINT('Control Point',(-4.45322639352,12.9970719841,1.055406017)) ;
#1408=CARTESIAN_POINT('Control Point',(-4.76327888473,14.0368990232,1.66242498515)) ;
#1409=CARTESIAN_POINT('Control Point',(-5.22828614494,14.7593677555,2.57285878323)) ;
#1410=CARTESIAN_POINT('Control Point',(-5.49026261861,15.0199820143,3.08578822631)) ;
#1411=CARTESIAN_POINT('Control Point',(-5.76854859979,15.1668718074,3.63065741847)) ;
#1412=CARTESIAN_POINT('Control Point',(-6.04962004824,15.1986593925,4.18098668314)) ;
#1413=CARTESIAN_POINT('Control Point',(-5.4849867394,11.204147365,0.247167410713)) ;
#1414=CARTESIAN_POINT('Control Point',(-5.48485787707,11.8115224844,0.24716485971)) ;
#1415=CARTESIAN_POINT('Control Point',(-5.52096399066,12.4189054695,0.358861227161)) ;
#1416=CARTESIAN_POINT('Control Point',(-5.59335892045,12.9970797111,0.582403497638)) ;
#1417=CARTESIAN_POINT('Control Point',(-5.80344531933,14.0369074194,1.23069714993)) ;
#1418=CARTESIAN_POINT('Control Point',(-6.11873474926,14.7593759817,2.20308605466)) ;
#1419=CARTESIAN_POINT('Control Point',(-6.29639939937,15.0199898993,2.75092902563)) ;
#1420=CARTESIAN_POINT('Control Point',(-6.48515700252,15.1668790864,3.33289340087)) ;
#1421=CARTESIAN_POINT('Control Point',(-6.67583295109,15.1986658389,3.92069636358)) ;
#1422=CARTESIAN_POINT('Control Point',(-6.74185636402,11.2041383571,-4.09656576052E-006)) ;
#1423=CARTESIAN_POINT('Control Point',(-6.74194599879,11.8115126128,-2.53008237576E-006)) ;
#1424=CARTESIAN_POINT('Control Point',(-6.76016230295,12.4188947341,0.115258746475)) ;
#1425=CARTESIAN_POINT('Control Point',(-6.79652479769,12.9970682353,0.345931200493)) ;
#1426=CARTESIAN_POINT('Control Point',(-6.90188503534,14.0368949534,1.01489872226)) ;
#1427=CARTESIAN_POINT('Control Point',(-7.05979291978,14.7593637749,2.01829131043)) ;
#1428=CARTESIAN_POINT('Control Point',(-7.1487363718,15.0199782035,2.58360082593)) ;
#1429=CARTESIAN_POINT('Control Point',(-7.24320025595,15.1668682956,3.18411890282)) ;
#1430=CARTESIAN_POINT('Control Point',(-7.33859459437,15.1986562904,3.7906611466)) ;
#1431=CARTESIAN_POINT('Control Point',(-8.00000001453,11.2041418312,1.82190995623E-007)) ;
#1432=CARTESIAN_POINT('Control Point',(-7.99999662886,11.8115164204,1.36190447253E-007)) ;
#1433=CARTESIAN_POINT('Control Point',(-7.99999324298,12.4188988753,0.11525986272)) ;
#1434=CARTESIAN_POINT('Control Point',(-7.99999001977,12.9970726624,0.345930907137)) ;
#1435=CARTESIAN_POINT('Control Point',(-7.9999842226,14.0368997632,1.01489600611)) ;
#1436=CARTESIAN_POINT('Control Point',(-7.99998019403,14.7593684856,2.01828706548)) ;
#1437=CARTESIAN_POINT('Control Point',(-7.99997874054,15.0199827175,2.58359606639)) ;
#1438=CARTESIAN_POINT('Control Point',(-7.99997792095,15.1668724609,3.18411387248)) ;
#1439=CARTESIAN_POINT('Control Point',(-7.99997774295,15.1986599769,3.7906560601)) ;
#1441=CARTESIAN_POINT('Control Point',(-1.80386110493E-007,11.2041418292,8.00000001328)) ;
#1442=CARTESIAN_POINT('Control Point',(-9.03309402918E-008,12.4188910069,7.99999363696)) ;
#1443=CARTESIAN_POINT('Control Point',(-0.459947081186,13.6345717562,7.99998725477)) ;
#1444=CARTESIAN_POINT('Control Point',(-1.38762881164,14.6121444035,7.99998212143)) ;
#1445=CARTESIAN_POINT('Control Point',(-2.57757168731,15.1350849417,7.99997937394)) ;
#1446=CARTESIAN_POINT('Control Point',(-3.79065606222,15.1986599747,7.99997903764)) ;
#1455=CARTESIAN_POINT('Axis2P3D Location',(-4.,11.2041417331,29.)) ;
#1460=CARTESIAN_POINT('Line Origine',(-3.79065617503,15.1986598722,29.)) ;
#1464=CARTESIAN_POINT('Vertex',(-3.79065617503,15.1986598722,50.)) ;
#1467=CARTESIAN_POINT('Axis2P3D Location',(-4.,11.2041417331,50.)) ;
#1479=CARTESIAN_POINT('Axis2P3D Location',(0.,-1.18423789293E-015,50.)) ;
#1484=CARTESIAN_POINT('Line Origine',(-1.,11.2041417331,50.)) ;
#1497=CARTESIAN_POINT('Control Point',(-2.,11.2041417331,50.)) ;
#1498=CARTESIAN_POINT('Control Point',(0.,11.2041417331,50.)) ;
#1499=CARTESIAN_POINT('Control Point',(-2.,11.386354107,50.)) ;
#1500=CARTESIAN_POINT('Control Point',(-8.881784197E-016,11.568566481,50.)) ;
#1501=CARTESIAN_POINT('Control Point',(-2.02075084325,11.568566481,50.)) ;
#1502=CARTESIAN_POINT('Control Point',(-0.0415016865066,11.9329912288,50.)) ;
#1503=CARTESIAN_POINT('Control Point',(-2.06225495691,11.7476274913,50.)) ;
#1504=CARTESIAN_POINT('Control Point',(-0.124509913822,12.2911132494,50.)) ;
#1505=CARTESIAN_POINT('Control Point',(-2.18531001902,12.0931491816,50.)) ;
#1506=CARTESIAN_POINT('Control Point',(-0.370620038034,12.9821566301,50.)) ;
#1507=CARTESIAN_POINT('Control Point',(-2.38290439897,12.4021544369,50.)) ;
#1508=CARTESIAN_POINT('Control Point',(-0.76580879794,13.6001671407,50.)) ;
#1509=CARTESIAN_POINT('Control Point',(-2.49895218977,12.5446968766,50.)) ;
#1510=CARTESIAN_POINT('Control Point',(-0.997904379545,13.8852520201,50.)) ;
#1511=CARTESIAN_POINT('Control Point',(-2.76146755449,12.8008481407,50.)) ;
#1512=CARTESIAN_POINT('Control Point',(-1.52293510899,14.3975545483,50.)) ;
#1513=CARTESIAN_POINT('Control Point',(-3.07485627201,12.9914138735,50.)) ;
#1514=CARTESIAN_POINT('Control Point',(-2.14971254403,14.778686014,50.)) ;
#1515=CARTESIAN_POINT('Control Point',(-3.24178039085,13.0683669464,50.)) ;
#1516=CARTESIAN_POINT('Control Point',(-2.4835607817,14.9325921596,50.)) ;
#1517=CARTESIAN_POINT('Control Point',(-3.47407173155,13.1447270177,50.)) ;
#1518=CARTESIAN_POINT('Control Point',(-2.94814346311,15.0853123023,50.)) ;
#1519=CARTESIAN_POINT('Control Point',(-3.71384397427,13.1849631797,50.)) ;
#1520=CARTESIAN_POINT('Control Point',(-3.42768794854,15.1657846263,50.)) ;
#1521=CARTESIAN_POINT('Control Point',(-3.77414031708,13.1927408073,50.)) ;
#1522=CARTESIAN_POINT('Control Point',(-3.54828063417,15.1813398815,50.)) ;
#1523=CARTESIAN_POINT('Control Point',(-3.83467386812,13.1982220497,50.)) ;
#1524=CARTESIAN_POINT('Control Point',(-3.66934773624,15.1923023663,50.)) ;
#1525=CARTESIAN_POINT('Control Point',(-3.89532808751,13.2014008026,50.)) ;
#1526=CARTESIAN_POINT('Control Point',(-3.79065617503,15.1986598722,50.)) ;
#1528=CARTESIAN_POINT('Control Point',(-3.89532808751,13.2014008026,50.)) ;
#1529=CARTESIAN_POINT('Control Point',(-3.79065617503,15.1986598722,50.)) ;
#1539=CARTESIAN_POINT('Control Point',(-50.0299777057,13.2014008026,3.89532808751)) ;
#1540=CARTESIAN_POINT('Control Point',(-50.0299777057,13.2658416961,5.12493358394)) ;
#1541=CARTESIAN_POINT('Control Point',(-8.,13.2014008026,3.89532808751)) ;
#1542=CARTESIAN_POINT('Control Point',(-8.,13.2658416961,5.12493358394)) ;
#1544=CARTESIAN_POINT('Control Point',(-50.,13.2014008026,3.89532808751)) ;
#1545=CARTESIAN_POINT('Control Point',(-50.,13.2120847555,4.0991900515)) ;
#1546=CARTESIAN_POINT('Vertex',(-50.,13.2120847555,4.0991900515)) ;
#1550=CARTESIAN_POINT('Control Point',(-8.00000000006,13.2644207117,5.09781958626)) ;
#1551=CARTESIAN_POINT('Control Point',(-49.,13.2644207117,5.09781958626)) ;
#1552=CARTESIAN_POINT('Vertex',(-49.,13.2644207117,5.09781958626)) ;
#1556=CARTESIAN_POINT('Control Point',(-50.,13.2120847555,4.0991900515)) ;
#1557=CARTESIAN_POINT('Control Point',(-50.,13.2326367438,4.49134535089)) ;
#1558=CARTESIAN_POINT('Control Point',(-49.7904308027,13.2534528959,4.88854119278)) ;
#1559=CARTESIAN_POINT('Control Point',(-49.3926934721,13.2644207117,5.09781958626)) ;
#1560=CARTESIAN_POINT('Control Point',(-49.,13.2644207117,5.09781958626)) ;
#1571=CARTESIAN_POINT('Control Point',(-50.,15.1986598722,3.79065617503)) ;
#1572=CARTESIAN_POINT('Control Point',(-50.,13.2014008026,3.89532808751)) ;
#1573=CARTESIAN_POINT('Control Point',(-50.,15.2007966627,3.83142856783)) ;
#1574=CARTESIAN_POINT('Control Point',(-50.,13.2035375932,3.93610048031)) ;
#1575=CARTESIAN_POINT('Control Point',(-50.,15.2029334533,3.87220096062)) ;
#1576=CARTESIAN_POINT('Control Point',(-50.,13.2056743838,3.97687287311)) ;
#1577=CARTESIAN_POINT('Control Point',(-50.,15.2050702438,3.91297335342)) ;
#1578=CARTESIAN_POINT('Control Point',(-50.,13.2078111743,4.01764526591)) ;
#1579=CARTESIAN_POINT('Control Point',(-50.,15.2072070344,3.95374574622)) ;
#1580=CARTESIAN_POINT('Control Point',(-50.,13.2099479649,4.05841765871)) ;
#1581=CARTESIAN_POINT('Control Point',(-50.,15.209343825,3.99451813902)) ;
#1582=CARTESIAN_POINT('Control Point',(-50.,13.2120847555,4.0991900515)) ;
#1584=CARTESIAN_POINT('Control Point',(-50.,15.209343825,3.99451813902)) ;
#1585=CARTESIAN_POINT('Control Point',(-50.,13.2120847555,4.0991900515)) ;
#1586=CARTESIAN_POINT('Vertex',(-50.,15.209343825,3.99451813902)) ;
#1590=CARTESIAN_POINT('Control Point',(-50.,15.1986598722,3.79065617503)) ;
#1591=CARTESIAN_POINT('Control Point',(-50.,15.2007966627,3.83142856783)) ;
#1592=CARTESIAN_POINT('Control Point',(-50.,15.2029334533,3.87220096062)) ;
#1593=CARTESIAN_POINT('Control Point',(-50.,15.2050702438,3.91297335342)) ;
#1594=CARTESIAN_POINT('Control Point',(-50.,15.2072070344,3.95374574622)) ;
#1595=CARTESIAN_POINT('Control Point',(-50.,15.209343825,3.99451813902)) ;
#1605=CARTESIAN_POINT('Control Point',(-8.,15.2616797812,4.99314767377)) ;
#1606=CARTESIAN_POINT('Control Point',(-8.00000000006,13.2644207117,5.09781958626)) ;
#1607=CARTESIAN_POINT('Control Point',(-16.2,15.2616797812,4.99314767377)) ;
#1608=CARTESIAN_POINT('Control Point',(-16.2000000001,13.2644207117,5.09781958626)) ;
#1609=CARTESIAN_POINT('Control Point',(-24.4,15.2616797812,4.99314767377)) ;
#1610=CARTESIAN_POINT('Control Point',(-24.4,13.2644207117,5.09781958626)) ;
#1611=CARTESIAN_POINT('Control Point',(-32.6,15.2616797812,4.99314767377)) ;
#1612=CARTESIAN_POINT('Control Point',(-32.6,13.2644207117,5.09781958626)) ;
#1613=CARTESIAN_POINT('Control Point',(-40.8,15.2616797812,4.99314767377)) ;
#1614=CARTESIAN_POINT('Control Point',(-40.8,13.2644207117,5.09781958626)) ;
#1615=CARTESIAN_POINT('Control Point',(-49.,15.2616797812,4.99314767377)) ;
#1616=CARTESIAN_POINT('Control Point',(-49.,13.2644207117,5.09781958626)) ;
#1618=CARTESIAN_POINT('Control Point',(-8.,15.2616797812,4.99314767377)) ;
#1619=CARTESIAN_POINT('Control Point',(-16.2,15.2616797812,4.99314767377)) ;
#1620=CARTESIAN_POINT('Control Point',(-24.4,15.2616797812,4.99314767377)) ;
#1621=CARTESIAN_POINT('Control Point',(-32.6,15.2616797812,4.99314767377)) ;
#1622=CARTESIAN_POINT('Control Point',(-40.8,15.2616797812,4.99314767377)) ;
#1623=CARTESIAN_POINT('Control Point',(-49.,15.2616797812,4.99314767377)) ;
#1624=CARTESIAN_POINT('Vertex',(-49.,15.2616797812,4.99314767377)) ;
#1628=CARTESIAN_POINT('Control Point',(-49.,15.2616797812,4.99314767377)) ;
#1629=CARTESIAN_POINT('Control Point',(-49.,13.2644207117,5.09781958626)) ;
#1639=CARTESIAN_POINT('Control Point',(-50.,15.,-3.33066907388E-016)) ;
#1640=CARTESIAN_POINT('Control Point',(-50.,15.2616797812,4.99314767377)) ;
#1641=CARTESIAN_POINT('Control Point',(-41.6,15.,-3.33066907388E-016)) ;
#1642=CARTESIAN_POINT('Control Point',(-41.6,15.2616797812,4.99314767377)) ;
#1643=CARTESIAN_POINT('Control Point',(-33.2,15.,-2.77555756156E-016)) ;
#1644=CARTESIAN_POINT('Control Point',(-33.2,15.2616797812,4.99314767377)) ;
#1645=CARTESIAN_POINT('Control Point',(-24.8,15.,-2.77555756156E-016)) ;
#1646=CARTESIAN_POINT('Control Point',(-24.8,15.2616797812,4.99314767377)) ;
#1647=CARTESIAN_POINT('Control Point',(-16.4,15.,-2.77555756156E-016)) ;
#1648=CARTESIAN_POINT('Control Point',(-16.4,15.2616797812,4.99314767377)) ;
#1649=CARTESIAN_POINT('Control Point',(-8.,15.,-2.77555756156E-016)) ;
#1650=CARTESIAN_POINT('Control Point',(-8.,15.2616797812,4.99314767377)) ;
#1652=CARTESIAN_POINT('Control Point',(-50.,15.209343825,3.99451813902)) ;
#1653=CARTESIAN_POINT('Control Point',(-50.,15.2298958133,4.38667343842)) ;
#1654=CARTESIAN_POINT('Control Point',(-49.7904308027,15.2507119654,4.78386928031)) ;
#1655=CARTESIAN_POINT('Control Point',(-49.3926934722,15.2616797812,4.99314767377)) ;
#1656=CARTESIAN_POINT('Control Point',(-49.,15.2616797812,4.99314767377)) ;
#1666=CARTESIAN_POINT('Axis2P3D Location',(-49.,14.2107142902,4.04685409526)) ;
#1679=CARTESIAN_POINT('Control Point',(-50.0009482179,-13.2014004228,3.89532083895)) ;
#1680=CARTESIAN_POINT('Control Point',(-50.0009482179,-13.2658516099,5.12512274941)) ;
#1681=CARTESIAN_POINT('Control Point',(-8.,-13.2014004228,3.89532083895)) ;
#1682=CARTESIAN_POINT('Control Point',(-8.,-13.2658516099,5.12512274941)) ;
#1684=CARTESIAN_POINT('Control Point',(-49.,-13.2644207117,5.09781958626)) ;
#1685=CARTESIAN_POINT('Control Point',(-49.3926914471,-13.2644207117,5.09781958626)) ;
#1686=CARTESIAN_POINT('Control Point',(-49.7904196032,-13.2534540904,4.88856398558)) ;
#1687=CARTESIAN_POINT('Control Point',(-50.,-13.2326366379,4.49134332861)) ;
#1688=CARTESIAN_POINT('Control Point',(-50.,-13.2120847555,4.0991900515)) ;
#1689=CARTESIAN_POINT('Vertex',(-49.,-13.2644207117,5.09781958626)) ;
#1691=CARTESIAN_POINT('Vertex',(-50.,-13.2120847555,4.0991900515)) ;
#1695=CARTESIAN_POINT('Control Point',(-8.00000000006,-13.2644207117,5.09781958626)) ;
#1696=CARTESIAN_POINT('Control Point',(-49.,-13.2644207117,5.09781958626)) ;
#1699=CARTESIAN_POINT('Control Point',(-50.,-13.2014008026,3.89532808751)) ;
#1700=CARTESIAN_POINT('Control Point',(-50.,-13.2120847555,4.0991900515)) ;
#1711=CARTESIAN_POINT('Control Point',(-8.00000000006,-13.2644207117,5.09781958626)) ;
#1712=CARTESIAN_POINT('Control Point',(-8.,-15.2616797812,4.99314767377)) ;
#1713=CARTESIAN_POINT('Control Point',(-16.2000000001,-13.2644207117,5.09781958626)) ;
#1714=CARTESIAN_POINT('Control Point',(-16.2,-15.2616797812,4.99314767377)) ;
#1715=CARTESIAN_POINT('Control Point',(-24.4,-13.2644207117,5.09781958626)) ;
#1716=CARTESIAN_POINT('Control Point',(-24.4,-15.2616797812,4.99314767377)) ;
#1717=CARTESIAN_POINT('Control Point',(-32.6,-13.2644207117,5.09781958626)) ;
#1718=CARTESIAN_POINT('Control Point',(-32.6,-15.2616797812,4.99314767377)) ;
#1719=CARTESIAN_POINT('Control Point',(-40.8,-13.2644207117,5.09781958626)) ;
#1720=CARTESIAN_POINT('Control Point',(-40.8,-15.2616797812,4.99314767377)) ;
#1721=CARTESIAN_POINT('Control Point',(-49.,-13.2644207117,5.09781958626)) ;
#1722=CARTESIAN_POINT('Control Point',(-49.,-15.2616797812,4.99314767377)) ;
#1724=CARTESIAN_POINT('Control Point',(-8.,-15.2616797812,4.99314767377)) ;
#1725=CARTESIAN_POINT('Control Point',(-16.2,-15.2616797812,4.99314767377)) ;
#1726=CARTESIAN_POINT('Control Point',(-24.4,-15.2616797812,4.99314767377)) ;
#1727=CARTESIAN_POINT('Control Point',(-32.6,-15.2616797812,4.99314767377)) ;
#1728=CARTESIAN_POINT('Control Point',(-40.8,-15.2616797812,4.99314767377)) ;
#1729=CARTESIAN_POINT('Control Point',(-49.,-15.2616797812,4.99314767377)) ;
#1730=CARTESIAN_POINT('Vertex',(-49.,-15.2616797812,4.99314767377)) ;
#1734=CARTESIAN_POINT('Control Point',(-49.,-15.2616797812,4.99314767377)) ;
#1735=CARTESIAN_POINT('Control Point',(-49.,-13.2644207117,5.09781958626)) ;
#1745=CARTESIAN_POINT('Control Point',(-50.,-15.,-3.33066907388E-016)) ;
#1746=CARTESIAN_POINT('Control Point',(-50.,-15.2616797812,4.99314767377)) ;
#1747=CARTESIAN_POINT('Control Point',(-41.6,-15.,-3.33066907388E-016)) ;
#1748=CARTESIAN_POINT('Control Point',(-41.6,-15.2616797812,4.99314767377)) ;
#1749=CARTESIAN_POINT('Control Point',(-33.2,-15.,-2.77555756156E-016)) ;
#1750=CARTESIAN_POINT('Control Point',(-33.2,-15.2616797812,4.99314767377)) ;
#1751=CARTESIAN_POINT('Control Point',(-24.8,-15.,-2.77555756156E-016)) ;
#1752=CARTESIAN_POINT('Control Point',(-24.8,-15.2616797812,4.99314767377)) ;
#1753=CARTESIAN_POINT('Control Point',(-16.4,-15.,-2.77555756156E-016)) ;
#1754=CARTESIAN_POINT('Control Point',(-16.4,-15.2616797812,4.99314767377)) ;
#1755=CARTESIAN_POINT('Control Point',(-8.,-15.,-2.77555756156E-016)) ;
#1756=CARTESIAN_POINT('Control Point',(-8.,-15.2616797812,4.99314767377)) ;
#1758=CARTESIAN_POINT('Control Point',(-50.,-15.1986598722,3.79065617503)) ;
#1759=CARTESIAN_POINT('Control Point',(-50.,-15.2007966627,3.83142856783)) ;
#1760=CARTESIAN_POINT('Control Point',(-50.,-15.2029334533,3.87220096062)) ;
#1761=CARTESIAN_POINT('Control Point',(-50.,-15.2050702438,3.91297335342)) ;
#1762=CARTESIAN_POINT('Control Point',(-50.,-15.2072070344,3.95374574622)) ;
#1763=CARTESIAN_POINT('Control Point',(-50.,-15.209343825,3.99451813902)) ;
#1764=CARTESIAN_POINT('Vertex',(-50.,-15.209343825,3.99451813902)) ;
#1768=CARTESIAN_POINT('Control Point',(-49.,-15.2616797812,4.99314767377)) ;
#1769=CARTESIAN_POINT('Control Point',(-49.3926914468,-15.2616797812,4.99314767377)) ;
#1770=CARTESIAN_POINT('Control Point',(-49.7904196021,-15.25071316,4.78389207505)) ;
#1771=CARTESIAN_POINT('Control Point',(-50.,-15.2298957073,4.3866714158)) ;
#1772=CARTESIAN_POINT('Control Point',(-50.,-15.209343825,3.99451813902)) ;
#1783=CARTESIAN_POINT('Control Point',(-50.,-13.2014008026,3.89532808751)) ;
#1784=CARTESIAN_POINT('Control Point',(-50.,-15.1986598722,3.79065617503)) ;
#1785=CARTESIAN_POINT('Control Point',(-50.,-13.2035375932,3.93610048031)) ;
#1786=CARTESIAN_POINT('Control Point',(-50.,-15.2007966627,3.83142856783)) ;
#1787=CARTESIAN_POINT('Control Point',(-50.,-13.2056743838,3.97687287311)) ;
#1788=CARTESIAN_POINT('Control Point',(-50.,-15.2029334533,3.87220096062)) ;
#1789=CARTESIAN_POINT('Control Point',(-50.,-13.2078111743,4.01764526591)) ;
#1790=CARTESIAN_POINT('Control Point',(-50.,-15.2050702438,3.91297335342)) ;
#1791=CARTESIAN_POINT('Control Point',(-50.,-13.2099479649,4.05841765871)) ;
#1792=CARTESIAN_POINT('Control Point',(-50.,-15.2072070344,3.95374574622)) ;
#1793=CARTESIAN_POINT('Control Point',(-50.,-13.2120847555,4.0991900515)) ;
#1794=CARTESIAN_POINT('Control Point',(-50.,-15.209343825,3.99451813902)) ;
#1796=CARTESIAN_POINT('Control Point',(-50.,-15.209343825,3.99451813902)) ;
#1797=CARTESIAN_POINT('Control Point',(-50.,-13.2120847555,4.0991900515)) ;
#1806=CARTESIAN_POINT('Axis2P3D Location',(-49.,-14.2107142902,4.04685409526)) ;
#1819=CARTESIAN_POINT('Control Point',(-5.09781958626,-13.2644207117,49.)) ;
#1820=CARTESIAN_POINT('Control Point',(-4.99314767377,-15.2616797812,49.)) ;
#1821=CARTESIAN_POINT('Control Point',(-5.09781958626,-13.2644207117,40.8)) ;
#1822=CARTESIAN_POINT('Control Point',(-4.99314767377,-15.2616797812,40.8)) ;
#1823=CARTESIAN_POINT('Control Point',(-5.09781958626,-13.2644207117,32.6)) ;
#1824=CARTESIAN_POINT('Control Point',(-4.99314767377,-15.2616797812,32.6)) ;
#1825=CARTESIAN_POINT('Control Point',(-5.09781958626,-13.2644207117,24.4)) ;
#1826=CARTESIAN_POINT('Control Point',(-4.99314767377,-15.2616797812,24.4)) ;
#1827=CARTESIAN_POINT('Control Point',(-5.09781958626,-13.2644207117,16.2)) ;
#1828=CARTESIAN_POINT('Control Point',(-4.99314767377,-15.2616797812,16.2)) ;
#1829=CARTESIAN_POINT('Control Point',(-5.09781958626,-13.2644207117,8.00000000005)) ;
#1830=CARTESIAN_POINT('Control Point',(-4.99314767377,-15.2616797812,8.)) ;
#1832=CARTESIAN_POINT('Control Point',(-5.09781958626,-13.2644207117,8.00000000005)) ;
#1833=CARTESIAN_POINT('Control Point',(-5.09781958626,-13.2644207117,49.)) ;
#1834=CARTESIAN_POINT('Vertex',(-5.09781958626,-13.2644207117,49.)) ;
#1838=CARTESIAN_POINT('Control Point',(-4.99314767377,-15.2616797812,49.)) ;
#1839=CARTESIAN_POINT('Control Point',(-4.99314767377,-15.2616797812,40.8)) ;
#1840=CARTESIAN_POINT('Control Point',(-4.99314767377,-15.2616797812,32.6)) ;
#1841=CARTESIAN_POINT('Control Point',(-4.99314767377,-15.2616797812,24.4)) ;
#1842=CARTESIAN_POINT('Control Point',(-4.99314767377,-15.2616797812,16.2)) ;
#1843=CARTESIAN_POINT('Control Point',(-4.99314767377,-15.2616797812,8.)) ;
#1844=CARTESIAN_POINT('Vertex',(-4.99314767377,-15.2616797812,49.)) ;
#1848=CARTESIAN_POINT('Control Point',(-5.09781958626,-13.2644207117,49.)) ;
#1849=CARTESIAN_POINT('Control Point',(-4.99314767377,-15.2616797812,49.)) ;
#1859=CARTESIAN_POINT('Control Point',(-3.89532808751,-13.2014008026,8.)) ;
#1860=CARTESIAN_POINT('Control Point',(-5.12493358394,-13.2658416961,8.)) ;
#1861=CARTESIAN_POINT('Control Point',(-3.89532808751,-13.2014008026,50.0299777057)) ;
#1862=CARTESIAN_POINT('Control Point',(-5.12493358394,-13.2658416961,50.0299777057)) ;
#1864=CARTESIAN_POINT('Control Point',(-4.0991900515,-13.2120847555,50.)) ;
#1865=CARTESIAN_POINT('Control Point',(-4.4913453509,-13.2326367438,50.)) ;
#1866=CARTESIAN_POINT('Control Point',(-4.88854119283,-13.2534528959,49.7904308027)) ;
#1867=CARTESIAN_POINT('Control Point',(-5.09781958626,-13.2644207117,49.3926934722)) ;
#1868=CARTESIAN_POINT('Control Point',(-5.09781958626,-13.2644207117,49.)) ;
#1869=CARTESIAN_POINT('Vertex',(-4.0991900515,-13.2120847555,50.)) ;
#1873=CARTESIAN_POINT('Control Point',(-3.89532808751,-13.2014008026,50.)) ;
#1874=CARTESIAN_POINT('Control Point',(-4.0991900515,-13.2120847555,50.)) ;
#1885=CARTESIAN_POINT('Control Point',(-3.89532808751,-13.2014008026,50.)) ;
#1886=CARTESIAN_POINT('Control Point',(-3.79065617503,-15.1986598722,50.)) ;
#1887=CARTESIAN_POINT('Control Point',(-3.93610048031,-13.2035375932,50.)) ;
#1888=CARTESIAN_POINT('Control Point',(-3.83142856783,-15.2007966627,50.)) ;
#1889=CARTESIAN_POINT('Control Point',(-3.97687287311,-13.2056743838,50.)) ;
#1890=CARTESIAN_POINT('Control Point',(-3.87220096062,-15.2029334533,50.)) ;
#1891=CARTESIAN_POINT('Control Point',(-4.01764526591,-13.2078111743,50.)) ;
#1892=CARTESIAN_POINT('Control Point',(-3.91297335342,-15.2050702438,50.)) ;
#1893=CARTESIAN_POINT('Control Point',(-4.05841765871,-13.2099479649,50.)) ;
#1894=CARTESIAN_POINT('Control Point',(-3.95374574622,-15.2072070344,50.)) ;
#1895=CARTESIAN_POINT('Control Point',(-4.0991900515,-13.2120847555,50.)) ;
#1896=CARTESIAN_POINT('Control Point',(-3.99451813902,-15.209343825,50.)) ;
#1898=CARTESIAN_POINT('Control Point',(-3.79065617503,-15.1986598722,50.)) ;
#1899=CARTESIAN_POINT('Control Point',(-3.83142856783,-15.2007966627,50.)) ;
#1900=CARTESIAN_POINT('Control Point',(-3.87220096062,-15.2029334533,50.)) ;
#1901=CARTESIAN_POINT('Control Point',(-3.91297335342,-15.2050702438,50.)) ;
#1902=CARTESIAN_POINT('Control Point',(-3.95374574622,-15.2072070344,50.)) ;
#1903=CARTESIAN_POINT('Control Point',(-3.99451813902,-15.209343825,50.)) ;
#1904=CARTESIAN_POINT('Vertex',(-3.99451813902,-15.209343825,50.)) ;
#1908=CARTESIAN_POINT('Control Point',(-4.0991900515,-13.2120847555,50.)) ;
#1909=CARTESIAN_POINT('Control Point',(-3.99451813902,-15.209343825,50.)) ;
#1919=CARTESIAN_POINT('Control Point',(3.33066907388E-016,-15.,8.)) ;
#1920=CARTESIAN_POINT('Control Point',(-4.99314767377,-15.2616797812,8.)) ;
#1921=CARTESIAN_POINT('Control Point',(3.33066907388E-016,-15.,16.4)) ;
#1922=CARTESIAN_POINT('Control Point',(-4.99314767377,-15.2616797812,16.4)) ;
#1923=CARTESIAN_POINT('Control Point',(2.77555756156E-016,-15.,24.8)) ;
#1924=CARTESIAN_POINT('Control Point',(-4.99314767377,-15.2616797812,24.8)) ;
#1925=CARTESIAN_POINT('Control Point',(2.77555756156E-016,-15.,33.2)) ;
#1926=CARTESIAN_POINT('Control Point',(-4.99314767377,-15.2616797812,33.2)) ;
#1927=CARTESIAN_POINT('Control Point',(2.77555756156E-016,-15.,41.6)) ;
#1928=CARTESIAN_POINT('Control Point',(-4.99314767377,-15.2616797812,41.6)) ;
#1929=CARTESIAN_POINT('Control Point',(2.77555756156E-016,-15.,50.)) ;
#1930=CARTESIAN_POINT('Control Point',(-4.99314767377,-15.2616797812,50.)) ;
#1932=CARTESIAN_POINT('Control Point',(-3.99451813902,-15.209343825,50.)) ;
#1933=CARTESIAN_POINT('Control Point',(-4.38667343841,-15.2298958133,50.)) ;
#1934=CARTESIAN_POINT('Control Point',(-4.78386928033,-15.2507119654,49.7904308027)) ;
#1935=CARTESIAN_POINT('Control Point',(-4.99314767377,-15.2616797812,49.3926934722)) ;
#1936=CARTESIAN_POINT('Control Point',(-4.99314767377,-15.2616797812,49.)) ;
#1946=CARTESIAN_POINT('Axis2P3D Location',(-4.04685409526,-14.2107142902,49.)) ;
#1959=CARTESIAN_POINT('Control Point',(-3.89532808751,13.2014008026,8.)) ;
#1960=CARTESIAN_POINT('Control Point',(-5.12512274941,13.2658516099,8.)) ;
#1961=CARTESIAN_POINT('Control Point',(-3.89532808751,13.2014008026,50.0009482844)) ;
#1962=CARTESIAN_POINT('Control Point',(-5.12512274941,13.2658516099,50.0009482844)) ;
#1964=CARTESIAN_POINT('Control Point',(-5.09781958626,13.2644207117,49.)) ;
#1965=CARTESIAN_POINT('Control Point',(-5.09781958626,13.2644207117,8.00000000005)) ;
#1966=CARTESIAN_POINT('Vertex',(-5.09781958626,13.2644207117,49.)) ;
#1970=CARTESIAN_POINT('Control Point',(-3.89532808751,13.2014008026,50.)) ;
#1971=CARTESIAN_POINT('Control Point',(-4.0991900515,13.2120847555,50.)) ;
#1972=CARTESIAN_POINT('Vertex',(-4.0991900515,13.2120847555,50.)) ;
#1976=CARTESIAN_POINT('Control Point',(-5.09781958626,13.2644207117,49.)) ;
#1977=CARTESIAN_POINT('Control Point',(-5.09781958626,13.2644207117,49.3926914468)) ;
#1978=CARTESIAN_POINT('Control Point',(-4.88856398755,13.2534540905,49.7904196021)) ;
#1979=CARTESIAN_POINT('Control Point',(-4.49134332829,13.2326366378,50.)) ;
#1980=CARTESIAN_POINT('Control Point',(-4.0991900515,13.2120847555,50.)) ;
#1991=CARTESIAN_POINT('Control Point',(-4.99314767377,15.2616797812,49.)) ;
#1992=CARTESIAN_POINT('Control Point',(-5.09781958626,13.2644207117,49.)) ;
#1993=CARTESIAN_POINT('Control Point',(-4.99314767377,15.2616797812,40.8)) ;
#1994=CARTESIAN_POINT('Control Point',(-5.09781958626,13.2644207117,40.8)) ;
#1995=CARTESIAN_POINT('Control Point',(-4.99314767377,15.2616797812,32.6)) ;
#1996=CARTESIAN_POINT('Control Point',(-5.09781958626,13.2644207117,32.6)) ;
#1997=CARTESIAN_POINT('Control Point',(-4.99314767377,15.2616797812,24.4)) ;
#1998=CARTESIAN_POINT('Control Point',(-5.09781958626,13.2644207117,24.4)) ;
#1999=CARTESIAN_POINT('Control Point',(-4.99314767377,15.2616797812,16.2)) ;
#2000=CARTESIAN_POINT('Control Point',(-5.09781958626,13.2644207117,16.2)) ;
#2001=CARTESIAN_POINT('Control Point',(-4.99314767377,15.2616797812,8.)) ;
#2002=CARTESIAN_POINT('Control Point',(-5.09781958626,13.2644207117,8.00000000005)) ;
#2004=CARTESIAN_POINT('Control Point',(-4.99314767377,15.2616797812,49.)) ;
#2005=CARTESIAN_POINT('Control Point',(-4.99314767377,15.2616797812,40.8)) ;
#2006=CARTESIAN_POINT('Control Point',(-4.99314767377,15.2616797812,32.6)) ;
#2007=CARTESIAN_POINT('Control Point',(-4.99314767377,15.2616797812,24.4)) ;
#2008=CARTESIAN_POINT('Control Point',(-4.99314767377,15.2616797812,16.2)) ;
#2009=CARTESIAN_POINT('Control Point',(-4.99314767377,15.2616797812,8.)) ;
#2010=CARTESIAN_POINT('Vertex',(-4.99314767377,15.2616797812,49.)) ;
#2014=CARTESIAN_POINT('Control Point',(-5.09781958626,13.2644207117,49.)) ;
#2015=CARTESIAN_POINT('Control Point',(-4.99314767377,15.2616797812,49.)) ;
#2025=CARTESIAN_POINT('Control Point',(-3.79065617503,15.1986598722,50.)) ;
#2026=CARTESIAN_POINT('Control Point',(-3.89532808751,13.2014008026,50.)) ;
#2027=CARTESIAN_POINT('Control Point',(-3.83142856783,15.2007966627,50.)) ;
#2028=CARTESIAN_POINT('Control Point',(-3.93610048031,13.2035375932,50.)) ;
#2029=CARTESIAN_POINT('Control Point',(-3.87220096062,15.2029334533,50.)) ;
#2030=CARTESIAN_POINT('Control Point',(-3.97687287311,13.2056743838,50.)) ;
#2031=CARTESIAN_POINT('Control Point',(-3.91297335342,15.2050702438,50.)) ;
#2032=CARTESIAN_POINT('Control Point',(-4.01764526591,13.2078111743,50.)) ;
#2033=CARTESIAN_POINT('Control Point',(-3.95374574622,15.2072070344,50.)) ;
#2034=CARTESIAN_POINT('Control Point',(-4.05841765871,13.2099479649,50.)) ;
#2035=CARTESIAN_POINT('Control Point',(-3.99451813902,15.209343825,50.)) ;
#2036=CARTESIAN_POINT('Control Point',(-4.0991900515,13.2120847555,50.)) ;
#2038=CARTESIAN_POINT('Control Point',(-3.79065617503,15.1986598722,50.)) ;
#2039=CARTESIAN_POINT('Control Point',(-3.83142856783,15.2007966627,50.)) ;
#2040=CARTESIAN_POINT('Control Point',(-3.87220096062,15.2029334533,50.)) ;
#2041=CARTESIAN_POINT('Control Point',(-3.91297335342,15.2050702438,50.)) ;
#2042=CARTESIAN_POINT('Control Point',(-3.95374574622,15.2072070344,50.)) ;
#2043=CARTESIAN_POINT('Control Point',(-3.99451813902,15.209343825,50.)) ;
#2044=CARTESIAN_POINT('Vertex',(-3.99451813902,15.209343825,50.)) ;
#2048=CARTESIAN_POINT('Control Point',(-4.0991900515,13.2120847555,50.)) ;
#2049=CARTESIAN_POINT('Control Point',(-3.99451813902,15.209343825,50.)) ;
#2059=CARTESIAN_POINT('Control Point',(3.33066907388E-016,15.,8.)) ;
#2060=CARTESIAN_POINT('Control Point',(-4.99314767377,15.2616797812,8.)) ;
#2061=CARTESIAN_POINT('Control Point',(3.33066907388E-016,15.,16.4)) ;
#2062=CARTESIAN_POINT('Control Point',(-4.99314767377,15.2616797812,16.4)) ;
#2063=CARTESIAN_POINT('Control Point',(2.77555756156E-016,15.,24.8)) ;
#2064=CARTESIAN_POINT('Control Point',(-4.99314767377,15.2616797812,24.8)) ;
#2065=CARTESIAN_POINT('Control Point',(2.77555756156E-016,15.,33.2)) ;
#2066=CARTESIAN_POINT('Control Point',(-4.99314767377,15.2616797812,33.2)) ;
#2067=CARTESIAN_POINT('Control Point',(2.77555756156E-016,15.,41.6)) ;
#2068=CARTESIAN_POINT('Control Point',(-4.99314767377,15.2616797812,41.6)) ;
#2069=CARTESIAN_POINT('Control Point',(2.77555756156E-016,15.,50.)) ;
#2070=CARTESIAN_POINT('Control Point',(-4.99314767377,15.2616797812,50.)) ;
#2072=CARTESIAN_POINT('Control Point',(-4.99314767377,15.2616797812,49.)) ;
#2073=CARTESIAN_POINT('Control Point',(-4.99314767377,15.2616797812,49.3926914468)) ;
#2074=CARTESIAN_POINT('Control Point',(-4.78389207506,15.25071316,49.7904196021)) ;
#2075=CARTESIAN_POINT('Control Point',(-4.3866714158,15.2298957073,50.)) ;
#2076=CARTESIAN_POINT('Control Point',(-3.99451813902,15.209343825,50.)) ;
#2086=CARTESIAN_POINT('Axis2P3D Location',(-4.04685409526,14.2107142902,49.)) ;
#2098=CARTESIAN_POINT('Axis2P3D Location',(-8.,0.,2.)) ;
#2114=CARTESIAN_POINT('Axis2P3D Location',(-8.,0.,0.)) ;
#2130=CARTESIAN_POINT('Axis2P3D Location',(0.,0.,41.7168146928)) ;
#2135=CARTESIAN_POINT('Line Origine',(0.,-3.,41.7168146928)) ;
#2140=CARTESIAN_POINT('Line Origine',(0.,3.,41.7168146928)) ;
#53=DIRECTION('Axis2P3D Direction',(1.,-0.,0.)) ;
#54=DIRECTION('Axis2P3D XDirection',(0.,0.,-1.)) ;
#58=DIRECTION('Vector Direction',(0.,1.,0.)) ;
#67=DIRECTION('Vector Direction',(0.,0.,-1.)) ;
#74=DIRECTION('Vector Direction',(0.,1.,0.)) ;
#81=DIRECTION('Vector Direction',(0.,0.,-1.)) ;
#123=DIRECTION('Axis2P3D Direction',(1.,-0.,0.)) ;
#124=DIRECTION('Axis2P3D XDirection',(0.,0.,-1.)) ;
#128=DIRECTION('Vector Direction',(0.,0.,1.)) ;
#137=DIRECTION('Vector Direction',(0.,1.,0.)) ;
#144=DIRECTION('Vector Direction',(0.,0.,-1.)) ;
#151=DIRECTION('Vector Direction',(0.,-1.,0.)) ;
#162=DIRECTION('Axis2P3D Direction',(1.,-0.,0.)) ;
#171=DIRECTION('Axis2P3D Direction',(1.,-0.,0.)) ;
#181=DIRECTION('Axis2P3D Direction',(0.,0.,-1.)) ;
#182=DIRECTION('Axis2P3D XDirection',(1.,0.,0.)) ;
#186=DIRECTION('Vector Direction',(0.,0.,-1.)) ;
#195=DIRECTION('Axis2P3D Direction',(0.,0.,-1.)) ;
#202=DIRECTION('Vector Direction',(0.,0.,-1.)) ;
#209=DIRECTION('Axis2P3D Direction',(0.,0.,-1.)) ;
#221=DIRECTION('Axis2P3D Direction',(0.,0.,-1.)) ;
#226=DIRECTION('Axis2P3D Direction',(0.,0.,-1.)) ;
#290=DIRECTION('Axis2P3D Direction',(0.,0.,-1.)) ;
#291=DIRECTION('Axis2P3D XDirection',(-0.725374371012,-0.688354575694,0.)) ;
#295=DIRECTION('Axis2P3D Direction',(0.,0.,-1.)) ;
#300=DIRECTION('Axis2P3D Direction',(0.,0.,-1.)) ;
#307=DIRECTION('Vector Direction',(0.,0.,-1.)) ;
#319=DIRECTION('Axis2P3D Direction',(0.,1.,0.)) ;
#320=DIRECTION('Axis2P3D XDirection',(-0.707106781187,0.,0.707106781187)) ;
#334=DIRECTION('Vector Direction',(0.,1.,0.)) ;
#453=DIRECTION('Axis2P3D Direction',(-1.,0.,0.)) ;
#454=DIRECTION('Axis2P3D XDirection',(-0.,-0.688354575694,0.725374371012)) ;
#458=DIRECTION('Vector Direction',(-1.,0.,0.)) ;
#465=DIRECTION('Axis2P3D Direction',(-1.,0.,0.)) ;
#472=DIRECTION('Vector Direction',(-1.,0.,0.)) ;
#484=DIRECTION('Axis2P3D Direction',(-1.,0.,0.)) ;
#485=DIRECTION('Axis2P3D XDirection',(0.,0.688354575694,0.725374371012)) ;
#489=DIRECTION('Vector Direction',(-1.,0.,0.)) ;
#496=DIRECTION('Axis2P3D Direction',(-1.,0.,0.)) ;
#503=DIRECTION('Vector Direction',(-1.,0.,0.)) ;
#510=DIRECTION('Axis2P3D Direction',(-1.,0.,0.)) ;
#601=DIRECTION('Axis2P3D Direction',(0.,0.,1.)) ;
#602=DIRECTION('Axis2P3D XDirection',(-0.725374371012,0.688354575694,0.)) ;
#606=DIRECTION('Axis2P3D Direction',(0.,0.,1.)) ;
#613=DIRECTION('Vector Direction',(0.,0.,1.)) ;
#620=DIRECTION('Axis2P3D Direction',(0.,0.,1.)) ;
#834=DIRECTION('Axis2P3D Direction',(-1.,0.,0.)) ;
#835=DIRECTION('Axis2P3D XDirection',(0.,0.,-1.)) ;
#839=DIRECTION('Axis2P3D Direction',(-1.,0.,0.)) ;
#848=DIRECTION('Vector Direction',(-1.,0.,0.)) ;
#855=DIRECTION('Axis2P3D Direction',(-1.,0.,0.)) ;
#862=DIRECTION('Vector Direction',(-1.,0.,0.)) ;
#1001=DIRECTION('Axis2P3D Direction',(0.,0.,1.)) ;
#1002=DIRECTION('Axis2P3D XDirection',(0.0523359562429,-0.998629534755,0.)) ;
#1006=DIRECTION('Vector Direction',(0.,0.,1.)) ;
#1100=DIRECTION('Axis2P3D Direction',(1.,0.,0.)) ;
#1101=DIRECTION('Axis2P3D XDirection',(0.,1.,0.)) ;
#1105=DIRECTION('Vector Direction',(0.,0.,-1.)) ;
#1112=DIRECTION('Vector Direction',(0.,-1.,0.)) ;
#1117=DIRECTION('Vector Direction',(0.,-1.,5.94542474239E-017)) ;
#1305=DIRECTION('Axis2P3D Direction',(-1.,0.,0.)) ;
#1306=DIRECTION('Axis2P3D XDirection',(0.,0.998629534755,-0.0523359562429)) ;
#1310=DIRECTION('Vector Direction',(-1.,0.,0.)) ;
#1317=DIRECTION('Vector Direction',(-1.,0.,0.)) ;
#1322=DIRECTION('Axis2P3D Direction',(-1.,0.,0.)) ;
#1334=DIRECTION('Axis2P3D Direction',(0.,1.,0.)) ;
#1335=DIRECTION('Axis2P3D XDirection',(1.,-0.,1.22464679915E-016)) ;
#1339=DIRECTION('Vector Direction',(0.,1.,0.)) ;
#1456=DIRECTION('Axis2P3D Direction',(0.,0.,-1.)) ;
#1457=DIRECTION('Axis2P3D XDirection',(0.0523359562429,0.998629534755,0.)) ;
#1461=DIRECTION('Vector Direction',(0.,0.,-1.)) ;
#1468=DIRECTION('Axis2P3D Direction',(0.,0.,-1.)) ;
#1480=DIRECTION('Axis2P3D Direction',(0.,0.,1.)) ;
#1481=DIRECTION('Axis2P3D XDirection',(1.,0.,0.)) ;
#1485=DIRECTION('Vector Direction',(1.,0.,0.)) ;
#1667=DIRECTION('Axis2P3D Direction',(-6.81556231719E-016,-0.998629534755,0.0523359562429)) ;
#1668=DIRECTION('Axis2P3D XDirection',(1.13667234775E-012,0.0523359562429,0.998629534755)) ;
#1807=DIRECTION('Axis2P3D Direction',(-5.58283578097E-013,0.998629534755,0.0523359562429)) ;
#1808=DIRECTION('Axis2P3D XDirection',(-1.,-5.85213121375E-013,4.99227126234E-013)) ;
#1947=DIRECTION('Axis2P3D Direction',(0.0523359562429,-0.998629534755,-8.59335188967E-016)) ;
#1948=DIRECTION('Axis2P3D XDirection',(-8.52651282912E-014,-5.3290705182E-015,1.)) ;
#2087=DIRECTION('Axis2P3D Direction',(0.0523359562429,0.998629534755,-5.58283578097E-013)) ;
#2088=DIRECTION('Axis2P3D XDirection',(-0.998629534755,0.0523359562429,0.)) ;
#2099=DIRECTION('Axis2P3D Direction',(0.,0.,-1.)) ;
#2100=DIRECTION('Axis2P3D XDirection',(-1.,0.,0.)) ;
#2115=DIRECTION('Axis2P3D Direction',(0.,0.,-1.)) ;
#2116=DIRECTION('Axis2P3D XDirection',(-1.,0.,0.)) ;
#2131=DIRECTION('Axis2P3D Direction',(1.,0.,-0.)) ;
#2132=DIRECTION('Axis2P3D XDirection',(0.,1.,0.)) ;
#2136=DIRECTION('Vector Direction',(1.,0.,0.)) ;
#2141=DIRECTION('Vector Direction',(1.,0.,0.)) ;
#48=AXIS2_PLACEMENT_3D(' ',#47,$,$) ;
#55=AXIS2_PLACEMENT_3D('Plane Axis2P3D',#52,#53,#54) ;
#125=AXIS2_PLACEMENT_3D('Plane Axis2P3D',#122,#123,#124) ;
#163=AXIS2_PLACEMENT_3D('Circle Axis2P3D',#161,#162,$) ;
#172=AXIS2_PLACEMENT_3D('Circle Axis2P3D',#170,#171,$) ;
#183=AXIS2_PLACEMENT_3D('Cylinder Axis2P3D',#180,#181,#182) ;
#196=AXIS2_PLACEMENT_3D('Circle Axis2P3D',#194,#195,$) ;
#210=AXIS2_PLACEMENT_3D('Circle Axis2P3D',#208,#209,$) ;
#222=AXIS2_PLACEMENT_3D('Circle Axis2P3D',#220,#221,$) ;
#227=AXIS2_PLACEMENT_3D('Circle Axis2P3D',#225,#226,$) ;
#292=AXIS2_PLACEMENT_3D('Cylinder Axis2P3D',#289,#290,#291) ;
#296=AXIS2_PLACEMENT_3D('Circle Axis2P3D',#294,#295,$) ;
#301=AXIS2_PLACEMENT_3D('Circle Axis2P3D',#299,#300,$) ;
#321=AXIS2_PLACEMENT_3D('Cylinder Axis2P3D',#318,#319,#320) ;
#455=AXIS2_PLACEMENT_3D('Cylinder Axis2P3D',#452,#453,#454) ;
#466=AXIS2_PLACEMENT_3D('Circle Axis2P3D',#464,#465,$) ;
#486=AXIS2_PLACEMENT_3D('Cylinder Axis2P3D',#483,#484,#485) ;
#497=AXIS2_PLACEMENT_3D('Circle Axis2P3D',#495,#496,$) ;
#511=AXIS2_PLACEMENT_3D('Circle Axis2P3D',#509,#510,$) ;
#603=AXIS2_PLACEMENT_3D('Cylinder Axis2P3D',#600,#601,#602) ;
#607=AXIS2_PLACEMENT_3D('Circle Axis2P3D',#605,#606,$) ;
#621=AXIS2_PLACEMENT_3D('Circle Axis2P3D',#619,#620,$) ;
#836=AXIS2_PLACEMENT_3D('Cylinder Axis2P3D',#833,#834,#835) ;
#840=AXIS2_PLACEMENT_3D('Circle Axis2P3D',#838,#839,$) ;
#856=AXIS2_PLACEMENT_3D('Circle Axis2P3D',#854,#855,$) ;
#1003=AXIS2_PLACEMENT_3D('Cylinder Axis2P3D',#1000,#1001,#1002) ;
#1102=AXIS2_PLACEMENT_3D('Plane Axis2P3D',#1099,#1100,#1101) ;
#1307=AXIS2_PLACEMENT_3D('Cylinder Axis2P3D',#1304,#1305,#1306) ;
#1323=AXIS2_PLACEMENT_3D('Circle Axis2P3D',#1321,#1322,$) ;
#1336=AXIS2_PLACEMENT_3D('Cylinder Axis2P3D',#1333,#1334,#1335) ;
#1458=AXIS2_PLACEMENT_3D('Cylinder Axis2P3D',#1455,#1456,#1457) ;
#1469=AXIS2_PLACEMENT_3D('Circle Axis2P3D',#1467,#1468,$) ;
#1482=AXIS2_PLACEMENT_3D('Plane Axis2P3D',#1479,#1480,#1481) ;
#1669=AXIS2_PLACEMENT_3D('Cylinder Axis2P3D',#1666,#1667,#1668) ;
#1809=AXIS2_PLACEMENT_3D('Cylinder Axis2P3D',#1806,#1807,#1808) ;
#1949=AXIS2_PLACEMENT_3D('Cylinder Axis2P3D',#1946,#1947,#1948) ;
#2089=AXIS2_PLACEMENT_3D('Cylinder Axis2P3D',#2086,#2087,#2088) ;
#2101=AXIS2_PLACEMENT_3D('Plane Axis2P3D',#2098,#2099,#2100) ;
#2117=AXIS2_PLACEMENT_3D('Plane Axis2P3D',#2114,#2115,#2116) ;
#2133=AXIS2_PLACEMENT_3D('Cylinder Axis2P3D',#2130,#2131,#2132) ;
#40=PRODUCT_DEFINITION_SHAPE(' ',' ',#14) ;
#31=APPROVAL_PERSON_ORGANIZATION(#25,#21,#19) ;
#25=PERSON_AND_ORGANIZATION(#22,#23) ;
#22=PERSON(' ',' ',' ',$,$,$) ;
#23=ORGANIZATION(' ',' ',' ') ;
#21=APPROVAL(#20,' ') ;
#20=APPROVAL_STATUS('not_yet_approved') ;
#19=APPROVAL_ROLE('APPROVER') ;
#13=DATE_AND_TIME(#11,#12) ;
#12=LOCAL_TIME(14,46,25.,#10) ;
#10=COORDINATED_UNIVERSAL_TIME_OFFSET(0,0,.AHEAD.) ;
#86=ORIENTED_EDGE('',*,*,#65,.F.) ;
#87=ORIENTED_EDGE('',*,*,#72,.T.) ;
#88=ORIENTED_EDGE('',*,*,#79,.F.) ;
#89=ORIENTED_EDGE('',*,*,#84,.T.) ;
#118=ORIENTED_EDGE('',*,*,#105,.T.) ;
#119=ORIENTED_EDGE('',*,*,#116,.T.) ;
#156=ORIENTED_EDGE('',*,*,#135,.F.) ;
#157=ORIENTED_EDGE('',*,*,#142,.T.) ;
#158=ORIENTED_EDGE('',*,*,#149,.F.) ;
#159=ORIENTED_EDGE('',*,*,#154,.T.) ;
#176=ORIENTED_EDGE('',*,*,#169,.F.) ;
#177=ORIENTED_EDGE('',*,*,#174,.F.) ;
#214=ORIENTED_EDGE('',*,*,#193,.T.) ;
#215=ORIENTED_EDGE('',*,*,#200,.T.) ;
#216=ORIENTED_EDGE('',*,*,#207,.F.) ;
#217=ORIENTED_EDGE('',*,*,#212,.F.) ;
#231=ORIENTED_EDGE('',*,*,#207,.T.) ;
#232=ORIENTED_EDGE('',*,*,#224,.T.) ;
#233=ORIENTED_EDGE('',*,*,#193,.F.) ;
#234=ORIENTED_EDGE('',*,*,#229,.F.) ;
#283=ORIENTED_EDGE('',*,*,#257,.F.) ;
#284=ORIENTED_EDGE('',*,*,#267,.F.) ;
#285=ORIENTED_EDGE('',*,*,#273,.T.) ;
#286=ORIENTED_EDGE('',*,*,#281,.T.) ;
#312=ORIENTED_EDGE('',*,*,#298,.F.) ;
#313=ORIENTED_EDGE('',*,*,#72,.F.) ;
#314=ORIENTED_EDGE('',*,*,#305,.T.) ;
#315=ORIENTED_EDGE('',*,*,#310,.T.) ;
#349=ORIENTED_EDGE('',*,*,#79,.T.) ;
#350=ORIENTED_EDGE('',*,*,#332,.T.) ;
#351=ORIENTED_EDGE('',*,*,#339,.F.) ;
#352=ORIENTED_EDGE('',*,*,#347,.F.) ;
#446=ORIENTED_EDGE('',*,*,#444,.F.) ;
#447=ORIENTED_EDGE('',*,*,#332,.F.) ;
#448=ORIENTED_EDGE('',*,*,#298,.T.) ;
#449=ORIENTED_EDGE('',*,*,#267,.T.) ;
#477=ORIENTED_EDGE('',*,*,#444,.T.) ;
#478=ORIENTED_EDGE('',*,*,#463,.T.) ;
#479=ORIENTED_EDGE('',*,*,#470,.T.) ;
#480=ORIENTED_EDGE('',*,*,#475,.F.) ;
#515=ORIENTED_EDGE('',*,*,#494,.T.) ;
#516=ORIENTED_EDGE('',*,*,#501,.F.) ;
#517=ORIENTED_EDGE('',*,*,#508,.F.) ;
#518=ORIENTED_EDGE('',*,*,#513,.F.) ;
#594=ORIENTED_EDGE('',*,*,#563,.T.) ;
#595=ORIENTED_EDGE('',*,*,#569,.T.) ;
#596=ORIENTED_EDGE('',*,*,#588,.F.) ;
#597=ORIENTED_EDGE('',*,*,#592,.F.) ;
#625=ORIENTED_EDGE('',*,*,#611,.T.) ;
#626=ORIENTED_EDGE('',*,*,#618,.T.) ;
#627=ORIENTED_EDGE('',*,*,#623,.T.) ;
#628=ORIENTED_EDGE('',*,*,#84,.F.) ;
#728=ORIENTED_EDGE('',*,*,#347,.T.) ;
#729=ORIENTED_EDGE('',*,*,#513,.T.) ;
#730=ORIENTED_EDGE('',*,*,#726,.F.) ;
#731=ORIENTED_EDGE('',*,*,#611,.F.) ;
#762=ORIENTED_EDGE('',*,*,#563,.F.) ;
#763=ORIENTED_EDGE('',*,*,#756,.F.) ;
#764=ORIENTED_EDGE('',*,*,#726,.T.) ;
#765=ORIENTED_EDGE('',*,*,#760,.T.) ;
#827=ORIENTED_EDGE('',*,*,#804,.T.) ;
#828=ORIENTED_EDGE('',*,*,#821,.T.) ;
#829=ORIENTED_EDGE('',*,*,#825,.F.) ;
#830=ORIENTED_EDGE('',*,*,#623,.F.) ;
#867=ORIENTED_EDGE('',*,*,#846,.F.) ;
#868=ORIENTED_EDGE('',*,*,#853,.F.) ;
#869=ORIENTED_EDGE('',*,*,#860,.T.) ;
#870=ORIENTED_EDGE('',*,*,#865,.T.) ;
#994=ORIENTED_EDGE('',*,*,#964,.F.) ;
#995=ORIENTED_EDGE('',*,*,#978,.F.) ;
#996=ORIENTED_EDGE('',*,*,#846,.T.) ;
#997=ORIENTED_EDGE('',*,*,#992,.T.) ;
#1011=ORIENTED_EDGE('',*,*,#135,.T.) ;
#1012=ORIENTED_EDGE('',*,*,#821,.F.) ;
#1013=ORIENTED_EDGE('',*,*,#1009,.F.) ;
#1014=ORIENTED_EDGE('',*,*,#964,.T.) ;
#1047=ORIENTED_EDGE('',*,*,#1037,.F.) ;
#1048=ORIENTED_EDGE('',*,*,#978,.T.) ;
#1049=ORIENTED_EDGE('',*,*,#1045,.T.) ;
#1050=ORIENTED_EDGE('',*,*,#588,.T.) ;
#1093=ORIENTED_EDGE('',*,*,#501,.T.) ;
#1094=ORIENTED_EDGE('',*,*,#1087,.T.) ;
#1095=ORIENTED_EDGE('',*,*,#860,.F.) ;
#1096=ORIENTED_EDGE('',*,*,#1091,.F.) ;
#1122=ORIENTED_EDGE('',*,*,#1110,.T.) ;
#1123=ORIENTED_EDGE('',*,*,#1115,.T.) ;
#1124=ORIENTED_EDGE('',*,*,#1087,.F.) ;
#1125=ORIENTED_EDGE('',*,*,#1120,.F.) ;
#1183=ORIENTED_EDGE('',*,*,#1164,.F.) ;
#1184=ORIENTED_EDGE('',*,*,#1181,.T.) ;
#1185=ORIENTED_EDGE('',*,*,#1110,.F.) ;
#1186=ORIENTED_EDGE('',*,*,#470,.F.) ;
#1250=ORIENTED_EDGE('',*,*,#1225,.F.) ;
#1251=ORIENTED_EDGE('',*,*,#1244,.T.) ;
#1252=ORIENTED_EDGE('',*,*,#1248,.T.) ;
#1253=ORIENTED_EDGE('',*,*,#281,.F.) ;
#1298=ORIENTED_EDGE('',*,*,#1244,.F.) ;
#1299=ORIENTED_EDGE('',*,*,#1278,.F.) ;
#1300=ORIENTED_EDGE('',*,*,#1288,.T.) ;
#1301=ORIENTED_EDGE('',*,*,#1296,.T.) ;
#1327=ORIENTED_EDGE('',*,*,#1315,.T.) ;
#1328=ORIENTED_EDGE('',*,*,#1181,.F.) ;
#1329=ORIENTED_EDGE('',*,*,#1320,.F.) ;
#1330=ORIENTED_EDGE('',*,*,#1325,.T.) ;
#1352=ORIENTED_EDGE('',*,*,#992,.F.) ;
#1353=ORIENTED_EDGE('',*,*,#1342,.T.) ;
#1354=ORIENTED_EDGE('',*,*,#1350,.F.) ;
#1355=ORIENTED_EDGE('',*,*,#142,.F.) ;
#1449=ORIENTED_EDGE('',*,*,#1288,.F.) ;
#1450=ORIENTED_EDGE('',*,*,#1447,.T.) ;
#1451=ORIENTED_EDGE('',*,*,#1350,.T.) ;
#1452=ORIENTED_EDGE('',*,*,#1325,.F.) ;
#1473=ORIENTED_EDGE('',*,*,#1466,.F.) ;
#1474=ORIENTED_EDGE('',*,*,#1471,.F.) ;
#1475=ORIENTED_EDGE('',*,*,#149,.T.) ;
#1476=ORIENTED_EDGE('',*,*,#1447,.F.) ;
#1490=ORIENTED_EDGE('',*,*,#65,.T.) ;
#1491=ORIENTED_EDGE('',*,*,#825,.T.) ;
#1492=ORIENTED_EDGE('',*,*,#154,.F.) ;
#1493=ORIENTED_EDGE('',*,*,#1488,.F.) ;
#1532=ORIENTED_EDGE('',*,*,#1488,.T.) ;
#1533=ORIENTED_EDGE('',*,*,#1471,.T.) ;
#1534=ORIENTED_EDGE('',*,*,#1530,.F.) ;
#1535=ORIENTED_EDGE('',*,*,#305,.F.) ;
#1563=ORIENTED_EDGE('',*,*,#1548,.F.) ;
#1564=ORIENTED_EDGE('',*,*,#463,.F.) ;
#1565=ORIENTED_EDGE('',*,*,#257,.T.) ;
#1566=ORIENTED_EDGE('',*,*,#1554,.T.) ;
#1567=ORIENTED_EDGE('',*,*,#1561,.F.) ;
#1598=ORIENTED_EDGE('',*,*,#1588,.F.) ;
#1599=ORIENTED_EDGE('',*,*,#1596,.F.) ;
#1600=ORIENTED_EDGE('',*,*,#1164,.T.) ;
#1601=ORIENTED_EDGE('',*,*,#1548,.T.) ;
#1632=ORIENTED_EDGE('',*,*,#1554,.F.) ;
#1633=ORIENTED_EDGE('',*,*,#1248,.F.) ;
#1634=ORIENTED_EDGE('',*,*,#1626,.T.) ;
#1635=ORIENTED_EDGE('',*,*,#1630,.T.) ;
#1659=ORIENTED_EDGE('',*,*,#1657,.F.) ;
#1660=ORIENTED_EDGE('',*,*,#1626,.F.) ;
#1661=ORIENTED_EDGE('',*,*,#1296,.F.) ;
#1662=ORIENTED_EDGE('',*,*,#1320,.T.) ;
#1663=ORIENTED_EDGE('',*,*,#1596,.T.) ;
#1672=ORIENTED_EDGE('',*,*,#1561,.T.) ;
#1673=ORIENTED_EDGE('',*,*,#1630,.F.) ;
#1674=ORIENTED_EDGE('',*,*,#1657,.T.) ;
#1675=ORIENTED_EDGE('',*,*,#1588,.T.) ;
#1703=ORIENTED_EDGE('',*,*,#1693,.F.) ;
#1704=ORIENTED_EDGE('',*,*,#1697,.F.) ;
#1705=ORIENTED_EDGE('',*,*,#760,.F.) ;
#1706=ORIENTED_EDGE('',*,*,#508,.T.) ;
#1707=ORIENTED_EDGE('',*,*,#1701,.T.) ;
#1738=ORIENTED_EDGE('',*,*,#1732,.F.) ;
#1739=ORIENTED_EDGE('',*,*,#569,.F.) ;
#1740=ORIENTED_EDGE('',*,*,#1697,.T.) ;
#1741=ORIENTED_EDGE('',*,*,#1736,.F.) ;
#1775=ORIENTED_EDGE('',*,*,#1766,.F.) ;
#1776=ORIENTED_EDGE('',*,*,#853,.T.) ;
#1777=ORIENTED_EDGE('',*,*,#1037,.T.) ;
#1778=ORIENTED_EDGE('',*,*,#1732,.T.) ;
#1779=ORIENTED_EDGE('',*,*,#1773,.F.) ;
#1800=ORIENTED_EDGE('',*,*,#1798,.T.) ;
#1801=ORIENTED_EDGE('',*,*,#1701,.F.) ;
#1802=ORIENTED_EDGE('',*,*,#1091,.T.) ;
#1803=ORIENTED_EDGE('',*,*,#1766,.T.) ;
#1812=ORIENTED_EDGE('',*,*,#1693,.T.) ;
#1813=ORIENTED_EDGE('',*,*,#1798,.F.) ;
#1814=ORIENTED_EDGE('',*,*,#1773,.T.) ;
#1815=ORIENTED_EDGE('',*,*,#1736,.T.) ;
#1852=ORIENTED_EDGE('',*,*,#1836,.F.) ;
#1853=ORIENTED_EDGE('',*,*,#592,.T.) ;
#1854=ORIENTED_EDGE('',*,*,#1846,.T.) ;
#1855=ORIENTED_EDGE('',*,*,#1850,.T.) ;
#1877=ORIENTED_EDGE('',*,*,#1871,.F.) ;
#1878=ORIENTED_EDGE('',*,*,#1875,.F.) ;
#1879=ORIENTED_EDGE('',*,*,#618,.F.) ;
#1880=ORIENTED_EDGE('',*,*,#756,.T.) ;
#1881=ORIENTED_EDGE('',*,*,#1836,.T.) ;
#1912=ORIENTED_EDGE('',*,*,#1906,.F.) ;
#1913=ORIENTED_EDGE('',*,*,#804,.F.) ;
#1914=ORIENTED_EDGE('',*,*,#1875,.T.) ;
#1915=ORIENTED_EDGE('',*,*,#1910,.F.) ;
#1939=ORIENTED_EDGE('',*,*,#1846,.F.) ;
#1940=ORIENTED_EDGE('',*,*,#1045,.F.) ;
#1941=ORIENTED_EDGE('',*,*,#1009,.T.) ;
#1942=ORIENTED_EDGE('',*,*,#1906,.T.) ;
#1943=ORIENTED_EDGE('',*,*,#1937,.F.) ;
#1952=ORIENTED_EDGE('',*,*,#1871,.T.) ;
#1953=ORIENTED_EDGE('',*,*,#1850,.F.) ;
#1954=ORIENTED_EDGE('',*,*,#1937,.T.) ;
#1955=ORIENTED_EDGE('',*,*,#1910,.T.) ;
#1983=ORIENTED_EDGE('',*,*,#1968,.T.) ;
#1984=ORIENTED_EDGE('',*,*,#273,.F.) ;
#1985=ORIENTED_EDGE('',*,*,#310,.F.) ;
#1986=ORIENTED_EDGE('',*,*,#1974,.T.) ;
#1987=ORIENTED_EDGE('',*,*,#1981,.F.) ;
#2018=ORIENTED_EDGE('',*,*,#2012,.T.) ;
#2019=ORIENTED_EDGE('',*,*,#1225,.T.) ;
#2020=ORIENTED_EDGE('',*,*,#1968,.F.) ;
#2021=ORIENTED_EDGE('',*,*,#2016,.F.) ;
#2052=ORIENTED_EDGE('',*,*,#1974,.F.) ;
#2053=ORIENTED_EDGE('',*,*,#1530,.T.) ;
#2054=ORIENTED_EDGE('',*,*,#2046,.T.) ;
#2055=ORIENTED_EDGE('',*,*,#2050,.T.) ;
#2079=ORIENTED_EDGE('',*,*,#2077,.F.) ;
#2080=ORIENTED_EDGE('',*,*,#2046,.F.) ;
#2081=ORIENTED_EDGE('',*,*,#1466,.T.) ;
#2082=ORIENTED_EDGE('',*,*,#1278,.T.) ;
#2083=ORIENTED_EDGE('',*,*,#2012,.F.) ;
#2092=ORIENTED_EDGE('',*,*,#1981,.T.) ;
#2093=ORIENTED_EDGE('',*,*,#2050,.F.) ;
#2094=ORIENTED_EDGE('',*,*,#2077,.T.) ;
#2095=ORIENTED_EDGE('',*,*,#2016,.T.) ;
#2104=ORIENTED_EDGE('',*,*,#475,.T.) ;
#2105=ORIENTED_EDGE('',*,*,#1120,.T.) ;
#2106=ORIENTED_EDGE('',*,*,#494,.F.) ;
#2107=ORIENTED_EDGE('',*,*,#339,.T.) ;
#2110=ORIENTED_EDGE('',*,*,#229,.T.) ;
#2111=ORIENTED_EDGE('',*,*,#212,.T.) ;
#2120=ORIENTED_EDGE('',*,*,#1342,.F.) ;
#2121=ORIENTED_EDGE('',*,*,#865,.F.) ;
#2122=ORIENTED_EDGE('',*,*,#1115,.F.) ;
#2123=ORIENTED_EDGE('',*,*,#1315,.F.) ;
#2126=ORIENTED_EDGE('',*,*,#200,.F.) ;
#2127=ORIENTED_EDGE('',*,*,#224,.F.) ;
#2146=ORIENTED_EDGE('',*,*,#2139,.T.) ;
#2147=ORIENTED_EDGE('',*,*,#174,.T.) ;
#2148=ORIENTED_EDGE('',*,*,#2144,.F.) ;
#2149=ORIENTED_EDGE('',*,*,#105,.F.) ;
#2153=ORIENTED_EDGE('',*,*,#2144,.T.) ;
#2154=ORIENTED_EDGE('',*,*,#169,.T.) ;
#2155=ORIENTED_EDGE('',*,*,#2139,.F.) ;
#2156=ORIENTED_EDGE('',*,*,#116,.F.) ;
#120=FACE_BOUND('',#117,.T.) ;
#178=FACE_BOUND('',#175,.T.) ;
#2112=FACE_BOUND('',#2109,.T.) ;
#2128=FACE_BOUND('',#2125,.T.) ;
#51=CLOSED_SHELL('Closed Shell',(#121,#179,#219,#236,#288,#317,#354,#451,#482,#520,#599,#630,#733,#767,#832,#872,#999,#1016,#1052,#1098,#1127,#1188,#1255,#1303,#1332,#1357,#1454,#1478,#1495,#1537,#1569,#1603,#1637,#1665,#1677,#1709,#1743,#1781,#1805,#1817,#1857,#1883,#1917,#1945,#1957,#1989,#2023,#2057,#2085,#2097,#2113,#2129,#2151,#2158)) ;
#59=VECTOR('Line Direction',#58,1.) ;
#68=VECTOR('Line Direction',#67,1.) ;
#75=VECTOR('Line Direction',#74,1.) ;
#82=VECTOR('Line Direction',#81,1.) ;
#129=VECTOR('Line Direction',#128,1.) ;
#138=VECTOR('Line Direction',#137,1.) ;
#145=VECTOR('Line Direction',#144,1.) ;
#152=VECTOR('Line Direction',#151,1.) ;
#187=VECTOR('Line Direction',#186,1.) ;
#203=VECTOR('Line Direction',#202,1.) ;
#308=VECTOR('Line Direction',#307,1.) ;
#335=VECTOR('Line Direction',#334,1.) ;
#459=VECTOR('Line Direction',#458,1.) ;
#473=VECTOR('Line Direction',#472,1.) ;
#490=VECTOR('Line Direction',#489,1.) ;
#504=VECTOR('Line Direction',#503,1.) ;
#614=VECTOR('Line Direction',#613,1.) ;
#849=VECTOR('Line Direction',#848,1.) ;
#863=VECTOR('Line Direction',#862,1.) ;
#1007=VECTOR('Line Direction',#1006,1.) ;
#1106=VECTOR('Line Direction',#1105,1.) ;
#1113=VECTOR('Line Direction',#1112,1.) ;
#1118=VECTOR('Line Direction',#1117,1.) ;
#1311=VECTOR('Line Direction',#1310,1.) ;
#1318=VECTOR('Line Direction',#1317,1.) ;
#1340=VECTOR('Line Direction',#1339,1.) ;
#1462=VECTOR('Line Direction',#1461,1.) ;
#1486=VECTOR('Line Direction',#1485,1.) ;
#2137=VECTOR('Line Direction',#2136,1.) ;
#2142=VECTOR('Line Direction',#2141,1.) ;
#2160=ADVANCED_BREP_SHAPE_REPRESENTATION('NONE',(#2159),#46) ;
#49=SHAPE_REPRESENTATION(' ',(#48),#46) ;
#121=ADVANCED_FACE('PartBody',(#90,#120),#56,.F.) ;
#179=ADVANCED_FACE('PartBody',(#160,#178),#126,.T.) ;
#219=ADVANCED_FACE('PartBody',(#218),#184,.F.) ;
#236=ADVANCED_FACE('PartBody',(#235),#184,.F.) ;
#288=ADVANCED_FACE('PartBody',(#287),#237,.T.) ;
#317=ADVANCED_FACE('PartBody',(#316),#293,.F.) ;
#354=ADVANCED_FACE('PartBody',(#353),#322,.F.) ;
#451=ADVANCED_FACE('PartBody',(#450),#355,.F.) ;
#482=ADVANCED_FACE('PartBody',(#481),#456,.F.) ;
#520=ADVANCED_FACE('PartBody',(#519),#487,.F.) ;
#599=ADVANCED_FACE('PartBody',(#598),#521,.T.) ;
#630=ADVANCED_FACE('PartBody',(#629),#604,.F.) ;
#733=ADVANCED_FACE('PartBody',(#732),#631,.T.) ;
#767=ADVANCED_FACE('PartBody',(#766),#734,.F.) ;
#832=ADVANCED_FACE('PartBody',(#831),#768,.F.) ;
#872=ADVANCED_FACE('PartBody',(#871),#837,.T.) ;
#999=ADVANCED_FACE('PartBody',(#998),#873,.F.) ;
#1016=ADVANCED_FACE('PartBody',(#1015),#1004,.T.) ;
#1052=ADVANCED_FACE('PartBody',(#1051),#1017,.T.) ;
#1098=ADVANCED_FACE('PartBody',(#1097),#1053,.T.) ;
#1127=ADVANCED_FACE('PartBody',(#1126),#1103,.F.) ;
#1188=ADVANCED_FACE('PartBody',(#1187),#1128,.T.) ;
#1255=ADVANCED_FACE('PartBody',(#1254),#1189,.T.) ;
#1303=ADVANCED_FACE('PartBody',(#1302),#1256,.F.) ;
#1332=ADVANCED_FACE('PartBody',(#1331),#1308,.T.) ;
#1357=ADVANCED_FACE('PartBody',(#1356),#1337,.T.) ;
#1454=ADVANCED_FACE('PartBody',(#1453),#1358,.T.) ;
#1478=ADVANCED_FACE('PartBody',(#1477),#1459,.T.) ;
#1495=ADVANCED_FACE('PartBody',(#1494),#1483,.T.) ;
#1537=ADVANCED_FACE('PartBody',(#1536),#1496,.F.) ;
#1569=ADVANCED_FACE('PartBody',(#1568),#1538,.T.) ;
#1603=ADVANCED_FACE('PartBody',(#1602),#1570,.F.) ;
#1637=ADVANCED_FACE('PartBody',(#1636),#1604,.T.) ;
#1665=ADVANCED_FACE('PartBody',(#1664),#1638,.F.) ;
#1677=ADVANCED_FACE('PartBody',(#1676),#1670,.T.) ;
#1709=ADVANCED_FACE('PartBody',(#1708),#1678,.F.) ;
#1743=ADVANCED_FACE('PartBody',(#1742),#1710,.T.) ;
#1781=ADVANCED_FACE('PartBody',(#1780),#1744,.T.) ;
#1805=ADVANCED_FACE('PartBody',(#1804),#1782,.F.) ;
#1817=ADVANCED_FACE('PartBody',(#1816),#1810,.T.) ;
#1857=ADVANCED_FACE('PartBody',(#1856),#1818,.T.) ;
#1883=ADVANCED_FACE('PartBody',(#1882),#1858,.F.) ;
#1917=ADVANCED_FACE('PartBody',(#1916),#1884,.T.) ;
#1945=ADVANCED_FACE('PartBody',(#1944),#1918,.T.) ;
#1957=ADVANCED_FACE('PartBody',(#1956),#1950,.T.) ;
#1989=ADVANCED_FACE('PartBody',(#1988),#1958,.T.) ;
#2023=ADVANCED_FACE('PartBody',(#2022),#1990,.T.) ;
#2057=ADVANCED_FACE('PartBody',(#2056),#2024,.T.) ;
#2085=ADVANCED_FACE('PartBody',(#2084),#2058,.F.) ;
#2097=ADVANCED_FACE('PartBody',(#2096),#2090,.T.) ;
#2113=ADVANCED_FACE('PartBody',(#2108,#2112),#2102,.F.) ;
#2129=ADVANCED_FACE('PartBody',(#2124,#2128),#2118,.T.) ;
#2151=ADVANCED_FACE('PartBody',(#2150),#2134,.F.) ;
#2158=ADVANCED_FACE('PartBody',(#2157),#2134,.F.) ;
#4=APPLICATION_PROTOCOL_DEFINITION('international standard','config_control_design',1994,#1) ;
#32=APPROVAL_DATE_TIME(#13,#21) ;
#91=B_SPLINE_CURVE_WITH_KNOTS('',5,(#92,#93,#94,#95,#96,#97,#98,#99,#100),.UNSPECIFIED.,.F.,.U.,(6,3,6),(14.1371669412,18.8495559215,23.5619449019),.UNSPECIFIED.) ;
#106=B_SPLINE_CURVE_WITH_KNOTS('',5,(#107,#108,#109,#110,#111,#112,#113,#114,#115),.UNSPECIFIED.,.F.,.U.,(6,3,6),(4.71238898038,9.42477796077,14.1371669412),.UNSPECIFIED.) ;
#250=B_SPLINE_CURVE_WITH_KNOTS('',1,(#251,#252),.UNSPECIFIED.,.F.,.U.,(2,2),(3.79586027105,5.),.UNSPECIFIED.) ;
#258=B_SPLINE_CURVE_WITH_KNOTS('',5,(#259,#260,#261,#262,#263,#264),.UNSPECIFIED.,.F.,.U.,(6,6),(3.19942246275,18.961594652),.UNSPECIFIED.) ;
#268=B_SPLINE_CURVE_WITH_KNOTS('',1,(#269,#270),.UNSPECIFIED.,.F.,.U.,(2,2),(3.79586022826,5.),.UNSPECIFIED.) ;
#274=B_SPLINE_CURVE_WITH_KNOTS('',5,(#275,#276,#277,#278,#279,#280),.UNSPECIFIED.,.F.,.U.,(6,6),(-4.7525941338,4.7525941338),.UNSPECIFIED.) ;
#323=B_SPLINE_CURVE_WITH_KNOTS('',5,(#324,#325,#326,#327,#328,#329),.UNSPECIFIED.,.F.,.U.,(6,6),(3.19942246275,18.961594652),.UNSPECIFIED.) ;
#340=B_SPLINE_CURVE_WITH_KNOTS('',5,(#341,#342,#343,#344,#345,#346),.UNSPECIFIED.,.F.,.U.,(6,6),(3.19895578387,18.9574441329),.UNSPECIFIED.) ;
#437=B_SPLINE_CURVE_WITH_KNOTS('',5,(#438,#439,#440,#441,#442,#443),.UNSPECIFIED.,.F.,.U.,(6,6),(0.,4.),.UNSPECIFIED.) ;
#552=B_SPLINE_CURVE_WITH_KNOTS('',5,(#553,#554,#555,#556,#557,#558),.UNSPECIFIED.,.F.,.U.,(6,6),(0.,9.50471424219),.UNSPECIFIED.) ;
#564=B_SPLINE_CURVE_WITH_KNOTS('',1,(#565,#566),.UNSPECIFIED.,.F.,.U.,(2,2),(-2.,-3.55271368197E-015),.UNSPECIFIED.) ;
#570=B_SPLINE_CURVE_WITH_KNOTS('',5,(#571,#572,#573,#574,#575,#576,#577,#578,#579,#580,#581,#582,#583,#584,#585),.UNSPECIFIED.,.F.,.U.,(6,3,3,3,6),(0.,2.85155648035,5.70311296069,8.55466944104,9.50471424219),.UNSPECIFIED.) ;
#589=B_SPLINE_CURVE_WITH_KNOTS('',1,(#590,#591),.UNSPECIFIED.,.F.,.U.,(2,2),(-2.,-1.08434863964E-015),.UNSPECIFIED.) ;
#713=B_SPLINE_CURVE_WITH_KNOTS('',5,(#714,#715,#716,#717,#718,#719,#720,#721,#722,#723,#724,#725),.UNSPECIFIED.,.F.,.U.,(6,3,3,6),(3.19895578387,14.2259304268,18.6367026507,18.9573790542),.UNSPECIFIED.) ;
#753=B_SPLINE_CURVE_WITH_KNOTS('',1,(#754,#755),.UNSPECIFIED.,.F.,.U.,(2,2),(3.79585826686,5.),.UNSPECIFIED.) ;
#757=B_SPLINE_CURVE_WITH_KNOTS('',1,(#758,#759),.UNSPECIFIED.,.F.,.U.,(2,2),(3.79585100835,5.),.UNSPECIFIED.) ;
#799=B_SPLINE_CURVE_WITH_KNOTS('',1,(#800,#801),.UNSPECIFIED.,.F.,.U.,(2,2),(-2.,-1.33226762955E-015),.UNSPECIFIED.) ;
#805=B_SPLINE_CURVE_WITH_KNOTS('',5,(#806,#807,#808,#809,#810,#811,#812,#813,#814,#815,#816,#817,#818,#819,#820),.UNSPECIFIED.,.F.,.U.,(6,3,3,3,6),(0.,1.82212373908,3.64424747816,5.46637121725,6.07374579694),.UNSPECIFIED.) ;
#822=B_SPLINE_CURVE_WITH_KNOTS('',1,(#823,#824),.UNSPECIFIED.,.F.,.U.,(2,2),(-2.,1.38777878078E-017),.UNSPECIFIED.) ;
#955=B_SPLINE_CURVE_WITH_KNOTS('',5,(#956,#957,#958,#959,#960,#961),.UNSPECIFIED.,.F.,.U.,(6,6),(0.,4.),.UNSPECIFIED.) ;
#965=B_SPLINE_CURVE_WITH_KNOTS('',5,(#966,#967,#968,#969,#970,#971,#972,#973,#974,#975,#976,#977),.UNSPECIFIED.,.F.,.U.,(6,3,3,6),(3.19895578387,14.2259304268,18.6367026507,18.9574441329),.UNSPECIFIED.) ;
#979=B_SPLINE_CURVE_WITH_KNOTS('',5,(#980,#981,#982,#983,#984,#985,#986,#987,#988,#989,#990,#991),.UNSPECIFIED.,.F.,.U.,(6,3,3,6),(3.19895578387,14.2259304268,18.6367026507,18.9574440503),.UNSPECIFIED.) ;
#1030=B_SPLINE_CURVE_WITH_KNOTS('',5,(#1031,#1032,#1033,#1034,#1035,#1036),.UNSPECIFIED.,.F.,.U.,(6,6),(3.79585100835,5.),.UNSPECIFIED.) ;
#1038=B_SPLINE_CURVE_WITH_KNOTS('',5,(#1039,#1040,#1041,#1042,#1043,#1044),.UNSPECIFIED.,.F.,.U.,(6,6),(3.79585826686,5.),.UNSPECIFIED.) ;
#1084=B_SPLINE_CURVE_WITH_KNOTS('',1,(#1085,#1086),.UNSPECIFIED.,.F.,.U.,(2,2),(-2.,0.),.UNSPECIFIED.) ;
#1088=B_SPLINE_CURVE_WITH_KNOTS('',1,(#1089,#1090),.UNSPECIFIED.,.F.,.U.,(2,2),(-2.,-5.9643411994E-015),.UNSPECIFIED.) ;
#1159=B_SPLINE_CURVE_WITH_KNOTS('',1,(#1160,#1161),.UNSPECIFIED.,.F.,.U.,(2,2),(-2.,-1.55431223448E-015),.UNSPECIFIED.) ;
#1165=B_SPLINE_CURVE_WITH_KNOTS('',5,(#1166,#1167,#1168,#1169,#1170,#1171,#1172,#1173,#1174,#1175,#1176,#1177,#1178,#1179,#1180),.UNSPECIFIED.,.F.,.U.,(6,3,3,3,6),(0.,1.82212373908,3.64424747816,5.46637121725,6.07374579694),.UNSPECIFIED.) ;
#1220=B_SPLINE_CURVE_WITH_KNOTS('',1,(#1221,#1222),.UNSPECIFIED.,.F.,.U.,(2,2),(-4.10513269843E-015,2.),.UNSPECIFIED.) ;
#1226=B_SPLINE_CURVE_WITH_KNOTS('',5,(#1227,#1228,#1229,#1230,#1231,#1232,#1233,#1234,#1235,#1236,#1237,#1238,#1239,#1240,#1241),.UNSPECIFIED.,.F.,.U.,(6,3,3,3,6),(0.,2.85155648035,5.70311296069,8.55466944104,9.50554447517),.UNSPECIFIED.) ;
#1245=B_SPLINE_CURVE_WITH_KNOTS('',1,(#1246,#1247),.UNSPECIFIED.,.F.,.U.,(2,2),(-5.68262683565E-015,2.),.UNSPECIFIED.) ;
#1269=B_SPLINE_CURVE_WITH_KNOTS('',5,(#1270,#1271,#1272,#1273,#1274,#1275),.UNSPECIFIED.,.F.,.U.,(6,6),(3.79586022826,5.),.UNSPECIFIED.) ;
#1279=B_SPLINE_CURVE_WITH_KNOTS('',5,(#1280,#1281,#1282,#1283,#1284,#1285),.UNSPECIFIED.,.F.,.U.,(6,6),(3.19937111294,18.9616491473),.UNSPECIFIED.) ;
#1289=B_SPLINE_CURVE_WITH_KNOTS('',5,(#1290,#1291,#1292,#1293,#1294,#1295),.UNSPECIFIED.,.F.,.U.,(6,6),(3.79586027105,5.),.UNSPECIFIED.) ;
#1343=B_SPLINE_CURVE_WITH_KNOTS('',5,(#1344,#1345,#1346,#1347,#1348,#1349),.UNSPECIFIED.,.F.,.U.,(6,6),(3.19942246275,18.961594652),.UNSPECIFIED.) ;
#1440=B_SPLINE_CURVE_WITH_KNOTS('',5,(#1441,#1442,#1443,#1444,#1445,#1446),.UNSPECIFIED.,.F.,.U.,(6,6),(0.,4.),.UNSPECIFIED.) ;
#1527=B_SPLINE_CURVE_WITH_KNOTS('',1,(#1528,#1529),.UNSPECIFIED.,.F.,.U.,(2,2),(-2.,-1.50782856757E-015),.UNSPECIFIED.) ;
#1543=B_SPLINE_CURVE_WITH_KNOTS('',1,(#1544,#1545),.UNSPECIFIED.,.F.,.U.,(2,2),(3.79585826686,4.),.UNSPECIFIED.) ;
#1549=B_SPLINE_CURVE_WITH_KNOTS('',1,(#1550,#1551),.UNSPECIFIED.,.F.,.U.,(2,2),(-21.,20.),.UNSPECIFIED.) ;
#1555=B_SPLINE_CURVE_WITH_KNOTS('',4,(#1556,#1557,#1558,#1559,#1560),.UNSPECIFIED.,.F.,.U.,(5,5),(0.,2.22140973664),.UNSPECIFIED.) ;
#1583=B_SPLINE_CURVE_WITH_KNOTS('',1,(#1584,#1585),.UNSPECIFIED.,.F.,.U.,(2,2),(-5.55111512313E-017,2.),.UNSPECIFIED.) ;
#1589=B_SPLINE_CURVE_WITH_KNOTS('',5,(#1590,#1591,#1592,#1593,#1594,#1595),.UNSPECIFIED.,.F.,.U.,(6,6),(0.,0.204141733141),.UNSPECIFIED.) ;
#1617=B_SPLINE_CURVE_WITH_KNOTS('',5,(#1618,#1619,#1620,#1621,#1622,#1623),.UNSPECIFIED.,.F.,.U.,(6,6),(0.,41.),.UNSPECIFIED.) ;
#1627=B_SPLINE_CURVE_WITH_KNOTS('',1,(#1628,#1629),.UNSPECIFIED.,.F.,.U.,(2,2),(0.,2.),.UNSPECIFIED.) ;
#1651=B_SPLINE_CURVE_WITH_KNOTS('',4,(#1652,#1653,#1654,#1655,#1656),.UNSPECIFIED.,.F.,.U.,(5,5),(0.,2.2214097367),.UNSPECIFIED.) ;
#1683=B_SPLINE_CURVE_WITH_KNOTS('',4,(#1684,#1685,#1686,#1687,#1688),.UNSPECIFIED.,.F.,.U.,(5,5),(0.,2.22139828116),.UNSPECIFIED.) ;
#1694=B_SPLINE_CURVE_WITH_KNOTS('',1,(#1695,#1696),.UNSPECIFIED.,.F.,.U.,(2,2),(-21.,20.),.UNSPECIFIED.) ;
#1698=B_SPLINE_CURVE_WITH_KNOTS('',1,(#1699,#1700),.UNSPECIFIED.,.F.,.U.,(2,2),(3.79585826686,4.),.UNSPECIFIED.) ;
#1723=B_SPLINE_CURVE_WITH_KNOTS('',5,(#1724,#1725,#1726,#1727,#1728,#1729),.UNSPECIFIED.,.F.,.U.,(6,6),(0.,41.),.UNSPECIFIED.) ;
#1733=B_SPLINE_CURVE_WITH_KNOTS('',1,(#1734,#1735),.UNSPECIFIED.,.F.,.U.,(2,2),(-1.,1.),.UNSPECIFIED.) ;
#1757=B_SPLINE_CURVE_WITH_KNOTS('',5,(#1758,#1759,#1760,#1761,#1762,#1763),.UNSPECIFIED.,.F.,.U.,(6,6),(3.79585826686,4.),.UNSPECIFIED.) ;
#1767=B_SPLINE_CURVE_WITH_KNOTS('',4,(#1768,#1769,#1770,#1771,#1772),.UNSPECIFIED.,.F.,.U.,(5,5),(0.,2.22139827934),.UNSPECIFIED.) ;
#1795=B_SPLINE_CURVE_WITH_KNOTS('',1,(#1796,#1797),.UNSPECIFIED.,.F.,.U.,(2,2),(-1.,1.),.UNSPECIFIED.) ;
#1831=B_SPLINE_CURVE_WITH_KNOTS('',1,(#1832,#1833),.UNSPECIFIED.,.F.,.U.,(2,2),(-21.,20.),.UNSPECIFIED.) ;
#1837=B_SPLINE_CURVE_WITH_KNOTS('',5,(#1838,#1839,#1840,#1841,#1842,#1843),.UNSPECIFIED.,.F.,.U.,(6,6),(1.,42.),.UNSPECIFIED.) ;
#1847=B_SPLINE_CURVE_WITH_KNOTS('',1,(#1848,#1849),.UNSPECIFIED.,.F.,.U.,(2,2),(-2.,0.),.UNSPECIFIED.) ;
#1863=B_SPLINE_CURVE_WITH_KNOTS('',4,(#1864,#1865,#1866,#1867,#1868),.UNSPECIFIED.,.F.,.U.,(5,5),(0.,2.22140973671),.UNSPECIFIED.) ;
#1872=B_SPLINE_CURVE_WITH_KNOTS('',1,(#1873,#1874),.UNSPECIFIED.,.F.,.U.,(2,2),(3.79585826686,4.),.UNSPECIFIED.) ;
#1897=B_SPLINE_CURVE_WITH_KNOTS('',5,(#1898,#1899,#1900,#1901,#1902,#1903),.UNSPECIFIED.,.F.,.U.,(6,6),(0.,0.204141733141),.UNSPECIFIED.) ;
#1907=B_SPLINE_CURVE_WITH_KNOTS('',1,(#1908,#1909),.UNSPECIFIED.,.F.,.U.,(2,2),(-2.,-2.22044604925E-016),.UNSPECIFIED.) ;
#1931=B_SPLINE_CURVE_WITH_KNOTS('',4,(#1932,#1933,#1934,#1935,#1936),.UNSPECIFIED.,.F.,.U.,(5,5),(0.,2.22140973669),.UNSPECIFIED.) ;
#1963=B_SPLINE_CURVE_WITH_KNOTS('',1,(#1964,#1965),.UNSPECIFIED.,.F.,.U.,(2,2),(-20.,21.),.UNSPECIFIED.) ;
#1969=B_SPLINE_CURVE_WITH_KNOTS('',1,(#1970,#1971),.UNSPECIFIED.,.F.,.U.,(2,2),(3.79585826686,4.),.UNSPECIFIED.) ;
#1975=B_SPLINE_CURVE_WITH_KNOTS('',4,(#1976,#1977,#1978,#1979,#1980),.UNSPECIFIED.,.F.,.U.,(5,5),(0.,2.22139827937),.UNSPECIFIED.) ;
#2003=B_SPLINE_CURVE_WITH_KNOTS('',5,(#2004,#2005,#2006,#2007,#2008,#2009),.UNSPECIFIED.,.F.,.U.,(6,6),(1.,42.),.UNSPECIFIED.) ;
#2013=B_SPLINE_CURVE_WITH_KNOTS('',1,(#2014,#2015),.UNSPECIFIED.,.F.,.U.,(2,2),(-1.,1.),.UNSPECIFIED.) ;
#2037=B_SPLINE_CURVE_WITH_KNOTS('',5,(#2038,#2039,#2040,#2041,#2042,#2043),.UNSPECIFIED.,.F.,.U.,(6,6),(0.,0.204141733141),.UNSPECIFIED.) ;
#2047=B_SPLINE_CURVE_WITH_KNOTS('',1,(#2048,#2049),.UNSPECIFIED.,.F.,.U.,(2,2),(-1.,1.),.UNSPECIFIED.) ;
#2071=B_SPLINE_CURVE_WITH_KNOTS('',4,(#2072,#2073,#2074,#2075,#2076),.UNSPECIFIED.,.F.,.U.,(5,5),(0.,2.22139827937),.UNSPECIFIED.) ;
#237=B_SPLINE_SURFACE_WITH_KNOTS('',5,1,((#238,#239),(#240,#241),(#242,#243),(#244,#245),(#246,#247),(#248,#249)),.UNSPECIFIED.,.F.,.F.,.U.,(6,6),(2,2),(0.,9.50518826782),(3.79585400231,5.),.UNSPECIFIED.) ;
#355=B_SPLINE_SURFACE_WITH_KNOTS('',5,5,((#356,#357,#358,#359,#360,#361,#362,#363,#364),(#365,#366,#367,#368,#369,#370,#371,#372,#373),(#374,#375,#376,#377,#378,#379,#380,#381,#382),(#383,#384,#385,#386,#387,#388,#389,#390,#391),(#392,#393,#394,#395,#396,#397,#398,#399,#400),(#401,#402,#403,#404,#405,#406,#407,#408,#409),(#410,#411,#412,#413,#414,#415,#416,#417,#418),(#419,#420,#421,#422,#423,#424,#425,#426,#427),(#428,#429,#430,#431,#432,#433,#434,#435,#436)),.UNSPECIFIED.,.F.,.F.,.U.,(6,3,6),(6,3,6),(3.19942246275,11.0805085574,18.961594652),(0.,2.,4.),.UNSPECIFIED.) ;
#521=B_SPLINE_SURFACE_WITH_KNOTS('',5,1,((#522,#523),(#524,#525),(#526,#527),(#528,#529),(#530,#531),(#532,#533),(#534,#535),(#536,#537),(#538,#539),(#540,#541),(#542,#543),(#544,#545),(#546,#547),(#548,#549),(#550,#551)),.UNSPECIFIED.,.F.,.F.,.U.,(6,3,3,3,6),(2,2),(0.,2.85155648035,5.70311296069,8.55466944104,9.50471424219),(-2.,0.),.UNSPECIFIED.) ;
#631=B_SPLINE_SURFACE_WITH_KNOTS('',5,5,((#632,#633,#634,#635,#636,#637,#638,#639,#640),(#641,#642,#643,#644,#645,#646,#647,#648,#649),(#650,#651,#652,#653,#654,#655,#656,#657,#658),(#659,#660,#661,#662,#663,#664,#665,#666,#667),(#668,#669,#670,#671,#672,#673,#674,#675,#676),(#677,#678,#679,#680,#681,#682,#683,#684,#685),(#686,#687,#688,#689,#690,#691,#692,#693,#694),(#695,#696,#697,#698,#699,#700,#701,#702,#703),(#704,#705,#706,#707,#708,#709,#710,#711,#712)),.UNSPECIFIED.,.F.,.F.,.U.,(6,3,6),(6,3,6),(3.19895578387,14.2259304268,18.9574441329),(0.,2.,4.),.UNSPECIFIED.) ;
#734=B_SPLINE_SURFACE_WITH_KNOTS('',5,1,((#735,#736),(#737,#738),(#739,#740),(#741,#742),(#743,#744),(#745,#746),(#747,#748),(#749,#750),(#751,#752)),.UNSPECIFIED.,.F.,.F.,.U.,(6,3,6),(2,2),(0.,4.75259413392,9.50518826783),(3.79583734683,5.),.UNSPECIFIED.) ;
#768=B_SPLINE_SURFACE_WITH_KNOTS('',5,1,((#769,#770),(#771,#772),(#773,#774),(#775,#776),(#777,#778),(#779,#780),(#781,#782),(#783,#784),(#785,#786),(#787,#788),(#789,#790),(#791,#792),(#793,#794),(#795,#796),(#797,#798)),.UNSPECIFIED.,.F.,.F.,.U.,(6,3,3,3,6),(2,2),(0.,1.82212373908,3.64424747816,5.46637121725,6.07374579694),(-2.,1.38777878078E-017),.UNSPECIFIED.) ;
#873=B_SPLINE_SURFACE_WITH_KNOTS('',5,5,((#874,#875,#876,#877,#878,#879,#880,#881,#882),(#883,#884,#885,#886,#887,#888,#889,#890,#891),(#892,#893,#894,#895,#896,#897,#898,#899,#900),(#901,#902,#903,#904,#905,#906,#907,#908,#909),(#910,#911,#912,#913,#914,#915,#916,#917,#918),(#919,#920,#921,#922,#923,#924,#925,#926,#927),(#928,#929,#930,#931,#932,#933,#934,#935,#936),(#937,#938,#939,#940,#941,#942,#943,#944,#945),(#946,#947,#948,#949,#950,#951,#952,#953,#954)),.UNSPECIFIED.,.F.,.F.,.U.,(6,3,6),(6,3,6),(3.19895578387,14.2259304268,18.9574441329),(0.,2.,4.),.UNSPECIFIED.) ;
#1017=B_SPLINE_SURFACE_WITH_KNOTS('',5,1,((#1018,#1019),(#1020,#1021),(#1022,#1023),(#1024,#1025),(#1026,#1027),(#1028,#1029)),.UNSPECIFIED.,.F.,.F.,.U.,(6,6),(2,2),(0.,9.50518826782),(0.,5.),.UNSPECIFIED.) ;
#1053=B_SPLINE_SURFACE_WITH_KNOTS('',5,1,((#1054,#1055),(#1056,#1057),(#1058,#1059),(#1060,#1061),(#1062,#1063),(#1064,#1065),(#1066,#1067),(#1068,#1069),(#1070,#1071),(#1072,#1073),(#1074,#1075),(#1076,#1077),(#1078,#1079),(#1080,#1081),(#1082,#1083)),.UNSPECIFIED.,.F.,.F.,.U.,(6,3,3,3,6),(2,2),(0.,1.82212373908,3.64424747816,5.46637121725,6.07374579694),(-2.,0.),.UNSPECIFIED.) ;
#1128=B_SPLINE_SURFACE_WITH_KNOTS('',5,1,((#1129,#1130),(#1131,#1132),(#1133,#1134),(#1135,#1136),(#1137,#1138),(#1139,#1140),(#1141,#1142),(#1143,#1144),(#1145,#1146),(#1147,#1148),(#1149,#1150),(#1151,#1152),(#1153,#1154),(#1155,#1156),(#1157,#1158)),.UNSPECIFIED.,.F.,.F.,.U.,(6,3,3,3,6),(2,2),(0.,1.82212373908,3.64424747816,5.46637121725,6.07374579694),(-2.,0.),.UNSPECIFIED.) ;
#1189=B_SPLINE_SURFACE_WITH_KNOTS('',5,1,((#1190,#1191),(#1192,#1193),(#1194,#1195),(#1196,#1197),(#1198,#1199),(#1200,#1201),(#1202,#1203),(#1204,#1205),(#1206,#1207),(#1208,#1209),(#1210,#1211),(#1212,#1213),(#1214,#1215),(#1216,#1217),(#1218,#1219)),.UNSPECIFIED.,.F.,.F.,.U.,(6,3,3,3,6),(2,2),(0.,2.85155648035,5.70311296069,8.55466944104,9.50554447517),(-5.68262683565E-015,2.),.UNSPECIFIED.) ;
#1256=B_SPLINE_SURFACE_WITH_KNOTS('',5,1,((#1257,#1258),(#1259,#1260),(#1261,#1262),(#1263,#1264),(#1265,#1266),(#1267,#1268)),.UNSPECIFIED.,.F.,.F.,.U.,(6,6),(2,2),(0.,9.50518826782),(0.,5.),.UNSPECIFIED.) ;
#1358=B_SPLINE_SURFACE_WITH_KNOTS('',5,5,((#1359,#1360,#1361,#1362,#1363,#1364,#1365,#1366,#1367),(#1368,#1369,#1370,#1371,#1372,#1373,#1374,#1375,#1376),(#1377,#1378,#1379,#1380,#1381,#1382,#1383,#1384,#1385),(#1386,#1387,#1388,#1389,#1390,#1391,#1392,#1393,#1394),(#1395,#1396,#1397,#1398,#1399,#1400,#1401,#1402,#1403),(#1404,#1405,#1406,#1407,#1408,#1409,#1410,#1411,#1412),(#1413,#1414,#1415,#1416,#1417,#1418,#1419,#1420,#1421),(#1422,#1423,#1424,#1425,#1426,#1427,#1428,#1429,#1430),(#1431,#1432,#1433,#1434,#1435,#1436,#1437,#1438,#1439)),.UNSPECIFIED.,.F.,.F.,.U.,(6,3,6),(6,3,6),(3.19942246275,11.0805085574,18.961594652),(0.,2.,4.),.UNSPECIFIED.) ;
#1496=B_SPLINE_SURFACE_WITH_KNOTS('',5,1,((#1497,#1498),(#1499,#1500),(#1501,#1502),(#1503,#1504),(#1505,#1506),(#1507,#1508),(#1509,#1510),(#1511,#1512),(#1513,#1514),(#1515,#1516),(#1517,#1518),(#1519,#1520),(#1521,#1522),(#1523,#1524),(#1525,#1526)),.UNSPECIFIED.,.F.,.F.,.U.,(6,3,3,3,6),(2,2),(0.,1.82212373908,3.64424747816,5.46637121725,6.07374579694),(-2.,0.),.UNSPECIFIED.) ;
#1538=B_SPLINE_SURFACE_WITH_KNOTS('',1,1,((#1539,#1540),(#1541,#1542)),.UNSPECIFIED.,.F.,.F.,.U.,(2,2),(2,2),(-0.02997770566,42.),(3.79585826686,5.02715120746),.UNSPECIFIED.) ;
#1570=B_SPLINE_SURFACE_WITH_KNOTS('',5,1,((#1571,#1572),(#1573,#1574),(#1575,#1576),(#1577,#1578),(#1579,#1580),(#1581,#1582)),.UNSPECIFIED.,.F.,.F.,.U.,(6,6),(2,2),(0.,0.204141733141),(-5.55111512313E-017,2.),.UNSPECIFIED.) ;
#1604=B_SPLINE_SURFACE_WITH_KNOTS('',5,1,((#1605,#1606),(#1607,#1608),(#1609,#1610),(#1611,#1612),(#1613,#1614),(#1615,#1616)),.UNSPECIFIED.,.F.,.F.,.U.,(6,6),(2,2),(0.,41.),(-5.68262683565E-015,2.),.UNSPECIFIED.) ;
#1638=B_SPLINE_SURFACE_WITH_KNOTS('',5,1,((#1639,#1640),(#1641,#1642),(#1643,#1644),(#1645,#1646),(#1647,#1648),(#1649,#1650)),.UNSPECIFIED.,.F.,.F.,.U.,(6,6),(2,2),(0.,42.),(0.,5.),.UNSPECIFIED.) ;
#1678=B_SPLINE_SURFACE_WITH_KNOTS('',1,1,((#1679,#1680),(#1681,#1682)),.UNSPECIFIED.,.F.,.F.,.U.,(2,2),(2,2),(-0.000948217945567,42.),(3.79585100835,5.02734063254),.UNSPECIFIED.) ;
#1710=B_SPLINE_SURFACE_WITH_KNOTS('',5,1,((#1711,#1712),(#1713,#1714),(#1715,#1716),(#1717,#1718),(#1719,#1720),(#1721,#1722)),.UNSPECIFIED.,.F.,.F.,.U.,(6,6),(2,2),(0.,41.),(-2.,0.),.UNSPECIFIED.) ;
#1744=B_SPLINE_SURFACE_WITH_KNOTS('',5,1,((#1745,#1746),(#1747,#1748),(#1749,#1750),(#1751,#1752),(#1753,#1754),(#1755,#1756)),.UNSPECIFIED.,.F.,.F.,.U.,(6,6),(2,2),(0.,42.),(0.,5.),.UNSPECIFIED.) ;
#1782=B_SPLINE_SURFACE_WITH_KNOTS('',5,1,((#1783,#1784),(#1785,#1786),(#1787,#1788),(#1789,#1790),(#1791,#1792),(#1793,#1794)),.UNSPECIFIED.,.F.,.F.,.U.,(6,6),(2,2),(0.,0.204141733141),(-2.,0.),.UNSPECIFIED.) ;
#1818=B_SPLINE_SURFACE_WITH_KNOTS('',5,1,((#1819,#1820),(#1821,#1822),(#1823,#1824),(#1825,#1826),(#1827,#1828),(#1829,#1830)),.UNSPECIFIED.,.F.,.F.,.U.,(6,6),(2,2),(1.,42.),(-2.,0.),.UNSPECIFIED.) ;
#1858=B_SPLINE_SURFACE_WITH_KNOTS('',1,1,((#1859,#1860),(#1861,#1862)),.UNSPECIFIED.,.F.,.F.,.U.,(2,2),(2,2),(0.,42.0299777057),(3.79585826686,5.02715120746),.UNSPECIFIED.) ;
#1884=B_SPLINE_SURFACE_WITH_KNOTS('',5,1,((#1885,#1886),(#1887,#1888),(#1889,#1890),(#1891,#1892),(#1893,#1894),(#1895,#1896)),.UNSPECIFIED.,.F.,.F.,.U.,(6,6),(2,2),(0.,0.204141733141),(-2.,0.),.UNSPECIFIED.) ;
#1918=B_SPLINE_SURFACE_WITH_KNOTS('',5,1,((#1919,#1920),(#1921,#1922),(#1923,#1924),(#1925,#1926),(#1927,#1928),(#1929,#1930)),.UNSPECIFIED.,.F.,.F.,.U.,(6,6),(2,2),(0.,42.),(0.,5.),.UNSPECIFIED.) ;
#1958=B_SPLINE_SURFACE_WITH_KNOTS('',1,1,((#1959,#1960),(#1961,#1962)),.UNSPECIFIED.,.F.,.F.,.U.,(2,2),(2,2),(0.,42.0009482844),(3.79585826686,5.02734063254),.UNSPECIFIED.) ;
#1990=B_SPLINE_SURFACE_WITH_KNOTS('',5,1,((#1991,#1992),(#1993,#1994),(#1995,#1996),(#1997,#1998),(#1999,#2000),(#2001,#2002)),.UNSPECIFIED.,.F.,.F.,.U.,(6,6),(2,2),(1.,42.),(-4.10513269843E-015,2.),.UNSPECIFIED.) ;
#2024=B_SPLINE_SURFACE_WITH_KNOTS('',5,1,((#2025,#2026),(#2027,#2028),(#2029,#2030),(#2031,#2032),(#2033,#2034),(#2035,#2036)),.UNSPECIFIED.,.F.,.F.,.U.,(6,6),(2,2),(0.,0.204141733141),(-1.11022302463E-016,2.),.UNSPECIFIED.) ;
#2058=B_SPLINE_SURFACE_WITH_KNOTS('',5,1,((#2059,#2060),(#2061,#2062),(#2063,#2064),(#2065,#2066),(#2067,#2068),(#2069,#2070)),.UNSPECIFIED.,.F.,.F.,.U.,(6,6),(2,2),(0.,42.),(0.,5.),.UNSPECIFIED.) ;
#2159=MANIFOLD_SOLID_BREP('PartBody',#51) ;
#11=CALENDAR_DATE(2025,29,1) ;
#30=CC_DESIGN_APPROVAL(#21,(#16,#6,#14)) ;
#18=CC_DESIGN_DATE_AND_TIME_ASSIGNMENT(#13,#17,(#16)) ;
#29=CC_DESIGN_DATE_AND_TIME_ASSIGNMENT(#13,#28,(#14)) ;
#17=DATE_TIME_ROLE('classification_date') ;
#28=DATE_TIME_ROLE('creation_date') ;
#27=CC_DESIGN_PERSON_AND_ORGANIZATION_ASSIGNMENT(#25,#26,(#16)) ;
#33=CC_DESIGN_PERSON_AND_ORGANIZATION_ASSIGNMENT(#25,#34,(#6)) ;
#35=CC_DESIGN_PERSON_AND_ORGANIZATION_ASSIGNMENT(#25,#36,(#6,#14)) ;
#37=CC_DESIGN_PERSON_AND_ORGANIZATION_ASSIGNMENT(#25,#38,(#5)) ;
#26=PERSON_AND_ORGANIZATION_ROLE('classification_officer') ;
#34=PERSON_AND_ORGANIZATION_ROLE('design_supplier') ;
#36=PERSON_AND_ORGANIZATION_ROLE('creator') ;
#38=PERSON_AND_ORGANIZATION_ROLE('design_owner') ;
#39=CC_DESIGN_SECURITY_CLASSIFICATION(#16,(#6)) ;
#164=CIRCLE('generated circle',#163,3.) ;
#173=CIRCLE('generated circle',#172,3.) ;
#197=CIRCLE('generated circle',#196,3.) ;
#211=CIRCLE('generated circle',#210,3.) ;
#223=CIRCLE('generated circle',#222,3.) ;
#228=CIRCLE('generated circle',#227,3.) ;
#297=CIRCLE('generated circle',#296,2.) ;
#302=CIRCLE('generated circle',#301,2.) ;
#467=CIRCLE('generated circle',#466,2.) ;
#498=CIRCLE('generated circle',#497,2.) ;
#512=CIRCLE('generated circle',#511,2.) ;
#608=CIRCLE('generated circle',#607,2.) ;
#622=CIRCLE('generated circle',#621,2.) ;
#841=CIRCLE('generated circle',#840,4.) ;
#857=CIRCLE('generated circle',#856,4.) ;
#1324=CIRCLE('generated circle',#1323,4.) ;
#1470=CIRCLE('generated circle',#1469,4.) ;
#2161=SHAPE_REPRESENTATION_RELATIONSHIP(' ',' ',#49,#2160) ;
#184=CYLINDRICAL_SURFACE('generated cylinder',#183,3.) ;
#293=CYLINDRICAL_SURFACE('generated cylinder',#292,2.) ;
#322=CYLINDRICAL_SURFACE('generated cylinder',#321,6.) ;
#456=CYLINDRICAL_SURFACE('generated cylinder',#455,2.) ;
#487=CYLINDRICAL_SURFACE('generated cylinder',#486,2.) ;
#604=CYLINDRICAL_SURFACE('generated cylinder',#603,2.) ;
#837=CYLINDRICAL_SURFACE('generated cylinder',#836,4.) ;
#1004=CYLINDRICAL_SURFACE('generated cylinder',#1003,4.) ;
#1308=CYLINDRICAL_SURFACE('generated cylinder',#1307,4.) ;
#1337=CYLINDRICAL_SURFACE('generated cylinder',#1336,8.) ;
#1459=CYLINDRICAL_SURFACE('generated cylinder',#1458,4.) ;
#1670=CYLINDRICAL_SURFACE('generated cylinder',#1669,1.) ;
#1810=CYLINDRICAL_SURFACE('generated cylinder',#1809,1.) ;
#1950=CYLINDRICAL_SURFACE('generated cylinder',#1949,1.) ;
#2090=CYLINDRICAL_SURFACE('generated cylinder',#2089,1.) ;
#2134=CYLINDRICAL_SURFACE('generated cylinder',#2133,3.) ;
#3=DESIGN_CONTEXT(' ',#1,'design') ;
#65=EDGE_CURVE('',#62,#64,#60,.F.) ;
#72=EDGE_CURVE('',#62,#71,#69,.T.) ;
#79=EDGE_CURVE('',#78,#71,#76,.T.) ;
#84=EDGE_CURVE('',#78,#64,#83,.F.) ;
#105=EDGE_CURVE('',#102,#104,#91,.T.) ;
#116=EDGE_CURVE('',#104,#102,#106,.T.) ;
#135=EDGE_CURVE('',#132,#134,#130,.T.) ;
#142=EDGE_CURVE('',#132,#141,#139,.T.) ;
#149=EDGE_CURVE('',#148,#141,#146,.T.) ;
#154=EDGE_CURVE('',#148,#134,#153,.T.) ;
#169=EDGE_CURVE('',#166,#168,#164,.T.) ;
#174=EDGE_CURVE('',#168,#166,#173,.T.) ;
#193=EDGE_CURVE('',#190,#192,#188,.T.) ;
#200=EDGE_CURVE('',#192,#199,#197,.T.) ;
#207=EDGE_CURVE('',#206,#199,#204,.T.) ;
#212=EDGE_CURVE('',#190,#206,#211,.T.) ;
#224=EDGE_CURVE('',#199,#192,#223,.T.) ;
#229=EDGE_CURVE('',#206,#190,#228,.T.) ;
#257=EDGE_CURVE('',#254,#256,#250,.T.) ;
#267=EDGE_CURVE('',#266,#254,#258,.T.) ;
#273=EDGE_CURVE('',#266,#272,#268,.T.) ;
#281=EDGE_CURVE('',#272,#256,#274,.T.) ;
#298=EDGE_CURVE('',#71,#266,#297,.F.) ;
#305=EDGE_CURVE('',#62,#304,#302,.F.) ;
#310=EDGE_CURVE('',#304,#266,#309,.T.) ;
#332=EDGE_CURVE('',#71,#331,#323,.T.) ;
#339=EDGE_CURVE('',#338,#331,#336,.T.) ;
#347=EDGE_CURVE('',#78,#338,#340,.T.) ;
#444=EDGE_CURVE('',#331,#254,#437,.T.) ;
#463=EDGE_CURVE('',#254,#462,#460,.T.) ;
#470=EDGE_CURVE('',#462,#469,#467,.T.) ;
#475=EDGE_CURVE('',#331,#469,#474,.T.) ;
#494=EDGE_CURVE('',#338,#493,#491,.T.) ;
#501=EDGE_CURVE('',#500,#493,#498,.F.) ;
#508=EDGE_CURVE('',#507,#500,#505,.T.) ;
#513=EDGE_CURVE('',#338,#507,#512,.T.) ;
#563=EDGE_CURVE('',#560,#562,#552,.T.) ;
#569=EDGE_CURVE('',#562,#568,#564,.T.) ;
#588=EDGE_CURVE('',#587,#568,#570,.T.) ;
#592=EDGE_CURVE('',#560,#587,#589,.T.) ;
#611=EDGE_CURVE('',#78,#610,#608,.F.) ;
#618=EDGE_CURVE('',#610,#617,#615,.T.) ;
#623=EDGE_CURVE('',#617,#64,#622,.T.) ;
#726=EDGE_CURVE('',#610,#507,#713,.T.) ;
#756=EDGE_CURVE('',#610,#560,#753,.T.) ;
#760=EDGE_CURVE('',#507,#562,#757,.T.) ;
#804=EDGE_CURVE('',#617,#803,#799,.T.) ;
#821=EDGE_CURVE('',#803,#134,#805,.T.) ;
#825=EDGE_CURVE('',#64,#134,#822,.T.) ;
#846=EDGE_CURVE('',#843,#845,#841,.F.) ;
#853=EDGE_CURVE('',#852,#843,#850,.F.) ;
#860=EDGE_CURVE('',#852,#859,#857,.F.) ;
#865=EDGE_CURVE('',#859,#845,#864,.F.) ;
#964=EDGE_CURVE('',#963,#132,#955,.F.) ;
#978=EDGE_CURVE('',#843,#963,#965,.F.) ;
#992=EDGE_CURVE('',#845,#132,#979,.F.) ;
#1009=EDGE_CURVE('',#963,#803,#1008,.T.) ;
#1037=EDGE_CURVE('',#843,#568,#1030,.T.) ;
#1045=EDGE_CURVE('',#963,#587,#1038,.T.) ;
#1087=EDGE_CURVE('',#493,#859,#1084,.T.) ;
#1091=EDGE_CURVE('',#500,#852,#1088,.T.) ;
#1110=EDGE_CURVE('',#469,#1109,#1107,.T.) ;
#1115=EDGE_CURVE('',#1109,#859,#1114,.T.) ;
#1120=EDGE_CURVE('',#469,#493,#1119,.T.) ;
#1164=EDGE_CURVE('',#1163,#462,#1159,.F.) ;
#1181=EDGE_CURVE('',#1163,#1109,#1165,.F.) ;
#1225=EDGE_CURVE('',#1224,#272,#1220,.T.) ;
#1244=EDGE_CURVE('',#1224,#1243,#1226,.T.) ;
#1248=EDGE_CURVE('',#1243,#256,#1245,.T.) ;
#1278=EDGE_CURVE('',#1277,#1224,#1269,.T.) ;
#1288=EDGE_CURVE('',#1277,#1287,#1279,.T.) ;
#1296=EDGE_CURVE('',#1287,#1243,#1289,.T.) ;
#1315=EDGE_CURVE('',#1314,#1109,#1312,.T.) ;
#1320=EDGE_CURVE('',#1287,#1163,#1319,.T.) ;
#1325=EDGE_CURVE('',#1287,#1314,#1324,.T.) ;
#1342=EDGE_CURVE('',#845,#1314,#1341,.T.) ;
#1350=EDGE_CURVE('',#141,#1314,#1343,.T.) ;
#1447=EDGE_CURVE('',#1277,#141,#1440,.F.) ;
#1466=EDGE_CURVE('',#1465,#1277,#1463,.T.) ;
#1471=EDGE_CURVE('',#148,#1465,#1470,.F.) ;
#1488=EDGE_CURVE('',#62,#148,#1487,.T.) ;
#1530=EDGE_CURVE('',#304,#1465,#1527,.T.) ;
#1548=EDGE_CURVE('',#462,#1547,#1543,.T.) ;
#1554=EDGE_CURVE('',#256,#1553,#1549,.T.) ;
#1561=EDGE_CURVE('',#1547,#1553,#1555,.T.) ;
#1588=EDGE_CURVE('',#1587,#1547,#1583,.T.) ;
#1596=EDGE_CURVE('',#1163,#1587,#1589,.T.) ;
#1626=EDGE_CURVE('',#1243,#1625,#1617,.T.) ;
#1630=EDGE_CURVE('',#1625,#1553,#1627,.T.) ;
#1657=EDGE_CURVE('',#1625,#1587,#1651,.F.) ;
#1693=EDGE_CURVE('',#1690,#1692,#1683,.T.) ;
#1697=EDGE_CURVE('',#562,#1690,#1694,.T.) ;
#1701=EDGE_CURVE('',#500,#1692,#1698,.T.) ;
#1732=EDGE_CURVE('',#568,#1731,#1723,.T.) ;
#1736=EDGE_CURVE('',#1731,#1690,#1733,.T.) ;
#1766=EDGE_CURVE('',#852,#1765,#1757,.T.) ;
#1773=EDGE_CURVE('',#1765,#1731,#1767,.F.) ;
#1798=EDGE_CURVE('',#1765,#1692,#1795,.T.) ;
#1836=EDGE_CURVE('',#560,#1835,#1831,.T.) ;
#1846=EDGE_CURVE('',#587,#1845,#1837,.F.) ;
#1850=EDGE_CURVE('',#1845,#1835,#1847,.F.) ;
#1871=EDGE_CURVE('',#1870,#1835,#1863,.T.) ;
#1875=EDGE_CURVE('',#617,#1870,#1872,.T.) ;
#1906=EDGE_CURVE('',#803,#1905,#1897,.T.) ;
#1910=EDGE_CURVE('',#1905,#1870,#1907,.F.) ;
#1937=EDGE_CURVE('',#1845,#1905,#1931,.F.) ;
#1968=EDGE_CURVE('',#1967,#272,#1963,.T.) ;
#1974=EDGE_CURVE('',#304,#1973,#1969,.T.) ;
#1981=EDGE_CURVE('',#1967,#1973,#1975,.T.) ;
#2012=EDGE_CURVE('',#2011,#1224,#2003,.T.) ;
#2016=EDGE_CURVE('',#2011,#1967,#2013,.F.) ;
#2046=EDGE_CURVE('',#1465,#2045,#2037,.T.) ;
#2050=EDGE_CURVE('',#2045,#1973,#2047,.F.) ;
#2077=EDGE_CURVE('',#2045,#2011,#2071,.F.) ;
#2139=EDGE_CURVE('',#102,#168,#2138,.T.) ;
#2144=EDGE_CURVE('',#104,#166,#2143,.T.) ;
#85=EDGE_LOOP('',(#86,#87,#88,#89)) ;
#117=EDGE_LOOP('',(#118,#119)) ;
#155=EDGE_LOOP('',(#156,#157,#158,#159)) ;
#175=EDGE_LOOP('',(#176,#177)) ;
#213=EDGE_LOOP('',(#214,#215,#216,#217)) ;
#230=EDGE_LOOP('',(#231,#232,#233,#234)) ;
#282=EDGE_LOOP('',(#283,#284,#285,#286)) ;
#311=EDGE_LOOP('',(#312,#313,#314,#315)) ;
#348=EDGE_LOOP('',(#349,#350,#351,#352)) ;
#445=EDGE_LOOP('',(#446,#447,#448,#449)) ;
#476=EDGE_LOOP('',(#477,#478,#479,#480)) ;
#514=EDGE_LOOP('',(#515,#516,#517,#518)) ;
#593=EDGE_LOOP('',(#594,#595,#596,#597)) ;
#624=EDGE_LOOP('',(#625,#626,#627,#628)) ;
#727=EDGE_LOOP('',(#728,#729,#730,#731)) ;
#761=EDGE_LOOP('',(#762,#763,#764,#765)) ;
#826=EDGE_LOOP('',(#827,#828,#829,#830)) ;
#866=EDGE_LOOP('',(#867,#868,#869,#870)) ;
#993=EDGE_LOOP('',(#994,#995,#996,#997)) ;
#1010=EDGE_LOOP('',(#1011,#1012,#1013,#1014)) ;
#1046=EDGE_LOOP('',(#1047,#1048,#1049,#1050)) ;
#1092=EDGE_LOOP('',(#1093,#1094,#1095,#1096)) ;
#1121=EDGE_LOOP('',(#1122,#1123,#1124,#1125)) ;
#1182=EDGE_LOOP('',(#1183,#1184,#1185,#1186)) ;
#1249=EDGE_LOOP('',(#1250,#1251,#1252,#1253)) ;
#1297=EDGE_LOOP('',(#1298,#1299,#1300,#1301)) ;
#1326=EDGE_LOOP('',(#1327,#1328,#1329,#1330)) ;
#1351=EDGE_LOOP('',(#1352,#1353,#1354,#1355)) ;
#1448=EDGE_LOOP('',(#1449,#1450,#1451,#1452)) ;
#1472=EDGE_LOOP('',(#1473,#1474,#1475,#1476)) ;
#1489=EDGE_LOOP('',(#1490,#1491,#1492,#1493)) ;
#1531=EDGE_LOOP('',(#1532,#1533,#1534,#1535)) ;
#1562=EDGE_LOOP('',(#1563,#1564,#1565,#1566,#1567)) ;
#1597=EDGE_LOOP('',(#1598,#1599,#1600,#1601)) ;
#1631=EDGE_LOOP('',(#1632,#1633,#1634,#1635)) ;
#1658=EDGE_LOOP('',(#1659,#1660,#1661,#1662,#1663)) ;
#1671=EDGE_LOOP('',(#1672,#1673,#1674,#1675)) ;
#1702=EDGE_LOOP('',(#1703,#1704,#1705,#1706,#1707)) ;
#1737=EDGE_LOOP('',(#1738,#1739,#1740,#1741)) ;
#1774=EDGE_LOOP('',(#1775,#1776,#1777,#1778,#1779)) ;
#1799=EDGE_LOOP('',(#1800,#1801,#1802,#1803)) ;
#1811=EDGE_LOOP('',(#1812,#1813,#1814,#1815)) ;
#1851=EDGE_LOOP('',(#1852,#1853,#1854,#1855)) ;
#1876=EDGE_LOOP('',(#1877,#1878,#1879,#1880,#1881)) ;
#1911=EDGE_LOOP('',(#1912,#1913,#1914,#1915)) ;
#1938=EDGE_LOOP('',(#1939,#1940,#1941,#1942,#1943)) ;
#1951=EDGE_LOOP('',(#1952,#1953,#1954,#1955)) ;
#1982=EDGE_LOOP('',(#1983,#1984,#1985,#1986,#1987)) ;
#2017=EDGE_LOOP('',(#2018,#2019,#2020,#2021)) ;
#2051=EDGE_LOOP('',(#2052,#2053,#2054,#2055)) ;
#2078=EDGE_LOOP('',(#2079,#2080,#2081,#2082,#2083)) ;
#2091=EDGE_LOOP('',(#2092,#2093,#2094,#2095)) ;
#2103=EDGE_LOOP('',(#2104,#2105,#2106,#2107)) ;
#2109=EDGE_LOOP('',(#2110,#2111)) ;
#2119=EDGE_LOOP('',(#2120,#2121,#2122,#2123)) ;
#2125=EDGE_LOOP('',(#2126,#2127)) ;
#2145=EDGE_LOOP('',(#2146,#2147,#2148,#2149)) ;
#2152=EDGE_LOOP('',(#2153,#2154,#2155,#2156)) ;
#90=FACE_OUTER_BOUND('',#85,.T.) ;
#160=FACE_OUTER_BOUND('',#155,.T.) ;
#218=FACE_OUTER_BOUND('',#213,.T.) ;
#235=FACE_OUTER_BOUND('',#230,.T.) ;
#287=FACE_OUTER_BOUND('',#282,.T.) ;
#316=FACE_OUTER_BOUND('',#311,.T.) ;
#353=FACE_OUTER_BOUND('',#348,.T.) ;
#450=FACE_OUTER_BOUND('',#445,.T.) ;
#481=FACE_OUTER_BOUND('',#476,.T.) ;
#519=FACE_OUTER_BOUND('',#514,.T.) ;
#598=FACE_OUTER_BOUND('',#593,.T.) ;
#629=FACE_OUTER_BOUND('',#624,.T.) ;
#732=FACE_OUTER_BOUND('',#727,.T.) ;
#766=FACE_OUTER_BOUND('',#761,.T.) ;
#831=FACE_OUTER_BOUND('',#826,.T.) ;
#871=FACE_OUTER_BOUND('',#866,.T.) ;
#998=FACE_OUTER_BOUND('',#993,.T.) ;
#1015=FACE_OUTER_BOUND('',#1010,.T.) ;
#1051=FACE_OUTER_BOUND('',#1046,.T.) ;
#1097=FACE_OUTER_BOUND('',#1092,.T.) ;
#1126=FACE_OUTER_BOUND('',#1121,.T.) ;
#1187=FACE_OUTER_BOUND('',#1182,.T.) ;
#1254=FACE_OUTER_BOUND('',#1249,.T.) ;
#1302=FACE_OUTER_BOUND('',#1297,.T.) ;
#1331=FACE_OUTER_BOUND('',#1326,.T.) ;
#1356=FACE_OUTER_BOUND('',#1351,.T.) ;
#1453=FACE_OUTER_BOUND('',#1448,.T.) ;
#1477=FACE_OUTER_BOUND('',#1472,.T.) ;
#1494=FACE_OUTER_BOUND('',#1489,.T.) ;
#1536=FACE_OUTER_BOUND('',#1531,.T.) ;
#1568=FACE_OUTER_BOUND('',#1562,.T.) ;
#1602=FACE_OUTER_BOUND('',#1597,.T.) ;
#1636=FACE_OUTER_BOUND('',#1631,.T.) ;
#1664=FACE_OUTER_BOUND('',#1658,.T.) ;
#1676=FACE_OUTER_BOUND('',#1671,.T.) ;
#1708=FACE_OUTER_BOUND('',#1702,.T.) ;
#1742=FACE_OUTER_BOUND('',#1737,.T.) ;
#1780=FACE_OUTER_BOUND('',#1774,.T.) ;
#1804=FACE_OUTER_BOUND('',#1799,.T.) ;
#1816=FACE_OUTER_BOUND('',#1811,.T.) ;
#1856=FACE_OUTER_BOUND('',#1851,.T.) ;
#1882=FACE_OUTER_BOUND('',#1876,.T.) ;
#1916=FACE_OUTER_BOUND('',#1911,.T.) ;
#1944=FACE_OUTER_BOUND('',#1938,.T.) ;
#1956=FACE_OUTER_BOUND('',#1951,.T.) ;
#1988=FACE_OUTER_BOUND('',#1982,.T.) ;
#2022=FACE_OUTER_BOUND('',#2017,.T.) ;
#2056=FACE_OUTER_BOUND('',#2051,.T.) ;
#2084=FACE_OUTER_BOUND('',#2078,.T.) ;
#2096=FACE_OUTER_BOUND('',#2091,.T.) ;
#2108=FACE_OUTER_BOUND('',#2103,.T.) ;
#2124=FACE_OUTER_BOUND('',#2119,.T.) ;
#2150=FACE_OUTER_BOUND('',#2145,.T.) ;
#2157=FACE_OUTER_BOUND('',#2152,.T.) ;
#45=UNCERTAINTY_MEASURE_WITH_UNIT(LENGTH_MEASURE(0.005),#41,'distance_accuracy_value','CONFUSED CURVE UNCERTAINTY') ;
#60=LINE('Line',#57,#59) ;
#69=LINE('Line',#66,#68) ;
#76=LINE('Line',#73,#75) ;
#83=LINE('Line',#80,#82) ;
#130=LINE('Line',#127,#129) ;
#139=LINE('Line',#136,#138) ;
#146=LINE('Line',#143,#145) ;
#153=LINE('Line',#150,#152) ;
#188=LINE('Line',#185,#187) ;
#204=LINE('Line',#201,#203) ;
#309=LINE('Line',#306,#308) ;
#336=LINE('Line',#333,#335) ;
#460=LINE('Line',#457,#459) ;
#474=LINE('Line',#471,#473) ;
#491=LINE('Line',#488,#490) ;
#505=LINE('Line',#502,#504) ;
#615=LINE('Line',#612,#614) ;
#850=LINE('Line',#847,#849) ;
#864=LINE('Line',#861,#863) ;
#1008=LINE('Line',#1005,#1007) ;
#1107=LINE('Line',#1104,#1106) ;
#1114=LINE('Line',#1111,#1113) ;
#1119=LINE('Line',#1116,#1118) ;
#1312=LINE('Line',#1309,#1311) ;
#1319=LINE('Line',#1316,#1318) ;
#1341=LINE('Line',#1338,#1340) ;
#1463=LINE('Line',#1460,#1462) ;
#1487=LINE('Line',#1484,#1486) ;
#2138=LINE('Line',#2135,#2137) ;
#2143=LINE('Line',#2140,#2142) ;
#2=MECHANICAL_CONTEXT(' ',#1,'mechanical') ;
#24=PERSONAL_ADDRESS(' ',' ',' ',' ',' ',' ',' ',' ',' ',' ',' ',' ',(#22),' ') ;
#56=PLANE('Plane',#55) ;
#126=PLANE('Plane',#125) ;
#1103=PLANE('Plane',#1102) ;
#1483=PLANE('Plane',#1482) ;
#2102=PLANE('Plane',#2101) ;
#2118=PLANE('Plane',#2117) ;
#43=PLANE_ANGLE_MEASURE_WITH_UNIT(PLANE_ANGLE_MEASURE(0.0174532925199),#42) ;
#7=PRODUCT_CATEGORY('part',$) ;
#9=PRODUCT_CATEGORY_RELATIONSHIP(' ',' ',#7,#8) ;
#6=PRODUCT_DEFINITION_FORMATION_WITH_SPECIFIED_SOURCE('',' ',#5,.NOT_KNOWN.) ;
#8=PRODUCT_RELATED_PRODUCT_CATEGORY('detail',$,(#5)) ;
#50=SHAPE_DEFINITION_REPRESENTATION(#40,#49) ;
#62=VERTEX_POINT('',#61) ;
#64=VERTEX_POINT('',#63) ;
#71=VERTEX_POINT('',#70) ;
#78=VERTEX_POINT('',#77) ;
#102=VERTEX_POINT('',#101) ;
#104=VERTEX_POINT('',#103) ;
#132=VERTEX_POINT('',#131) ;
#134=VERTEX_POINT('',#133) ;
#141=VERTEX_POINT('',#140) ;
#148=VERTEX_POINT('',#147) ;
#166=VERTEX_POINT('',#165) ;
#168=VERTEX_POINT('',#167) ;
#190=VERTEX_POINT('',#189) ;
#192=VERTEX_POINT('',#191) ;
#199=VERTEX_POINT('',#198) ;
#206=VERTEX_POINT('',#205) ;
#254=VERTEX_POINT('',#253) ;
#256=VERTEX_POINT('',#255) ;
#266=VERTEX_POINT('',#265) ;
#272=VERTEX_POINT('',#271) ;
#304=VERTEX_POINT('',#303) ;
#331=VERTEX_POINT('',#330) ;
#338=VERTEX_POINT('',#337) ;
#462=VERTEX_POINT('',#461) ;
#469=VERTEX_POINT('',#468) ;
#493=VERTEX_POINT('',#492) ;
#500=VERTEX_POINT('',#499) ;
#507=VERTEX_POINT('',#506) ;
#560=VERTEX_POINT('',#559) ;
#562=VERTEX_POINT('',#561) ;
#568=VERTEX_POINT('',#567) ;
#587=VERTEX_POINT('',#586) ;
#610=VERTEX_POINT('',#609) ;
#617=VERTEX_POINT('',#616) ;
#803=VERTEX_POINT('',#802) ;
#843=VERTEX_POINT('',#842) ;
#845=VERTEX_POINT('',#844) ;
#852=VERTEX_POINT('',#851) ;
#859=VERTEX_POINT('',#858) ;
#963=VERTEX_POINT('',#962) ;
#1109=VERTEX_POINT('',#1108) ;
#1163=VERTEX_POINT('',#1162) ;
#1224=VERTEX_POINT('',#1223) ;
#1243=VERTEX_POINT('',#1242) ;
#1277=VERTEX_POINT('',#1276) ;
#1287=VERTEX_POINT('',#1286) ;
#1314=VERTEX_POINT('',#1313) ;
#1465=VERTEX_POINT('',#1464) ;
#1547=VERTEX_POINT('',#1546) ;
#1553=VERTEX_POINT('',#1552) ;
#1587=VERTEX_POINT('',#1586) ;
#1625=VERTEX_POINT('',#1624) ;
#1690=VERTEX_POINT('',#1689) ;
#1692=VERTEX_POINT('',#1691) ;
#1731=VERTEX_POINT('',#1730) ;
#1765=VERTEX_POINT('',#1764) ;
#1835=VERTEX_POINT('',#1834) ;
#1845=VERTEX_POINT('',#1844) ;
#1870=VERTEX_POINT('',#1869) ;
#1905=VERTEX_POINT('',#1904) ;
#1967=VERTEX_POINT('',#1966) ;
#1973=VERTEX_POINT('',#1972) ;
#2011=VERTEX_POINT('',#2010) ;
#2045=VERTEX_POINT('',#2044) ;
#41=(LENGTH_UNIT()NAMED_UNIT(*)SI_UNIT(.MILLI.,.METRE.)) ;
#42=(NAMED_UNIT(*)PLANE_ANGLE_UNIT()SI_UNIT($,.RADIAN.)) ;
#44=(NAMED_UNIT(*)SI_UNIT($,.STERADIAN.)SOLID_ANGLE_UNIT()) ;
#46=(GEOMETRIC_REPRESENTATION_CONTEXT(3)GLOBAL_UNCERTAINTY_ASSIGNED_CONTEXT((#45))GLOBAL_UNIT_ASSIGNED_CONTEXT((#41,#42,#44))REPRESENTATION_CONTEXT(' ',' ')) ;
ENDSEC;
END-ISO-10303-21;
