ISO-10303-21;
HEADER;
/* Generated by software containing ST-Developer
 * from STEP Tools, Inc. (www.steptools.com) 
 */

FILE_DESCRIPTION(
/* description */ (''),
/* implementation_level */ '2;1');

FILE_NAME(
/* name */ 'Hip Joint _GRABCAD.step',
/* time_stamp */ '2026-02-05T04:09:34-05:00',
/* author */ (''),
/* organization */ (''),
/* preprocessor_version */ 'ST-DEVELOPER v20.1',
/* originating_system */ 'Autodesk Translation Framework v14.17.0.0',
/* authorisation */ '');

FILE_SCHEMA (('AUTOMOTIVE_DESIGN { 1 0 10303 214 3 1 1 }'));
ENDSEC;

DATA;
#10=MECHANICAL_DESIGN_GEOMETRIC_PRESENTATION_REPRESENTATION('',(#13),#3592);
#11=SHAPE_REPRESENTATION_RELATIONSHIP('SRR','None',#3599,#12);
#12=ADVANCED_BREP_SHAPE_REPRESENTATION('',(#14),#3591);
#13=STYLED_ITEM('',(#3609),#14);
#14=MANIFOLD_SOLID_BREP('Body1',#1983);
#15=SPHERICAL_SURFACE('',#2061,1.);
#16=SPHERICAL_SURFACE('',#2065,1.);
#17=SPHERICAL_SURFACE('',#2088,0.999999999999996);
#18=SPHERICAL_SURFACE('',#2092,1.);
#19=SPHERICAL_SURFACE('',#2108,1.);
#20=SPHERICAL_SURFACE('',#2117,1.);
#21=SPHERICAL_SURFACE('',#2122,1.);
#22=SPHERICAL_SURFACE('',#2126,0.999999999999996);
#23=SPHERICAL_SURFACE('',#2130,0.999999999999996);
#24=SPHERICAL_SURFACE('',#2143,1.);
#25=SPHERICAL_SURFACE('',#2149,0.999999999999996);
#26=SPHERICAL_SURFACE('',#2156,1.);
#27=ELLIPSE('',#2046,2.2360679774998,0.999999999999997);
#28=ELLIPSE('',#2047,2.23606797749979,0.999999999999996);
#29=ELLIPSE('',#2051,2.23606797749979,1.);
#30=ELLIPSE('',#2052,2.23606797749979,1.);
#31=ELLIPSE('',#2053,2.23606797749972,0.999999999999997);
#32=ELLIPSE('',#2054,2.23606797749977,0.99999969452627);
#33=ELLIPSE('',#2086,1.4142135623731,1.);
#34=ELLIPSE('',#2135,1.41421356237296,1.);
#35=ELLIPSE('',#2142,1.4142135623731,1.);
#36=B_SPLINE_SURFACE_WITH_KNOTS('',3,3,((#3018,#3019,#3020,#3021),(#3022,
#3023,#3024,#3025),(#3026,#3027,#3028,#3029),(#3030,#3031,#3032,#3033)),
 .UNSPECIFIED.,.F.,.F.,.F.,(4,4),(4,4),(0.,1.),(-1.5707963267949,-1.04719762756507),
 .UNSPECIFIED.);
#37=B_SPLINE_SURFACE_WITH_KNOTS('',3,3,((#3049,#3050,#3051,#3052,#3053,
#3054),(#3055,#3056,#3057,#3058,#3059,#3060),(#3061,#3062,#3063,#3064,#3065,
#3066),(#3067,#3068,#3069,#3070,#3071,#3072),(#3073,#3074,#3075,#3076,#3077,
#3078)),.UNSPECIFIED.,.F.,.F.,.F.,(4,1,4),(4,1,1,4),(0.,0.571428571428571,
1.),(-1.5707963267949,-0.897597901025655,-0.448798950512828,6.90140450581065E-18),
 .UNSPECIFIED.);
#38=B_SPLINE_SURFACE_WITH_KNOTS('',3,3,((#3082,#3083,#3084,#3085,#3086,
#3087,#3088),(#3089,#3090,#3091,#3092,#3093,#3094,#3095),(#3096,#3097,#3098,
#3099,#3100,#3101,#3102),(#3103,#3104,#3105,#3106,#3107,#3108,#3109),(#3110,
#3111,#3112,#3113,#3114,#3115,#3116)),.UNSPECIFIED.,.F.,.F.,.F.,(4,1,4),
(4,1,1,1,4),(0.,0.571428571428571,1.),(-1.04719762756506,-0.598398644322892,
-0.299199322161446,-0.149599661080723,0.),.UNSPECIFIED.);
#39=FACE_BOUND('',#565,.T.);
#40=FACE_BOUND('',#566,.T.);
#41=FACE_BOUND('',#567,.T.);
#42=FACE_BOUND('',#568,.T.);
#43=FACE_BOUND('',#569,.T.);
#44=FACE_BOUND('',#570,.T.);
#45=FACE_BOUND('',#571,.T.);
#46=FACE_BOUND('',#572,.T.);
#47=FACE_BOUND('',#573,.T.);
#48=FACE_BOUND('',#579,.T.);
#49=FACE_BOUND('',#580,.T.);
#50=FACE_BOUND('',#581,.T.);
#51=FACE_BOUND('',#582,.T.);
#52=FACE_BOUND('',#583,.T.);
#53=FACE_BOUND('',#584,.T.);
#54=FACE_BOUND('',#585,.T.);
#55=FACE_BOUND('',#586,.T.);
#56=FACE_BOUND('',#587,.T.);
#57=FACE_BOUND('',#657,.T.);
#58=FACE_BOUND('',#658,.T.);
#59=FACE_BOUND('',#659,.T.);
#60=FACE_BOUND('',#660,.T.);
#61=FACE_BOUND('',#661,.T.);
#62=FACE_BOUND('',#662,.T.);
#63=FACE_BOUND('',#663,.T.);
#64=FACE_BOUND('',#664,.T.);
#65=FACE_BOUND('',#665,.T.);
#66=FACE_BOUND('',#667,.T.);
#67=FACE_BOUND('',#668,.T.);
#68=FACE_BOUND('',#669,.T.);
#69=FACE_BOUND('',#670,.T.);
#70=FACE_BOUND('',#672,.T.);
#71=FACE_BOUND('',#673,.T.);
#72=FACE_BOUND('',#674,.T.);
#73=FACE_BOUND('',#675,.T.);
#74=FACE_BOUND('',#676,.T.);
#75=FACE_BOUND('',#677,.T.);
#76=FACE_BOUND('',#678,.T.);
#77=FACE_BOUND('',#679,.T.);
#78=FACE_BOUND('',#680,.T.);
#79=FACE_BOUND('',#688,.T.);
#80=FACE_BOUND('',#689,.T.);
#81=FACE_BOUND('',#690,.T.);
#82=FACE_BOUND('',#691,.T.);
#83=PLANE('',#2012);
#84=PLANE('',#2034);
#85=PLANE('',#2044);
#86=PLANE('',#2059);
#87=PLANE('',#2060);
#88=PLANE('',#2175);
#89=PLANE('',#2176);
#90=PLANE('',#2178);
#91=PLANE('',#2179);
#92=PLANE('',#2181);
#93=PLANE('',#2182);
#94=PLANE('',#2192);
#95=PLANE('',#2197);
#96=PLANE('',#2215);
#97=PLANE('',#2218);
#98=PLANE('',#2219);
#99=PLANE('',#2220);
#100=PLANE('',#2221);
#101=PLANE('',#2223);
#102=PLANE('',#2224);
#103=PLANE('',#2225);
#104=PLANE('',#2228);
#105=PLANE('',#2229);
#106=PLANE('',#2248);
#107=LINE('',#2910,#241);
#108=LINE('',#2911,#242);
#109=LINE('',#2922,#243);
#110=LINE('',#2923,#244);
#111=LINE('',#2938,#245);
#112=LINE('',#2962,#246);
#113=LINE('',#2965,#247);
#114=LINE('',#2976,#248);
#115=LINE('',#2977,#249);
#116=LINE('',#2990,#250);
#117=LINE('',#3012,#251);
#118=LINE('',#3014,#252);
#119=LINE('',#3016,#253);
#120=LINE('',#3017,#254);
#121=LINE('',#3045,#255);
#122=LINE('',#3048,#256);
#123=LINE('',#3121,#257);
#124=LINE('',#3125,#258);
#125=LINE('',#3128,#259);
#126=LINE('',#3131,#260);
#127=LINE('',#3132,#261);
#128=LINE('',#3135,#262);
#129=LINE('',#3137,#263);
#130=LINE('',#3139,#264);
#131=LINE('',#3140,#265);
#132=LINE('',#3176,#266);
#133=LINE('',#3177,#267);
#134=LINE('',#3186,#268);
#135=LINE('',#3188,#269);
#136=LINE('',#3191,#270);
#137=LINE('',#3192,#271);
#138=LINE('',#3198,#272);
#139=LINE('',#3219,#273);
#140=LINE('',#3220,#274);
#141=LINE('',#3228,#275);
#142=LINE('',#3229,#276);
#143=LINE('',#3238,#277);
#144=LINE('',#3239,#278);
#145=LINE('',#3241,#279);
#146=LINE('',#3242,#280);
#147=LINE('',#3285,#281);
#148=LINE('',#3307,#282);
#149=LINE('',#3310,#283);
#150=LINE('',#3311,#284);
#151=LINE('',#3313,#285);
#152=LINE('',#3315,#286);
#153=LINE('',#3316,#287);
#154=LINE('',#3318,#288);
#155=LINE('',#3319,#289);
#156=LINE('',#3321,#290);
#157=LINE('',#3322,#291);
#158=LINE('',#3325,#292);
#159=LINE('',#3335,#293);
#160=LINE('',#3336,#294);
#161=LINE('',#3338,#295);
#162=LINE('',#3339,#296);
#163=LINE('',#3348,#297);
#164=LINE('',#3351,#298);
#165=LINE('',#3361,#299);
#166=LINE('',#3365,#300);
#167=LINE('',#3366,#301);
#168=LINE('',#3368,#302);
#169=LINE('',#3369,#303);
#170=LINE('',#3371,#304);
#171=LINE('',#3372,#305);
#172=LINE('',#3374,#306);
#173=LINE('',#3375,#307);
#174=LINE('',#3377,#308);
#175=LINE('',#3379,#309);
#176=LINE('',#3380,#310);
#177=LINE('',#3382,#311);
#178=LINE('',#3383,#312);
#179=LINE('',#3385,#313);
#180=LINE('',#3386,#314);
#181=LINE('',#3400,#315);
#182=LINE('',#3401,#316);
#183=LINE('',#3403,#317);
#184=LINE('',#3405,#318);
#185=LINE('',#3406,#319);
#186=LINE('',#3408,#320);
#187=LINE('',#3409,#321);
#188=LINE('',#3411,#322);
#189=LINE('',#3412,#323);
#190=LINE('',#3426,#324);
#191=LINE('',#3427,#325);
#192=LINE('',#3430,#326);
#193=LINE('',#3432,#327);
#194=LINE('',#3433,#328);
#195=LINE('',#3436,#329);
#196=LINE('',#3437,#330);
#197=LINE('',#3440,#331);
#198=LINE('',#3442,#332);
#199=LINE('',#3444,#333);
#200=LINE('',#3494,#334);
#201=LINE('',#3498,#335);
#202=LINE('',#3502,#336);
#203=LINE('',#3506,#337);
#204=LINE('',#3510,#338);
#205=LINE('',#3512,#339);
#206=LINE('',#3513,#340);
#207=LINE('',#3516,#341);
#208=LINE('',#3519,#342);
#209=LINE('',#3522,#343);
#210=LINE('',#3524,#344);
#211=LINE('',#3525,#345);
#212=LINE('',#3526,#346);
#213=LINE('',#3528,#347);
#214=LINE('',#3530,#348);
#215=LINE('',#3531,#349);
#216=LINE('',#3535,#350);
#217=LINE('',#3537,#351);
#218=LINE('',#3540,#352);
#219=LINE('',#3542,#353);
#220=LINE('',#3544,#354);
#221=LINE('',#3546,#355);
#222=LINE('',#3549,#356);
#223=LINE('',#3553,#357);
#224=LINE('',#3555,#358);
#225=LINE('',#3557,#359);
#226=LINE('',#3559,#360);
#227=LINE('',#3561,#361);
#228=LINE('',#3563,#362);
#229=LINE('',#3565,#363);
#230=LINE('',#3567,#364);
#231=LINE('',#3569,#365);
#232=LINE('',#3571,#366);
#233=LINE('',#3573,#367);
#234=LINE('',#3575,#368);
#235=LINE('',#3577,#369);
#236=LINE('',#3579,#370);
#237=LINE('',#3581,#371);
#238=LINE('',#3583,#372);
#239=LINE('',#3585,#373);
#240=LINE('',#3587,#374);
#241=VECTOR('',#2263,10.);
#242=VECTOR('',#2264,10.);
#243=VECTOR('',#2277,10.);
#244=VECTOR('',#2278,10.);
#245=VECTOR('',#2287,10.);
#246=VECTOR('',#2310,10.);
#247=VECTOR('',#2313,10.);
#248=VECTOR('',#2326,10.);
#249=VECTOR('',#2327,10.);
#250=VECTOR('',#2336,10.);
#251=VECTOR('',#2357,10.);
#252=VECTOR('',#2358,10.);
#253=VECTOR('',#2359,10.);
#254=VECTOR('',#2360,10.);
#255=VECTOR('',#2371,10.);
#256=VECTOR('',#2374,10.);
#257=VECTOR('',#2385,10.);
#258=VECTOR('',#2390,10.);
#259=VECTOR('',#2393,10.);
#260=VECTOR('',#2396,10.);
#261=VECTOR('',#2397,10.);
#262=VECTOR('',#2400,10.);
#263=VECTOR('',#2401,10.);
#264=VECTOR('',#2402,10.);
#265=VECTOR('',#2403,10.);
#266=VECTOR('',#2444,10.);
#267=VECTOR('',#2445,10.);
#268=VECTOR('',#2456,10.);
#269=VECTOR('',#2457,10.);
#270=VECTOR('',#2462,10.);
#271=VECTOR('',#2463,10.);
#272=VECTOR('',#2472,10.);
#273=VECTOR('',#2495,10.);
#274=VECTOR('',#2496,10.);
#275=VECTOR('',#2507,10.);
#276=VECTOR('',#2508,10.);
#277=VECTOR('',#2519,10.);
#278=VECTOR('',#2520,10.);
#279=VECTOR('',#2523,10.);
#280=VECTOR('',#2524,10.);
#281=VECTOR('',#2541,10.);
#282=VECTOR('',#2568,10.);
#283=VECTOR('',#2573,10.);
#284=VECTOR('',#2574,10.);
#285=VECTOR('',#2577,10.);
#286=VECTOR('',#2580,10.);
#287=VECTOR('',#2581,10.);
#288=VECTOR('',#2584,10.);
#289=VECTOR('',#2585,10.);
#290=VECTOR('',#2588,10.);
#291=VECTOR('',#2589,10.);
#292=VECTOR('',#2592,10.);
#293=VECTOR('',#2605,10.);
#294=VECTOR('',#2606,10.);
#295=VECTOR('',#2609,10.);
#296=VECTOR('',#2610,10.);
#297=VECTOR('',#2621,10.);
#298=VECTOR('',#2626,10.);
#299=VECTOR('',#2637,10.);
#300=VECTOR('',#2640,10.);
#301=VECTOR('',#2641,10.);
#302=VECTOR('',#2644,10.);
#303=VECTOR('',#2645,10.);
#304=VECTOR('',#2648,10.);
#305=VECTOR('',#2649,10.);
#306=VECTOR('',#2652,10.);
#307=VECTOR('',#2653,10.);
#308=VECTOR('',#2656,10.);
#309=VECTOR('',#2659,10.);
#310=VECTOR('',#2660,10.);
#311=VECTOR('',#2663,10.);
#312=VECTOR('',#2664,10.);
#313=VECTOR('',#2667,10.);
#314=VECTOR('',#2668,10.);
#315=VECTOR('',#2671,10.);
#316=VECTOR('',#2672,10.);
#317=VECTOR('',#2675,10.);
#318=VECTOR('',#2678,10.);
#319=VECTOR('',#2679,10.);
#320=VECTOR('',#2682,10.);
#321=VECTOR('',#2683,10.);
#322=VECTOR('',#2686,10.);
#323=VECTOR('',#2687,10.);
#324=VECTOR('',#2690,10.);
#325=VECTOR('',#2691,10.);
#326=VECTOR('',#2694,10.);
#327=VECTOR('',#2695,10.);
#328=VECTOR('',#2696,10.);
#329=VECTOR('',#2701,10.);
#330=VECTOR('',#2702,10.);
#331=VECTOR('',#2707,10.);
#332=VECTOR('',#2710,10.);
#333=VECTOR('',#2713,10.);
#334=VECTOR('',#2766,1.2);
#335=VECTOR('',#2771,1.2);
#336=VECTOR('',#2776,1.2);
#337=VECTOR('',#2781,1.2);
#338=VECTOR('',#2786,10.);
#339=VECTOR('',#2787,10.);
#340=VECTOR('',#2788,10.);
#341=VECTOR('',#2791,10.);
#342=VECTOR('',#2794,10.);
#343=VECTOR('',#2797,10.);
#344=VECTOR('',#2798,10.);
#345=VECTOR('',#2799,10.);
#346=VECTOR('',#2800,10.);
#347=VECTOR('',#2803,10.);
#348=VECTOR('',#2804,10.);
#349=VECTOR('',#2805,10.);
#350=VECTOR('',#2810,10.);
#351=VECTOR('',#2811,10.);
#352=VECTOR('',#2814,10.);
#353=VECTOR('',#2817,10.);
#354=VECTOR('',#2820,10.);
#355=VECTOR('',#2823,10.);
#356=VECTOR('',#2828,10.);
#357=VECTOR('',#2835,1.);
#358=VECTOR('',#2838,0.999999999999996);
#359=VECTOR('',#2841,1.);
#360=VECTOR('',#2844,1.5);
#361=VECTOR('',#2847,0.999999999999996);
#362=VECTOR('',#2850,1.);
#363=VECTOR('',#2853,1.);
#364=VECTOR('',#2856,1.);
#365=VECTOR('',#2859,1.);
#366=VECTOR('',#2862,1.);
#367=VECTOR('',#2865,0.999999999999996);
#368=VECTOR('',#2868,1.);
#369=VECTOR('',#2871,1.5);
#370=VECTOR('',#2874,0.999999999999996);
#371=VECTOR('',#2877,1.);
#372=VECTOR('',#2880,1.);
#373=VECTOR('',#2883,1.);
#374=VECTOR('',#2886,1.);
#375=CYLINDRICAL_SURFACE('',#2001,1.);
#376=CYLINDRICAL_SURFACE('',#2007,1.);
#377=CYLINDRICAL_SURFACE('',#2022,1.);
#378=CYLINDRICAL_SURFACE('',#2029,1.);
#379=CYLINDRICAL_SURFACE('',#2048,1.);
#380=CYLINDRICAL_SURFACE('',#2055,1.);
#381=CYLINDRICAL_SURFACE('',#2057,1.);
#382=CYLINDRICAL_SURFACE('',#2079,1.);
#383=CYLINDRICAL_SURFACE('',#2085,1.);
#384=CYLINDRICAL_SURFACE('',#2087,1.);
#385=CYLINDRICAL_SURFACE('',#2091,1.);
#386=CYLINDRICAL_SURFACE('',#2101,1.);
#387=CYLINDRICAL_SURFACE('',#2107,1.);
#388=CYLINDRICAL_SURFACE('',#2112,1.);
#389=CYLINDRICAL_SURFACE('',#2113,1.);
#390=CYLINDRICAL_SURFACE('',#2121,1.);
#391=CYLINDRICAL_SURFACE('',#2134,1.);
#392=CYLINDRICAL_SURFACE('',#2136,1.);
#393=CYLINDRICAL_SURFACE('',#2137,1.);
#394=CYLINDRICAL_SURFACE('',#2138,1.);
#395=CYLINDRICAL_SURFACE('',#2139,1.);
#396=CYLINDRICAL_SURFACE('',#2140,1.);
#397=CYLINDRICAL_SURFACE('',#2141,1.);
#398=CYLINDRICAL_SURFACE('',#2147,1.);
#399=CYLINDRICAL_SURFACE('',#2148,1.);
#400=CYLINDRICAL_SURFACE('',#2153,1.);
#401=CYLINDRICAL_SURFACE('',#2155,1.);
#402=CYLINDRICAL_SURFACE('',#2160,1.);
#403=CYLINDRICAL_SURFACE('',#2162,1.);
#404=CYLINDRICAL_SURFACE('',#2163,1.);
#405=CYLINDRICAL_SURFACE('',#2164,1.);
#406=CYLINDRICAL_SURFACE('',#2165,1.);
#407=CYLINDRICAL_SURFACE('',#2166,1.);
#408=CYLINDRICAL_SURFACE('',#2167,1.);
#409=CYLINDRICAL_SURFACE('',#2168,1.);
#410=CYLINDRICAL_SURFACE('',#2169,1.);
#411=CYLINDRICAL_SURFACE('',#2170,1.);
#412=CYLINDRICAL_SURFACE('',#2171,1.);
#413=CYLINDRICAL_SURFACE('',#2172,1.);
#414=CYLINDRICAL_SURFACE('',#2173,1.);
#415=CYLINDRICAL_SURFACE('',#2174,1.);
#416=CYLINDRICAL_SURFACE('',#2177,9.75000000000001);
#417=CYLINDRICAL_SURFACE('',#2180,9.75000000000001);
#418=CYLINDRICAL_SURFACE('',#2207,1.2);
#419=CYLINDRICAL_SURFACE('',#2209,1.2);
#420=CYLINDRICAL_SURFACE('',#2211,1.2);
#421=CYLINDRICAL_SURFACE('',#2213,1.2);
#422=CYLINDRICAL_SURFACE('',#2216,11.1479622887344);
#423=CYLINDRICAL_SURFACE('',#2226,12.5);
#424=CYLINDRICAL_SURFACE('',#2230,1.);
#425=CYLINDRICAL_SURFACE('',#2231,0.999999999999996);
#426=CYLINDRICAL_SURFACE('',#2232,1.);
#427=CYLINDRICAL_SURFACE('',#2233,1.5);
#428=CYLINDRICAL_SURFACE('',#2234,0.999999999999996);
#429=CYLINDRICAL_SURFACE('',#2235,1.);
#430=CYLINDRICAL_SURFACE('',#2236,1.);
#431=CYLINDRICAL_SURFACE('',#2237,1.);
#432=CYLINDRICAL_SURFACE('',#2238,1.);
#433=CYLINDRICAL_SURFACE('',#2239,1.);
#434=CYLINDRICAL_SURFACE('',#2240,0.999999999999996);
#435=CYLINDRICAL_SURFACE('',#2241,1.);
#436=CYLINDRICAL_SURFACE('',#2242,1.5);
#437=CYLINDRICAL_SURFACE('',#2243,0.999999999999996);
#438=CYLINDRICAL_SURFACE('',#2244,1.);
#439=CYLINDRICAL_SURFACE('',#2245,1.);
#440=CYLINDRICAL_SURFACE('',#2246,1.);
#441=CYLINDRICAL_SURFACE('',#2247,1.);
#442=FACE_OUTER_BOUND('',#559,.T.);
#443=FACE_OUTER_BOUND('',#560,.T.);
#444=FACE_OUTER_BOUND('',#561,.T.);
#445=FACE_OUTER_BOUND('',#562,.T.);
#446=FACE_OUTER_BOUND('',#563,.T.);
#447=FACE_OUTER_BOUND('',#564,.T.);
#448=FACE_OUTER_BOUND('',#574,.T.);
#449=FACE_OUTER_BOUND('',#575,.T.);
#450=FACE_OUTER_BOUND('',#576,.T.);
#451=FACE_OUTER_BOUND('',#577,.T.);
#452=FACE_OUTER_BOUND('',#578,.T.);
#453=FACE_OUTER_BOUND('',#588,.T.);
#454=FACE_OUTER_BOUND('',#589,.T.);
#455=FACE_OUTER_BOUND('',#590,.T.);
#456=FACE_OUTER_BOUND('',#591,.T.);
#457=FACE_OUTER_BOUND('',#592,.T.);
#458=FACE_OUTER_BOUND('',#593,.T.);
#459=FACE_OUTER_BOUND('',#594,.T.);
#460=FACE_OUTER_BOUND('',#595,.T.);
#461=FACE_OUTER_BOUND('',#596,.T.);
#462=FACE_OUTER_BOUND('',#597,.T.);
#463=FACE_OUTER_BOUND('',#598,.T.);
#464=FACE_OUTER_BOUND('',#599,.T.);
#465=FACE_OUTER_BOUND('',#600,.T.);
#466=FACE_OUTER_BOUND('',#601,.T.);
#467=FACE_OUTER_BOUND('',#602,.T.);
#468=FACE_OUTER_BOUND('',#603,.T.);
#469=FACE_OUTER_BOUND('',#604,.T.);
#470=FACE_OUTER_BOUND('',#605,.T.);
#471=FACE_OUTER_BOUND('',#606,.T.);
#472=FACE_OUTER_BOUND('',#607,.T.);
#473=FACE_OUTER_BOUND('',#608,.T.);
#474=FACE_OUTER_BOUND('',#609,.T.);
#475=FACE_OUTER_BOUND('',#610,.T.);
#476=FACE_OUTER_BOUND('',#611,.T.);
#477=FACE_OUTER_BOUND('',#612,.T.);
#478=FACE_OUTER_BOUND('',#613,.T.);
#479=FACE_OUTER_BOUND('',#614,.T.);
#480=FACE_OUTER_BOUND('',#615,.T.);
#481=FACE_OUTER_BOUND('',#616,.T.);
#482=FACE_OUTER_BOUND('',#617,.T.);
#483=FACE_OUTER_BOUND('',#618,.T.);
#484=FACE_OUTER_BOUND('',#619,.T.);
#485=FACE_OUTER_BOUND('',#620,.T.);
#486=FACE_OUTER_BOUND('',#621,.T.);
#487=FACE_OUTER_BOUND('',#622,.T.);
#488=FACE_OUTER_BOUND('',#623,.T.);
#489=FACE_OUTER_BOUND('',#624,.T.);
#490=FACE_OUTER_BOUND('',#625,.T.);
#491=FACE_OUTER_BOUND('',#626,.T.);
#492=FACE_OUTER_BOUND('',#627,.T.);
#493=FACE_OUTER_BOUND('',#628,.T.);
#494=FACE_OUTER_BOUND('',#629,.T.);
#495=FACE_OUTER_BOUND('',#630,.T.);
#496=FACE_OUTER_BOUND('',#631,.T.);
#497=FACE_OUTER_BOUND('',#632,.T.);
#498=FACE_OUTER_BOUND('',#633,.T.);
#499=FACE_OUTER_BOUND('',#634,.T.);
#500=FACE_OUTER_BOUND('',#635,.T.);
#501=FACE_OUTER_BOUND('',#636,.T.);
#502=FACE_OUTER_BOUND('',#637,.T.);
#503=FACE_OUTER_BOUND('',#638,.T.);
#504=FACE_OUTER_BOUND('',#639,.T.);
#505=FACE_OUTER_BOUND('',#640,.T.);
#506=FACE_OUTER_BOUND('',#641,.T.);
#507=FACE_OUTER_BOUND('',#642,.T.);
#508=FACE_OUTER_BOUND('',#643,.T.);
#509=FACE_OUTER_BOUND('',#644,.T.);
#510=FACE_OUTER_BOUND('',#645,.T.);
#511=FACE_OUTER_BOUND('',#646,.T.);
#512=FACE_OUTER_BOUND('',#647,.T.);
#513=FACE_OUTER_BOUND('',#648,.T.);
#514=FACE_OUTER_BOUND('',#649,.T.);
#515=FACE_OUTER_BOUND('',#650,.T.);
#516=FACE_OUTER_BOUND('',#651,.T.);
#517=FACE_OUTER_BOUND('',#652,.T.);
#518=FACE_OUTER_BOUND('',#653,.T.);
#519=FACE_OUTER_BOUND('',#654,.T.);
#520=FACE_OUTER_BOUND('',#655,.T.);
#521=FACE_OUTER_BOUND('',#656,.T.);
#522=FACE_OUTER_BOUND('',#666,.T.);
#523=FACE_OUTER_BOUND('',#671,.T.);
#524=FACE_OUTER_BOUND('',#681,.T.);
#525=FACE_OUTER_BOUND('',#682,.T.);
#526=FACE_OUTER_BOUND('',#683,.T.);
#527=FACE_OUTER_BOUND('',#684,.T.);
#528=FACE_OUTER_BOUND('',#685,.T.);
#529=FACE_OUTER_BOUND('',#686,.T.);
#530=FACE_OUTER_BOUND('',#687,.T.);
#531=FACE_OUTER_BOUND('',#692,.T.);
#532=FACE_OUTER_BOUND('',#693,.T.);
#533=FACE_OUTER_BOUND('',#694,.T.);
#534=FACE_OUTER_BOUND('',#695,.T.);
#535=FACE_OUTER_BOUND('',#696,.T.);
#536=FACE_OUTER_BOUND('',#697,.T.);
#537=FACE_OUTER_BOUND('',#698,.T.);
#538=FACE_OUTER_BOUND('',#699,.T.);
#539=FACE_OUTER_BOUND('',#700,.T.);
#540=FACE_OUTER_BOUND('',#701,.T.);
#541=FACE_OUTER_BOUND('',#702,.T.);
#542=FACE_OUTER_BOUND('',#703,.T.);
#543=FACE_OUTER_BOUND('',#704,.T.);
#544=FACE_OUTER_BOUND('',#705,.T.);
#545=FACE_OUTER_BOUND('',#706,.T.);
#546=FACE_OUTER_BOUND('',#707,.T.);
#547=FACE_OUTER_BOUND('',#708,.T.);
#548=FACE_OUTER_BOUND('',#709,.T.);
#549=FACE_OUTER_BOUND('',#710,.T.);
#550=FACE_OUTER_BOUND('',#711,.T.);
#551=FACE_OUTER_BOUND('',#712,.T.);
#552=FACE_OUTER_BOUND('',#713,.T.);
#553=FACE_OUTER_BOUND('',#714,.T.);
#554=FACE_OUTER_BOUND('',#715,.T.);
#555=FACE_OUTER_BOUND('',#716,.T.);
#556=FACE_OUTER_BOUND('',#717,.T.);
#557=FACE_OUTER_BOUND('',#718,.T.);
#558=FACE_OUTER_BOUND('',#719,.T.);
#559=EDGE_LOOP('',(#1297,#1298,#1299,#1300));
#560=EDGE_LOOP('',(#1301,#1302,#1303,#1304));
#561=EDGE_LOOP('',(#1305,#1306,#1307,#1308));
#562=EDGE_LOOP('',(#1309,#1310,#1311,#1312));
#563=EDGE_LOOP('',(#1313,#1314,#1315,#1316));
#564=EDGE_LOOP('',(#1317,#1318,#1319,#1320,#1321,#1322));
#565=EDGE_LOOP('',(#1323));
#566=EDGE_LOOP('',(#1324));
#567=EDGE_LOOP('',(#1325));
#568=EDGE_LOOP('',(#1326));
#569=EDGE_LOOP('',(#1327));
#570=EDGE_LOOP('',(#1328));
#571=EDGE_LOOP('',(#1329));
#572=EDGE_LOOP('',(#1330));
#573=EDGE_LOOP('',(#1331));
#574=EDGE_LOOP('',(#1332,#1333,#1334,#1335));
#575=EDGE_LOOP('',(#1336,#1337,#1338,#1339));
#576=EDGE_LOOP('',(#1340,#1341,#1342,#1343));
#577=EDGE_LOOP('',(#1344,#1345,#1346,#1347));
#578=EDGE_LOOP('',(#1348,#1349,#1350,#1351,#1352));
#579=EDGE_LOOP('',(#1353));
#580=EDGE_LOOP('',(#1354));
#581=EDGE_LOOP('',(#1355));
#582=EDGE_LOOP('',(#1356));
#583=EDGE_LOOP('',(#1357));
#584=EDGE_LOOP('',(#1358));
#585=EDGE_LOOP('',(#1359));
#586=EDGE_LOOP('',(#1360));
#587=EDGE_LOOP('',(#1361));
#588=EDGE_LOOP('',(#1362,#1363,#1364,#1365));
#589=EDGE_LOOP('',(#1366,#1367,#1368));
#590=EDGE_LOOP('',(#1369,#1370,#1371,#1372));
#591=EDGE_LOOP('',(#1373,#1374,#1375));
#592=EDGE_LOOP('',(#1376,#1377,#1378,#1379));
#593=EDGE_LOOP('',(#1380,#1381,#1382));
#594=EDGE_LOOP('',(#1383,#1384,#1385,#1386,#1387));
#595=EDGE_LOOP('',(#1388,#1389,#1390,#1391));
#596=EDGE_LOOP('',(#1392,#1393,#1394,#1395,#1396));
#597=EDGE_LOOP('',(#1397,#1398,#1399));
#598=EDGE_LOOP('',(#1400,#1401,#1402));
#599=EDGE_LOOP('',(#1403,#1404,#1405,#1406));
#600=EDGE_LOOP('',(#1407,#1408,#1409,#1410));
#601=EDGE_LOOP('',(#1411,#1412,#1413,#1414));
#602=EDGE_LOOP('',(#1415,#1416,#1417,#1418));
#603=EDGE_LOOP('',(#1419,#1420,#1421,#1422));
#604=EDGE_LOOP('',(#1423,#1424,#1425,#1426));
#605=EDGE_LOOP('',(#1427,#1428,#1429));
#606=EDGE_LOOP('',(#1430,#1431,#1432,#1433));
#607=EDGE_LOOP('',(#1434,#1435,#1436));
#608=EDGE_LOOP('',(#1437,#1438,#1439,#1440));
#609=EDGE_LOOP('',(#1441,#1442,#1443,#1444));
#610=EDGE_LOOP('',(#1445,#1446,#1447,#1448));
#611=EDGE_LOOP('',(#1449,#1450,#1451,#1452));
#612=EDGE_LOOP('',(#1453,#1454,#1455));
#613=EDGE_LOOP('',(#1456,#1457,#1458,#1459));
#614=EDGE_LOOP('',(#1460,#1461,#1462,#1463));
#615=EDGE_LOOP('',(#1464,#1465,#1466,#1467));
#616=EDGE_LOOP('',(#1468,#1469,#1470));
#617=EDGE_LOOP('',(#1471,#1472,#1473,#1474));
#618=EDGE_LOOP('',(#1475,#1476,#1477));
#619=EDGE_LOOP('',(#1478,#1479,#1480));
#620=EDGE_LOOP('',(#1481,#1482,#1483));
#621=EDGE_LOOP('',(#1484,#1485,#1486,#1487));
#622=EDGE_LOOP('',(#1488,#1489,#1490,#1491));
#623=EDGE_LOOP('',(#1492,#1493,#1494,#1495));
#624=EDGE_LOOP('',(#1496,#1497,#1498,#1499));
#625=EDGE_LOOP('',(#1500,#1501,#1502,#1503));
#626=EDGE_LOOP('',(#1504,#1505,#1506,#1507));
#627=EDGE_LOOP('',(#1508,#1509,#1510,#1511));
#628=EDGE_LOOP('',(#1512,#1513,#1514));
#629=EDGE_LOOP('',(#1515,#1516,#1517,#1518));
#630=EDGE_LOOP('',(#1519,#1520,#1521,#1522));
#631=EDGE_LOOP('',(#1523,#1524,#1525));
#632=EDGE_LOOP('',(#1526,#1527,#1528,#1529,#1530));
#633=EDGE_LOOP('',(#1531,#1532,#1533,#1534));
#634=EDGE_LOOP('',(#1535,#1536,#1537));
#635=EDGE_LOOP('',(#1538,#1539,#1540,#1541,#1542));
#636=EDGE_LOOP('',(#1543,#1544,#1545,#1546));
#637=EDGE_LOOP('',(#1547,#1548,#1549,#1550));
#638=EDGE_LOOP('',(#1551,#1552,#1553,#1554));
#639=EDGE_LOOP('',(#1555,#1556,#1557,#1558));
#640=EDGE_LOOP('',(#1559,#1560,#1561,#1562));
#641=EDGE_LOOP('',(#1563,#1564,#1565,#1566));
#642=EDGE_LOOP('',(#1567,#1568,#1569,#1570));
#643=EDGE_LOOP('',(#1571,#1572,#1573,#1574));
#644=EDGE_LOOP('',(#1575,#1576,#1577,#1578));
#645=EDGE_LOOP('',(#1579,#1580,#1581,#1582));
#646=EDGE_LOOP('',(#1583,#1584,#1585,#1586));
#647=EDGE_LOOP('',(#1587,#1588,#1589,#1590));
#648=EDGE_LOOP('',(#1591,#1592,#1593,#1594));
#649=EDGE_LOOP('',(#1595,#1596,#1597,#1598,#1599,#1600,#1601,#1602,#1603,
#1604));
#650=EDGE_LOOP('',(#1605,#1606,#1607,#1608,#1609));
#651=EDGE_LOOP('',(#1610,#1611,#1612,#1613));
#652=EDGE_LOOP('',(#1614,#1615,#1616,#1617));
#653=EDGE_LOOP('',(#1618,#1619,#1620,#1621));
#654=EDGE_LOOP('',(#1622,#1623,#1624,#1625));
#655=EDGE_LOOP('',(#1626,#1627,#1628,#1629));
#656=EDGE_LOOP('',(#1630,#1631,#1632,#1633,#1634,#1635,#1636,#1637,#1638));
#657=EDGE_LOOP('',(#1639));
#658=EDGE_LOOP('',(#1640));
#659=EDGE_LOOP('',(#1641));
#660=EDGE_LOOP('',(#1642));
#661=EDGE_LOOP('',(#1643));
#662=EDGE_LOOP('',(#1644));
#663=EDGE_LOOP('',(#1645));
#664=EDGE_LOOP('',(#1646));
#665=EDGE_LOOP('',(#1647));
#666=EDGE_LOOP('',(#1648,#1649,#1650,#1651,#1652,#1653));
#667=EDGE_LOOP('',(#1654));
#668=EDGE_LOOP('',(#1655));
#669=EDGE_LOOP('',(#1656));
#670=EDGE_LOOP('',(#1657));
#671=EDGE_LOOP('',(#1658,#1659,#1660,#1661,#1662,#1663,#1664,#1665,#1666,
#1667));
#672=EDGE_LOOP('',(#1668));
#673=EDGE_LOOP('',(#1669));
#674=EDGE_LOOP('',(#1670));
#675=EDGE_LOOP('',(#1671));
#676=EDGE_LOOP('',(#1672));
#677=EDGE_LOOP('',(#1673));
#678=EDGE_LOOP('',(#1674));
#679=EDGE_LOOP('',(#1675));
#680=EDGE_LOOP('',(#1676));
#681=EDGE_LOOP('',(#1677,#1678,#1679,#1680));
#682=EDGE_LOOP('',(#1681,#1682,#1683,#1684));
#683=EDGE_LOOP('',(#1685,#1686,#1687,#1688));
#684=EDGE_LOOP('',(#1689,#1690,#1691,#1692));
#685=EDGE_LOOP('',(#1693,#1694,#1695,#1696,#1697,#1698));
#686=EDGE_LOOP('',(#1699,#1700,#1701,#1702));
#687=EDGE_LOOP('',(#1703,#1704,#1705,#1706,#1707,#1708));
#688=EDGE_LOOP('',(#1709));
#689=EDGE_LOOP('',(#1710));
#690=EDGE_LOOP('',(#1711));
#691=EDGE_LOOP('',(#1712));
#692=EDGE_LOOP('',(#1713,#1714,#1715,#1716));
#693=EDGE_LOOP('',(#1717,#1718,#1719,#1720));
#694=EDGE_LOOP('',(#1721,#1722,#1723,#1724,#1725,#1726));
#695=EDGE_LOOP('',(#1727,#1728,#1729,#1730));
#696=EDGE_LOOP('',(#1731,#1732,#1733,#1734));
#697=EDGE_LOOP('',(#1735,#1736,#1737,#1738,#1739,#1740,#1741,#1742,#1743,
#1744));
#698=EDGE_LOOP('',(#1745,#1746,#1747,#1748,#1749,#1750));
#699=EDGE_LOOP('',(#1751,#1752,#1753,#1754,#1755,#1756,#1757,#1758,#1759,
#1760));
#700=EDGE_LOOP('',(#1761,#1762,#1763,#1764,#1765,#1766,#1767,#1768,#1769,
#1770,#1771,#1772,#1773,#1774,#1775,#1776,#1777,#1778));
#701=EDGE_LOOP('',(#1779,#1780,#1781,#1782));
#702=EDGE_LOOP('',(#1783,#1784,#1785,#1786));
#703=EDGE_LOOP('',(#1787,#1788,#1789,#1790));
#704=EDGE_LOOP('',(#1791,#1792,#1793,#1794));
#705=EDGE_LOOP('',(#1795,#1796,#1797,#1798));
#706=EDGE_LOOP('',(#1799,#1800,#1801,#1802));
#707=EDGE_LOOP('',(#1803,#1804,#1805,#1806));
#708=EDGE_LOOP('',(#1807,#1808,#1809,#1810));
#709=EDGE_LOOP('',(#1811,#1812,#1813,#1814));
#710=EDGE_LOOP('',(#1815,#1816,#1817,#1818));
#711=EDGE_LOOP('',(#1819,#1820,#1821,#1822));
#712=EDGE_LOOP('',(#1823,#1824,#1825,#1826));
#713=EDGE_LOOP('',(#1827,#1828,#1829,#1830));
#714=EDGE_LOOP('',(#1831,#1832,#1833,#1834));
#715=EDGE_LOOP('',(#1835,#1836,#1837,#1838));
#716=EDGE_LOOP('',(#1839,#1840,#1841,#1842));
#717=EDGE_LOOP('',(#1843,#1844,#1845,#1846));
#718=EDGE_LOOP('',(#1847,#1848,#1849,#1850));
#719=EDGE_LOOP('',(#1851,#1852,#1853,#1854));
#720=B_SPLINE_CURVE_WITH_KNOTS('',3,(#2897,#2898,#2899,#2900,#2901,#2902,
#2903,#2904),.UNSPECIFIED.,.F.,.F.,(4,2,2,4),(0.50553224003851,0.547451308741934,
0.596866568381485,0.69884129181174),.UNSPECIFIED.);
#721=B_SPLINE_CURVE_WITH_KNOTS('',3,(#2927,#2928,#2929,#2930,#2931,#2932,
#2933,#2934),.UNSPECIFIED.,.F.,.F.,(4,2,2,4),(0.,0.101974723430255,0.151389983069806,
0.193309051773231),.UNSPECIFIED.);
#722=B_SPLINE_CURVE_WITH_KNOTS('',3,(#2981,#2982,#2983,#2984,#2985,#2986),
 .UNSPECIFIED.,.F.,.F.,(4,2,4),(0.,0.117562819132908,0.194026045695578),
 .UNSPECIFIED.);
#723=B_SPLINE_CURVE_WITH_KNOTS('',3,(#3248,#3249,#3250,#3251,#3252,#3253,
#3254,#3255,#3256,#3257,#3258,#3259,#3260,#3261),.UNSPECIFIED.,.F.,.F.,
(4,2,2,2,2,2,4),(-0.000517178113546607,0.,0.0293171015322835,0.0582802081150611,
0.100480094781998,0.136755860497048,0.170445874916892),.UNSPECIFIED.);
#724=B_SPLINE_CURVE_WITH_KNOTS('',3,(#3264,#3265,#3266,#3267,#3268,#3269,
#3270,#3271,#3272,#3273,#3274,#3275,#3276,#3277),.UNSPECIFIED.,.F.,.F.,
(4,2,2,2,2,2,4),(-0.17015905138389,-0.1696443054453,-0.140465075795293,
-0.111638176334363,-0.069636746455487,-0.0335315776902762,0.),
 .UNSPECIFIED.);
#725=B_SPLINE_CURVE_WITH_KNOTS('',3,(#3390,#3391,#3392,#3393,#3394,#3395,
#3396,#3397,#3398,#3399),.UNSPECIFIED.,.F.,.F.,(4,2,2,2,4),(0.151197502258045,
0.18891683685476,0.226636171451475,0.264306452595614,0.301976733739753),
 .UNSPECIFIED.);
#726=B_SPLINE_CURVE_WITH_KNOTS('',3,(#3416,#3417,#3418,#3419,#3420,#3421,
#3422,#3423,#3424,#3425),.UNSPECIFIED.,.F.,.F.,(4,2,2,2,4),(0.301976733739753,
0.339647014883892,0.377317296028031,0.415036630624747,0.452755965221462),
 .UNSPECIFIED.);
#727=CIRCLE('',#1998,0.99999999999998);
#728=CIRCLE('',#1999,1.);
#729=CIRCLE('',#2000,2.);
#730=CIRCLE('',#2002,1.);
#731=CIRCLE('',#2004,1.);
#732=CIRCLE('',#2005,9.75000000000001);
#733=CIRCLE('',#2006,8.75000000000001);
#734=CIRCLE('',#2008,1.);
#735=CIRCLE('',#2010,1.);
#736=CIRCLE('',#2011,2.);
#737=CIRCLE('',#2013,1.);
#738=CIRCLE('',#2014,0.999999999999996);
#739=CIRCLE('',#2015,1.);
#740=CIRCLE('',#2016,1.5);
#741=CIRCLE('',#2017,0.999999999999996);
#742=CIRCLE('',#2018,1.);
#743=CIRCLE('',#2019,1.);
#744=CIRCLE('',#2020,1.);
#745=CIRCLE('',#2021,1.);
#746=CIRCLE('',#2023,1.);
#747=CIRCLE('',#2024,1.);
#748=CIRCLE('',#2026,1.);
#749=CIRCLE('',#2027,9.75000000000001);
#750=CIRCLE('',#2028,8.75000000000001);
#751=CIRCLE('',#2030,1.);
#752=CIRCLE('',#2032,1.);
#753=CIRCLE('',#2033,2.);
#754=CIRCLE('',#2035,1.);
#755=CIRCLE('',#2036,0.999999999999996);
#756=CIRCLE('',#2037,1.);
#757=CIRCLE('',#2038,1.5);
#758=CIRCLE('',#2039,0.999999999999996);
#759=CIRCLE('',#2040,1.);
#760=CIRCLE('',#2041,1.);
#761=CIRCLE('',#2042,1.);
#762=CIRCLE('',#2043,1.);
#763=CIRCLE('',#2045,0.999999470903814);
#764=CIRCLE('',#2049,0.999999999999996);
#765=CIRCLE('',#2050,1.);
#766=CIRCLE('',#2056,1.00000000000018);
#767=CIRCLE('',#2058,0.999999999999996);
#768=CIRCLE('',#2062,0.999999999999996);
#769=CIRCLE('',#2063,1.);
#770=CIRCLE('',#2064,0.999999999999996);
#771=CIRCLE('',#2066,0.999999999999996);
#772=CIRCLE('',#2067,1.);
#773=CIRCLE('',#2068,1.);
#774=CIRCLE('',#2070,0.999999999999996);
#775=CIRCLE('',#2071,0.999999999999999);
#776=CIRCLE('',#2072,1.99999999999999);
#777=CIRCLE('',#2073,1.);
#778=CIRCLE('',#2075,1.99999999999999);
#779=CIRCLE('',#2076,0.999999999999996);
#780=CIRCLE('',#2077,0.999999999999996);
#781=CIRCLE('',#2078,0.999999999999996);
#782=CIRCLE('',#2080,1.);
#783=CIRCLE('',#2082,1.);
#784=CIRCLE('',#2083,9.75000000000001);
#785=CIRCLE('',#2084,8.75000000000001);
#786=CIRCLE('',#2089,0.999999999999996);
#787=CIRCLE('',#2090,0.999999999999988);
#788=CIRCLE('',#2093,1.);
#789=CIRCLE('',#2094,1.);
#790=CIRCLE('',#2095,0.999999999999996);
#791=CIRCLE('',#2097,0.999999999999996);
#792=CIRCLE('',#2098,0.999999999999999);
#793=CIRCLE('',#2099,2.);
#794=CIRCLE('',#2100,0.999999999999996);
#795=CIRCLE('',#2102,0.999999999999996);
#796=CIRCLE('',#2104,1.00000000000001);
#797=CIRCLE('',#2105,8.75000000000001);
#798=CIRCLE('',#2106,9.75000000000001);
#799=CIRCLE('',#2109,0.999999999999996);
#800=CIRCLE('',#2110,1.);
#801=CIRCLE('',#2111,0.999999999999996);
#802=CIRCLE('',#2115,12.1479622887344);
#803=CIRCLE('',#2116,11.1479622887344);
#804=CIRCLE('',#2118,1.);
#805=CIRCLE('',#2119,1.);
#806=CIRCLE('',#2120,0.999999999999996);
#807=CIRCLE('',#2123,0.999999999999996);
#808=CIRCLE('',#2124,1.);
#809=CIRCLE('',#2125,0.999999999999996);
#810=CIRCLE('',#2127,0.999999999999999);
#811=CIRCLE('',#2128,0.999999999999996);
#812=CIRCLE('',#2129,0.999999999999996);
#813=CIRCLE('',#2131,0.999999999999996);
#814=CIRCLE('',#2132,0.999999999999996);
#815=CIRCLE('',#2133,1.);
#816=CIRCLE('',#2144,1.);
#817=CIRCLE('',#2145,1.);
#818=CIRCLE('',#2146,0.999999999999996);
#819=CIRCLE('',#2150,1.);
#820=CIRCLE('',#2151,0.999999999999996);
#821=CIRCLE('',#2152,0.999999999999996);
#822=CIRCLE('',#2154,0.999999999999997);
#823=CIRCLE('',#2157,0.999999999999996);
#824=CIRCLE('',#2158,1.);
#825=CIRCLE('',#2159,0.999999999999996);
#826=CIRCLE('',#2161,1.);
#827=CIRCLE('',#2183,1.);
#828=CIRCLE('',#2184,0.999999999999996);
#829=CIRCLE('',#2185,1.);
#830=CIRCLE('',#2186,1.5);
#831=CIRCLE('',#2187,0.999999999999996);
#832=CIRCLE('',#2188,1.);
#833=CIRCLE('',#2189,1.);
#834=CIRCLE('',#2190,1.);
#835=CIRCLE('',#2191,1.);
#836=CIRCLE('',#2193,1.2);
#837=CIRCLE('',#2194,1.2);
#838=CIRCLE('',#2195,1.2);
#839=CIRCLE('',#2196,1.2);
#840=CIRCLE('',#2198,1.);
#841=CIRCLE('',#2199,0.999999999999996);
#842=CIRCLE('',#2200,1.);
#843=CIRCLE('',#2201,1.5);
#844=CIRCLE('',#2202,0.999999999999996);
#845=CIRCLE('',#2203,1.);
#846=CIRCLE('',#2204,1.);
#847=CIRCLE('',#2205,1.);
#848=CIRCLE('',#2206,1.);
#849=CIRCLE('',#2208,1.2);
#850=CIRCLE('',#2210,1.2);
#851=CIRCLE('',#2212,1.2);
#852=CIRCLE('',#2214,1.2);
#853=CIRCLE('',#2217,11.1479622887344);
#854=CIRCLE('',#2222,12.5);
#855=CIRCLE('',#2227,12.5);
#856=VERTEX_POINT('',#2891);
#857=VERTEX_POINT('',#2892);
#858=VERTEX_POINT('',#2894);
#859=VERTEX_POINT('',#2896);
#860=VERTEX_POINT('',#2907);
#861=VERTEX_POINT('',#2908);
#862=VERTEX_POINT('',#2913);
#863=VERTEX_POINT('',#2914);
#864=VERTEX_POINT('',#2919);
#865=VERTEX_POINT('',#2920);
#866=VERTEX_POINT('',#2925);
#867=VERTEX_POINT('',#2926);
#868=VERTEX_POINT('',#2939);
#869=VERTEX_POINT('',#2941);
#870=VERTEX_POINT('',#2943);
#871=VERTEX_POINT('',#2945);
#872=VERTEX_POINT('',#2947);
#873=VERTEX_POINT('',#2949);
#874=VERTEX_POINT('',#2951);
#875=VERTEX_POINT('',#2953);
#876=VERTEX_POINT('',#2955);
#877=VERTEX_POINT('',#2958);
#878=VERTEX_POINT('',#2959);
#879=VERTEX_POINT('',#2961);
#880=VERTEX_POINT('',#2963);
#881=VERTEX_POINT('',#2967);
#882=VERTEX_POINT('',#2968);
#883=VERTEX_POINT('',#2973);
#884=VERTEX_POINT('',#2974);
#885=VERTEX_POINT('',#2979);
#886=VERTEX_POINT('',#2980);
#887=VERTEX_POINT('',#2991);
#888=VERTEX_POINT('',#2993);
#889=VERTEX_POINT('',#2995);
#890=VERTEX_POINT('',#2997);
#891=VERTEX_POINT('',#2999);
#892=VERTEX_POINT('',#3001);
#893=VERTEX_POINT('',#3003);
#894=VERTEX_POINT('',#3005);
#895=VERTEX_POINT('',#3007);
#896=VERTEX_POINT('',#3010);
#897=VERTEX_POINT('',#3011);
#898=VERTEX_POINT('',#3013);
#899=VERTEX_POINT('',#3015);
#900=VERTEX_POINT('',#3034);
#901=VERTEX_POINT('',#3035);
#902=VERTEX_POINT('',#3037);
#903=VERTEX_POINT('',#3041);
#904=VERTEX_POINT('',#3042);
#905=VERTEX_POINT('',#3044);
#906=VERTEX_POINT('',#3046);
#907=VERTEX_POINT('',#3079);
#908=VERTEX_POINT('',#3120);
#909=VERTEX_POINT('',#3124);
#910=VERTEX_POINT('',#3126);
#911=VERTEX_POINT('',#3130);
#912=VERTEX_POINT('',#3134);
#913=VERTEX_POINT('',#3136);
#914=VERTEX_POINT('',#3138);
#915=VERTEX_POINT('',#3142);
#916=VERTEX_POINT('',#3143);
#917=VERTEX_POINT('',#3145);
#918=VERTEX_POINT('',#3149);
#919=VERTEX_POINT('',#3151);
#920=VERTEX_POINT('',#3155);
#921=VERTEX_POINT('',#3156);
#922=VERTEX_POINT('',#3158);
#923=VERTEX_POINT('',#3160);
#924=VERTEX_POINT('',#3164);
#925=VERTEX_POINT('',#3165);
#926=VERTEX_POINT('',#3167);
#927=VERTEX_POINT('',#3169);
#928=VERTEX_POINT('',#3173);
#929=VERTEX_POINT('',#3174);
#930=VERTEX_POINT('',#3179);
#931=VERTEX_POINT('',#3180);
#932=VERTEX_POINT('',#3185);
#933=VERTEX_POINT('',#3187);
#934=VERTEX_POINT('',#3194);
#935=VERTEX_POINT('',#3200);
#936=VERTEX_POINT('',#3201);
#937=VERTEX_POINT('',#3203);
#938=VERTEX_POINT('',#3207);
#939=VERTEX_POINT('',#3208);
#940=VERTEX_POINT('',#3210);
#941=VERTEX_POINT('',#3212);
#942=VERTEX_POINT('',#3216);
#943=VERTEX_POINT('',#3217);
#944=VERTEX_POINT('',#3222);
#945=VERTEX_POINT('',#3223);
#946=VERTEX_POINT('',#3231);
#947=VERTEX_POINT('',#3232);
#948=VERTEX_POINT('',#3234);
#949=VERTEX_POINT('',#3244);
#950=VERTEX_POINT('',#3245);
#951=VERTEX_POINT('',#3247);
#952=VERTEX_POINT('',#3262);
#953=VERTEX_POINT('',#3279);
#954=VERTEX_POINT('',#3280);
#955=VERTEX_POINT('',#3287);
#956=VERTEX_POINT('',#3289);
#957=VERTEX_POINT('',#3293);
#958=VERTEX_POINT('',#3294);
#959=VERTEX_POINT('',#3296);
#960=VERTEX_POINT('',#3300);
#961=VERTEX_POINT('',#3302);
#962=VERTEX_POINT('',#3306);
#963=VERTEX_POINT('',#3324);
#964=VERTEX_POINT('',#3328);
#965=VERTEX_POINT('',#3329);
#966=VERTEX_POINT('',#3331);
#967=VERTEX_POINT('',#3341);
#968=VERTEX_POINT('',#3343);
#969=VERTEX_POINT('',#3347);
#970=VERTEX_POINT('',#3353);
#971=VERTEX_POINT('',#3354);
#972=VERTEX_POINT('',#3356);
#973=VERTEX_POINT('',#3360);
#974=VERTEX_POINT('',#3362);
#975=VERTEX_POINT('',#3364);
#976=VERTEX_POINT('',#3388);
#977=VERTEX_POINT('',#3389);
#978=VERTEX_POINT('',#3414);
#979=VERTEX_POINT('',#3415);
#980=VERTEX_POINT('',#3429);
#981=VERTEX_POINT('',#3431);
#982=VERTEX_POINT('',#3446);
#983=VERTEX_POINT('',#3448);
#984=VERTEX_POINT('',#3450);
#985=VERTEX_POINT('',#3452);
#986=VERTEX_POINT('',#3454);
#987=VERTEX_POINT('',#3456);
#988=VERTEX_POINT('',#3458);
#989=VERTEX_POINT('',#3460);
#990=VERTEX_POINT('',#3462);
#991=VERTEX_POINT('',#3465);
#992=VERTEX_POINT('',#3467);
#993=VERTEX_POINT('',#3469);
#994=VERTEX_POINT('',#3471);
#995=VERTEX_POINT('',#3474);
#996=VERTEX_POINT('',#3476);
#997=VERTEX_POINT('',#3478);
#998=VERTEX_POINT('',#3480);
#999=VERTEX_POINT('',#3482);
#1000=VERTEX_POINT('',#3484);
#1001=VERTEX_POINT('',#3486);
#1002=VERTEX_POINT('',#3488);
#1003=VERTEX_POINT('',#3490);
#1004=VERTEX_POINT('',#3493);
#1005=VERTEX_POINT('',#3497);
#1006=VERTEX_POINT('',#3501);
#1007=VERTEX_POINT('',#3505);
#1008=VERTEX_POINT('',#3509);
#1009=VERTEX_POINT('',#3511);
#1010=VERTEX_POINT('',#3515);
#1011=VERTEX_POINT('',#3517);
#1012=VERTEX_POINT('',#3521);
#1013=VERTEX_POINT('',#3523);
#1014=VERTEX_POINT('',#3529);
#1015=VERTEX_POINT('',#3534);
#1016=VERTEX_POINT('',#3536);
#1017=VERTEX_POINT('',#3538);
#1018=EDGE_CURVE('',#856,#857,#727,.T.);
#1019=EDGE_CURVE('',#857,#858,#728,.T.);
#1020=EDGE_CURVE('',#858,#859,#720,.F.);
#1021=EDGE_CURVE('',#859,#856,#729,.T.);
#1022=EDGE_CURVE('',#860,#861,#730,.T.);
#1023=EDGE_CURVE('',#861,#857,#107,.T.);
#1024=EDGE_CURVE('',#856,#860,#108,.T.);
#1025=EDGE_CURVE('',#862,#863,#731,.T.);
#1026=EDGE_CURVE('',#863,#861,#732,.T.);
#1027=EDGE_CURVE('',#860,#862,#733,.T.);
#1028=EDGE_CURVE('',#864,#865,#734,.T.);
#1029=EDGE_CURVE('',#865,#863,#109,.T.);
#1030=EDGE_CURVE('',#862,#864,#110,.T.);
#1031=EDGE_CURVE('',#866,#867,#721,.F.);
#1032=EDGE_CURVE('',#867,#865,#735,.T.);
#1033=EDGE_CURVE('',#864,#866,#736,.T.);
#1034=EDGE_CURVE('',#859,#866,#111,.T.);
#1035=EDGE_CURVE('',#868,#868,#737,.T.);
#1036=EDGE_CURVE('',#869,#869,#738,.T.);
#1037=EDGE_CURVE('',#870,#870,#739,.T.);
#1038=EDGE_CURVE('',#871,#871,#740,.T.);
#1039=EDGE_CURVE('',#872,#872,#741,.T.);
#1040=EDGE_CURVE('',#873,#873,#742,.T.);
#1041=EDGE_CURVE('',#874,#874,#743,.T.);
#1042=EDGE_CURVE('',#875,#875,#744,.T.);
#1043=EDGE_CURVE('',#876,#876,#745,.T.);
#1044=EDGE_CURVE('',#877,#878,#746,.T.);
#1045=EDGE_CURVE('',#878,#879,#112,.T.);
#1046=EDGE_CURVE('',#879,#880,#747,.F.);
#1047=EDGE_CURVE('',#880,#877,#113,.T.);
#1048=EDGE_CURVE('',#881,#882,#748,.T.);
#1049=EDGE_CURVE('',#882,#878,#749,.T.);
#1050=EDGE_CURVE('',#877,#881,#750,.T.);
#1051=EDGE_CURVE('',#883,#884,#751,.T.);
#1052=EDGE_CURVE('',#884,#882,#114,.T.);
#1053=EDGE_CURVE('',#881,#883,#115,.T.);
#1054=EDGE_CURVE('',#885,#886,#722,.F.);
#1055=EDGE_CURVE('',#886,#884,#752,.T.);
#1056=EDGE_CURVE('',#883,#885,#753,.T.);
#1057=EDGE_CURVE('',#880,#885,#116,.T.);
#1058=EDGE_CURVE('',#887,#887,#754,.T.);
#1059=EDGE_CURVE('',#888,#888,#755,.T.);
#1060=EDGE_CURVE('',#889,#889,#756,.T.);
#1061=EDGE_CURVE('',#890,#890,#757,.T.);
#1062=EDGE_CURVE('',#891,#891,#758,.T.);
#1063=EDGE_CURVE('',#892,#892,#759,.T.);
#1064=EDGE_CURVE('',#893,#893,#760,.T.);
#1065=EDGE_CURVE('',#894,#894,#761,.T.);
#1066=EDGE_CURVE('',#895,#895,#762,.T.);
#1067=EDGE_CURVE('',#896,#897,#117,.T.);
#1068=EDGE_CURVE('',#898,#896,#118,.T.);
#1069=EDGE_CURVE('',#899,#898,#119,.T.);
#1070=EDGE_CURVE('',#899,#897,#120,.T.);
#1071=EDGE_CURVE('',#900,#901,#763,.T.);
#1072=EDGE_CURVE('',#901,#902,#27,.T.);
#1073=EDGE_CURVE('',#902,#900,#28,.T.);
#1074=EDGE_CURVE('',#903,#904,#764,.T.);
#1075=EDGE_CURVE('',#904,#905,#121,.T.);
#1076=EDGE_CURVE('',#905,#906,#765,.T.);
#1077=EDGE_CURVE('',#906,#903,#122,.T.);
#1078=EDGE_CURVE('',#905,#907,#29,.T.);
#1079=EDGE_CURVE('',#907,#906,#30,.T.);
#1080=EDGE_CURVE('',#903,#901,#31,.T.);
#1081=EDGE_CURVE('',#900,#904,#32,.T.);
#1082=EDGE_CURVE('',#902,#908,#123,.T.);
#1083=EDGE_CURVE('',#900,#908,#766,.T.);
#1084=EDGE_CURVE('',#903,#909,#124,.T.);
#1085=EDGE_CURVE('',#909,#910,#767,.F.);
#1086=EDGE_CURVE('',#902,#910,#125,.T.);
#1087=EDGE_CURVE('',#911,#906,#126,.T.);
#1088=EDGE_CURVE('',#909,#911,#127,.T.);
#1089=EDGE_CURVE('',#912,#904,#128,.T.);
#1090=EDGE_CURVE('',#913,#912,#129,.T.);
#1091=EDGE_CURVE('',#914,#913,#130,.T.);
#1092=EDGE_CURVE('',#905,#914,#131,.T.);
#1093=EDGE_CURVE('',#915,#916,#768,.F.);
#1094=EDGE_CURVE('',#917,#915,#769,.F.);
#1095=EDGE_CURVE('',#916,#917,#770,.F.);
#1096=EDGE_CURVE('',#911,#918,#771,.F.);
#1097=EDGE_CURVE('',#919,#911,#772,.F.);
#1098=EDGE_CURVE('',#918,#919,#773,.F.);
#1099=EDGE_CURVE('',#920,#921,#774,.F.);
#1100=EDGE_CURVE('',#922,#920,#775,.T.);
#1101=EDGE_CURVE('',#922,#923,#776,.T.);
#1102=EDGE_CURVE('',#921,#923,#777,.T.);
#1103=EDGE_CURVE('',#924,#925,#778,.T.);
#1104=EDGE_CURVE('',#926,#925,#779,.T.);
#1105=EDGE_CURVE('',#927,#926,#780,.F.);
#1106=EDGE_CURVE('',#924,#927,#781,.T.);
#1107=EDGE_CURVE('',#928,#929,#782,.T.);
#1108=EDGE_CURVE('',#929,#926,#132,.T.);
#1109=EDGE_CURVE('',#925,#928,#133,.T.);
#1110=EDGE_CURVE('',#930,#931,#783,.T.);
#1111=EDGE_CURVE('',#931,#929,#784,.T.);
#1112=EDGE_CURVE('',#928,#930,#785,.T.);
#1113=EDGE_CURVE('',#932,#931,#134,.T.);
#1114=EDGE_CURVE('',#930,#933,#135,.T.);
#1115=EDGE_CURVE('',#933,#932,#33,.T.);
#1116=EDGE_CURVE('',#886,#927,#136,.T.);
#1117=EDGE_CURVE('',#926,#884,#137,.T.);
#1118=EDGE_CURVE('',#934,#909,#786,.F.);
#1119=EDGE_CURVE('',#910,#934,#787,.F.);
#1120=EDGE_CURVE('',#918,#934,#138,.T.);
#1121=EDGE_CURVE('',#935,#936,#788,.F.);
#1122=EDGE_CURVE('',#937,#935,#789,.F.);
#1123=EDGE_CURVE('',#936,#937,#790,.F.);
#1124=EDGE_CURVE('',#938,#939,#791,.F.);
#1125=EDGE_CURVE('',#940,#938,#792,.T.);
#1126=EDGE_CURVE('',#940,#941,#793,.T.);
#1127=EDGE_CURVE('',#939,#941,#794,.T.);
#1128=EDGE_CURVE('',#942,#943,#795,.T.);
#1129=EDGE_CURVE('',#943,#940,#139,.T.);
#1130=EDGE_CURVE('',#938,#942,#140,.T.);
#1131=EDGE_CURVE('',#944,#945,#796,.T.);
#1132=EDGE_CURVE('',#945,#943,#797,.T.);
#1133=EDGE_CURVE('',#942,#944,#798,.T.);
#1134=EDGE_CURVE('',#923,#945,#141,.T.);
#1135=EDGE_CURVE('',#944,#921,#142,.T.);
#1136=EDGE_CURVE('',#946,#947,#799,.F.);
#1137=EDGE_CURVE('',#948,#946,#800,.F.);
#1138=EDGE_CURVE('',#947,#948,#801,.F.);
#1139=EDGE_CURVE('',#946,#910,#143,.T.);
#1140=EDGE_CURVE('',#934,#948,#144,.T.);
#1141=EDGE_CURVE('',#927,#947,#145,.T.);
#1142=EDGE_CURVE('',#948,#924,#146,.T.);
#1143=EDGE_CURVE('',#949,#950,#802,.T.);
#1144=EDGE_CURVE('',#950,#951,#723,.T.);
#1145=EDGE_CURVE('',#951,#952,#803,.T.);
#1146=EDGE_CURVE('',#949,#952,#724,.T.);
#1147=EDGE_CURVE('',#953,#954,#804,.F.);
#1148=EDGE_CURVE('',#914,#953,#805,.F.);
#1149=EDGE_CURVE('',#954,#914,#806,.F.);
#1150=EDGE_CURVE('',#953,#907,#147,.T.);
#1151=EDGE_CURVE('',#898,#955,#807,.F.);
#1152=EDGE_CURVE('',#956,#898,#808,.F.);
#1153=EDGE_CURVE('',#955,#956,#809,.F.);
#1154=EDGE_CURVE('',#957,#958,#810,.F.);
#1155=EDGE_CURVE('',#959,#957,#811,.F.);
#1156=EDGE_CURVE('',#958,#959,#812,.F.);
#1157=EDGE_CURVE('',#896,#960,#813,.F.);
#1158=EDGE_CURVE('',#961,#896,#814,.F.);
#1159=EDGE_CURVE('',#960,#961,#815,.F.);
#1160=EDGE_CURVE('',#962,#961,#148,.T.);
#1161=EDGE_CURVE('',#962,#897,#34,.T.);
#1162=EDGE_CURVE('',#957,#960,#149,.T.);
#1163=EDGE_CURVE('',#961,#959,#150,.T.);
#1164=EDGE_CURVE('',#960,#956,#151,.T.);
#1165=EDGE_CURVE('',#947,#958,#152,.T.);
#1166=EDGE_CURVE('',#959,#946,#153,.T.);
#1167=EDGE_CURVE('',#958,#939,#154,.T.);
#1168=EDGE_CURVE('',#941,#957,#155,.T.);
#1169=EDGE_CURVE('',#935,#955,#156,.T.);
#1170=EDGE_CURVE('',#956,#937,#157,.T.);
#1171=EDGE_CURVE('',#955,#963,#158,.T.);
#1172=EDGE_CURVE('',#963,#899,#35,.T.);
#1173=EDGE_CURVE('',#964,#965,#816,.F.);
#1174=EDGE_CURVE('',#966,#964,#817,.F.);
#1175=EDGE_CURVE('',#965,#966,#818,.F.);
#1176=EDGE_CURVE('',#963,#966,#159,.T.);
#1177=EDGE_CURVE('',#964,#899,#160,.T.);
#1178=EDGE_CURVE('',#950,#965,#161,.T.);
#1179=EDGE_CURVE('',#966,#951,#162,.T.);
#1180=EDGE_CURVE('',#913,#967,#819,.F.);
#1181=EDGE_CURVE('',#968,#913,#820,.F.);
#1182=EDGE_CURVE('',#967,#968,#821,.F.);
#1183=EDGE_CURVE('',#908,#969,#163,.T.);
#1184=EDGE_CURVE('',#969,#912,#822,.T.);
#1185=EDGE_CURVE('',#969,#968,#164,.T.);
#1186=EDGE_CURVE('',#970,#971,#823,.F.);
#1187=EDGE_CURVE('',#972,#970,#824,.F.);
#1188=EDGE_CURVE('',#971,#972,#825,.F.);
#1189=EDGE_CURVE('',#897,#973,#165,.T.);
#1190=EDGE_CURVE('',#973,#974,#826,.T.);
#1191=EDGE_CURVE('',#974,#975,#166,.T.);
#1192=EDGE_CURVE('',#962,#975,#167,.T.);
#1193=EDGE_CURVE('',#970,#974,#168,.T.);
#1194=EDGE_CURVE('',#973,#972,#169,.T.);
#1195=EDGE_CURVE('',#965,#971,#170,.T.);
#1196=EDGE_CURVE('',#972,#964,#171,.T.);
#1197=EDGE_CURVE('',#971,#967,#172,.T.);
#1198=EDGE_CURVE('',#968,#970,#173,.T.);
#1199=EDGE_CURVE('',#967,#954,#174,.T.);
#1200=EDGE_CURVE('',#952,#953,#175,.T.);
#1201=EDGE_CURVE('',#954,#949,#176,.T.);
#1202=EDGE_CURVE('',#857,#938,#177,.T.);
#1203=EDGE_CURVE('',#939,#858,#178,.T.);
#1204=EDGE_CURVE('',#920,#936,#179,.T.);
#1205=EDGE_CURVE('',#937,#922,#180,.T.);
#1206=EDGE_CURVE('',#976,#977,#725,.T.);
#1207=EDGE_CURVE('',#977,#935,#181,.T.);
#1208=EDGE_CURVE('',#936,#976,#182,.T.);
#1209=EDGE_CURVE('',#907,#919,#183,.T.);
#1210=EDGE_CURVE('',#867,#920,#184,.T.);
#1211=EDGE_CURVE('',#921,#865,#185,.T.);
#1212=EDGE_CURVE('',#915,#918,#186,.T.);
#1213=EDGE_CURVE('',#919,#917,#187,.T.);
#1214=EDGE_CURVE('',#933,#915,#188,.T.);
#1215=EDGE_CURVE('',#916,#932,#189,.T.);
#1216=EDGE_CURVE('',#978,#979,#726,.T.);
#1217=EDGE_CURVE('',#979,#916,#190,.T.);
#1218=EDGE_CURVE('',#917,#978,#191,.T.);
#1219=EDGE_CURVE('',#975,#980,#192,.T.);
#1220=EDGE_CURVE('',#980,#981,#193,.T.);
#1221=EDGE_CURVE('',#981,#908,#194,.T.);
#1222=EDGE_CURVE('',#863,#944,#195,.T.);
#1223=EDGE_CURVE('',#861,#942,#196,.T.);
#1224=EDGE_CURVE('',#882,#929,#197,.T.);
#1225=EDGE_CURVE('',#878,#931,#198,.T.);
#1226=EDGE_CURVE('',#932,#879,#199,.T.);
#1227=EDGE_CURVE('',#982,#982,#827,.T.);
#1228=EDGE_CURVE('',#983,#983,#828,.T.);
#1229=EDGE_CURVE('',#984,#984,#829,.T.);
#1230=EDGE_CURVE('',#985,#985,#830,.T.);
#1231=EDGE_CURVE('',#986,#986,#831,.T.);
#1232=EDGE_CURVE('',#987,#987,#832,.T.);
#1233=EDGE_CURVE('',#988,#988,#833,.T.);
#1234=EDGE_CURVE('',#989,#989,#834,.T.);
#1235=EDGE_CURVE('',#990,#990,#835,.T.);
#1236=EDGE_CURVE('',#991,#991,#836,.T.);
#1237=EDGE_CURVE('',#992,#992,#837,.T.);
#1238=EDGE_CURVE('',#993,#993,#838,.T.);
#1239=EDGE_CURVE('',#994,#994,#839,.T.);
#1240=EDGE_CURVE('',#995,#995,#840,.T.);
#1241=EDGE_CURVE('',#996,#996,#841,.T.);
#1242=EDGE_CURVE('',#997,#997,#842,.T.);
#1243=EDGE_CURVE('',#998,#998,#843,.T.);
#1244=EDGE_CURVE('',#999,#999,#844,.T.);
#1245=EDGE_CURVE('',#1000,#1000,#845,.T.);
#1246=EDGE_CURVE('',#1001,#1001,#846,.T.);
#1247=EDGE_CURVE('',#1002,#1002,#847,.T.);
#1248=EDGE_CURVE('',#1003,#1003,#848,.T.);
#1249=EDGE_CURVE('',#991,#1004,#200,.T.);
#1250=EDGE_CURVE('',#1004,#1004,#849,.T.);
#1251=EDGE_CURVE('',#992,#1005,#201,.T.);
#1252=EDGE_CURVE('',#1005,#1005,#850,.T.);
#1253=EDGE_CURVE('',#993,#1006,#202,.T.);
#1254=EDGE_CURVE('',#1006,#1006,#851,.T.);
#1255=EDGE_CURVE('',#994,#1007,#203,.T.);
#1256=EDGE_CURVE('',#1007,#1007,#852,.T.);
#1257=EDGE_CURVE('',#1008,#969,#204,.T.);
#1258=EDGE_CURVE('',#1009,#1008,#205,.T.);
#1259=EDGE_CURVE('',#974,#1009,#206,.T.);
#1260=EDGE_CURVE('',#1010,#951,#207,.T.);
#1261=EDGE_CURVE('',#1011,#1010,#853,.T.);
#1262=EDGE_CURVE('',#1011,#952,#208,.T.);
#1263=EDGE_CURVE('',#1009,#1012,#209,.T.);
#1264=EDGE_CURVE('',#1013,#1008,#210,.T.);
#1265=EDGE_CURVE('',#1013,#1011,#211,.T.);
#1266=EDGE_CURVE('',#1010,#1012,#212,.T.);
#1267=EDGE_CURVE('',#981,#1008,#213,.T.);
#1268=EDGE_CURVE('',#1014,#981,#214,.T.);
#1269=EDGE_CURVE('',#1014,#1013,#215,.T.);
#1270=EDGE_CURVE('',#980,#1015,#216,.T.);
#1271=EDGE_CURVE('',#1016,#1015,#217,.T.);
#1272=EDGE_CURVE('',#1017,#1016,#854,.T.);
#1273=EDGE_CURVE('',#1014,#1017,#218,.T.);
#1274=EDGE_CURVE('',#980,#1009,#219,.T.);
#1275=EDGE_CURVE('',#1015,#1012,#220,.T.);
#1276=EDGE_CURVE('',#1016,#977,#221,.T.);
#1277=EDGE_CURVE('',#979,#976,#855,.T.);
#1278=EDGE_CURVE('',#1017,#978,#222,.T.);
#1279=EDGE_CURVE('',#982,#887,#223,.T.);
#1280=EDGE_CURVE('',#983,#888,#224,.T.);
#1281=EDGE_CURVE('',#984,#889,#225,.T.);
#1282=EDGE_CURVE('',#985,#890,#226,.T.);
#1283=EDGE_CURVE('',#986,#891,#227,.T.);
#1284=EDGE_CURVE('',#987,#892,#228,.T.);
#1285=EDGE_CURVE('',#988,#893,#229,.T.);
#1286=EDGE_CURVE('',#989,#894,#230,.T.);
#1287=EDGE_CURVE('',#990,#895,#231,.T.);
#1288=EDGE_CURVE('',#995,#868,#232,.T.);
#1289=EDGE_CURVE('',#996,#869,#233,.T.);
#1290=EDGE_CURVE('',#997,#870,#234,.T.);
#1291=EDGE_CURVE('',#998,#871,#235,.T.);
#1292=EDGE_CURVE('',#999,#872,#236,.T.);
#1293=EDGE_CURVE('',#1000,#873,#237,.T.);
#1294=EDGE_CURVE('',#1001,#874,#238,.T.);
#1295=EDGE_CURVE('',#1002,#875,#239,.T.);
#1296=EDGE_CURVE('',#1003,#876,#240,.T.);
#1297=ORIENTED_EDGE('',*,*,#1018,.T.);
#1298=ORIENTED_EDGE('',*,*,#1019,.T.);
#1299=ORIENTED_EDGE('',*,*,#1020,.T.);
#1300=ORIENTED_EDGE('',*,*,#1021,.T.);
#1301=ORIENTED_EDGE('',*,*,#1022,.T.);
#1302=ORIENTED_EDGE('',*,*,#1023,.T.);
#1303=ORIENTED_EDGE('',*,*,#1018,.F.);
#1304=ORIENTED_EDGE('',*,*,#1024,.T.);
#1305=ORIENTED_EDGE('',*,*,#1025,.T.);
#1306=ORIENTED_EDGE('',*,*,#1026,.T.);
#1307=ORIENTED_EDGE('',*,*,#1022,.F.);
#1308=ORIENTED_EDGE('',*,*,#1027,.T.);
#1309=ORIENTED_EDGE('',*,*,#1028,.T.);
#1310=ORIENTED_EDGE('',*,*,#1029,.T.);
#1311=ORIENTED_EDGE('',*,*,#1025,.F.);
#1312=ORIENTED_EDGE('',*,*,#1030,.T.);
#1313=ORIENTED_EDGE('',*,*,#1031,.T.);
#1314=ORIENTED_EDGE('',*,*,#1032,.T.);
#1315=ORIENTED_EDGE('',*,*,#1028,.F.);
#1316=ORIENTED_EDGE('',*,*,#1033,.T.);
#1317=ORIENTED_EDGE('',*,*,#1033,.F.);
#1318=ORIENTED_EDGE('',*,*,#1030,.F.);
#1319=ORIENTED_EDGE('',*,*,#1027,.F.);
#1320=ORIENTED_EDGE('',*,*,#1024,.F.);
#1321=ORIENTED_EDGE('',*,*,#1021,.F.);
#1322=ORIENTED_EDGE('',*,*,#1034,.T.);
#1323=ORIENTED_EDGE('',*,*,#1035,.F.);
#1324=ORIENTED_EDGE('',*,*,#1036,.F.);
#1325=ORIENTED_EDGE('',*,*,#1037,.F.);
#1326=ORIENTED_EDGE('',*,*,#1038,.F.);
#1327=ORIENTED_EDGE('',*,*,#1039,.F.);
#1328=ORIENTED_EDGE('',*,*,#1040,.F.);
#1329=ORIENTED_EDGE('',*,*,#1041,.F.);
#1330=ORIENTED_EDGE('',*,*,#1042,.F.);
#1331=ORIENTED_EDGE('',*,*,#1043,.F.);
#1332=ORIENTED_EDGE('',*,*,#1044,.T.);
#1333=ORIENTED_EDGE('',*,*,#1045,.T.);
#1334=ORIENTED_EDGE('',*,*,#1046,.T.);
#1335=ORIENTED_EDGE('',*,*,#1047,.T.);
#1336=ORIENTED_EDGE('',*,*,#1048,.T.);
#1337=ORIENTED_EDGE('',*,*,#1049,.T.);
#1338=ORIENTED_EDGE('',*,*,#1044,.F.);
#1339=ORIENTED_EDGE('',*,*,#1050,.T.);
#1340=ORIENTED_EDGE('',*,*,#1051,.T.);
#1341=ORIENTED_EDGE('',*,*,#1052,.T.);
#1342=ORIENTED_EDGE('',*,*,#1048,.F.);
#1343=ORIENTED_EDGE('',*,*,#1053,.T.);
#1344=ORIENTED_EDGE('',*,*,#1054,.T.);
#1345=ORIENTED_EDGE('',*,*,#1055,.T.);
#1346=ORIENTED_EDGE('',*,*,#1051,.F.);
#1347=ORIENTED_EDGE('',*,*,#1056,.T.);
#1348=ORIENTED_EDGE('',*,*,#1056,.F.);
#1349=ORIENTED_EDGE('',*,*,#1053,.F.);
#1350=ORIENTED_EDGE('',*,*,#1050,.F.);
#1351=ORIENTED_EDGE('',*,*,#1047,.F.);
#1352=ORIENTED_EDGE('',*,*,#1057,.T.);
#1353=ORIENTED_EDGE('',*,*,#1058,.T.);
#1354=ORIENTED_EDGE('',*,*,#1059,.T.);
#1355=ORIENTED_EDGE('',*,*,#1060,.T.);
#1356=ORIENTED_EDGE('',*,*,#1061,.T.);
#1357=ORIENTED_EDGE('',*,*,#1062,.T.);
#1358=ORIENTED_EDGE('',*,*,#1063,.T.);
#1359=ORIENTED_EDGE('',*,*,#1064,.T.);
#1360=ORIENTED_EDGE('',*,*,#1065,.T.);
#1361=ORIENTED_EDGE('',*,*,#1066,.T.);
#1362=ORIENTED_EDGE('',*,*,#1067,.F.);
#1363=ORIENTED_EDGE('',*,*,#1068,.F.);
#1364=ORIENTED_EDGE('',*,*,#1069,.F.);
#1365=ORIENTED_EDGE('',*,*,#1070,.T.);
#1366=ORIENTED_EDGE('',*,*,#1071,.T.);
#1367=ORIENTED_EDGE('',*,*,#1072,.T.);
#1368=ORIENTED_EDGE('',*,*,#1073,.T.);
#1369=ORIENTED_EDGE('',*,*,#1074,.T.);
#1370=ORIENTED_EDGE('',*,*,#1075,.T.);
#1371=ORIENTED_EDGE('',*,*,#1076,.T.);
#1372=ORIENTED_EDGE('',*,*,#1077,.T.);
#1373=ORIENTED_EDGE('',*,*,#1076,.F.);
#1374=ORIENTED_EDGE('',*,*,#1078,.T.);
#1375=ORIENTED_EDGE('',*,*,#1079,.T.);
#1376=ORIENTED_EDGE('',*,*,#1074,.F.);
#1377=ORIENTED_EDGE('',*,*,#1080,.T.);
#1378=ORIENTED_EDGE('',*,*,#1071,.F.);
#1379=ORIENTED_EDGE('',*,*,#1081,.T.);
#1380=ORIENTED_EDGE('',*,*,#1073,.F.);
#1381=ORIENTED_EDGE('',*,*,#1082,.T.);
#1382=ORIENTED_EDGE('',*,*,#1083,.F.);
#1383=ORIENTED_EDGE('',*,*,#1072,.F.);
#1384=ORIENTED_EDGE('',*,*,#1080,.F.);
#1385=ORIENTED_EDGE('',*,*,#1084,.T.);
#1386=ORIENTED_EDGE('',*,*,#1085,.T.);
#1387=ORIENTED_EDGE('',*,*,#1086,.F.);
#1388=ORIENTED_EDGE('',*,*,#1077,.F.);
#1389=ORIENTED_EDGE('',*,*,#1087,.F.);
#1390=ORIENTED_EDGE('',*,*,#1088,.F.);
#1391=ORIENTED_EDGE('',*,*,#1084,.F.);
#1392=ORIENTED_EDGE('',*,*,#1075,.F.);
#1393=ORIENTED_EDGE('',*,*,#1089,.F.);
#1394=ORIENTED_EDGE('',*,*,#1090,.F.);
#1395=ORIENTED_EDGE('',*,*,#1091,.F.);
#1396=ORIENTED_EDGE('',*,*,#1092,.F.);
#1397=ORIENTED_EDGE('',*,*,#1093,.F.);
#1398=ORIENTED_EDGE('',*,*,#1094,.F.);
#1399=ORIENTED_EDGE('',*,*,#1095,.F.);
#1400=ORIENTED_EDGE('',*,*,#1096,.F.);
#1401=ORIENTED_EDGE('',*,*,#1097,.F.);
#1402=ORIENTED_EDGE('',*,*,#1098,.F.);
#1403=ORIENTED_EDGE('',*,*,#1099,.F.);
#1404=ORIENTED_EDGE('',*,*,#1100,.F.);
#1405=ORIENTED_EDGE('',*,*,#1101,.T.);
#1406=ORIENTED_EDGE('',*,*,#1102,.F.);
#1407=ORIENTED_EDGE('',*,*,#1103,.T.);
#1408=ORIENTED_EDGE('',*,*,#1104,.F.);
#1409=ORIENTED_EDGE('',*,*,#1105,.F.);
#1410=ORIENTED_EDGE('',*,*,#1106,.F.);
#1411=ORIENTED_EDGE('',*,*,#1107,.T.);
#1412=ORIENTED_EDGE('',*,*,#1108,.T.);
#1413=ORIENTED_EDGE('',*,*,#1104,.T.);
#1414=ORIENTED_EDGE('',*,*,#1109,.T.);
#1415=ORIENTED_EDGE('',*,*,#1110,.T.);
#1416=ORIENTED_EDGE('',*,*,#1111,.T.);
#1417=ORIENTED_EDGE('',*,*,#1107,.F.);
#1418=ORIENTED_EDGE('',*,*,#1112,.T.);
#1419=ORIENTED_EDGE('',*,*,#1113,.T.);
#1420=ORIENTED_EDGE('',*,*,#1110,.F.);
#1421=ORIENTED_EDGE('',*,*,#1114,.T.);
#1422=ORIENTED_EDGE('',*,*,#1115,.T.);
#1423=ORIENTED_EDGE('',*,*,#1055,.F.);
#1424=ORIENTED_EDGE('',*,*,#1116,.T.);
#1425=ORIENTED_EDGE('',*,*,#1105,.T.);
#1426=ORIENTED_EDGE('',*,*,#1117,.T.);
#1427=ORIENTED_EDGE('',*,*,#1085,.F.);
#1428=ORIENTED_EDGE('',*,*,#1118,.F.);
#1429=ORIENTED_EDGE('',*,*,#1119,.F.);
#1430=ORIENTED_EDGE('',*,*,#1096,.T.);
#1431=ORIENTED_EDGE('',*,*,#1120,.T.);
#1432=ORIENTED_EDGE('',*,*,#1118,.T.);
#1433=ORIENTED_EDGE('',*,*,#1088,.T.);
#1434=ORIENTED_EDGE('',*,*,#1121,.F.);
#1435=ORIENTED_EDGE('',*,*,#1122,.F.);
#1436=ORIENTED_EDGE('',*,*,#1123,.F.);
#1437=ORIENTED_EDGE('',*,*,#1124,.F.);
#1438=ORIENTED_EDGE('',*,*,#1125,.F.);
#1439=ORIENTED_EDGE('',*,*,#1126,.T.);
#1440=ORIENTED_EDGE('',*,*,#1127,.F.);
#1441=ORIENTED_EDGE('',*,*,#1128,.T.);
#1442=ORIENTED_EDGE('',*,*,#1129,.T.);
#1443=ORIENTED_EDGE('',*,*,#1125,.T.);
#1444=ORIENTED_EDGE('',*,*,#1130,.T.);
#1445=ORIENTED_EDGE('',*,*,#1131,.T.);
#1446=ORIENTED_EDGE('',*,*,#1132,.T.);
#1447=ORIENTED_EDGE('',*,*,#1128,.F.);
#1448=ORIENTED_EDGE('',*,*,#1133,.T.);
#1449=ORIENTED_EDGE('',*,*,#1102,.T.);
#1450=ORIENTED_EDGE('',*,*,#1134,.T.);
#1451=ORIENTED_EDGE('',*,*,#1131,.F.);
#1452=ORIENTED_EDGE('',*,*,#1135,.T.);
#1453=ORIENTED_EDGE('',*,*,#1136,.F.);
#1454=ORIENTED_EDGE('',*,*,#1137,.F.);
#1455=ORIENTED_EDGE('',*,*,#1138,.F.);
#1456=ORIENTED_EDGE('',*,*,#1137,.T.);
#1457=ORIENTED_EDGE('',*,*,#1139,.T.);
#1458=ORIENTED_EDGE('',*,*,#1119,.T.);
#1459=ORIENTED_EDGE('',*,*,#1140,.T.);
#1460=ORIENTED_EDGE('',*,*,#1106,.T.);
#1461=ORIENTED_EDGE('',*,*,#1141,.T.);
#1462=ORIENTED_EDGE('',*,*,#1138,.T.);
#1463=ORIENTED_EDGE('',*,*,#1142,.T.);
#1464=ORIENTED_EDGE('',*,*,#1143,.T.);
#1465=ORIENTED_EDGE('',*,*,#1144,.T.);
#1466=ORIENTED_EDGE('',*,*,#1145,.T.);
#1467=ORIENTED_EDGE('',*,*,#1146,.F.);
#1468=ORIENTED_EDGE('',*,*,#1147,.F.);
#1469=ORIENTED_EDGE('',*,*,#1148,.F.);
#1470=ORIENTED_EDGE('',*,*,#1149,.F.);
#1471=ORIENTED_EDGE('',*,*,#1078,.F.);
#1472=ORIENTED_EDGE('',*,*,#1092,.T.);
#1473=ORIENTED_EDGE('',*,*,#1148,.T.);
#1474=ORIENTED_EDGE('',*,*,#1150,.T.);
#1475=ORIENTED_EDGE('',*,*,#1151,.F.);
#1476=ORIENTED_EDGE('',*,*,#1152,.F.);
#1477=ORIENTED_EDGE('',*,*,#1153,.F.);
#1478=ORIENTED_EDGE('',*,*,#1154,.F.);
#1479=ORIENTED_EDGE('',*,*,#1155,.F.);
#1480=ORIENTED_EDGE('',*,*,#1156,.F.);
#1481=ORIENTED_EDGE('',*,*,#1157,.F.);
#1482=ORIENTED_EDGE('',*,*,#1158,.F.);
#1483=ORIENTED_EDGE('',*,*,#1159,.F.);
#1484=ORIENTED_EDGE('',*,*,#1160,.T.);
#1485=ORIENTED_EDGE('',*,*,#1158,.T.);
#1486=ORIENTED_EDGE('',*,*,#1067,.T.);
#1487=ORIENTED_EDGE('',*,*,#1161,.F.);
#1488=ORIENTED_EDGE('',*,*,#1155,.T.);
#1489=ORIENTED_EDGE('',*,*,#1162,.T.);
#1490=ORIENTED_EDGE('',*,*,#1159,.T.);
#1491=ORIENTED_EDGE('',*,*,#1163,.T.);
#1492=ORIENTED_EDGE('',*,*,#1157,.T.);
#1493=ORIENTED_EDGE('',*,*,#1164,.T.);
#1494=ORIENTED_EDGE('',*,*,#1152,.T.);
#1495=ORIENTED_EDGE('',*,*,#1068,.T.);
#1496=ORIENTED_EDGE('',*,*,#1136,.T.);
#1497=ORIENTED_EDGE('',*,*,#1165,.T.);
#1498=ORIENTED_EDGE('',*,*,#1156,.T.);
#1499=ORIENTED_EDGE('',*,*,#1166,.T.);
#1500=ORIENTED_EDGE('',*,*,#1154,.T.);
#1501=ORIENTED_EDGE('',*,*,#1167,.T.);
#1502=ORIENTED_EDGE('',*,*,#1127,.T.);
#1503=ORIENTED_EDGE('',*,*,#1168,.T.);
#1504=ORIENTED_EDGE('',*,*,#1122,.T.);
#1505=ORIENTED_EDGE('',*,*,#1169,.T.);
#1506=ORIENTED_EDGE('',*,*,#1153,.T.);
#1507=ORIENTED_EDGE('',*,*,#1170,.T.);
#1508=ORIENTED_EDGE('',*,*,#1069,.T.);
#1509=ORIENTED_EDGE('',*,*,#1151,.T.);
#1510=ORIENTED_EDGE('',*,*,#1171,.T.);
#1511=ORIENTED_EDGE('',*,*,#1172,.T.);
#1512=ORIENTED_EDGE('',*,*,#1173,.F.);
#1513=ORIENTED_EDGE('',*,*,#1174,.F.);
#1514=ORIENTED_EDGE('',*,*,#1175,.F.);
#1515=ORIENTED_EDGE('',*,*,#1176,.T.);
#1516=ORIENTED_EDGE('',*,*,#1174,.T.);
#1517=ORIENTED_EDGE('',*,*,#1177,.T.);
#1518=ORIENTED_EDGE('',*,*,#1172,.F.);
#1519=ORIENTED_EDGE('',*,*,#1178,.T.);
#1520=ORIENTED_EDGE('',*,*,#1175,.T.);
#1521=ORIENTED_EDGE('',*,*,#1179,.T.);
#1522=ORIENTED_EDGE('',*,*,#1144,.F.);
#1523=ORIENTED_EDGE('',*,*,#1180,.F.);
#1524=ORIENTED_EDGE('',*,*,#1181,.F.);
#1525=ORIENTED_EDGE('',*,*,#1182,.F.);
#1526=ORIENTED_EDGE('',*,*,#1081,.F.);
#1527=ORIENTED_EDGE('',*,*,#1083,.T.);
#1528=ORIENTED_EDGE('',*,*,#1183,.T.);
#1529=ORIENTED_EDGE('',*,*,#1184,.T.);
#1530=ORIENTED_EDGE('',*,*,#1089,.T.);
#1531=ORIENTED_EDGE('',*,*,#1181,.T.);
#1532=ORIENTED_EDGE('',*,*,#1090,.T.);
#1533=ORIENTED_EDGE('',*,*,#1184,.F.);
#1534=ORIENTED_EDGE('',*,*,#1185,.T.);
#1535=ORIENTED_EDGE('',*,*,#1186,.F.);
#1536=ORIENTED_EDGE('',*,*,#1187,.F.);
#1537=ORIENTED_EDGE('',*,*,#1188,.F.);
#1538=ORIENTED_EDGE('',*,*,#1189,.T.);
#1539=ORIENTED_EDGE('',*,*,#1190,.T.);
#1540=ORIENTED_EDGE('',*,*,#1191,.T.);
#1541=ORIENTED_EDGE('',*,*,#1192,.F.);
#1542=ORIENTED_EDGE('',*,*,#1161,.T.);
#1543=ORIENTED_EDGE('',*,*,#1187,.T.);
#1544=ORIENTED_EDGE('',*,*,#1193,.T.);
#1545=ORIENTED_EDGE('',*,*,#1190,.F.);
#1546=ORIENTED_EDGE('',*,*,#1194,.T.);
#1547=ORIENTED_EDGE('',*,*,#1173,.T.);
#1548=ORIENTED_EDGE('',*,*,#1195,.T.);
#1549=ORIENTED_EDGE('',*,*,#1188,.T.);
#1550=ORIENTED_EDGE('',*,*,#1196,.T.);
#1551=ORIENTED_EDGE('',*,*,#1186,.T.);
#1552=ORIENTED_EDGE('',*,*,#1197,.T.);
#1553=ORIENTED_EDGE('',*,*,#1182,.T.);
#1554=ORIENTED_EDGE('',*,*,#1198,.T.);
#1555=ORIENTED_EDGE('',*,*,#1180,.T.);
#1556=ORIENTED_EDGE('',*,*,#1199,.T.);
#1557=ORIENTED_EDGE('',*,*,#1149,.T.);
#1558=ORIENTED_EDGE('',*,*,#1091,.T.);
#1559=ORIENTED_EDGE('',*,*,#1200,.T.);
#1560=ORIENTED_EDGE('',*,*,#1147,.T.);
#1561=ORIENTED_EDGE('',*,*,#1201,.T.);
#1562=ORIENTED_EDGE('',*,*,#1146,.T.);
#1563=ORIENTED_EDGE('',*,*,#1019,.F.);
#1564=ORIENTED_EDGE('',*,*,#1202,.T.);
#1565=ORIENTED_EDGE('',*,*,#1124,.T.);
#1566=ORIENTED_EDGE('',*,*,#1203,.T.);
#1567=ORIENTED_EDGE('',*,*,#1100,.T.);
#1568=ORIENTED_EDGE('',*,*,#1204,.T.);
#1569=ORIENTED_EDGE('',*,*,#1123,.T.);
#1570=ORIENTED_EDGE('',*,*,#1205,.T.);
#1571=ORIENTED_EDGE('',*,*,#1206,.T.);
#1572=ORIENTED_EDGE('',*,*,#1207,.T.);
#1573=ORIENTED_EDGE('',*,*,#1121,.T.);
#1574=ORIENTED_EDGE('',*,*,#1208,.T.);
#1575=ORIENTED_EDGE('',*,*,#1079,.F.);
#1576=ORIENTED_EDGE('',*,*,#1209,.T.);
#1577=ORIENTED_EDGE('',*,*,#1097,.T.);
#1578=ORIENTED_EDGE('',*,*,#1087,.T.);
#1579=ORIENTED_EDGE('',*,*,#1032,.F.);
#1580=ORIENTED_EDGE('',*,*,#1210,.T.);
#1581=ORIENTED_EDGE('',*,*,#1099,.T.);
#1582=ORIENTED_EDGE('',*,*,#1211,.T.);
#1583=ORIENTED_EDGE('',*,*,#1094,.T.);
#1584=ORIENTED_EDGE('',*,*,#1212,.T.);
#1585=ORIENTED_EDGE('',*,*,#1098,.T.);
#1586=ORIENTED_EDGE('',*,*,#1213,.T.);
#1587=ORIENTED_EDGE('',*,*,#1214,.T.);
#1588=ORIENTED_EDGE('',*,*,#1093,.T.);
#1589=ORIENTED_EDGE('',*,*,#1215,.T.);
#1590=ORIENTED_EDGE('',*,*,#1115,.F.);
#1591=ORIENTED_EDGE('',*,*,#1216,.T.);
#1592=ORIENTED_EDGE('',*,*,#1217,.T.);
#1593=ORIENTED_EDGE('',*,*,#1095,.T.);
#1594=ORIENTED_EDGE('',*,*,#1218,.T.);
#1595=ORIENTED_EDGE('',*,*,#1192,.T.);
#1596=ORIENTED_EDGE('',*,*,#1219,.T.);
#1597=ORIENTED_EDGE('',*,*,#1220,.T.);
#1598=ORIENTED_EDGE('',*,*,#1221,.T.);
#1599=ORIENTED_EDGE('',*,*,#1082,.F.);
#1600=ORIENTED_EDGE('',*,*,#1086,.T.);
#1601=ORIENTED_EDGE('',*,*,#1139,.F.);
#1602=ORIENTED_EDGE('',*,*,#1166,.F.);
#1603=ORIENTED_EDGE('',*,*,#1163,.F.);
#1604=ORIENTED_EDGE('',*,*,#1160,.F.);
#1605=ORIENTED_EDGE('',*,*,#1177,.F.);
#1606=ORIENTED_EDGE('',*,*,#1196,.F.);
#1607=ORIENTED_EDGE('',*,*,#1194,.F.);
#1608=ORIENTED_EDGE('',*,*,#1189,.F.);
#1609=ORIENTED_EDGE('',*,*,#1070,.F.);
#1610=ORIENTED_EDGE('',*,*,#1026,.F.);
#1611=ORIENTED_EDGE('',*,*,#1222,.T.);
#1612=ORIENTED_EDGE('',*,*,#1133,.F.);
#1613=ORIENTED_EDGE('',*,*,#1223,.F.);
#1614=ORIENTED_EDGE('',*,*,#1023,.F.);
#1615=ORIENTED_EDGE('',*,*,#1223,.T.);
#1616=ORIENTED_EDGE('',*,*,#1130,.F.);
#1617=ORIENTED_EDGE('',*,*,#1202,.F.);
#1618=ORIENTED_EDGE('',*,*,#1052,.F.);
#1619=ORIENTED_EDGE('',*,*,#1117,.F.);
#1620=ORIENTED_EDGE('',*,*,#1108,.F.);
#1621=ORIENTED_EDGE('',*,*,#1224,.F.);
#1622=ORIENTED_EDGE('',*,*,#1049,.F.);
#1623=ORIENTED_EDGE('',*,*,#1224,.T.);
#1624=ORIENTED_EDGE('',*,*,#1111,.F.);
#1625=ORIENTED_EDGE('',*,*,#1225,.F.);
#1626=ORIENTED_EDGE('',*,*,#1045,.F.);
#1627=ORIENTED_EDGE('',*,*,#1225,.T.);
#1628=ORIENTED_EDGE('',*,*,#1113,.F.);
#1629=ORIENTED_EDGE('',*,*,#1226,.T.);
#1630=ORIENTED_EDGE('',*,*,#1120,.F.);
#1631=ORIENTED_EDGE('',*,*,#1212,.F.);
#1632=ORIENTED_EDGE('',*,*,#1214,.F.);
#1633=ORIENTED_EDGE('',*,*,#1114,.F.);
#1634=ORIENTED_EDGE('',*,*,#1112,.F.);
#1635=ORIENTED_EDGE('',*,*,#1109,.F.);
#1636=ORIENTED_EDGE('',*,*,#1103,.F.);
#1637=ORIENTED_EDGE('',*,*,#1142,.F.);
#1638=ORIENTED_EDGE('',*,*,#1140,.F.);
#1639=ORIENTED_EDGE('',*,*,#1227,.F.);
#1640=ORIENTED_EDGE('',*,*,#1228,.F.);
#1641=ORIENTED_EDGE('',*,*,#1229,.F.);
#1642=ORIENTED_EDGE('',*,*,#1230,.F.);
#1643=ORIENTED_EDGE('',*,*,#1231,.F.);
#1644=ORIENTED_EDGE('',*,*,#1232,.F.);
#1645=ORIENTED_EDGE('',*,*,#1233,.F.);
#1646=ORIENTED_EDGE('',*,*,#1234,.F.);
#1647=ORIENTED_EDGE('',*,*,#1235,.F.);
#1648=ORIENTED_EDGE('',*,*,#1143,.F.);
#1649=ORIENTED_EDGE('',*,*,#1201,.F.);
#1650=ORIENTED_EDGE('',*,*,#1199,.F.);
#1651=ORIENTED_EDGE('',*,*,#1197,.F.);
#1652=ORIENTED_EDGE('',*,*,#1195,.F.);
#1653=ORIENTED_EDGE('',*,*,#1178,.F.);
#1654=ORIENTED_EDGE('',*,*,#1236,.T.);
#1655=ORIENTED_EDGE('',*,*,#1237,.T.);
#1656=ORIENTED_EDGE('',*,*,#1238,.T.);
#1657=ORIENTED_EDGE('',*,*,#1239,.T.);
#1658=ORIENTED_EDGE('',*,*,#1162,.F.);
#1659=ORIENTED_EDGE('',*,*,#1168,.F.);
#1660=ORIENTED_EDGE('',*,*,#1126,.F.);
#1661=ORIENTED_EDGE('',*,*,#1129,.F.);
#1662=ORIENTED_EDGE('',*,*,#1132,.F.);
#1663=ORIENTED_EDGE('',*,*,#1134,.F.);
#1664=ORIENTED_EDGE('',*,*,#1101,.F.);
#1665=ORIENTED_EDGE('',*,*,#1205,.F.);
#1666=ORIENTED_EDGE('',*,*,#1170,.F.);
#1667=ORIENTED_EDGE('',*,*,#1164,.F.);
#1668=ORIENTED_EDGE('',*,*,#1240,.T.);
#1669=ORIENTED_EDGE('',*,*,#1241,.T.);
#1670=ORIENTED_EDGE('',*,*,#1242,.T.);
#1671=ORIENTED_EDGE('',*,*,#1243,.T.);
#1672=ORIENTED_EDGE('',*,*,#1244,.T.);
#1673=ORIENTED_EDGE('',*,*,#1245,.T.);
#1674=ORIENTED_EDGE('',*,*,#1246,.T.);
#1675=ORIENTED_EDGE('',*,*,#1247,.T.);
#1676=ORIENTED_EDGE('',*,*,#1248,.T.);
#1677=ORIENTED_EDGE('',*,*,#1236,.F.);
#1678=ORIENTED_EDGE('',*,*,#1249,.T.);
#1679=ORIENTED_EDGE('',*,*,#1250,.T.);
#1680=ORIENTED_EDGE('',*,*,#1249,.F.);
#1681=ORIENTED_EDGE('',*,*,#1237,.F.);
#1682=ORIENTED_EDGE('',*,*,#1251,.T.);
#1683=ORIENTED_EDGE('',*,*,#1252,.T.);
#1684=ORIENTED_EDGE('',*,*,#1251,.F.);
#1685=ORIENTED_EDGE('',*,*,#1238,.F.);
#1686=ORIENTED_EDGE('',*,*,#1253,.T.);
#1687=ORIENTED_EDGE('',*,*,#1254,.T.);
#1688=ORIENTED_EDGE('',*,*,#1253,.F.);
#1689=ORIENTED_EDGE('',*,*,#1239,.F.);
#1690=ORIENTED_EDGE('',*,*,#1255,.T.);
#1691=ORIENTED_EDGE('',*,*,#1256,.T.);
#1692=ORIENTED_EDGE('',*,*,#1255,.F.);
#1693=ORIENTED_EDGE('',*,*,#1185,.F.);
#1694=ORIENTED_EDGE('',*,*,#1257,.F.);
#1695=ORIENTED_EDGE('',*,*,#1258,.F.);
#1696=ORIENTED_EDGE('',*,*,#1259,.F.);
#1697=ORIENTED_EDGE('',*,*,#1193,.F.);
#1698=ORIENTED_EDGE('',*,*,#1198,.F.);
#1699=ORIENTED_EDGE('',*,*,#1145,.F.);
#1700=ORIENTED_EDGE('',*,*,#1260,.F.);
#1701=ORIENTED_EDGE('',*,*,#1261,.F.);
#1702=ORIENTED_EDGE('',*,*,#1262,.T.);
#1703=ORIENTED_EDGE('',*,*,#1263,.F.);
#1704=ORIENTED_EDGE('',*,*,#1258,.T.);
#1705=ORIENTED_EDGE('',*,*,#1264,.F.);
#1706=ORIENTED_EDGE('',*,*,#1265,.T.);
#1707=ORIENTED_EDGE('',*,*,#1261,.T.);
#1708=ORIENTED_EDGE('',*,*,#1266,.T.);
#1709=ORIENTED_EDGE('',*,*,#1256,.F.);
#1710=ORIENTED_EDGE('',*,*,#1254,.F.);
#1711=ORIENTED_EDGE('',*,*,#1252,.F.);
#1712=ORIENTED_EDGE('',*,*,#1250,.F.);
#1713=ORIENTED_EDGE('',*,*,#1264,.T.);
#1714=ORIENTED_EDGE('',*,*,#1267,.F.);
#1715=ORIENTED_EDGE('',*,*,#1268,.F.);
#1716=ORIENTED_EDGE('',*,*,#1269,.T.);
#1717=ORIENTED_EDGE('',*,*,#1183,.F.);
#1718=ORIENTED_EDGE('',*,*,#1221,.F.);
#1719=ORIENTED_EDGE('',*,*,#1267,.T.);
#1720=ORIENTED_EDGE('',*,*,#1257,.T.);
#1721=ORIENTED_EDGE('',*,*,#1268,.T.);
#1722=ORIENTED_EDGE('',*,*,#1220,.F.);
#1723=ORIENTED_EDGE('',*,*,#1270,.T.);
#1724=ORIENTED_EDGE('',*,*,#1271,.F.);
#1725=ORIENTED_EDGE('',*,*,#1272,.F.);
#1726=ORIENTED_EDGE('',*,*,#1273,.F.);
#1727=ORIENTED_EDGE('',*,*,#1191,.F.);
#1728=ORIENTED_EDGE('',*,*,#1259,.T.);
#1729=ORIENTED_EDGE('',*,*,#1274,.F.);
#1730=ORIENTED_EDGE('',*,*,#1219,.F.);
#1731=ORIENTED_EDGE('',*,*,#1263,.T.);
#1732=ORIENTED_EDGE('',*,*,#1275,.F.);
#1733=ORIENTED_EDGE('',*,*,#1270,.F.);
#1734=ORIENTED_EDGE('',*,*,#1274,.T.);
#1735=ORIENTED_EDGE('',*,*,#1207,.F.);
#1736=ORIENTED_EDGE('',*,*,#1276,.F.);
#1737=ORIENTED_EDGE('',*,*,#1271,.T.);
#1738=ORIENTED_EDGE('',*,*,#1275,.T.);
#1739=ORIENTED_EDGE('',*,*,#1266,.F.);
#1740=ORIENTED_EDGE('',*,*,#1260,.T.);
#1741=ORIENTED_EDGE('',*,*,#1179,.F.);
#1742=ORIENTED_EDGE('',*,*,#1176,.F.);
#1743=ORIENTED_EDGE('',*,*,#1171,.F.);
#1744=ORIENTED_EDGE('',*,*,#1169,.F.);
#1745=ORIENTED_EDGE('',*,*,#1206,.F.);
#1746=ORIENTED_EDGE('',*,*,#1277,.F.);
#1747=ORIENTED_EDGE('',*,*,#1216,.F.);
#1748=ORIENTED_EDGE('',*,*,#1278,.F.);
#1749=ORIENTED_EDGE('',*,*,#1272,.T.);
#1750=ORIENTED_EDGE('',*,*,#1276,.T.);
#1751=ORIENTED_EDGE('',*,*,#1200,.F.);
#1752=ORIENTED_EDGE('',*,*,#1262,.F.);
#1753=ORIENTED_EDGE('',*,*,#1265,.F.);
#1754=ORIENTED_EDGE('',*,*,#1269,.F.);
#1755=ORIENTED_EDGE('',*,*,#1273,.T.);
#1756=ORIENTED_EDGE('',*,*,#1278,.T.);
#1757=ORIENTED_EDGE('',*,*,#1218,.F.);
#1758=ORIENTED_EDGE('',*,*,#1213,.F.);
#1759=ORIENTED_EDGE('',*,*,#1209,.F.);
#1760=ORIENTED_EDGE('',*,*,#1150,.F.);
#1761=ORIENTED_EDGE('',*,*,#1020,.F.);
#1762=ORIENTED_EDGE('',*,*,#1203,.F.);
#1763=ORIENTED_EDGE('',*,*,#1167,.F.);
#1764=ORIENTED_EDGE('',*,*,#1165,.F.);
#1765=ORIENTED_EDGE('',*,*,#1141,.F.);
#1766=ORIENTED_EDGE('',*,*,#1116,.F.);
#1767=ORIENTED_EDGE('',*,*,#1054,.F.);
#1768=ORIENTED_EDGE('',*,*,#1057,.F.);
#1769=ORIENTED_EDGE('',*,*,#1046,.F.);
#1770=ORIENTED_EDGE('',*,*,#1226,.F.);
#1771=ORIENTED_EDGE('',*,*,#1215,.F.);
#1772=ORIENTED_EDGE('',*,*,#1217,.F.);
#1773=ORIENTED_EDGE('',*,*,#1277,.T.);
#1774=ORIENTED_EDGE('',*,*,#1208,.F.);
#1775=ORIENTED_EDGE('',*,*,#1204,.F.);
#1776=ORIENTED_EDGE('',*,*,#1210,.F.);
#1777=ORIENTED_EDGE('',*,*,#1031,.F.);
#1778=ORIENTED_EDGE('',*,*,#1034,.F.);
#1779=ORIENTED_EDGE('',*,*,#1227,.T.);
#1780=ORIENTED_EDGE('',*,*,#1279,.T.);
#1781=ORIENTED_EDGE('',*,*,#1058,.F.);
#1782=ORIENTED_EDGE('',*,*,#1279,.F.);
#1783=ORIENTED_EDGE('',*,*,#1228,.T.);
#1784=ORIENTED_EDGE('',*,*,#1280,.T.);
#1785=ORIENTED_EDGE('',*,*,#1059,.F.);
#1786=ORIENTED_EDGE('',*,*,#1280,.F.);
#1787=ORIENTED_EDGE('',*,*,#1229,.T.);
#1788=ORIENTED_EDGE('',*,*,#1281,.T.);
#1789=ORIENTED_EDGE('',*,*,#1060,.F.);
#1790=ORIENTED_EDGE('',*,*,#1281,.F.);
#1791=ORIENTED_EDGE('',*,*,#1230,.T.);
#1792=ORIENTED_EDGE('',*,*,#1282,.T.);
#1793=ORIENTED_EDGE('',*,*,#1061,.F.);
#1794=ORIENTED_EDGE('',*,*,#1282,.F.);
#1795=ORIENTED_EDGE('',*,*,#1231,.T.);
#1796=ORIENTED_EDGE('',*,*,#1283,.T.);
#1797=ORIENTED_EDGE('',*,*,#1062,.F.);
#1798=ORIENTED_EDGE('',*,*,#1283,.F.);
#1799=ORIENTED_EDGE('',*,*,#1232,.T.);
#1800=ORIENTED_EDGE('',*,*,#1284,.T.);
#1801=ORIENTED_EDGE('',*,*,#1063,.F.);
#1802=ORIENTED_EDGE('',*,*,#1284,.F.);
#1803=ORIENTED_EDGE('',*,*,#1233,.T.);
#1804=ORIENTED_EDGE('',*,*,#1285,.T.);
#1805=ORIENTED_EDGE('',*,*,#1064,.F.);
#1806=ORIENTED_EDGE('',*,*,#1285,.F.);
#1807=ORIENTED_EDGE('',*,*,#1234,.T.);
#1808=ORIENTED_EDGE('',*,*,#1286,.T.);
#1809=ORIENTED_EDGE('',*,*,#1065,.F.);
#1810=ORIENTED_EDGE('',*,*,#1286,.F.);
#1811=ORIENTED_EDGE('',*,*,#1235,.T.);
#1812=ORIENTED_EDGE('',*,*,#1287,.T.);
#1813=ORIENTED_EDGE('',*,*,#1066,.F.);
#1814=ORIENTED_EDGE('',*,*,#1287,.F.);
#1815=ORIENTED_EDGE('',*,*,#1240,.F.);
#1816=ORIENTED_EDGE('',*,*,#1288,.T.);
#1817=ORIENTED_EDGE('',*,*,#1035,.T.);
#1818=ORIENTED_EDGE('',*,*,#1288,.F.);
#1819=ORIENTED_EDGE('',*,*,#1241,.F.);
#1820=ORIENTED_EDGE('',*,*,#1289,.T.);
#1821=ORIENTED_EDGE('',*,*,#1036,.T.);
#1822=ORIENTED_EDGE('',*,*,#1289,.F.);
#1823=ORIENTED_EDGE('',*,*,#1242,.F.);
#1824=ORIENTED_EDGE('',*,*,#1290,.T.);
#1825=ORIENTED_EDGE('',*,*,#1037,.T.);
#1826=ORIENTED_EDGE('',*,*,#1290,.F.);
#1827=ORIENTED_EDGE('',*,*,#1243,.F.);
#1828=ORIENTED_EDGE('',*,*,#1291,.T.);
#1829=ORIENTED_EDGE('',*,*,#1038,.T.);
#1830=ORIENTED_EDGE('',*,*,#1291,.F.);
#1831=ORIENTED_EDGE('',*,*,#1244,.F.);
#1832=ORIENTED_EDGE('',*,*,#1292,.T.);
#1833=ORIENTED_EDGE('',*,*,#1039,.T.);
#1834=ORIENTED_EDGE('',*,*,#1292,.F.);
#1835=ORIENTED_EDGE('',*,*,#1245,.F.);
#1836=ORIENTED_EDGE('',*,*,#1293,.T.);
#1837=ORIENTED_EDGE('',*,*,#1040,.T.);
#1838=ORIENTED_EDGE('',*,*,#1293,.F.);
#1839=ORIENTED_EDGE('',*,*,#1246,.F.);
#1840=ORIENTED_EDGE('',*,*,#1294,.T.);
#1841=ORIENTED_EDGE('',*,*,#1041,.T.);
#1842=ORIENTED_EDGE('',*,*,#1294,.F.);
#1843=ORIENTED_EDGE('',*,*,#1247,.F.);
#1844=ORIENTED_EDGE('',*,*,#1295,.T.);
#1845=ORIENTED_EDGE('',*,*,#1042,.T.);
#1846=ORIENTED_EDGE('',*,*,#1295,.F.);
#1847=ORIENTED_EDGE('',*,*,#1248,.F.);
#1848=ORIENTED_EDGE('',*,*,#1296,.T.);
#1849=ORIENTED_EDGE('',*,*,#1043,.T.);
#1850=ORIENTED_EDGE('',*,*,#1296,.F.);
#1851=ORIENTED_EDGE('',*,*,#1029,.F.);
#1852=ORIENTED_EDGE('',*,*,#1211,.F.);
#1853=ORIENTED_EDGE('',*,*,#1135,.F.);
#1854=ORIENTED_EDGE('',*,*,#1222,.F.);
#1855=TOROIDAL_SURFACE('',#1997,2.,1.);
#1856=TOROIDAL_SURFACE('',#2003,8.75000000000001,1.);
#1857=TOROIDAL_SURFACE('',#2009,2.,1.);
#1858=TOROIDAL_SURFACE('',#2025,8.75000000000001,1.);
#1859=TOROIDAL_SURFACE('',#2031,2.,1.);
#1860=TOROIDAL_SURFACE('',#2069,2.,1.);
#1861=TOROIDAL_SURFACE('',#2074,1.99999999999999,0.999999999999996);
#1862=TOROIDAL_SURFACE('',#2081,8.75000000000001,1.);
#1863=TOROIDAL_SURFACE('',#2096,1.99999999999999,0.999999999999996);
#1864=TOROIDAL_SURFACE('',#2103,8.75000000000001,1.);
#1865=TOROIDAL_SURFACE('',#2114,12.1479622887344,1.);
#1866=ADVANCED_FACE('',(#442),#1855,.T.);
#1867=ADVANCED_FACE('',(#443),#375,.T.);
#1868=ADVANCED_FACE('',(#444),#1856,.T.);
#1869=ADVANCED_FACE('',(#445),#376,.T.);
#1870=ADVANCED_FACE('',(#446),#1857,.T.);
#1871=ADVANCED_FACE('',(#447,#39,#40,#41,#42,#43,#44,#45,#46,#47),#83,.F.);
#1872=ADVANCED_FACE('',(#448),#377,.T.);
#1873=ADVANCED_FACE('',(#449),#1858,.T.);
#1874=ADVANCED_FACE('',(#450),#378,.T.);
#1875=ADVANCED_FACE('',(#451),#1859,.T.);
#1876=ADVANCED_FACE('',(#452,#48,#49,#50,#51,#52,#53,#54,#55,#56),#84,.T.);
#1877=ADVANCED_FACE('',(#453),#85,.T.);
#1878=ADVANCED_FACE('',(#454),#36,.T.);
#1879=ADVANCED_FACE('',(#455),#379,.F.);
#1880=ADVANCED_FACE('',(#456),#37,.T.);
#1881=ADVANCED_FACE('',(#457),#38,.T.);
#1882=ADVANCED_FACE('',(#458),#380,.T.);
#1883=ADVANCED_FACE('',(#459),#381,.T.);
#1884=ADVANCED_FACE('',(#460),#86,.T.);
#1885=ADVANCED_FACE('',(#461),#87,.T.);
#1886=ADVANCED_FACE('',(#462),#15,.T.);
#1887=ADVANCED_FACE('',(#463),#16,.T.);
#1888=ADVANCED_FACE('',(#464),#1860,.T.);
#1889=ADVANCED_FACE('',(#465),#1861,.T.);
#1890=ADVANCED_FACE('',(#466),#382,.T.);
#1891=ADVANCED_FACE('',(#467),#1862,.T.);
#1892=ADVANCED_FACE('',(#468),#383,.T.);
#1893=ADVANCED_FACE('',(#469),#384,.F.);
#1894=ADVANCED_FACE('',(#470),#17,.T.);
#1895=ADVANCED_FACE('',(#471),#385,.T.);
#1896=ADVANCED_FACE('',(#472),#18,.T.);
#1897=ADVANCED_FACE('',(#473),#1863,.T.);
#1898=ADVANCED_FACE('',(#474),#386,.T.);
#1899=ADVANCED_FACE('',(#475),#1864,.T.);
#1900=ADVANCED_FACE('',(#476),#387,.T.);
#1901=ADVANCED_FACE('',(#477),#19,.T.);
#1902=ADVANCED_FACE('',(#478),#388,.T.);
#1903=ADVANCED_FACE('',(#479),#389,.T.);
#1904=ADVANCED_FACE('',(#480),#1865,.T.);
#1905=ADVANCED_FACE('',(#481),#20,.T.);
#1906=ADVANCED_FACE('',(#482),#390,.T.);
#1907=ADVANCED_FACE('',(#483),#21,.T.);
#1908=ADVANCED_FACE('',(#484),#22,.T.);
#1909=ADVANCED_FACE('',(#485),#23,.T.);
#1910=ADVANCED_FACE('',(#486),#391,.T.);
#1911=ADVANCED_FACE('',(#487),#392,.T.);
#1912=ADVANCED_FACE('',(#488),#393,.T.);
#1913=ADVANCED_FACE('',(#489),#394,.T.);
#1914=ADVANCED_FACE('',(#490),#395,.T.);
#1915=ADVANCED_FACE('',(#491),#396,.T.);
#1916=ADVANCED_FACE('',(#492),#397,.T.);
#1917=ADVANCED_FACE('',(#493),#24,.T.);
#1918=ADVANCED_FACE('',(#494),#398,.T.);
#1919=ADVANCED_FACE('',(#495),#399,.T.);
#1920=ADVANCED_FACE('',(#496),#25,.T.);
#1921=ADVANCED_FACE('',(#497),#400,.T.);
#1922=ADVANCED_FACE('',(#498),#401,.T.);
#1923=ADVANCED_FACE('',(#499),#26,.T.);
#1924=ADVANCED_FACE('',(#500),#402,.T.);
#1925=ADVANCED_FACE('',(#501),#403,.T.);
#1926=ADVANCED_FACE('',(#502),#404,.T.);
#1927=ADVANCED_FACE('',(#503),#405,.T.);
#1928=ADVANCED_FACE('',(#504),#406,.T.);
#1929=ADVANCED_FACE('',(#505),#407,.T.);
#1930=ADVANCED_FACE('',(#506),#408,.F.);
#1931=ADVANCED_FACE('',(#507),#409,.T.);
#1932=ADVANCED_FACE('',(#508),#410,.T.);
#1933=ADVANCED_FACE('',(#509),#411,.T.);
#1934=ADVANCED_FACE('',(#510),#412,.F.);
#1935=ADVANCED_FACE('',(#511),#413,.T.);
#1936=ADVANCED_FACE('',(#512),#414,.T.);
#1937=ADVANCED_FACE('',(#513),#415,.T.);
#1938=ADVANCED_FACE('',(#514),#88,.T.);
#1939=ADVANCED_FACE('',(#515),#89,.T.);
#1940=ADVANCED_FACE('',(#516),#416,.T.);
#1941=ADVANCED_FACE('',(#517),#90,.T.);
#1942=ADVANCED_FACE('',(#518),#91,.F.);
#1943=ADVANCED_FACE('',(#519),#417,.T.);
#1944=ADVANCED_FACE('',(#520),#92,.F.);
#1945=ADVANCED_FACE('',(#521,#57,#58,#59,#60,#61,#62,#63,#64,#65),#93,.F.);
#1946=ADVANCED_FACE('',(#522,#66,#67,#68,#69),#94,.T.);
#1947=ADVANCED_FACE('',(#523,#70,#71,#72,#73,#74,#75,#76,#77,#78),#95,.T.);
#1948=ADVANCED_FACE('',(#524),#418,.F.);
#1949=ADVANCED_FACE('',(#525),#419,.F.);
#1950=ADVANCED_FACE('',(#526),#420,.F.);
#1951=ADVANCED_FACE('',(#527),#421,.F.);
#1952=ADVANCED_FACE('',(#528),#96,.T.);
#1953=ADVANCED_FACE('',(#529),#422,.F.);
#1954=ADVANCED_FACE('',(#530,#79,#80,#81,#82),#97,.F.);
#1955=ADVANCED_FACE('',(#531),#98,.T.);
#1956=ADVANCED_FACE('',(#532),#99,.T.);
#1957=ADVANCED_FACE('',(#533),#100,.T.);
#1958=ADVANCED_FACE('',(#534),#101,.T.);
#1959=ADVANCED_FACE('',(#535),#102,.T.);
#1960=ADVANCED_FACE('',(#536),#103,.T.);
#1961=ADVANCED_FACE('',(#537),#423,.F.);
#1962=ADVANCED_FACE('',(#538),#104,.T.);
#1963=ADVANCED_FACE('',(#539),#105,.F.);
#1964=ADVANCED_FACE('',(#540),#424,.F.);
#1965=ADVANCED_FACE('',(#541),#425,.F.);
#1966=ADVANCED_FACE('',(#542),#426,.F.);
#1967=ADVANCED_FACE('',(#543),#427,.F.);
#1968=ADVANCED_FACE('',(#544),#428,.F.);
#1969=ADVANCED_FACE('',(#545),#429,.F.);
#1970=ADVANCED_FACE('',(#546),#430,.F.);
#1971=ADVANCED_FACE('',(#547),#431,.F.);
#1972=ADVANCED_FACE('',(#548),#432,.F.);
#1973=ADVANCED_FACE('',(#549),#433,.F.);
#1974=ADVANCED_FACE('',(#550),#434,.F.);
#1975=ADVANCED_FACE('',(#551),#435,.F.);
#1976=ADVANCED_FACE('',(#552),#436,.F.);
#1977=ADVANCED_FACE('',(#553),#437,.F.);
#1978=ADVANCED_FACE('',(#554),#438,.F.);
#1979=ADVANCED_FACE('',(#555),#439,.F.);
#1980=ADVANCED_FACE('',(#556),#440,.F.);
#1981=ADVANCED_FACE('',(#557),#441,.F.);
#1982=ADVANCED_FACE('',(#558),#106,.T.);
#1983=CLOSED_SHELL('',(#1866,#1867,#1868,#1869,#1870,#1871,#1872,#1873,
#1874,#1875,#1876,#1877,#1878,#1879,#1880,#1881,#1882,#1883,#1884,#1885,
#1886,#1887,#1888,#1889,#1890,#1891,#1892,#1893,#1894,#1895,#1896,#1897,
#1898,#1899,#1900,#1901,#1902,#1903,#1904,#1905,#1906,#1907,#1908,#1909,
#1910,#1911,#1912,#1913,#1914,#1915,#1916,#1917,#1918,#1919,#1920,#1921,
#1922,#1923,#1924,#1925,#1926,#1927,#1928,#1929,#1930,#1931,#1932,#1933,
#1934,#1935,#1936,#1937,#1938,#1939,#1940,#1941,#1942,#1943,#1944,#1945,
#1946,#1947,#1948,#1949,#1950,#1951,#1952,#1953,#1954,#1955,#1956,#1957,
#1958,#1959,#1960,#1961,#1962,#1963,#1964,#1965,#1966,#1967,#1968,#1969,
#1970,#1971,#1972,#1973,#1974,#1975,#1976,#1977,#1978,#1979,#1980,#1981,
#1982));
#1984=DERIVED_UNIT_ELEMENT(#1986,1.);
#1985=DERIVED_UNIT_ELEMENT(#3594,-3.);
#1986=(
MASS_UNIT()
NAMED_UNIT(*)
SI_UNIT(.KILO.,.GRAM.)
);
#1987=DERIVED_UNIT((#1984,#1985));
#1988=MEASURE_REPRESENTATION_ITEM('density measure',
POSITIVE_RATIO_MEASURE(7850.),#1987);
#1989=PROPERTY_DEFINITION_REPRESENTATION(#1994,#1991);
#1990=PROPERTY_DEFINITION_REPRESENTATION(#1995,#1992);
#1991=REPRESENTATION('material name',(#1993),#3591);
#1992=REPRESENTATION('density',(#1988),#3591);
#1993=DESCRIPTIVE_REPRESENTATION_ITEM('Steel','Steel');
#1994=PROPERTY_DEFINITION('material property','material name',#3601);
#1995=PROPERTY_DEFINITION('material property','density of part',#3601);
#1996=AXIS2_PLACEMENT_3D('',#2889,#2249,#2250);
#1997=AXIS2_PLACEMENT_3D('',#2890,#2251,#2252);
#1998=AXIS2_PLACEMENT_3D('',#2893,#2253,#2254);
#1999=AXIS2_PLACEMENT_3D('',#2895,#2255,#2256);
#2000=AXIS2_PLACEMENT_3D('',#2905,#2257,#2258);
#2001=AXIS2_PLACEMENT_3D('',#2906,#2259,#2260);
#2002=AXIS2_PLACEMENT_3D('',#2909,#2261,#2262);
#2003=AXIS2_PLACEMENT_3D('',#2912,#2265,#2266);
#2004=AXIS2_PLACEMENT_3D('',#2915,#2267,#2268);
#2005=AXIS2_PLACEMENT_3D('',#2916,#2269,#2270);
#2006=AXIS2_PLACEMENT_3D('',#2917,#2271,#2272);
#2007=AXIS2_PLACEMENT_3D('',#2918,#2273,#2274);
#2008=AXIS2_PLACEMENT_3D('',#2921,#2275,#2276);
#2009=AXIS2_PLACEMENT_3D('',#2924,#2279,#2280);
#2010=AXIS2_PLACEMENT_3D('',#2935,#2281,#2282);
#2011=AXIS2_PLACEMENT_3D('',#2936,#2283,#2284);
#2012=AXIS2_PLACEMENT_3D('',#2937,#2285,#2286);
#2013=AXIS2_PLACEMENT_3D('',#2940,#2288,#2289);
#2014=AXIS2_PLACEMENT_3D('',#2942,#2290,#2291);
#2015=AXIS2_PLACEMENT_3D('',#2944,#2292,#2293);
#2016=AXIS2_PLACEMENT_3D('',#2946,#2294,#2295);
#2017=AXIS2_PLACEMENT_3D('',#2948,#2296,#2297);
#2018=AXIS2_PLACEMENT_3D('',#2950,#2298,#2299);
#2019=AXIS2_PLACEMENT_3D('',#2952,#2300,#2301);
#2020=AXIS2_PLACEMENT_3D('',#2954,#2302,#2303);
#2021=AXIS2_PLACEMENT_3D('',#2956,#2304,#2305);
#2022=AXIS2_PLACEMENT_3D('',#2957,#2306,#2307);
#2023=AXIS2_PLACEMENT_3D('',#2960,#2308,#2309);
#2024=AXIS2_PLACEMENT_3D('',#2964,#2311,#2312);
#2025=AXIS2_PLACEMENT_3D('',#2966,#2314,#2315);
#2026=AXIS2_PLACEMENT_3D('',#2969,#2316,#2317);
#2027=AXIS2_PLACEMENT_3D('',#2970,#2318,#2319);
#2028=AXIS2_PLACEMENT_3D('',#2971,#2320,#2321);
#2029=AXIS2_PLACEMENT_3D('',#2972,#2322,#2323);
#2030=AXIS2_PLACEMENT_3D('',#2975,#2324,#2325);
#2031=AXIS2_PLACEMENT_3D('',#2978,#2328,#2329);
#2032=AXIS2_PLACEMENT_3D('',#2987,#2330,#2331);
#2033=AXIS2_PLACEMENT_3D('',#2988,#2332,#2333);
#2034=AXIS2_PLACEMENT_3D('',#2989,#2334,#2335);
#2035=AXIS2_PLACEMENT_3D('',#2992,#2337,#2338);
#2036=AXIS2_PLACEMENT_3D('',#2994,#2339,#2340);
#2037=AXIS2_PLACEMENT_3D('',#2996,#2341,#2342);
#2038=AXIS2_PLACEMENT_3D('',#2998,#2343,#2344);
#2039=AXIS2_PLACEMENT_3D('',#3000,#2345,#2346);
#2040=AXIS2_PLACEMENT_3D('',#3002,#2347,#2348);
#2041=AXIS2_PLACEMENT_3D('',#3004,#2349,#2350);
#2042=AXIS2_PLACEMENT_3D('',#3006,#2351,#2352);
#2043=AXIS2_PLACEMENT_3D('',#3008,#2353,#2354);
#2044=AXIS2_PLACEMENT_3D('',#3009,#2355,#2356);
#2045=AXIS2_PLACEMENT_3D('',#3036,#2361,#2362);
#2046=AXIS2_PLACEMENT_3D('',#3038,#2363,#2364);
#2047=AXIS2_PLACEMENT_3D('',#3039,#2365,#2366);
#2048=AXIS2_PLACEMENT_3D('',#3040,#2367,#2368);
#2049=AXIS2_PLACEMENT_3D('',#3043,#2369,#2370);
#2050=AXIS2_PLACEMENT_3D('',#3047,#2372,#2373);
#2051=AXIS2_PLACEMENT_3D('',#3080,#2375,#2376);
#2052=AXIS2_PLACEMENT_3D('',#3081,#2377,#2378);
#2053=AXIS2_PLACEMENT_3D('',#3117,#2379,#2380);
#2054=AXIS2_PLACEMENT_3D('',#3118,#2381,#2382);
#2055=AXIS2_PLACEMENT_3D('',#3119,#2383,#2384);
#2056=AXIS2_PLACEMENT_3D('',#3122,#2386,#2387);
#2057=AXIS2_PLACEMENT_3D('',#3123,#2388,#2389);
#2058=AXIS2_PLACEMENT_3D('',#3127,#2391,#2392);
#2059=AXIS2_PLACEMENT_3D('',#3129,#2394,#2395);
#2060=AXIS2_PLACEMENT_3D('',#3133,#2398,#2399);
#2061=AXIS2_PLACEMENT_3D('',#3141,#2404,#2405);
#2062=AXIS2_PLACEMENT_3D('',#3144,#2406,#2407);
#2063=AXIS2_PLACEMENT_3D('',#3146,#2408,#2409);
#2064=AXIS2_PLACEMENT_3D('',#3147,#2410,#2411);
#2065=AXIS2_PLACEMENT_3D('',#3148,#2412,#2413);
#2066=AXIS2_PLACEMENT_3D('',#3150,#2414,#2415);
#2067=AXIS2_PLACEMENT_3D('',#3152,#2416,#2417);
#2068=AXIS2_PLACEMENT_3D('',#3153,#2418,#2419);
#2069=AXIS2_PLACEMENT_3D('',#3154,#2420,#2421);
#2070=AXIS2_PLACEMENT_3D('',#3157,#2422,#2423);
#2071=AXIS2_PLACEMENT_3D('',#3159,#2424,#2425);
#2072=AXIS2_PLACEMENT_3D('',#3161,#2426,#2427);
#2073=AXIS2_PLACEMENT_3D('',#3162,#2428,#2429);
#2074=AXIS2_PLACEMENT_3D('',#3163,#2430,#2431);
#2075=AXIS2_PLACEMENT_3D('',#3166,#2432,#2433);
#2076=AXIS2_PLACEMENT_3D('',#3168,#2434,#2435);
#2077=AXIS2_PLACEMENT_3D('',#3170,#2436,#2437);
#2078=AXIS2_PLACEMENT_3D('',#3171,#2438,#2439);
#2079=AXIS2_PLACEMENT_3D('',#3172,#2440,#2441);
#2080=AXIS2_PLACEMENT_3D('',#3175,#2442,#2443);
#2081=AXIS2_PLACEMENT_3D('',#3178,#2446,#2447);
#2082=AXIS2_PLACEMENT_3D('',#3181,#2448,#2449);
#2083=AXIS2_PLACEMENT_3D('',#3182,#2450,#2451);
#2084=AXIS2_PLACEMENT_3D('',#3183,#2452,#2453);
#2085=AXIS2_PLACEMENT_3D('',#3184,#2454,#2455);
#2086=AXIS2_PLACEMENT_3D('',#3189,#2458,#2459);
#2087=AXIS2_PLACEMENT_3D('',#3190,#2460,#2461);
#2088=AXIS2_PLACEMENT_3D('',#3193,#2464,#2465);
#2089=AXIS2_PLACEMENT_3D('',#3195,#2466,#2467);
#2090=AXIS2_PLACEMENT_3D('',#3196,#2468,#2469);
#2091=AXIS2_PLACEMENT_3D('',#3197,#2470,#2471);
#2092=AXIS2_PLACEMENT_3D('',#3199,#2473,#2474);
#2093=AXIS2_PLACEMENT_3D('',#3202,#2475,#2476);
#2094=AXIS2_PLACEMENT_3D('',#3204,#2477,#2478);
#2095=AXIS2_PLACEMENT_3D('',#3205,#2479,#2480);
#2096=AXIS2_PLACEMENT_3D('',#3206,#2481,#2482);
#2097=AXIS2_PLACEMENT_3D('',#3209,#2483,#2484);
#2098=AXIS2_PLACEMENT_3D('',#3211,#2485,#2486);
#2099=AXIS2_PLACEMENT_3D('',#3213,#2487,#2488);
#2100=AXIS2_PLACEMENT_3D('',#3214,#2489,#2490);
#2101=AXIS2_PLACEMENT_3D('',#3215,#2491,#2492);
#2102=AXIS2_PLACEMENT_3D('',#3218,#2493,#2494);
#2103=AXIS2_PLACEMENT_3D('',#3221,#2497,#2498);
#2104=AXIS2_PLACEMENT_3D('',#3224,#2499,#2500);
#2105=AXIS2_PLACEMENT_3D('',#3225,#2501,#2502);
#2106=AXIS2_PLACEMENT_3D('',#3226,#2503,#2504);
#2107=AXIS2_PLACEMENT_3D('',#3227,#2505,#2506);
#2108=AXIS2_PLACEMENT_3D('',#3230,#2509,#2510);
#2109=AXIS2_PLACEMENT_3D('',#3233,#2511,#2512);
#2110=AXIS2_PLACEMENT_3D('',#3235,#2513,#2514);
#2111=AXIS2_PLACEMENT_3D('',#3236,#2515,#2516);
#2112=AXIS2_PLACEMENT_3D('',#3237,#2517,#2518);
#2113=AXIS2_PLACEMENT_3D('',#3240,#2521,#2522);
#2114=AXIS2_PLACEMENT_3D('',#3243,#2525,#2526);
#2115=AXIS2_PLACEMENT_3D('',#3246,#2527,#2528);
#2116=AXIS2_PLACEMENT_3D('',#3263,#2529,#2530);
#2117=AXIS2_PLACEMENT_3D('',#3278,#2531,#2532);
#2118=AXIS2_PLACEMENT_3D('',#3281,#2533,#2534);
#2119=AXIS2_PLACEMENT_3D('',#3282,#2535,#2536);
#2120=AXIS2_PLACEMENT_3D('',#3283,#2537,#2538);
#2121=AXIS2_PLACEMENT_3D('',#3284,#2539,#2540);
#2122=AXIS2_PLACEMENT_3D('',#3286,#2542,#2543);
#2123=AXIS2_PLACEMENT_3D('',#3288,#2544,#2545);
#2124=AXIS2_PLACEMENT_3D('',#3290,#2546,#2547);
#2125=AXIS2_PLACEMENT_3D('',#3291,#2548,#2549);
#2126=AXIS2_PLACEMENT_3D('',#3292,#2550,#2551);
#2127=AXIS2_PLACEMENT_3D('',#3295,#2552,#2553);
#2128=AXIS2_PLACEMENT_3D('',#3297,#2554,#2555);
#2129=AXIS2_PLACEMENT_3D('',#3298,#2556,#2557);
#2130=AXIS2_PLACEMENT_3D('',#3299,#2558,#2559);
#2131=AXIS2_PLACEMENT_3D('',#3301,#2560,#2561);
#2132=AXIS2_PLACEMENT_3D('',#3303,#2562,#2563);
#2133=AXIS2_PLACEMENT_3D('',#3304,#2564,#2565);
#2134=AXIS2_PLACEMENT_3D('',#3305,#2566,#2567);
#2135=AXIS2_PLACEMENT_3D('',#3308,#2569,#2570);
#2136=AXIS2_PLACEMENT_3D('',#3309,#2571,#2572);
#2137=AXIS2_PLACEMENT_3D('',#3312,#2575,#2576);
#2138=AXIS2_PLACEMENT_3D('',#3314,#2578,#2579);
#2139=AXIS2_PLACEMENT_3D('',#3317,#2582,#2583);
#2140=AXIS2_PLACEMENT_3D('',#3320,#2586,#2587);
#2141=AXIS2_PLACEMENT_3D('',#3323,#2590,#2591);
#2142=AXIS2_PLACEMENT_3D('',#3326,#2593,#2594);
#2143=AXIS2_PLACEMENT_3D('',#3327,#2595,#2596);
#2144=AXIS2_PLACEMENT_3D('',#3330,#2597,#2598);
#2145=AXIS2_PLACEMENT_3D('',#3332,#2599,#2600);
#2146=AXIS2_PLACEMENT_3D('',#3333,#2601,#2602);
#2147=AXIS2_PLACEMENT_3D('',#3334,#2603,#2604);
#2148=AXIS2_PLACEMENT_3D('',#3337,#2607,#2608);
#2149=AXIS2_PLACEMENT_3D('',#3340,#2611,#2612);
#2150=AXIS2_PLACEMENT_3D('',#3342,#2613,#2614);
#2151=AXIS2_PLACEMENT_3D('',#3344,#2615,#2616);
#2152=AXIS2_PLACEMENT_3D('',#3345,#2617,#2618);
#2153=AXIS2_PLACEMENT_3D('',#3346,#2619,#2620);
#2154=AXIS2_PLACEMENT_3D('',#3349,#2622,#2623);
#2155=AXIS2_PLACEMENT_3D('',#3350,#2624,#2625);
#2156=AXIS2_PLACEMENT_3D('',#3352,#2627,#2628);
#2157=AXIS2_PLACEMENT_3D('',#3355,#2629,#2630);
#2158=AXIS2_PLACEMENT_3D('',#3357,#2631,#2632);
#2159=AXIS2_PLACEMENT_3D('',#3358,#2633,#2634);
#2160=AXIS2_PLACEMENT_3D('',#3359,#2635,#2636);
#2161=AXIS2_PLACEMENT_3D('',#3363,#2638,#2639);
#2162=AXIS2_PLACEMENT_3D('',#3367,#2642,#2643);
#2163=AXIS2_PLACEMENT_3D('',#3370,#2646,#2647);
#2164=AXIS2_PLACEMENT_3D('',#3373,#2650,#2651);
#2165=AXIS2_PLACEMENT_3D('',#3376,#2654,#2655);
#2166=AXIS2_PLACEMENT_3D('',#3378,#2657,#2658);
#2167=AXIS2_PLACEMENT_3D('',#3381,#2661,#2662);
#2168=AXIS2_PLACEMENT_3D('',#3384,#2665,#2666);
#2169=AXIS2_PLACEMENT_3D('',#3387,#2669,#2670);
#2170=AXIS2_PLACEMENT_3D('',#3402,#2673,#2674);
#2171=AXIS2_PLACEMENT_3D('',#3404,#2676,#2677);
#2172=AXIS2_PLACEMENT_3D('',#3407,#2680,#2681);
#2173=AXIS2_PLACEMENT_3D('',#3410,#2684,#2685);
#2174=AXIS2_PLACEMENT_3D('',#3413,#2688,#2689);
#2175=AXIS2_PLACEMENT_3D('',#3428,#2692,#2693);
#2176=AXIS2_PLACEMENT_3D('',#3434,#2697,#2698);
#2177=AXIS2_PLACEMENT_3D('',#3435,#2699,#2700);
#2178=AXIS2_PLACEMENT_3D('',#3438,#2703,#2704);
#2179=AXIS2_PLACEMENT_3D('',#3439,#2705,#2706);
#2180=AXIS2_PLACEMENT_3D('',#3441,#2708,#2709);
#2181=AXIS2_PLACEMENT_3D('',#3443,#2711,#2712);
#2182=AXIS2_PLACEMENT_3D('',#3445,#2714,#2715);
#2183=AXIS2_PLACEMENT_3D('',#3447,#2716,#2717);
#2184=AXIS2_PLACEMENT_3D('',#3449,#2718,#2719);
#2185=AXIS2_PLACEMENT_3D('',#3451,#2720,#2721);
#2186=AXIS2_PLACEMENT_3D('',#3453,#2722,#2723);
#2187=AXIS2_PLACEMENT_3D('',#3455,#2724,#2725);
#2188=AXIS2_PLACEMENT_3D('',#3457,#2726,#2727);
#2189=AXIS2_PLACEMENT_3D('',#3459,#2728,#2729);
#2190=AXIS2_PLACEMENT_3D('',#3461,#2730,#2731);
#2191=AXIS2_PLACEMENT_3D('',#3463,#2732,#2733);
#2192=AXIS2_PLACEMENT_3D('',#3464,#2734,#2735);
#2193=AXIS2_PLACEMENT_3D('',#3466,#2736,#2737);
#2194=AXIS2_PLACEMENT_3D('',#3468,#2738,#2739);
#2195=AXIS2_PLACEMENT_3D('',#3470,#2740,#2741);
#2196=AXIS2_PLACEMENT_3D('',#3472,#2742,#2743);
#2197=AXIS2_PLACEMENT_3D('',#3473,#2744,#2745);
#2198=AXIS2_PLACEMENT_3D('',#3475,#2746,#2747);
#2199=AXIS2_PLACEMENT_3D('',#3477,#2748,#2749);
#2200=AXIS2_PLACEMENT_3D('',#3479,#2750,#2751);
#2201=AXIS2_PLACEMENT_3D('',#3481,#2752,#2753);
#2202=AXIS2_PLACEMENT_3D('',#3483,#2754,#2755);
#2203=AXIS2_PLACEMENT_3D('',#3485,#2756,#2757);
#2204=AXIS2_PLACEMENT_3D('',#3487,#2758,#2759);
#2205=AXIS2_PLACEMENT_3D('',#3489,#2760,#2761);
#2206=AXIS2_PLACEMENT_3D('',#3491,#2762,#2763);
#2207=AXIS2_PLACEMENT_3D('',#3492,#2764,#2765);
#2208=AXIS2_PLACEMENT_3D('',#3495,#2767,#2768);
#2209=AXIS2_PLACEMENT_3D('',#3496,#2769,#2770);
#2210=AXIS2_PLACEMENT_3D('',#3499,#2772,#2773);
#2211=AXIS2_PLACEMENT_3D('',#3500,#2774,#2775);
#2212=AXIS2_PLACEMENT_3D('',#3503,#2777,#2778);
#2213=AXIS2_PLACEMENT_3D('',#3504,#2779,#2780);
#2214=AXIS2_PLACEMENT_3D('',#3507,#2782,#2783);
#2215=AXIS2_PLACEMENT_3D('',#3508,#2784,#2785);
#2216=AXIS2_PLACEMENT_3D('',#3514,#2789,#2790);
#2217=AXIS2_PLACEMENT_3D('',#3518,#2792,#2793);
#2218=AXIS2_PLACEMENT_3D('',#3520,#2795,#2796);
#2219=AXIS2_PLACEMENT_3D('',#3527,#2801,#2802);
#2220=AXIS2_PLACEMENT_3D('',#3532,#2806,#2807);
#2221=AXIS2_PLACEMENT_3D('',#3533,#2808,#2809);
#2222=AXIS2_PLACEMENT_3D('',#3539,#2812,#2813);
#2223=AXIS2_PLACEMENT_3D('',#3541,#2815,#2816);
#2224=AXIS2_PLACEMENT_3D('',#3543,#2818,#2819);
#2225=AXIS2_PLACEMENT_3D('',#3545,#2821,#2822);
#2226=AXIS2_PLACEMENT_3D('',#3547,#2824,#2825);
#2227=AXIS2_PLACEMENT_3D('',#3548,#2826,#2827);
#2228=AXIS2_PLACEMENT_3D('',#3550,#2829,#2830);
#2229=AXIS2_PLACEMENT_3D('',#3551,#2831,#2832);
#2230=AXIS2_PLACEMENT_3D('',#3552,#2833,#2834);
#2231=AXIS2_PLACEMENT_3D('',#3554,#2836,#2837);
#2232=AXIS2_PLACEMENT_3D('',#3556,#2839,#2840);
#2233=AXIS2_PLACEMENT_3D('',#3558,#2842,#2843);
#2234=AXIS2_PLACEMENT_3D('',#3560,#2845,#2846);
#2235=AXIS2_PLACEMENT_3D('',#3562,#2848,#2849);
#2236=AXIS2_PLACEMENT_3D('',#3564,#2851,#2852);
#2237=AXIS2_PLACEMENT_3D('',#3566,#2854,#2855);
#2238=AXIS2_PLACEMENT_3D('',#3568,#2857,#2858);
#2239=AXIS2_PLACEMENT_3D('',#3570,#2860,#2861);
#2240=AXIS2_PLACEMENT_3D('',#3572,#2863,#2864);
#2241=AXIS2_PLACEMENT_3D('',#3574,#2866,#2867);
#2242=AXIS2_PLACEMENT_3D('',#3576,#2869,#2870);
#2243=AXIS2_PLACEMENT_3D('',#3578,#2872,#2873);
#2244=AXIS2_PLACEMENT_3D('',#3580,#2875,#2876);
#2245=AXIS2_PLACEMENT_3D('',#3582,#2878,#2879);
#2246=AXIS2_PLACEMENT_3D('',#3584,#2881,#2882);
#2247=AXIS2_PLACEMENT_3D('',#3586,#2884,#2885);
#2248=AXIS2_PLACEMENT_3D('',#3588,#2887,#2888);
#2249=DIRECTION('axis',(0.,0.,1.));
#2250=DIRECTION('refdir',(1.,0.,0.));
#2251=DIRECTION('center_axis',(1.77635683940026E-15,1.,-1.57653371896393E-16));
#2252=DIRECTION('ref_axis',(0.,0.,1.));
#2253=DIRECTION('center_axis',(1.,0.,0.));
#2254=DIRECTION('ref_axis',(0.,1.,0.));
#2255=DIRECTION('center_axis',(-1.77635683940026E-15,-1.,1.57653371896393E-16));
#2256=DIRECTION('ref_axis',(0.707106781186547,-1.38777878078145E-15,-0.707106781186548));
#2257=DIRECTION('center_axis',(1.77635683940026E-15,1.,-1.57653371896393E-16));
#2258=DIRECTION('ref_axis',(0.707106781186547,-1.36755173529189E-15,-0.707106781186548));
#2259=DIRECTION('center_axis',(-1.,1.77635683940026E-15,-5.27355936696951E-16));
#2260=DIRECTION('ref_axis',(0.,0.707106781186549,0.707106781186546));
#2261=DIRECTION('center_axis',(1.,0.,0.));
#2262=DIRECTION('ref_axis',(0.,1.,0.));
#2263=DIRECTION('',(1.,-1.77635683940026E-15,5.27355936696951E-16));
#2264=DIRECTION('',(-1.,1.77635683940026E-15,-5.27355936696951E-16));
#2265=DIRECTION('center_axis',(-1.77635683940026E-15,-1.,1.57653371896393E-16));
#2266=DIRECTION('ref_axis',(0.,-1.82190445066692E-16,-1.));
#2267=DIRECTION('center_axis',(-1.,0.,0.));
#2268=DIRECTION('ref_axis',(0.,1.,0.));
#2269=DIRECTION('center_axis',(1.77635683940026E-15,1.,-1.57653371896393E-16));
#2270=DIRECTION('ref_axis',(-1.,1.77920356510442E-15,-8.94782648728703E-16));
#2271=DIRECTION('center_axis',(-1.77635683940026E-15,-1.,1.57653371896393E-16));
#2272=DIRECTION('ref_axis',(-1.,1.77635683940026E-15,-8.94782648728703E-16));
#2273=DIRECTION('center_axis',(-1.,1.77635683940026E-15,-5.27355936696951E-16));
#2274=DIRECTION('ref_axis',(0.,0.707106781186549,-0.707106781186546));
#2275=DIRECTION('center_axis',(-1.,0.,0.));
#2276=DIRECTION('ref_axis',(0.,1.,0.));
#2277=DIRECTION('',(-1.,1.77635683940026E-15,-5.27355936696951E-16));
#2278=DIRECTION('',(1.,-1.77635683940026E-15,5.27355936696951E-16));
#2279=DIRECTION('center_axis',(1.77635683940026E-15,1.,-1.57653371896393E-16));
#2280=DIRECTION('ref_axis',(0.,0.,1.));
#2281=DIRECTION('center_axis',(-1.77635683940026E-15,-1.,1.57653371896393E-16));
#2282=DIRECTION('ref_axis',(0.707106781186547,-1.11022302462516E-15,0.707106781186549));
#2283=DIRECTION('center_axis',(1.77635683940026E-15,1.,-1.57653371896393E-16));
#2284=DIRECTION('ref_axis',(0.707106781186547,-1.14459619860216E-15,0.707106781186549));
#2285=DIRECTION('center_axis',(-1.77635683940026E-15,-1.,1.57653371896393E-16));
#2286=DIRECTION('ref_axis',(1.,-1.77635683940026E-15,5.27355936696951E-16));
#2287=DIRECTION('',(0.,-1.57653371896393E-16,-1.));
#2288=DIRECTION('center_axis',(1.77635683940026E-15,1.,-1.57653371896393E-16));
#2289=DIRECTION('ref_axis',(1.,-1.77635683940026E-15,5.27355936696951E-16));
#2290=DIRECTION('center_axis',(1.77635683940026E-15,1.,-1.57653371896393E-16));
#2291=DIRECTION('ref_axis',(1.,-1.77635683940026E-15,5.27355936696951E-16));
#2292=DIRECTION('center_axis',(1.77635683940026E-15,1.,-1.57653371896393E-16));
#2293=DIRECTION('ref_axis',(1.,-1.77635683940026E-15,5.27355936696951E-16));
#2294=DIRECTION('center_axis',(1.77635683940026E-15,1.,-1.57653371896393E-16));
#2295=DIRECTION('ref_axis',(1.,-1.77635683940026E-15,5.27355936696951E-16));
#2296=DIRECTION('center_axis',(1.77635683940026E-15,1.,-1.57653371896393E-16));
#2297=DIRECTION('ref_axis',(1.,-1.77635683940026E-15,5.27355936696951E-16));
#2298=DIRECTION('center_axis',(1.77635683940026E-15,1.,-1.57653371896393E-16));
#2299=DIRECTION('ref_axis',(1.,-1.77635683940026E-15,5.27355936696951E-16));
#2300=DIRECTION('center_axis',(1.77635683940026E-15,1.,-1.57653371896393E-16));
#2301=DIRECTION('ref_axis',(1.,-1.77635683940026E-15,5.27355936696951E-16));
#2302=DIRECTION('center_axis',(1.77635683940026E-15,1.,-1.57653371896393E-16));
#2303=DIRECTION('ref_axis',(1.,-1.77635683940026E-15,5.27355936696951E-16));
#2304=DIRECTION('center_axis',(1.77635683940026E-15,1.,-1.57653371896393E-16));
#2305=DIRECTION('ref_axis',(1.,-1.77635683940026E-15,5.27355936696951E-16));
#2306=DIRECTION('center_axis',(-1.,-1.77635683940026E-15,-5.27355936696941E-16));
#2307=DIRECTION('ref_axis',(0.,-0.707106781186554,-0.707106781186541));
#2308=DIRECTION('center_axis',(1.,0.,0.));
#2309=DIRECTION('ref_axis',(0.,-1.,4.44089209850062E-15));
#2310=DIRECTION('',(1.,1.77635683940026E-15,5.27355936696941E-16));
#2311=DIRECTION('center_axis',(1.,0.,0.));
#2312=DIRECTION('ref_axis',(0.,-0.707106781186554,-0.707106781186541));
#2313=DIRECTION('',(-1.,-1.77635683940026E-15,-5.27355936696941E-16));
#2314=DIRECTION('center_axis',(1.77635683940026E-15,-1.,5.65251379030859E-15));
#2315=DIRECTION('ref_axis',(0.,-5.83009424213415E-15,-1.));
#2316=DIRECTION('center_axis',(-1.,0.,0.));
#2317=DIRECTION('ref_axis',(0.,-1.,8.88178419700124E-15));
#2318=DIRECTION('center_axis',(1.77635683940026E-15,-1.,5.65251379030859E-15));
#2319=DIRECTION('ref_axis',(-1.,-1.77920356510442E-15,-5.79745004134215E-16));
#2320=DIRECTION('center_axis',(-1.77635683940026E-15,1.,-5.65251379030859E-15));
#2321=DIRECTION('ref_axis',(-1.,-1.77635683940026E-15,-5.79745004134215E-16));
#2322=DIRECTION('center_axis',(-1.,-1.77635683940026E-15,-5.27355936696941E-16));
#2323=DIRECTION('ref_axis',(0.,-0.707106781186541,0.707106781186554));
#2324=DIRECTION('center_axis',(-1.,0.,0.));
#2325=DIRECTION('ref_axis',(0.,-1.,8.88178419700124E-15));
#2326=DIRECTION('',(-1.,-1.77635683940026E-15,-5.27355936696941E-16));
#2327=DIRECTION('',(1.,1.77635683940026E-15,5.27355936696941E-16));
#2328=DIRECTION('center_axis',(1.77635683940026E-15,-1.,5.65251379030859E-15));
#2329=DIRECTION('ref_axis',(0.,-7.105427357601E-15,-1.));
#2330=DIRECTION('center_axis',(-1.77635683940026E-15,1.,-5.65251379030859E-15));
#2331=DIRECTION('ref_axis',(0.707106781186548,-2.77555756156291E-15,-0.707106781186547));
#2332=DIRECTION('center_axis',(1.77635683940026E-15,-1.,5.65251379030859E-15));
#2333=DIRECTION('ref_axis',(0.707106781186548,-2.74085686493065E-15,-0.707106781186547));
#2334=DIRECTION('center_axis',(1.77635683940026E-15,-1.,5.65251379030859E-15));
#2335=DIRECTION('ref_axis',(1.,1.77635683940026E-15,5.27355936696941E-16));
#2336=DIRECTION('',(0.,5.65251379030859E-15,1.));
#2337=DIRECTION('center_axis',(-1.77635683940026E-15,1.,-5.65251379030859E-15));
#2338=DIRECTION('ref_axis',(1.,1.77635683940026E-15,5.27355936696941E-16));
#2339=DIRECTION('center_axis',(-1.77635683940026E-15,1.,-5.65251379030859E-15));
#2340=DIRECTION('ref_axis',(1.,1.77635683940026E-15,5.27355936696941E-16));
#2341=DIRECTION('center_axis',(-1.77635683940026E-15,1.,-5.65251379030859E-15));
#2342=DIRECTION('ref_axis',(1.,1.77635683940026E-15,5.27355936696941E-16));
#2343=DIRECTION('center_axis',(-1.77635683940026E-15,1.,-5.65251379030859E-15));
#2344=DIRECTION('ref_axis',(1.,1.77635683940026E-15,5.27355936696941E-16));
#2345=DIRECTION('center_axis',(-1.77635683940026E-15,1.,-5.65251379030859E-15));
#2346=DIRECTION('ref_axis',(1.,1.77635683940026E-15,5.27355936696941E-16));
#2347=DIRECTION('center_axis',(-1.77635683940026E-15,1.,-5.65251379030859E-15));
#2348=DIRECTION('ref_axis',(1.,1.77635683940026E-15,5.27355936696941E-16));
#2349=DIRECTION('center_axis',(-1.77635683940026E-15,1.,-5.65251379030859E-15));
#2350=DIRECTION('ref_axis',(1.,1.77635683940026E-15,5.27355936696941E-16));
#2351=DIRECTION('center_axis',(-1.77635683940026E-15,1.,-5.65251379030859E-15));
#2352=DIRECTION('ref_axis',(1.,1.77635683940026E-15,5.27355936696941E-16));
#2353=DIRECTION('center_axis',(-1.77635683940026E-15,1.,-5.65251379030859E-15));
#2354=DIRECTION('ref_axis',(1.,1.77635683940026E-15,5.27355936696941E-16));
#2355=DIRECTION('center_axis',(1.,-1.77635683940025E-15,5.27355936696951E-16));
#2356=DIRECTION('ref_axis',(-5.27355936696951E-16,1.57653371896394E-16,
1.));
#2357=DIRECTION('',(1.77635683940025E-15,1.,0.));
#2358=DIRECTION('',(-5.27355936696951E-16,1.57653371896394E-16,1.));
#2359=DIRECTION('',(-1.77635683940025E-15,-1.,0.));
#2360=DIRECTION('',(-5.27355936696952E-16,-4.71844785465692E-16,1.));
#2361=DIRECTION('center_axis',(0.654653761425193,0.654653588237774,-0.377964458724962));
#2362=DIRECTION('ref_axis',(1.32274101713498E-7,-0.500000132274107,-0.866025327415924));
#2363=DIRECTION('center_axis',(0.894427190999918,-0.447213595499954,0.));
#2364=DIRECTION('ref_axis',(0.447213595499954,0.894427190999918,0.));
#2365=DIRECTION('center_axis',(-0.447213595499958,0.894427190999916,0.));
#2366=DIRECTION('ref_axis',(0.894427190999916,0.447213595499958,0.));
#2367=DIRECTION('center_axis',(5.27355936696952E-16,4.44089209850062E-16,
-1.));
#2368=DIRECTION('ref_axis',(-0.707106781186548,-0.707106781186548,0.));
#2369=DIRECTION('center_axis',(0.,6.10947452628237E-7,0.999999999999813));
#2370=DIRECTION('ref_axis',(-1.,0.,0.));
#2371=DIRECTION('',(5.27355936696952E-16,4.44089209850062E-16,-1.));
#2372=DIRECTION('center_axis',(0.,0.,-1.));
#2373=DIRECTION('ref_axis',(0.,-1.,0.));
#2374=DIRECTION('',(-5.27355936696952E-16,-4.44089209850062E-16,1.));
#2375=DIRECTION('center_axis',(-0.447213595499958,0.894427190999916,0.));
#2376=DIRECTION('ref_axis',(0.894427190999916,0.447213595499958,0.));
#2377=DIRECTION('center_axis',(0.894427190999917,-0.447213595499956,7.94410929039128E-15));
#2378=DIRECTION('ref_axis',(0.447213595499956,0.894427190999917,0.));
#2379=DIRECTION('center_axis',(0.89442719099991,-0.447213595499971,0.));
#2380=DIRECTION('ref_axis',(0.447213595499971,0.89442719099991,0.));
#2381=DIRECTION('center_axis',(-0.44721359549994,0.894427190999925,0.));
#2382=DIRECTION('ref_axis',(0.894427190999925,0.44721359549994,0.));
#2383=DIRECTION('center_axis',(1.,-2.32355374676292E-16,0.));
#2384=DIRECTION('ref_axis',(0.,0.707106781186551,0.707106781186544));
#2385=DIRECTION('',(1.,-2.32355374676292E-16,0.));
#2386=DIRECTION('center_axis',(1.,3.25578404708339E-20,5.32907377398283E-14));
#2387=DIRECTION('ref_axis',(0.,0.999999999999813,-6.10947452628243E-7));
#2388=DIRECTION('center_axis',(1.77635683940025E-15,1.,0.));
#2389=DIRECTION('ref_axis',(0.707106781186548,-1.57009245868378E-15,0.707106781186548));
#2390=DIRECTION('',(1.77635683940025E-15,1.,0.));
#2391=DIRECTION('center_axis',(4.44089209850064E-15,1.,0.));
#2392=DIRECTION('ref_axis',(1.,-4.44089209850064E-15,0.));
#2393=DIRECTION('',(1.77635683940025E-15,1.,0.));
#2394=DIRECTION('center_axis',(1.,-1.77635683940025E-15,5.27355936696951E-16));
#2395=DIRECTION('ref_axis',(-5.27355936696951E-16,1.57653371896394E-16,
1.));
#2396=DIRECTION('',(-1.77635683940025E-15,-1.,0.));
#2397=DIRECTION('',(5.27355936696941E-16,-5.65251379030859E-15,-1.));
#2398=DIRECTION('center_axis',(2.32355374676292E-16,1.,4.44089209850063E-16));
#2399=DIRECTION('ref_axis',(0.,-4.44089209850063E-16,1.));
#2400=DIRECTION('',(-1.,2.32355374676292E-16,0.));
#2401=DIRECTION('',(-1.,2.32355374676292E-16,0.));
#2402=DIRECTION('',(8.21723056639116E-33,-4.44089209850063E-16,1.));
#2403=DIRECTION('',(1.,-2.32355374676292E-16,0.));
#2404=DIRECTION('center_axis',(-0.408248290463859,-0.816496580927726,-0.408248290463867));
#2405=DIRECTION('ref_axis',(-0.577350269189621,0.577350269189628,-0.577350269189628));
#2406=DIRECTION('center_axis',(4.44089209850064E-15,-8.88178419700128E-15,
-1.));
#2407=DIRECTION('ref_axis',(0.,1.,-8.88178419700128E-15));
#2408=DIRECTION('center_axis',(-1.,0.,0.));
#2409=DIRECTION('ref_axis',(0.,0.,-1.));
#2410=DIRECTION('center_axis',(0.,1.,0.));
#2411=DIRECTION('ref_axis',(-1.,0.,0.));
#2412=DIRECTION('center_axis',(0.408248290463861,-0.816496580927728,-0.408248290463861));
#2413=DIRECTION('ref_axis',(0.577350269189628,0.577350269189621,-0.577350269189628));
#2414=DIRECTION('center_axis',(0.,-4.44089209850064E-15,-1.));
#2415=DIRECTION('ref_axis',(1.,0.,0.));
#2416=DIRECTION('center_axis',(0.,1.,0.));
#2417=DIRECTION('ref_axis',(0.,0.,-1.));
#2418=DIRECTION('center_axis',(1.,-3.94430452610505E-29,-8.88178419700124E-15));
#2419=DIRECTION('ref_axis',(0.,1.,-4.44089209850062E-15));
#2420=DIRECTION('center_axis',(0.,1.,0.));
#2421=DIRECTION('ref_axis',(0.,0.,1.));
#2422=DIRECTION('center_axis',(0.,1.,-4.44089209850062E-15));
#2423=DIRECTION('ref_axis',(1.,0.,0.));
#2424=DIRECTION('center_axis',(0.,0.,-1.));
#2425=DIRECTION('ref_axis',(0.,-1.,0.));
#2426=DIRECTION('center_axis',(-1.77635683940026E-15,-1.,1.57653371896393E-16));
#2427=DIRECTION('ref_axis',(0.707106781186546,-1.57009245868378E-15,0.707106781186549));
#2428=DIRECTION('center_axis',(-1.,0.,0.));
#2429=DIRECTION('ref_axis',(0.,0.,-1.));
#2430=DIRECTION('center_axis',(0.,1.,-8.88178419700128E-15));
#2431=DIRECTION('ref_axis',(0.,7.10542735760102E-15,1.));
#2432=DIRECTION('center_axis',(-1.77635683940026E-15,1.,-5.65251379030859E-15));
#2433=DIRECTION('ref_axis',(0.707106781186548,-6.28036983473512E-15,-0.707106781186548));
#2434=DIRECTION('center_axis',(-1.,0.,0.));
#2435=DIRECTION('ref_axis',(0.,4.44089209850064E-15,1.));
#2436=DIRECTION('center_axis',(0.,-1.,1.33226762955019E-14));
#2437=DIRECTION('ref_axis',(1.,0.,0.));
#2438=DIRECTION('center_axis',(0.,8.88178419700128E-15,1.));
#2439=DIRECTION('ref_axis',(0.,1.,-8.88178419700128E-15));
#2440=DIRECTION('center_axis',(-1.,-1.77635683940026E-15,-5.27355936696941E-16));
#2441=DIRECTION('ref_axis',(0.,0.707106781186557,0.707106781186538));
#2442=DIRECTION('center_axis',(1.,0.,0.));
#2443=DIRECTION('ref_axis',(0.,1.,-8.88178419700124E-15));
#2444=DIRECTION('',(1.,1.77635683940026E-15,5.27355936696941E-16));
#2445=DIRECTION('',(-1.,-1.77635683940026E-15,-5.27355936696941E-16));
#2446=DIRECTION('center_axis',(1.77635683940026E-15,-1.,5.65251379030859E-15));
#2447=DIRECTION('ref_axis',(0.,-5.83009424213415E-15,-1.));
#2448=DIRECTION('center_axis',(-1.,-3.94430452610503E-29,-4.4408920985006E-15));
#2449=DIRECTION('ref_axis',(0.,1.,-8.88178419700124E-15));
#2450=DIRECTION('center_axis',(-1.77635683940026E-15,1.,-5.65251379030859E-15));
#2451=DIRECTION('ref_axis',(-1.,-1.77920356510442E-15,-1.24215944653271E-15));
#2452=DIRECTION('center_axis',(1.77635683940026E-15,-1.,5.65251379030859E-15));
#2453=DIRECTION('ref_axis',(-1.,-1.77635683940026E-15,-1.24215944653271E-15));
#2454=DIRECTION('center_axis',(1.,1.77635683940026E-15,5.27355936696941E-16));
#2455=DIRECTION('ref_axis',(0.,0.707106781186544,-0.707106781186551));
#2456=DIRECTION('',(-1.,-1.77635683940026E-15,-5.27355936696941E-16));
#2457=DIRECTION('',(1.,1.77635683940026E-15,5.27355936696941E-16));
#2458=DIRECTION('center_axis',(-0.707106781186548,3.14018491736755E-15,
0.707106781186548));
#2459=DIRECTION('ref_axis',(-0.707106781186548,-5.6523328512616E-15,-0.707106781186548));
#2460=DIRECTION('center_axis',(0.,1.,-5.81016716220498E-15));
#2461=DIRECTION('ref_axis',(0.707106781186548,-6.28036983473512E-15,-0.707106781186548));
#2462=DIRECTION('',(0.,1.,-5.81016716220498E-15));
#2463=DIRECTION('',(0.,-1.,5.81016716220498E-15));
#2464=DIRECTION('center_axis',(-0.816496580927721,0.408248290463875,0.408248290463861));
#2465=DIRECTION('ref_axis',(0.577350269189631,0.577350269189631,0.577350269189616));
#2466=DIRECTION('center_axis',(8.88178419700128E-15,8.88178419700128E-15,
1.));
#2467=DIRECTION('ref_axis',(0.,1.,-8.88178419700128E-15));
#2468=DIRECTION('center_axis',(1.,0.,0.));
#2469=DIRECTION('ref_axis',(0.,0.,1.));
#2470=DIRECTION('center_axis',(5.27355936696941E-16,-5.65251379030859E-15,
-1.));
#2471=DIRECTION('ref_axis',(0.707106781186548,0.707106781186548,-6.28036983473512E-15));
#2472=DIRECTION('',(-5.27355936696941E-16,5.65251379030859E-15,1.));
#2473=DIRECTION('center_axis',(-0.816496580927727,0.408248290463865,0.40824829046386));
#2474=DIRECTION('ref_axis',(-0.577350269189624,-0.577350269189629,-0.577350269189624));
#2475=DIRECTION('center_axis',(0.,-1.,0.));
#2476=DIRECTION('ref_axis',(0.,0.,-1.));
#2477=DIRECTION('center_axis',(-1.,0.,0.));
#2478=DIRECTION('ref_axis',(0.,-1.,0.));
#2479=DIRECTION('center_axis',(0.,4.44089209850063E-15,-1.));
#2480=DIRECTION('ref_axis',(-1.,0.,0.));
#2481=DIRECTION('center_axis',(0.,1.,0.));
#2482=DIRECTION('ref_axis',(0.,0.,1.));
#2483=DIRECTION('center_axis',(4.44089209850064E-15,1.,0.));
#2484=DIRECTION('ref_axis',(0.,0.,-1.));
#2485=DIRECTION('center_axis',(-1.,0.,0.));
#2486=DIRECTION('ref_axis',(0.,-1.,0.));
#2487=DIRECTION('center_axis',(-1.77635683940026E-15,-1.,1.57653371896393E-16));
#2488=DIRECTION('ref_axis',(0.707106781186544,-1.57009245868377E-15,-0.707106781186551));
#2489=DIRECTION('center_axis',(0.,0.,1.));
#2490=DIRECTION('ref_axis',(-1.,0.,0.));
#2491=DIRECTION('center_axis',(-1.,1.77635683940026E-15,-5.27355936696951E-16));
#2492=DIRECTION('ref_axis',(0.,-0.707106781186548,0.707106781186547));
#2493=DIRECTION('center_axis',(1.,0.,0.));
#2494=DIRECTION('ref_axis',(0.,0.,1.));
#2495=DIRECTION('',(1.,-1.77635683940026E-15,5.27355936696951E-16));
#2496=DIRECTION('',(-1.,1.77635683940026E-15,-5.27355936696951E-16));
#2497=DIRECTION('center_axis',(-1.77635683940026E-15,-1.,1.57653371896393E-16));
#2498=DIRECTION('ref_axis',(0.,-1.82190445066692E-16,-1.));
#2499=DIRECTION('center_axis',(-1.,0.,0.));
#2500=DIRECTION('ref_axis',(0.,0.,-1.));
#2501=DIRECTION('center_axis',(1.77635683940026E-15,1.,-1.57653371896393E-16));
#2502=DIRECTION('ref_axis',(-1.,1.77635683940026E-15,-9.2712180193822E-16));
#2503=DIRECTION('center_axis',(-1.77635683940026E-15,-1.,1.57653371896393E-16));
#2504=DIRECTION('ref_axis',(-1.,1.77920356510442E-15,-9.2712180193822E-16));
#2505=DIRECTION('center_axis',(1.,-1.77635683940026E-15,5.27355936696951E-16));
#2506=DIRECTION('ref_axis',(0.,-0.707106781186548,-0.707106781186547));
#2507=DIRECTION('',(-1.,1.77635683940026E-15,-5.27355936696951E-16));
#2508=DIRECTION('',(1.,-1.77635683940026E-15,5.27355936696951E-16));
#2509=DIRECTION('center_axis',(-0.816496580927724,-0.408248290463873,-0.408248290463858));
#2510=DIRECTION('ref_axis',(-0.577350269189628,0.577350269189635,0.577350269189614));
#2511=DIRECTION('center_axis',(8.88178419700128E-15,1.,0.));
#2512=DIRECTION('ref_axis',(0.,0.,1.));
#2513=DIRECTION('center_axis',(-1.,0.,0.));
#2514=DIRECTION('ref_axis',(0.,1.,-8.88178419700124E-15));
#2515=DIRECTION('center_axis',(0.,0.,1.));
#2516=DIRECTION('ref_axis',(-1.,0.,0.));
#2517=DIRECTION('center_axis',(-1.,-1.77635683940026E-15,0.));
#2518=DIRECTION('ref_axis',(0.,0.707106781186557,0.707106781186538));
#2519=DIRECTION('',(1.,1.77635683940026E-15,0.));
#2520=DIRECTION('',(-1.,-1.77635683940026E-15,0.));
#2521=DIRECTION('center_axis',(0.,-5.65251379030859E-15,-1.));
#2522=DIRECTION('ref_axis',(-0.707106781186548,0.707106781186548,-1.25607396694702E-14));
#2523=DIRECTION('',(0.,5.65251379030859E-15,1.));
#2524=DIRECTION('',(0.,-5.65251379030859E-15,-1.));
#2525=DIRECTION('center_axis',(-1.,-1.23258463516165E-31,8.2172305663911E-33));
#2526=DIRECTION('ref_axis',(0.,0.,1.));
#2527=DIRECTION('center_axis',(1.,1.23258463516165E-31,-8.2172305663911E-33));
#2528=DIRECTION('ref_axis',(8.21723056639442E-33,-2.6889238489057E-14,1.));
#2529=DIRECTION('center_axis',(-1.,-1.23258463516165E-31,8.2172305663911E-33));
#2530=DIRECTION('ref_axis',(0.,-2.6889238489057E-14,1.));
#2531=DIRECTION('center_axis',(0.408248290463859,-0.816496580927726,-0.408248290463867));
#2532=DIRECTION('ref_axis',(0.577350269189623,0.577350269189627,-0.577350269189627));
#2533=DIRECTION('center_axis',(0.,1.,0.));
#2534=DIRECTION('ref_axis',(0.,0.,-1.));
#2535=DIRECTION('center_axis',(1.,0.,0.));
#2536=DIRECTION('ref_axis',(0.,1.,0.));
#2537=DIRECTION('center_axis',(0.,0.,-1.));
#2538=DIRECTION('ref_axis',(1.,0.,0.));
#2539=DIRECTION('center_axis',(1.,-2.32355374676292E-16,0.));
#2540=DIRECTION('ref_axis',(0.,0.707106781186544,-0.707106781186551));
#2541=DIRECTION('',(-1.,2.32355374676292E-16,0.));
#2542=DIRECTION('center_axis',(-0.816496580927727,-0.408248290463865,-0.40824829046386));
#2543=DIRECTION('ref_axis',(0.577350269189624,-0.577350269189629,-0.577350269189624));
#2544=DIRECTION('center_axis',(-1.11022302462516E-15,-1.,-1.11022302462516E-15));
#2545=DIRECTION('ref_axis',(1.,-1.11022302462516E-15,0.));
#2546=DIRECTION('center_axis',(4.44089209850064E-15,0.,-1.));
#2547=DIRECTION('ref_axis',(0.,-1.,0.));
#2548=DIRECTION('center_axis',(1.,0.,0.));
#2549=DIRECTION('ref_axis',(0.,0.,-1.));
#2550=DIRECTION('center_axis',(-0.816496580927728,0.408248290463862,-0.40824829046386));
#2551=DIRECTION('ref_axis',(-0.577350269189625,-0.577350269189627,0.577350269189625));
#2552=DIRECTION('center_axis',(0.,0.,1.));
#2553=DIRECTION('ref_axis',(0.,-1.,0.));
#2554=DIRECTION('center_axis',(-1.,0.,0.));
#2555=DIRECTION('ref_axis',(0.,0.,1.));
#2556=DIRECTION('center_axis',(0.,-1.,2.22044604925032E-15));
#2557=DIRECTION('ref_axis',(-1.,0.,0.));
#2558=DIRECTION('center_axis',(-0.816496580927728,-0.408248290463862,0.40824829046386));
#2559=DIRECTION('ref_axis',(0.577350269189625,-0.577350269189628,0.577350269189625));
#2560=DIRECTION('center_axis',(0.,0.,1.));
#2561=DIRECTION('ref_axis',(1.,-2.22044604925032E-15,0.));
#2562=DIRECTION('center_axis',(-2.22044604925032E-15,-1.,0.));
#2563=DIRECTION('ref_axis',(0.,0.,1.));
#2564=DIRECTION('center_axis',(1.,0.,0.));
#2565=DIRECTION('ref_axis',(0.,-1.,0.));
#2566=DIRECTION('center_axis',(1.77635683940025E-15,1.,0.));
#2567=DIRECTION('ref_axis',(0.707106781186548,-1.57009245868378E-15,0.707106781186548));
#2568=DIRECTION('',(-1.77635683940025E-15,-1.,0.));
#2569=DIRECTION('center_axis',(0.707106781186483,0.707106781186612,0.));
#2570=DIRECTION('ref_axis',(0.707106781186612,-0.707106781186483,0.));
#2571=DIRECTION('center_axis',(-1.,1.77635683940026E-15,0.));
#2572=DIRECTION('ref_axis',(0.,-0.707106781186548,0.707106781186547));
#2573=DIRECTION('',(1.,-1.77635683940026E-15,0.));
#2574=DIRECTION('',(-1.,1.77635683940026E-15,0.));
#2575=DIRECTION('center_axis',(-5.27355936696951E-16,1.57653371896394E-16,
1.));
#2576=DIRECTION('ref_axis',(0.707106781186546,-0.707106781186549,0.));
#2577=DIRECTION('',(5.27355936696951E-16,-1.57653371896394E-16,-1.));
#2578=DIRECTION('center_axis',(0.,1.,0.));
#2579=DIRECTION('ref_axis',(-0.707106781186548,0.,0.707106781186548));
#2580=DIRECTION('',(0.,-1.,0.));
#2581=DIRECTION('',(0.,1.,0.));
#2582=DIRECTION('center_axis',(0.,1.57653371896393E-16,1.));
#2583=DIRECTION('ref_axis',(-0.707106781186547,-0.707106781186548,0.));
#2584=DIRECTION('',(0.,-1.57653371896393E-16,-1.));
#2585=DIRECTION('',(0.,1.57653371896393E-16,1.));
#2586=DIRECTION('center_axis',(-1.,1.77635683940026E-15,0.));
#2587=DIRECTION('ref_axis',(0.,-0.707106781186548,-0.707106781186547));
#2588=DIRECTION('',(1.,-1.77635683940026E-15,0.));
#2589=DIRECTION('',(-1.,1.77635683940026E-15,0.));
#2590=DIRECTION('center_axis',(-1.77635683940025E-15,-1.,0.));
#2591=DIRECTION('ref_axis',(0.707106781186544,-1.17756934401283E-15,-0.707106781186551));
#2592=DIRECTION('',(1.77635683940025E-15,1.,0.));
#2593=DIRECTION('center_axis',(-0.707106781186549,-0.707106781186546,1.47196168001603E-16));
#2594=DIRECTION('ref_axis',(-0.707106781186546,0.707106781186549,1.47196168001603E-16));
#2595=DIRECTION('center_axis',(-0.40824829046386,-0.816496580927727,0.408248290463864));
#2596=DIRECTION('ref_axis',(0.577350269189623,-0.577350269189627,-0.577350269189627));
#2597=DIRECTION('center_axis',(0.,0.,-1.));
#2598=DIRECTION('ref_axis',(0.,-1.,0.));
#2599=DIRECTION('center_axis',(1.,0.,0.));
#2600=DIRECTION('ref_axis',(0.,0.,-1.));
#2601=DIRECTION('center_axis',(0.,-1.,0.));
#2602=DIRECTION('ref_axis',(1.,0.,0.));
#2603=DIRECTION('center_axis',(1.,-1.88788741924487E-16,0.));
#2604=DIRECTION('ref_axis',(0.,-0.707106781186546,-0.707106781186549));
#2605=DIRECTION('',(1.,-1.88788741924487E-16,0.));
#2606=DIRECTION('',(-1.,1.88788741924487E-16,0.));
#2607=DIRECTION('center_axis',(-1.23258463516165E-31,1.,0.));
#2608=DIRECTION('ref_axis',(0.707106781186551,0.,-0.707106781186544));
#2609=DIRECTION('',(1.23258463516165E-31,-1.,0.));
#2610=DIRECTION('',(-1.23258463516165E-31,1.,0.));
#2611=DIRECTION('center_axis',(-0.816496580927725,0.408248290463866,0.408248290463862));
#2612=DIRECTION('ref_axis',(0.577350269189625,0.577350269189628,0.577350269189625));
#2613=DIRECTION('center_axis',(0.,0.,1.));
#2614=DIRECTION('ref_axis',(0.,1.,0.));
#2615=DIRECTION('center_axis',(1.,0.,0.));
#2616=DIRECTION('ref_axis',(0.,0.,1.));
#2617=DIRECTION('center_axis',(0.,1.,0.));
#2618=DIRECTION('ref_axis',(1.,0.,0.));
#2619=DIRECTION('center_axis',(1.,-2.32355374676292E-16,0.));
#2620=DIRECTION('ref_axis',(0.,0.70710699718913,0.707106565183899));
#2621=DIRECTION('',(1.,-2.32355374676292E-16,0.));
#2622=DIRECTION('center_axis',(-1.,0.,0.));
#2623=DIRECTION('ref_axis',(0.,6.10947665791175E-7,0.999999999999813));
#2624=DIRECTION('center_axis',(1.,-2.32355374676292E-16,0.));
#2625=DIRECTION('ref_axis',(0.,0.707106781186548,0.707106781186548));
#2626=DIRECTION('',(1.,-2.32355374676292E-16,0.));
#2627=DIRECTION('center_axis',(-0.816496580927729,-0.408248290463862,0.408248290463858));
#2628=DIRECTION('ref_axis',(0.577350269189624,-0.577350269189629,0.577350269189624));
#2629=DIRECTION('center_axis',(4.44089209850064E-15,-1.,0.));
#2630=DIRECTION('ref_axis',(0.,0.,1.));
#2631=DIRECTION('center_axis',(1.,0.,0.));
#2632=DIRECTION('ref_axis',(0.,-1.,0.));
#2633=DIRECTION('center_axis',(0.,0.,1.));
#2634=DIRECTION('ref_axis',(1.,0.,0.));
#2635=DIRECTION('center_axis',(1.,-1.88788741924487E-16,0.));
#2636=DIRECTION('ref_axis',(0.,-0.707106997189139,0.70710656518389));
#2637=DIRECTION('',(1.,-1.88788741924487E-16,0.));
#2638=DIRECTION('center_axis',(-1.,0.,0.));
#2639=DIRECTION('ref_axis',(0.,-1.,0.));
#2640=DIRECTION('',(-1.,1.88788741924487E-16,0.));
#2641=DIRECTION('',(1.,-1.88788741924487E-16,0.));
#2642=DIRECTION('center_axis',(1.,-1.88788741924487E-16,0.));
#2643=DIRECTION('ref_axis',(0.,-0.707106781186549,0.707106781186546));
#2644=DIRECTION('',(-1.,1.88788741924487E-16,0.));
#2645=DIRECTION('',(1.,-1.88788741924487E-16,0.));
#2646=DIRECTION('center_axis',(-8.21723056639116E-33,4.71844785465692E-16,
-1.));
#2647=DIRECTION('ref_axis',(0.707106781186553,-0.707106781186543,0.));
#2648=DIRECTION('',(8.21723056639116E-33,-4.71844785465692E-16,1.));
#2649=DIRECTION('',(-8.21723056639116E-33,4.71844785465692E-16,-1.));
#2650=DIRECTION('center_axis',(1.23258463516165E-31,-1.,0.));
#2651=DIRECTION('ref_axis',(0.707106781186554,0.,0.707106781186541));
#2652=DIRECTION('',(-1.23258463516165E-31,1.,0.));
#2653=DIRECTION('',(1.23258463516165E-31,-1.,0.));
#2654=DIRECTION('center_axis',(8.21723056639116E-33,-4.44089209850063E-16,
1.));
#2655=DIRECTION('ref_axis',(0.707106781186551,0.707106781186544,0.));
#2656=DIRECTION('',(-8.21723056639116E-33,4.44089209850063E-16,-1.));
#2657=DIRECTION('center_axis',(-1.23258463516165E-31,1.,0.));
#2658=DIRECTION('ref_axis',(0.707106781186551,0.,-0.707106781186544));
#2659=DIRECTION('',(-1.23258463516165E-31,1.,0.));
#2660=DIRECTION('',(1.23258463516165E-31,-1.,0.));
#2661=DIRECTION('center_axis',(0.,1.,-9.36772324949955E-31));
#2662=DIRECTION('ref_axis',(0.707106781186548,0.,-0.707106781186548));
#2663=DIRECTION('',(0.,-1.,9.36772324949955E-31));
#2664=DIRECTION('',(0.,1.,-9.36772324949955E-31));
#2665=DIRECTION('center_axis',(0.,1.57653371896393E-16,1.));
#2666=DIRECTION('ref_axis',(-0.707106781186547,-0.707106781186548,0.));
#2667=DIRECTION('',(0.,-1.57653371896393E-16,-1.));
#2668=DIRECTION('',(0.,1.57653371896393E-16,1.));
#2669=DIRECTION('center_axis',(0.,-1.,0.));
#2670=DIRECTION('ref_axis',(-0.707106781186544,0.,-0.707106781186551));
#2671=DIRECTION('',(0.,-1.,0.));
#2672=DIRECTION('',(0.,1.,0.));
#2673=DIRECTION('center_axis',(-1.77635683940025E-15,-1.,0.));
#2674=DIRECTION('ref_axis',(0.707106781186544,-3.14018491736755E-15,-0.707106781186551));
#2675=DIRECTION('',(1.77635683940025E-15,1.,0.));
#2676=DIRECTION('center_axis',(0.,-1.,9.36772324949955E-31));
#2677=DIRECTION('ref_axis',(0.707106781186548,0.,0.707106781186548));
#2678=DIRECTION('',(0.,-1.,9.36772324949955E-31));
#2679=DIRECTION('',(0.,1.,-9.36772324949955E-31));
#2680=DIRECTION('center_axis',(-1.,-1.77635683940026E-15,0.));
#2681=DIRECTION('ref_axis',(0.,0.707106781186544,-0.707106781186551));
#2682=DIRECTION('',(1.,1.77635683940026E-15,0.));
#2683=DIRECTION('',(-1.,-1.77635683940026E-15,0.));
#2684=DIRECTION('center_axis',(0.,-5.65251379030859E-15,-1.));
#2685=DIRECTION('ref_axis',(-0.707106781186548,0.707106781186548,-1.25607396694702E-14));
#2686=DIRECTION('',(0.,-5.65251379030859E-15,-1.));
#2687=DIRECTION('',(0.,5.65251379030859E-15,1.));
#2688=DIRECTION('center_axis',(0.,-1.,0.));
#2689=DIRECTION('ref_axis',(-0.707106781186544,0.,-0.707106781186551));
#2690=DIRECTION('',(0.,1.,0.));
#2691=DIRECTION('',(0.,-1.,0.));
#2692=DIRECTION('center_axis',(0.,0.,1.));
#2693=DIRECTION('ref_axis',(0.,1.,0.));
#2694=DIRECTION('',(0.,1.,0.));
#2695=DIRECTION('',(0.,1.,0.));
#2696=DIRECTION('',(0.,1.,0.));
#2697=DIRECTION('center_axis',(-1.88788741924487E-16,-1.,-4.71844785465692E-16));
#2698=DIRECTION('ref_axis',(0.,4.71844785465692E-16,-1.));
#2699=DIRECTION('center_axis',(-1.77635683940025E-15,-1.,0.));
#2700=DIRECTION('ref_axis',(-1.,1.77635683940025E-15,-4.04891256782216E-16));
#2701=DIRECTION('',(-1.77635683940025E-15,-1.,0.));
#2702=DIRECTION('',(-1.77635683940025E-15,-1.,0.));
#2703=DIRECTION('center_axis',(-5.27355936696951E-16,9.36772324949955E-31,
1.));
#2704=DIRECTION('ref_axis',(-1.,1.73194791841525E-15,-5.27355936696951E-16));
#2705=DIRECTION('center_axis',(5.27355936696951E-16,-5.81016716220498E-15,
-1.));
#2706=DIRECTION('ref_axis',(-1.,-1.73194791841525E-15,-5.27355936696941E-16));
#2707=DIRECTION('',(-1.77635683940025E-15,1.,-5.81016716220499E-15));
#2708=DIRECTION('center_axis',(1.77635683940025E-15,-1.,5.81016716220498E-15));
#2709=DIRECTION('ref_axis',(-1.,-1.77635683940025E-15,-4.04891256782205E-16));
#2710=DIRECTION('',(-1.77635683940025E-15,1.,-5.81016716220499E-15));
#2711=DIRECTION('center_axis',(-5.27355936696951E-16,5.81016716220498E-15,
1.));
#2712=DIRECTION('ref_axis',(1.,1.73194791841525E-15,5.27355936696941E-16));
#2713=DIRECTION('',(0.,-1.,5.81016716220498E-15));
#2714=DIRECTION('center_axis',(1.77635683940026E-15,-1.,5.65251379030859E-15));
#2715=DIRECTION('ref_axis',(1.,1.77635683940026E-15,5.27355936696941E-16));
#2716=DIRECTION('center_axis',(-1.77635683940026E-15,1.,-5.65251379030859E-15));
#2717=DIRECTION('ref_axis',(1.,1.77635683940026E-15,5.27355936696941E-16));
#2718=DIRECTION('center_axis',(-1.77635683940026E-15,1.,-5.65251379030859E-15));
#2719=DIRECTION('ref_axis',(1.,1.77635683940026E-15,5.27355936696941E-16));
#2720=DIRECTION('center_axis',(-1.77635683940026E-15,1.,-5.65251379030859E-15));
#2721=DIRECTION('ref_axis',(1.,1.77635683940026E-15,5.27355936696941E-16));
#2722=DIRECTION('center_axis',(-1.77635683940026E-15,1.,-5.65251379030859E-15));
#2723=DIRECTION('ref_axis',(1.,1.77635683940026E-15,5.27355936696941E-16));
#2724=DIRECTION('center_axis',(-1.77635683940026E-15,1.,-5.65251379030859E-15));
#2725=DIRECTION('ref_axis',(1.,1.77635683940026E-15,5.27355936696941E-16));
#2726=DIRECTION('center_axis',(-1.77635683940026E-15,1.,-5.65251379030859E-15));
#2727=DIRECTION('ref_axis',(1.,1.77635683940026E-15,5.27355936696941E-16));
#2728=DIRECTION('center_axis',(-1.77635683940026E-15,1.,-5.65251379030859E-15));
#2729=DIRECTION('ref_axis',(1.,1.77635683940026E-15,5.27355936696941E-16));
#2730=DIRECTION('center_axis',(-1.77635683940026E-15,1.,-5.65251379030859E-15));
#2731=DIRECTION('ref_axis',(1.,1.77635683940026E-15,5.27355936696941E-16));
#2732=DIRECTION('center_axis',(-1.77635683940026E-15,1.,-5.65251379030859E-15));
#2733=DIRECTION('ref_axis',(1.,1.77635683940026E-15,5.27355936696941E-16));
#2734=DIRECTION('center_axis',(1.,1.23258463516165E-31,-8.2172305663911E-33));
#2735=DIRECTION('ref_axis',(-1.23258463516165E-31,1.,0.));
#2736=DIRECTION('center_axis',(-1.,6.70223620646777E-32,-9.86076131526264E-32));
#2737=DIRECTION('ref_axis',(6.70223620646777E-32,1.,0.));
#2738=DIRECTION('center_axis',(-1.,0.,-9.86076131526264E-32));
#2739=DIRECTION('ref_axis',(0.,1.,0.));
#2740=DIRECTION('center_axis',(-1.,0.,-9.85287982728365E-46));
#2741=DIRECTION('ref_axis',(0.,1.,0.));
#2742=DIRECTION('center_axis',(-1.,2.21867129593405E-31,-9.85287982728365E-46));
#2743=DIRECTION('ref_axis',(2.21867129593405E-31,1.,0.));
#2744=DIRECTION('center_axis',(-1.77635683940026E-15,-1.,1.57653371896393E-16));
#2745=DIRECTION('ref_axis',(1.,-1.77635683940026E-15,5.27355936696951E-16));
#2746=DIRECTION('center_axis',(1.77635683940026E-15,1.,-1.57653371896393E-16));
#2747=DIRECTION('ref_axis',(1.,-1.77635683940026E-15,5.27355936696951E-16));
#2748=DIRECTION('center_axis',(1.77635683940026E-15,1.,-1.57653371896393E-16));
#2749=DIRECTION('ref_axis',(1.,-1.77635683940026E-15,5.27355936696951E-16));
#2750=DIRECTION('center_axis',(1.77635683940026E-15,1.,-1.57653371896393E-16));
#2751=DIRECTION('ref_axis',(1.,-1.77635683940026E-15,5.27355936696951E-16));
#2752=DIRECTION('center_axis',(1.77635683940026E-15,1.,-1.57653371896393E-16));
#2753=DIRECTION('ref_axis',(1.,-1.77635683940026E-15,5.27355936696951E-16));
#2754=DIRECTION('center_axis',(1.77635683940026E-15,1.,-1.57653371896393E-16));
#2755=DIRECTION('ref_axis',(1.,-1.77635683940026E-15,5.27355936696951E-16));
#2756=DIRECTION('center_axis',(1.77635683940026E-15,1.,-1.57653371896393E-16));
#2757=DIRECTION('ref_axis',(1.,-1.77635683940026E-15,5.27355936696951E-16));
#2758=DIRECTION('center_axis',(1.77635683940026E-15,1.,-1.57653371896393E-16));
#2759=DIRECTION('ref_axis',(1.,-1.77635683940026E-15,5.27355936696951E-16));
#2760=DIRECTION('center_axis',(1.77635683940026E-15,1.,-1.57653371896393E-16));
#2761=DIRECTION('ref_axis',(1.,-1.77635683940026E-15,5.27355936696951E-16));
#2762=DIRECTION('center_axis',(1.77635683940026E-15,1.,-1.57653371896393E-16));
#2763=DIRECTION('ref_axis',(1.,-1.77635683940026E-15,5.27355936696951E-16));
#2764=DIRECTION('center_axis',(1.,0.,0.));
#2765=DIRECTION('ref_axis',(0.,1.,0.));
#2766=DIRECTION('',(-1.,0.,0.));
#2767=DIRECTION('center_axis',(-1.,6.70223620646777E-32,-9.86076131526264E-32));
#2768=DIRECTION('ref_axis',(6.70223620646777E-32,1.,0.));
#2769=DIRECTION('center_axis',(1.,0.,0.));
#2770=DIRECTION('ref_axis',(0.,1.,0.));
#2771=DIRECTION('',(-1.,0.,0.));
#2772=DIRECTION('center_axis',(-1.,0.,-9.86076131526264E-32));
#2773=DIRECTION('ref_axis',(0.,1.,0.));
#2774=DIRECTION('center_axis',(1.,0.,0.));
#2775=DIRECTION('ref_axis',(0.,1.,0.));
#2776=DIRECTION('',(-1.,0.,0.));
#2777=DIRECTION('center_axis',(-1.,0.,-9.85287982728365E-46));
#2778=DIRECTION('ref_axis',(0.,1.,0.));
#2779=DIRECTION('center_axis',(1.,0.,0.));
#2780=DIRECTION('ref_axis',(0.,1.,0.));
#2781=DIRECTION('',(-1.,0.,0.));
#2782=DIRECTION('center_axis',(-1.,2.21867129593405E-31,-9.85287982728365E-46));
#2783=DIRECTION('ref_axis',(2.21867129593405E-31,1.,0.));
#2784=DIRECTION('center_axis',(0.,0.,1.));
#2785=DIRECTION('ref_axis',(-7.19690413806571E-38,-1.,0.));
#2786=DIRECTION('',(1.7763571615868E-15,0.999999999999813,-6.10947665791058E-7));
#2787=DIRECTION('',(7.19690413806571E-38,1.,0.));
#2788=DIRECTION('',(1.77635651721304E-15,0.999999999999813,6.10947670231951E-7));
#2789=DIRECTION('center_axis',(1.,0.,0.));
#2790=DIRECTION('ref_axis',(0.,-0.672768691331136,0.739852882649376));
#2791=DIRECTION('',(1.,0.,0.));
#2792=DIRECTION('center_axis',(1.,0.,0.));
#2793=DIRECTION('ref_axis',(0.,-0.672768691331136,0.739852882649376));
#2794=DIRECTION('',(1.,0.,0.));
#2795=DIRECTION('center_axis',(1.,1.23258463516165E-31,-8.2172305663911E-33));
#2796=DIRECTION('ref_axis',(-1.23258463516165E-31,1.,0.));
#2797=DIRECTION('',(5.27355936696951E-16,-9.95588638354268E-32,-1.));
#2798=DIRECTION('',(-5.27355936696951E-16,1.22533986258987E-31,1.));
#2799=DIRECTION('',(0.,-1.,0.));
#2800=DIRECTION('',(0.,-1.,0.));
#2801=DIRECTION('center_axis',(-2.32355374676292E-16,-1.,0.));
#2802=DIRECTION('ref_axis',(0.,0.,-1.));
#2803=DIRECTION('',(1.,-2.32355374676292E-16,0.));
#2804=DIRECTION('',(-5.27355936696951E-16,1.22533986258987E-31,1.));
#2805=DIRECTION('',(1.,-2.32355374676292E-16,0.));
#2806=DIRECTION('center_axis',(1.41956973792487E-22,6.10947665791058E-7,
0.999999999999813));
#2807=DIRECTION('ref_axis',(-2.2204460492499E-15,-0.999999999999813,6.10947665791058E-7));
#2808=DIRECTION('center_axis',(1.,-1.77635683940025E-15,5.27355936696951E-16));
#2809=DIRECTION('ref_axis',(-5.27355936696951E-16,1.57653371896394E-16,
1.));
#2810=DIRECTION('',(5.27355936696951E-16,-9.95588638354268E-32,-1.));
#2811=DIRECTION('',(0.,-1.,0.));
#2812=DIRECTION('center_axis',(1.,0.,0.));
#2813=DIRECTION('ref_axis',(0.,1.,0.));
#2814=DIRECTION('',(0.,-1.,0.));
#2815=DIRECTION('center_axis',(-1.15340042044786E-22,-6.10947670231951E-7,
0.999999999999813));
#2816=DIRECTION('ref_axis',(2.2204460492499E-15,-0.999999999999813,-6.10947670231951E-7));
#2817=DIRECTION('',(1.,-1.88788741924487E-16,0.));
#2818=DIRECTION('center_axis',(1.88788741924487E-16,1.,0.));
#2819=DIRECTION('ref_axis',(0.,0.,1.));
#2820=DIRECTION('',(1.,-1.88788741924487E-16,0.));
#2821=DIRECTION('center_axis',(0.,0.,-1.));
#2822=DIRECTION('ref_axis',(0.,-1.,0.));
#2823=DIRECTION('',(-1.,0.,0.));
#2824=DIRECTION('center_axis',(-1.,0.,0.));
#2825=DIRECTION('ref_axis',(0.,1.,0.));
#2826=DIRECTION('center_axis',(1.,0.,0.));
#2827=DIRECTION('ref_axis',(0.,1.,0.));
#2828=DIRECTION('',(-1.,0.,0.));
#2829=DIRECTION('center_axis',(0.,0.,-1.));
#2830=DIRECTION('ref_axis',(0.,-1.,0.));
#2831=DIRECTION('center_axis',(1.,0.,0.));
#2832=DIRECTION('ref_axis',(0.,1.,0.));
#2833=DIRECTION('center_axis',(1.77635683940025E-15,-1.,5.81016716220498E-15));
#2834=DIRECTION('ref_axis',(1.,1.77635683940025E-15,5.27355936696941E-16));
#2835=DIRECTION('',(1.77635683940025E-15,-1.,5.81016716220498E-15));
#2836=DIRECTION('center_axis',(1.77635683940025E-15,-1.,5.81016716220498E-15));
#2837=DIRECTION('ref_axis',(1.,1.77635683940025E-15,5.27355936696941E-16));
#2838=DIRECTION('',(1.77635683940025E-15,-1.,5.81016716220498E-15));
#2839=DIRECTION('center_axis',(1.77635683940025E-15,-1.,5.81016716220498E-15));
#2840=DIRECTION('ref_axis',(1.,1.77635683940025E-15,5.27355936696941E-16));
#2841=DIRECTION('',(1.77635683940025E-15,-1.,5.81016716220498E-15));
#2842=DIRECTION('center_axis',(1.77635683940025E-15,-1.,5.81016716220498E-15));
#2843=DIRECTION('ref_axis',(1.,1.77635683940025E-15,5.27355936696941E-16));
#2844=DIRECTION('',(1.77635683940025E-15,-1.,5.81016716220498E-15));
#2845=DIRECTION('center_axis',(1.77635683940025E-15,-1.,5.81016716220498E-15));
#2846=DIRECTION('ref_axis',(1.,1.77635683940025E-15,5.27355936696941E-16));
#2847=DIRECTION('',(1.77635683940025E-15,-1.,5.81016716220498E-15));
#2848=DIRECTION('center_axis',(1.77635683940025E-15,-1.,5.81016716220498E-15));
#2849=DIRECTION('ref_axis',(1.,1.77635683940025E-15,5.27355936696941E-16));
#2850=DIRECTION('',(1.77635683940025E-15,-1.,5.81016716220498E-15));
#2851=DIRECTION('center_axis',(1.77635683940025E-15,-1.,5.81016716220498E-15));
#2852=DIRECTION('ref_axis',(1.,1.77635683940025E-15,5.27355936696941E-16));
#2853=DIRECTION('',(1.77635683940025E-15,-1.,5.81016716220498E-15));
#2854=DIRECTION('center_axis',(1.77635683940025E-15,-1.,5.81016716220498E-15));
#2855=DIRECTION('ref_axis',(1.,1.77635683940025E-15,5.27355936696941E-16));
#2856=DIRECTION('',(1.77635683940025E-15,-1.,5.81016716220498E-15));
#2857=DIRECTION('center_axis',(1.77635683940025E-15,-1.,5.81016716220498E-15));
#2858=DIRECTION('ref_axis',(1.,1.77635683940025E-15,5.27355936696941E-16));
#2859=DIRECTION('',(1.77635683940025E-15,-1.,5.81016716220498E-15));
#2860=DIRECTION('center_axis',(-1.77635683940025E-15,-1.,0.));
#2861=DIRECTION('ref_axis',(1.,-1.77635683940025E-15,5.27355936696951E-16));
#2862=DIRECTION('',(1.77635683940025E-15,1.,0.));
#2863=DIRECTION('center_axis',(-1.77635683940025E-15,-1.,0.));
#2864=DIRECTION('ref_axis',(1.,-1.77635683940025E-15,5.27355936696951E-16));
#2865=DIRECTION('',(1.77635683940025E-15,1.,0.));
#2866=DIRECTION('center_axis',(-1.77635683940025E-15,-1.,0.));
#2867=DIRECTION('ref_axis',(1.,-1.77635683940025E-15,5.27355936696951E-16));
#2868=DIRECTION('',(1.77635683940025E-15,1.,0.));
#2869=DIRECTION('center_axis',(-1.77635683940025E-15,-1.,0.));
#2870=DIRECTION('ref_axis',(1.,-1.77635683940025E-15,5.27355936696951E-16));
#2871=DIRECTION('',(1.77635683940025E-15,1.,0.));
#2872=DIRECTION('center_axis',(-1.77635683940025E-15,-1.,0.));
#2873=DIRECTION('ref_axis',(1.,-1.77635683940025E-15,5.27355936696951E-16));
#2874=DIRECTION('',(1.77635683940025E-15,1.,0.));
#2875=DIRECTION('center_axis',(-1.77635683940025E-15,-1.,0.));
#2876=DIRECTION('ref_axis',(1.,-1.77635683940025E-15,5.27355936696951E-16));
#2877=DIRECTION('',(1.77635683940025E-15,1.,0.));
#2878=DIRECTION('center_axis',(-1.77635683940025E-15,-1.,0.));
#2879=DIRECTION('ref_axis',(1.,-1.77635683940025E-15,5.27355936696951E-16));
#2880=DIRECTION('',(1.77635683940025E-15,1.,0.));
#2881=DIRECTION('center_axis',(-1.77635683940025E-15,-1.,0.));
#2882=DIRECTION('ref_axis',(1.,-1.77635683940025E-15,5.27355936696951E-16));
#2883=DIRECTION('',(1.77635683940025E-15,1.,0.));
#2884=DIRECTION('center_axis',(-1.77635683940025E-15,-1.,0.));
#2885=DIRECTION('ref_axis',(1.,-1.77635683940025E-15,5.27355936696951E-16));
#2886=DIRECTION('',(1.77635683940025E-15,1.,0.));
#2887=DIRECTION('center_axis',(5.27355936696951E-16,-9.36772324949955E-31,
-1.));
#2888=DIRECTION('ref_axis',(1.,-1.73194791841525E-15,5.27355936696951E-16));
#2889=CARTESIAN_POINT('',(0.,0.,0.));
#2890=CARTESIAN_POINT('Origin',(54.,-6.00000059604664,53.7499996423721));
#2891=CARTESIAN_POINT('',(54.,-5.00000059604666,51.7499996423721));
#2892=CARTESIAN_POINT('',(54.,-6.00000059604664,52.7499996423721));
#2893=CARTESIAN_POINT('Origin',(54.,-6.00000059604664,51.7499996423721));
#2894=CARTESIAN_POINT('',(55.,-6.00000059604664,53.7499996423721));
#2895=CARTESIAN_POINT('Origin',(54.,-6.00000059604664,53.7499996423721));
#2896=CARTESIAN_POINT('',(55.,-5.00000059604666,52.0179488348033));
#2897=CARTESIAN_POINT('Ctrl Pts',(55.,-5.00000059604664,52.0179488348033));
#2898=CARTESIAN_POINT('Ctrl Pts',(55.,-5.00000059604664,52.1576790638147));
#2899=CARTESIAN_POINT('Ctrl Pts',(55.,-5.02761103543441,52.323066478004));
#2900=CARTESIAN_POINT('Ctrl Pts',(55.,-5.11781267817369,52.6138449210018));
#2901=CARTESIAN_POINT('Ctrl Pts',(55.,-5.20471043336862,52.7913798930665));
#2902=CARTESIAN_POINT('Ctrl Pts',(55.,-5.47487152790524,53.2176048655317));
#2903=CARTESIAN_POINT('Ctrl Pts',(55.,-5.75964386788945,53.509642914215));
#2904=CARTESIAN_POINT('Ctrl Pts',(55.,-6.00000059604664,53.7499996423721));
#2905=CARTESIAN_POINT('Origin',(54.,-5.00000059604666,53.7499996423721));
#2906=CARTESIAN_POINT('Origin',(51.3125,-6.00000059604665,51.7499996423721));
#2907=CARTESIAN_POINT('',(35.,-5.00000059604662,51.7499996423721));
#2908=CARTESIAN_POINT('',(35.,-6.00000059604662,52.7499996423721));
#2909=CARTESIAN_POINT('Origin',(35.,-6.00000059604662,51.7499996423721));
#2910=CARTESIAN_POINT('',(51.3125,-6.00000059604665,52.7499996423721));
#2911=CARTESIAN_POINT('',(51.3125,-5.00000059604665,51.7499996423721));
#2912=CARTESIAN_POINT('Origin',(35.,-6.00000059604662,42.9999996423721));
#2913=CARTESIAN_POINT('',(35.,-5.00000059604662,34.2499996423721));
#2914=CARTESIAN_POINT('',(35.,-6.00000059604662,33.2499996423721));
#2915=CARTESIAN_POINT('Origin',(35.,-6.00000059604662,34.2499996423721));
#2916=CARTESIAN_POINT('Origin',(35.,-6.00000059604662,42.9999996423721));
#2917=CARTESIAN_POINT('Origin',(35.,-5.00000059604662,42.9999996423721));
#2918=CARTESIAN_POINT('Origin',(38.8125,-6.00000059604663,34.2499996423721));
#2919=CARTESIAN_POINT('',(54.,-5.00000059604666,34.2499996423721));
#2920=CARTESIAN_POINT('',(54.,-6.00000059604666,33.2499996423721));
#2921=CARTESIAN_POINT('Origin',(54.,-6.00000059604666,34.2499996423721));
#2922=CARTESIAN_POINT('',(38.8125,-6.00000059604663,33.2499996423721));
#2923=CARTESIAN_POINT('',(38.8125,-5.00000059604663,34.2499996423721));
#2924=CARTESIAN_POINT('Origin',(54.,-6.00000059604664,32.2499996423721));
#2925=CARTESIAN_POINT('',(55.,-5.00000059604666,33.982050449941));
#2926=CARTESIAN_POINT('',(55.,-6.00000059604664,32.2499996423721));
#2927=CARTESIAN_POINT('Ctrl Pts',(55.,-6.00000059604664,32.2499996423721));
#2928=CARTESIAN_POINT('Ctrl Pts',(55.,-5.75964386788945,32.4903563705293));
#2929=CARTESIAN_POINT('Ctrl Pts',(55.,-5.47487152790524,32.7823944192126));
#2930=CARTESIAN_POINT('Ctrl Pts',(55.,-5.20471043336862,33.2086193916778));
#2931=CARTESIAN_POINT('Ctrl Pts',(55.,-5.1178126781737,33.3861543637424));
#2932=CARTESIAN_POINT('Ctrl Pts',(55.,-5.02761103543441,33.6769328067403));
#2933=CARTESIAN_POINT('Ctrl Pts',(55.,-5.00000059604664,33.8423202209296));
#2934=CARTESIAN_POINT('Ctrl Pts',(55.,-5.00000059604664,33.982050449941));
#2935=CARTESIAN_POINT('Origin',(54.,-6.00000059604664,32.2499996423721));
#2936=CARTESIAN_POINT('Origin',(54.,-5.00000059604666,32.2499996423721));
#2937=CARTESIAN_POINT('Origin',(42.625,-5.00000059604664,42.9999996423721));
#2938=CARTESIAN_POINT('',(55.,-5.00000059604666,42.9999996423721));
#2939=CARTESIAN_POINT('',(34.,-5.00000059604662,49.9999996423721));
#2940=CARTESIAN_POINT('Origin',(35.,-5.00000059604662,49.9999996423721));
#2941=CARTESIAN_POINT('',(41.,-5.00000059604663,42.9999996423721));
#2942=CARTESIAN_POINT('Origin',(42.,-5.00000059604664,42.9999996423721));
#2943=CARTESIAN_POINT('',(38.9497474683058,-5.00000059604663,38.0502521740663));
#2944=CARTESIAN_POINT('Origin',(39.9497474683058,-5.00000059604663,38.0502521740663));
#2945=CARTESIAN_POINT('',(33.5,-5.00000059604662,42.9999996423721));
#2946=CARTESIAN_POINT('Origin',(35.,-5.00000059604662,42.9999996423721));
#2947=CARTESIAN_POINT('',(38.9497474683058,-5.00000059604663,47.9497471106779));
#2948=CARTESIAN_POINT('Origin',(39.9497474683058,-5.00000059604663,47.9497471106779));
#2949=CARTESIAN_POINT('',(34.,-5.00000059604662,35.9999996423721));
#2950=CARTESIAN_POINT('Origin',(35.,-5.00000059604662,35.9999996423721));
#2951=CARTESIAN_POINT('',(27.,-5.00000059604661,42.9999996423721));
#2952=CARTESIAN_POINT('Origin',(28.,-5.00000059604661,42.9999996423721));
#2953=CARTESIAN_POINT('',(29.0502525316942,-5.00000059604661,38.0502521740663));
#2954=CARTESIAN_POINT('Origin',(30.0502525316942,-5.00000059604662,38.0502521740663));
#2955=CARTESIAN_POINT('',(29.0502525316942,-5.00000059604661,47.9497471106779));
#2956=CARTESIAN_POINT('Origin',(30.0502525316942,-5.00000059604661,47.9497471106779));
#2957=CARTESIAN_POINT('Origin',(38.8125,32.2499994039537,34.249999642372));
#2958=CARTESIAN_POINT('',(35.,31.2499994039537,34.249999642372));
#2959=CARTESIAN_POINT('',(35.,32.2499994039537,33.249999642372));
#2960=CARTESIAN_POINT('Origin',(35.,32.2499994039537,34.249999642372));
#2961=CARTESIAN_POINT('',(55.,32.2499994039537,33.249999642372));
#2962=CARTESIAN_POINT('',(38.8125,32.2499994039537,33.249999642372));
#2963=CARTESIAN_POINT('',(55.,31.2499994039537,34.249999642372));
#2964=CARTESIAN_POINT('Origin',(55.,32.2499994039537,34.249999642372));
#2965=CARTESIAN_POINT('',(38.8125,31.2499994039537,34.249999642372));
#2966=CARTESIAN_POINT('Origin',(35.,32.2499994039537,42.999999642372));
#2967=CARTESIAN_POINT('',(35.,31.2499994039538,51.749999642372));
#2968=CARTESIAN_POINT('',(35.,32.2499994039538,52.749999642372));
#2969=CARTESIAN_POINT('Origin',(35.,32.2499994039538,51.749999642372));
#2970=CARTESIAN_POINT('Origin',(35.,32.2499994039537,42.999999642372));
#2971=CARTESIAN_POINT('Origin',(35.,31.2499994039537,42.999999642372));
#2972=CARTESIAN_POINT('Origin',(51.3125,32.2499994039538,51.749999642372));
#2973=CARTESIAN_POINT('',(54.,31.2499994039538,51.749999642372));
#2974=CARTESIAN_POINT('',(54.,32.2499994039538,52.749999642372));
#2975=CARTESIAN_POINT('Origin',(54.,32.2499994039538,51.749999642372));
#2976=CARTESIAN_POINT('',(51.3125,32.2499994039538,52.749999642372));
#2977=CARTESIAN_POINT('',(51.3125,31.2499994039538,51.749999642372));
#2978=CARTESIAN_POINT('Origin',(54.,32.2499994039538,53.749999642372));
#2979=CARTESIAN_POINT('',(55.,31.2499994039538,52.0179488348032));
#2980=CARTESIAN_POINT('',(55.,32.2499994039538,53.749999642372));
#2981=CARTESIAN_POINT('Ctrl Pts',(55.,32.2499994039538,53.749999642372));
#2982=CARTESIAN_POINT('Ctrl Pts',(55.,31.9729011818729,53.4729014202911));
#2983=CARTESIAN_POINT('Ctrl Pts',(55.,31.6460866877651,53.134776370168));
#2984=CARTESIAN_POINT('Ctrl Pts',(55.,31.3395714038516,52.5652691692212));
#2985=CARTESIAN_POINT('Ctrl Pts',(55.,31.2499994039538,52.2728262566787));
#2986=CARTESIAN_POINT('Ctrl Pts',(55.,31.2499994039538,52.0179488348031));
#2987=CARTESIAN_POINT('Origin',(54.,32.2499994039538,53.749999642372));
#2988=CARTESIAN_POINT('Origin',(54.,31.2499994039538,53.749999642372));
#2989=CARTESIAN_POINT('Origin',(42.625,31.2499994039538,42.999999642372));
#2990=CARTESIAN_POINT('',(55.,31.2499994039538,42.999999642372));
#2991=CARTESIAN_POINT('',(34.,31.2499994039538,49.999999642372));
#2992=CARTESIAN_POINT('Origin',(35.,31.2499994039538,49.999999642372));
#2993=CARTESIAN_POINT('',(41.,31.2499994039537,42.999999642372));
#2994=CARTESIAN_POINT('Origin',(42.,31.2499994039537,42.999999642372));
#2995=CARTESIAN_POINT('',(38.9497474683058,31.2499994039537,38.0502521740662));
#2996=CARTESIAN_POINT('Origin',(39.9497474683058,31.2499994039537,38.0502521740662));
#2997=CARTESIAN_POINT('',(33.5,31.2499994039537,42.999999642372));
#2998=CARTESIAN_POINT('Origin',(35.,31.2499994039537,42.999999642372));
#2999=CARTESIAN_POINT('',(38.9497474683058,31.2499994039538,47.9497471106778));
#3000=CARTESIAN_POINT('Origin',(39.9497474683058,31.2499994039538,47.9497471106778));
#3001=CARTESIAN_POINT('',(34.,31.2499994039537,35.999999642372));
#3002=CARTESIAN_POINT('Origin',(35.,31.2499994039537,35.999999642372));
#3003=CARTESIAN_POINT('',(27.,31.2499994039537,42.999999642372));
#3004=CARTESIAN_POINT('Origin',(28.,31.2499994039537,42.999999642372));
#3005=CARTESIAN_POINT('',(29.0502525316942,31.2499994039537,38.0502521740662));
#3006=CARTESIAN_POINT('Origin',(30.0502525316942,31.2499994039537,38.0502521740662));
#3007=CARTESIAN_POINT('',(29.0502525316942,31.2499994039538,47.9497471106778));
#3008=CARTESIAN_POINT('Origin',(30.0502525316942,31.2499994039538,47.9497471106778));
#3009=CARTESIAN_POINT('Origin',(60.,-5.00000059604667,33.2499996423721));
#3010=CARTESIAN_POINT('',(60.,-9.00000059604667,56.999999642372));
#3011=CARTESIAN_POINT('',(60.,-1.57500059604639,57.0000002533195));
#3012=CARTESIAN_POINT('',(60.,-7.50000059604662,56.999999642372));
#3013=CARTESIAN_POINT('',(60.,-9.00000059604667,28.999999642372));
#3014=CARTESIAN_POINT('',(60.,-9.00000059604667,38.1249996423721));
#3015=CARTESIAN_POINT('',(60.,-1.57500059604637,28.999999642372));
#3016=CARTESIAN_POINT('',(60.,-2.18750059604649,28.999999642372));
#3017=CARTESIAN_POINT('',(60.,-1.57500059604638,45.6249996423721));
#3018=CARTESIAN_POINT('Ctrl Pts',(59.,26.8249994039536,57.999999642372));
#3019=CARTESIAN_POINT('Ctrl Pts',(59.1745328997433,27.1740652034402,57.999999642372));
#3020=CARTESIAN_POINT('Ctrl Pts',(59.3488500022248,27.5226994084031,57.9532915226693));
#3021=CARTESIAN_POINT('Ctrl Pts',(59.499999933863,27.8249992716795,57.8660250843407));
#3022=CARTESIAN_POINT('Ctrl Pts',(59.,26.8249994039536,57.999999642372));
#3023=CARTESIAN_POINT('Ctrl Pts',(59.2327105329911,27.1158875701924,57.999999642372));
#3024=CARTESIAN_POINT('Ctrl Pts',(59.4642727564507,27.4063272250064,57.9195618897223));
#3025=CARTESIAN_POINT('Ctrl Pts',(59.6365838589804,27.6428873875822,57.7871683323148));
#3026=CARTESIAN_POINT('Ctrl Pts',(59.,26.8249994039536,57.999999642372));
#3027=CARTESIAN_POINT('Ctrl Pts',(59.2908881662388,27.0577099369446,57.999999642372));
#3028=CARTESIAN_POINT('Ctrl Pts',(59.5813278210528,27.2892721604043,57.9195618897223));
#3029=CARTESIAN_POINT('Ctrl Pts',(59.8178879836286,27.461583262934,57.7871683323148));
#3030=CARTESIAN_POINT('Ctrl Pts',(59.,26.8249994039536,57.999999642372));
#3031=CARTESIAN_POINT('Ctrl Pts',(59.3490657994866,26.9995323036969,57.999999642372));
#3032=CARTESIAN_POINT('Ctrl Pts',(59.6977000044495,27.1738494061783,57.9532915226693));
#3033=CARTESIAN_POINT('Ctrl Pts',(59.999999867726,27.3249993378166,57.8660250843407));
#3034=CARTESIAN_POINT('',(60.,27.3249994039536,57.8660256571042));
#3035=CARTESIAN_POINT('',(59.499999933863,27.8249992716795,57.8660250843407));
#3036=CARTESIAN_POINT('Origin',(59.999999867726,27.8249992716795,58.7320505263094));
#3037=CARTESIAN_POINT('',(59.,26.8249994039536,57.999999642372));
#3038=CARTESIAN_POINT('Origin',(59.,26.8249994039536,56.999999642372));
#3039=CARTESIAN_POINT('Origin',(59.,26.8249994039536,56.999999642372));
#3040=CARTESIAN_POINT('Origin',(61.,28.8249994039536,30.6249996423721));
#3041=CARTESIAN_POINT('',(60.,28.8249994039536,56.999999642372));
#3042=CARTESIAN_POINT('',(61.,27.8249994039536,57.0000002533195));
#3043=CARTESIAN_POINT('Origin',(61.,28.8249994039536,56.999999642372));
#3044=CARTESIAN_POINT('',(61.,27.8249994039536,28.999999642372));
#3045=CARTESIAN_POINT('',(61.,27.8249994039536,30.6249996423721));
#3046=CARTESIAN_POINT('',(60.0000000000001,28.8249994039536,28.999999642372));
#3047=CARTESIAN_POINT('Origin',(61.,28.8249994039536,28.999999642372));
#3048=CARTESIAN_POINT('',(60.0000000000001,28.8249994039536,30.6249996423721));
#3049=CARTESIAN_POINT('Ctrl Pts',(59.,26.8249994039536,27.999999642372));
#3050=CARTESIAN_POINT('Ctrl Pts',(59.4487989505129,27.04939887921,27.999999642372));
#3051=CARTESIAN_POINT('Ctrl Pts',(60.1940493188576,27.4220240633824,28.1311499813033));
#3052=CARTESIAN_POINT('Ctrl Pts',(60.8631312960904,27.7565650519988,28.5517431259375));
#3053=CARTESIAN_POINT('Ctrl Pts',(61.,27.8249994039536,28.8503999922011));
#3054=CARTESIAN_POINT('Ctrl Pts',(61.,27.8249994039536,28.999999642372));
#3055=CARTESIAN_POINT('Ctrl Pts',(59.,26.8249994039536,27.999999642372));
#3056=CARTESIAN_POINT('Ctrl Pts',(59.4060561933212,27.0921416364017,27.999999642372));
#3057=CARTESIAN_POINT('Ctrl Pts',(60.0811247180313,27.5349586815638,28.1910131699419));
#3058=CARTESIAN_POINT('Ctrl Pts',(60.6169172372586,27.8072077899705,28.6755189290196));
#3059=CARTESIAN_POINT('Ctrl Pts',(60.7008006996582,27.8249994039536,28.8958321357011));
#3060=CARTESIAN_POINT('Ctrl Pts',(60.7008006996582,27.8249994039536,28.999999642372));
#3061=CARTESIAN_POINT('Ctrl Pts',(59.,26.8249994039536,27.999999642372));
#3062=CARTESIAN_POINT('Ctrl Pts',(59.3312563682357,27.1669414614872,27.999999642372));
#3063=CARTESIAN_POINT('Ctrl Pts',(59.8806809733847,27.7345130057813,28.2349338689224));
#3064=CARTESIAN_POINT('Ctrl Pts',(60.1874915264439,28.0714750701043,28.7793691957485));
#3065=CARTESIAN_POINT('Ctrl Pts',(60.1829721721077,28.0762720188784,28.9348641348213));
#3066=CARTESIAN_POINT('Ctrl Pts',(60.1829721721077,28.0762720188784,28.999999642372));
#3067=CARTESIAN_POINT('Ctrl Pts',(59.,26.8249994039536,27.999999642372));
#3068=CARTESIAN_POINT('Ctrl Pts',(59.2564565431502,27.2417412865727,27.999999642372));
#3069=CARTESIAN_POINT('Ctrl Pts',(59.6808099479457,27.9335294639143,28.176239421017));
#3070=CARTESIAN_POINT('Ctrl Pts',(59.9692880247995,28.5032287661388,28.6437357112359));
#3071=CARTESIAN_POINT('Ctrl Pts',(60.0000000000001,28.6005999286972,28.8840229915669));
#3072=CARTESIAN_POINT('Ctrl Pts',(60.0000000000001,28.6005999286972,28.999999642372));
#3073=CARTESIAN_POINT('Ctrl Pts',(59.,26.8249994039536,27.999999642372));
#3074=CARTESIAN_POINT('Ctrl Pts',(59.2243994752565,27.2737983544665,27.999999642372));
#3075=CARTESIAN_POINT('Ctrl Pts',(59.5970246594288,28.0190487228112,28.1311499813033));
#3076=CARTESIAN_POINT('Ctrl Pts',(59.9315656480452,28.6881307000439,28.5517431259375));
#3077=CARTESIAN_POINT('Ctrl Pts',(60.0000000000001,28.8249994039536,28.8503999922011));
#3078=CARTESIAN_POINT('Ctrl Pts',(60.0000000000001,28.8249994039536,28.999999642372));
#3079=CARTESIAN_POINT('',(59.,26.8249994039536,27.999999642372));
#3080=CARTESIAN_POINT('Origin',(59.,26.8249994039536,28.999999642372));
#3081=CARTESIAN_POINT('Origin',(59.0000000000001,26.8249994039536,28.999999642372));
#3082=CARTESIAN_POINT('Ctrl Pts',(59.499999933863,27.8249992716795,57.8660250843407));
#3083=CARTESIAN_POINT('Ctrl Pts',(59.6295570464688,28.0841134968911,57.7912252636944));
#3084=CARTESIAN_POINT('Ctrl Pts',(59.8168374801118,28.458674364177,57.6172764596921));
#3085=CARTESIAN_POINT('Ctrl Pts',(59.9480216294427,28.7210426628388,57.3445869457715));
#3086=CARTESIAN_POINT('Ctrl Pts',(59.9925112067829,28.8100218175193,57.1495946355206));
#3087=CARTESIAN_POINT('Ctrl Pts',(60.,28.8249994039535,57.0498661960656));
#3088=CARTESIAN_POINT('Ctrl Pts',(60.,28.8249994039535,56.999999642372));
#3089=CARTESIAN_POINT('Ctrl Pts',(59.5780479018708,27.7209353235124,57.8209640769489));
#3090=CARTESIAN_POINT('Ctrl Pts',(59.7180816302135,27.9479665454772,57.7243569802604));
#3091=CARTESIAN_POINT('Ctrl Pts',(59.8978507425363,28.2636452027753,57.5081587488236));
#3092=CARTESIAN_POINT('Ctrl Pts',(59.9770734840083,28.455742577062,57.2524984539628));
#3093=CARTESIAN_POINT('Ctrl Pts',(59.9969687417654,28.5159305743347,57.1044422368098));
#3094=CARTESIAN_POINT('Ctrl Pts',(59.9999999998805,28.5258001006473,57.0347221471279));
#3095=CARTESIAN_POINT('Ctrl Pts',(60.,28.5258001036117,56.999999642372));
#3096=CARTESIAN_POINT('Ctrl Pts',(59.7398206259257,27.5389143221707,57.7858930257371));
#3097=CARTESIAN_POINT('Ctrl Pts',(59.9187915777178,27.7100119431349,57.6719034683529));
#3098=CARTESIAN_POINT('Ctrl Pts',(60.1437646072352,27.9210100811845,57.4193034862882));
#3099=CARTESIAN_POINT('Ctrl Pts',(60.231781692011,27.994765284102,57.1741364782589));
#3100=CARTESIAN_POINT('Ctrl Pts',(60.2492547609766,28.0068776703687,57.0654947628439));
#3101=CARTESIAN_POINT('Ctrl Pts',(60.2512872233025,28.0079890901349,57.0217114798057));
#3102=CARTESIAN_POINT('Ctrl Pts',(60.251287218105,28.0079890978181,56.999999642372));
#3103=CARTESIAN_POINT('Ctrl Pts',(59.9219519821858,27.3835352519717,57.8322293525856));
#3104=CARTESIAN_POINT('Ctrl Pts',(60.1570376319407,27.5209881035738,57.7411674144217));
#3105=CARTESIAN_POINT('Ctrl Pts',(60.4866438426012,27.7017611839575,57.5358991289945));
#3106=CARTESIAN_POINT('Ctrl Pts',(60.6969085373425,27.7946376381801,57.2762574682773));
#3107=CARTESIAN_POINT('Ctrl Pts',(60.7645078499506,27.820913947813,57.1161235338849));
#3108=CARTESIAN_POINT('Ctrl Pts',(60.7756005378317,27.824999400503,57.038658528793));
#3109=CARTESIAN_POINT('Ctrl Pts',(60.7756005247436,27.8249994039535,56.999999642372));
#3110=CARTESIAN_POINT('Ctrl Pts',(59.9999999433111,27.3249992811277,57.8660251170701));
#3111=CARTESIAN_POINT('Ctrl Pts',(60.2591140304938,27.4545565070477,57.7912252423092));
#3112=CARTESIAN_POINT('Ctrl Pts',(60.6336750874947,27.6418368834544,57.6172765109614));
#3113=CARTESIAN_POINT('Ctrl Pts',(60.8960432729813,27.7730210694627,57.3445869324432));
#3114=CARTESIAN_POINT('Ctrl Pts',(60.9850224224963,27.8175106263766,57.1495946239122));
#3115=CARTESIAN_POINT('Ctrl Pts',(61.000000015233,27.8249994039535,57.0498661960656));
#3116=CARTESIAN_POINT('Ctrl Pts',(61.,27.8249994039535,56.999999642372));
#3117=CARTESIAN_POINT('Origin',(59.,26.8249994039536,56.999999642372));
#3118=CARTESIAN_POINT('Origin',(59.,26.8249994039536,56.9999999478458));
#3119=CARTESIAN_POINT('Origin',(60.,26.8249994039536,56.999999642372));
#3120=CARTESIAN_POINT('',(60.,26.8250000149009,57.999999642372));
#3121=CARTESIAN_POINT('',(60.,26.8249994039536,57.999999642372));
#3122=CARTESIAN_POINT('Origin',(60.,26.8249994039536,57.0000002533195));
#3123=CARTESIAN_POINT('Origin',(59.,-7.50000059604661,56.999999642372));
#3124=CARTESIAN_POINT('',(60.0000000000001,35.2499994039539,56.999999642372));
#3125=CARTESIAN_POINT('',(60.,-7.50000059604662,56.999999642372));
#3126=CARTESIAN_POINT('',(59.0000000000001,35.2499994039539,57.999999642372));
#3127=CARTESIAN_POINT('Origin',(59.0000000000001,35.2499994039539,56.999999642372));
#3128=CARTESIAN_POINT('',(59.,-7.50000059604661,57.999999642372));
#3129=CARTESIAN_POINT('Origin',(60.,-5.00000059604667,33.2499996423721));
#3130=CARTESIAN_POINT('',(60.0000000000001,35.2499994039537,28.999999642372));
#3131=CARTESIAN_POINT('',(60.,15.6249994039536,28.999999642372));
#3132=CARTESIAN_POINT('',(60.0000000000001,35.2499994039538,38.124999642372));
#3133=CARTESIAN_POINT('Origin',(60.,27.8249994039536,27.999999642372));
#3134=CARTESIAN_POINT('',(94.75,27.8249994039536,57.0000002533195));
#3135=CARTESIAN_POINT('',(60.,27.8249994039536,57.0000002533195));
#3136=CARTESIAN_POINT('',(96.75,27.8249994039536,56.999999642372));
#3137=CARTESIAN_POINT('',(77.375,27.8249994039536,56.999999642372));
#3138=CARTESIAN_POINT('',(96.75,27.8249994039536,28.999999642372));
#3139=CARTESIAN_POINT('',(96.75,27.8249994039536,35.499999642372));
#3140=CARTESIAN_POINT('',(60.,27.8249994039536,28.999999642372));
#3141=CARTESIAN_POINT('Origin',(56.,35.2499994039537,28.999999642372));
#3142=CARTESIAN_POINT('',(56.,36.2499994039537,28.999999642372));
#3143=CARTESIAN_POINT('',(55.,35.2499994039537,28.999999642372));
#3144=CARTESIAN_POINT('Origin',(56.,35.2499994039537,28.999999642372));
#3145=CARTESIAN_POINT('',(56.,35.2499994039537,27.999999642372));
#3146=CARTESIAN_POINT('Origin',(56.,35.2499994039537,28.999999642372));
#3147=CARTESIAN_POINT('Origin',(56.,35.2499994039537,28.999999642372));
#3148=CARTESIAN_POINT('Origin',(59.0000000000001,35.2499994039537,28.999999642372));
#3149=CARTESIAN_POINT('',(59.0000000000001,36.2499994039537,28.999999642372));
#3150=CARTESIAN_POINT('Origin',(59.0000000000001,35.2499994039537,28.999999642372));
#3151=CARTESIAN_POINT('',(59.0000000000001,35.2499994039537,27.999999642372));
#3152=CARTESIAN_POINT('Origin',(59.0000000000001,35.2499994039537,28.999999642372));
#3153=CARTESIAN_POINT('Origin',(59.0000000000001,35.2499994039537,28.999999642372));
#3154=CARTESIAN_POINT('Origin',(54.,-9.00000059604666,32.2499996423721));
#3155=CARTESIAN_POINT('',(55.,-9.00000059604666,32.2499996423721));
#3156=CARTESIAN_POINT('',(54.,-9.00000059604666,33.2499996423721));
#3157=CARTESIAN_POINT('Origin',(54.,-9.00000059604666,32.2499996423721));
#3158=CARTESIAN_POINT('',(56.,-10.0000005960467,32.2499996423721));
#3159=CARTESIAN_POINT('Origin',(56.,-9.00000059604666,32.2499996423721));
#3160=CARTESIAN_POINT('',(54.,-10.0000005960467,34.2499996423721));
#3161=CARTESIAN_POINT('Origin',(54.,-10.0000005960467,32.2499996423721));
#3162=CARTESIAN_POINT('Origin',(54.,-9.00000059604666,34.2499996423721));
#3163=CARTESIAN_POINT('Origin',(54.,35.2499994039538,53.749999642372));
#3164=CARTESIAN_POINT('',(56.,36.2499994039538,53.749999642372));
#3165=CARTESIAN_POINT('',(54.,36.2499994039538,51.749999642372));
#3166=CARTESIAN_POINT('Origin',(54.,36.2499994039538,53.749999642372));
#3167=CARTESIAN_POINT('',(54.,35.2499994039538,52.749999642372));
#3168=CARTESIAN_POINT('Origin',(54.,35.2499994039538,51.749999642372));
#3169=CARTESIAN_POINT('',(55.,35.2499994039538,53.749999642372));
#3170=CARTESIAN_POINT('Origin',(54.,35.2499994039538,53.749999642372));
#3171=CARTESIAN_POINT('Origin',(56.,35.2499994039538,53.749999642372));
#3172=CARTESIAN_POINT('Origin',(51.3125,35.2499994039538,51.749999642372));
#3173=CARTESIAN_POINT('',(35.,36.2499994039538,51.749999642372));
#3174=CARTESIAN_POINT('',(35.,35.2499994039538,52.749999642372));
#3175=CARTESIAN_POINT('Origin',(35.,35.2499994039538,51.749999642372));
#3176=CARTESIAN_POINT('',(51.3125,35.2499994039538,52.749999642372));
#3177=CARTESIAN_POINT('',(51.3125,36.2499994039538,51.749999642372));
#3178=CARTESIAN_POINT('Origin',(35.,35.2499994039537,42.999999642372));
#3179=CARTESIAN_POINT('',(35.,36.2499994039537,34.249999642372));
#3180=CARTESIAN_POINT('',(35.,35.2499994039537,33.249999642372));
#3181=CARTESIAN_POINT('Origin',(35.,35.2499994039537,34.249999642372));
#3182=CARTESIAN_POINT('Origin',(35.,35.2499994039537,42.999999642372));
#3183=CARTESIAN_POINT('Origin',(35.,36.2499994039537,42.999999642372));
#3184=CARTESIAN_POINT('Origin',(38.8125,35.2499994039537,34.249999642372));
#3185=CARTESIAN_POINT('',(55.,35.2499994039537,33.249999642372));
#3186=CARTESIAN_POINT('',(38.8125,35.2499994039537,33.249999642372));
#3187=CARTESIAN_POINT('',(56.,36.2499994039537,34.249999642372));
#3188=CARTESIAN_POINT('',(38.8125,36.2499994039537,34.249999642372));
#3189=CARTESIAN_POINT('Origin',(56.,35.2499994039537,34.249999642372));
#3190=CARTESIAN_POINT('Origin',(54.,22.1874994039538,53.7499996423721));
#3191=CARTESIAN_POINT('',(55.,22.1874994039538,53.7499996423721));
#3192=CARTESIAN_POINT('',(54.,22.1874994039538,52.7499996423721));
#3193=CARTESIAN_POINT('Origin',(59.0000000000001,35.2499994039539,56.9999996423721));
#3194=CARTESIAN_POINT('',(59.0000000000001,36.2499994039539,56.999999642372));
#3195=CARTESIAN_POINT('Origin',(59.0000000000001,35.2499994039539,56.9999996423721));
#3196=CARTESIAN_POINT('Origin',(59.0000000000001,35.2499994039539,56.9999996423721));
#3197=CARTESIAN_POINT('Origin',(59.0000000000001,35.2499994039538,38.124999642372));
#3198=CARTESIAN_POINT('',(59.0000000000001,36.2499994039538,38.1249996423719));
#3199=CARTESIAN_POINT('Origin',(56.,-9.00000059604666,28.999999642372));
#3200=CARTESIAN_POINT('',(56.,-9.00000059604666,27.999999642372));
#3201=CARTESIAN_POINT('',(55.,-9.00000059604666,28.999999642372));
#3202=CARTESIAN_POINT('Origin',(56.,-9.00000059604666,28.999999642372));
#3203=CARTESIAN_POINT('',(56.,-10.0000005960467,28.999999642372));
#3204=CARTESIAN_POINT('Origin',(56.,-9.00000059604666,28.999999642372));
#3205=CARTESIAN_POINT('Origin',(56.,-9.00000059604666,28.999999642372));
#3206=CARTESIAN_POINT('Origin',(54.,-9.00000059604666,53.7499996423721));
#3207=CARTESIAN_POINT('',(54.,-9.00000059604666,52.7499996423721));
#3208=CARTESIAN_POINT('',(55.,-9.00000059604666,53.7499996423721));
#3209=CARTESIAN_POINT('Origin',(54.,-9.00000059604666,53.7499996423721));
#3210=CARTESIAN_POINT('',(54.,-10.0000005960467,51.7499996423721));
#3211=CARTESIAN_POINT('Origin',(54.,-9.00000059604666,51.7499996423721));
#3212=CARTESIAN_POINT('',(56.,-10.0000005960467,53.7499996423721));
#3213=CARTESIAN_POINT('Origin',(54.,-10.0000005960467,53.7499996423721));
#3214=CARTESIAN_POINT('Origin',(56.,-9.00000059604666,53.7499996423721));
#3215=CARTESIAN_POINT('Origin',(51.3125,-9.00000059604665,51.7499996423721));
#3216=CARTESIAN_POINT('',(35.,-9.00000059604662,52.7499996423721));
#3217=CARTESIAN_POINT('',(35.,-10.0000005960466,51.7499996423721));
#3218=CARTESIAN_POINT('Origin',(35.,-9.00000059604662,51.7499996423721));
#3219=CARTESIAN_POINT('',(51.3125,-10.0000005960467,51.7499996423721));
#3220=CARTESIAN_POINT('',(51.3125,-9.00000059604665,52.7499996423721));
#3221=CARTESIAN_POINT('Origin',(35.,-9.00000059604662,42.9999996423721));
#3222=CARTESIAN_POINT('',(35.,-9.00000059604663,33.2499996423721));
#3223=CARTESIAN_POINT('',(35.,-10.0000005960466,34.2499996423721));
#3224=CARTESIAN_POINT('Origin',(35.,-9.00000059604663,34.2499996423721));
#3225=CARTESIAN_POINT('Origin',(35.,-10.0000005960466,42.9999996423721));
#3226=CARTESIAN_POINT('Origin',(35.,-9.00000059604662,42.9999996423721));
#3227=CARTESIAN_POINT('Origin',(38.8125,-9.00000059604663,34.2499996423721));
#3228=CARTESIAN_POINT('',(38.8125,-10.0000005960466,34.2499996423721));
#3229=CARTESIAN_POINT('',(38.8125,-9.00000059604663,33.2499996423721));
#3230=CARTESIAN_POINT('Origin',(56.,35.2499994039539,56.9999996423721));
#3231=CARTESIAN_POINT('',(56.,35.2499994039539,57.999999642372));
#3232=CARTESIAN_POINT('',(55.,35.2499994039539,56.999999642372));
#3233=CARTESIAN_POINT('Origin',(56.,35.2499994039539,56.999999642372));
#3234=CARTESIAN_POINT('',(56.,36.2499994039539,56.999999642372));
#3235=CARTESIAN_POINT('Origin',(56.,35.2499994039539,56.9999996423721));
#3236=CARTESIAN_POINT('Origin',(56.,35.2499994039539,56.999999642372));
#3237=CARTESIAN_POINT('Origin',(51.3124999999999,35.2499994039538,56.9999996423721));
#3238=CARTESIAN_POINT('',(51.3124999999999,35.2499994039538,57.999999642372));
#3239=CARTESIAN_POINT('',(51.3124999999999,36.2499994039538,56.999999642372));
#3240=CARTESIAN_POINT('Origin',(56.,35.2499994039538,42.999999642372));
#3241=CARTESIAN_POINT('',(55.,35.2499994039538,42.999999642372));
#3242=CARTESIAN_POINT('',(56.,36.2499994039538,42.9999996423719));
#3243=CARTESIAN_POINT('Origin',(96.75,13.1249994039543,22.9999996423716));
#3244=CARTESIAN_POINT('',(97.75,23.6878109505316,28.999999642372));
#3245=CARTESIAN_POINT('',(97.75,2.56218785737694,28.999999642372));
#3246=CARTESIAN_POINT('Origin',(97.75,13.1249994039543,22.9999996423716));
#3247=CARTESIAN_POINT('',(96.75,3.16121181132467,27.999999642372));
#3248=CARTESIAN_POINT('Ctrl Pts',(97.75,2.56218785737694,28.999999642372));
#3249=CARTESIAN_POINT('Ctrl Pts',(97.75,2.5630550543735,28.9985097115595));
#3250=CARTESIAN_POINT('Ctrl Pts',(97.7499966701592,2.5639223311516,28.9970198271602));
#3251=CARTESIAN_POINT('Ctrl Pts',(97.7496125312654,2.61395686452634,28.911076690039));
#3252=CARTESIAN_POINT('Ctrl Pts',(97.7385371387552,2.66336532588257,28.8268083796556));
#3253=CARTESIAN_POINT('Ctrl Pts',(97.6954805584809,2.75966217613123,28.6637043040345));
#3254=CARTESIAN_POINT('Ctrl Pts',(97.6637526112152,2.80657151365207,28.584819335238));
#3255=CARTESIAN_POINT('Ctrl Pts',(97.5608066364008,2.91623569176287,28.4015606840271));
#3256=CARTESIAN_POINT('Ctrl Pts',(97.4783480220018,2.97623486569865,28.302364991966));
#3257=CARTESIAN_POINT('Ctrl Pts',(97.2882691407769,3.06915860991136,28.1497261461494));
#3258=CARTESIAN_POINT('Ctrl Pts',(97.1869624773847,3.10408516591124,28.0928028299169));
#3259=CARTESIAN_POINT('Ctrl Pts',(96.9716114280881,3.1496446358016,28.0187179004883));
#3260=CARTESIAN_POINT('Ctrl Pts',(96.8617719256351,3.16121181132468,27.999999642372));
#3261=CARTESIAN_POINT('Ctrl Pts',(96.75,3.16121181132468,27.999999642372));
#3262=CARTESIAN_POINT('',(96.75,23.0887869965825,27.999999642372));
#3263=CARTESIAN_POINT('Origin',(96.75,13.1249994039543,22.9999996423716));
#3264=CARTESIAN_POINT('Ctrl Pts',(97.75,23.6878109505316,28.999999642372));
#3265=CARTESIAN_POINT('Ctrl Pts',(97.75,23.686943753535,28.9985097115595));
#3266=CARTESIAN_POINT('Ctrl Pts',(97.7499966701592,23.6860764767569,28.9970198271602));
#3267=CARTESIAN_POINT('Ctrl Pts',(97.7496125312654,23.6360419433825,28.9110766900392));
#3268=CARTESIAN_POINT('Ctrl Pts',(97.7385371387553,23.586633482026,28.8268083796556));
#3269=CARTESIAN_POINT('Ctrl Pts',(97.6954805584809,23.4903366317772,28.6637043040343));
#3270=CARTESIAN_POINT('Ctrl Pts',(97.6637526112152,23.4434272942564,28.5848193352379));
#3271=CARTESIAN_POINT('Ctrl Pts',(97.5608066364009,23.3337631161457,28.4015606840272));
#3272=CARTESIAN_POINT('Ctrl Pts',(97.4783480220018,23.2737639422099,28.302364991966));
#3273=CARTESIAN_POINT('Ctrl Pts',(97.2882691407769,23.1808401979972,28.1497261461494));
#3274=CARTESIAN_POINT('Ctrl Pts',(97.1869624773847,23.1459136419973,28.0928028299169));
#3275=CARTESIAN_POINT('Ctrl Pts',(96.9716114280866,23.1003541721066,28.0187179004878));
#3276=CARTESIAN_POINT('Ctrl Pts',(96.8617719256343,23.0887869965839,27.999999642372));
#3277=CARTESIAN_POINT('Ctrl Pts',(96.75,23.0887869965839,27.999999642372));
#3278=CARTESIAN_POINT('Origin',(96.75,26.8249994039536,28.999999642372));
#3279=CARTESIAN_POINT('',(96.75,26.8249994039536,27.999999642372));
#3280=CARTESIAN_POINT('',(97.75,26.8249994039536,28.999999642372));
#3281=CARTESIAN_POINT('Origin',(96.75,26.8249994039536,28.999999642372));
#3282=CARTESIAN_POINT('Origin',(96.75,26.8249994039536,28.999999642372));
#3283=CARTESIAN_POINT('Origin',(96.75,26.8249994039536,28.999999642372));
#3284=CARTESIAN_POINT('Origin',(60.,26.8249994039536,28.999999642372));
#3285=CARTESIAN_POINT('',(60.,26.8249994039536,27.999999642372));
#3286=CARTESIAN_POINT('Origin',(59.,-9.00000059604667,28.999999642372));
#3287=CARTESIAN_POINT('',(59.,-9.00000059604667,27.999999642372));
#3288=CARTESIAN_POINT('Origin',(59.,-9.00000059604667,28.999999642372));
#3289=CARTESIAN_POINT('',(59.,-10.0000005960467,28.999999642372));
#3290=CARTESIAN_POINT('Origin',(59.,-9.00000059604667,28.999999642372));
#3291=CARTESIAN_POINT('Origin',(59.,-9.00000059604667,28.999999642372));
#3292=CARTESIAN_POINT('Origin',(56.,-9.00000059604666,56.999999642372));
#3293=CARTESIAN_POINT('',(56.,-10.0000005960467,56.999999642372));
#3294=CARTESIAN_POINT('',(55.,-9.00000059604666,56.999999642372));
#3295=CARTESIAN_POINT('Origin',(56.,-9.00000059604666,56.999999642372));
#3296=CARTESIAN_POINT('',(56.,-9.00000059604666,57.999999642372));
#3297=CARTESIAN_POINT('Origin',(56.,-9.00000059604666,56.999999642372));
#3298=CARTESIAN_POINT('Origin',(56.,-9.00000059604666,56.999999642372));
#3299=CARTESIAN_POINT('Origin',(59.,-9.00000059604666,56.999999642372));
#3300=CARTESIAN_POINT('',(59.,-10.0000005960467,56.999999642372));
#3301=CARTESIAN_POINT('Origin',(59.,-9.00000059604666,56.999999642372));
#3302=CARTESIAN_POINT('',(59.,-9.00000059604666,57.999999642372));
#3303=CARTESIAN_POINT('Origin',(59.,-9.00000059604666,56.999999642372));
#3304=CARTESIAN_POINT('Origin',(59.,-9.00000059604666,56.999999642372));
#3305=CARTESIAN_POINT('Origin',(59.,-7.50000059604661,56.999999642372));
#3306=CARTESIAN_POINT('',(59.,-0.575000596046386,57.999999642372));
#3307=CARTESIAN_POINT('',(59.,-7.50000059604661,57.999999642372));
#3308=CARTESIAN_POINT('Origin',(59.,-0.57500059604639,56.999999642372));
#3309=CARTESIAN_POINT('Origin',(51.3125,-9.00000059604665,56.999999642372));
#3310=CARTESIAN_POINT('',(51.3125,-10.0000005960467,56.999999642372));
#3311=CARTESIAN_POINT('',(51.3125,-9.00000059604665,57.999999642372));
#3312=CARTESIAN_POINT('Origin',(59.,-9.00000059604667,38.1249996423721));
#3313=CARTESIAN_POINT('',(59.,-10.0000005960467,38.1249996423721));
#3314=CARTESIAN_POINT('Origin',(56.,1.56249940395356,56.999999642372));
#3315=CARTESIAN_POINT('',(55.,1.56249940395356,56.999999642372));
#3316=CARTESIAN_POINT('',(56.,1.56249940395356,57.999999642372));
#3317=CARTESIAN_POINT('Origin',(56.,-9.00000059604666,42.9999996423721));
#3318=CARTESIAN_POINT('',(55.,-9.00000059604666,42.9999996423721));
#3319=CARTESIAN_POINT('',(56.,-10.0000005960467,42.9999996423721));
#3320=CARTESIAN_POINT('Origin',(51.3125,-9.00000059604665,28.999999642372));
#3321=CARTESIAN_POINT('',(51.3125,-9.00000059604665,27.999999642372));
#3322=CARTESIAN_POINT('',(51.3125,-10.0000005960467,28.999999642372));
#3323=CARTESIAN_POINT('Origin',(59.,-2.18750059604649,28.999999642372));
#3324=CARTESIAN_POINT('',(59.,-0.575000596046373,27.999999642372));
#3325=CARTESIAN_POINT('',(59.,-2.18750059604649,27.999999642372));
#3326=CARTESIAN_POINT('Origin',(59.,-0.575000596046373,28.999999642372));
#3327=CARTESIAN_POINT('Origin',(96.75,-0.57500059604638,28.999999642372));
#3328=CARTESIAN_POINT('',(96.75,-1.57500059604638,28.999999642372));
#3329=CARTESIAN_POINT('',(97.75,-0.57500059604638,28.999999642372));
#3330=CARTESIAN_POINT('Origin',(96.75,-0.57500059604638,28.999999642372));
#3331=CARTESIAN_POINT('',(96.75,-0.57500059604638,27.999999642372));
#3332=CARTESIAN_POINT('Origin',(96.75,-0.57500059604638,28.999999642372));
#3333=CARTESIAN_POINT('Origin',(96.75,-0.57500059604638,28.999999642372));
#3334=CARTESIAN_POINT('Origin',(60.,-0.575000596046373,28.999999642372));
#3335=CARTESIAN_POINT('',(60.,-0.575000596046373,27.999999642372));
#3336=CARTESIAN_POINT('',(60.,-1.57500059604637,28.999999642372));
#3337=CARTESIAN_POINT('Origin',(96.75,6.87499940395374,28.999999642372));
#3338=CARTESIAN_POINT('',(97.75,6.87499940395374,28.999999642372));
#3339=CARTESIAN_POINT('',(96.75,6.87499940395374,27.999999642372));
#3340=CARTESIAN_POINT('Origin',(96.75,26.8249994039536,56.999999642372));
#3341=CARTESIAN_POINT('',(97.75,26.8249994039536,56.999999642372));
#3342=CARTESIAN_POINT('Origin',(96.75,26.8249994039536,56.999999642372));
#3343=CARTESIAN_POINT('',(96.75,26.8249994039536,57.999999642372));
#3344=CARTESIAN_POINT('Origin',(96.75,26.8249994039536,56.999999642372));
#3345=CARTESIAN_POINT('Origin',(96.75,26.8249994039536,56.999999642372));
#3346=CARTESIAN_POINT('Origin',(60.,26.8249994039536,57.0000002533195));
#3347=CARTESIAN_POINT('',(94.75,26.8250000149013,58.0000002533193));
#3348=CARTESIAN_POINT('',(60.,26.8250000149013,58.0000002533193));
#3349=CARTESIAN_POINT('Origin',(94.75,26.8249994039536,57.0000002533195));
#3350=CARTESIAN_POINT('Origin',(77.375,26.8249994039536,56.999999642372));
#3351=CARTESIAN_POINT('',(77.375,26.8249994039536,57.999999642372));
#3352=CARTESIAN_POINT('Origin',(96.75,-0.575000596046393,56.999999642372));
#3353=CARTESIAN_POINT('',(96.75,-0.575000596046393,57.999999642372));
#3354=CARTESIAN_POINT('',(97.75,-0.575000596046391,56.999999642372));
#3355=CARTESIAN_POINT('Origin',(96.75,-0.575000596046396,56.999999642372));
#3356=CARTESIAN_POINT('',(96.75,-1.57500059604639,56.999999642372));
#3357=CARTESIAN_POINT('Origin',(96.75,-0.575000596046393,56.999999642372));
#3358=CARTESIAN_POINT('Origin',(96.75,-0.575000596046393,56.999999642372));
#3359=CARTESIAN_POINT('Origin',(60.,-0.575000596046386,57.0000002533195));
#3360=CARTESIAN_POINT('',(94.75,-1.57500059604639,57.0000002533195));
#3361=CARTESIAN_POINT('',(60.,-1.57500059604639,57.0000002533195));
#3362=CARTESIAN_POINT('',(94.75,-0.575001206994062,58.0000002533193));
#3363=CARTESIAN_POINT('Origin',(94.75,-0.575000596046393,57.0000002533195));
#3364=CARTESIAN_POINT('',(60.,-0.575001206993684,57.999999642372));
#3365=CARTESIAN_POINT('',(60.,-0.575001206994057,58.0000002533193));
#3366=CARTESIAN_POINT('',(60.,-0.575000596046386,57.999999642372));
#3367=CARTESIAN_POINT('Origin',(77.375,-0.575000596046389,56.999999642372));
#3368=CARTESIAN_POINT('',(77.375,-0.575000596046389,57.999999642372));
#3369=CARTESIAN_POINT('',(77.375,-1.57500059604639,56.999999642372));
#3370=CARTESIAN_POINT('Origin',(96.75,-0.57500059604639,50.499999642372));
#3371=CARTESIAN_POINT('',(97.75,-0.57500059604639,50.499999642372));
#3372=CARTESIAN_POINT('',(96.75,-1.57500059604639,50.499999642372));
#3373=CARTESIAN_POINT('Origin',(96.75,20.4749994039538,56.999999642372));
#3374=CARTESIAN_POINT('',(97.75,20.4749994039538,56.999999642372));
#3375=CARTESIAN_POINT('',(96.75,20.4749994039538,57.999999642372));
#3376=CARTESIAN_POINT('Origin',(96.75,26.8249994039536,35.499999642372));
#3377=CARTESIAN_POINT('',(97.75,26.8249994039536,35.499999642372));
#3378=CARTESIAN_POINT('Origin',(96.75,24.6874994039539,28.999999642372));
#3379=CARTESIAN_POINT('',(96.75,24.6874994039539,27.999999642372));
#3380=CARTESIAN_POINT('',(97.75,24.6874994039539,28.999999642372));
#3381=CARTESIAN_POINT('Origin',(54.,4.06249940395351,53.7499996423721));
#3382=CARTESIAN_POINT('',(54.,4.06249940395351,52.7499996423721));
#3383=CARTESIAN_POINT('',(55.,4.06249940395351,53.7499996423721));
#3384=CARTESIAN_POINT('Origin',(56.,-9.00000059604666,42.9999996423721));
#3385=CARTESIAN_POINT('',(55.,-9.00000059604666,42.9999996423721));
#3386=CARTESIAN_POINT('',(56.,-10.0000005960467,42.9999996423721));
#3387=CARTESIAN_POINT('Origin',(56.,6.87499940395369,28.999999642372));
#3388=CARTESIAN_POINT('',(55.,0.665063609576577,28.999999642372));
#3389=CARTESIAN_POINT('',(56.,0.62499940395369,27.999999642372));
#3390=CARTESIAN_POINT('Ctrl Pts',(55.,0.665063609576578,28.999999642372));
#3391=CARTESIAN_POINT('Ctrl Pts',(55.,0.655005120350788,28.8746715124303));
#3392=CARTESIAN_POINT('Ctrl Pts',(55.025010324354,0.646360730029764,28.7408086436984));
#3393=CARTESIAN_POINT('Ctrl Pts',(55.1270077232611,0.634169691918327,28.4943620957756));
#3394=CARTESIAN_POINT('Ctrl Pts',(55.2040001017454,0.630514799904097,28.3817859782535));
#3395=CARTESIAN_POINT('Ctrl Pts',(55.3816707316602,0.626350574783475,28.2041153483387));
#3396=CARTESIAN_POINT('Ctrl Pts',(55.4941151527471,0.625541978235617,28.1271535113369));
#3397=CARTESIAN_POINT('Ctrl Pts',(55.7404961636593,0.6249204350547,28.0250957462047));
#3398=CARTESIAN_POINT('Ctrl Pts',(55.8744323961862,0.62499940395369,27.999999642372));
#3399=CARTESIAN_POINT('Ctrl Pts',(56.,0.62499940395369,27.999999642372));
#3400=CARTESIAN_POINT('',(56.,6.87499940395369,27.999999642372));
#3401=CARTESIAN_POINT('',(55.,6.87499940395369,28.999999642372));
#3402=CARTESIAN_POINT('Origin',(59.,15.6249994039536,28.999999642372));
#3403=CARTESIAN_POINT('',(59.,15.6249994039536,27.999999642372));
#3404=CARTESIAN_POINT('Origin',(54.,4.06249940395353,32.2499996423721));
#3405=CARTESIAN_POINT('',(55.,4.06249940395353,32.2499996423721));
#3406=CARTESIAN_POINT('',(54.,4.06249940395353,33.2499996423721));
#3407=CARTESIAN_POINT('Origin',(51.3125,35.2499994039537,28.999999642372));
#3408=CARTESIAN_POINT('',(51.3125,36.2499994039537,28.999999642372));
#3409=CARTESIAN_POINT('',(51.3125,35.2499994039537,27.999999642372));
#3410=CARTESIAN_POINT('Origin',(56.,35.2499994039538,42.999999642372));
#3411=CARTESIAN_POINT('',(56.,36.2499994039538,42.9999996423719));
#3412=CARTESIAN_POINT('',(55.,35.2499994039538,42.999999642372));
#3413=CARTESIAN_POINT('Origin',(56.,24.6874994039538,28.999999642372));
#3414=CARTESIAN_POINT('',(56.,25.6249994039537,27.999999642372));
#3415=CARTESIAN_POINT('',(55.,25.5849351983308,28.999999642372));
#3416=CARTESIAN_POINT('Ctrl Pts',(56.,25.6249994039537,27.999999642372));
#3417=CARTESIAN_POINT('Ctrl Pts',(55.8744323961862,25.6249994039537,27.999999642372));
#3418=CARTESIAN_POINT('Ctrl Pts',(55.7404961636593,25.6250783728527,28.0250957462047));
#3419=CARTESIAN_POINT('Ctrl Pts',(55.4941151527471,25.6244568296718,28.1271535113369));
#3420=CARTESIAN_POINT('Ctrl Pts',(55.3816707316602,25.6236482331239,28.2041153483387));
#3421=CARTESIAN_POINT('Ctrl Pts',(55.2040001017454,25.6194840080033,28.3817859782535));
#3422=CARTESIAN_POINT('Ctrl Pts',(55.1270077232611,25.615829115989,28.4943620957756));
#3423=CARTESIAN_POINT('Ctrl Pts',(55.025010324354,25.6036380778776,28.7408086436984));
#3424=CARTESIAN_POINT('Ctrl Pts',(55.,25.5949936875566,28.8746715124303));
#3425=CARTESIAN_POINT('Ctrl Pts',(55.,25.5849351983308,28.999999642372));
#3426=CARTESIAN_POINT('',(55.,24.6874994039538,28.999999642372));
#3427=CARTESIAN_POINT('',(56.,24.6874994039538,27.999999642372));
#3428=CARTESIAN_POINT('Origin',(60.,-10.0000005960466,57.999999642372));
#3429=CARTESIAN_POINT('',(60.,0.424999403953613,58.0000008642673));
#3430=CARTESIAN_POINT('',(60.,-10.0000005960466,57.999999642372));
#3431=CARTESIAN_POINT('',(60.,25.8249994039536,58.0000008642673));
#3432=CARTESIAN_POINT('',(60.,-10.0000005960466,57.999999642372));
#3433=CARTESIAN_POINT('',(60.,-10.0000005960466,57.999999642372));
#3434=CARTESIAN_POINT('Origin',(60.,-1.57500059604639,57.999999642372));
#3435=CARTESIAN_POINT('Origin',(35.,-5.00000059604662,42.9999996423721));
#3436=CARTESIAN_POINT('',(35.,-5.00000059604662,33.2499996423721));
#3437=CARTESIAN_POINT('',(35.,-5.00000059604662,52.7499996423721));
#3438=CARTESIAN_POINT('Origin',(60.,-5.00000059604667,52.7499996423721));
#3439=CARTESIAN_POINT('Origin',(60.,31.2499994039538,52.749999642372));
#3440=CARTESIAN_POINT('',(35.,31.2499994039538,52.749999642372));
#3441=CARTESIAN_POINT('Origin',(35.,31.2499994039537,42.999999642372));
#3442=CARTESIAN_POINT('',(35.,31.2499994039537,33.249999642372));
#3443=CARTESIAN_POINT('Origin',(35.,31.2499994039537,33.249999642372));
#3444=CARTESIAN_POINT('',(55.,22.1874994039537,33.2499996423721));
#3445=CARTESIAN_POINT('Origin',(42.625,36.2499994039538,42.999999642372));
#3446=CARTESIAN_POINT('',(34.,36.2499994039538,49.999999642372));
#3447=CARTESIAN_POINT('Origin',(35.,36.2499994039538,49.999999642372));
#3448=CARTESIAN_POINT('',(41.,36.2499994039538,42.999999642372));
#3449=CARTESIAN_POINT('Origin',(42.,36.2499994039538,42.999999642372));
#3450=CARTESIAN_POINT('',(38.9497474683058,36.2499994039537,38.0502521740662));
#3451=CARTESIAN_POINT('Origin',(39.9497474683058,36.2499994039537,38.0502521740662));
#3452=CARTESIAN_POINT('',(33.5,36.2499994039537,42.999999642372));
#3453=CARTESIAN_POINT('Origin',(35.,36.2499994039537,42.999999642372));
#3454=CARTESIAN_POINT('',(38.9497474683058,36.2499994039538,47.9497471106778));
#3455=CARTESIAN_POINT('Origin',(39.9497474683058,36.2499994039538,47.9497471106778));
#3456=CARTESIAN_POINT('',(34.,36.2499994039537,35.999999642372));
#3457=CARTESIAN_POINT('Origin',(35.,36.2499994039537,35.999999642372));
#3458=CARTESIAN_POINT('',(27.,36.2499994039537,42.999999642372));
#3459=CARTESIAN_POINT('Origin',(28.,36.2499994039537,42.999999642372));
#3460=CARTESIAN_POINT('',(29.0502525316942,36.2499994039537,38.0502521740662));
#3461=CARTESIAN_POINT('Origin',(30.0502525316942,36.2499994039537,38.0502521740662));
#3462=CARTESIAN_POINT('',(29.0502525316942,36.2499994039538,47.9497471106778));
#3463=CARTESIAN_POINT('Origin',(30.0502525316942,36.2499994039538,47.9497471106778));
#3464=CARTESIAN_POINT('Origin',(97.75,13.1249994039538,42.999999642372));
#3465=CARTESIAN_POINT('',(97.75,1.92499940395361,31.999999642372));
#3466=CARTESIAN_POINT('Origin',(97.75,3.12499940395361,31.999999642372));
#3467=CARTESIAN_POINT('',(97.75,1.92499940395361,51.999999642372));
#3468=CARTESIAN_POINT('Origin',(97.75,3.12499940395361,51.999999642372));
#3469=CARTESIAN_POINT('',(97.75,21.9249994039536,51.999999642372));
#3470=CARTESIAN_POINT('Origin',(97.75,23.1249994039536,51.999999642372));
#3471=CARTESIAN_POINT('',(97.75,21.9249994039536,31.999999642372));
#3472=CARTESIAN_POINT('Origin',(97.75,23.1249994039536,31.999999642372));
#3473=CARTESIAN_POINT('Origin',(42.625,-10.0000005960466,42.9999996423721));
#3474=CARTESIAN_POINT('',(34.,-10.0000005960466,49.9999996423721));
#3475=CARTESIAN_POINT('Origin',(35.,-10.0000005960466,49.9999996423721));
#3476=CARTESIAN_POINT('',(41.,-10.0000005960466,42.9999996423721));
#3477=CARTESIAN_POINT('Origin',(42.,-10.0000005960466,42.9999996423721));
#3478=CARTESIAN_POINT('',(38.9497474683058,-10.0000005960466,38.0502521740663));
#3479=CARTESIAN_POINT('Origin',(39.9497474683058,-10.0000005960466,38.0502521740663));
#3480=CARTESIAN_POINT('',(33.5,-10.0000005960466,42.9999996423721));
#3481=CARTESIAN_POINT('Origin',(35.,-10.0000005960466,42.9999996423721));
#3482=CARTESIAN_POINT('',(38.9497474683058,-10.0000005960466,47.9497471106779));
#3483=CARTESIAN_POINT('Origin',(39.9497474683058,-10.0000005960466,47.9497471106779));
#3484=CARTESIAN_POINT('',(34.,-10.0000005960466,35.9999996423721));
#3485=CARTESIAN_POINT('Origin',(35.,-10.0000005960466,35.9999996423721));
#3486=CARTESIAN_POINT('',(27.,-10.0000005960466,42.9999996423721));
#3487=CARTESIAN_POINT('Origin',(28.,-10.0000005960466,42.9999996423721));
#3488=CARTESIAN_POINT('',(29.0502525316942,-10.0000005960466,38.0502521740663));
#3489=CARTESIAN_POINT('Origin',(30.0502525316942,-10.0000005960466,38.0502521740663));
#3490=CARTESIAN_POINT('',(29.0502525316942,-10.0000005960466,47.9497471106779));
#3491=CARTESIAN_POINT('Origin',(30.0502525316942,-10.0000005960466,47.9497471106779));
#3492=CARTESIAN_POINT('Origin',(94.75,3.12499940395361,31.999999642372));
#3493=CARTESIAN_POINT('',(94.75,1.92499940395361,31.999999642372));
#3494=CARTESIAN_POINT('',(94.75,1.92499940395361,31.999999642372));
#3495=CARTESIAN_POINT('Origin',(94.75,3.12499940395361,31.999999642372));
#3496=CARTESIAN_POINT('Origin',(94.75,3.12499940395361,51.999999642372));
#3497=CARTESIAN_POINT('',(94.75,1.92499940395361,51.999999642372));
#3498=CARTESIAN_POINT('',(94.75,1.92499940395361,51.999999642372));
#3499=CARTESIAN_POINT('Origin',(94.75,3.12499940395361,51.999999642372));
#3500=CARTESIAN_POINT('Origin',(94.75,23.1249994039536,51.999999642372));
#3501=CARTESIAN_POINT('',(94.75,21.9249994039536,51.999999642372));
#3502=CARTESIAN_POINT('',(94.75,21.9249994039536,51.999999642372));
#3503=CARTESIAN_POINT('Origin',(94.75,23.1249994039536,51.999999642372));
#3504=CARTESIAN_POINT('Origin',(94.75,23.1249994039536,31.999999642372));
#3505=CARTESIAN_POINT('',(94.75,21.9249994039536,31.999999642372));
#3506=CARTESIAN_POINT('',(94.75,21.9249994039536,31.999999642372));
#3507=CARTESIAN_POINT('Origin',(94.75,23.1249994039536,31.999999642372));
#3508=CARTESIAN_POINT('Origin',(94.75,27.8249994039538,57.999999642372));
#3509=CARTESIAN_POINT('',(94.75,25.8249994039536,58.0000008642673));
#3510=CARTESIAN_POINT('',(94.75,20.4750039860636,58.0000041328346));
#3511=CARTESIAN_POINT('',(94.75,0.424999403953607,58.0000008642673));
#3512=CARTESIAN_POINT('',(94.75,-1.57500059604623,57.999999642372));
#3513=CARTESIAN_POINT('',(94.75,6.7749948218435,58.0000047437823));
#3514=CARTESIAN_POINT('Origin',(94.75,13.1249994039543,22.9999996423716));
#3515=CARTESIAN_POINT('',(94.75,3.16121181132467,27.999999642372));
#3516=CARTESIAN_POINT('',(94.75,3.16121181132467,27.999999642372));
#3517=CARTESIAN_POINT('',(94.75,23.0887869965825,27.999999642372));
#3518=CARTESIAN_POINT('Origin',(94.75,13.1249994039543,22.9999996423716));
#3519=CARTESIAN_POINT('',(94.75,23.0887869965825,27.999999642372));
#3520=CARTESIAN_POINT('Origin',(94.75,13.1249994039538,42.999999642372));
#3521=CARTESIAN_POINT('',(94.75,0.424999403953607,27.999999642372));
#3522=CARTESIAN_POINT('',(94.75,0.424999403953608,35.4999999478459));
#3523=CARTESIAN_POINT('',(94.7500000000001,25.8249994039536,27.999999642372));
#3524=CARTESIAN_POINT('',(94.75,25.8249994039536,50.5000005587935));
#3525=CARTESIAN_POINT('',(94.75,27.8249994039538,27.999999642372));
#3526=CARTESIAN_POINT('',(94.75,27.8249994039538,27.999999642372));
#3527=CARTESIAN_POINT('Origin',(60.,25.8249994039536,58.0000008642673));
#3528=CARTESIAN_POINT('',(60.,25.8249994039536,58.0000008642673));
#3529=CARTESIAN_POINT('',(60.,25.8249994039536,27.999999642372));
#3530=CARTESIAN_POINT('',(60.,25.8249994039536,45.6250002533197));
#3531=CARTESIAN_POINT('',(60.,25.8249994039536,27.999999642372));
#3532=CARTESIAN_POINT('Origin',(60.,27.8249994039536,57.999999642372));
#3533=CARTESIAN_POINT('Origin',(60.,-5.00000059604667,33.2499996423721));
#3534=CARTESIAN_POINT('',(60.,0.424999403953614,27.999999642372));
#3535=CARTESIAN_POINT('',(60.,0.424999403953613,30.6249996423721));
#3536=CARTESIAN_POINT('',(60.,0.62499940395369,27.999999642372));
#3537=CARTESIAN_POINT('',(60.,36.2499994039539,27.999999642372));
#3538=CARTESIAN_POINT('',(60.,25.6249994039537,27.999999642372));
#3539=CARTESIAN_POINT('Origin',(60.,13.1249994039537,27.999999642372));
#3540=CARTESIAN_POINT('',(60.,36.2499994039539,27.999999642372));
#3541=CARTESIAN_POINT('Origin',(60.,0.424999403953613,58.0000008642673));
#3542=CARTESIAN_POINT('',(60.,0.424999403953613,58.0000008642673));
#3543=CARTESIAN_POINT('Origin',(60.,0.424999403953614,27.999999642372));
#3544=CARTESIAN_POINT('',(60.,0.424999403953614,27.999999642372));
#3545=CARTESIAN_POINT('Origin',(60.,0.62499940395369,27.999999642372));
#3546=CARTESIAN_POINT('',(60.,0.62499940395369,27.999999642372));
#3547=CARTESIAN_POINT('Origin',(60.,13.1249994039537,27.999999642372));
#3548=CARTESIAN_POINT('Origin',(55.,13.1249994039537,27.999999642372));
#3549=CARTESIAN_POINT('',(60.,25.6249994039537,27.999999642372));
#3550=CARTESIAN_POINT('Origin',(60.,36.2499994039539,27.999999642372));
#3551=CARTESIAN_POINT('Origin',(55.,13.1249994039537,42.999999642372));
#3552=CARTESIAN_POINT('Origin',(35.,31.2499994039538,49.999999642372));
#3553=CARTESIAN_POINT('',(34.,31.2499994039538,49.999999642372));
#3554=CARTESIAN_POINT('Origin',(42.,31.2499994039537,42.999999642372));
#3555=CARTESIAN_POINT('',(41.,31.2499994039537,42.999999642372));
#3556=CARTESIAN_POINT('Origin',(39.9497474683058,31.2499994039537,38.0502521740662));
#3557=CARTESIAN_POINT('',(38.9497474683058,31.2499994039537,38.0502521740662));
#3558=CARTESIAN_POINT('Origin',(35.,31.2499994039537,42.999999642372));
#3559=CARTESIAN_POINT('',(33.5,31.2499994039537,42.999999642372));
#3560=CARTESIAN_POINT('Origin',(39.9497474683058,31.2499994039538,47.9497471106778));
#3561=CARTESIAN_POINT('',(38.9497474683058,31.2499994039538,47.9497471106778));
#3562=CARTESIAN_POINT('Origin',(35.,31.2499994039537,35.999999642372));
#3563=CARTESIAN_POINT('',(34.,31.2499994039537,35.999999642372));
#3564=CARTESIAN_POINT('Origin',(28.,31.2499994039537,42.999999642372));
#3565=CARTESIAN_POINT('',(27.,31.2499994039537,42.999999642372));
#3566=CARTESIAN_POINT('Origin',(30.0502525316942,31.2499994039537,38.0502521740662));
#3567=CARTESIAN_POINT('',(29.0502525316942,31.2499994039537,38.0502521740662));
#3568=CARTESIAN_POINT('Origin',(30.0502525316942,31.2499994039538,47.9497471106778));
#3569=CARTESIAN_POINT('',(29.0502525316942,31.2499994039538,47.9497471106778));
#3570=CARTESIAN_POINT('Origin',(35.,-5.00000059604662,49.9999996423721));
#3571=CARTESIAN_POINT('',(34.,-5.00000059604662,49.9999996423721));
#3572=CARTESIAN_POINT('Origin',(42.,-5.00000059604664,42.9999996423721));
#3573=CARTESIAN_POINT('',(41.,-5.00000059604663,42.9999996423721));
#3574=CARTESIAN_POINT('Origin',(39.9497474683058,-5.00000059604663,38.0502521740663));
#3575=CARTESIAN_POINT('',(38.9497474683058,-5.00000059604663,38.0502521740663));
#3576=CARTESIAN_POINT('Origin',(35.,-5.00000059604662,42.9999996423721));
#3577=CARTESIAN_POINT('',(33.5,-5.00000059604662,42.9999996423721));
#3578=CARTESIAN_POINT('Origin',(39.9497474683058,-5.00000059604663,47.9497471106779));
#3579=CARTESIAN_POINT('',(38.9497474683058,-5.00000059604663,47.9497471106779));
#3580=CARTESIAN_POINT('Origin',(35.,-5.00000059604662,35.9999996423721));
#3581=CARTESIAN_POINT('',(34.,-5.00000059604662,35.9999996423721));
#3582=CARTESIAN_POINT('Origin',(28.,-5.00000059604661,42.9999996423721));
#3583=CARTESIAN_POINT('',(27.,-5.00000059604661,42.9999996423721));
#3584=CARTESIAN_POINT('Origin',(30.0502525316942,-5.00000059604662,38.0502521740663));
#3585=CARTESIAN_POINT('',(29.0502525316942,-5.00000059604661,38.0502521740663));
#3586=CARTESIAN_POINT('Origin',(30.0502525316942,-5.00000059604661,47.9497471106779));
#3587=CARTESIAN_POINT('',(29.0502525316942,-5.00000059604661,47.9497471106779));
#3588=CARTESIAN_POINT('Origin',(35.,-5.00000059604662,33.2499996423721));
#3589=UNCERTAINTY_MEASURE_WITH_UNIT(LENGTH_MEASURE(0.01),#3593,
'DISTANCE_ACCURACY_VALUE',
'Maximum model space distance between geometric entities at asserted c
onnectivities');
#3590=UNCERTAINTY_MEASURE_WITH_UNIT(LENGTH_MEASURE(0.01),#3593,
'DISTANCE_ACCURACY_VALUE',
'Maximum model space distance between geometric entities at asserted c
onnectivities');
#3591=(
GEOMETRIC_REPRESENTATION_CONTEXT(3)
GLOBAL_UNCERTAINTY_ASSIGNED_CONTEXT((#3589))
GLOBAL_UNIT_ASSIGNED_CONTEXT((#3593,#3595,#3596))
REPRESENTATION_CONTEXT('','3D')
);
#3592=(
GEOMETRIC_REPRESENTATION_CONTEXT(3)
GLOBAL_UNCERTAINTY_ASSIGNED_CONTEXT((#3590))
GLOBAL_UNIT_ASSIGNED_CONTEXT((#3593,#3595,#3596))
REPRESENTATION_CONTEXT('','3D')
);
#3593=(
LENGTH_UNIT()
NAMED_UNIT(*)
SI_UNIT(.MILLI.,.METRE.)
);
#3594=(
LENGTH_UNIT()
NAMED_UNIT(*)
SI_UNIT($,.METRE.)
);
#3595=(
NAMED_UNIT(*)
PLANE_ANGLE_UNIT()
SI_UNIT($,.RADIAN.)
);
#3596=(
NAMED_UNIT(*)
SI_UNIT($,.STERADIAN.)
SOLID_ANGLE_UNIT()
);
#3597=SHAPE_DEFINITION_REPRESENTATION(#3598,#3599);
#3598=PRODUCT_DEFINITION_SHAPE('',$,#3601);
#3599=SHAPE_REPRESENTATION('',(#1996),#3591);
#3600=PRODUCT_DEFINITION_CONTEXT('part definition',#3605,'design');
#3601=PRODUCT_DEFINITION('Hip Joint','Hip Joint',#3602,#3600);
#3602=PRODUCT_DEFINITION_FORMATION('',$,#3607);
#3603=PRODUCT_RELATED_PRODUCT_CATEGORY('Hip Joint','Hip Joint',(#3607));
#3604=APPLICATION_PROTOCOL_DEFINITION('international standard',
'automotive_design',2009,#3605);
#3605=APPLICATION_CONTEXT(
'Core Data for Automotive Mechanical Design Process');
#3606=PRODUCT_CONTEXT('part definition',#3605,'mechanical');
#3607=PRODUCT('Hip Joint','Hip Joint',$,(#3606));
#3608=PRESENTATION_STYLE_ASSIGNMENT((#3610));
#3609=PRESENTATION_STYLE_ASSIGNMENT((#3611));
#3610=SURFACE_STYLE_USAGE(.BOTH.,#3612);
#3611=SURFACE_STYLE_USAGE(.BOTH.,#3613);
#3612=SURFACE_SIDE_STYLE('',(#3614));
#3613=SURFACE_SIDE_STYLE('',(#3615));
#3614=SURFACE_STYLE_FILL_AREA(#3616);
#3615=SURFACE_STYLE_FILL_AREA(#3617);
#3616=FILL_AREA_STYLE('Steel - Satin',(#3618));
#3617=FILL_AREA_STYLE('Plastic - Matte (Black)',(#3619));
#3618=FILL_AREA_STYLE_COLOUR('Steel - Satin',#3620);
#3619=FILL_AREA_STYLE_COLOUR('Plastic - Matte (Black)',#3621);
#3620=COLOUR_RGB('Steel - Satin',0.627450980392157,0.627450980392157,0.627450980392157);
#3621=COLOUR_RGB('Plastic - Matte (Black)',0.0980392156862745,0.0980392156862745,
0.0980392156862745);
ENDSEC;
END-ISO-10303-21;
