ISO-10303-21;
HEADER;
/* Generated by software containing ST-Developer
 * from STEP Tools, Inc. (www.steptools.com) 
 */

FILE_DESCRIPTION(
/* description */ (''),
/* implementation_level */ '2;1');

FILE_NAME(
/* name */ 'HBV-5M1825 v10.step',
/* time_stamp */ '2024-05-01T12:00:09+01:00',
/* author */ (''),
/* organization */ (''),
/* preprocessor_version */ 'ST-DEVELOPER v20',
/* originating_system */ 'Autodesk Translation Framework v12.20.1.177',

/* authorisation */ '');

FILE_SCHEMA (('AUTOMOTIVE_DESIGN { 1 0 10303 214 3 1 1 }'));
ENDSEC;

DATA;
#10=MECHANICAL_DESIGN_GEOMETRIC_PRESENTATION_REPRESENTATION('',(#142,#143,
#144,#145,#146,#147,#148,#149,#150,#151,#152,#153,#154,#155,#156,#157,#158,
#159,#160,#161),#11073);
#11=SHAPE_REPRESENTATION_RELATIONSHIP('SRR','None',#11080,#12);
#12=ADVANCED_BREP_SHAPE_REPRESENTATION('',(#20,#21,#22,#23,#24),#11072);
#13=SPHERICAL_SURFACE('',#5956,0.3);
#14=SPHERICAL_SURFACE('',#5961,0.3);
#15=SPHERICAL_SURFACE('',#5966,0.3);
#16=SPHERICAL_SURFACE('',#5968,0.3);
#17=SPHERICAL_SURFACE('',#6020,0.1);
#18=SPHERICAL_SURFACE('',#6022,0.1);
#19=SPHERICAL_SURFACE('',#6034,10.);
#20=MANIFOLD_SOLID_BREP('PCB',#5801);
#21=MANIFOLD_SOLID_BREP('Mic',#5802);
#22=MANIFOLD_SOLID_BREP('LED',#5803);
#23=MANIFOLD_SOLID_BREP('Connector',#5804);
#24=MANIFOLD_SOLID_BREP('Camera',#5805);
#25=CYLINDRICAL_SURFACE('',#5934,1.1);
#26=CYLINDRICAL_SURFACE('',#5936,1.1);
#27=CYLINDRICAL_SURFACE('',#5942,1.1);
#28=CYLINDRICAL_SURFACE('',#5944,1.1);
#29=CYLINDRICAL_SURFACE('',#5946,0.25);
#30=CYLINDRICAL_SURFACE('',#5950,0.3);
#31=CYLINDRICAL_SURFACE('',#5953,0.3);
#32=CYLINDRICAL_SURFACE('',#5958,0.3);
#33=CYLINDRICAL_SURFACE('',#5963,0.3);
#34=CYLINDRICAL_SURFACE('',#5970,0.3);
#35=CYLINDRICAL_SURFACE('',#5973,0.3);
#36=CYLINDRICAL_SURFACE('',#5980,0.3);
#37=CYLINDRICAL_SURFACE('',#5982,0.3);
#38=CYLINDRICAL_SURFACE('',#5984,0.2);
#39=CYLINDRICAL_SURFACE('',#5993,0.2);
#40=CYLINDRICAL_SURFACE('',#5999,0.2);
#41=CYLINDRICAL_SURFACE('',#6001,0.2);
#42=CYLINDRICAL_SURFACE('',#6002,2.4);
#43=CYLINDRICAL_SURFACE('',#6011,0.1);
#44=CYLINDRICAL_SURFACE('',#6014,0.1);
#45=CYLINDRICAL_SURFACE('',#6017,0.1);
#46=CYLINDRICAL_SURFACE('',#6026,0.1);
#47=CYLINDRICAL_SURFACE('',#6028,0.1);
#48=CYLINDRICAL_SURFACE('',#6038,4.25);
#49=CYLINDRICAL_SURFACE('',#6045,5.);
#50=CYLINDRICAL_SURFACE('',#6049,4.075);
#51=CYLINDRICAL_SURFACE('',#6050,3.375);
#52=CYLINDRICAL_SURFACE('',#6054,3.9);
#53=CIRCLE('',#5922,1.1);
#54=CIRCLE('',#5923,1.1);
#55=CIRCLE('',#5924,1.1);
#56=CIRCLE('',#5925,1.1);
#57=CIRCLE('',#5935,1.1);
#58=CIRCLE('',#5937,1.1);
#59=CIRCLE('',#5940,1.1);
#60=CIRCLE('',#5941,1.1);
#61=CIRCLE('',#5947,0.25);
#62=CIRCLE('',#5948,0.25);
#63=CIRCLE('',#5951,0.3);
#64=CIRCLE('',#5952,0.3);
#65=CIRCLE('',#5954,0.3);
#66=CIRCLE('',#5955,0.3);
#67=CIRCLE('',#5957,0.3);
#68=CIRCLE('',#5959,0.3);
#69=CIRCLE('',#5960,0.3);
#70=CIRCLE('',#5962,0.3);
#71=CIRCLE('',#5964,0.3);
#72=CIRCLE('',#5965,0.3);
#73=CIRCLE('',#5967,0.3);
#74=CIRCLE('',#5969,0.3);
#75=CIRCLE('',#5971,0.3);
#76=CIRCLE('',#5974,0.3);
#77=CIRCLE('',#5978,0.3);
#78=CIRCLE('',#5979,0.3);
#79=CIRCLE('',#5985,0.2);
#80=CIRCLE('',#5986,0.2);
#81=CIRCLE('',#5989,0.2);
#82=CIRCLE('',#5990,0.2);
#83=CIRCLE('',#5991,0.2);
#84=CIRCLE('',#5992,2.4);
#85=CIRCLE('',#5994,0.2);
#86=CIRCLE('',#5997,0.2);
#87=CIRCLE('',#5998,0.2);
#88=CIRCLE('',#6003,2.4);
#89=CIRCLE('',#6012,0.1);
#90=CIRCLE('',#6013,0.1);
#91=CIRCLE('',#6015,0.1);
#92=CIRCLE('',#6016,0.1);
#93=CIRCLE('',#6018,0.1);
#94=CIRCLE('',#6019,0.1);
#95=CIRCLE('',#6021,0.1);
#96=CIRCLE('',#6023,0.0999999999999998);
#97=CIRCLE('',#6027,0.1);
#98=CIRCLE('',#6029,0.1);
#99=CIRCLE('',#6035,4.25);
#100=CIRCLE('',#6036,4.25);
#101=CIRCLE('',#6037,10.);
#102=CIRCLE('',#6039,4.25);
#103=CIRCLE('',#6041,5.);
#104=CIRCLE('',#6043,5.);
#105=CIRCLE('',#6044,4.075);
#106=CIRCLE('',#6047,4.075);
#107=CIRCLE('',#6048,3.375);
#108=CIRCLE('',#6051,3.375);
#109=CIRCLE('',#6053,3.9);
#110=CIRCLE('',#6055,3.9);
#111=FACE_BOUND('',#921,.T.);
#112=FACE_BOUND('',#922,.T.);
#113=FACE_BOUND('',#996,.T.);
#114=FACE_BOUND('',#997,.T.);
#115=FACE_BOUND('',#1024,.T.);
#116=FACE_BOUND('',#1130,.T.);
#117=FACE_BOUND('',#1131,.T.);
#118=FACE_BOUND('',#1132,.T.);
#119=FACE_BOUND('',#1133,.T.);
#120=FACE_BOUND('',#1134,.T.);
#121=FACE_BOUND('',#1135,.T.);
#122=FACE_BOUND('',#1136,.T.);
#123=FACE_BOUND('',#1137,.T.);
#124=FACE_BOUND('',#1138,.T.);
#125=FACE_BOUND('',#1139,.T.);
#126=FACE_BOUND('',#1140,.T.);
#127=FACE_BOUND('',#1141,.T.);
#128=FACE_BOUND('',#1142,.T.);
#129=FACE_BOUND('',#1143,.T.);
#130=FACE_BOUND('',#1144,.T.);
#131=FACE_BOUND('',#1157,.T.);
#132=FACE_BOUND('',#1158,.T.);
#133=FACE_BOUND('',#1159,.T.);
#134=FACE_BOUND('',#1179,.T.);
#135=FACE_BOUND('',#1188,.T.);
#136=FACE_BOUND('',#1216,.T.);
#137=FACE_BOUND('',#1220,.T.);
#138=FACE_BOUND('',#1222,.T.);
#139=FACE_BOUND('',#1225,.T.);
#140=FACE_BOUND('',#1229,.T.);
#141=FACE_BOUND('',#1232,.T.);
#142=STYLED_ITEM('',(#11091),#5514);
#143=STYLED_ITEM('',(#11091),#5541);
#144=STYLED_ITEM('',(#11091),#5551);
#145=STYLED_ITEM('',(#11091),#5587);
#146=STYLED_ITEM('',(#11091),#5601);
#147=STYLED_ITEM('',(#11091),#5613);
#148=STYLED_ITEM('',(#11091),#5632);
#149=STYLED_ITEM('',(#11091),#5655);
#150=STYLED_ITEM('',(#11091),#5682);
#151=STYLED_ITEM('',(#11091),#5696);
#152=STYLED_ITEM('',(#11091),#5704);
#153=STYLED_ITEM('',(#11091),#5717);
#154=STYLED_ITEM('',(#11090),#20);
#155=STYLED_ITEM('',(#11093),#5736);
#156=STYLED_ITEM('',(#11092),#21);
#157=STYLED_ITEM('',(#11094),#5765);
#158=STYLED_ITEM('',(#11091),#22);
#159=STYLED_ITEM('',(#11091),#23);
#160=STYLED_ITEM('',(#11096),#5785);
#161=STYLED_ITEM('',(#11095),#24);
#162=B_SPLINE_CURVE_WITH_KNOTS('',3,(#7088,#7089,#7090,#7091,#7092),
 .UNSPECIFIED.,.F.,.F.,(4,1,4),(0.,0.0114806681671923,0.0176070482618811),
 .UNSPECIFIED.);
#163=B_SPLINE_CURVE_WITH_KNOTS('',3,(#7094,#7095,#7096,#7097,#7098),
 .UNSPECIFIED.,.F.,.F.,(4,1,4),(-0.0176070482618811,-0.0114806681671923,
0.),.UNSPECIFIED.);
#164=B_SPLINE_CURVE_WITH_KNOTS('',3,(#7111,#7112,#7113,#7114,#7115),
 .UNSPECIFIED.,.F.,.F.,(4,1,4),(0.,0.00572772408765632,0.0107847823619095),
 .UNSPECIFIED.);
#165=B_SPLINE_CURVE_WITH_KNOTS('',3,(#7117,#7118,#7119,#7120,#7121),
 .UNSPECIFIED.,.F.,.F.,(4,1,4),(-0.0107847823619095,-0.00572772408765632,
0.),.UNSPECIFIED.);
#166=B_SPLINE_CURVE_WITH_KNOTS('',3,(#7134,#7135,#7136,#7137,#7138),
 .UNSPECIFIED.,.F.,.F.,(4,1,4),(0.,0.00495516453648369,0.0102908954695736),
 .UNSPECIFIED.);
#167=B_SPLINE_CURVE_WITH_KNOTS('',3,(#7140,#7141,#7142,#7143,#7144),
 .UNSPECIFIED.,.F.,.F.,(4,1,4),(-0.0102908954695736,-0.00495516453648369,
0.),.UNSPECIFIED.);
#168=B_SPLINE_CURVE_WITH_KNOTS('',3,(#7157,#7158,#7159,#7160,#7161),
 .UNSPECIFIED.,.F.,.F.,(4,1,4),(0.,0.00509381139251623,0.00969849949784251),
 .UNSPECIFIED.);
#169=B_SPLINE_CURVE_WITH_KNOTS('',3,(#7163,#7164,#7165,#7166,#7167),
 .UNSPECIFIED.,.F.,.F.,(4,1,4),(-0.00969849949784251,-0.00509381139251623,
0.),.UNSPECIFIED.);
#170=B_SPLINE_CURVE_WITH_KNOTS('',3,(#7180,#7181,#7182,#7183,#7184),
 .UNSPECIFIED.,.F.,.F.,(4,1,4),(0.,0.00472306416271529,0.0102133645165284),
 .UNSPECIFIED.);
#171=B_SPLINE_CURVE_WITH_KNOTS('',3,(#7186,#7187,#7188,#7189,#7190),
 .UNSPECIFIED.,.F.,.F.,(4,1,4),(-0.0102133645165284,-0.00472306416271529,
0.),.UNSPECIFIED.);
#172=B_SPLINE_CURVE_WITH_KNOTS('',3,(#7203,#7204,#7205,#7206,#7207),
 .UNSPECIFIED.,.F.,.F.,(4,1,4),(0.,0.00698491703842841,0.0207165543762225),
 .UNSPECIFIED.);
#173=B_SPLINE_CURVE_WITH_KNOTS('',3,(#7209,#7210,#7211,#7212,#7213),
 .UNSPECIFIED.,.F.,.F.,(4,1,4),(-0.0207165543762225,-0.00698491703842841,
0.),.UNSPECIFIED.);
#174=B_SPLINE_CURVE_WITH_KNOTS('',3,(#7244,#7245,#7246,#7247,#7248),
 .UNSPECIFIED.,.F.,.F.,(4,1,4),(0.,0.0107041797376,0.0166439954718248),
 .UNSPECIFIED.);
#175=B_SPLINE_CURVE_WITH_KNOTS('',3,(#7250,#7251,#7252,#7253,#7254),
 .UNSPECIFIED.,.F.,.F.,(4,1,4),(-0.0166439954718248,-0.0107041797376,0.),
 .UNSPECIFIED.);
#176=B_SPLINE_CURVE_WITH_KNOTS('',3,(#7267,#7268,#7269,#7270,#7271),
 .UNSPECIFIED.,.F.,.F.,(4,1,4),(0.,0.00517071593993503,0.0101084362443898),
 .UNSPECIFIED.);
#177=B_SPLINE_CURVE_WITH_KNOTS('',3,(#7273,#7274,#7275,#7276,#7277),
 .UNSPECIFIED.,.F.,.F.,(4,1,4),(-0.0101084362443898,-0.00517071593993503,
0.),.UNSPECIFIED.);
#178=B_SPLINE_CURVE_WITH_KNOTS('',3,(#7290,#7291,#7292,#7293,#7294),
 .UNSPECIFIED.,.F.,.F.,(4,1,4),(0.,0.00517038353837062,0.0109846062251235),
 .UNSPECIFIED.);
#179=B_SPLINE_CURVE_WITH_KNOTS('',3,(#7296,#7297,#7298,#7299,#7300),
 .UNSPECIFIED.,.F.,.F.,(4,1,4),(-0.0109846062251235,-0.00517038353837062,
0.),.UNSPECIFIED.);
#180=B_SPLINE_CURVE_WITH_KNOTS('',3,(#7313,#7314,#7315,#7316,#7317),
 .UNSPECIFIED.,.F.,.F.,(4,1,4),(0.,0.0050359358505483,0.00964971177114628),
 .UNSPECIFIED.);
#181=B_SPLINE_CURVE_WITH_KNOTS('',3,(#7319,#7320,#7321,#7322,#7323),
 .UNSPECIFIED.,.F.,.F.,(4,1,4),(-0.00964971177114628,-0.0050359358505483,
0.),.UNSPECIFIED.);
#182=B_SPLINE_CURVE_WITH_KNOTS('',3,(#7336,#7337,#7338,#7339,#7340),
 .UNSPECIFIED.,.F.,.F.,(4,1,4),(0.,0.00457265058490811,0.00950550111165788),
 .UNSPECIFIED.);
#183=B_SPLINE_CURVE_WITH_KNOTS('',3,(#7342,#7343,#7344,#7345,#7346),
 .UNSPECIFIED.,.F.,.F.,(4,1,4),(-0.00950550111165788,-0.00457265058490811,
0.),.UNSPECIFIED.);
#184=B_SPLINE_CURVE_WITH_KNOTS('',3,(#7359,#7360,#7361,#7362,#7363),
 .UNSPECIFIED.,.F.,.F.,(4,1,4),(0.,0.00792277793143238,0.0215584810950323),
 .UNSPECIFIED.);
#185=B_SPLINE_CURVE_WITH_KNOTS('',3,(#7365,#7366,#7367,#7368,#7369),
 .UNSPECIFIED.,.F.,.F.,(4,1,4),(-0.0215584810950323,-0.00792277793143238,
0.),.UNSPECIFIED.);
#186=B_SPLINE_CURVE_WITH_KNOTS('',3,(#7394,#7395,#7396,#7397,#7398),
 .UNSPECIFIED.,.F.,.F.,(4,1,4),(0.,0.0124253553787468,0.0212525097256361),
 .UNSPECIFIED.);
#187=B_SPLINE_CURVE_WITH_KNOTS('',3,(#7400,#7401,#7402,#7403,#7404),
 .UNSPECIFIED.,.F.,.F.,(4,1,4),(-0.0212525097256361,-0.0124253553787468,
0.),.UNSPECIFIED.);
#188=B_SPLINE_CURVE_WITH_KNOTS('',3,(#7417,#7418,#7419,#7420,#7421),
 .UNSPECIFIED.,.F.,.F.,(4,1,4),(0.,0.00689023759501495,0.0135361921447318),
 .UNSPECIFIED.);
#189=B_SPLINE_CURVE_WITH_KNOTS('',3,(#7423,#7424,#7425,#7426,#7427),
 .UNSPECIFIED.,.F.,.F.,(4,1,4),(-0.0135361921447318,-0.00689023759501495,
0.),.UNSPECIFIED.);
#190=B_SPLINE_CURVE_WITH_KNOTS('',3,(#7440,#7441,#7442,#7443,#7444),
 .UNSPECIFIED.,.F.,.F.,(4,1,4),(0.,0.00673213646089753,0.0137598560115095),
 .UNSPECIFIED.);
#191=B_SPLINE_CURVE_WITH_KNOTS('',3,(#7446,#7447,#7448,#7449,#7450),
 .UNSPECIFIED.,.F.,.F.,(4,1,4),(-0.0137598560115095,-0.00673213646089753,
0.),.UNSPECIFIED.);
#192=B_SPLINE_CURVE_WITH_KNOTS('',3,(#7463,#7464,#7465,#7466,#7467),
 .UNSPECIFIED.,.F.,.F.,(4,1,4),(0.,0.00716392671024626,0.0146085528725489),
 .UNSPECIFIED.);
#193=B_SPLINE_CURVE_WITH_KNOTS('',3,(#7469,#7470,#7471,#7472,#7473),
 .UNSPECIFIED.,.F.,.F.,(4,1,4),(-0.0146085528725489,-0.00716392671024626,
0.),.UNSPECIFIED.);
#194=B_SPLINE_CURVE_WITH_KNOTS('',3,(#7486,#7487,#7488,#7489,#7490),
 .UNSPECIFIED.,.F.,.F.,(4,1,4),(0.,0.00816404621087283,0.0163122883862214),
 .UNSPECIFIED.);
#195=B_SPLINE_CURVE_WITH_KNOTS('',3,(#7492,#7493,#7494,#7495,#7496),
 .UNSPECIFIED.,.F.,.F.,(4,1,4),(-0.0163122883862214,-0.00816404621087283,
0.),.UNSPECIFIED.);
#196=B_SPLINE_CURVE_WITH_KNOTS('',3,(#7509,#7510,#7511,#7512,#7513),
 .UNSPECIFIED.,.F.,.F.,(4,1,4),(0.,0.00813938680149455,0.016371476418897),
 .UNSPECIFIED.);
#197=B_SPLINE_CURVE_WITH_KNOTS('',3,(#7515,#7516,#7517,#7518,#7519),
 .UNSPECIFIED.,.F.,.F.,(4,1,4),(-0.016371476418897,-0.00813938680149455,
0.),.UNSPECIFIED.);
#198=B_SPLINE_CURVE_WITH_KNOTS('',3,(#7532,#7533,#7534,#7535,#7536),
 .UNSPECIFIED.,.F.,.F.,(4,1,4),(0.,0.0106175025333839,0.0203360252763217),
 .UNSPECIFIED.);
#199=B_SPLINE_CURVE_WITH_KNOTS('',3,(#7538,#7539,#7540,#7541,#7542),
 .UNSPECIFIED.,.F.,.F.,(4,1,4),(-0.0203360252763217,-0.0106175025333839,
0.),.UNSPECIFIED.);
#200=B_SPLINE_CURVE_WITH_KNOTS('',3,(#7555,#7556,#7557,#7558,#7559),
 .UNSPECIFIED.,.F.,.F.,(4,1,4),(0.,0.00946520348440013,0.0192965701673522),
 .UNSPECIFIED.);
#201=B_SPLINE_CURVE_WITH_KNOTS('',3,(#7561,#7562,#7563,#7564,#7565),
 .UNSPECIFIED.,.F.,.F.,(4,1,4),(-0.0192965701673522,-0.00946520348440013,
0.),.UNSPECIFIED.);
#202=B_SPLINE_CURVE_WITH_KNOTS('',3,(#7578,#7579,#7580,#7581,#7582),
 .UNSPECIFIED.,.F.,.F.,(4,1,4),(0.,0.00814023794059212,0.0165305697556777),
 .UNSPECIFIED.);
#203=B_SPLINE_CURVE_WITH_KNOTS('',3,(#7584,#7585,#7586,#7587,#7588),
 .UNSPECIFIED.,.F.,.F.,(4,1,4),(-0.0165305697556777,-0.00814023794059212,
0.),.UNSPECIFIED.);
#204=B_SPLINE_CURVE_WITH_KNOTS('',3,(#7601,#7602,#7603,#7604,#7605),
 .UNSPECIFIED.,.F.,.F.,(4,1,4),(0.,0.00825891625946615,0.0162828924332199),
 .UNSPECIFIED.);
#205=B_SPLINE_CURVE_WITH_KNOTS('',3,(#7607,#7608,#7609,#7610,#7611),
 .UNSPECIFIED.,.F.,.F.,(4,1,4),(-0.0162828924332199,-0.00825891625946615,
0.),.UNSPECIFIED.);
#206=B_SPLINE_CURVE_WITH_KNOTS('',3,(#7624,#7625,#7626,#7627,#7628),
 .UNSPECIFIED.,.F.,.F.,(4,1,4),(0.,0.00820917900046082,0.0173007625257123),
 .UNSPECIFIED.);
#207=B_SPLINE_CURVE_WITH_KNOTS('',3,(#7630,#7631,#7632,#7633,#7634),
 .UNSPECIFIED.,.F.,.F.,(4,1,4),(-0.0173007625257123,-0.00820917900046082,
0.),.UNSPECIFIED.);
#208=B_SPLINE_CURVE_WITH_KNOTS('',3,(#7647,#7648,#7649,#7650,#7651),
 .UNSPECIFIED.,.F.,.F.,(4,1,4),(0.,0.0103479408705113,0.0292382442263972),
 .UNSPECIFIED.);
#209=B_SPLINE_CURVE_WITH_KNOTS('',3,(#7653,#7654,#7655,#7656,#7657),
 .UNSPECIFIED.,.F.,.F.,(4,1,4),(-0.0292382442263972,-0.0103479408705113,
0.),.UNSPECIFIED.);
#210=B_SPLINE_CURVE_WITH_KNOTS('',3,(#7707,#7708,#7709,#7710,#7711),
 .UNSPECIFIED.,.F.,.F.,(4,1,4),(0.,0.0059817490667835,0.0116659833007296),
 .UNSPECIFIED.);
#211=B_SPLINE_CURVE_WITH_KNOTS('',3,(#7713,#7714,#7715,#7716,#7717),
 .UNSPECIFIED.,.F.,.F.,(4,1,4),(-0.0116659833007296,-0.0059817490667835,
0.),.UNSPECIFIED.);
#212=B_SPLINE_CURVE_WITH_KNOTS('',3,(#7730,#7731,#7732,#7733,#7734),
 .UNSPECIFIED.,.F.,.F.,(4,1,4),(0.,0.00553129800250207,0.0109028061737215),
 .UNSPECIFIED.);
#213=B_SPLINE_CURVE_WITH_KNOTS('',3,(#7736,#7737,#7738,#7739,#7740),
 .UNSPECIFIED.,.F.,.F.,(4,1,4),(-0.0109028061737215,-0.00553129800250207,
0.),.UNSPECIFIED.);
#214=B_SPLINE_CURVE_WITH_KNOTS('',3,(#7753,#7754,#7755,#7756,#7757),
 .UNSPECIFIED.,.F.,.F.,(4,1,4),(0.,0.0165352185377145,0.0318128509380909),
 .UNSPECIFIED.);
#215=B_SPLINE_CURVE_WITH_KNOTS('',3,(#7759,#7760,#7761,#7762,#7763),
 .UNSPECIFIED.,.F.,.F.,(4,1,4),(-0.0318128509380909,-0.0165352185377145,
0.),.UNSPECIFIED.);
#216=B_SPLINE_CURVE_WITH_KNOTS('',3,(#7776,#7777,#7778,#7779,#7780),
 .UNSPECIFIED.,.F.,.F.,(4,1,4),(0.,0.0148996160330218,0.0302800746590169),
 .UNSPECIFIED.);
#217=B_SPLINE_CURVE_WITH_KNOTS('',3,(#7782,#7783,#7784,#7785,#7786),
 .UNSPECIFIED.,.F.,.F.,(4,1,4),(-0.0302800746590169,-0.0148996160330218,
0.),.UNSPECIFIED.);
#218=B_SPLINE_CURVE_WITH_KNOTS('',3,(#7799,#7800,#7801,#7802,#7803),
 .UNSPECIFIED.,.F.,.F.,(4,1,4),(0.,0.0114905892690529,0.0232745388014671),
 .UNSPECIFIED.);
#219=B_SPLINE_CURVE_WITH_KNOTS('',3,(#7805,#7806,#7807,#7808,#7809),
 .UNSPECIFIED.,.F.,.F.,(4,1,4),(-0.0232745388014671,-0.0114905892690529,
0.),.UNSPECIFIED.);
#220=B_SPLINE_CURVE_WITH_KNOTS('',3,(#7822,#7823,#7824,#7825,#7826),
 .UNSPECIFIED.,.F.,.F.,(4,1,4),(0.,0.0117385442112553,0.0234198613474475),
 .UNSPECIFIED.);
#221=B_SPLINE_CURVE_WITH_KNOTS('',3,(#7828,#7829,#7830,#7831,#7832),
 .UNSPECIFIED.,.F.,.F.,(4,1,4),(-0.0234198613474475,-0.0117385442112553,
0.),.UNSPECIFIED.);
#222=B_SPLINE_CURVE_WITH_KNOTS('',3,(#7845,#7846,#7847,#7848,#7849),
 .UNSPECIFIED.,.F.,.F.,(4,1,4),(0.,0.0127759038139966,0.0278829627600579),
 .UNSPECIFIED.);
#223=B_SPLINE_CURVE_WITH_KNOTS('',3,(#7851,#7852,#7853,#7854,#7855),
 .UNSPECIFIED.,.F.,.F.,(4,1,4),(-0.0278829627600579,-0.0127759038139966,
0.),.UNSPECIFIED.);
#224=B_SPLINE_CURVE_WITH_KNOTS('',3,(#7868,#7869,#7870,#7871,#7872),
 .UNSPECIFIED.,.F.,.F.,(4,1,4),(0.,0.0110438414956493,0.0205415799382176),
 .UNSPECIFIED.);
#225=B_SPLINE_CURVE_WITH_KNOTS('',3,(#7874,#7875,#7876,#7877,#7878),
 .UNSPECIFIED.,.F.,.F.,(4,1,4),(-0.0205415799382176,-0.0110438414956493,
0.),.UNSPECIFIED.);
#226=B_SPLINE_CURVE_WITH_KNOTS('',3,(#7891,#7892,#7893,#7894,#7895),
 .UNSPECIFIED.,.F.,.F.,(4,1,4),(0.,0.00831165439520818,0.0159626137812147),
 .UNSPECIFIED.);
#227=B_SPLINE_CURVE_WITH_KNOTS('',3,(#7897,#7898,#7899,#7900,#7901),
 .UNSPECIFIED.,.F.,.F.,(4,1,4),(-0.0159626137812147,-0.00831165439520818,
0.),.UNSPECIFIED.);
#228=B_SPLINE_CURVE_WITH_KNOTS('',3,(#7914,#7915,#7916,#7917,#7918),
 .UNSPECIFIED.,.F.,.F.,(4,1,4),(0.,0.00717335579835236,0.0140063499514681),
 .UNSPECIFIED.);
#229=B_SPLINE_CURVE_WITH_KNOTS('',3,(#7920,#7921,#7922,#7923,#7924),
 .UNSPECIFIED.,.F.,.F.,(4,1,4),(-0.0140063499514681,-0.00717335579835236,
0.),.UNSPECIFIED.);
#230=B_SPLINE_CURVE_WITH_KNOTS('',3,(#7937,#7938,#7939,#7940,#7941),
 .UNSPECIFIED.,.F.,.F.,(4,1,4),(0.,0.0071864276053394,0.0154002926242733),
 .UNSPECIFIED.);
#231=B_SPLINE_CURVE_WITH_KNOTS('',3,(#7943,#7944,#7945,#7946,#7947),
 .UNSPECIFIED.,.F.,.F.,(4,1,4),(-0.0154002926242733,-0.0071864276053394,
0.),.UNSPECIFIED.);
#232=B_SPLINE_CURVE_WITH_KNOTS('',3,(#7966,#7967,#7968,#7969,#7970),
 .UNSPECIFIED.,.F.,.F.,(4,1,4),(0.,0.00742926917805971,0.0138166464099359),
 .UNSPECIFIED.);
#233=B_SPLINE_CURVE_WITH_KNOTS('',3,(#7972,#7973,#7974,#7975,#7976),
 .UNSPECIFIED.,.F.,.F.,(4,1,4),(-0.0138166464099359,-0.00742926917805971,
0.),.UNSPECIFIED.);
#234=B_SPLINE_CURVE_WITH_KNOTS('',3,(#7989,#7990,#7991,#7992,#7993),
 .UNSPECIFIED.,.F.,.F.,(4,1,4),(0.,0.00584170606492934,0.0117262584230903),
 .UNSPECIFIED.);
#235=B_SPLINE_CURVE_WITH_KNOTS('',3,(#7995,#7996,#7997,#7998,#7999),
 .UNSPECIFIED.,.F.,.F.,(4,1,4),(-0.0117262584230903,-0.00584170606492934,
0.),.UNSPECIFIED.);
#236=B_SPLINE_CURVE_WITH_KNOTS('',3,(#8012,#8013,#8014,#8015,#8016),
 .UNSPECIFIED.,.F.,.F.,(4,1,4),(0.,0.00647757356741687,0.0129281942362329),
 .UNSPECIFIED.);
#237=B_SPLINE_CURVE_WITH_KNOTS('',3,(#8018,#8019,#8020,#8021,#8022),
 .UNSPECIFIED.,.F.,.F.,(4,1,4),(-0.0129281942362329,-0.00647757356741687,
0.),.UNSPECIFIED.);
#238=B_SPLINE_CURVE_WITH_KNOTS('',3,(#8035,#8036,#8037,#8038,#8039),
 .UNSPECIFIED.,.F.,.F.,(4,1,4),(0.,0.00745044773734739,0.0167099003382115),
 .UNSPECIFIED.);
#239=B_SPLINE_CURVE_WITH_KNOTS('',3,(#8041,#8042,#8043,#8044,#8045),
 .UNSPECIFIED.,.F.,.F.,(4,1,4),(-0.0167099003382115,-0.00745044773734739,
0.),.UNSPECIFIED.);
#240=B_SPLINE_CURVE_WITH_KNOTS('',3,(#8058,#8059,#8060,#8061,#8062),
 .UNSPECIFIED.,.F.,.F.,(4,1,4),(0.,0.00936098595316332,0.0166485314217576),
 .UNSPECIFIED.);
#241=B_SPLINE_CURVE_WITH_KNOTS('',3,(#8064,#8065,#8066,#8067,#8068),
 .UNSPECIFIED.,.F.,.F.,(4,1,4),(-0.0166485314217576,-0.00936098595316332,
0.),.UNSPECIFIED.);
#242=B_SPLINE_CURVE_WITH_KNOTS('',3,(#8081,#8082,#8083,#8084,#8085),
 .UNSPECIFIED.,.F.,.F.,(4,1,4),(0.,0.00652312292754781,0.0134912351035833),
 .UNSPECIFIED.);
#243=B_SPLINE_CURVE_WITH_KNOTS('',3,(#8087,#8088,#8089,#8090,#8091),
 .UNSPECIFIED.,.F.,.F.,(4,1,4),(-0.0134912351035833,-0.00652312292754781,
0.),.UNSPECIFIED.);
#244=B_SPLINE_CURVE_WITH_KNOTS('',3,(#8104,#8105,#8106,#8107,#8108),
 .UNSPECIFIED.,.F.,.F.,(4,1,4),(0.,0.0047845559224896,0.00970206023215347),
 .UNSPECIFIED.);
#245=B_SPLINE_CURVE_WITH_KNOTS('',3,(#8110,#8111,#8112,#8113,#8114),
 .UNSPECIFIED.,.F.,.F.,(4,1,4),(-0.00970206023215347,-0.0047845559224896,
0.),.UNSPECIFIED.);
#246=B_SPLINE_CURVE_WITH_KNOTS('',3,(#8127,#8128,#8129,#8130,#8131),
 .UNSPECIFIED.,.F.,.F.,(4,1,4),(0.,0.00426846507678191,0.0096803821350618),
 .UNSPECIFIED.);
#247=B_SPLINE_CURVE_WITH_KNOTS('',3,(#8133,#8134,#8135,#8136,#8137),
 .UNSPECIFIED.,.F.,.F.,(4,1,4),(-0.0096803821350618,-0.00426846507678191,
0.),.UNSPECIFIED.);
#248=B_SPLINE_CURVE_WITH_KNOTS('',3,(#8181,#8182,#8183,#8184,#8185),
 .UNSPECIFIED.,.F.,.F.,(4,1,4),(0.,0.00983248822575282,0.0188229124989701),
 .UNSPECIFIED.);
#249=B_SPLINE_CURVE_WITH_KNOTS('',3,(#8187,#8188,#8189,#8190,#8191),
 .UNSPECIFIED.,.F.,.F.,(4,1,4),(-0.0188229124989701,-0.00983248822575282,
0.),.UNSPECIFIED.);
#250=B_SPLINE_CURVE_WITH_KNOTS('',3,(#8204,#8205,#8206,#8207,#8208),
 .UNSPECIFIED.,.F.,.F.,(4,1,4),(0.,0.00938344861344607,0.0205401086148085),
 .UNSPECIFIED.);
#251=B_SPLINE_CURVE_WITH_KNOTS('',3,(#8210,#8211,#8212,#8213,#8214),
 .UNSPECIFIED.,.F.,.F.,(4,1,4),(-0.0205401086148085,-0.00938344861344607,
0.),.UNSPECIFIED.);
#252=B_SPLINE_CURVE_WITH_KNOTS('',3,(#8233,#8234,#8235,#8236,#8237),
 .UNSPECIFIED.,.F.,.F.,(4,1,4),(0.,0.0162831680727446,0.0296648902666697),
 .UNSPECIFIED.);
#253=B_SPLINE_CURVE_WITH_KNOTS('',3,(#8239,#8240,#8241,#8242,#8243),
 .UNSPECIFIED.,.F.,.F.,(4,1,4),(-0.0296648902666697,-0.0162831680727446,
0.),.UNSPECIFIED.);
#254=B_SPLINE_CURVE_WITH_KNOTS('',3,(#8256,#8257,#8258,#8259,#8260),
 .UNSPECIFIED.,.F.,.F.,(4,1,4),(0.,0.012011084958333,0.0241894621998209),
 .UNSPECIFIED.);
#255=B_SPLINE_CURVE_WITH_KNOTS('',3,(#8262,#8263,#8264,#8265,#8266),
 .UNSPECIFIED.,.F.,.F.,(4,1,4),(-0.0241894621998209,-0.012011084958333,
0.),.UNSPECIFIED.);
#256=B_SPLINE_CURVE_WITH_KNOTS('',3,(#8284,#8285,#8286,#8287,#8288),
 .UNSPECIFIED.,.F.,.F.,(4,1,4),(0.,0.00570915289350363,0.011004920448748),
 .UNSPECIFIED.);
#257=B_SPLINE_CURVE_WITH_KNOTS('',3,(#8292,#8293,#8294,#8295,#8296),
 .UNSPECIFIED.,.F.,.F.,(4,1,4),(-0.011004920448748,-0.00570915289350363,
0.),.UNSPECIFIED.);
#258=B_SPLINE_CURVE_WITH_KNOTS('',3,(#8309,#8310,#8311,#8312,#8313),
 .UNSPECIFIED.,.F.,.F.,(4,1,4),(0.,0.0053665477853746,0.0112742220793562),
 .UNSPECIFIED.);
#259=B_SPLINE_CURVE_WITH_KNOTS('',3,(#8315,#8316,#8317,#8318,#8319),
 .UNSPECIFIED.,.F.,.F.,(4,1,4),(-0.0112742220793562,-0.0053665477853746,
0.),.UNSPECIFIED.);
#260=B_SPLINE_CURVE_WITH_KNOTS('',3,(#8332,#8333,#8334,#8335,#8336),
 .UNSPECIFIED.,.F.,.F.,(4,1,4),(0.,0.00530249270063275,0.0103595509748859),
 .UNSPECIFIED.);
#261=B_SPLINE_CURVE_WITH_KNOTS('',3,(#8338,#8339,#8340,#8341,#8342),
 .UNSPECIFIED.,.F.,.F.,(4,1,4),(-0.0103595509748859,-0.00530249270063275,
0.),.UNSPECIFIED.);
#262=B_SPLINE_CURVE_WITH_KNOTS('',3,(#8355,#8356,#8357,#8358,#8359),
 .UNSPECIFIED.,.F.,.F.,(4,1,4),(0.,0.00512601852916464,0.0106265733048232),
 .UNSPECIFIED.);
#263=B_SPLINE_CURVE_WITH_KNOTS('',3,(#8361,#8362,#8363,#8364,#8365),
 .UNSPECIFIED.,.F.,.F.,(4,1,4),(-0.0106265733048232,-0.00512601852916464,
0.),.UNSPECIFIED.);
#264=B_SPLINE_CURVE_WITH_KNOTS('',3,(#8378,#8379,#8380,#8381,#8382),
 .UNSPECIFIED.,.F.,.F.,(4,1,4),(0.,0.00570916525825588,0.0110049103280333),
 .UNSPECIFIED.);
#265=B_SPLINE_CURVE_WITH_KNOTS('',3,(#8384,#8385,#8386,#8387,#8388),
 .UNSPECIFIED.,.F.,.F.,(4,1,4),(-0.0110049103280333,-0.00570916525825588,
0.),.UNSPECIFIED.);
#266=B_SPLINE_CURVE_WITH_KNOTS('',3,(#8401,#8402,#8403,#8404,#8405),
 .UNSPECIFIED.,.F.,.F.,(4,1,4),(0.,0.00527838624356504,0.010809695244308),
 .UNSPECIFIED.);
#267=B_SPLINE_CURVE_WITH_KNOTS('',3,(#8407,#8408,#8409,#8410,#8411),
 .UNSPECIFIED.,.F.,.F.,(4,1,4),(-0.010809695244308,-0.00527838624356504,
0.),.UNSPECIFIED.);
#268=B_SPLINE_CURVE_WITH_KNOTS('',3,(#8424,#8425,#8426,#8427,#8428),
 .UNSPECIFIED.,.F.,.F.,(4,1,4),(0.,0.00558817898637328,0.0108496472950823),
 .UNSPECIFIED.);
#269=B_SPLINE_CURVE_WITH_KNOTS('',3,(#8430,#8431,#8432,#8433,#8434),
 .UNSPECIFIED.,.F.,.F.,(4,1,4),(-0.0108496472950823,-0.00558817898637328,
0.),.UNSPECIFIED.);
#270=B_SPLINE_CURVE_WITH_KNOTS('',3,(#8446,#8447,#8448,#8449,#8450),
 .UNSPECIFIED.,.F.,.F.,(4,1,4),(0.,0.00517649922163606,0.0107410118099901),
 .UNSPECIFIED.);
#271=B_SPLINE_CURVE_WITH_KNOTS('',3,(#8451,#8452,#8453,#8454,#8455),
 .UNSPECIFIED.,.F.,.F.,(4,1,4),(-0.0107410118099901,-0.00517649922163606,
0.),.UNSPECIFIED.);
#272=B_SPLINE_CURVE_WITH_KNOTS('',3,(#8468,#8469,#8470,#8471,#8472),
 .UNSPECIFIED.,.F.,.F.,(4,1,4),(0.,0.0073239416202814,0.0141546390769013),
 .UNSPECIFIED.);
#273=B_SPLINE_CURVE_WITH_KNOTS('',3,(#8476,#8477,#8478,#8479,#8480),
 .UNSPECIFIED.,.F.,.F.,(4,1,4),(-0.0141546390769013,-0.0073239416202814,
0.),.UNSPECIFIED.);
#274=B_SPLINE_CURVE_WITH_KNOTS('',3,(#8493,#8494,#8495,#8496,#8497),
 .UNSPECIFIED.,.F.,.F.,(4,1,4),(0.,0.00638978996779233,0.0123940983889053),
 .UNSPECIFIED.);
#275=B_SPLINE_CURVE_WITH_KNOTS('',3,(#8499,#8500,#8501,#8502,#8503),
 .UNSPECIFIED.,.F.,.F.,(4,1,4),(-0.0123940983889053,-0.00638978996779233,
0.),.UNSPECIFIED.);
#276=B_SPLINE_CURVE_WITH_KNOTS('',3,(#8516,#8517,#8518,#8519,#8520),
 .UNSPECIFIED.,.F.,.F.,(4,1,4),(0.,0.00580874702272334,0.0121361764406148),
 .UNSPECIFIED.);
#277=B_SPLINE_CURVE_WITH_KNOTS('',3,(#8522,#8523,#8524,#8525,#8526),
 .UNSPECIFIED.,.F.,.F.,(4,1,4),(-0.0121361764406148,-0.00580874702272334,
0.),.UNSPECIFIED.);
#278=B_SPLINE_CURVE_WITH_KNOTS('',3,(#8539,#8540,#8541,#8542,#8543),
 .UNSPECIFIED.,.F.,.F.,(4,1,4),(0.,0.0068332298247735,0.0141134400856674),
 .UNSPECIFIED.);
#279=B_SPLINE_CURVE_WITH_KNOTS('',3,(#8545,#8546,#8547,#8548,#8549),
 .UNSPECIFIED.,.F.,.F.,(4,1,4),(-0.0141134400856674,-0.0068332298247735,
0.),.UNSPECIFIED.);
#280=B_SPLINE_CURVE_WITH_KNOTS('',3,(#8562,#8563,#8564,#8565,#8566),
 .UNSPECIFIED.,.F.,.F.,(4,1,4),(0.,0.0073239416202814,0.0141546390769013),
 .UNSPECIFIED.);
#281=B_SPLINE_CURVE_WITH_KNOTS('',3,(#8568,#8569,#8570,#8571,#8572),
 .UNSPECIFIED.,.F.,.F.,(4,1,4),(-0.0141546390769013,-0.0073239416202814,
0.),.UNSPECIFIED.);
#282=B_SPLINE_CURVE_WITH_KNOTS('',3,(#8585,#8586,#8587,#8588,#8589),
 .UNSPECIFIED.,.F.,.F.,(4,1,4),(0.,0.00639301719841578,0.0124416145786149),
 .UNSPECIFIED.);
#283=B_SPLINE_CURVE_WITH_KNOTS('',3,(#8591,#8592,#8593,#8594,#8595),
 .UNSPECIFIED.,.F.,.F.,(4,1,4),(-0.0124416145786149,-0.00639301719841578,
0.),.UNSPECIFIED.);
#284=B_SPLINE_CURVE_WITH_KNOTS('',3,(#8608,#8609,#8610,#8611,#8612),
 .UNSPECIFIED.,.F.,.F.,(4,1,4),(0.,0.00596003843938109,0.0122143751182836),
 .UNSPECIFIED.);
#285=B_SPLINE_CURVE_WITH_KNOTS('',3,(#8614,#8615,#8616,#8617,#8618),
 .UNSPECIFIED.,.F.,.F.,(4,1,4),(-0.0122143751182836,-0.00596003843938109,
0.),.UNSPECIFIED.);
#286=B_SPLINE_CURVE_WITH_KNOTS('',3,(#8630,#8631,#8632,#8633,#8634),
 .UNSPECIFIED.,.F.,.F.,(4,1,4),(0.,0.00671725892857064,0.0142941946224659),
 .UNSPECIFIED.);
#287=B_SPLINE_CURVE_WITH_KNOTS('',3,(#8635,#8636,#8637,#8638,#8639),
 .UNSPECIFIED.,.F.,.F.,(4,1,4),(-0.0142941946224659,-0.00671725892857064,
0.),.UNSPECIFIED.);
#288=B_SPLINE_CURVE_WITH_KNOTS('',3,(#8652,#8653,#8654,#8655,#8656),
 .UNSPECIFIED.,.F.,.F.,(4,1,4),(0.,0.00810534400552129,0.0148795677479582),
 .UNSPECIFIED.);
#289=B_SPLINE_CURVE_WITH_KNOTS('',3,(#8660,#8661,#8662,#8663,#8664),
 .UNSPECIFIED.,.F.,.F.,(4,1,4),(-0.0148795677479582,-0.00810534400552129,
0.),.UNSPECIFIED.);
#290=B_SPLINE_CURVE_WITH_KNOTS('',3,(#8677,#8678,#8679,#8680,#8681),
 .UNSPECIFIED.,.F.,.F.,(4,1,4),(0.,0.0084200640306576,0.0171426617988236),
 .UNSPECIFIED.);
#291=B_SPLINE_CURVE_WITH_KNOTS('',3,(#8683,#8684,#8685,#8686,#8687),
 .UNSPECIFIED.,.F.,.F.,(4,1,4),(-0.0171426617988236,-0.0084200640306576,
0.),.UNSPECIFIED.);
#292=B_SPLINE_CURVE_WITH_KNOTS('',3,(#8700,#8701,#8702,#8703,#8704),
 .UNSPECIFIED.,.F.,.F.,(4,1,4),(0.,0.0141406389010494,0.0293939388703189),
 .UNSPECIFIED.);
#293=B_SPLINE_CURVE_WITH_KNOTS('',3,(#8706,#8707,#8708,#8709,#8710),
 .UNSPECIFIED.,.F.,.F.,(4,1,4),(-0.0293939388703189,-0.0141406389010494,
0.),.UNSPECIFIED.);
#294=B_SPLINE_CURVE_WITH_KNOTS('',3,(#8723,#8724,#8725,#8726,#8727),
 .UNSPECIFIED.,.F.,.F.,(4,1,4),(0.,0.0139699343054375,0.0304645945720724),
 .UNSPECIFIED.);
#295=B_SPLINE_CURVE_WITH_KNOTS('',3,(#8729,#8730,#8731,#8732,#8733),
 .UNSPECIFIED.,.F.,.F.,(4,1,4),(-0.0304645945720724,-0.0139699343054375,
0.),.UNSPECIFIED.);
#296=B_SPLINE_CURVE_WITH_KNOTS('',3,(#8746,#8747,#8748,#8749,#8750),
 .UNSPECIFIED.,.F.,.F.,(4,1,4),(0.,0.0210392591538134,0.0371874520740059),
 .UNSPECIFIED.);
#297=B_SPLINE_CURVE_WITH_KNOTS('',3,(#8752,#8753,#8754,#8755,#8756),
 .UNSPECIFIED.,.F.,.F.,(4,1,4),(-0.0371874520740059,-0.0210392591538134,
0.),.UNSPECIFIED.);
#298=B_SPLINE_CURVE_WITH_KNOTS('',3,(#8769,#8770,#8771,#8772,#8773),
 .UNSPECIFIED.,.F.,.F.,(4,1,4),(0.,0.0134962877174008,0.0265477460807872),
 .UNSPECIFIED.);
#299=B_SPLINE_CURVE_WITH_KNOTS('',3,(#8775,#8776,#8777,#8778,#8779),
 .UNSPECIFIED.,.F.,.F.,(4,1,4),(-0.0265477460807872,-0.0134962877174008,
0.),.UNSPECIFIED.);
#300=B_SPLINE_CURVE_WITH_KNOTS('',3,(#8792,#8793,#8794,#8795,#8796),
 .UNSPECIFIED.,.F.,.F.,(4,1,4),(0.,0.00792099092063842,0.0159950778634476),
 .UNSPECIFIED.);
#301=B_SPLINE_CURVE_WITH_KNOTS('',3,(#8798,#8799,#8800,#8801,#8802),
 .UNSPECIFIED.,.F.,.F.,(4,1,4),(-0.0159950778634476,-0.00792099092063842,
0.),.UNSPECIFIED.);
#302=B_SPLINE_CURVE_WITH_KNOTS('',3,(#8815,#8816,#8817,#8818,#8819),
 .UNSPECIFIED.,.F.,.F.,(4,1,4),(0.,0.00679202464854871,0.0148973690302868),
 .UNSPECIFIED.);
#303=B_SPLINE_CURVE_WITH_KNOTS('',3,(#8821,#8822,#8823,#8824,#8825),
 .UNSPECIFIED.,.F.,.F.,(4,1,4),(-0.0148973690302868,-0.00679202464854871,
0.),.UNSPECIFIED.);
#304=B_SPLINE_CURVE_WITH_KNOTS('',3,(#8838,#8839,#8840,#8841,#8842),
 .UNSPECIFIED.,.F.,.F.,(4,1,4),(0.,0.0100762650164239,0.0192455447254391),
 .UNSPECIFIED.);
#305=B_SPLINE_CURVE_WITH_KNOTS('',3,(#8844,#8845,#8846,#8847,#8848),
 .UNSPECIFIED.,.F.,.F.,(4,1,4),(-0.0192455447254391,-0.0100762650164239,
0.),.UNSPECIFIED.);
#306=B_SPLINE_CURVE_WITH_KNOTS('',3,(#8861,#8862,#8863,#8864,#8865),
 .UNSPECIFIED.,.F.,.F.,(4,1,4),(0.,0.00887633946734343,0.0178799069110571),
 .UNSPECIFIED.);
#307=B_SPLINE_CURVE_WITH_KNOTS('',3,(#8867,#8868,#8869,#8870,#8871),
 .UNSPECIFIED.,.F.,.F.,(4,1,4),(-0.0178799069110571,-0.00887633946734343,
0.),.UNSPECIFIED.);
#308=B_SPLINE_CURVE_WITH_KNOTS('',3,(#8884,#8885,#8886,#8887,#8888),
 .UNSPECIFIED.,.F.,.F.,(4,1,4),(0.,0.00877983084310126,0.0175055271172802),
 .UNSPECIFIED.);
#309=B_SPLINE_CURVE_WITH_KNOTS('',3,(#8890,#8891,#8892,#8893,#8894),
 .UNSPECIFIED.,.F.,.F.,(4,1,4),(-0.0175055271172802,-0.00877983084310126,
0.),.UNSPECIFIED.);
#310=B_SPLINE_CURVE_WITH_KNOTS('',3,(#8907,#8908,#8909,#8910,#8911),
 .UNSPECIFIED.,.F.,.F.,(4,1,4),(0.,0.00828077795254482,0.0158547426420709),
 .UNSPECIFIED.);
#311=B_SPLINE_CURVE_WITH_KNOTS('',3,(#8913,#8914,#8915,#8916,#8917),
 .UNSPECIFIED.,.F.,.F.,(4,1,4),(-0.0158547426420709,-0.00828077795254482,
0.),.UNSPECIFIED.);
#312=B_SPLINE_CURVE_WITH_KNOTS('',3,(#8930,#8931,#8932,#8933,#8934),
 .UNSPECIFIED.,.F.,.F.,(4,1,4),(0.,0.00767441166231296,0.0163028726326266),
 .UNSPECIFIED.);
#313=B_SPLINE_CURVE_WITH_KNOTS('',3,(#8936,#8937,#8938,#8939,#8940),
 .UNSPECIFIED.,.F.,.F.,(4,1,4),(-0.0163028726326266,-0.00767441166231296,
0.),.UNSPECIFIED.);
#314=B_SPLINE_CURVE_WITH_KNOTS('',3,(#8953,#8954,#8955,#8956,#8957),
 .UNSPECIFIED.,.F.,.F.,(4,1,4),(0.,0.00935596056318863,0.0192123572591131),
 .UNSPECIFIED.);
#315=B_SPLINE_CURVE_WITH_KNOTS('',3,(#8959,#8960,#8961,#8962,#8963),
 .UNSPECIFIED.,.F.,.F.,(4,1,4),(-0.0192123572591131,-0.00935596056318863,
0.),.UNSPECIFIED.);
#316=B_SPLINE_CURVE_WITH_KNOTS('',3,(#8976,#8977,#8978,#8979,#8980),
 .UNSPECIFIED.,.F.,.F.,(4,1,4),(0.,0.0168588773804578,0.0296324691331448),
 .UNSPECIFIED.);
#317=B_SPLINE_CURVE_WITH_KNOTS('',3,(#8982,#8983,#8984,#8985,#8986),
 .UNSPECIFIED.,.F.,.F.,(4,1,4),(-0.0296324691331448,-0.0168588773804578,
0.),.UNSPECIFIED.);
#318=B_SPLINE_CURVE_WITH_KNOTS('',3,(#8999,#9000,#9001,#9002,#9003),
 .UNSPECIFIED.,.F.,.F.,(4,1,4),(0.,0.0104640545333739,0.0205018043991699),
 .UNSPECIFIED.);
#319=B_SPLINE_CURVE_WITH_KNOTS('',3,(#9005,#9006,#9007,#9008,#9009),
 .UNSPECIFIED.,.F.,.F.,(4,1,4),(-0.0205018043991699,-0.0104640545333739,
0.),.UNSPECIFIED.);
#320=B_SPLINE_CURVE_WITH_KNOTS('',3,(#9022,#9023,#9024,#9025,#9026),
 .UNSPECIFIED.,.F.,.F.,(4,1,4),(0.,0.0100684021506311,0.0204447082530633),
 .UNSPECIFIED.);
#321=B_SPLINE_CURVE_WITH_KNOTS('',3,(#9028,#9029,#9030,#9031,#9032),
 .UNSPECIFIED.,.F.,.F.,(4,1,4),(-0.0204447082530633,-0.0100684021506311,
0.),.UNSPECIFIED.);
#322=B_SPLINE_CURVE_WITH_KNOTS('',3,(#9045,#9046,#9047,#9048,#9049),
 .UNSPECIFIED.,.F.,.F.,(4,1,4),(0.,0.00981787831021415,0.0187194328548787),
 .UNSPECIFIED.);
#323=B_SPLINE_CURVE_WITH_KNOTS('',3,(#9051,#9052,#9053,#9054,#9055),
 .UNSPECIFIED.,.F.,.F.,(4,1,4),(-0.0187194328548787,-0.00981787831021415,
0.),.UNSPECIFIED.);
#324=B_SPLINE_CURVE_WITH_KNOTS('',3,(#9067,#9068,#9069,#9070,#9071),
 .UNSPECIFIED.,.F.,.F.,(4,1,4),(0.,0.0090316287512929,0.0191688594889652),
 .UNSPECIFIED.);
#325=B_SPLINE_CURVE_WITH_KNOTS('',3,(#9072,#9073,#9074,#9075,#9076),
 .UNSPECIFIED.,.F.,.F.,(4,1,4),(-0.0191688594889652,-0.0090316287512929,
0.),.UNSPECIFIED.);
#326=B_SPLINE_CURVE_WITH_KNOTS('',3,(#9244,#9245,#9246,#9247,#9248),
 .UNSPECIFIED.,.F.,.F.,(4,1,4),(0.,0.018581274037065,0.0347989973615955),
 .UNSPECIFIED.);
#327=B_SPLINE_CURVE_WITH_KNOTS('',3,(#9250,#9251,#9252,#9253,#9254),
 .UNSPECIFIED.,.F.,.F.,(4,1,4),(-0.0347989973615955,-0.018581274037065,
0.),.UNSPECIFIED.);
#328=B_SPLINE_CURVE_WITH_KNOTS('',3,(#9267,#9268,#9269,#9270,#9271),
 .UNSPECIFIED.,.F.,.F.,(4,1,4),(0.,0.0159056556378536,0.0336842170167901),
 .UNSPECIFIED.);
#329=B_SPLINE_CURVE_WITH_KNOTS('',3,(#9273,#9274,#9275,#9276,#9277),
 .UNSPECIFIED.,.F.,.F.,(4,1,4),(-0.0336842170167901,-0.0159056556378536,
0.),.UNSPECIFIED.);
#330=B_SPLINE_CURVE_WITH_KNOTS('',3,(#9290,#9291,#9292,#9293,#9294),
 .UNSPECIFIED.,.F.,.F.,(4,1,4),(0.,0.022151125044698,0.0435076139889878),
 .UNSPECIFIED.);
#331=B_SPLINE_CURVE_WITH_KNOTS('',3,(#9296,#9297,#9298,#9299,#9300),
 .UNSPECIFIED.,.F.,.F.,(4,1,4),(-0.0435076139889878,-0.022151125044698,
0.),.UNSPECIFIED.);
#332=B_SPLINE_CURVE_WITH_KNOTS('',3,(#9313,#9314,#9315,#9316,#9317),
 .UNSPECIFIED.,.F.,.F.,(4,1,4),(0.,0.0225382219966223,0.0481629186897559),
 .UNSPECIFIED.);
#333=B_SPLINE_CURVE_WITH_KNOTS('',3,(#9319,#9320,#9321,#9322,#9323),
 .UNSPECIFIED.,.F.,.F.,(4,1,4),(-0.0481629186897559,-0.0225382219966223,
0.),.UNSPECIFIED.);
#334=B_SPLINE_CURVE_WITH_KNOTS('',3,(#9336,#9337,#9338,#9339,#9340),
 .UNSPECIFIED.,.F.,.F.,(4,1,4),(0.,0.0268826763076917,0.0499104106642508),
 .UNSPECIFIED.);
#335=B_SPLINE_CURVE_WITH_KNOTS('',3,(#9342,#9343,#9344,#9345,#9346),
 .UNSPECIFIED.,.F.,.F.,(4,1,4),(-0.0499104106642508,-0.0268826763076917,
0.),.UNSPECIFIED.);
#336=B_SPLINE_CURVE_WITH_KNOTS('',3,(#9359,#9360,#9361,#9362,#9363),
 .UNSPECIFIED.,.F.,.F.,(4,1,4),(0.,0.021815895974256,0.0449679108562924),
 .UNSPECIFIED.);
#337=B_SPLINE_CURVE_WITH_KNOTS('',3,(#9365,#9366,#9367,#9368,#9369),
 .UNSPECIFIED.,.F.,.F.,(4,1,4),(-0.0449679108562924,-0.021815895974256,
0.),.UNSPECIFIED.);
#338=B_SPLINE_CURVE_WITH_KNOTS('',3,(#9382,#9383,#9384,#9385,#9386),
 .UNSPECIFIED.,.F.,.F.,(4,1,4),(0.,0.0202158026757387,0.0388036806996192),
 .UNSPECIFIED.);
#339=B_SPLINE_CURVE_WITH_KNOTS('',3,(#9388,#9389,#9390,#9391,#9392),
 .UNSPECIFIED.,.F.,.F.,(4,1,4),(-0.0388036806996192,-0.0202158026757387,
0.),.UNSPECIFIED.);
#340=B_SPLINE_CURVE_WITH_KNOTS('',3,(#9405,#9406,#9407,#9408,#9409),
 .UNSPECIFIED.,.F.,.F.,(4,1,4),(0.,0.0117958459484756,0.0255140060390194),
 .UNSPECIFIED.);
#341=B_SPLINE_CURVE_WITH_KNOTS('',3,(#9411,#9412,#9413,#9414,#9415),
 .UNSPECIFIED.,.F.,.F.,(4,1,4),(-0.0255140060390194,-0.0117958459484756,
0.),.UNSPECIFIED.);
#342=B_SPLINE_CURVE_WITH_KNOTS('',3,(#9434,#9435,#9436,#9437,#9438),
 .UNSPECIFIED.,.F.,.F.,(4,1,4),(0.,0.00897580537850498,0.0174865950357879),
 .UNSPECIFIED.);
#343=B_SPLINE_CURVE_WITH_KNOTS('',3,(#9440,#9441,#9442,#9443,#9444),
 .UNSPECIFIED.,.F.,.F.,(4,1,4),(-0.0174865950357879,-0.00897580537850498,
0.),.UNSPECIFIED.);
#344=B_SPLINE_CURVE_WITH_KNOTS('',3,(#9457,#9458,#9459,#9460,#9461),
 .UNSPECIFIED.,.F.,.F.,(4,1,4),(0.,0.00847955477420939,0.0175034208062251),
 .UNSPECIFIED.);
#345=B_SPLINE_CURVE_WITH_KNOTS('',3,(#9463,#9464,#9465,#9466,#9467),
 .UNSPECIFIED.,.F.,.F.,(4,1,4),(-0.0175034208062251,-0.00847955477420939,
0.),.UNSPECIFIED.);
#346=B_SPLINE_CURVE_WITH_KNOTS('',3,(#9480,#9481,#9482,#9483,#9484),
 .UNSPECIFIED.,.F.,.F.,(4,1,4),(0.,0.0123288585512482,0.0243165830311434),
 .UNSPECIFIED.);
#347=B_SPLINE_CURVE_WITH_KNOTS('',3,(#9486,#9487,#9488,#9489,#9490),
 .UNSPECIFIED.,.F.,.F.,(4,1,4),(-0.0243165830311434,-0.0123288585512482,
0.),.UNSPECIFIED.);
#348=B_SPLINE_CURVE_WITH_KNOTS('',3,(#9503,#9504,#9505,#9506,#9507),
 .UNSPECIFIED.,.F.,.F.,(4,1,4),(0.,0.0139931111196571,0.0325871954452045),
 .UNSPECIFIED.);
#349=B_SPLINE_CURVE_WITH_KNOTS('',3,(#9509,#9510,#9511,#9512,#9513),
 .UNSPECIFIED.,.F.,.F.,(4,1,4),(-0.0325871954452045,-0.0139931111196571,
0.),.UNSPECIFIED.);
#350=B_SPLINE_CURVE_WITH_KNOTS('',3,(#9526,#9527,#9528,#9529,#9530),
 .UNSPECIFIED.,.F.,.F.,(4,1,4),(0.,0.0195887668967905,0.0339050388600185),
 .UNSPECIFIED.);
#351=B_SPLINE_CURVE_WITH_KNOTS('',3,(#9532,#9533,#9534,#9535,#9536),
 .UNSPECIFIED.,.F.,.F.,(4,1,4),(-0.0339050388600185,-0.0195887668967905,
0.),.UNSPECIFIED.);
#352=B_SPLINE_CURVE_WITH_KNOTS('',3,(#9549,#9550,#9551,#9552,#9553),
 .UNSPECIFIED.,.F.,.F.,(4,1,4),(0.,0.0118781228425864,0.0239903117727161),
 .UNSPECIFIED.);
#353=B_SPLINE_CURVE_WITH_KNOTS('',3,(#9555,#9556,#9557,#9558,#9559),
 .UNSPECIFIED.,.F.,.F.,(4,1,4),(-0.0239903117727161,-0.0118781228425864,
0.),.UNSPECIFIED.);
#354=B_SPLINE_CURVE_WITH_KNOTS('',3,(#9572,#9573,#9574,#9575,#9576),
 .UNSPECIFIED.,.F.,.F.,(4,1,4),(0.,0.00911377338902849,0.0180279886477425),
 .UNSPECIFIED.);
#355=B_SPLINE_CURVE_WITH_KNOTS('',3,(#9578,#9579,#9580,#9581,#9582),
 .UNSPECIFIED.,.F.,.F.,(4,1,4),(-0.0180279886477425,-0.00911377338902849,
0.),.UNSPECIFIED.);
#356=B_SPLINE_CURVE_WITH_KNOTS('',3,(#9594,#9595,#9596,#9597,#9598),
 .UNSPECIFIED.,.F.,.F.,(4,1,4),(0.,0.00990457640023019,0.02200735387603),
 .UNSPECIFIED.);
#357=B_SPLINE_CURVE_WITH_KNOTS('',3,(#9599,#9600,#9601,#9602,#9603),
 .UNSPECIFIED.,.F.,.F.,(4,1,4),(-0.02200735387603,-0.00990457640023019,
0.),.UNSPECIFIED.);
#358=B_SPLINE_CURVE_WITH_KNOTS('',3,(#9625,#9626,#9627,#9628,#9629),
 .UNSPECIFIED.,.F.,.F.,(4,1,4),(0.,0.0147760362465032,0.0299232324537491),
 .UNSPECIFIED.);
#359=B_SPLINE_CURVE_WITH_KNOTS('',3,(#9631,#9632,#9633,#9634,#9635),
 .UNSPECIFIED.,.F.,.F.,(4,1,4),(-0.0299232324537491,-0.0147760362465032,
0.),.UNSPECIFIED.);
#360=B_SPLINE_CURVE_WITH_KNOTS('',3,(#9648,#9649,#9650,#9651,#9652),
 .UNSPECIFIED.,.F.,.F.,(4,1,4),(0.,0.019008299263156,0.0451341356757573),
 .UNSPECIFIED.);
#361=B_SPLINE_CURVE_WITH_KNOTS('',3,(#9654,#9655,#9656,#9657,#9658),
 .UNSPECIFIED.,.F.,.F.,(4,1,4),(-0.0451341356757573,-0.019008299263156,
0.),.UNSPECIFIED.);
#362=B_SPLINE_CURVE_WITH_KNOTS('',3,(#9671,#9672,#9673,#9674,#9675),
 .UNSPECIFIED.,.F.,.F.,(4,1,4),(0.,0.0153628087709933,0.0250446164525437),
 .UNSPECIFIED.);
#363=B_SPLINE_CURVE_WITH_KNOTS('',3,(#9677,#9678,#9679,#9680,#9681),
 .UNSPECIFIED.,.F.,.F.,(4,1,4),(-0.0250446164525437,-0.0153628087709933,
0.),.UNSPECIFIED.);
#364=B_SPLINE_CURVE_WITH_KNOTS('',3,(#9694,#9695,#9696,#9697,#9698),
 .UNSPECIFIED.,.F.,.F.,(4,1,4),(0.,0.0063027640316798,0.0116204168998781),
 .UNSPECIFIED.);
#365=B_SPLINE_CURVE_WITH_KNOTS('',3,(#9700,#9701,#9702,#9703,#9704),
 .UNSPECIFIED.,.F.,.F.,(4,1,4),(-0.0116204168998781,-0.0063027640316798,
0.),.UNSPECIFIED.);
#366=B_SPLINE_CURVE_WITH_KNOTS('',3,(#9717,#9718,#9719,#9720,#9721),
 .UNSPECIFIED.,.F.,.F.,(4,1,4),(0.,0.00517714336880675,0.0104249939926173),
 .UNSPECIFIED.);
#367=B_SPLINE_CURVE_WITH_KNOTS('',3,(#9723,#9724,#9725,#9726,#9727),
 .UNSPECIFIED.,.F.,.F.,(4,1,4),(-0.0104249939926173,-0.00517714336880675,
0.),.UNSPECIFIED.);
#368=B_SPLINE_CURVE_WITH_KNOTS('',3,(#9740,#9741,#9742,#9743,#9744),
 .UNSPECIFIED.,.F.,.F.,(4,1,4),(0.,0.00541502561458527,0.0111074830147129),
 .UNSPECIFIED.);
#369=B_SPLINE_CURVE_WITH_KNOTS('',3,(#9746,#9747,#9748,#9749,#9750),
 .UNSPECIFIED.,.F.,.F.,(4,1,4),(-0.0111074830147129,-0.00541502561458527,
0.),.UNSPECIFIED.);
#370=B_SPLINE_CURVE_WITH_KNOTS('',3,(#9763,#9764,#9765,#9766,#9767),
 .UNSPECIFIED.,.F.,.F.,(4,1,4),(0.,0.00589761932638697,0.0114490377580636),
 .UNSPECIFIED.);
#371=B_SPLINE_CURVE_WITH_KNOTS('',3,(#9769,#9770,#9771,#9772,#9773),
 .UNSPECIFIED.,.F.,.F.,(4,1,4),(-0.0114490377580636,-0.00589761932638697,
0.),.UNSPECIFIED.);
#372=B_SPLINE_CURVE_WITH_KNOTS('',3,(#9786,#9787,#9788,#9789,#9790),
 .UNSPECIFIED.,.F.,.F.,(4,1,4),(0.,0.00648214230389249,0.0153371224296401),
 .UNSPECIFIED.);
#373=B_SPLINE_CURVE_WITH_KNOTS('',3,(#9792,#9793,#9794,#9795,#9796),
 .UNSPECIFIED.,.F.,.F.,(4,1,4),(-0.0153371224296401,-0.00648214230389249,
0.),.UNSPECIFIED.);
#374=B_SPLINE_CURVE_WITH_KNOTS('',3,(#9815,#9816,#9817,#9818,#9819),
 .UNSPECIFIED.,.F.,.F.,(4,1,4),(0.,0.0128293805203017,0.0232288748181643),
 .UNSPECIFIED.);
#375=B_SPLINE_CURVE_WITH_KNOTS('',3,(#9821,#9822,#9823,#9824,#9825),
 .UNSPECIFIED.,.F.,.F.,(4,1,4),(-0.0232288748181643,-0.0128293805203017,
0.),.UNSPECIFIED.);
#376=B_SPLINE_CURVE_WITH_KNOTS('',3,(#9838,#9839,#9840,#9841,#9842),
 .UNSPECIFIED.,.F.,.F.,(4,1,4),(0.,0.00941841888581966,0.0192803188546365),
 .UNSPECIFIED.);
#377=B_SPLINE_CURVE_WITH_KNOTS('',3,(#9844,#9845,#9846,#9847,#9848),
 .UNSPECIFIED.,.F.,.F.,(4,1,4),(-0.0192803188546365,-0.00941841888581966,
0.),.UNSPECIFIED.);
#378=B_SPLINE_CURVE_WITH_KNOTS('',3,(#9861,#9862,#9863,#9864,#9865),
 .UNSPECIFIED.,.F.,.F.,(4,1,4),(0.,0.0118369822505099,0.0269154523387179),
 .UNSPECIFIED.);
#379=B_SPLINE_CURVE_WITH_KNOTS('',3,(#9867,#9868,#9869,#9870,#9871),
 .UNSPECIFIED.,.F.,.F.,(4,1,4),(-0.0269154523387179,-0.0118369822505099,
0.),.UNSPECIFIED.);
#380=B_SPLINE_CURVE_WITH_KNOTS('',3,(#9884,#9885,#9886,#9887,#9888),
 .UNSPECIFIED.,.F.,.F.,(4,1,4),(0.,0.0156665400439518,0.0277522401882002),
 .UNSPECIFIED.);
#381=B_SPLINE_CURVE_WITH_KNOTS('',3,(#9890,#9891,#9892,#9893,#9894),
 .UNSPECIFIED.,.F.,.F.,(4,1,4),(-0.0277522401882002,-0.0156665400439518,
0.),.UNSPECIFIED.);
#382=B_SPLINE_CURVE_WITH_KNOTS('',3,(#9907,#9908,#9909,#9910,#9911),
 .UNSPECIFIED.,.F.,.F.,(4,1,4),(0.,0.010132878581726,0.0199683330838468),
 .UNSPECIFIED.);
#383=B_SPLINE_CURVE_WITH_KNOTS('',3,(#9913,#9914,#9915,#9916,#9917),
 .UNSPECIFIED.,.F.,.F.,(4,1,4),(-0.0199683330838468,-0.010132878581726,
0.),.UNSPECIFIED.);
#384=B_SPLINE_CURVE_WITH_KNOTS('',3,(#9930,#9931,#9932,#9933,#9934),
 .UNSPECIFIED.,.F.,.F.,(4,1,4),(0.,0.00974752299198759,0.0196508896351873),
 .UNSPECIFIED.);
#385=B_SPLINE_CURVE_WITH_KNOTS('',3,(#9936,#9937,#9938,#9939,#9940),
 .UNSPECIFIED.,.F.,.F.,(4,1,4),(-0.0196508896351873,-0.00974752299198759,
0.),.UNSPECIFIED.);
#386=B_SPLINE_CURVE_WITH_KNOTS('',3,(#9953,#9954,#9955,#9956,#9957),
 .UNSPECIFIED.,.F.,.F.,(4,1,4),(0.,0.0108442443162296,0.022167398142608),
 .UNSPECIFIED.);
#387=B_SPLINE_CURVE_WITH_KNOTS('',3,(#9959,#9960,#9961,#9962,#9963),
 .UNSPECIFIED.,.F.,.F.,(4,1,4),(-0.022167398142608,-0.0108442443162296,
0.),.UNSPECIFIED.);
#388=B_SPLINE_CURVE_WITH_KNOTS('',3,(#9976,#9977,#9978,#9979,#9980),
 .UNSPECIFIED.,.F.,.F.,(4,1,4),(0.,0.0138282501856256,0.0321568253098711),
 .UNSPECIFIED.);
#389=B_SPLINE_CURVE_WITH_KNOTS('',3,(#9982,#9983,#9984,#9985,#9986),
 .UNSPECIFIED.,.F.,.F.,(4,1,4),(-0.0321568253098711,-0.0138282501856256,
0.),.UNSPECIFIED.);
#390=B_SPLINE_CURVE_WITH_KNOTS('',3,(#9999,#10000,#10001,#10002,#10003),
 .UNSPECIFIED.,.F.,.F.,(4,1,4),(0.,0.0102817652709585,0.0166542421915974),
 .UNSPECIFIED.);
#391=B_SPLINE_CURVE_WITH_KNOTS('',3,(#10005,#10006,#10007,#10008,#10009),
 .UNSPECIFIED.,.F.,.F.,(4,1,4),(-0.0166542421915974,-0.0102817652709585,
0.),.UNSPECIFIED.);
#392=B_SPLINE_CURVE_WITH_KNOTS('',3,(#10022,#10023,#10024,#10025,#10026),
 .UNSPECIFIED.,.F.,.F.,(4,1,4),(0.,0.00487235418162028,0.0107779310435122),
 .UNSPECIFIED.);
#393=B_SPLINE_CURVE_WITH_KNOTS('',3,(#10028,#10029,#10030,#10031,#10032),
 .UNSPECIFIED.,.F.,.F.,(4,1,4),(-0.0107779310435122,-0.00487235418162028,
0.),.UNSPECIFIED.);
#394=B_SPLINE_CURVE_WITH_KNOTS('',3,(#10082,#10083,#10084,#10085,#10086),
 .UNSPECIFIED.,.F.,.F.,(4,1,4),(0.,0.00598174218481092,0.0116659871210871),
 .UNSPECIFIED.);
#395=B_SPLINE_CURVE_WITH_KNOTS('',3,(#10088,#10089,#10090,#10091,#10092),
 .UNSPECIFIED.,.F.,.F.,(4,1,4),(-0.0116659871210871,-0.00598174218481092,
0.),.UNSPECIFIED.);
#396=B_SPLINE_CURVE_WITH_KNOTS('',3,(#10105,#10106,#10107,#10108,#10109),
 .UNSPECIFIED.,.F.,.F.,(4,1,4),(0.,0.00553130900074293,0.0109027948617842),
 .UNSPECIFIED.);
#397=B_SPLINE_CURVE_WITH_KNOTS('',3,(#10111,#10112,#10113,#10114,#10115),
 .UNSPECIFIED.,.F.,.F.,(4,1,4),(-0.0109027948617842,-0.00553130900074293,
0.),.UNSPECIFIED.);
#398=B_SPLINE_CURVE_WITH_KNOTS('',3,(#10128,#10129,#10130,#10131,#10132),
 .UNSPECIFIED.,.F.,.F.,(4,1,4),(0.,0.0165352111887563,0.0318128435891327),
 .UNSPECIFIED.);
#399=B_SPLINE_CURVE_WITH_KNOTS('',3,(#10134,#10135,#10136,#10137,#10138),
 .UNSPECIFIED.,.F.,.F.,(4,1,4),(-0.0318128435891327,-0.0165352111887563,
0.),.UNSPECIFIED.);
#400=B_SPLINE_CURVE_WITH_KNOTS('',3,(#10151,#10152,#10153,#10154,#10155),
 .UNSPECIFIED.,.F.,.F.,(4,1,4),(0.,0.0148996076215071,0.0302800703217814),
 .UNSPECIFIED.);
#401=B_SPLINE_CURVE_WITH_KNOTS('',3,(#10157,#10158,#10159,#10160,#10161),
 .UNSPECIFIED.,.F.,.F.,(4,1,4),(-0.0302800703217814,-0.0148996076215071,
0.),.UNSPECIFIED.);
#402=B_SPLINE_CURVE_WITH_KNOTS('',3,(#10174,#10175,#10176,#10177,#10178),
 .UNSPECIFIED.,.F.,.F.,(4,1,4),(0.,0.0114905873848719,0.0232745258936537),
 .UNSPECIFIED.);
#403=B_SPLINE_CURVE_WITH_KNOTS('',3,(#10180,#10181,#10182,#10183,#10184),
 .UNSPECIFIED.,.F.,.F.,(4,1,4),(-0.0232745258936537,-0.0114905873848719,
0.),.UNSPECIFIED.);
#404=B_SPLINE_CURVE_WITH_KNOTS('',3,(#10197,#10198,#10199,#10200,#10201),
 .UNSPECIFIED.,.F.,.F.,(4,1,4),(0.,0.0117385795404209,0.0234198966766132),
 .UNSPECIFIED.);
#405=B_SPLINE_CURVE_WITH_KNOTS('',3,(#10203,#10204,#10205,#10206,#10207),
 .UNSPECIFIED.,.F.,.F.,(4,1,4),(-0.0234198966766132,-0.0117385795404209,
0.),.UNSPECIFIED.);
#406=B_SPLINE_CURVE_WITH_KNOTS('',3,(#10220,#10221,#10222,#10223,#10224),
 .UNSPECIFIED.,.F.,.F.,(4,1,4),(0.,0.0127759459887374,0.0278829530090437),
 .UNSPECIFIED.);
#407=B_SPLINE_CURVE_WITH_KNOTS('',3,(#10226,#10227,#10228,#10229,#10230),
 .UNSPECIFIED.,.F.,.F.,(4,1,4),(-0.0278829530090437,-0.0127759459887374,
0.),.UNSPECIFIED.);
#408=B_SPLINE_CURVE_WITH_KNOTS('',3,(#10243,#10244,#10245,#10246,#10247),
 .UNSPECIFIED.,.F.,.F.,(4,1,4),(0.,0.0110438489368992,0.0205415763751091),
 .UNSPECIFIED.);
#409=B_SPLINE_CURVE_WITH_KNOTS('',3,(#10249,#10250,#10251,#10252,#10253),
 .UNSPECIFIED.,.F.,.F.,(4,1,4),(-0.0205415763751091,-0.0110438489368992,
0.),.UNSPECIFIED.);
#410=B_SPLINE_CURVE_WITH_KNOTS('',3,(#10266,#10267,#10268,#10269,#10270),
 .UNSPECIFIED.,.F.,.F.,(4,1,4),(0.,0.00831161410299465,0.0159626216149145),
 .UNSPECIFIED.);
#411=B_SPLINE_CURVE_WITH_KNOTS('',3,(#10272,#10273,#10274,#10275,#10276),
 .UNSPECIFIED.,.F.,.F.,(4,1,4),(-0.0159626216149145,-0.00831161410299465,
0.),.UNSPECIFIED.);
#412=B_SPLINE_CURVE_WITH_KNOTS('',3,(#10289,#10290,#10291,#10292,#10293),
 .UNSPECIFIED.,.F.,.F.,(4,1,4),(0.,0.0071733460902688,0.0140063194584741),
 .UNSPECIFIED.);
#413=B_SPLINE_CURVE_WITH_KNOTS('',3,(#10295,#10296,#10297,#10298,#10299),
 .UNSPECIFIED.,.F.,.F.,(4,1,4),(-0.0140063194584741,-0.0071733460902688,
0.),.UNSPECIFIED.);
#414=B_SPLINE_CURVE_WITH_KNOTS('',3,(#10312,#10313,#10314,#10315,#10316),
 .UNSPECIFIED.,.F.,.F.,(4,1,4),(0.,0.00718643198115181,0.0154002957471368),
 .UNSPECIFIED.);
#415=B_SPLINE_CURVE_WITH_KNOTS('',3,(#10318,#10319,#10320,#10321,#10322),
 .UNSPECIFIED.,.F.,.F.,(4,1,4),(-0.0154002957471368,-0.00718643198115181,
0.),.UNSPECIFIED.);
#416=B_SPLINE_CURVE_WITH_KNOTS('',3,(#10341,#10342,#10343,#10344,#10345),
 .UNSPECIFIED.,.F.,.F.,(4,1,4),(0.,0.00742927533485315,0.01381662678709),
 .UNSPECIFIED.);
#417=B_SPLINE_CURVE_WITH_KNOTS('',3,(#10347,#10348,#10349,#10350,#10351),
 .UNSPECIFIED.,.F.,.F.,(4,1,4),(-0.01381662678709,-0.00742927533485315,
0.),.UNSPECIFIED.);
#418=B_SPLINE_CURVE_WITH_KNOTS('',3,(#10364,#10365,#10366,#10367,#10368),
 .UNSPECIFIED.,.F.,.F.,(4,1,4),(0.,0.00584172179009171,0.0117262558170842),
 .UNSPECIFIED.);
#419=B_SPLINE_CURVE_WITH_KNOTS('',3,(#10370,#10371,#10372,#10373,#10374),
 .UNSPECIFIED.,.F.,.F.,(4,1,4),(-0.0117262558170842,-0.00584172179009171,
0.),.UNSPECIFIED.);
#420=B_SPLINE_CURVE_WITH_KNOTS('',3,(#10387,#10388,#10389,#10390,#10391),
 .UNSPECIFIED.,.F.,.F.,(4,1,4),(0.,0.00647756627071655,0.0129282046666312),
 .UNSPECIFIED.);
#421=B_SPLINE_CURVE_WITH_KNOTS('',3,(#10393,#10394,#10395,#10396,#10397),
 .UNSPECIFIED.,.F.,.F.,(4,1,4),(-0.0129282046666312,-0.00647756627071655,
0.),.UNSPECIFIED.);
#422=B_SPLINE_CURVE_WITH_KNOTS('',3,(#10410,#10411,#10412,#10413,#10414),
 .UNSPECIFIED.,.F.,.F.,(4,1,4),(0.,0.00745045117534049,0.0167099019320102),
 .UNSPECIFIED.);
#423=B_SPLINE_CURVE_WITH_KNOTS('',3,(#10416,#10417,#10418,#10419,#10420),
 .UNSPECIFIED.,.F.,.F.,(4,1,4),(-0.0167099019320102,-0.00745045117534049,
0.),.UNSPECIFIED.);
#424=B_SPLINE_CURVE_WITH_KNOTS('',3,(#10433,#10434,#10435,#10436,#10437),
 .UNSPECIFIED.,.F.,.F.,(4,1,4),(0.,0.00936098412897183,0.0166485331124104),
 .UNSPECIFIED.);
#425=B_SPLINE_CURVE_WITH_KNOTS('',3,(#10439,#10440,#10441,#10442,#10443),
 .UNSPECIFIED.,.F.,.F.,(4,1,4),(-0.0166485331124104,-0.00936098412897183,
0.),.UNSPECIFIED.);
#426=B_SPLINE_CURVE_WITH_KNOTS('',3,(#10456,#10457,#10458,#10459,#10460),
 .UNSPECIFIED.,.F.,.F.,(4,1,4),(0.,0.00652316258057582,0.0134912564314855),
 .UNSPECIFIED.);
#427=B_SPLINE_CURVE_WITH_KNOTS('',3,(#10462,#10463,#10464,#10465,#10466),
 .UNSPECIFIED.,.F.,.F.,(4,1,4),(-0.0134912564314855,-0.00652316258057582,
0.),.UNSPECIFIED.);
#428=B_SPLINE_CURVE_WITH_KNOTS('',3,(#10479,#10480,#10481,#10482,#10483),
 .UNSPECIFIED.,.F.,.F.,(4,1,4),(0.,0.00478457440511192,0.00970207176964053),
 .UNSPECIFIED.);
#429=B_SPLINE_CURVE_WITH_KNOTS('',3,(#10485,#10486,#10487,#10488,#10489),
 .UNSPECIFIED.,.F.,.F.,(4,1,4),(-0.00970207176964053,-0.00478457440511192,
0.),.UNSPECIFIED.);
#430=B_SPLINE_CURVE_WITH_KNOTS('',3,(#10502,#10503,#10504,#10505,#10506),
 .UNSPECIFIED.,.F.,.F.,(4,1,4),(0.,0.00426845893302715,0.00968036010200399),
 .UNSPECIFIED.);
#431=B_SPLINE_CURVE_WITH_KNOTS('',3,(#10508,#10509,#10510,#10511,#10512),
 .UNSPECIFIED.,.F.,.F.,(4,1,4),(-0.00968036010200399,-0.00426845893302715,
0.),.UNSPECIFIED.);
#432=B_SPLINE_SURFACE_WITH_KNOTS('',3,1,((#7077,#7078),(#7079,#7080),(#7081,
#7082),(#7083,#7084),(#7085,#7086)),.UNSPECIFIED.,.F.,.F.,.F.,(4,1,4),(2,
2),(-0.0176070482618811,-0.0114806681671923,0.),(0.,0.02),.UNSPECIFIED.);
#433=B_SPLINE_SURFACE_WITH_KNOTS('',3,1,((#7100,#7101),(#7102,#7103),(#7104,
#7105),(#7106,#7107),(#7108,#7109)),.UNSPECIFIED.,.F.,.F.,.F.,(4,1,4),(2,
2),(-0.0107847823619095,-0.00572772408765632,0.),(0.,0.02),
 .UNSPECIFIED.);
#434=B_SPLINE_SURFACE_WITH_KNOTS('',3,1,((#7123,#7124),(#7125,#7126),(#7127,
#7128),(#7129,#7130),(#7131,#7132)),.UNSPECIFIED.,.F.,.F.,.F.,(4,1,4),(2,
2),(-0.0102908954695736,-0.00495516453648369,0.),(0.,0.02),
 .UNSPECIFIED.);
#435=B_SPLINE_SURFACE_WITH_KNOTS('',3,1,((#7146,#7147),(#7148,#7149),(#7150,
#7151),(#7152,#7153),(#7154,#7155)),.UNSPECIFIED.,.F.,.F.,.F.,(4,1,4),(2,
2),(-0.00969849949784251,-0.00509381139251623,0.),(0.,0.02),
 .UNSPECIFIED.);
#436=B_SPLINE_SURFACE_WITH_KNOTS('',3,1,((#7169,#7170),(#7171,#7172),(#7173,
#7174),(#7175,#7176),(#7177,#7178)),.UNSPECIFIED.,.F.,.F.,.F.,(4,1,4),(2,
2),(-0.0102133645165284,-0.00472306416271529,0.),(0.,0.02),
 .UNSPECIFIED.);
#437=B_SPLINE_SURFACE_WITH_KNOTS('',3,1,((#7192,#7193),(#7194,#7195),(#7196,
#7197),(#7198,#7199),(#7200,#7201)),.UNSPECIFIED.,.F.,.F.,.F.,(4,1,4),(2,
2),(-0.0207165543762225,-0.00698491703842841,0.),(0.,0.02),
 .UNSPECIFIED.);
#438=B_SPLINE_SURFACE_WITH_KNOTS('',3,1,((#7233,#7234),(#7235,#7236),(#7237,
#7238),(#7239,#7240),(#7241,#7242)),.UNSPECIFIED.,.F.,.F.,.F.,(4,1,4),(2,
2),(-0.0166439954718248,-0.0107041797376,0.),(0.,0.02),.UNSPECIFIED.);
#439=B_SPLINE_SURFACE_WITH_KNOTS('',3,1,((#7256,#7257),(#7258,#7259),(#7260,
#7261),(#7262,#7263),(#7264,#7265)),.UNSPECIFIED.,.F.,.F.,.F.,(4,1,4),(2,
2),(-0.0101084362443898,-0.00517071593993503,0.),(0.,0.02),
 .UNSPECIFIED.);
#440=B_SPLINE_SURFACE_WITH_KNOTS('',3,1,((#7279,#7280),(#7281,#7282),(#7283,
#7284),(#7285,#7286),(#7287,#7288)),.UNSPECIFIED.,.F.,.F.,.F.,(4,1,4),(2,
2),(-0.0109846062251235,-0.00517038353837062,0.),(0.,0.02),
 .UNSPECIFIED.);
#441=B_SPLINE_SURFACE_WITH_KNOTS('',3,1,((#7302,#7303),(#7304,#7305),(#7306,
#7307),(#7308,#7309),(#7310,#7311)),.UNSPECIFIED.,.F.,.F.,.F.,(4,1,4),(2,
2),(-0.00964971177114628,-0.0050359358505483,0.),(0.,0.02),
 .UNSPECIFIED.);
#442=B_SPLINE_SURFACE_WITH_KNOTS('',3,1,((#7325,#7326),(#7327,#7328),(#7329,
#7330),(#7331,#7332),(#7333,#7334)),.UNSPECIFIED.,.F.,.F.,.F.,(4,1,4),(2,
2),(-0.00950550111165788,-0.00457265058490811,0.),(0.,0.02),
 .UNSPECIFIED.);
#443=B_SPLINE_SURFACE_WITH_KNOTS('',3,1,((#7348,#7349),(#7350,#7351),(#7352,
#7353),(#7354,#7355),(#7356,#7357)),.UNSPECIFIED.,.F.,.F.,.F.,(4,1,4),(2,
2),(-0.0215584810950323,-0.00792277793143238,0.),(0.,0.02),
 .UNSPECIFIED.);
#444=B_SPLINE_SURFACE_WITH_KNOTS('',3,1,((#7383,#7384),(#7385,#7386),(#7387,
#7388),(#7389,#7390),(#7391,#7392)),.UNSPECIFIED.,.F.,.F.,.F.,(4,1,4),(2,
2),(-0.0212525097256361,-0.0124253553787468,0.),(0.,0.02),.UNSPECIFIED.);
#445=B_SPLINE_SURFACE_WITH_KNOTS('',3,1,((#7406,#7407),(#7408,#7409),(#7410,
#7411),(#7412,#7413),(#7414,#7415)),.UNSPECIFIED.,.F.,.F.,.F.,(4,1,4),(2,
2),(-0.0135361921447318,-0.00689023759501495,0.),(0.,0.02),
 .UNSPECIFIED.);
#446=B_SPLINE_SURFACE_WITH_KNOTS('',3,1,((#7429,#7430),(#7431,#7432),(#7433,
#7434),(#7435,#7436),(#7437,#7438)),.UNSPECIFIED.,.F.,.F.,.F.,(4,1,4),(2,
2),(-0.0137598560115095,-0.00673213646089753,0.),(0.,0.02),
 .UNSPECIFIED.);
#447=B_SPLINE_SURFACE_WITH_KNOTS('',3,1,((#7452,#7453),(#7454,#7455),(#7456,
#7457),(#7458,#7459),(#7460,#7461)),.UNSPECIFIED.,.F.,.F.,.F.,(4,1,4),(2,
2),(-0.0146085528725489,-0.00716392671024626,0.),(0.,0.02),
 .UNSPECIFIED.);
#448=B_SPLINE_SURFACE_WITH_KNOTS('',3,1,((#7475,#7476),(#7477,#7478),(#7479,
#7480),(#7481,#7482),(#7483,#7484)),.UNSPECIFIED.,.F.,.F.,.F.,(4,1,4),(2,
2),(-0.0163122883862214,-0.00816404621087283,0.),(0.,0.02),
 .UNSPECIFIED.);
#449=B_SPLINE_SURFACE_WITH_KNOTS('',3,1,((#7498,#7499),(#7500,#7501),(#7502,
#7503),(#7504,#7505),(#7506,#7507)),.UNSPECIFIED.,.F.,.F.,.F.,(4,1,4),(2,
2),(-0.016371476418897,-0.00813938680149455,0.),(0.,0.02),.UNSPECIFIED.);
#450=B_SPLINE_SURFACE_WITH_KNOTS('',3,1,((#7521,#7522),(#7523,#7524),(#7525,
#7526),(#7527,#7528),(#7529,#7530)),.UNSPECIFIED.,.F.,.F.,.F.,(4,1,4),(2,
2),(-0.0203360252763217,-0.0106175025333839,0.),(0.,0.02),.UNSPECIFIED.);
#451=B_SPLINE_SURFACE_WITH_KNOTS('',3,1,((#7544,#7545),(#7546,#7547),(#7548,
#7549),(#7550,#7551),(#7552,#7553)),.UNSPECIFIED.,.F.,.F.,.F.,(4,1,4),(2,
2),(-0.0192965701673522,-0.00946520348440013,0.),(0.,0.02),
 .UNSPECIFIED.);
#452=B_SPLINE_SURFACE_WITH_KNOTS('',3,1,((#7567,#7568),(#7569,#7570),(#7571,
#7572),(#7573,#7574),(#7575,#7576)),.UNSPECIFIED.,.F.,.F.,.F.,(4,1,4),(2,
2),(-0.0165305697556777,-0.00814023794059212,0.),(0.,0.02),
 .UNSPECIFIED.);
#453=B_SPLINE_SURFACE_WITH_KNOTS('',3,1,((#7590,#7591),(#7592,#7593),(#7594,
#7595),(#7596,#7597),(#7598,#7599)),.UNSPECIFIED.,.F.,.F.,.F.,(4,1,4),(2,
2),(-0.0162828924332199,-0.00825891625946615,0.),(0.,0.02),
 .UNSPECIFIED.);
#454=B_SPLINE_SURFACE_WITH_KNOTS('',3,1,((#7613,#7614),(#7615,#7616),(#7617,
#7618),(#7619,#7620),(#7621,#7622)),.UNSPECIFIED.,.F.,.F.,.F.,(4,1,4),(2,
2),(-0.0173007625257123,-0.00820917900046082,0.),(0.,0.02),
 .UNSPECIFIED.);
#455=B_SPLINE_SURFACE_WITH_KNOTS('',3,1,((#7636,#7637),(#7638,#7639),(#7640,
#7641),(#7642,#7643),(#7644,#7645)),.UNSPECIFIED.,.F.,.F.,.F.,(4,1,4),(2,
2),(-0.0292382442263972,-0.0103479408705113,0.),(0.,0.02),.UNSPECIFIED.);
#456=B_SPLINE_SURFACE_WITH_KNOTS('',3,1,((#7696,#7697),(#7698,#7699),(#7700,
#7701),(#7702,#7703),(#7704,#7705)),.UNSPECIFIED.,.F.,.F.,.F.,(4,1,4),(2,
2),(-0.0116659833007296,-0.0059817490667835,0.),(0.,0.02),.UNSPECIFIED.);
#457=B_SPLINE_SURFACE_WITH_KNOTS('',3,1,((#7719,#7720),(#7721,#7722),(#7723,
#7724),(#7725,#7726),(#7727,#7728)),.UNSPECIFIED.,.F.,.F.,.F.,(4,1,4),(2,
2),(-0.0109028061737215,-0.00553129800250207,0.),(0.,0.02),
 .UNSPECIFIED.);
#458=B_SPLINE_SURFACE_WITH_KNOTS('',3,1,((#7742,#7743),(#7744,#7745),(#7746,
#7747),(#7748,#7749),(#7750,#7751)),.UNSPECIFIED.,.F.,.F.,.F.,(4,1,4),(2,
2),(-0.0318128509380909,-0.0165352185377145,0.),(0.,0.02),.UNSPECIFIED.);
#459=B_SPLINE_SURFACE_WITH_KNOTS('',3,1,((#7765,#7766),(#7767,#7768),(#7769,
#7770),(#7771,#7772),(#7773,#7774)),.UNSPECIFIED.,.F.,.F.,.F.,(4,1,4),(2,
2),(-0.0302800746590169,-0.0148996160330218,0.),(0.,0.02),.UNSPECIFIED.);
#460=B_SPLINE_SURFACE_WITH_KNOTS('',3,1,((#7788,#7789),(#7790,#7791),(#7792,
#7793),(#7794,#7795),(#7796,#7797)),.UNSPECIFIED.,.F.,.F.,.F.,(4,1,4),(2,
2),(-0.0232745388014671,-0.0114905892690529,0.),(0.,0.02),.UNSPECIFIED.);
#461=B_SPLINE_SURFACE_WITH_KNOTS('',3,1,((#7811,#7812),(#7813,#7814),(#7815,
#7816),(#7817,#7818),(#7819,#7820)),.UNSPECIFIED.,.F.,.F.,.F.,(4,1,4),(2,
2),(-0.0234198613474475,-0.0117385442112553,0.),(0.,0.02),.UNSPECIFIED.);
#462=B_SPLINE_SURFACE_WITH_KNOTS('',3,1,((#7834,#7835),(#7836,#7837),(#7838,
#7839),(#7840,#7841),(#7842,#7843)),.UNSPECIFIED.,.F.,.F.,.F.,(4,1,4),(2,
2),(-0.0278829627600579,-0.0127759038139966,0.),(0.,0.02),.UNSPECIFIED.);
#463=B_SPLINE_SURFACE_WITH_KNOTS('',3,1,((#7857,#7858),(#7859,#7860),(#7861,
#7862),(#7863,#7864),(#7865,#7866)),.UNSPECIFIED.,.F.,.F.,.F.,(4,1,4),(2,
2),(-0.0205415799382176,-0.0110438414956493,0.),(0.,0.02),.UNSPECIFIED.);
#464=B_SPLINE_SURFACE_WITH_KNOTS('',3,1,((#7880,#7881),(#7882,#7883),(#7884,
#7885),(#7886,#7887),(#7888,#7889)),.UNSPECIFIED.,.F.,.F.,.F.,(4,1,4),(2,
2),(-0.0159626137812147,-0.00831165439520818,0.),(0.,0.02),
 .UNSPECIFIED.);
#465=B_SPLINE_SURFACE_WITH_KNOTS('',3,1,((#7903,#7904),(#7905,#7906),(#7907,
#7908),(#7909,#7910),(#7911,#7912)),.UNSPECIFIED.,.F.,.F.,.F.,(4,1,4),(2,
2),(-0.0140063499514681,-0.00717335579835236,0.),(0.,0.02),
 .UNSPECIFIED.);
#466=B_SPLINE_SURFACE_WITH_KNOTS('',3,1,((#7926,#7927),(#7928,#7929),(#7930,
#7931),(#7932,#7933),(#7934,#7935)),.UNSPECIFIED.,.F.,.F.,.F.,(4,1,4),(2,
2),(-0.0154002926242733,-0.0071864276053394,0.),(0.,0.02),.UNSPECIFIED.);
#467=B_SPLINE_SURFACE_WITH_KNOTS('',3,1,((#7955,#7956),(#7957,#7958),(#7959,
#7960),(#7961,#7962),(#7963,#7964)),.UNSPECIFIED.,.F.,.F.,.F.,(4,1,4),(2,
2),(-0.0138166464099359,-0.00742926917805971,0.),(0.,0.02),
 .UNSPECIFIED.);
#468=B_SPLINE_SURFACE_WITH_KNOTS('',3,1,((#7978,#7979),(#7980,#7981),(#7982,
#7983),(#7984,#7985),(#7986,#7987)),.UNSPECIFIED.,.F.,.F.,.F.,(4,1,4),(2,
2),(-0.0117262584230903,-0.00584170606492934,0.),(0.,0.02),
 .UNSPECIFIED.);
#469=B_SPLINE_SURFACE_WITH_KNOTS('',3,1,((#8001,#8002),(#8003,#8004),(#8005,
#8006),(#8007,#8008),(#8009,#8010)),.UNSPECIFIED.,.F.,.F.,.F.,(4,1,4),(2,
2),(-0.0129281942362329,-0.00647757356741687,0.),(0.,0.02),
 .UNSPECIFIED.);
#470=B_SPLINE_SURFACE_WITH_KNOTS('',3,1,((#8024,#8025),(#8026,#8027),(#8028,
#8029),(#8030,#8031),(#8032,#8033)),.UNSPECIFIED.,.F.,.F.,.F.,(4,1,4),(2,
2),(-0.0167099003382115,-0.00745044773734739,0.),(0.,0.02),
 .UNSPECIFIED.);
#471=B_SPLINE_SURFACE_WITH_KNOTS('',3,1,((#8047,#8048),(#8049,#8050),(#8051,
#8052),(#8053,#8054),(#8055,#8056)),.UNSPECIFIED.,.F.,.F.,.F.,(4,1,4),(2,
2),(-0.0166485314217576,-0.00936098595316332,0.),(0.,0.02),
 .UNSPECIFIED.);
#472=B_SPLINE_SURFACE_WITH_KNOTS('',3,1,((#8070,#8071),(#8072,#8073),(#8074,
#8075),(#8076,#8077),(#8078,#8079)),.UNSPECIFIED.,.F.,.F.,.F.,(4,1,4),(2,
2),(-0.0134912351035833,-0.00652312292754781,0.),(0.,0.02),
 .UNSPECIFIED.);
#473=B_SPLINE_SURFACE_WITH_KNOTS('',3,1,((#8093,#8094),(#8095,#8096),(#8097,
#8098),(#8099,#8100),(#8101,#8102)),.UNSPECIFIED.,.F.,.F.,.F.,(4,1,4),(2,
2),(-0.00970206023215347,-0.0047845559224896,0.),(0.,0.02),
 .UNSPECIFIED.);
#474=B_SPLINE_SURFACE_WITH_KNOTS('',3,1,((#8116,#8117),(#8118,#8119),(#8120,
#8121),(#8122,#8123),(#8124,#8125)),.UNSPECIFIED.,.F.,.F.,.F.,(4,1,4),(2,
2),(-0.0096803821350618,-0.00426846507678191,0.),(0.,0.02),
 .UNSPECIFIED.);
#475=B_SPLINE_SURFACE_WITH_KNOTS('',3,1,((#8170,#8171),(#8172,#8173),(#8174,
#8175),(#8176,#8177),(#8178,#8179)),.UNSPECIFIED.,.F.,.F.,.F.,(4,1,4),(2,
2),(-0.0188229124989701,-0.00983248822575282,0.),(0.,0.02),
 .UNSPECIFIED.);
#476=B_SPLINE_SURFACE_WITH_KNOTS('',3,1,((#8193,#8194),(#8195,#8196),(#8197,
#8198),(#8199,#8200),(#8201,#8202)),.UNSPECIFIED.,.F.,.F.,.F.,(4,1,4),(2,
2),(-0.0205401086148085,-0.00938344861344607,0.),(0.,0.02),
 .UNSPECIFIED.);
#477=B_SPLINE_SURFACE_WITH_KNOTS('',3,1,((#8222,#8223),(#8224,#8225),(#8226,
#8227),(#8228,#8229),(#8230,#8231)),.UNSPECIFIED.,.F.,.F.,.F.,(4,1,4),(2,
2),(-0.0296648902666697,-0.0162831680727446,0.),(0.,0.02),.UNSPECIFIED.);
#478=B_SPLINE_SURFACE_WITH_KNOTS('',3,1,((#8245,#8246),(#8247,#8248),(#8249,
#8250),(#8251,#8252),(#8253,#8254)),.UNSPECIFIED.,.F.,.F.,.F.,(4,1,4),(2,
2),(-0.0241894621998209,-0.012011084958333,0.),(0.,0.02),.UNSPECIFIED.);
#479=B_SPLINE_SURFACE_WITH_KNOTS('',3,1,((#8272,#8273),(#8274,#8275),(#8276,
#8277),(#8278,#8279),(#8280,#8281)),.UNSPECIFIED.,.F.,.F.,.F.,(4,1,4),(2,
2),(-0.011004920448748,-0.00570915289350363,0.),(0.,0.02),.UNSPECIFIED.);
#480=B_SPLINE_SURFACE_WITH_KNOTS('',3,1,((#8298,#8299),(#8300,#8301),(#8302,
#8303),(#8304,#8305),(#8306,#8307)),.UNSPECIFIED.,.F.,.F.,.F.,(4,1,4),(2,
2),(-0.0112742220793562,-0.0053665477853746,0.),(0.,0.02),.UNSPECIFIED.);
#481=B_SPLINE_SURFACE_WITH_KNOTS('',3,1,((#8321,#8322),(#8323,#8324),(#8325,
#8326),(#8327,#8328),(#8329,#8330)),.UNSPECIFIED.,.F.,.F.,.F.,(4,1,4),(2,
2),(-0.0103595509748859,-0.00530249270063275,0.),(0.,0.02),
 .UNSPECIFIED.);
#482=B_SPLINE_SURFACE_WITH_KNOTS('',3,1,((#8344,#8345),(#8346,#8347),(#8348,
#8349),(#8350,#8351),(#8352,#8353)),.UNSPECIFIED.,.F.,.F.,.F.,(4,1,4),(2,
2),(-0.0106265733048232,-0.00512601852916464,0.),(0.,0.02),
 .UNSPECIFIED.);
#483=B_SPLINE_SURFACE_WITH_KNOTS('',3,1,((#8367,#8368),(#8369,#8370),(#8371,
#8372),(#8373,#8374),(#8375,#8376)),.UNSPECIFIED.,.F.,.F.,.F.,(4,1,4),(2,
2),(-0.0110049103280333,-0.00570916525825588,0.),(0.,0.02),
 .UNSPECIFIED.);
#484=B_SPLINE_SURFACE_WITH_KNOTS('',3,1,((#8390,#8391),(#8392,#8393),(#8394,
#8395),(#8396,#8397),(#8398,#8399)),.UNSPECIFIED.,.F.,.F.,.F.,(4,1,4),(2,
2),(-0.010809695244308,-0.00527838624356504,0.),(0.,0.02),.UNSPECIFIED.);
#485=B_SPLINE_SURFACE_WITH_KNOTS('',3,1,((#8413,#8414),(#8415,#8416),(#8417,
#8418),(#8419,#8420),(#8421,#8422)),.UNSPECIFIED.,.F.,.F.,.F.,(4,1,4),(2,
2),(-0.0108496472950823,-0.00558817898637328,0.),(0.,0.02),
 .UNSPECIFIED.);
#486=B_SPLINE_SURFACE_WITH_KNOTS('',3,1,((#8436,#8437),(#8438,#8439),(#8440,
#8441),(#8442,#8443),(#8444,#8445)),.UNSPECIFIED.,.F.,.F.,.F.,(4,1,4),(2,
2),(-0.0107410118099901,-0.00517649922163606,0.),(0.,0.02),
 .UNSPECIFIED.);
#487=B_SPLINE_SURFACE_WITH_KNOTS('',3,1,((#8456,#8457),(#8458,#8459),(#8460,
#8461),(#8462,#8463),(#8464,#8465)),.UNSPECIFIED.,.F.,.F.,.F.,(4,1,4),(2,
2),(-0.0141546390769013,-0.0073239416202814,0.),(0.,0.02),.UNSPECIFIED.);
#488=B_SPLINE_SURFACE_WITH_KNOTS('',3,1,((#8482,#8483),(#8484,#8485),(#8486,
#8487),(#8488,#8489),(#8490,#8491)),.UNSPECIFIED.,.F.,.F.,.F.,(4,1,4),(2,
2),(-0.0123940983889053,-0.00638978996779233,0.),(0.,0.02),
 .UNSPECIFIED.);
#489=B_SPLINE_SURFACE_WITH_KNOTS('',3,1,((#8505,#8506),(#8507,#8508),(#8509,
#8510),(#8511,#8512),(#8513,#8514)),.UNSPECIFIED.,.F.,.F.,.F.,(4,1,4),(2,
2),(-0.0121361764406148,-0.00580874702272334,0.),(0.,0.02),
 .UNSPECIFIED.);
#490=B_SPLINE_SURFACE_WITH_KNOTS('',3,1,((#8528,#8529),(#8530,#8531),(#8532,
#8533),(#8534,#8535),(#8536,#8537)),.UNSPECIFIED.,.F.,.F.,.F.,(4,1,4),(2,
2),(-0.0141134400856674,-0.0068332298247735,0.),(0.,0.02),.UNSPECIFIED.);
#491=B_SPLINE_SURFACE_WITH_KNOTS('',3,1,((#8551,#8552),(#8553,#8554),(#8555,
#8556),(#8557,#8558),(#8559,#8560)),.UNSPECIFIED.,.F.,.F.,.F.,(4,1,4),(2,
2),(-0.0141546390769013,-0.0073239416202814,0.),(0.,0.02),.UNSPECIFIED.);
#492=B_SPLINE_SURFACE_WITH_KNOTS('',3,1,((#8574,#8575),(#8576,#8577),(#8578,
#8579),(#8580,#8581),(#8582,#8583)),.UNSPECIFIED.,.F.,.F.,.F.,(4,1,4),(2,
2),(-0.0124416145786149,-0.00639301719841578,0.),(0.,0.02),
 .UNSPECIFIED.);
#493=B_SPLINE_SURFACE_WITH_KNOTS('',3,1,((#8597,#8598),(#8599,#8600),(#8601,
#8602),(#8603,#8604),(#8605,#8606)),.UNSPECIFIED.,.F.,.F.,.F.,(4,1,4),(2,
2),(-0.0122143751182836,-0.00596003843938109,0.),(0.,0.02),
 .UNSPECIFIED.);
#494=B_SPLINE_SURFACE_WITH_KNOTS('',3,1,((#8620,#8621),(#8622,#8623),(#8624,
#8625),(#8626,#8627),(#8628,#8629)),.UNSPECIFIED.,.F.,.F.,.F.,(4,1,4),(2,
2),(-0.0142941946224659,-0.00671725892857064,0.),(0.,0.02),
 .UNSPECIFIED.);
#495=B_SPLINE_SURFACE_WITH_KNOTS('',3,1,((#8640,#8641),(#8642,#8643),(#8644,
#8645),(#8646,#8647),(#8648,#8649)),.UNSPECIFIED.,.F.,.F.,.F.,(4,1,4),(2,
2),(-0.0148795677479582,-0.00810534400552129,0.),(0.,0.02),
 .UNSPECIFIED.);
#496=B_SPLINE_SURFACE_WITH_KNOTS('',3,1,((#8666,#8667),(#8668,#8669),(#8670,
#8671),(#8672,#8673),(#8674,#8675)),.UNSPECIFIED.,.F.,.F.,.F.,(4,1,4),(2,
2),(-0.0171426617988236,-0.0084200640306576,0.),(0.,0.02),.UNSPECIFIED.);
#497=B_SPLINE_SURFACE_WITH_KNOTS('',3,1,((#8689,#8690),(#8691,#8692),(#8693,
#8694),(#8695,#8696),(#8697,#8698)),.UNSPECIFIED.,.F.,.F.,.F.,(4,1,4),(2,
2),(-0.0293939388703189,-0.0141406389010494,0.),(0.,0.02),.UNSPECIFIED.);
#498=B_SPLINE_SURFACE_WITH_KNOTS('',3,1,((#8712,#8713),(#8714,#8715),(#8716,
#8717),(#8718,#8719),(#8720,#8721)),.UNSPECIFIED.,.F.,.F.,.F.,(4,1,4),(2,
2),(-0.0304645945720724,-0.0139699343054375,0.),(0.,0.02),.UNSPECIFIED.);
#499=B_SPLINE_SURFACE_WITH_KNOTS('',3,1,((#8735,#8736),(#8737,#8738),(#8739,
#8740),(#8741,#8742),(#8743,#8744)),.UNSPECIFIED.,.F.,.F.,.F.,(4,1,4),(2,
2),(-0.0371874520740059,-0.0210392591538134,0.),(0.,0.02),.UNSPECIFIED.);
#500=B_SPLINE_SURFACE_WITH_KNOTS('',3,1,((#8758,#8759),(#8760,#8761),(#8762,
#8763),(#8764,#8765),(#8766,#8767)),.UNSPECIFIED.,.F.,.F.,.F.,(4,1,4),(2,
2),(-0.0265477460807872,-0.0134962877174008,0.),(0.,0.02),.UNSPECIFIED.);
#501=B_SPLINE_SURFACE_WITH_KNOTS('',3,1,((#8781,#8782),(#8783,#8784),(#8785,
#8786),(#8787,#8788),(#8789,#8790)),.UNSPECIFIED.,.F.,.F.,.F.,(4,1,4),(2,
2),(-0.0159950778634476,-0.00792099092063842,0.),(0.,0.02),
 .UNSPECIFIED.);
#502=B_SPLINE_SURFACE_WITH_KNOTS('',3,1,((#8804,#8805),(#8806,#8807),(#8808,
#8809),(#8810,#8811),(#8812,#8813)),.UNSPECIFIED.,.F.,.F.,.F.,(4,1,4),(2,
2),(-0.0148973690302868,-0.00679202464854871,0.),(0.,0.02),
 .UNSPECIFIED.);
#503=B_SPLINE_SURFACE_WITH_KNOTS('',3,1,((#8827,#8828),(#8829,#8830),(#8831,
#8832),(#8833,#8834),(#8835,#8836)),.UNSPECIFIED.,.F.,.F.,.F.,(4,1,4),(2,
2),(-0.0192455447254391,-0.0100762650164239,0.),(0.,0.02),.UNSPECIFIED.);
#504=B_SPLINE_SURFACE_WITH_KNOTS('',3,1,((#8850,#8851),(#8852,#8853),(#8854,
#8855),(#8856,#8857),(#8858,#8859)),.UNSPECIFIED.,.F.,.F.,.F.,(4,1,4),(2,
2),(-0.0178799069110571,-0.00887633946734343,0.),(0.,0.02),
 .UNSPECIFIED.);
#505=B_SPLINE_SURFACE_WITH_KNOTS('',3,1,((#8873,#8874),(#8875,#8876),(#8877,
#8878),(#8879,#8880),(#8881,#8882)),.UNSPECIFIED.,.F.,.F.,.F.,(4,1,4),(2,
2),(-0.0175055271172802,-0.00877983084310126,0.),(0.,0.02),
 .UNSPECIFIED.);
#506=B_SPLINE_SURFACE_WITH_KNOTS('',3,1,((#8896,#8897),(#8898,#8899),(#8900,
#8901),(#8902,#8903),(#8904,#8905)),.UNSPECIFIED.,.F.,.F.,.F.,(4,1,4),(2,
2),(-0.0158547426420709,-0.00828077795254482,0.),(0.,0.02),
 .UNSPECIFIED.);
#507=B_SPLINE_SURFACE_WITH_KNOTS('',3,1,((#8919,#8920),(#8921,#8922),(#8923,
#8924),(#8925,#8926),(#8927,#8928)),.UNSPECIFIED.,.F.,.F.,.F.,(4,1,4),(2,
2),(-0.0163028726326266,-0.00767441166231296,0.),(0.,0.02),
 .UNSPECIFIED.);
#508=B_SPLINE_SURFACE_WITH_KNOTS('',3,1,((#8942,#8943),(#8944,#8945),(#8946,
#8947),(#8948,#8949),(#8950,#8951)),.UNSPECIFIED.,.F.,.F.,.F.,(4,1,4),(2,
2),(-0.0192123572591131,-0.00935596056318863,0.),(0.,0.02),
 .UNSPECIFIED.);
#509=B_SPLINE_SURFACE_WITH_KNOTS('',3,1,((#8965,#8966),(#8967,#8968),(#8969,
#8970),(#8971,#8972),(#8973,#8974)),.UNSPECIFIED.,.F.,.F.,.F.,(4,1,4),(2,
2),(-0.0296324691331448,-0.0168588773804578,0.),(0.,0.02),.UNSPECIFIED.);
#510=B_SPLINE_SURFACE_WITH_KNOTS('',3,1,((#8988,#8989),(#8990,#8991),(#8992,
#8993),(#8994,#8995),(#8996,#8997)),.UNSPECIFIED.,.F.,.F.,.F.,(4,1,4),(2,
2),(-0.0205018043991699,-0.0104640545333739,0.),(0.,0.02),.UNSPECIFIED.);
#511=B_SPLINE_SURFACE_WITH_KNOTS('',3,1,((#9011,#9012),(#9013,#9014),(#9015,
#9016),(#9017,#9018),(#9019,#9020)),.UNSPECIFIED.,.F.,.F.,.F.,(4,1,4),(2,
2),(-0.0204447082530633,-0.0100684021506311,0.),(0.,0.02),.UNSPECIFIED.);
#512=B_SPLINE_SURFACE_WITH_KNOTS('',3,1,((#9034,#9035),(#9036,#9037),(#9038,
#9039),(#9040,#9041),(#9042,#9043)),.UNSPECIFIED.,.F.,.F.,.F.,(4,1,4),(2,
2),(-0.0187194328548787,-0.00981787831021415,0.),(0.,0.02),
 .UNSPECIFIED.);
#513=B_SPLINE_SURFACE_WITH_KNOTS('',3,1,((#9057,#9058),(#9059,#9060),(#9061,
#9062),(#9063,#9064),(#9065,#9066)),.UNSPECIFIED.,.F.,.F.,.F.,(4,1,4),(2,
2),(-0.0191688594889652,-0.0090316287512929,0.),(0.,0.02),.UNSPECIFIED.);
#514=B_SPLINE_SURFACE_WITH_KNOTS('',3,1,((#9233,#9234),(#9235,#9236),(#9237,
#9238),(#9239,#9240),(#9241,#9242)),.UNSPECIFIED.,.F.,.F.,.F.,(4,1,4),(2,
2),(-0.0347989973615955,-0.018581274037065,0.),(0.,0.02),.UNSPECIFIED.);
#515=B_SPLINE_SURFACE_WITH_KNOTS('',3,1,((#9256,#9257),(#9258,#9259),(#9260,
#9261),(#9262,#9263),(#9264,#9265)),.UNSPECIFIED.,.F.,.F.,.F.,(4,1,4),(2,
2),(-0.0336842170167901,-0.0159056556378536,0.),(0.,0.02),.UNSPECIFIED.);
#516=B_SPLINE_SURFACE_WITH_KNOTS('',3,1,((#9279,#9280),(#9281,#9282),(#9283,
#9284),(#9285,#9286),(#9287,#9288)),.UNSPECIFIED.,.F.,.F.,.F.,(4,1,4),(2,
2),(-0.0435076139889878,-0.022151125044698,0.),(0.,0.02),.UNSPECIFIED.);
#517=B_SPLINE_SURFACE_WITH_KNOTS('',3,1,((#9302,#9303),(#9304,#9305),(#9306,
#9307),(#9308,#9309),(#9310,#9311)),.UNSPECIFIED.,.F.,.F.,.F.,(4,1,4),(2,
2),(-0.0481629186897559,-0.0225382219966223,0.),(0.,0.02),.UNSPECIFIED.);
#518=B_SPLINE_SURFACE_WITH_KNOTS('',3,1,((#9325,#9326),(#9327,#9328),(#9329,
#9330),(#9331,#9332),(#9333,#9334)),.UNSPECIFIED.,.F.,.F.,.F.,(4,1,4),(2,
2),(-0.0499104106642508,-0.0268826763076917,0.),(0.,0.02),.UNSPECIFIED.);
#519=B_SPLINE_SURFACE_WITH_KNOTS('',3,1,((#9348,#9349),(#9350,#9351),(#9352,
#9353),(#9354,#9355),(#9356,#9357)),.UNSPECIFIED.,.F.,.F.,.F.,(4,1,4),(2,
2),(-0.0449679108562924,-0.021815895974256,0.),(0.,0.02),.UNSPECIFIED.);
#520=B_SPLINE_SURFACE_WITH_KNOTS('',3,1,((#9371,#9372),(#9373,#9374),(#9375,
#9376),(#9377,#9378),(#9379,#9380)),.UNSPECIFIED.,.F.,.F.,.F.,(4,1,4),(2,
2),(-0.0388036806996192,-0.0202158026757387,0.),(0.,0.02),.UNSPECIFIED.);
#521=B_SPLINE_SURFACE_WITH_KNOTS('',3,1,((#9394,#9395),(#9396,#9397),(#9398,
#9399),(#9400,#9401),(#9402,#9403)),.UNSPECIFIED.,.F.,.F.,.F.,(4,1,4),(2,
2),(-0.0255140060390194,-0.0117958459484756,0.),(0.,0.02),.UNSPECIFIED.);
#522=B_SPLINE_SURFACE_WITH_KNOTS('',3,1,((#9423,#9424),(#9425,#9426),(#9427,
#9428),(#9429,#9430),(#9431,#9432)),.UNSPECIFIED.,.F.,.F.,.F.,(4,1,4),(2,
2),(-0.0174865950357879,-0.00897580537850498,0.),(0.,0.02),
 .UNSPECIFIED.);
#523=B_SPLINE_SURFACE_WITH_KNOTS('',3,1,((#9446,#9447),(#9448,#9449),(#9450,
#9451),(#9452,#9453),(#9454,#9455)),.UNSPECIFIED.,.F.,.F.,.F.,(4,1,4),(2,
2),(-0.0175034208062251,-0.00847955477420939,0.),(0.,0.02),
 .UNSPECIFIED.);
#524=B_SPLINE_SURFACE_WITH_KNOTS('',3,1,((#9469,#9470),(#9471,#9472),(#9473,
#9474),(#9475,#9476),(#9477,#9478)),.UNSPECIFIED.,.F.,.F.,.F.,(4,1,4),(2,
2),(-0.0243165830311434,-0.0123288585512482,0.),(0.,0.02),.UNSPECIFIED.);
#525=B_SPLINE_SURFACE_WITH_KNOTS('',3,1,((#9492,#9493),(#9494,#9495),(#9496,
#9497),(#9498,#9499),(#9500,#9501)),.UNSPECIFIED.,.F.,.F.,.F.,(4,1,4),(2,
2),(-0.0325871954452045,-0.0139931111196571,0.),(0.,0.02),.UNSPECIFIED.);
#526=B_SPLINE_SURFACE_WITH_KNOTS('',3,1,((#9515,#9516),(#9517,#9518),(#9519,
#9520),(#9521,#9522),(#9523,#9524)),.UNSPECIFIED.,.F.,.F.,.F.,(4,1,4),(2,
2),(-0.0339050388600185,-0.0195887668967905,0.),(0.,0.02),.UNSPECIFIED.);
#527=B_SPLINE_SURFACE_WITH_KNOTS('',3,1,((#9538,#9539),(#9540,#9541),(#9542,
#9543),(#9544,#9545),(#9546,#9547)),.UNSPECIFIED.,.F.,.F.,.F.,(4,1,4),(2,
2),(-0.0239903117727161,-0.0118781228425864,0.),(0.,0.02),.UNSPECIFIED.);
#528=B_SPLINE_SURFACE_WITH_KNOTS('',3,1,((#9561,#9562),(#9563,#9564),(#9565,
#9566),(#9567,#9568),(#9569,#9570)),.UNSPECIFIED.,.F.,.F.,.F.,(4,1,4),(2,
2),(-0.0180279886477425,-0.00911377338902849,0.),(0.,0.02),
 .UNSPECIFIED.);
#529=B_SPLINE_SURFACE_WITH_KNOTS('',3,1,((#9584,#9585),(#9586,#9587),(#9588,
#9589),(#9590,#9591),(#9592,#9593)),.UNSPECIFIED.,.F.,.F.,.F.,(4,1,4),(2,
2),(-0.02200735387603,-0.00990457640023019,0.),(0.,0.02),.UNSPECIFIED.);
#530=B_SPLINE_SURFACE_WITH_KNOTS('',3,1,((#9614,#9615),(#9616,#9617),(#9618,
#9619),(#9620,#9621),(#9622,#9623)),.UNSPECIFIED.,.F.,.F.,.F.,(4,1,4),(2,
2),(-0.0299232324537491,-0.0147760362465032,0.),(0.,0.02),.UNSPECIFIED.);
#531=B_SPLINE_SURFACE_WITH_KNOTS('',3,1,((#9637,#9638),(#9639,#9640),(#9641,
#9642),(#9643,#9644),(#9645,#9646)),.UNSPECIFIED.,.F.,.F.,.F.,(4,1,4),(2,
2),(-0.0451341356757573,-0.019008299263156,0.),(0.,0.02),.UNSPECIFIED.);
#532=B_SPLINE_SURFACE_WITH_KNOTS('',3,1,((#9660,#9661),(#9662,#9663),(#9664,
#9665),(#9666,#9667),(#9668,#9669)),.UNSPECIFIED.,.F.,.F.,.F.,(4,1,4),(2,
2),(-0.0250446164525437,-0.0153628087709933,0.),(0.,0.02),.UNSPECIFIED.);
#533=B_SPLINE_SURFACE_WITH_KNOTS('',3,1,((#9683,#9684),(#9685,#9686),(#9687,
#9688),(#9689,#9690),(#9691,#9692)),.UNSPECIFIED.,.F.,.F.,.F.,(4,1,4),(2,
2),(-0.0116204168998781,-0.0063027640316798,0.),(0.,0.02),.UNSPECIFIED.);
#534=B_SPLINE_SURFACE_WITH_KNOTS('',3,1,((#9706,#9707),(#9708,#9709),(#9710,
#9711),(#9712,#9713),(#9714,#9715)),.UNSPECIFIED.,.F.,.F.,.F.,(4,1,4),(2,
2),(-0.0104249939926173,-0.00517714336880675,0.),(0.,0.02),
 .UNSPECIFIED.);
#535=B_SPLINE_SURFACE_WITH_KNOTS('',3,1,((#9729,#9730),(#9731,#9732),(#9733,
#9734),(#9735,#9736),(#9737,#9738)),.UNSPECIFIED.,.F.,.F.,.F.,(4,1,4),(2,
2),(-0.0111074830147129,-0.00541502561458527,0.),(0.,0.02),
 .UNSPECIFIED.);
#536=B_SPLINE_SURFACE_WITH_KNOTS('',3,1,((#9752,#9753),(#9754,#9755),(#9756,
#9757),(#9758,#9759),(#9760,#9761)),.UNSPECIFIED.,.F.,.F.,.F.,(4,1,4),(2,
2),(-0.0114490377580636,-0.00589761932638697,0.),(0.,0.02),
 .UNSPECIFIED.);
#537=B_SPLINE_SURFACE_WITH_KNOTS('',3,1,((#9775,#9776),(#9777,#9778),(#9779,
#9780),(#9781,#9782),(#9783,#9784)),.UNSPECIFIED.,.F.,.F.,.F.,(4,1,4),(2,
2),(-0.0153371224296401,-0.00648214230389249,0.),(0.,0.02),
 .UNSPECIFIED.);
#538=B_SPLINE_SURFACE_WITH_KNOTS('',3,1,((#9804,#9805),(#9806,#9807),(#9808,
#9809),(#9810,#9811),(#9812,#9813)),.UNSPECIFIED.,.F.,.F.,.F.,(4,1,4),(2,
2),(-0.0232288748181643,-0.0128293805203017,0.),(0.,0.02),.UNSPECIFIED.);
#539=B_SPLINE_SURFACE_WITH_KNOTS('',3,1,((#9827,#9828),(#9829,#9830),(#9831,
#9832),(#9833,#9834),(#9835,#9836)),.UNSPECIFIED.,.F.,.F.,.F.,(4,1,4),(2,
2),(-0.0192803188546365,-0.00941841888581966,0.),(0.,0.02),
 .UNSPECIFIED.);
#540=B_SPLINE_SURFACE_WITH_KNOTS('',3,1,((#9850,#9851),(#9852,#9853),(#9854,
#9855),(#9856,#9857),(#9858,#9859)),.UNSPECIFIED.,.F.,.F.,.F.,(4,1,4),(2,
2),(-0.0269154523387179,-0.0118369822505099,0.),(0.,0.02),.UNSPECIFIED.);
#541=B_SPLINE_SURFACE_WITH_KNOTS('',3,1,((#9873,#9874),(#9875,#9876),(#9877,
#9878),(#9879,#9880),(#9881,#9882)),.UNSPECIFIED.,.F.,.F.,.F.,(4,1,4),(2,
2),(-0.0277522401882002,-0.0156665400439518,0.),(0.,0.02),.UNSPECIFIED.);
#542=B_SPLINE_SURFACE_WITH_KNOTS('',3,1,((#9896,#9897),(#9898,#9899),(#9900,
#9901),(#9902,#9903),(#9904,#9905)),.UNSPECIFIED.,.F.,.F.,.F.,(4,1,4),(2,
2),(-0.0199683330838468,-0.010132878581726,0.),(0.,0.02),.UNSPECIFIED.);
#543=B_SPLINE_SURFACE_WITH_KNOTS('',3,1,((#9919,#9920),(#9921,#9922),(#9923,
#9924),(#9925,#9926),(#9927,#9928)),.UNSPECIFIED.,.F.,.F.,.F.,(4,1,4),(2,
2),(-0.0196508896351873,-0.00974752299198759,0.),(0.,0.02),
 .UNSPECIFIED.);
#544=B_SPLINE_SURFACE_WITH_KNOTS('',3,1,((#9942,#9943),(#9944,#9945),(#9946,
#9947),(#9948,#9949),(#9950,#9951)),.UNSPECIFIED.,.F.,.F.,.F.,(4,1,4),(2,
2),(-0.022167398142608,-0.0108442443162296,0.),(0.,0.02),.UNSPECIFIED.);
#545=B_SPLINE_SURFACE_WITH_KNOTS('',3,1,((#9965,#9966),(#9967,#9968),(#9969,
#9970),(#9971,#9972),(#9973,#9974)),.UNSPECIFIED.,.F.,.F.,.F.,(4,1,4),(2,
2),(-0.0321568253098711,-0.0138282501856256,0.),(0.,0.02),.UNSPECIFIED.);
#546=B_SPLINE_SURFACE_WITH_KNOTS('',3,1,((#9988,#9989),(#9990,#9991),(#9992,
#9993),(#9994,#9995),(#9996,#9997)),.UNSPECIFIED.,.F.,.F.,.F.,(4,1,4),(2,
2),(-0.0166542421915974,-0.0102817652709585,0.),(0.,0.02),.UNSPECIFIED.);
#547=B_SPLINE_SURFACE_WITH_KNOTS('',3,1,((#10011,#10012),(#10013,#10014),
(#10015,#10016),(#10017,#10018),(#10019,#10020)),.UNSPECIFIED.,.F.,.F.,
 .F.,(4,1,4),(2,2),(-0.0107779310435122,-0.00487235418162028,0.),(0.,0.02),
 .UNSPECIFIED.);
#548=B_SPLINE_SURFACE_WITH_KNOTS('',3,1,((#10071,#10072),(#10073,#10074),
(#10075,#10076),(#10077,#10078),(#10079,#10080)),.UNSPECIFIED.,.F.,.F.,
 .F.,(4,1,4),(2,2),(-0.0116659871210871,-0.00598174218481092,0.),(0.,0.02),
 .UNSPECIFIED.);
#549=B_SPLINE_SURFACE_WITH_KNOTS('',3,1,((#10094,#10095),(#10096,#10097),
(#10098,#10099),(#10100,#10101),(#10102,#10103)),.UNSPECIFIED.,.F.,.F.,
 .F.,(4,1,4),(2,2),(-0.0109027948617842,-0.00553130900074293,0.),(0.,0.02),
 .UNSPECIFIED.);
#550=B_SPLINE_SURFACE_WITH_KNOTS('',3,1,((#10117,#10118),(#10119,#10120),
(#10121,#10122),(#10123,#10124),(#10125,#10126)),.UNSPECIFIED.,.F.,.F.,
 .F.,(4,1,4),(2,2),(-0.0318128435891327,-0.0165352111887563,0.),(0.,0.02),
 .UNSPECIFIED.);
#551=B_SPLINE_SURFACE_WITH_KNOTS('',3,1,((#10140,#10141),(#10142,#10143),
(#10144,#10145),(#10146,#10147),(#10148,#10149)),.UNSPECIFIED.,.F.,.F.,
 .F.,(4,1,4),(2,2),(-0.0302800703217814,-0.0148996076215071,0.),(0.,0.02),
 .UNSPECIFIED.);
#552=B_SPLINE_SURFACE_WITH_KNOTS('',3,1,((#10163,#10164),(#10165,#10166),
(#10167,#10168),(#10169,#10170),(#10171,#10172)),.UNSPECIFIED.,.F.,.F.,
 .F.,(4,1,4),(2,2),(-0.0232745258936537,-0.0114905873848719,0.),(0.,0.02),
 .UNSPECIFIED.);
#553=B_SPLINE_SURFACE_WITH_KNOTS('',3,1,((#10186,#10187),(#10188,#10189),
(#10190,#10191),(#10192,#10193),(#10194,#10195)),.UNSPECIFIED.,.F.,.F.,
 .F.,(4,1,4),(2,2),(-0.0234198966766132,-0.0117385795404209,0.),(0.,0.02),
 .UNSPECIFIED.);
#554=B_SPLINE_SURFACE_WITH_KNOTS('',3,1,((#10209,#10210),(#10211,#10212),
(#10213,#10214),(#10215,#10216),(#10217,#10218)),.UNSPECIFIED.,.F.,.F.,
 .F.,(4,1,4),(2,2),(-0.0278829530090437,-0.0127759459887374,0.),(0.,0.02),
 .UNSPECIFIED.);
#555=B_SPLINE_SURFACE_WITH_KNOTS('',3,1,((#10232,#10233),(#10234,#10235),
(#10236,#10237),(#10238,#10239),(#10240,#10241)),.UNSPECIFIED.,.F.,.F.,
 .F.,(4,1,4),(2,2),(-0.0205415763751091,-0.0110438489368992,0.),(0.,0.02),
 .UNSPECIFIED.);
#556=B_SPLINE_SURFACE_WITH_KNOTS('',3,1,((#10255,#10256),(#10257,#10258),
(#10259,#10260),(#10261,#10262),(#10263,#10264)),.UNSPECIFIED.,.F.,.F.,
 .F.,(4,1,4),(2,2),(-0.0159626216149145,-0.00831161410299465,0.),(0.,0.02),
 .UNSPECIFIED.);
#557=B_SPLINE_SURFACE_WITH_KNOTS('',3,1,((#10278,#10279),(#10280,#10281),
(#10282,#10283),(#10284,#10285),(#10286,#10287)),.UNSPECIFIED.,.F.,.F.,
 .F.,(4,1,4),(2,2),(-0.0140063194584741,-0.0071733460902688,0.),(0.,0.02),
 .UNSPECIFIED.);
#558=B_SPLINE_SURFACE_WITH_KNOTS('',3,1,((#10301,#10302),(#10303,#10304),
(#10305,#10306),(#10307,#10308),(#10309,#10310)),.UNSPECIFIED.,.F.,.F.,
 .F.,(4,1,4),(2,2),(-0.0154002957471368,-0.00718643198115181,0.),(0.,0.02),
 .UNSPECIFIED.);
#559=B_SPLINE_SURFACE_WITH_KNOTS('',3,1,((#10330,#10331),(#10332,#10333),
(#10334,#10335),(#10336,#10337),(#10338,#10339)),.UNSPECIFIED.,.F.,.F.,
 .F.,(4,1,4),(2,2),(-0.01381662678709,-0.00742927533485315,0.),(0.,0.02),
 .UNSPECIFIED.);
#560=B_SPLINE_SURFACE_WITH_KNOTS('',3,1,((#10353,#10354),(#10355,#10356),
(#10357,#10358),(#10359,#10360),(#10361,#10362)),.UNSPECIFIED.,.F.,.F.,
 .F.,(4,1,4),(2,2),(-0.0117262558170842,-0.00584172179009171,0.),(0.,0.02),
 .UNSPECIFIED.);
#561=B_SPLINE_SURFACE_WITH_KNOTS('',3,1,((#10376,#10377),(#10378,#10379),
(#10380,#10381),(#10382,#10383),(#10384,#10385)),.UNSPECIFIED.,.F.,.F.,
 .F.,(4,1,4),(2,2),(-0.0129282046666312,-0.00647756627071655,0.),(0.,0.02),
 .UNSPECIFIED.);
#562=B_SPLINE_SURFACE_WITH_KNOTS('',3,1,((#10399,#10400),(#10401,#10402),
(#10403,#10404),(#10405,#10406),(#10407,#10408)),.UNSPECIFIED.,.F.,.F.,
 .F.,(4,1,4),(2,2),(-0.0167099019320102,-0.00745045117534049,0.),(0.,0.02),
 .UNSPECIFIED.);
#563=B_SPLINE_SURFACE_WITH_KNOTS('',3,1,((#10422,#10423),(#10424,#10425),
(#10426,#10427),(#10428,#10429),(#10430,#10431)),.UNSPECIFIED.,.F.,.F.,
 .F.,(4,1,4),(2,2),(-0.0166485331124104,-0.00936098412897183,0.),(0.,0.02),
 .UNSPECIFIED.);
#564=B_SPLINE_SURFACE_WITH_KNOTS('',3,1,((#10445,#10446),(#10447,#10448),
(#10449,#10450),(#10451,#10452),(#10453,#10454)),.UNSPECIFIED.,.F.,.F.,
 .F.,(4,1,4),(2,2),(-0.0134912564314855,-0.00652316258057582,0.),(0.,0.02),
 .UNSPECIFIED.);
#565=B_SPLINE_SURFACE_WITH_KNOTS('',3,1,((#10468,#10469),(#10470,#10471),
(#10472,#10473),(#10474,#10475),(#10476,#10477)),.UNSPECIFIED.,.F.,.F.,
 .F.,(4,1,4),(2,2),(-0.00970207176964053,-0.00478457440511192,0.),(0.,0.02),
 .UNSPECIFIED.);
#566=B_SPLINE_SURFACE_WITH_KNOTS('',3,1,((#10491,#10492),(#10493,#10494),
(#10495,#10496),(#10497,#10498),(#10499,#10500)),.UNSPECIFIED.,.F.,.F.,
 .F.,(4,1,4),(2,2),(-0.00968036010200399,-0.00426845893302715,0.),(0.,0.02),
 .UNSPECIFIED.);
#567=FACE_OUTER_BOUND('',#887,.T.);
#568=FACE_OUTER_BOUND('',#888,.T.);
#569=FACE_OUTER_BOUND('',#889,.T.);
#570=FACE_OUTER_BOUND('',#890,.T.);
#571=FACE_OUTER_BOUND('',#891,.T.);
#572=FACE_OUTER_BOUND('',#892,.T.);
#573=FACE_OUTER_BOUND('',#893,.T.);
#574=FACE_OUTER_BOUND('',#894,.T.);
#575=FACE_OUTER_BOUND('',#895,.T.);
#576=FACE_OUTER_BOUND('',#896,.T.);
#577=FACE_OUTER_BOUND('',#897,.T.);
#578=FACE_OUTER_BOUND('',#898,.T.);
#579=FACE_OUTER_BOUND('',#899,.T.);
#580=FACE_OUTER_BOUND('',#900,.T.);
#581=FACE_OUTER_BOUND('',#901,.T.);
#582=FACE_OUTER_BOUND('',#902,.T.);
#583=FACE_OUTER_BOUND('',#903,.T.);
#584=FACE_OUTER_BOUND('',#904,.T.);
#585=FACE_OUTER_BOUND('',#905,.T.);
#586=FACE_OUTER_BOUND('',#906,.T.);
#587=FACE_OUTER_BOUND('',#907,.T.);
#588=FACE_OUTER_BOUND('',#908,.T.);
#589=FACE_OUTER_BOUND('',#909,.T.);
#590=FACE_OUTER_BOUND('',#910,.T.);
#591=FACE_OUTER_BOUND('',#911,.T.);
#592=FACE_OUTER_BOUND('',#912,.T.);
#593=FACE_OUTER_BOUND('',#913,.T.);
#594=FACE_OUTER_BOUND('',#914,.T.);
#595=FACE_OUTER_BOUND('',#915,.T.);
#596=FACE_OUTER_BOUND('',#916,.T.);
#597=FACE_OUTER_BOUND('',#917,.T.);
#598=FACE_OUTER_BOUND('',#918,.T.);
#599=FACE_OUTER_BOUND('',#919,.T.);
#600=FACE_OUTER_BOUND('',#920,.T.);
#601=FACE_OUTER_BOUND('',#923,.T.);
#602=FACE_OUTER_BOUND('',#924,.T.);
#603=FACE_OUTER_BOUND('',#925,.T.);
#604=FACE_OUTER_BOUND('',#926,.T.);
#605=FACE_OUTER_BOUND('',#927,.T.);
#606=FACE_OUTER_BOUND('',#928,.T.);
#607=FACE_OUTER_BOUND('',#929,.T.);
#608=FACE_OUTER_BOUND('',#930,.T.);
#609=FACE_OUTER_BOUND('',#931,.T.);
#610=FACE_OUTER_BOUND('',#932,.T.);
#611=FACE_OUTER_BOUND('',#933,.T.);
#612=FACE_OUTER_BOUND('',#934,.T.);
#613=FACE_OUTER_BOUND('',#935,.T.);
#614=FACE_OUTER_BOUND('',#936,.T.);
#615=FACE_OUTER_BOUND('',#937,.T.);
#616=FACE_OUTER_BOUND('',#938,.T.);
#617=FACE_OUTER_BOUND('',#939,.T.);
#618=FACE_OUTER_BOUND('',#940,.T.);
#619=FACE_OUTER_BOUND('',#941,.T.);
#620=FACE_OUTER_BOUND('',#942,.T.);
#621=FACE_OUTER_BOUND('',#943,.T.);
#622=FACE_OUTER_BOUND('',#944,.T.);
#623=FACE_OUTER_BOUND('',#945,.T.);
#624=FACE_OUTER_BOUND('',#946,.T.);
#625=FACE_OUTER_BOUND('',#947,.T.);
#626=FACE_OUTER_BOUND('',#948,.T.);
#627=FACE_OUTER_BOUND('',#949,.T.);
#628=FACE_OUTER_BOUND('',#950,.T.);
#629=FACE_OUTER_BOUND('',#951,.T.);
#630=FACE_OUTER_BOUND('',#952,.T.);
#631=FACE_OUTER_BOUND('',#953,.T.);
#632=FACE_OUTER_BOUND('',#954,.T.);
#633=FACE_OUTER_BOUND('',#955,.T.);
#634=FACE_OUTER_BOUND('',#956,.T.);
#635=FACE_OUTER_BOUND('',#957,.T.);
#636=FACE_OUTER_BOUND('',#958,.T.);
#637=FACE_OUTER_BOUND('',#959,.T.);
#638=FACE_OUTER_BOUND('',#960,.T.);
#639=FACE_OUTER_BOUND('',#961,.T.);
#640=FACE_OUTER_BOUND('',#962,.T.);
#641=FACE_OUTER_BOUND('',#963,.T.);
#642=FACE_OUTER_BOUND('',#964,.T.);
#643=FACE_OUTER_BOUND('',#965,.T.);
#644=FACE_OUTER_BOUND('',#966,.T.);
#645=FACE_OUTER_BOUND('',#967,.T.);
#646=FACE_OUTER_BOUND('',#968,.T.);
#647=FACE_OUTER_BOUND('',#969,.T.);
#648=FACE_OUTER_BOUND('',#970,.T.);
#649=FACE_OUTER_BOUND('',#971,.T.);
#650=FACE_OUTER_BOUND('',#972,.T.);
#651=FACE_OUTER_BOUND('',#973,.T.);
#652=FACE_OUTER_BOUND('',#974,.T.);
#653=FACE_OUTER_BOUND('',#975,.T.);
#654=FACE_OUTER_BOUND('',#976,.T.);
#655=FACE_OUTER_BOUND('',#977,.T.);
#656=FACE_OUTER_BOUND('',#978,.T.);
#657=FACE_OUTER_BOUND('',#979,.T.);
#658=FACE_OUTER_BOUND('',#980,.T.);
#659=FACE_OUTER_BOUND('',#981,.T.);
#660=FACE_OUTER_BOUND('',#982,.T.);
#661=FACE_OUTER_BOUND('',#983,.T.);
#662=FACE_OUTER_BOUND('',#984,.T.);
#663=FACE_OUTER_BOUND('',#985,.T.);
#664=FACE_OUTER_BOUND('',#986,.T.);
#665=FACE_OUTER_BOUND('',#987,.T.);
#666=FACE_OUTER_BOUND('',#988,.T.);
#667=FACE_OUTER_BOUND('',#989,.T.);
#668=FACE_OUTER_BOUND('',#990,.T.);
#669=FACE_OUTER_BOUND('',#991,.T.);
#670=FACE_OUTER_BOUND('',#992,.T.);
#671=FACE_OUTER_BOUND('',#993,.T.);
#672=FACE_OUTER_BOUND('',#994,.T.);
#673=FACE_OUTER_BOUND('',#995,.T.);
#674=FACE_OUTER_BOUND('',#998,.T.);
#675=FACE_OUTER_BOUND('',#999,.T.);
#676=FACE_OUTER_BOUND('',#1000,.T.);
#677=FACE_OUTER_BOUND('',#1001,.T.);
#678=FACE_OUTER_BOUND('',#1002,.T.);
#679=FACE_OUTER_BOUND('',#1003,.T.);
#680=FACE_OUTER_BOUND('',#1004,.T.);
#681=FACE_OUTER_BOUND('',#1005,.T.);
#682=FACE_OUTER_BOUND('',#1006,.T.);
#683=FACE_OUTER_BOUND('',#1007,.T.);
#684=FACE_OUTER_BOUND('',#1008,.T.);
#685=FACE_OUTER_BOUND('',#1009,.T.);
#686=FACE_OUTER_BOUND('',#1010,.T.);
#687=FACE_OUTER_BOUND('',#1011,.T.);
#688=FACE_OUTER_BOUND('',#1012,.T.);
#689=FACE_OUTER_BOUND('',#1013,.T.);
#690=FACE_OUTER_BOUND('',#1014,.T.);
#691=FACE_OUTER_BOUND('',#1015,.T.);
#692=FACE_OUTER_BOUND('',#1016,.T.);
#693=FACE_OUTER_BOUND('',#1017,.T.);
#694=FACE_OUTER_BOUND('',#1018,.T.);
#695=FACE_OUTER_BOUND('',#1019,.T.);
#696=FACE_OUTER_BOUND('',#1020,.T.);
#697=FACE_OUTER_BOUND('',#1021,.T.);
#698=FACE_OUTER_BOUND('',#1022,.T.);
#699=FACE_OUTER_BOUND('',#1023,.T.);
#700=FACE_OUTER_BOUND('',#1025,.T.);
#701=FACE_OUTER_BOUND('',#1026,.T.);
#702=FACE_OUTER_BOUND('',#1027,.T.);
#703=FACE_OUTER_BOUND('',#1028,.T.);
#704=FACE_OUTER_BOUND('',#1029,.T.);
#705=FACE_OUTER_BOUND('',#1030,.T.);
#706=FACE_OUTER_BOUND('',#1031,.T.);
#707=FACE_OUTER_BOUND('',#1032,.T.);
#708=FACE_OUTER_BOUND('',#1033,.T.);
#709=FACE_OUTER_BOUND('',#1034,.T.);
#710=FACE_OUTER_BOUND('',#1035,.T.);
#711=FACE_OUTER_BOUND('',#1036,.T.);
#712=FACE_OUTER_BOUND('',#1037,.T.);
#713=FACE_OUTER_BOUND('',#1038,.T.);
#714=FACE_OUTER_BOUND('',#1039,.T.);
#715=FACE_OUTER_BOUND('',#1040,.T.);
#716=FACE_OUTER_BOUND('',#1041,.T.);
#717=FACE_OUTER_BOUND('',#1042,.T.);
#718=FACE_OUTER_BOUND('',#1043,.T.);
#719=FACE_OUTER_BOUND('',#1044,.T.);
#720=FACE_OUTER_BOUND('',#1045,.T.);
#721=FACE_OUTER_BOUND('',#1046,.T.);
#722=FACE_OUTER_BOUND('',#1047,.T.);
#723=FACE_OUTER_BOUND('',#1048,.T.);
#724=FACE_OUTER_BOUND('',#1049,.T.);
#725=FACE_OUTER_BOUND('',#1050,.T.);
#726=FACE_OUTER_BOUND('',#1051,.T.);
#727=FACE_OUTER_BOUND('',#1052,.T.);
#728=FACE_OUTER_BOUND('',#1053,.T.);
#729=FACE_OUTER_BOUND('',#1054,.T.);
#730=FACE_OUTER_BOUND('',#1055,.T.);
#731=FACE_OUTER_BOUND('',#1056,.T.);
#732=FACE_OUTER_BOUND('',#1057,.T.);
#733=FACE_OUTER_BOUND('',#1058,.T.);
#734=FACE_OUTER_BOUND('',#1059,.T.);
#735=FACE_OUTER_BOUND('',#1060,.T.);
#736=FACE_OUTER_BOUND('',#1061,.T.);
#737=FACE_OUTER_BOUND('',#1062,.T.);
#738=FACE_OUTER_BOUND('',#1063,.T.);
#739=FACE_OUTER_BOUND('',#1064,.T.);
#740=FACE_OUTER_BOUND('',#1065,.T.);
#741=FACE_OUTER_BOUND('',#1066,.T.);
#742=FACE_OUTER_BOUND('',#1067,.T.);
#743=FACE_OUTER_BOUND('',#1068,.T.);
#744=FACE_OUTER_BOUND('',#1069,.T.);
#745=FACE_OUTER_BOUND('',#1070,.T.);
#746=FACE_OUTER_BOUND('',#1071,.T.);
#747=FACE_OUTER_BOUND('',#1072,.T.);
#748=FACE_OUTER_BOUND('',#1073,.T.);
#749=FACE_OUTER_BOUND('',#1074,.T.);
#750=FACE_OUTER_BOUND('',#1075,.T.);
#751=FACE_OUTER_BOUND('',#1076,.T.);
#752=FACE_OUTER_BOUND('',#1077,.T.);
#753=FACE_OUTER_BOUND('',#1078,.T.);
#754=FACE_OUTER_BOUND('',#1079,.T.);
#755=FACE_OUTER_BOUND('',#1080,.T.);
#756=FACE_OUTER_BOUND('',#1081,.T.);
#757=FACE_OUTER_BOUND('',#1082,.T.);
#758=FACE_OUTER_BOUND('',#1083,.T.);
#759=FACE_OUTER_BOUND('',#1084,.T.);
#760=FACE_OUTER_BOUND('',#1085,.T.);
#761=FACE_OUTER_BOUND('',#1086,.T.);
#762=FACE_OUTER_BOUND('',#1087,.T.);
#763=FACE_OUTER_BOUND('',#1088,.T.);
#764=FACE_OUTER_BOUND('',#1089,.T.);
#765=FACE_OUTER_BOUND('',#1090,.T.);
#766=FACE_OUTER_BOUND('',#1091,.T.);
#767=FACE_OUTER_BOUND('',#1092,.T.);
#768=FACE_OUTER_BOUND('',#1093,.T.);
#769=FACE_OUTER_BOUND('',#1094,.T.);
#770=FACE_OUTER_BOUND('',#1095,.T.);
#771=FACE_OUTER_BOUND('',#1096,.T.);
#772=FACE_OUTER_BOUND('',#1097,.T.);
#773=FACE_OUTER_BOUND('',#1098,.T.);
#774=FACE_OUTER_BOUND('',#1099,.T.);
#775=FACE_OUTER_BOUND('',#1100,.T.);
#776=FACE_OUTER_BOUND('',#1101,.T.);
#777=FACE_OUTER_BOUND('',#1102,.T.);
#778=FACE_OUTER_BOUND('',#1103,.T.);
#779=FACE_OUTER_BOUND('',#1104,.T.);
#780=FACE_OUTER_BOUND('',#1105,.T.);
#781=FACE_OUTER_BOUND('',#1106,.T.);
#782=FACE_OUTER_BOUND('',#1107,.T.);
#783=FACE_OUTER_BOUND('',#1108,.T.);
#784=FACE_OUTER_BOUND('',#1109,.T.);
#785=FACE_OUTER_BOUND('',#1110,.T.);
#786=FACE_OUTER_BOUND('',#1111,.T.);
#787=FACE_OUTER_BOUND('',#1112,.T.);
#788=FACE_OUTER_BOUND('',#1113,.T.);
#789=FACE_OUTER_BOUND('',#1114,.T.);
#790=FACE_OUTER_BOUND('',#1115,.T.);
#791=FACE_OUTER_BOUND('',#1116,.T.);
#792=FACE_OUTER_BOUND('',#1117,.T.);
#793=FACE_OUTER_BOUND('',#1118,.T.);
#794=FACE_OUTER_BOUND('',#1119,.T.);
#795=FACE_OUTER_BOUND('',#1120,.T.);
#796=FACE_OUTER_BOUND('',#1121,.T.);
#797=FACE_OUTER_BOUND('',#1122,.T.);
#798=FACE_OUTER_BOUND('',#1123,.T.);
#799=FACE_OUTER_BOUND('',#1124,.T.);
#800=FACE_OUTER_BOUND('',#1125,.T.);
#801=FACE_OUTER_BOUND('',#1126,.T.);
#802=FACE_OUTER_BOUND('',#1127,.T.);
#803=FACE_OUTER_BOUND('',#1128,.T.);
#804=FACE_OUTER_BOUND('',#1129,.T.);
#805=FACE_OUTER_BOUND('',#1145,.T.);
#806=FACE_OUTER_BOUND('',#1146,.T.);
#807=FACE_OUTER_BOUND('',#1147,.T.);
#808=FACE_OUTER_BOUND('',#1148,.T.);
#809=FACE_OUTER_BOUND('',#1149,.T.);
#810=FACE_OUTER_BOUND('',#1150,.T.);
#811=FACE_OUTER_BOUND('',#1151,.T.);
#812=FACE_OUTER_BOUND('',#1152,.T.);
#813=FACE_OUTER_BOUND('',#1153,.T.);
#814=FACE_OUTER_BOUND('',#1154,.T.);
#815=FACE_OUTER_BOUND('',#1155,.T.);
#816=FACE_OUTER_BOUND('',#1156,.T.);
#817=FACE_OUTER_BOUND('',#1160,.T.);
#818=FACE_OUTER_BOUND('',#1161,.T.);
#819=FACE_OUTER_BOUND('',#1162,.T.);
#820=FACE_OUTER_BOUND('',#1163,.T.);
#821=FACE_OUTER_BOUND('',#1164,.T.);
#822=FACE_OUTER_BOUND('',#1165,.T.);
#823=FACE_OUTER_BOUND('',#1166,.T.);
#824=FACE_OUTER_BOUND('',#1167,.T.);
#825=FACE_OUTER_BOUND('',#1168,.T.);
#826=FACE_OUTER_BOUND('',#1169,.T.);
#827=FACE_OUTER_BOUND('',#1170,.T.);
#828=FACE_OUTER_BOUND('',#1171,.T.);
#829=FACE_OUTER_BOUND('',#1172,.T.);
#830=FACE_OUTER_BOUND('',#1173,.T.);
#831=FACE_OUTER_BOUND('',#1174,.T.);
#832=FACE_OUTER_BOUND('',#1175,.T.);
#833=FACE_OUTER_BOUND('',#1176,.T.);
#834=FACE_OUTER_BOUND('',#1177,.T.);
#835=FACE_OUTER_BOUND('',#1178,.T.);
#836=FACE_OUTER_BOUND('',#1180,.T.);
#837=FACE_OUTER_BOUND('',#1181,.T.);
#838=FACE_OUTER_BOUND('',#1182,.T.);
#839=FACE_OUTER_BOUND('',#1183,.T.);
#840=FACE_OUTER_BOUND('',#1184,.T.);
#841=FACE_OUTER_BOUND('',#1185,.T.);
#842=FACE_OUTER_BOUND('',#1186,.T.);
#843=FACE_OUTER_BOUND('',#1187,.T.);
#844=FACE_OUTER_BOUND('',#1189,.T.);
#845=FACE_OUTER_BOUND('',#1190,.T.);
#846=FACE_OUTER_BOUND('',#1191,.T.);
#847=FACE_OUTER_BOUND('',#1192,.T.);
#848=FACE_OUTER_BOUND('',#1193,.T.);
#849=FACE_OUTER_BOUND('',#1194,.T.);
#850=FACE_OUTER_BOUND('',#1195,.T.);
#851=FACE_OUTER_BOUND('',#1196,.T.);
#852=FACE_OUTER_BOUND('',#1197,.T.);
#853=FACE_OUTER_BOUND('',#1198,.T.);
#854=FACE_OUTER_BOUND('',#1199,.T.);
#855=FACE_OUTER_BOUND('',#1200,.T.);
#856=FACE_OUTER_BOUND('',#1201,.T.);
#857=FACE_OUTER_BOUND('',#1202,.T.);
#858=FACE_OUTER_BOUND('',#1203,.T.);
#859=FACE_OUTER_BOUND('',#1204,.T.);
#860=FACE_OUTER_BOUND('',#1205,.T.);
#861=FACE_OUTER_BOUND('',#1206,.T.);
#862=FACE_OUTER_BOUND('',#1207,.T.);
#863=FACE_OUTER_BOUND('',#1208,.T.);
#864=FACE_OUTER_BOUND('',#1209,.T.);
#865=FACE_OUTER_BOUND('',#1210,.T.);
#866=FACE_OUTER_BOUND('',#1211,.T.);
#867=FACE_OUTER_BOUND('',#1212,.T.);
#868=FACE_OUTER_BOUND('',#1213,.T.);
#869=FACE_OUTER_BOUND('',#1214,.T.);
#870=FACE_OUTER_BOUND('',#1215,.T.);
#871=FACE_OUTER_BOUND('',#1217,.T.);
#872=FACE_OUTER_BOUND('',#1218,.T.);
#873=FACE_OUTER_BOUND('',#1219,.T.);
#874=FACE_OUTER_BOUND('',#1221,.T.);
#875=FACE_OUTER_BOUND('',#1223,.T.);
#876=FACE_OUTER_BOUND('',#1224,.T.);
#877=FACE_OUTER_BOUND('',#1226,.T.);
#878=FACE_OUTER_BOUND('',#1227,.T.);
#879=FACE_OUTER_BOUND('',#1228,.T.);
#880=FACE_OUTER_BOUND('',#1230,.T.);
#881=FACE_OUTER_BOUND('',#1231,.T.);
#882=FACE_OUTER_BOUND('',#1233,.T.);
#883=FACE_OUTER_BOUND('',#1234,.T.);
#884=FACE_OUTER_BOUND('',#1235,.T.);
#885=FACE_OUTER_BOUND('',#1236,.T.);
#886=FACE_OUTER_BOUND('',#1237,.T.);
#887=EDGE_LOOP('',(#3653,#3654,#3655,#3656));
#888=EDGE_LOOP('',(#3657,#3658,#3659,#3660));
#889=EDGE_LOOP('',(#3661,#3662,#3663,#3664));
#890=EDGE_LOOP('',(#3665,#3666,#3667,#3668));
#891=EDGE_LOOP('',(#3669,#3670,#3671,#3672));
#892=EDGE_LOOP('',(#3673,#3674,#3675,#3676));
#893=EDGE_LOOP('',(#3677,#3678,#3679,#3680));
#894=EDGE_LOOP('',(#3681,#3682,#3683,#3684));
#895=EDGE_LOOP('',(#3685,#3686,#3687,#3688));
#896=EDGE_LOOP('',(#3689,#3690,#3691,#3692));
#897=EDGE_LOOP('',(#3693,#3694,#3695,#3696));
#898=EDGE_LOOP('',(#3697,#3698,#3699,#3700));
#899=EDGE_LOOP('',(#3701,#3702,#3703,#3704));
#900=EDGE_LOOP('',(#3705,#3706,#3707,#3708));
#901=EDGE_LOOP('',(#3709,#3710,#3711,#3712));
#902=EDGE_LOOP('',(#3713,#3714,#3715,#3716));
#903=EDGE_LOOP('',(#3717,#3718,#3719,#3720));
#904=EDGE_LOOP('',(#3721,#3722,#3723,#3724));
#905=EDGE_LOOP('',(#3725,#3726,#3727,#3728));
#906=EDGE_LOOP('',(#3729,#3730,#3731,#3732));
#907=EDGE_LOOP('',(#3733,#3734,#3735,#3736));
#908=EDGE_LOOP('',(#3737,#3738,#3739,#3740));
#909=EDGE_LOOP('',(#3741,#3742,#3743,#3744));
#910=EDGE_LOOP('',(#3745,#3746,#3747,#3748));
#911=EDGE_LOOP('',(#3749,#3750,#3751,#3752));
#912=EDGE_LOOP('',(#3753,#3754,#3755,#3756));
#913=EDGE_LOOP('',(#3757,#3758,#3759,#3760));
#914=EDGE_LOOP('',(#3761,#3762,#3763,#3764));
#915=EDGE_LOOP('',(#3765,#3766,#3767,#3768));
#916=EDGE_LOOP('',(#3769,#3770,#3771,#3772));
#917=EDGE_LOOP('',(#3773,#3774,#3775,#3776));
#918=EDGE_LOOP('',(#3777,#3778,#3779,#3780));
#919=EDGE_LOOP('',(#3781,#3782,#3783,#3784));
#920=EDGE_LOOP('',(#3785,#3786,#3787,#3788,#3789,#3790,#3791,#3792,#3793,
#3794,#3795,#3796,#3797,#3798,#3799));
#921=EDGE_LOOP('',(#3800,#3801,#3802,#3803,#3804,#3805,#3806,#3807,#3808));
#922=EDGE_LOOP('',(#3809,#3810,#3811,#3812,#3813,#3814,#3815,#3816,#3817));
#923=EDGE_LOOP('',(#3818,#3819,#3820,#3821));
#924=EDGE_LOOP('',(#3822,#3823,#3824,#3825));
#925=EDGE_LOOP('',(#3826,#3827,#3828,#3829));
#926=EDGE_LOOP('',(#3830,#3831,#3832,#3833));
#927=EDGE_LOOP('',(#3834,#3835,#3836,#3837));
#928=EDGE_LOOP('',(#3838,#3839,#3840,#3841));
#929=EDGE_LOOP('',(#3842,#3843,#3844,#3845));
#930=EDGE_LOOP('',(#3846,#3847,#3848,#3849));
#931=EDGE_LOOP('',(#3850,#3851,#3852,#3853));
#932=EDGE_LOOP('',(#3854,#3855,#3856,#3857));
#933=EDGE_LOOP('',(#3858,#3859,#3860,#3861));
#934=EDGE_LOOP('',(#3862,#3863,#3864,#3865));
#935=EDGE_LOOP('',(#3866,#3867,#3868,#3869));
#936=EDGE_LOOP('',(#3870,#3871,#3872,#3873));
#937=EDGE_LOOP('',(#3874,#3875,#3876,#3877));
#938=EDGE_LOOP('',(#3878,#3879,#3880,#3881));
#939=EDGE_LOOP('',(#3882,#3883,#3884,#3885));
#940=EDGE_LOOP('',(#3886,#3887,#3888,#3889));
#941=EDGE_LOOP('',(#3890,#3891,#3892,#3893));
#942=EDGE_LOOP('',(#3894,#3895,#3896,#3897));
#943=EDGE_LOOP('',(#3898,#3899,#3900,#3901));
#944=EDGE_LOOP('',(#3902,#3903,#3904,#3905));
#945=EDGE_LOOP('',(#3906,#3907,#3908,#3909));
#946=EDGE_LOOP('',(#3910,#3911,#3912,#3913));
#947=EDGE_LOOP('',(#3914,#3915,#3916,#3917));
#948=EDGE_LOOP('',(#3918,#3919,#3920,#3921));
#949=EDGE_LOOP('',(#3922,#3923,#3924,#3925,#3926,#3927,#3928,#3929,#3930,
#3931,#3932,#3933,#3934,#3935,#3936,#3937,#3938,#3939,#3940,#3941,#3942,
#3943,#3944,#3945,#3946,#3947));
#950=EDGE_LOOP('',(#3948,#3949,#3950,#3951));
#951=EDGE_LOOP('',(#3952,#3953,#3954,#3955));
#952=EDGE_LOOP('',(#3956,#3957,#3958,#3959));
#953=EDGE_LOOP('',(#3960,#3961,#3962,#3963));
#954=EDGE_LOOP('',(#3964,#3965,#3966,#3967));
#955=EDGE_LOOP('',(#3968,#3969,#3970,#3971));
#956=EDGE_LOOP('',(#3972,#3973,#3974,#3975));
#957=EDGE_LOOP('',(#3976,#3977,#3978,#3979));
#958=EDGE_LOOP('',(#3980,#3981,#3982,#3983));
#959=EDGE_LOOP('',(#3984,#3985,#3986,#3987,#3988,#3989,#3990,#3991,#3992));
#960=EDGE_LOOP('',(#3993,#3994,#3995,#3996));
#961=EDGE_LOOP('',(#3997,#3998,#3999,#4000));
#962=EDGE_LOOP('',(#4001,#4002,#4003,#4004));
#963=EDGE_LOOP('',(#4005,#4006,#4007,#4008));
#964=EDGE_LOOP('',(#4009,#4010,#4011,#4012));
#965=EDGE_LOOP('',(#4013,#4014,#4015,#4016));
#966=EDGE_LOOP('',(#4017,#4018,#4019,#4020));
#967=EDGE_LOOP('',(#4021,#4022,#4023,#4024));
#968=EDGE_LOOP('',(#4025,#4026,#4027,#4028));
#969=EDGE_LOOP('',(#4029,#4030,#4031,#4032));
#970=EDGE_LOOP('',(#4033,#4034,#4035,#4036));
#971=EDGE_LOOP('',(#4037,#4038,#4039,#4040));
#972=EDGE_LOOP('',(#4041,#4042,#4043,#4044));
#973=EDGE_LOOP('',(#4045,#4046,#4047,#4048));
#974=EDGE_LOOP('',(#4049,#4050,#4051,#4052));
#975=EDGE_LOOP('',(#4053,#4054,#4055,#4056));
#976=EDGE_LOOP('',(#4057,#4058,#4059,#4060));
#977=EDGE_LOOP('',(#4061,#4062,#4063,#4064));
#978=EDGE_LOOP('',(#4065,#4066,#4067,#4068));
#979=EDGE_LOOP('',(#4069,#4070,#4071,#4072));
#980=EDGE_LOOP('',(#4073,#4074,#4075,#4076));
#981=EDGE_LOOP('',(#4077,#4078,#4079,#4080));
#982=EDGE_LOOP('',(#4081,#4082,#4083,#4084));
#983=EDGE_LOOP('',(#4085,#4086,#4087,#4088));
#984=EDGE_LOOP('',(#4089,#4090,#4091,#4092));
#985=EDGE_LOOP('',(#4093,#4094,#4095,#4096));
#986=EDGE_LOOP('',(#4097,#4098,#4099,#4100));
#987=EDGE_LOOP('',(#4101,#4102,#4103,#4104));
#988=EDGE_LOOP('',(#4105,#4106,#4107,#4108));
#989=EDGE_LOOP('',(#4109,#4110,#4111,#4112));
#990=EDGE_LOOP('',(#4113,#4114,#4115,#4116));
#991=EDGE_LOOP('',(#4117,#4118,#4119,#4120));
#992=EDGE_LOOP('',(#4121,#4122,#4123,#4124));
#993=EDGE_LOOP('',(#4125,#4126,#4127,#4128));
#994=EDGE_LOOP('',(#4129,#4130,#4131,#4132));
#995=EDGE_LOOP('',(#4133,#4134,#4135,#4136,#4137,#4138,#4139,#4140,#4141,
#4142,#4143,#4144,#4145,#4146,#4147,#4148,#4149,#4150,#4151));
#996=EDGE_LOOP('',(#4152,#4153,#4154,#4155,#4156,#4157,#4158,#4159));
#997=EDGE_LOOP('',(#4160,#4161,#4162,#4163,#4164,#4165,#4166,#4167));
#998=EDGE_LOOP('',(#4168,#4169,#4170,#4171));
#999=EDGE_LOOP('',(#4172,#4173,#4174,#4175));
#1000=EDGE_LOOP('',(#4176,#4177,#4178,#4179));
#1001=EDGE_LOOP('',(#4180,#4181,#4182,#4183));
#1002=EDGE_LOOP('',(#4184,#4185,#4186,#4187));
#1003=EDGE_LOOP('',(#4188,#4189,#4190,#4191));
#1004=EDGE_LOOP('',(#4192,#4193,#4194,#4195));
#1005=EDGE_LOOP('',(#4196,#4197,#4198,#4199));
#1006=EDGE_LOOP('',(#4200,#4201,#4202,#4203));
#1007=EDGE_LOOP('',(#4204,#4205,#4206,#4207));
#1008=EDGE_LOOP('',(#4208,#4209,#4210,#4211));
#1009=EDGE_LOOP('',(#4212,#4213,#4214,#4215));
#1010=EDGE_LOOP('',(#4216,#4217,#4218,#4219));
#1011=EDGE_LOOP('',(#4220,#4221,#4222,#4223,#4224,#4225,#4226,#4227,#4228,
#4229,#4230,#4231,#4232));
#1012=EDGE_LOOP('',(#4233,#4234,#4235,#4236));
#1013=EDGE_LOOP('',(#4237,#4238,#4239,#4240));
#1014=EDGE_LOOP('',(#4241,#4242,#4243,#4244));
#1015=EDGE_LOOP('',(#4245,#4246,#4247,#4248));
#1016=EDGE_LOOP('',(#4249,#4250,#4251,#4252));
#1017=EDGE_LOOP('',(#4253,#4254,#4255,#4256));
#1018=EDGE_LOOP('',(#4257,#4258,#4259,#4260));
#1019=EDGE_LOOP('',(#4261,#4262,#4263,#4264));
#1020=EDGE_LOOP('',(#4265,#4266,#4267,#4268));
#1021=EDGE_LOOP('',(#4269,#4270,#4271,#4272));
#1022=EDGE_LOOP('',(#4273,#4274,#4275,#4276));
#1023=EDGE_LOOP('',(#4277,#4278,#4279,#4280,#4281,#4282,#4283,#4284));
#1024=EDGE_LOOP('',(#4285,#4286,#4287));
#1025=EDGE_LOOP('',(#4288,#4289,#4290,#4291));
#1026=EDGE_LOOP('',(#4292,#4293,#4294,#4295));
#1027=EDGE_LOOP('',(#4296,#4297,#4298,#4299));
#1028=EDGE_LOOP('',(#4300,#4301,#4302,#4303));
#1029=EDGE_LOOP('',(#4304,#4305,#4306,#4307));
#1030=EDGE_LOOP('',(#4308,#4309,#4310,#4311));
#1031=EDGE_LOOP('',(#4312,#4313,#4314,#4315));
#1032=EDGE_LOOP('',(#4316,#4317,#4318,#4319));
#1033=EDGE_LOOP('',(#4320,#4321,#4322,#4323));
#1034=EDGE_LOOP('',(#4324,#4325,#4326,#4327));
#1035=EDGE_LOOP('',(#4328,#4329,#4330,#4331));
#1036=EDGE_LOOP('',(#4332,#4333,#4334,#4335));
#1037=EDGE_LOOP('',(#4336,#4337,#4338,#4339));
#1038=EDGE_LOOP('',(#4340,#4341,#4342,#4343));
#1039=EDGE_LOOP('',(#4344,#4345,#4346,#4347));
#1040=EDGE_LOOP('',(#4348,#4349,#4350,#4351));
#1041=EDGE_LOOP('',(#4352,#4353,#4354,#4355));
#1042=EDGE_LOOP('',(#4356,#4357,#4358,#4359));
#1043=EDGE_LOOP('',(#4360,#4361,#4362,#4363,#4364,#4365,#4366,#4367,#4368,
#4369,#4370,#4371,#4372,#4373,#4374,#4375,#4376,#4377));
#1044=EDGE_LOOP('',(#4378,#4379,#4380,#4381));
#1045=EDGE_LOOP('',(#4382,#4383,#4384,#4385));
#1046=EDGE_LOOP('',(#4386,#4387,#4388,#4389));
#1047=EDGE_LOOP('',(#4390,#4391,#4392,#4393));
#1048=EDGE_LOOP('',(#4394,#4395,#4396,#4397));
#1049=EDGE_LOOP('',(#4398,#4399,#4400,#4401));
#1050=EDGE_LOOP('',(#4402,#4403,#4404,#4405));
#1051=EDGE_LOOP('',(#4406,#4407,#4408,#4409));
#1052=EDGE_LOOP('',(#4410,#4411,#4412,#4413));
#1053=EDGE_LOOP('',(#4414,#4415,#4416,#4417));
#1054=EDGE_LOOP('',(#4418,#4419,#4420,#4421));
#1055=EDGE_LOOP('',(#4422,#4423,#4424,#4425));
#1056=EDGE_LOOP('',(#4426,#4427,#4428,#4429));
#1057=EDGE_LOOP('',(#4430,#4431,#4432,#4433));
#1058=EDGE_LOOP('',(#4434,#4435,#4436,#4437));
#1059=EDGE_LOOP('',(#4438,#4439,#4440,#4441));
#1060=EDGE_LOOP('',(#4442,#4443,#4444,#4445));
#1061=EDGE_LOOP('',(#4446,#4447,#4448,#4449));
#1062=EDGE_LOOP('',(#4450,#4451,#4452,#4453));
#1063=EDGE_LOOP('',(#4454,#4455,#4456,#4457));
#1064=EDGE_LOOP('',(#4458,#4459,#4460,#4461));
#1065=EDGE_LOOP('',(#4462,#4463,#4464,#4465));
#1066=EDGE_LOOP('',(#4466,#4467,#4468,#4469,#4470,#4471,#4472,#4473,#4474,
#4475,#4476,#4477,#4478,#4479,#4480,#4481,#4482,#4483,#4484,#4485,#4486,
#4487));
#1067=EDGE_LOOP('',(#4488,#4489,#4490,#4491));
#1068=EDGE_LOOP('',(#4492,#4493,#4494,#4495));
#1069=EDGE_LOOP('',(#4496,#4497,#4498,#4499));
#1070=EDGE_LOOP('',(#4500,#4501,#4502,#4503));
#1071=EDGE_LOOP('',(#4504,#4505,#4506,#4507));
#1072=EDGE_LOOP('',(#4508,#4509,#4510,#4511));
#1073=EDGE_LOOP('',(#4512,#4513,#4514,#4515));
#1074=EDGE_LOOP('',(#4516,#4517,#4518,#4519));
#1075=EDGE_LOOP('',(#4520,#4521,#4522,#4523));
#1076=EDGE_LOOP('',(#4524,#4525,#4526,#4527));
#1077=EDGE_LOOP('',(#4528,#4529,#4530,#4531));
#1078=EDGE_LOOP('',(#4532,#4533,#4534,#4535));
#1079=EDGE_LOOP('',(#4536,#4537,#4538,#4539));
#1080=EDGE_LOOP('',(#4540,#4541,#4542,#4543));
#1081=EDGE_LOOP('',(#4544,#4545,#4546,#4547));
#1082=EDGE_LOOP('',(#4548,#4549,#4550,#4551));
#1083=EDGE_LOOP('',(#4552,#4553,#4554,#4555));
#1084=EDGE_LOOP('',(#4556,#4557,#4558,#4559));
#1085=EDGE_LOOP('',(#4560,#4561,#4562,#4563));
#1086=EDGE_LOOP('',(#4564,#4565,#4566,#4567));
#1087=EDGE_LOOP('',(#4568,#4569,#4570,#4571));
#1088=EDGE_LOOP('',(#4572,#4573,#4574,#4575));
#1089=EDGE_LOOP('',(#4576,#4577,#4578,#4579));
#1090=EDGE_LOOP('',(#4580,#4581,#4582,#4583));
#1091=EDGE_LOOP('',(#4584,#4585,#4586,#4587));
#1092=EDGE_LOOP('',(#4588,#4589,#4590,#4591));
#1093=EDGE_LOOP('',(#4592,#4593,#4594,#4595,#4596,#4597,#4598,#4599,#4600,
#4601,#4602,#4603,#4604,#4605,#4606,#4607,#4608,#4609,#4610,#4611,#4612,
#4613,#4614,#4615,#4616,#4617));
#1094=EDGE_LOOP('',(#4618,#4619,#4620,#4621));
#1095=EDGE_LOOP('',(#4622,#4623,#4624,#4625));
#1096=EDGE_LOOP('',(#4626,#4627,#4628,#4629));
#1097=EDGE_LOOP('',(#4630,#4631,#4632,#4633));
#1098=EDGE_LOOP('',(#4634,#4635,#4636,#4637));
#1099=EDGE_LOOP('',(#4638,#4639,#4640,#4641));
#1100=EDGE_LOOP('',(#4642,#4643,#4644,#4645));
#1101=EDGE_LOOP('',(#4646,#4647,#4648,#4649));
#1102=EDGE_LOOP('',(#4650,#4651,#4652,#4653));
#1103=EDGE_LOOP('',(#4654,#4655,#4656,#4657));
#1104=EDGE_LOOP('',(#4658,#4659,#4660,#4661));
#1105=EDGE_LOOP('',(#4662,#4663,#4664,#4665));
#1106=EDGE_LOOP('',(#4666,#4667,#4668,#4669));
#1107=EDGE_LOOP('',(#4670,#4671,#4672,#4673,#4674,#4675,#4676,#4677,#4678,
#4679,#4680,#4681,#4682));
#1108=EDGE_LOOP('',(#4683,#4684,#4685,#4686));
#1109=EDGE_LOOP('',(#4687,#4688,#4689,#4690));
#1110=EDGE_LOOP('',(#4691,#4692,#4693,#4694));
#1111=EDGE_LOOP('',(#4695,#4696,#4697,#4698));
#1112=EDGE_LOOP('',(#4699,#4700,#4701,#4702));
#1113=EDGE_LOOP('',(#4703,#4704,#4705,#4706));
#1114=EDGE_LOOP('',(#4707,#4708,#4709,#4710));
#1115=EDGE_LOOP('',(#4711,#4712,#4713,#4714,#4715,#4716,#4717));
#1116=EDGE_LOOP('',(#4718,#4719,#4720,#4721));
#1117=EDGE_LOOP('',(#4722,#4723,#4724,#4725));
#1118=EDGE_LOOP('',(#4726,#4727,#4728,#4729));
#1119=EDGE_LOOP('',(#4730,#4731,#4732,#4733));
#1120=EDGE_LOOP('',(#4734,#4735,#4736,#4737));
#1121=EDGE_LOOP('',(#4738,#4739,#4740,#4741));
#1122=EDGE_LOOP('',(#4742,#4743,#4744,#4745));
#1123=EDGE_LOOP('',(#4746,#4747,#4748,#4749));
#1124=EDGE_LOOP('',(#4750,#4751,#4752,#4753));
#1125=EDGE_LOOP('',(#4754,#4755,#4756,#4757));
#1126=EDGE_LOOP('',(#4758,#4759,#4760,#4761));
#1127=EDGE_LOOP('',(#4762,#4763,#4764,#4765));
#1128=EDGE_LOOP('',(#4766,#4767,#4768,#4769,#4770,#4771,#4772,#4773,#4774,
#4775,#4776,#4777));
#1129=EDGE_LOOP('',(#4778,#4779,#4780,#4781));
#1130=EDGE_LOOP('',(#4782));
#1131=EDGE_LOOP('',(#4783));
#1132=EDGE_LOOP('',(#4784,#4785,#4786,#4787));
#1133=EDGE_LOOP('',(#4788,#4789,#4790,#4791,#4792,#4793,#4794,#4795,#4796,
#4797,#4798,#4799));
#1134=EDGE_LOOP('',(#4800,#4801,#4802,#4803,#4804,#4805,#4806));
#1135=EDGE_LOOP('',(#4807,#4808,#4809,#4810,#4811,#4812,#4813,#4814,#4815,
#4816,#4817,#4818,#4819));
#1136=EDGE_LOOP('',(#4820,#4821,#4822,#4823,#4824,#4825,#4826,#4827,#4828,
#4829,#4830,#4831,#4832,#4833,#4834,#4835,#4836,#4837,#4838,#4839,#4840,
#4841,#4842,#4843,#4844,#4845));
#1137=EDGE_LOOP('',(#4846,#4847,#4848,#4849,#4850,#4851,#4852,#4853,#4854,
#4855,#4856,#4857,#4858,#4859,#4860,#4861,#4862,#4863,#4864,#4865,#4866,
#4867));
#1138=EDGE_LOOP('',(#4868,#4869,#4870,#4871,#4872,#4873,#4874,#4875,#4876,
#4877,#4878,#4879,#4880,#4881,#4882,#4883,#4884,#4885));
#1139=EDGE_LOOP('',(#4886,#4887,#4888,#4889,#4890,#4891,#4892,#4893));
#1140=EDGE_LOOP('',(#4894,#4895,#4896,#4897,#4898,#4899,#4900,#4901,#4902,
#4903,#4904,#4905,#4906));
#1141=EDGE_LOOP('',(#4907,#4908,#4909,#4910,#4911,#4912,#4913,#4914,#4915,
#4916,#4917,#4918,#4919,#4920,#4921,#4922,#4923,#4924,#4925));
#1142=EDGE_LOOP('',(#4926,#4927,#4928,#4929,#4930,#4931,#4932,#4933,#4934));
#1143=EDGE_LOOP('',(#4935,#4936,#4937,#4938,#4939,#4940,#4941,#4942,#4943,
#4944,#4945,#4946,#4947,#4948,#4949,#4950,#4951,#4952,#4953,#4954,#4955,
#4956,#4957,#4958,#4959,#4960));
#1144=EDGE_LOOP('',(#4961,#4962,#4963,#4964,#4965,#4966,#4967,#4968,#4969,
#4970,#4971,#4972,#4973,#4974,#4975));
#1145=EDGE_LOOP('',(#4976,#4977,#4978));
#1146=EDGE_LOOP('',(#4979,#4980,#4981,#4982,#4983,#4984,#4985,#4986));
#1147=EDGE_LOOP('',(#4987,#4988,#4989,#4990,#4991,#4992,#4993,#4994));
#1148=EDGE_LOOP('',(#4995,#4996,#4997,#4998,#4999,#5000,#5001,#5002,#5003));
#1149=EDGE_LOOP('',(#5004,#5005,#5006,#5007));
#1150=EDGE_LOOP('',(#5008,#5009,#5010,#5011));
#1151=EDGE_LOOP('',(#5012,#5013,#5014,#5015));
#1152=EDGE_LOOP('',(#5016,#5017,#5018,#5019));
#1153=EDGE_LOOP('',(#5020,#5021,#5022,#5023));
#1154=EDGE_LOOP('',(#5024,#5025,#5026,#5027));
#1155=EDGE_LOOP('',(#5028,#5029,#5030,#5031,#5032,#5033,#5034,#5035,#5036));
#1156=EDGE_LOOP('',(#5037,#5038,#5039,#5040));
#1157=EDGE_LOOP('',(#5041,#5042,#5043,#5044));
#1158=EDGE_LOOP('',(#5045));
#1159=EDGE_LOOP('',(#5046));
#1160=EDGE_LOOP('',(#5047,#5048,#5049,#5050));
#1161=EDGE_LOOP('',(#5051,#5052,#5053,#5054));
#1162=EDGE_LOOP('',(#5055,#5056,#5057,#5058));
#1163=EDGE_LOOP('',(#5059,#5060,#5061,#5062));
#1164=EDGE_LOOP('',(#5063,#5064,#5065,#5066));
#1165=EDGE_LOOP('',(#5067));
#1166=EDGE_LOOP('',(#5068,#5069,#5070,#5071));
#1167=EDGE_LOOP('',(#5072,#5073,#5074,#5075));
#1168=EDGE_LOOP('',(#5076,#5077,#5078));
#1169=EDGE_LOOP('',(#5079,#5080,#5081,#5082));
#1170=EDGE_LOOP('',(#5083,#5084,#5085));
#1171=EDGE_LOOP('',(#5086,#5087,#5088,#5089));
#1172=EDGE_LOOP('',(#5090,#5091,#5092));
#1173=EDGE_LOOP('',(#5093,#5094,#5095));
#1174=EDGE_LOOP('',(#5096,#5097,#5098,#5099));
#1175=EDGE_LOOP('',(#5100,#5101,#5102,#5103));
#1176=EDGE_LOOP('',(#5104,#5105,#5106,#5107));
#1177=EDGE_LOOP('',(#5108,#5109,#5110,#5111));
#1178=EDGE_LOOP('',(#5112,#5113,#5114,#5115));
#1179=EDGE_LOOP('',(#5116));
#1180=EDGE_LOOP('',(#5117,#5118,#5119,#5120,#5121,#5122,#5123,#5124));
#1181=EDGE_LOOP('',(#5125,#5126,#5127,#5128));
#1182=EDGE_LOOP('',(#5129,#5130,#5131,#5132));
#1183=EDGE_LOOP('',(#5133,#5134,#5135,#5136));
#1184=EDGE_LOOP('',(#5137,#5138,#5139,#5140));
#1185=EDGE_LOOP('',(#5141,#5142,#5143,#5144));
#1186=EDGE_LOOP('',(#5145,#5146,#5147,#5148));
#1187=EDGE_LOOP('',(#5149,#5150,#5151,#5152,#5153,#5154,#5155,#5156));
#1188=EDGE_LOOP('',(#5157));
#1189=EDGE_LOOP('',(#5158,#5159,#5160,#5161));
#1190=EDGE_LOOP('',(#5162,#5163,#5164,#5165));
#1191=EDGE_LOOP('',(#5166,#5167,#5168,#5169,#5170,#5171,#5172,#5173));
#1192=EDGE_LOOP('',(#5174,#5175,#5176,#5177));
#1193=EDGE_LOOP('',(#5178,#5179,#5180,#5181));
#1194=EDGE_LOOP('',(#5182,#5183,#5184,#5185));
#1195=EDGE_LOOP('',(#5186,#5187,#5188,#5189));
#1196=EDGE_LOOP('',(#5190));
#1197=EDGE_LOOP('',(#5191,#5192,#5193,#5194));
#1198=EDGE_LOOP('',(#5195,#5196,#5197,#5198));
#1199=EDGE_LOOP('',(#5199,#5200,#5201,#5202));
#1200=EDGE_LOOP('',(#5203,#5204,#5205,#5206));
#1201=EDGE_LOOP('',(#5207,#5208,#5209,#5210));
#1202=EDGE_LOOP('',(#5211,#5212,#5213,#5214));
#1203=EDGE_LOOP('',(#5215,#5216,#5217,#5218));
#1204=EDGE_LOOP('',(#5219,#5220,#5221,#5222));
#1205=EDGE_LOOP('',(#5223,#5224,#5225,#5226));
#1206=EDGE_LOOP('',(#5227,#5228,#5229));
#1207=EDGE_LOOP('',(#5230,#5231,#5232));
#1208=EDGE_LOOP('',(#5233,#5234,#5235,#5236));
#1209=EDGE_LOOP('',(#5237,#5238,#5239,#5240));
#1210=EDGE_LOOP('',(#5241,#5242,#5243,#5244));
#1211=EDGE_LOOP('',(#5245,#5246,#5247,#5248));
#1212=EDGE_LOOP('',(#5249,#5250,#5251,#5252));
#1213=EDGE_LOOP('',(#5253,#5254,#5255,#5256));
#1214=EDGE_LOOP('',(#5257,#5258,#5259,#5260,#5261,#5262));
#1215=EDGE_LOOP('',(#5263,#5264,#5265,#5266,#5267,#5268));
#1216=EDGE_LOOP('',(#5269,#5270,#5271,#5272));
#1217=EDGE_LOOP('',(#5273,#5274,#5275,#5276));
#1218=EDGE_LOOP('',(#5277,#5278,#5279,#5280,#5281));
#1219=EDGE_LOOP('',(#5282));
#1220=EDGE_LOOP('',(#5283));
#1221=EDGE_LOOP('',(#5284));
#1222=EDGE_LOOP('',(#5285));
#1223=EDGE_LOOP('',(#5286,#5287,#5288,#5289));
#1224=EDGE_LOOP('',(#5290));
#1225=EDGE_LOOP('',(#5291));
#1226=EDGE_LOOP('',(#5292,#5293,#5294,#5295));
#1227=EDGE_LOOP('',(#5296,#5297,#5298,#5299));
#1228=EDGE_LOOP('',(#5300));
#1229=EDGE_LOOP('',(#5301));
#1230=EDGE_LOOP('',(#5302,#5303,#5304,#5305));
#1231=EDGE_LOOP('',(#5306,#5307,#5308,#5309));
#1232=EDGE_LOOP('',(#5310));
#1233=EDGE_LOOP('',(#5311,#5312,#5313,#5314));
#1234=EDGE_LOOP('',(#5315,#5316,#5317,#5318));
#1235=EDGE_LOOP('',(#5319,#5320,#5321,#5322));
#1236=EDGE_LOOP('',(#5323,#5324,#5325,#5326));
#1237=EDGE_LOOP('',(#5327,#5328,#5329,#5330));
#1238=LINE('',#7065,#1749);
#1239=LINE('',#7067,#1750);
#1240=LINE('',#7069,#1751);
#1241=LINE('',#7070,#1752);
#1242=LINE('',#7073,#1753);
#1243=LINE('',#7075,#1754);
#1244=LINE('',#7076,#1755);
#1245=LINE('',#7099,#1756);
#1246=LINE('',#7122,#1757);
#1247=LINE('',#7145,#1758);
#1248=LINE('',#7168,#1759);
#1249=LINE('',#7191,#1760);
#1250=LINE('',#7214,#1761);
#1251=LINE('',#7216,#1762);
#1252=LINE('',#7217,#1763);
#1253=LINE('',#7221,#1764);
#1254=LINE('',#7223,#1765);
#1255=LINE('',#7225,#1766);
#1256=LINE('',#7226,#1767);
#1257=LINE('',#7229,#1768);
#1258=LINE('',#7231,#1769);
#1259=LINE('',#7232,#1770);
#1260=LINE('',#7255,#1771);
#1261=LINE('',#7278,#1772);
#1262=LINE('',#7301,#1773);
#1263=LINE('',#7324,#1774);
#1264=LINE('',#7347,#1775);
#1265=LINE('',#7370,#1776);
#1266=LINE('',#7372,#1777);
#1267=LINE('',#7373,#1778);
#1268=LINE('',#7377,#1779);
#1269=LINE('',#7379,#1780);
#1270=LINE('',#7381,#1781);
#1271=LINE('',#7382,#1782);
#1272=LINE('',#7405,#1783);
#1273=LINE('',#7428,#1784);
#1274=LINE('',#7451,#1785);
#1275=LINE('',#7474,#1786);
#1276=LINE('',#7497,#1787);
#1277=LINE('',#7520,#1788);
#1278=LINE('',#7543,#1789);
#1279=LINE('',#7566,#1790);
#1280=LINE('',#7589,#1791);
#1281=LINE('',#7612,#1792);
#1282=LINE('',#7635,#1793);
#1283=LINE('',#7658,#1794);
#1284=LINE('',#7661,#1795);
#1285=LINE('',#7663,#1796);
#1286=LINE('',#7664,#1797);
#1287=LINE('',#7666,#1798);
#1288=LINE('',#7667,#1799);
#1289=LINE('',#7672,#1800);
#1290=LINE('',#7674,#1801);
#1291=LINE('',#7676,#1802);
#1292=LINE('',#7677,#1803);
#1293=LINE('',#7680,#1804);
#1294=LINE('',#7682,#1805);
#1295=LINE('',#7683,#1806);
#1296=LINE('',#7686,#1807);
#1297=LINE('',#7688,#1808);
#1298=LINE('',#7689,#1809);
#1299=LINE('',#7692,#1810);
#1300=LINE('',#7694,#1811);
#1301=LINE('',#7695,#1812);
#1302=LINE('',#7718,#1813);
#1303=LINE('',#7741,#1814);
#1304=LINE('',#7764,#1815);
#1305=LINE('',#7787,#1816);
#1306=LINE('',#7810,#1817);
#1307=LINE('',#7833,#1818);
#1308=LINE('',#7856,#1819);
#1309=LINE('',#7879,#1820);
#1310=LINE('',#7902,#1821);
#1311=LINE('',#7925,#1822);
#1312=LINE('',#7948,#1823);
#1313=LINE('',#7951,#1824);
#1314=LINE('',#7953,#1825);
#1315=LINE('',#7954,#1826);
#1316=LINE('',#7977,#1827);
#1317=LINE('',#8000,#1828);
#1318=LINE('',#8023,#1829);
#1319=LINE('',#8046,#1830);
#1320=LINE('',#8069,#1831);
#1321=LINE('',#8092,#1832);
#1322=LINE('',#8115,#1833);
#1323=LINE('',#8138,#1834);
#1324=LINE('',#8141,#1835);
#1325=LINE('',#8143,#1836);
#1326=LINE('',#8144,#1837);
#1327=LINE('',#8146,#1838);
#1328=LINE('',#8147,#1839);
#1329=LINE('',#8152,#1840);
#1330=LINE('',#8154,#1841);
#1331=LINE('',#8156,#1842);
#1332=LINE('',#8157,#1843);
#1333=LINE('',#8160,#1844);
#1334=LINE('',#8162,#1845);
#1335=LINE('',#8163,#1846);
#1336=LINE('',#8166,#1847);
#1337=LINE('',#8168,#1848);
#1338=LINE('',#8169,#1849);
#1339=LINE('',#8192,#1850);
#1340=LINE('',#8215,#1851);
#1341=LINE('',#8218,#1852);
#1342=LINE('',#8220,#1853);
#1343=LINE('',#8221,#1854);
#1344=LINE('',#8244,#1855);
#1345=LINE('',#8267,#1856);
#1346=LINE('',#8269,#1857);
#1347=LINE('',#8270,#1858);
#1348=LINE('',#8290,#1859);
#1349=LINE('',#8297,#1860);
#1350=LINE('',#8320,#1861);
#1351=LINE('',#8343,#1862);
#1352=LINE('',#8366,#1863);
#1353=LINE('',#8389,#1864);
#1354=LINE('',#8412,#1865);
#1355=LINE('',#8435,#1866);
#1356=LINE('',#8474,#1867);
#1357=LINE('',#8481,#1868);
#1358=LINE('',#8504,#1869);
#1359=LINE('',#8527,#1870);
#1360=LINE('',#8550,#1871);
#1361=LINE('',#8573,#1872);
#1362=LINE('',#8596,#1873);
#1363=LINE('',#8619,#1874);
#1364=LINE('',#8658,#1875);
#1365=LINE('',#8665,#1876);
#1366=LINE('',#8688,#1877);
#1367=LINE('',#8711,#1878);
#1368=LINE('',#8734,#1879);
#1369=LINE('',#8757,#1880);
#1370=LINE('',#8780,#1881);
#1371=LINE('',#8803,#1882);
#1372=LINE('',#8826,#1883);
#1373=LINE('',#8849,#1884);
#1374=LINE('',#8872,#1885);
#1375=LINE('',#8895,#1886);
#1376=LINE('',#8918,#1887);
#1377=LINE('',#8941,#1888);
#1378=LINE('',#8964,#1889);
#1379=LINE('',#8987,#1890);
#1380=LINE('',#9010,#1891);
#1381=LINE('',#9033,#1892);
#1382=LINE('',#9056,#1893);
#1383=LINE('',#9081,#1894);
#1384=LINE('',#9083,#1895);
#1385=LINE('',#9085,#1896);
#1386=LINE('',#9086,#1897);
#1387=LINE('',#9089,#1898);
#1388=LINE('',#9091,#1899);
#1389=LINE('',#9092,#1900);
#1390=LINE('',#9095,#1901);
#1391=LINE('',#9097,#1902);
#1392=LINE('',#9098,#1903);
#1393=LINE('',#9101,#1904);
#1394=LINE('',#9103,#1905);
#1395=LINE('',#9104,#1906);
#1396=LINE('',#9107,#1907);
#1397=LINE('',#9109,#1908);
#1398=LINE('',#9110,#1909);
#1399=LINE('',#9113,#1910);
#1400=LINE('',#9115,#1911);
#1401=LINE('',#9116,#1912);
#1402=LINE('',#9119,#1913);
#1403=LINE('',#9121,#1914);
#1404=LINE('',#9122,#1915);
#1405=LINE('',#9125,#1916);
#1406=LINE('',#9127,#1917);
#1407=LINE('',#9128,#1918);
#1408=LINE('',#9131,#1919);
#1409=LINE('',#9133,#1920);
#1410=LINE('',#9134,#1921);
#1411=LINE('',#9137,#1922);
#1412=LINE('',#9139,#1923);
#1413=LINE('',#9140,#1924);
#1414=LINE('',#9143,#1925);
#1415=LINE('',#9145,#1926);
#1416=LINE('',#9146,#1927);
#1417=LINE('',#9149,#1928);
#1418=LINE('',#9151,#1929);
#1419=LINE('',#9152,#1930);
#1420=LINE('',#9154,#1931);
#1421=LINE('',#9155,#1932);
#1422=LINE('',#9160,#1933);
#1423=LINE('',#9162,#1934);
#1424=LINE('',#9164,#1935);
#1425=LINE('',#9165,#1936);
#1426=LINE('',#9168,#1937);
#1427=LINE('',#9170,#1938);
#1428=LINE('',#9171,#1939);
#1429=LINE('',#9173,#1940);
#1430=LINE('',#9174,#1941);
#1431=LINE('',#9178,#1942);
#1432=LINE('',#9180,#1943);
#1433=LINE('',#9182,#1944);
#1434=LINE('',#9183,#1945);
#1435=LINE('',#9186,#1946);
#1436=LINE('',#9188,#1947);
#1437=LINE('',#9189,#1948);
#1438=LINE('',#9192,#1949);
#1439=LINE('',#9194,#1950);
#1440=LINE('',#9195,#1951);
#1441=LINE('',#9198,#1952);
#1442=LINE('',#9200,#1953);
#1443=LINE('',#9201,#1954);
#1444=LINE('',#9204,#1955);
#1445=LINE('',#9206,#1956);
#1446=LINE('',#9207,#1957);
#1447=LINE('',#9210,#1958);
#1448=LINE('',#9212,#1959);
#1449=LINE('',#9213,#1960);
#1450=LINE('',#9216,#1961);
#1451=LINE('',#9218,#1962);
#1452=LINE('',#9219,#1963);
#1453=LINE('',#9221,#1964);
#1454=LINE('',#9222,#1965);
#1455=LINE('',#9227,#1966);
#1456=LINE('',#9229,#1967);
#1457=LINE('',#9231,#1968);
#1458=LINE('',#9232,#1969);
#1459=LINE('',#9255,#1970);
#1460=LINE('',#9278,#1971);
#1461=LINE('',#9301,#1972);
#1462=LINE('',#9324,#1973);
#1463=LINE('',#9347,#1974);
#1464=LINE('',#9370,#1975);
#1465=LINE('',#9393,#1976);
#1466=LINE('',#9416,#1977);
#1467=LINE('',#9419,#1978);
#1468=LINE('',#9421,#1979);
#1469=LINE('',#9422,#1980);
#1470=LINE('',#9445,#1981);
#1471=LINE('',#9468,#1982);
#1472=LINE('',#9491,#1983);
#1473=LINE('',#9514,#1984);
#1474=LINE('',#9537,#1985);
#1475=LINE('',#9560,#1986);
#1476=LINE('',#9583,#1987);
#1477=LINE('',#9608,#1988);
#1478=LINE('',#9610,#1989);
#1479=LINE('',#9612,#1990);
#1480=LINE('',#9613,#1991);
#1481=LINE('',#9636,#1992);
#1482=LINE('',#9659,#1993);
#1483=LINE('',#9682,#1994);
#1484=LINE('',#9705,#1995);
#1485=LINE('',#9728,#1996);
#1486=LINE('',#9751,#1997);
#1487=LINE('',#9774,#1998);
#1488=LINE('',#9797,#1999);
#1489=LINE('',#9800,#2000);
#1490=LINE('',#9802,#2001);
#1491=LINE('',#9803,#2002);
#1492=LINE('',#9826,#2003);
#1493=LINE('',#9849,#2004);
#1494=LINE('',#9872,#2005);
#1495=LINE('',#9895,#2006);
#1496=LINE('',#9918,#2007);
#1497=LINE('',#9941,#2008);
#1498=LINE('',#9964,#2009);
#1499=LINE('',#9987,#2010);
#1500=LINE('',#10010,#2011);
#1501=LINE('',#10033,#2012);
#1502=LINE('',#10036,#2013);
#1503=LINE('',#10038,#2014);
#1504=LINE('',#10039,#2015);
#1505=LINE('',#10041,#2016);
#1506=LINE('',#10042,#2017);
#1507=LINE('',#10047,#2018);
#1508=LINE('',#10049,#2019);
#1509=LINE('',#10051,#2020);
#1510=LINE('',#10052,#2021);
#1511=LINE('',#10055,#2022);
#1512=LINE('',#10057,#2023);
#1513=LINE('',#10058,#2024);
#1514=LINE('',#10061,#2025);
#1515=LINE('',#10063,#2026);
#1516=LINE('',#10064,#2027);
#1517=LINE('',#10067,#2028);
#1518=LINE('',#10069,#2029);
#1519=LINE('',#10070,#2030);
#1520=LINE('',#10093,#2031);
#1521=LINE('',#10116,#2032);
#1522=LINE('',#10139,#2033);
#1523=LINE('',#10162,#2034);
#1524=LINE('',#10185,#2035);
#1525=LINE('',#10208,#2036);
#1526=LINE('',#10231,#2037);
#1527=LINE('',#10254,#2038);
#1528=LINE('',#10277,#2039);
#1529=LINE('',#10300,#2040);
#1530=LINE('',#10323,#2041);
#1531=LINE('',#10326,#2042);
#1532=LINE('',#10328,#2043);
#1533=LINE('',#10329,#2044);
#1534=LINE('',#10352,#2045);
#1535=LINE('',#10375,#2046);
#1536=LINE('',#10398,#2047);
#1537=LINE('',#10421,#2048);
#1538=LINE('',#10444,#2049);
#1539=LINE('',#10467,#2050);
#1540=LINE('',#10490,#2051);
#1541=LINE('',#10513,#2052);
#1542=LINE('',#10516,#2053);
#1543=LINE('',#10518,#2054);
#1544=LINE('',#10519,#2055);
#1545=LINE('',#10521,#2056);
#1546=LINE('',#10522,#2057);
#1547=LINE('',#10527,#2058);
#1548=LINE('',#10529,#2059);
#1549=LINE('',#10531,#2060);
#1550=LINE('',#10532,#2061);
#1551=LINE('',#10535,#2062);
#1552=LINE('',#10537,#2063);
#1553=LINE('',#10538,#2064);
#1554=LINE('',#10541,#2065);
#1555=LINE('',#10543,#2066);
#1556=LINE('',#10544,#2067);
#1557=LINE('',#10547,#2068);
#1558=LINE('',#10549,#2069);
#1559=LINE('',#10550,#2070);
#1560=LINE('',#10553,#2071);
#1561=LINE('',#10555,#2072);
#1562=LINE('',#10556,#2073);
#1563=LINE('',#10559,#2074);
#1564=LINE('',#10561,#2075);
#1565=LINE('',#10562,#2076);
#1566=LINE('',#10565,#2077);
#1567=LINE('',#10567,#2078);
#1568=LINE('',#10568,#2079);
#1569=LINE('',#10571,#2080);
#1570=LINE('',#10573,#2081);
#1571=LINE('',#10574,#2082);
#1572=LINE('',#10577,#2083);
#1573=LINE('',#10579,#2084);
#1574=LINE('',#10580,#2085);
#1575=LINE('',#10583,#2086);
#1576=LINE('',#10585,#2087);
#1577=LINE('',#10586,#2088);
#1578=LINE('',#10589,#2089);
#1579=LINE('',#10591,#2090);
#1580=LINE('',#10592,#2091);
#1581=LINE('',#10595,#2092);
#1582=LINE('',#10597,#2093);
#1583=LINE('',#10598,#2094);
#1584=LINE('',#10600,#2095);
#1585=LINE('',#10601,#2096);
#1586=LINE('',#10606,#2097);
#1587=LINE('',#10608,#2098);
#1588=LINE('',#10610,#2099);
#1589=LINE('',#10611,#2100);
#1590=LINE('',#10614,#2101);
#1591=LINE('',#10616,#2102);
#1592=LINE('',#10617,#2103);
#1593=LINE('',#10620,#2104);
#1594=LINE('',#10622,#2105);
#1595=LINE('',#10623,#2106);
#1596=LINE('',#10626,#2107);
#1597=LINE('',#10628,#2108);
#1598=LINE('',#10629,#2109);
#1599=LINE('',#10632,#2110);
#1600=LINE('',#10634,#2111);
#1601=LINE('',#10635,#2112);
#1602=LINE('',#10638,#2113);
#1603=LINE('',#10640,#2114);
#1604=LINE('',#10641,#2115);
#1605=LINE('',#10643,#2116);
#1606=LINE('',#10644,#2117);
#1607=LINE('',#10649,#2118);
#1608=LINE('',#10651,#2119);
#1609=LINE('',#10653,#2120);
#1610=LINE('',#10654,#2121);
#1611=LINE('',#10657,#2122);
#1612=LINE('',#10659,#2123);
#1613=LINE('',#10660,#2124);
#1614=LINE('',#10663,#2125);
#1615=LINE('',#10665,#2126);
#1616=LINE('',#10666,#2127);
#1617=LINE('',#10669,#2128);
#1618=LINE('',#10671,#2129);
#1619=LINE('',#10672,#2130);
#1620=LINE('',#10675,#2131);
#1621=LINE('',#10677,#2132);
#1622=LINE('',#10678,#2133);
#1623=LINE('',#10681,#2134);
#1624=LINE('',#10683,#2135);
#1625=LINE('',#10684,#2136);
#1626=LINE('',#10687,#2137);
#1627=LINE('',#10689,#2138);
#1628=LINE('',#10690,#2139);
#1629=LINE('',#10693,#2140);
#1630=LINE('',#10695,#2141);
#1631=LINE('',#10696,#2142);
#1632=LINE('',#10699,#2143);
#1633=LINE('',#10701,#2144);
#1634=LINE('',#10702,#2145);
#1635=LINE('',#10705,#2146);
#1636=LINE('',#10707,#2147);
#1637=LINE('',#10708,#2148);
#1638=LINE('',#10711,#2149);
#1639=LINE('',#10713,#2150);
#1640=LINE('',#10714,#2151);
#1641=LINE('',#10716,#2152);
#1642=LINE('',#10717,#2153);
#1643=LINE('',#10722,#2154);
#1644=LINE('',#10724,#2155);
#1645=LINE('',#10726,#2156);
#1646=LINE('',#10727,#2157);
#1647=LINE('',#10734,#2158);
#1648=LINE('',#10738,#2159);
#1649=LINE('',#10746,#2160);
#1650=LINE('',#10748,#2161);
#1651=LINE('',#10749,#2162);
#1652=LINE('',#10752,#2163);
#1653=LINE('',#10753,#2164);
#1654=LINE('',#10756,#2165);
#1655=LINE('',#10757,#2166);
#1656=LINE('',#10759,#2167);
#1657=LINE('',#10762,#2168);
#1658=LINE('',#10766,#2169);
#1659=LINE('',#10772,#2170);
#1660=LINE('',#10776,#2171);
#1661=LINE('',#10779,#2172);
#1662=LINE('',#10780,#2173);
#1663=LINE('',#10782,#2174);
#1664=LINE('',#10784,#2175);
#1665=LINE('',#10790,#2176);
#1666=LINE('',#10798,#2177);
#1667=LINE('',#10801,#2178);
#1668=LINE('',#10807,#2179);
#1669=LINE('',#10809,#2180);
#1670=LINE('',#10817,#2181);
#1671=LINE('',#10819,#2182);
#1672=LINE('',#10826,#2183);
#1673=LINE('',#10828,#2184);
#1674=LINE('',#10835,#2185);
#1675=LINE('',#10838,#2186);
#1676=LINE('',#10841,#2187);
#1677=LINE('',#10842,#2188);
#1678=LINE('',#10845,#2189);
#1679=LINE('',#10849,#2190);
#1680=LINE('',#10850,#2191);
#1681=LINE('',#10856,#2192);
#1682=LINE('',#10859,#2193);
#1683=LINE('',#10861,#2194);
#1684=LINE('',#10863,#2195);
#1685=LINE('',#10865,#2196);
#1686=LINE('',#10872,#2197);
#1687=LINE('',#10875,#2198);
#1688=LINE('',#10878,#2199);
#1689=LINE('',#10880,#2200);
#1690=LINE('',#10881,#2201);
#1691=LINE('',#10884,#2202);
#1692=LINE('',#10888,#2203);
#1693=LINE('',#10892,#2204);
#1694=LINE('',#10900,#2205);
#1695=LINE('',#10901,#2206);
#1696=LINE('',#10904,#2207);
#1697=LINE('',#10905,#2208);
#1698=LINE('',#10910,#2209);
#1699=LINE('',#10912,#2210);
#1700=LINE('',#10914,#2211);
#1701=LINE('',#10916,#2212);
#1702=LINE('',#10921,#2213);
#1703=LINE('',#10927,#2214);
#1704=LINE('',#10929,#2215);
#1705=LINE('',#10931,#2216);
#1706=LINE('',#10932,#2217);
#1707=LINE('',#10935,#2218);
#1708=LINE('',#10937,#2219);
#1709=LINE('',#10938,#2220);
#1710=LINE('',#10941,#2221);
#1711=LINE('',#10943,#2222);
#1712=LINE('',#10944,#2223);
#1713=LINE('',#10946,#2224);
#1714=LINE('',#10948,#2225);
#1715=LINE('',#10954,#2226);
#1716=LINE('',#10957,#2227);
#1717=LINE('',#10962,#2228);
#1718=LINE('',#10965,#2229);
#1719=LINE('',#10970,#2230);
#1720=LINE('',#10973,#2231);
#1721=LINE('',#10979,#2232);
#1722=LINE('',#10982,#2233);
#1723=LINE('',#10984,#2234);
#1724=LINE('',#10985,#2235);
#1725=LINE('',#10988,#2236);
#1726=LINE('',#10992,#2237);
#1727=LINE('',#10995,#2238);
#1728=LINE('',#10997,#2239);
#1729=LINE('',#11000,#2240);
#1730=LINE('',#11001,#2241);
#1731=LINE('',#11003,#2242);
#1732=LINE('',#11015,#2243);
#1733=LINE('',#11025,#2244);
#1734=LINE('',#11032,#2245);
#1735=LINE('',#11035,#2246);
#1736=LINE('',#11043,#2247);
#1737=LINE('',#11047,#2248);
#1738=LINE('',#11049,#2249);
#1739=LINE('',#11051,#2250);
#1740=LINE('',#11052,#2251);
#1741=LINE('',#11055,#2252);
#1742=LINE('',#11057,#2253);
#1743=LINE('',#11058,#2254);
#1744=LINE('',#11061,#2255);
#1745=LINE('',#11062,#2256);
#1746=LINE('',#11065,#2257);
#1747=LINE('',#11066,#2258);
#1748=LINE('',#11068,#2259);
#1749=VECTOR('',#6066,10.);
#1750=VECTOR('',#6067,10.);
#1751=VECTOR('',#6068,10.);
#1752=VECTOR('',#6069,10.);
#1753=VECTOR('',#6072,10.);
#1754=VECTOR('',#6073,10.);
#1755=VECTOR('',#6074,10.);
#1756=VECTOR('',#6075,10.);
#1757=VECTOR('',#6076,10.);
#1758=VECTOR('',#6077,10.);
#1759=VECTOR('',#6078,10.);
#1760=VECTOR('',#6079,10.);
#1761=VECTOR('',#6080,10.);
#1762=VECTOR('',#6083,10.);
#1763=VECTOR('',#6084,10.);
#1764=VECTOR('',#6087,10.);
#1765=VECTOR('',#6088,10.);
#1766=VECTOR('',#6089,10.);
#1767=VECTOR('',#6090,10.);
#1768=VECTOR('',#6093,10.);
#1769=VECTOR('',#6094,10.);
#1770=VECTOR('',#6095,10.);
#1771=VECTOR('',#6096,10.);
#1772=VECTOR('',#6097,10.);
#1773=VECTOR('',#6098,10.);
#1774=VECTOR('',#6099,10.);
#1775=VECTOR('',#6100,10.);
#1776=VECTOR('',#6101,10.);
#1777=VECTOR('',#6104,10.);
#1778=VECTOR('',#6105,10.);
#1779=VECTOR('',#6108,10.);
#1780=VECTOR('',#6109,10.);
#1781=VECTOR('',#6110,10.);
#1782=VECTOR('',#6111,10.);
#1783=VECTOR('',#6112,10.);
#1784=VECTOR('',#6113,10.);
#1785=VECTOR('',#6114,10.);
#1786=VECTOR('',#6115,10.);
#1787=VECTOR('',#6116,10.);
#1788=VECTOR('',#6117,10.);
#1789=VECTOR('',#6118,10.);
#1790=VECTOR('',#6119,10.);
#1791=VECTOR('',#6120,10.);
#1792=VECTOR('',#6121,10.);
#1793=VECTOR('',#6122,10.);
#1794=VECTOR('',#6123,10.);
#1795=VECTOR('',#6126,10.);
#1796=VECTOR('',#6127,10.);
#1797=VECTOR('',#6128,10.);
#1798=VECTOR('',#6131,10.);
#1799=VECTOR('',#6132,10.);
#1800=VECTOR('',#6137,10.);
#1801=VECTOR('',#6138,10.);
#1802=VECTOR('',#6139,10.);
#1803=VECTOR('',#6140,10.);
#1804=VECTOR('',#6143,10.);
#1805=VECTOR('',#6144,10.);
#1806=VECTOR('',#6145,10.);
#1807=VECTOR('',#6148,10.);
#1808=VECTOR('',#6149,10.);
#1809=VECTOR('',#6150,10.);
#1810=VECTOR('',#6153,10.);
#1811=VECTOR('',#6154,10.);
#1812=VECTOR('',#6155,10.);
#1813=VECTOR('',#6156,10.);
#1814=VECTOR('',#6157,10.);
#1815=VECTOR('',#6158,10.);
#1816=VECTOR('',#6159,10.);
#1817=VECTOR('',#6160,10.);
#1818=VECTOR('',#6161,10.);
#1819=VECTOR('',#6162,10.);
#1820=VECTOR('',#6163,10.);
#1821=VECTOR('',#6164,10.);
#1822=VECTOR('',#6165,10.);
#1823=VECTOR('',#6166,10.);
#1824=VECTOR('',#6169,10.);
#1825=VECTOR('',#6170,10.);
#1826=VECTOR('',#6171,10.);
#1827=VECTOR('',#6172,10.);
#1828=VECTOR('',#6173,10.);
#1829=VECTOR('',#6174,10.);
#1830=VECTOR('',#6175,10.);
#1831=VECTOR('',#6176,10.);
#1832=VECTOR('',#6177,10.);
#1833=VECTOR('',#6178,10.);
#1834=VECTOR('',#6179,10.);
#1835=VECTOR('',#6182,10.);
#1836=VECTOR('',#6183,10.);
#1837=VECTOR('',#6184,10.);
#1838=VECTOR('',#6187,10.);
#1839=VECTOR('',#6188,10.);
#1840=VECTOR('',#6193,10.);
#1841=VECTOR('',#6194,10.);
#1842=VECTOR('',#6195,10.);
#1843=VECTOR('',#6196,10.);
#1844=VECTOR('',#6199,10.);
#1845=VECTOR('',#6200,10.);
#1846=VECTOR('',#6201,10.);
#1847=VECTOR('',#6204,10.);
#1848=VECTOR('',#6205,10.);
#1849=VECTOR('',#6206,10.);
#1850=VECTOR('',#6207,10.);
#1851=VECTOR('',#6208,10.);
#1852=VECTOR('',#6211,10.);
#1853=VECTOR('',#6212,10.);
#1854=VECTOR('',#6213,10.);
#1855=VECTOR('',#6214,10.);
#1856=VECTOR('',#6215,10.);
#1857=VECTOR('',#6218,10.);
#1858=VECTOR('',#6219,10.);
#1859=VECTOR('',#6222,10.);
#1860=VECTOR('',#6223,10.);
#1861=VECTOR('',#6224,10.);
#1862=VECTOR('',#6225,10.);
#1863=VECTOR('',#6226,10.);
#1864=VECTOR('',#6227,10.);
#1865=VECTOR('',#6228,10.);
#1866=VECTOR('',#6229,10.);
#1867=VECTOR('',#6230,10.);
#1868=VECTOR('',#6231,10.);
#1869=VECTOR('',#6232,10.);
#1870=VECTOR('',#6233,10.);
#1871=VECTOR('',#6234,10.);
#1872=VECTOR('',#6235,10.);
#1873=VECTOR('',#6236,10.);
#1874=VECTOR('',#6237,10.);
#1875=VECTOR('',#6238,10.);
#1876=VECTOR('',#6239,10.);
#1877=VECTOR('',#6240,10.);
#1878=VECTOR('',#6241,10.);
#1879=VECTOR('',#6242,10.);
#1880=VECTOR('',#6243,10.);
#1881=VECTOR('',#6244,10.);
#1882=VECTOR('',#6245,10.);
#1883=VECTOR('',#6246,10.);
#1884=VECTOR('',#6247,10.);
#1885=VECTOR('',#6248,10.);
#1886=VECTOR('',#6249,10.);
#1887=VECTOR('',#6250,10.);
#1888=VECTOR('',#6251,10.);
#1889=VECTOR('',#6252,10.);
#1890=VECTOR('',#6253,10.);
#1891=VECTOR('',#6254,10.);
#1892=VECTOR('',#6255,10.);
#1893=VECTOR('',#6256,10.);
#1894=VECTOR('',#6261,10.);
#1895=VECTOR('',#6262,10.);
#1896=VECTOR('',#6263,10.);
#1897=VECTOR('',#6264,10.);
#1898=VECTOR('',#6267,10.);
#1899=VECTOR('',#6268,10.);
#1900=VECTOR('',#6269,10.);
#1901=VECTOR('',#6272,10.);
#1902=VECTOR('',#6273,10.);
#1903=VECTOR('',#6274,10.);
#1904=VECTOR('',#6277,10.);
#1905=VECTOR('',#6278,10.);
#1906=VECTOR('',#6279,10.);
#1907=VECTOR('',#6282,10.);
#1908=VECTOR('',#6283,10.);
#1909=VECTOR('',#6284,10.);
#1910=VECTOR('',#6287,10.);
#1911=VECTOR('',#6288,10.);
#1912=VECTOR('',#6289,10.);
#1913=VECTOR('',#6292,10.);
#1914=VECTOR('',#6293,10.);
#1915=VECTOR('',#6294,10.);
#1916=VECTOR('',#6297,10.);
#1917=VECTOR('',#6298,10.);
#1918=VECTOR('',#6299,10.);
#1919=VECTOR('',#6302,10.);
#1920=VECTOR('',#6303,10.);
#1921=VECTOR('',#6304,10.);
#1922=VECTOR('',#6307,10.);
#1923=VECTOR('',#6308,10.);
#1924=VECTOR('',#6309,10.);
#1925=VECTOR('',#6312,10.);
#1926=VECTOR('',#6313,10.);
#1927=VECTOR('',#6314,10.);
#1928=VECTOR('',#6317,10.);
#1929=VECTOR('',#6318,10.);
#1930=VECTOR('',#6319,10.);
#1931=VECTOR('',#6322,10.);
#1932=VECTOR('',#6323,10.);
#1933=VECTOR('',#6328,10.);
#1934=VECTOR('',#6329,10.);
#1935=VECTOR('',#6330,10.);
#1936=VECTOR('',#6331,10.);
#1937=VECTOR('',#6334,10.);
#1938=VECTOR('',#6335,10.);
#1939=VECTOR('',#6336,10.);
#1940=VECTOR('',#6339,10.);
#1941=VECTOR('',#6340,10.);
#1942=VECTOR('',#6343,10.);
#1943=VECTOR('',#6344,10.);
#1944=VECTOR('',#6345,10.);
#1945=VECTOR('',#6346,10.);
#1946=VECTOR('',#6349,10.);
#1947=VECTOR('',#6350,10.);
#1948=VECTOR('',#6351,10.);
#1949=VECTOR('',#6354,10.);
#1950=VECTOR('',#6355,10.);
#1951=VECTOR('',#6356,10.);
#1952=VECTOR('',#6359,10.);
#1953=VECTOR('',#6360,10.);
#1954=VECTOR('',#6361,10.);
#1955=VECTOR('',#6364,10.);
#1956=VECTOR('',#6365,10.);
#1957=VECTOR('',#6366,10.);
#1958=VECTOR('',#6369,10.);
#1959=VECTOR('',#6370,10.);
#1960=VECTOR('',#6371,10.);
#1961=VECTOR('',#6374,10.);
#1962=VECTOR('',#6375,10.);
#1963=VECTOR('',#6376,10.);
#1964=VECTOR('',#6379,10.);
#1965=VECTOR('',#6380,10.);
#1966=VECTOR('',#6385,10.);
#1967=VECTOR('',#6386,10.);
#1968=VECTOR('',#6387,10.);
#1969=VECTOR('',#6388,10.);
#1970=VECTOR('',#6389,10.);
#1971=VECTOR('',#6390,10.);
#1972=VECTOR('',#6391,10.);
#1973=VECTOR('',#6392,10.);
#1974=VECTOR('',#6393,10.);
#1975=VECTOR('',#6394,10.);
#1976=VECTOR('',#6395,10.);
#1977=VECTOR('',#6396,10.);
#1978=VECTOR('',#6399,10.);
#1979=VECTOR('',#6400,10.);
#1980=VECTOR('',#6401,10.);
#1981=VECTOR('',#6402,10.);
#1982=VECTOR('',#6403,10.);
#1983=VECTOR('',#6404,10.);
#1984=VECTOR('',#6405,10.);
#1985=VECTOR('',#6406,10.);
#1986=VECTOR('',#6407,10.);
#1987=VECTOR('',#6408,10.);
#1988=VECTOR('',#6413,10.);
#1989=VECTOR('',#6414,10.);
#1990=VECTOR('',#6415,10.);
#1991=VECTOR('',#6416,10.);
#1992=VECTOR('',#6417,10.);
#1993=VECTOR('',#6418,10.);
#1994=VECTOR('',#6419,10.);
#1995=VECTOR('',#6420,10.);
#1996=VECTOR('',#6421,10.);
#1997=VECTOR('',#6422,10.);
#1998=VECTOR('',#6423,10.);
#1999=VECTOR('',#6424,10.);
#2000=VECTOR('',#6427,10.);
#2001=VECTOR('',#6428,10.);
#2002=VECTOR('',#6429,10.);
#2003=VECTOR('',#6430,10.);
#2004=VECTOR('',#6431,10.);
#2005=VECTOR('',#6432,10.);
#2006=VECTOR('',#6433,10.);
#2007=VECTOR('',#6434,10.);
#2008=VECTOR('',#6435,10.);
#2009=VECTOR('',#6436,10.);
#2010=VECTOR('',#6437,10.);
#2011=VECTOR('',#6438,10.);
#2012=VECTOR('',#6439,10.);
#2013=VECTOR('',#6442,10.);
#2014=VECTOR('',#6443,10.);
#2015=VECTOR('',#6444,10.);
#2016=VECTOR('',#6447,10.);
#2017=VECTOR('',#6448,10.);
#2018=VECTOR('',#6453,10.);
#2019=VECTOR('',#6454,10.);
#2020=VECTOR('',#6455,10.);
#2021=VECTOR('',#6456,10.);
#2022=VECTOR('',#6459,10.);
#2023=VECTOR('',#6460,10.);
#2024=VECTOR('',#6461,10.);
#2025=VECTOR('',#6464,10.);
#2026=VECTOR('',#6465,10.);
#2027=VECTOR('',#6466,10.);
#2028=VECTOR('',#6469,10.);
#2029=VECTOR('',#6470,10.);
#2030=VECTOR('',#6471,10.);
#2031=VECTOR('',#6472,10.);
#2032=VECTOR('',#6473,10.);
#2033=VECTOR('',#6474,10.);
#2034=VECTOR('',#6475,10.);
#2035=VECTOR('',#6476,10.);
#2036=VECTOR('',#6477,10.);
#2037=VECTOR('',#6478,10.);
#2038=VECTOR('',#6479,10.);
#2039=VECTOR('',#6480,10.);
#2040=VECTOR('',#6481,10.);
#2041=VECTOR('',#6482,10.);
#2042=VECTOR('',#6485,10.);
#2043=VECTOR('',#6486,10.);
#2044=VECTOR('',#6487,10.);
#2045=VECTOR('',#6488,10.);
#2046=VECTOR('',#6489,10.);
#2047=VECTOR('',#6490,10.);
#2048=VECTOR('',#6491,10.);
#2049=VECTOR('',#6492,10.);
#2050=VECTOR('',#6493,10.);
#2051=VECTOR('',#6494,10.);
#2052=VECTOR('',#6495,10.);
#2053=VECTOR('',#6498,10.);
#2054=VECTOR('',#6499,10.);
#2055=VECTOR('',#6500,10.);
#2056=VECTOR('',#6503,10.);
#2057=VECTOR('',#6504,10.);
#2058=VECTOR('',#6509,10.);
#2059=VECTOR('',#6510,10.);
#2060=VECTOR('',#6511,10.);
#2061=VECTOR('',#6512,10.);
#2062=VECTOR('',#6515,10.);
#2063=VECTOR('',#6516,10.);
#2064=VECTOR('',#6517,10.);
#2065=VECTOR('',#6520,10.);
#2066=VECTOR('',#6521,10.);
#2067=VECTOR('',#6522,10.);
#2068=VECTOR('',#6525,10.);
#2069=VECTOR('',#6526,10.);
#2070=VECTOR('',#6527,10.);
#2071=VECTOR('',#6530,10.);
#2072=VECTOR('',#6531,10.);
#2073=VECTOR('',#6532,10.);
#2074=VECTOR('',#6535,10.);
#2075=VECTOR('',#6536,10.);
#2076=VECTOR('',#6537,10.);
#2077=VECTOR('',#6540,10.);
#2078=VECTOR('',#6541,10.);
#2079=VECTOR('',#6542,10.);
#2080=VECTOR('',#6545,10.);
#2081=VECTOR('',#6546,10.);
#2082=VECTOR('',#6547,10.);
#2083=VECTOR('',#6550,10.);
#2084=VECTOR('',#6551,10.);
#2085=VECTOR('',#6552,10.);
#2086=VECTOR('',#6555,10.);
#2087=VECTOR('',#6556,10.);
#2088=VECTOR('',#6557,10.);
#2089=VECTOR('',#6560,10.);
#2090=VECTOR('',#6561,10.);
#2091=VECTOR('',#6562,10.);
#2092=VECTOR('',#6565,10.);
#2093=VECTOR('',#6566,10.);
#2094=VECTOR('',#6567,10.);
#2095=VECTOR('',#6570,10.);
#2096=VECTOR('',#6571,10.);
#2097=VECTOR('',#6576,10.);
#2098=VECTOR('',#6577,10.);
#2099=VECTOR('',#6578,10.);
#2100=VECTOR('',#6579,10.);
#2101=VECTOR('',#6582,10.);
#2102=VECTOR('',#6583,10.);
#2103=VECTOR('',#6584,10.);
#2104=VECTOR('',#6587,10.);
#2105=VECTOR('',#6588,10.);
#2106=VECTOR('',#6589,10.);
#2107=VECTOR('',#6592,10.);
#2108=VECTOR('',#6593,10.);
#2109=VECTOR('',#6594,10.);
#2110=VECTOR('',#6597,10.);
#2111=VECTOR('',#6598,10.);
#2112=VECTOR('',#6599,10.);
#2113=VECTOR('',#6602,10.);
#2114=VECTOR('',#6603,10.);
#2115=VECTOR('',#6604,10.);
#2116=VECTOR('',#6607,10.);
#2117=VECTOR('',#6608,10.);
#2118=VECTOR('',#6613,10.);
#2119=VECTOR('',#6614,10.);
#2120=VECTOR('',#6615,10.);
#2121=VECTOR('',#6616,10.);
#2122=VECTOR('',#6619,10.);
#2123=VECTOR('',#6620,10.);
#2124=VECTOR('',#6621,10.);
#2125=VECTOR('',#6624,10.);
#2126=VECTOR('',#6625,10.);
#2127=VECTOR('',#6626,10.);
#2128=VECTOR('',#6629,10.);
#2129=VECTOR('',#6630,10.);
#2130=VECTOR('',#6631,10.);
#2131=VECTOR('',#6634,10.);
#2132=VECTOR('',#6635,10.);
#2133=VECTOR('',#6636,10.);
#2134=VECTOR('',#6639,10.);
#2135=VECTOR('',#6640,10.);
#2136=VECTOR('',#6641,10.);
#2137=VECTOR('',#6644,10.);
#2138=VECTOR('',#6645,10.);
#2139=VECTOR('',#6646,10.);
#2140=VECTOR('',#6649,10.);
#2141=VECTOR('',#6650,10.);
#2142=VECTOR('',#6651,10.);
#2143=VECTOR('',#6654,10.);
#2144=VECTOR('',#6655,10.);
#2145=VECTOR('',#6656,10.);
#2146=VECTOR('',#6659,10.);
#2147=VECTOR('',#6660,10.);
#2148=VECTOR('',#6661,10.);
#2149=VECTOR('',#6664,10.);
#2150=VECTOR('',#6665,10.);
#2151=VECTOR('',#6666,10.);
#2152=VECTOR('',#6669,10.);
#2153=VECTOR('',#6670,10.);
#2154=VECTOR('',#6675,10.);
#2155=VECTOR('',#6676,10.);
#2156=VECTOR('',#6677,10.);
#2157=VECTOR('',#6678,10.);
#2158=VECTOR('',#6683,10.);
#2159=VECTOR('',#6686,10.);
#2160=VECTOR('',#6699,10.);
#2161=VECTOR('',#6700,10.);
#2162=VECTOR('',#6701,10.);
#2163=VECTOR('',#6704,10.);
#2164=VECTOR('',#6705,10.);
#2165=VECTOR('',#6708,10.);
#2166=VECTOR('',#6709,10.);
#2167=VECTOR('',#6712,10.);
#2168=VECTOR('',#6715,1.1);
#2169=VECTOR('',#6720,1.1);
#2170=VECTOR('',#6727,10.);
#2171=VECTOR('',#6730,10.);
#2172=VECTOR('',#6735,10.);
#2173=VECTOR('',#6736,10.);
#2174=VECTOR('',#6739,10.);
#2175=VECTOR('',#6742,10.);
#2176=VECTOR('',#6749,0.25);
#2177=VECTOR('',#6758,10.);
#2178=VECTOR('',#6761,10.);
#2179=VECTOR('',#6766,10.);
#2180=VECTOR('',#6769,10.);
#2181=VECTOR('',#6778,10.);
#2182=VECTOR('',#6781,10.);
#2183=VECTOR('',#6790,10.);
#2184=VECTOR('',#6793,10.);
#2185=VECTOR('',#6804,10.);
#2186=VECTOR('',#6807,10.);
#2187=VECTOR('',#6810,10.);
#2188=VECTOR('',#6811,10.);
#2189=VECTOR('',#6814,10.);
#2190=VECTOR('',#6819,10.);
#2191=VECTOR('',#6820,10.);
#2192=VECTOR('',#6827,10.);
#2193=VECTOR('',#6830,10.);
#2194=VECTOR('',#6833,10.);
#2195=VECTOR('',#6836,10.);
#2196=VECTOR('',#6839,10.);
#2197=VECTOR('',#6846,10.);
#2198=VECTOR('',#6849,10.);
#2199=VECTOR('',#6852,10.);
#2200=VECTOR('',#6853,10.);
#2201=VECTOR('',#6854,10.);
#2202=VECTOR('',#6857,10.);
#2203=VECTOR('',#6860,10.);
#2204=VECTOR('',#6863,10.);
#2205=VECTOR('',#6872,10.);
#2206=VECTOR('',#6873,10.);
#2207=VECTOR('',#6876,10.);
#2208=VECTOR('',#6877,10.);
#2209=VECTOR('',#6882,10.);
#2210=VECTOR('',#6885,10.);
#2211=VECTOR('',#6888,10.);
#2212=VECTOR('',#6891,10.);
#2213=VECTOR('',#6898,2.45);
#2214=VECTOR('',#6905,10.);
#2215=VECTOR('',#6906,10.);
#2216=VECTOR('',#6907,10.);
#2217=VECTOR('',#6908,10.);
#2218=VECTOR('',#6911,10.);
#2219=VECTOR('',#6912,10.);
#2220=VECTOR('',#6913,10.);
#2221=VECTOR('',#6916,10.);
#2222=VECTOR('',#6917,10.);
#2223=VECTOR('',#6918,10.);
#2224=VECTOR('',#6921,10.);
#2225=VECTOR('',#6924,10.);
#2226=VECTOR('',#6929,10.);
#2227=VECTOR('',#6932,10.);
#2228=VECTOR('',#6937,10.);
#2229=VECTOR('',#6940,10.);
#2230=VECTOR('',#6945,10.);
#2231=VECTOR('',#6948,10.);
#2232=VECTOR('',#6959,10.);
#2233=VECTOR('',#6962,10.);
#2234=VECTOR('',#6963,10.);
#2235=VECTOR('',#6964,10.);
#2236=VECTOR('',#6967,10.);
#2237=VECTOR('',#6972,10.);
#2238=VECTOR('',#6975,10.);
#2239=VECTOR('',#6978,10.);
#2240=VECTOR('',#6981,10.);
#2241=VECTOR('',#6982,10.);
#2242=VECTOR('',#6985,10.);
#2243=VECTOR('',#7000,4.25);
#2244=VECTOR('',#7013,5.);
#2245=VECTOR('',#7022,4.075);
#2246=VECTOR('',#7025,3.375);
#2247=VECTOR('',#7036,3.75);
#2248=VECTOR('',#7039,10.);
#2249=VECTOR('',#7040,10.);
#2250=VECTOR('',#7041,10.);
#2251=VECTOR('',#7042,10.);
#2252=VECTOR('',#7045,10.);
#2253=VECTOR('',#7046,10.);
#2254=VECTOR('',#7047,10.);
#2255=VECTOR('',#7050,10.);
#2256=VECTOR('',#7051,10.);
#2257=VECTOR('',#7054,10.);
#2258=VECTOR('',#7055,10.);
#2259=VECTOR('',#7058,10.);
#2260=VERTEX_POINT('',#7063);
#2261=VERTEX_POINT('',#7064);
#2262=VERTEX_POINT('',#7066);
#2263=VERTEX_POINT('',#7068);
#2264=VERTEX_POINT('',#7072);
#2265=VERTEX_POINT('',#7074);
#2266=VERTEX_POINT('',#7087);
#2267=VERTEX_POINT('',#7093);
#2268=VERTEX_POINT('',#7110);
#2269=VERTEX_POINT('',#7116);
#2270=VERTEX_POINT('',#7133);
#2271=VERTEX_POINT('',#7139);
#2272=VERTEX_POINT('',#7156);
#2273=VERTEX_POINT('',#7162);
#2274=VERTEX_POINT('',#7179);
#2275=VERTEX_POINT('',#7185);
#2276=VERTEX_POINT('',#7202);
#2277=VERTEX_POINT('',#7208);
#2278=VERTEX_POINT('',#7219);
#2279=VERTEX_POINT('',#7220);
#2280=VERTEX_POINT('',#7222);
#2281=VERTEX_POINT('',#7224);
#2282=VERTEX_POINT('',#7228);
#2283=VERTEX_POINT('',#7230);
#2284=VERTEX_POINT('',#7243);
#2285=VERTEX_POINT('',#7249);
#2286=VERTEX_POINT('',#7266);
#2287=VERTEX_POINT('',#7272);
#2288=VERTEX_POINT('',#7289);
#2289=VERTEX_POINT('',#7295);
#2290=VERTEX_POINT('',#7312);
#2291=VERTEX_POINT('',#7318);
#2292=VERTEX_POINT('',#7335);
#2293=VERTEX_POINT('',#7341);
#2294=VERTEX_POINT('',#7358);
#2295=VERTEX_POINT('',#7364);
#2296=VERTEX_POINT('',#7375);
#2297=VERTEX_POINT('',#7376);
#2298=VERTEX_POINT('',#7378);
#2299=VERTEX_POINT('',#7380);
#2300=VERTEX_POINT('',#7393);
#2301=VERTEX_POINT('',#7399);
#2302=VERTEX_POINT('',#7416);
#2303=VERTEX_POINT('',#7422);
#2304=VERTEX_POINT('',#7439);
#2305=VERTEX_POINT('',#7445);
#2306=VERTEX_POINT('',#7462);
#2307=VERTEX_POINT('',#7468);
#2308=VERTEX_POINT('',#7485);
#2309=VERTEX_POINT('',#7491);
#2310=VERTEX_POINT('',#7508);
#2311=VERTEX_POINT('',#7514);
#2312=VERTEX_POINT('',#7531);
#2313=VERTEX_POINT('',#7537);
#2314=VERTEX_POINT('',#7554);
#2315=VERTEX_POINT('',#7560);
#2316=VERTEX_POINT('',#7577);
#2317=VERTEX_POINT('',#7583);
#2318=VERTEX_POINT('',#7600);
#2319=VERTEX_POINT('',#7606);
#2320=VERTEX_POINT('',#7623);
#2321=VERTEX_POINT('',#7629);
#2322=VERTEX_POINT('',#7646);
#2323=VERTEX_POINT('',#7652);
#2324=VERTEX_POINT('',#7660);
#2325=VERTEX_POINT('',#7662);
#2326=VERTEX_POINT('',#7670);
#2327=VERTEX_POINT('',#7671);
#2328=VERTEX_POINT('',#7673);
#2329=VERTEX_POINT('',#7675);
#2330=VERTEX_POINT('',#7679);
#2331=VERTEX_POINT('',#7681);
#2332=VERTEX_POINT('',#7685);
#2333=VERTEX_POINT('',#7687);
#2334=VERTEX_POINT('',#7691);
#2335=VERTEX_POINT('',#7693);
#2336=VERTEX_POINT('',#7706);
#2337=VERTEX_POINT('',#7712);
#2338=VERTEX_POINT('',#7729);
#2339=VERTEX_POINT('',#7735);
#2340=VERTEX_POINT('',#7752);
#2341=VERTEX_POINT('',#7758);
#2342=VERTEX_POINT('',#7775);
#2343=VERTEX_POINT('',#7781);
#2344=VERTEX_POINT('',#7798);
#2345=VERTEX_POINT('',#7804);
#2346=VERTEX_POINT('',#7821);
#2347=VERTEX_POINT('',#7827);
#2348=VERTEX_POINT('',#7844);
#2349=VERTEX_POINT('',#7850);
#2350=VERTEX_POINT('',#7867);
#2351=VERTEX_POINT('',#7873);
#2352=VERTEX_POINT('',#7890);
#2353=VERTEX_POINT('',#7896);
#2354=VERTEX_POINT('',#7913);
#2355=VERTEX_POINT('',#7919);
#2356=VERTEX_POINT('',#7936);
#2357=VERTEX_POINT('',#7942);
#2358=VERTEX_POINT('',#7950);
#2359=VERTEX_POINT('',#7952);
#2360=VERTEX_POINT('',#7965);
#2361=VERTEX_POINT('',#7971);
#2362=VERTEX_POINT('',#7988);
#2363=VERTEX_POINT('',#7994);
#2364=VERTEX_POINT('',#8011);
#2365=VERTEX_POINT('',#8017);
#2366=VERTEX_POINT('',#8034);
#2367=VERTEX_POINT('',#8040);
#2368=VERTEX_POINT('',#8057);
#2369=VERTEX_POINT('',#8063);
#2370=VERTEX_POINT('',#8080);
#2371=VERTEX_POINT('',#8086);
#2372=VERTEX_POINT('',#8103);
#2373=VERTEX_POINT('',#8109);
#2374=VERTEX_POINT('',#8126);
#2375=VERTEX_POINT('',#8132);
#2376=VERTEX_POINT('',#8140);
#2377=VERTEX_POINT('',#8142);
#2378=VERTEX_POINT('',#8150);
#2379=VERTEX_POINT('',#8151);
#2380=VERTEX_POINT('',#8153);
#2381=VERTEX_POINT('',#8155);
#2382=VERTEX_POINT('',#8159);
#2383=VERTEX_POINT('',#8161);
#2384=VERTEX_POINT('',#8165);
#2385=VERTEX_POINT('',#8167);
#2386=VERTEX_POINT('',#8180);
#2387=VERTEX_POINT('',#8186);
#2388=VERTEX_POINT('',#8203);
#2389=VERTEX_POINT('',#8209);
#2390=VERTEX_POINT('',#8217);
#2391=VERTEX_POINT('',#8219);
#2392=VERTEX_POINT('',#8232);
#2393=VERTEX_POINT('',#8238);
#2394=VERTEX_POINT('',#8255);
#2395=VERTEX_POINT('',#8261);
#2396=VERTEX_POINT('',#8282);
#2397=VERTEX_POINT('',#8283);
#2398=VERTEX_POINT('',#8289);
#2399=VERTEX_POINT('',#8291);
#2400=VERTEX_POINT('',#8308);
#2401=VERTEX_POINT('',#8314);
#2402=VERTEX_POINT('',#8331);
#2403=VERTEX_POINT('',#8337);
#2404=VERTEX_POINT('',#8354);
#2405=VERTEX_POINT('',#8360);
#2406=VERTEX_POINT('',#8377);
#2407=VERTEX_POINT('',#8383);
#2408=VERTEX_POINT('',#8400);
#2409=VERTEX_POINT('',#8406);
#2410=VERTEX_POINT('',#8423);
#2411=VERTEX_POINT('',#8429);
#2412=VERTEX_POINT('',#8466);
#2413=VERTEX_POINT('',#8467);
#2414=VERTEX_POINT('',#8473);
#2415=VERTEX_POINT('',#8475);
#2416=VERTEX_POINT('',#8492);
#2417=VERTEX_POINT('',#8498);
#2418=VERTEX_POINT('',#8515);
#2419=VERTEX_POINT('',#8521);
#2420=VERTEX_POINT('',#8538);
#2421=VERTEX_POINT('',#8544);
#2422=VERTEX_POINT('',#8561);
#2423=VERTEX_POINT('',#8567);
#2424=VERTEX_POINT('',#8584);
#2425=VERTEX_POINT('',#8590);
#2426=VERTEX_POINT('',#8607);
#2427=VERTEX_POINT('',#8613);
#2428=VERTEX_POINT('',#8650);
#2429=VERTEX_POINT('',#8651);
#2430=VERTEX_POINT('',#8657);
#2431=VERTEX_POINT('',#8659);
#2432=VERTEX_POINT('',#8676);
#2433=VERTEX_POINT('',#8682);
#2434=VERTEX_POINT('',#8699);
#2435=VERTEX_POINT('',#8705);
#2436=VERTEX_POINT('',#8722);
#2437=VERTEX_POINT('',#8728);
#2438=VERTEX_POINT('',#8745);
#2439=VERTEX_POINT('',#8751);
#2440=VERTEX_POINT('',#8768);
#2441=VERTEX_POINT('',#8774);
#2442=VERTEX_POINT('',#8791);
#2443=VERTEX_POINT('',#8797);
#2444=VERTEX_POINT('',#8814);
#2445=VERTEX_POINT('',#8820);
#2446=VERTEX_POINT('',#8837);
#2447=VERTEX_POINT('',#8843);
#2448=VERTEX_POINT('',#8860);
#2449=VERTEX_POINT('',#8866);
#2450=VERTEX_POINT('',#8883);
#2451=VERTEX_POINT('',#8889);
#2452=VERTEX_POINT('',#8906);
#2453=VERTEX_POINT('',#8912);
#2454=VERTEX_POINT('',#8929);
#2455=VERTEX_POINT('',#8935);
#2456=VERTEX_POINT('',#8952);
#2457=VERTEX_POINT('',#8958);
#2458=VERTEX_POINT('',#8975);
#2459=VERTEX_POINT('',#8981);
#2460=VERTEX_POINT('',#8998);
#2461=VERTEX_POINT('',#9004);
#2462=VERTEX_POINT('',#9021);
#2463=VERTEX_POINT('',#9027);
#2464=VERTEX_POINT('',#9044);
#2465=VERTEX_POINT('',#9050);
#2466=VERTEX_POINT('',#9079);
#2467=VERTEX_POINT('',#9080);
#2468=VERTEX_POINT('',#9082);
#2469=VERTEX_POINT('',#9084);
#2470=VERTEX_POINT('',#9088);
#2471=VERTEX_POINT('',#9090);
#2472=VERTEX_POINT('',#9094);
#2473=VERTEX_POINT('',#9096);
#2474=VERTEX_POINT('',#9100);
#2475=VERTEX_POINT('',#9102);
#2476=VERTEX_POINT('',#9106);
#2477=VERTEX_POINT('',#9108);
#2478=VERTEX_POINT('',#9112);
#2479=VERTEX_POINT('',#9114);
#2480=VERTEX_POINT('',#9118);
#2481=VERTEX_POINT('',#9120);
#2482=VERTEX_POINT('',#9124);
#2483=VERTEX_POINT('',#9126);
#2484=VERTEX_POINT('',#9130);
#2485=VERTEX_POINT('',#9132);
#2486=VERTEX_POINT('',#9136);
#2487=VERTEX_POINT('',#9138);
#2488=VERTEX_POINT('',#9142);
#2489=VERTEX_POINT('',#9144);
#2490=VERTEX_POINT('',#9148);
#2491=VERTEX_POINT('',#9150);
#2492=VERTEX_POINT('',#9158);
#2493=VERTEX_POINT('',#9159);
#2494=VERTEX_POINT('',#9161);
#2495=VERTEX_POINT('',#9163);
#2496=VERTEX_POINT('',#9167);
#2497=VERTEX_POINT('',#9169);
#2498=VERTEX_POINT('',#9176);
#2499=VERTEX_POINT('',#9177);
#2500=VERTEX_POINT('',#9179);
#2501=VERTEX_POINT('',#9181);
#2502=VERTEX_POINT('',#9185);
#2503=VERTEX_POINT('',#9187);
#2504=VERTEX_POINT('',#9191);
#2505=VERTEX_POINT('',#9193);
#2506=VERTEX_POINT('',#9197);
#2507=VERTEX_POINT('',#9199);
#2508=VERTEX_POINT('',#9203);
#2509=VERTEX_POINT('',#9205);
#2510=VERTEX_POINT('',#9209);
#2511=VERTEX_POINT('',#9211);
#2512=VERTEX_POINT('',#9215);
#2513=VERTEX_POINT('',#9217);
#2514=VERTEX_POINT('',#9225);
#2515=VERTEX_POINT('',#9226);
#2516=VERTEX_POINT('',#9228);
#2517=VERTEX_POINT('',#9230);
#2518=VERTEX_POINT('',#9243);
#2519=VERTEX_POINT('',#9249);
#2520=VERTEX_POINT('',#9266);
#2521=VERTEX_POINT('',#9272);
#2522=VERTEX_POINT('',#9289);
#2523=VERTEX_POINT('',#9295);
#2524=VERTEX_POINT('',#9312);
#2525=VERTEX_POINT('',#9318);
#2526=VERTEX_POINT('',#9335);
#2527=VERTEX_POINT('',#9341);
#2528=VERTEX_POINT('',#9358);
#2529=VERTEX_POINT('',#9364);
#2530=VERTEX_POINT('',#9381);
#2531=VERTEX_POINT('',#9387);
#2532=VERTEX_POINT('',#9404);
#2533=VERTEX_POINT('',#9410);
#2534=VERTEX_POINT('',#9418);
#2535=VERTEX_POINT('',#9420);
#2536=VERTEX_POINT('',#9433);
#2537=VERTEX_POINT('',#9439);
#2538=VERTEX_POINT('',#9456);
#2539=VERTEX_POINT('',#9462);
#2540=VERTEX_POINT('',#9479);
#2541=VERTEX_POINT('',#9485);
#2542=VERTEX_POINT('',#9502);
#2543=VERTEX_POINT('',#9508);
#2544=VERTEX_POINT('',#9525);
#2545=VERTEX_POINT('',#9531);
#2546=VERTEX_POINT('',#9548);
#2547=VERTEX_POINT('',#9554);
#2548=VERTEX_POINT('',#9571);
#2549=VERTEX_POINT('',#9577);
#2550=VERTEX_POINT('',#9606);
#2551=VERTEX_POINT('',#9607);
#2552=VERTEX_POINT('',#9609);
#2553=VERTEX_POINT('',#9611);
#2554=VERTEX_POINT('',#9624);
#2555=VERTEX_POINT('',#9630);
#2556=VERTEX_POINT('',#9647);
#2557=VERTEX_POINT('',#9653);
#2558=VERTEX_POINT('',#9670);
#2559=VERTEX_POINT('',#9676);
#2560=VERTEX_POINT('',#9693);
#2561=VERTEX_POINT('',#9699);
#2562=VERTEX_POINT('',#9716);
#2563=VERTEX_POINT('',#9722);
#2564=VERTEX_POINT('',#9739);
#2565=VERTEX_POINT('',#9745);
#2566=VERTEX_POINT('',#9762);
#2567=VERTEX_POINT('',#9768);
#2568=VERTEX_POINT('',#9785);
#2569=VERTEX_POINT('',#9791);
#2570=VERTEX_POINT('',#9799);
#2571=VERTEX_POINT('',#9801);
#2572=VERTEX_POINT('',#9814);
#2573=VERTEX_POINT('',#9820);
#2574=VERTEX_POINT('',#9837);
#2575=VERTEX_POINT('',#9843);
#2576=VERTEX_POINT('',#9860);
#2577=VERTEX_POINT('',#9866);
#2578=VERTEX_POINT('',#9883);
#2579=VERTEX_POINT('',#9889);
#2580=VERTEX_POINT('',#9906);
#2581=VERTEX_POINT('',#9912);
#2582=VERTEX_POINT('',#9929);
#2583=VERTEX_POINT('',#9935);
#2584=VERTEX_POINT('',#9952);
#2585=VERTEX_POINT('',#9958);
#2586=VERTEX_POINT('',#9975);
#2587=VERTEX_POINT('',#9981);
#2588=VERTEX_POINT('',#9998);
#2589=VERTEX_POINT('',#10004);
#2590=VERTEX_POINT('',#10021);
#2591=VERTEX_POINT('',#10027);
#2592=VERTEX_POINT('',#10035);
#2593=VERTEX_POINT('',#10037);
#2594=VERTEX_POINT('',#10045);
#2595=VERTEX_POINT('',#10046);
#2596=VERTEX_POINT('',#10048);
#2597=VERTEX_POINT('',#10050);
#2598=VERTEX_POINT('',#10054);
#2599=VERTEX_POINT('',#10056);
#2600=VERTEX_POINT('',#10060);
#2601=VERTEX_POINT('',#10062);
#2602=VERTEX_POINT('',#10066);
#2603=VERTEX_POINT('',#10068);
#2604=VERTEX_POINT('',#10081);
#2605=VERTEX_POINT('',#10087);
#2606=VERTEX_POINT('',#10104);
#2607=VERTEX_POINT('',#10110);
#2608=VERTEX_POINT('',#10127);
#2609=VERTEX_POINT('',#10133);
#2610=VERTEX_POINT('',#10150);
#2611=VERTEX_POINT('',#10156);
#2612=VERTEX_POINT('',#10173);
#2613=VERTEX_POINT('',#10179);
#2614=VERTEX_POINT('',#10196);
#2615=VERTEX_POINT('',#10202);
#2616=VERTEX_POINT('',#10219);
#2617=VERTEX_POINT('',#10225);
#2618=VERTEX_POINT('',#10242);
#2619=VERTEX_POINT('',#10248);
#2620=VERTEX_POINT('',#10265);
#2621=VERTEX_POINT('',#10271);
#2622=VERTEX_POINT('',#10288);
#2623=VERTEX_POINT('',#10294);
#2624=VERTEX_POINT('',#10311);
#2625=VERTEX_POINT('',#10317);
#2626=VERTEX_POINT('',#10325);
#2627=VERTEX_POINT('',#10327);
#2628=VERTEX_POINT('',#10340);
#2629=VERTEX_POINT('',#10346);
#2630=VERTEX_POINT('',#10363);
#2631=VERTEX_POINT('',#10369);
#2632=VERTEX_POINT('',#10386);
#2633=VERTEX_POINT('',#10392);
#2634=VERTEX_POINT('',#10409);
#2635=VERTEX_POINT('',#10415);
#2636=VERTEX_POINT('',#10432);
#2637=VERTEX_POINT('',#10438);
#2638=VERTEX_POINT('',#10455);
#2639=VERTEX_POINT('',#10461);
#2640=VERTEX_POINT('',#10478);
#2641=VERTEX_POINT('',#10484);
#2642=VERTEX_POINT('',#10501);
#2643=VERTEX_POINT('',#10507);
#2644=VERTEX_POINT('',#10515);
#2645=VERTEX_POINT('',#10517);
#2646=VERTEX_POINT('',#10525);
#2647=VERTEX_POINT('',#10526);
#2648=VERTEX_POINT('',#10528);
#2649=VERTEX_POINT('',#10530);
#2650=VERTEX_POINT('',#10534);
#2651=VERTEX_POINT('',#10536);
#2652=VERTEX_POINT('',#10540);
#2653=VERTEX_POINT('',#10542);
#2654=VERTEX_POINT('',#10546);
#2655=VERTEX_POINT('',#10548);
#2656=VERTEX_POINT('',#10552);
#2657=VERTEX_POINT('',#10554);
#2658=VERTEX_POINT('',#10558);
#2659=VERTEX_POINT('',#10560);
#2660=VERTEX_POINT('',#10564);
#2661=VERTEX_POINT('',#10566);
#2662=VERTEX_POINT('',#10570);
#2663=VERTEX_POINT('',#10572);
#2664=VERTEX_POINT('',#10576);
#2665=VERTEX_POINT('',#10578);
#2666=VERTEX_POINT('',#10582);
#2667=VERTEX_POINT('',#10584);
#2668=VERTEX_POINT('',#10588);
#2669=VERTEX_POINT('',#10590);
#2670=VERTEX_POINT('',#10594);
#2671=VERTEX_POINT('',#10596);
#2672=VERTEX_POINT('',#10604);
#2673=VERTEX_POINT('',#10605);
#2674=VERTEX_POINT('',#10607);
#2675=VERTEX_POINT('',#10609);
#2676=VERTEX_POINT('',#10613);
#2677=VERTEX_POINT('',#10615);
#2678=VERTEX_POINT('',#10619);
#2679=VERTEX_POINT('',#10621);
#2680=VERTEX_POINT('',#10625);
#2681=VERTEX_POINT('',#10627);
#2682=VERTEX_POINT('',#10631);
#2683=VERTEX_POINT('',#10633);
#2684=VERTEX_POINT('',#10637);
#2685=VERTEX_POINT('',#10639);
#2686=VERTEX_POINT('',#10647);
#2687=VERTEX_POINT('',#10648);
#2688=VERTEX_POINT('',#10650);
#2689=VERTEX_POINT('',#10652);
#2690=VERTEX_POINT('',#10656);
#2691=VERTEX_POINT('',#10658);
#2692=VERTEX_POINT('',#10662);
#2693=VERTEX_POINT('',#10664);
#2694=VERTEX_POINT('',#10668);
#2695=VERTEX_POINT('',#10670);
#2696=VERTEX_POINT('',#10674);
#2697=VERTEX_POINT('',#10676);
#2698=VERTEX_POINT('',#10680);
#2699=VERTEX_POINT('',#10682);
#2700=VERTEX_POINT('',#10686);
#2701=VERTEX_POINT('',#10688);
#2702=VERTEX_POINT('',#10692);
#2703=VERTEX_POINT('',#10694);
#2704=VERTEX_POINT('',#10698);
#2705=VERTEX_POINT('',#10700);
#2706=VERTEX_POINT('',#10704);
#2707=VERTEX_POINT('',#10706);
#2708=VERTEX_POINT('',#10710);
#2709=VERTEX_POINT('',#10712);
#2710=VERTEX_POINT('',#10720);
#2711=VERTEX_POINT('',#10721);
#2712=VERTEX_POINT('',#10723);
#2713=VERTEX_POINT('',#10725);
#2714=VERTEX_POINT('',#10728);
#2715=VERTEX_POINT('',#10730);
#2716=VERTEX_POINT('',#10732);
#2717=VERTEX_POINT('',#10733);
#2718=VERTEX_POINT('',#10735);
#2719=VERTEX_POINT('',#10737);
#2720=VERTEX_POINT('',#10745);
#2721=VERTEX_POINT('',#10747);
#2722=VERTEX_POINT('',#10751);
#2723=VERTEX_POINT('',#10755);
#2724=VERTEX_POINT('',#10761);
#2725=VERTEX_POINT('',#10765);
#2726=VERTEX_POINT('',#10770);
#2727=VERTEX_POINT('',#10771);
#2728=VERTEX_POINT('',#10773);
#2729=VERTEX_POINT('',#10775);
#2730=VERTEX_POINT('',#10787);
#2731=VERTEX_POINT('',#10789);
#2732=VERTEX_POINT('',#10794);
#2733=VERTEX_POINT('',#10795);
#2734=VERTEX_POINT('',#10797);
#2735=VERTEX_POINT('',#10799);
#2736=VERTEX_POINT('',#10803);
#2737=VERTEX_POINT('',#10804);
#2738=VERTEX_POINT('',#10806);
#2739=VERTEX_POINT('',#10813);
#2740=VERTEX_POINT('',#10814);
#2741=VERTEX_POINT('',#10816);
#2742=VERTEX_POINT('',#10823);
#2743=VERTEX_POINT('',#10825);
#2744=VERTEX_POINT('',#10834);
#2745=VERTEX_POINT('',#10836);
#2746=VERTEX_POINT('',#10840);
#2747=VERTEX_POINT('',#10844);
#2748=VERTEX_POINT('',#10848);
#2749=VERTEX_POINT('',#10853);
#2750=VERTEX_POINT('',#10855);
#2751=VERTEX_POINT('',#10857);
#2752=VERTEX_POINT('',#10868);
#2753=VERTEX_POINT('',#10869);
#2754=VERTEX_POINT('',#10871);
#2755=VERTEX_POINT('',#10873);
#2756=VERTEX_POINT('',#10877);
#2757=VERTEX_POINT('',#10879);
#2758=VERTEX_POINT('',#10883);
#2759=VERTEX_POINT('',#10885);
#2760=VERTEX_POINT('',#10887);
#2761=VERTEX_POINT('',#10889);
#2762=VERTEX_POINT('',#10891);
#2763=VERTEX_POINT('',#10894);
#2764=VERTEX_POINT('',#10897);
#2765=VERTEX_POINT('',#10898);
#2766=VERTEX_POINT('',#10903);
#2767=VERTEX_POINT('',#10907);
#2768=VERTEX_POINT('',#10909);
#2769=VERTEX_POINT('',#10919);
#2770=VERTEX_POINT('',#10925);
#2771=VERTEX_POINT('',#10926);
#2772=VERTEX_POINT('',#10928);
#2773=VERTEX_POINT('',#10930);
#2774=VERTEX_POINT('',#10934);
#2775=VERTEX_POINT('',#10936);
#2776=VERTEX_POINT('',#10940);
#2777=VERTEX_POINT('',#10942);
#2778=VERTEX_POINT('',#10950);
#2779=VERTEX_POINT('',#10951);
#2780=VERTEX_POINT('',#10953);
#2781=VERTEX_POINT('',#10955);
#2782=VERTEX_POINT('',#10959);
#2783=VERTEX_POINT('',#10961);
#2784=VERTEX_POINT('',#10963);
#2785=VERTEX_POINT('',#10967);
#2786=VERTEX_POINT('',#10968);
#2787=VERTEX_POINT('',#10971);
#2788=VERTEX_POINT('',#10981);
#2789=VERTEX_POINT('',#10983);
#2790=VERTEX_POINT('',#10987);
#2791=VERTEX_POINT('',#10991);
#2792=VERTEX_POINT('',#10993);
#2793=VERTEX_POINT('',#10999);
#2794=VERTEX_POINT('',#11006);
#2795=VERTEX_POINT('',#11007);
#2796=VERTEX_POINT('',#11010);
#2797=VERTEX_POINT('',#11013);
#2798=VERTEX_POINT('',#11017);
#2799=VERTEX_POINT('',#11020);
#2800=VERTEX_POINT('',#11022);
#2801=VERTEX_POINT('',#11027);
#2802=VERTEX_POINT('',#11029);
#2803=VERTEX_POINT('',#11034);
#2804=VERTEX_POINT('',#11038);
#2805=VERTEX_POINT('',#11041);
#2806=VERTEX_POINT('',#11045);
#2807=VERTEX_POINT('',#11046);
#2808=VERTEX_POINT('',#11048);
#2809=VERTEX_POINT('',#11050);
#2810=VERTEX_POINT('',#11054);
#2811=VERTEX_POINT('',#11056);
#2812=VERTEX_POINT('',#11060);
#2813=VERTEX_POINT('',#11064);
#2814=EDGE_CURVE('',#2260,#2261,#1238,.T.);
#2815=EDGE_CURVE('',#2260,#2262,#1239,.T.);
#2816=EDGE_CURVE('',#2263,#2262,#1240,.T.);
#2817=EDGE_CURVE('',#2261,#2263,#1241,.T.);
#2818=EDGE_CURVE('',#2261,#2264,#1242,.T.);
#2819=EDGE_CURVE('',#2265,#2263,#1243,.T.);
#2820=EDGE_CURVE('',#2264,#2265,#1244,.T.);
#2821=EDGE_CURVE('',#2264,#2266,#162,.T.);
#2822=EDGE_CURVE('',#2267,#2265,#163,.T.);
#2823=EDGE_CURVE('',#2266,#2267,#1245,.T.);
#2824=EDGE_CURVE('',#2266,#2268,#164,.T.);
#2825=EDGE_CURVE('',#2269,#2267,#165,.T.);
#2826=EDGE_CURVE('',#2268,#2269,#1246,.T.);
#2827=EDGE_CURVE('',#2268,#2270,#166,.T.);
#2828=EDGE_CURVE('',#2271,#2269,#167,.T.);
#2829=EDGE_CURVE('',#2270,#2271,#1247,.T.);
#2830=EDGE_CURVE('',#2270,#2272,#168,.T.);
#2831=EDGE_CURVE('',#2273,#2271,#169,.T.);
#2832=EDGE_CURVE('',#2272,#2273,#1248,.T.);
#2833=EDGE_CURVE('',#2272,#2274,#170,.T.);
#2834=EDGE_CURVE('',#2275,#2273,#171,.T.);
#2835=EDGE_CURVE('',#2274,#2275,#1249,.T.);
#2836=EDGE_CURVE('',#2274,#2276,#172,.T.);
#2837=EDGE_CURVE('',#2277,#2275,#173,.T.);
#2838=EDGE_CURVE('',#2276,#2277,#1250,.T.);
#2839=EDGE_CURVE('',#2276,#2260,#1251,.T.);
#2840=EDGE_CURVE('',#2262,#2277,#1252,.T.);
#2841=EDGE_CURVE('',#2278,#2279,#1253,.T.);
#2842=EDGE_CURVE('',#2278,#2280,#1254,.T.);
#2843=EDGE_CURVE('',#2281,#2280,#1255,.T.);
#2844=EDGE_CURVE('',#2279,#2281,#1256,.T.);
#2845=EDGE_CURVE('',#2279,#2282,#1257,.T.);
#2846=EDGE_CURVE('',#2283,#2281,#1258,.T.);
#2847=EDGE_CURVE('',#2282,#2283,#1259,.T.);
#2848=EDGE_CURVE('',#2282,#2284,#174,.T.);
#2849=EDGE_CURVE('',#2285,#2283,#175,.T.);
#2850=EDGE_CURVE('',#2284,#2285,#1260,.T.);
#2851=EDGE_CURVE('',#2284,#2286,#176,.T.);
#2852=EDGE_CURVE('',#2287,#2285,#177,.T.);
#2853=EDGE_CURVE('',#2286,#2287,#1261,.T.);
#2854=EDGE_CURVE('',#2286,#2288,#178,.T.);
#2855=EDGE_CURVE('',#2289,#2287,#179,.T.);
#2856=EDGE_CURVE('',#2288,#2289,#1262,.T.);
#2857=EDGE_CURVE('',#2288,#2290,#180,.T.);
#2858=EDGE_CURVE('',#2291,#2289,#181,.T.);
#2859=EDGE_CURVE('',#2290,#2291,#1263,.T.);
#2860=EDGE_CURVE('',#2290,#2292,#182,.T.);
#2861=EDGE_CURVE('',#2293,#2291,#183,.T.);
#2862=EDGE_CURVE('',#2292,#2293,#1264,.T.);
#2863=EDGE_CURVE('',#2292,#2294,#184,.T.);
#2864=EDGE_CURVE('',#2295,#2293,#185,.T.);
#2865=EDGE_CURVE('',#2294,#2295,#1265,.T.);
#2866=EDGE_CURVE('',#2294,#2278,#1266,.T.);
#2867=EDGE_CURVE('',#2280,#2295,#1267,.T.);
#2868=EDGE_CURVE('',#2296,#2297,#1268,.T.);
#2869=EDGE_CURVE('',#2296,#2298,#1269,.T.);
#2870=EDGE_CURVE('',#2299,#2298,#1270,.T.);
#2871=EDGE_CURVE('',#2297,#2299,#1271,.T.);
#2872=EDGE_CURVE('',#2297,#2300,#186,.T.);
#2873=EDGE_CURVE('',#2301,#2299,#187,.T.);
#2874=EDGE_CURVE('',#2300,#2301,#1272,.T.);
#2875=EDGE_CURVE('',#2300,#2302,#188,.T.);
#2876=EDGE_CURVE('',#2303,#2301,#189,.T.);
#2877=EDGE_CURVE('',#2302,#2303,#1273,.T.);
#2878=EDGE_CURVE('',#2302,#2304,#190,.T.);
#2879=EDGE_CURVE('',#2305,#2303,#191,.T.);
#2880=EDGE_CURVE('',#2304,#2305,#1274,.T.);
#2881=EDGE_CURVE('',#2304,#2306,#192,.T.);
#2882=EDGE_CURVE('',#2307,#2305,#193,.T.);
#2883=EDGE_CURVE('',#2306,#2307,#1275,.T.);
#2884=EDGE_CURVE('',#2306,#2308,#194,.T.);
#2885=EDGE_CURVE('',#2309,#2307,#195,.T.);
#2886=EDGE_CURVE('',#2308,#2309,#1276,.T.);
#2887=EDGE_CURVE('',#2308,#2310,#196,.T.);
#2888=EDGE_CURVE('',#2311,#2309,#197,.T.);
#2889=EDGE_CURVE('',#2310,#2311,#1277,.T.);
#2890=EDGE_CURVE('',#2310,#2312,#198,.T.);
#2891=EDGE_CURVE('',#2313,#2311,#199,.T.);
#2892=EDGE_CURVE('',#2312,#2313,#1278,.T.);
#2893=EDGE_CURVE('',#2312,#2314,#200,.T.);
#2894=EDGE_CURVE('',#2315,#2313,#201,.T.);
#2895=EDGE_CURVE('',#2314,#2315,#1279,.T.);
#2896=EDGE_CURVE('',#2314,#2316,#202,.T.);
#2897=EDGE_CURVE('',#2317,#2315,#203,.T.);
#2898=EDGE_CURVE('',#2316,#2317,#1280,.T.);
#2899=EDGE_CURVE('',#2316,#2318,#204,.T.);
#2900=EDGE_CURVE('',#2319,#2317,#205,.T.);
#2901=EDGE_CURVE('',#2318,#2319,#1281,.T.);
#2902=EDGE_CURVE('',#2318,#2320,#206,.T.);
#2903=EDGE_CURVE('',#2321,#2319,#207,.T.);
#2904=EDGE_CURVE('',#2320,#2321,#1282,.T.);
#2905=EDGE_CURVE('',#2320,#2322,#208,.T.);
#2906=EDGE_CURVE('',#2323,#2321,#209,.T.);
#2907=EDGE_CURVE('',#2322,#2323,#1283,.T.);
#2908=EDGE_CURVE('',#2322,#2324,#1284,.T.);
#2909=EDGE_CURVE('',#2325,#2323,#1285,.T.);
#2910=EDGE_CURVE('',#2324,#2325,#1286,.T.);
#2911=EDGE_CURVE('',#2324,#2296,#1287,.T.);
#2912=EDGE_CURVE('',#2298,#2325,#1288,.T.);
#2913=EDGE_CURVE('',#2326,#2327,#1289,.T.);
#2914=EDGE_CURVE('',#2326,#2328,#1290,.T.);
#2915=EDGE_CURVE('',#2329,#2328,#1291,.T.);
#2916=EDGE_CURVE('',#2327,#2329,#1292,.T.);
#2917=EDGE_CURVE('',#2327,#2330,#1293,.T.);
#2918=EDGE_CURVE('',#2331,#2329,#1294,.T.);
#2919=EDGE_CURVE('',#2330,#2331,#1295,.T.);
#2920=EDGE_CURVE('',#2330,#2332,#1296,.T.);
#2921=EDGE_CURVE('',#2333,#2331,#1297,.T.);
#2922=EDGE_CURVE('',#2332,#2333,#1298,.T.);
#2923=EDGE_CURVE('',#2332,#2334,#1299,.T.);
#2924=EDGE_CURVE('',#2335,#2333,#1300,.T.);
#2925=EDGE_CURVE('',#2334,#2335,#1301,.T.);
#2926=EDGE_CURVE('',#2334,#2336,#210,.T.);
#2927=EDGE_CURVE('',#2337,#2335,#211,.T.);
#2928=EDGE_CURVE('',#2336,#2337,#1302,.T.);
#2929=EDGE_CURVE('',#2336,#2338,#212,.T.);
#2930=EDGE_CURVE('',#2339,#2337,#213,.T.);
#2931=EDGE_CURVE('',#2338,#2339,#1303,.T.);
#2932=EDGE_CURVE('',#2338,#2340,#214,.T.);
#2933=EDGE_CURVE('',#2341,#2339,#215,.T.);
#2934=EDGE_CURVE('',#2340,#2341,#1304,.T.);
#2935=EDGE_CURVE('',#2340,#2342,#216,.T.);
#2936=EDGE_CURVE('',#2343,#2341,#217,.T.);
#2937=EDGE_CURVE('',#2342,#2343,#1305,.T.);
#2938=EDGE_CURVE('',#2342,#2344,#218,.T.);
#2939=EDGE_CURVE('',#2345,#2343,#219,.T.);
#2940=EDGE_CURVE('',#2344,#2345,#1306,.T.);
#2941=EDGE_CURVE('',#2344,#2346,#220,.T.);
#2942=EDGE_CURVE('',#2347,#2345,#221,.T.);
#2943=EDGE_CURVE('',#2346,#2347,#1307,.T.);
#2944=EDGE_CURVE('',#2346,#2348,#222,.T.);
#2945=EDGE_CURVE('',#2349,#2347,#223,.T.);
#2946=EDGE_CURVE('',#2348,#2349,#1308,.T.);
#2947=EDGE_CURVE('',#2348,#2350,#224,.T.);
#2948=EDGE_CURVE('',#2351,#2349,#225,.T.);
#2949=EDGE_CURVE('',#2350,#2351,#1309,.T.);
#2950=EDGE_CURVE('',#2350,#2352,#226,.T.);
#2951=EDGE_CURVE('',#2353,#2351,#227,.T.);
#2952=EDGE_CURVE('',#2352,#2353,#1310,.T.);
#2953=EDGE_CURVE('',#2352,#2354,#228,.T.);
#2954=EDGE_CURVE('',#2355,#2353,#229,.T.);
#2955=EDGE_CURVE('',#2354,#2355,#1311,.T.);
#2956=EDGE_CURVE('',#2354,#2356,#230,.T.);
#2957=EDGE_CURVE('',#2357,#2355,#231,.T.);
#2958=EDGE_CURVE('',#2356,#2357,#1312,.T.);
#2959=EDGE_CURVE('',#2356,#2358,#1313,.T.);
#2960=EDGE_CURVE('',#2359,#2357,#1314,.T.);
#2961=EDGE_CURVE('',#2358,#2359,#1315,.T.);
#2962=EDGE_CURVE('',#2358,#2360,#232,.T.);
#2963=EDGE_CURVE('',#2361,#2359,#233,.T.);
#2964=EDGE_CURVE('',#2360,#2361,#1316,.T.);
#2965=EDGE_CURVE('',#2360,#2362,#234,.T.);
#2966=EDGE_CURVE('',#2363,#2361,#235,.T.);
#2967=EDGE_CURVE('',#2362,#2363,#1317,.T.);
#2968=EDGE_CURVE('',#2362,#2364,#236,.T.);
#2969=EDGE_CURVE('',#2365,#2363,#237,.T.);
#2970=EDGE_CURVE('',#2364,#2365,#1318,.T.);
#2971=EDGE_CURVE('',#2364,#2366,#238,.T.);
#2972=EDGE_CURVE('',#2367,#2365,#239,.T.);
#2973=EDGE_CURVE('',#2366,#2367,#1319,.T.);
#2974=EDGE_CURVE('',#2366,#2368,#240,.T.);
#2975=EDGE_CURVE('',#2369,#2367,#241,.T.);
#2976=EDGE_CURVE('',#2368,#2369,#1320,.T.);
#2977=EDGE_CURVE('',#2368,#2370,#242,.T.);
#2978=EDGE_CURVE('',#2371,#2369,#243,.T.);
#2979=EDGE_CURVE('',#2370,#2371,#1321,.T.);
#2980=EDGE_CURVE('',#2370,#2372,#244,.T.);
#2981=EDGE_CURVE('',#2373,#2371,#245,.T.);
#2982=EDGE_CURVE('',#2372,#2373,#1322,.T.);
#2983=EDGE_CURVE('',#2372,#2374,#246,.T.);
#2984=EDGE_CURVE('',#2375,#2373,#247,.T.);
#2985=EDGE_CURVE('',#2374,#2375,#1323,.T.);
#2986=EDGE_CURVE('',#2374,#2376,#1324,.T.);
#2987=EDGE_CURVE('',#2377,#2375,#1325,.T.);
#2988=EDGE_CURVE('',#2376,#2377,#1326,.T.);
#2989=EDGE_CURVE('',#2376,#2326,#1327,.T.);
#2990=EDGE_CURVE('',#2328,#2377,#1328,.T.);
#2991=EDGE_CURVE('',#2378,#2379,#1329,.T.);
#2992=EDGE_CURVE('',#2378,#2380,#1330,.T.);
#2993=EDGE_CURVE('',#2381,#2380,#1331,.T.);
#2994=EDGE_CURVE('',#2379,#2381,#1332,.T.);
#2995=EDGE_CURVE('',#2379,#2382,#1333,.T.);
#2996=EDGE_CURVE('',#2383,#2381,#1334,.T.);
#2997=EDGE_CURVE('',#2382,#2383,#1335,.T.);
#2998=EDGE_CURVE('',#2382,#2384,#1336,.T.);
#2999=EDGE_CURVE('',#2385,#2383,#1337,.T.);
#3000=EDGE_CURVE('',#2384,#2385,#1338,.T.);
#3001=EDGE_CURVE('',#2384,#2386,#248,.T.);
#3002=EDGE_CURVE('',#2387,#2385,#249,.T.);
#3003=EDGE_CURVE('',#2386,#2387,#1339,.T.);
#3004=EDGE_CURVE('',#2386,#2388,#250,.T.);
#3005=EDGE_CURVE('',#2389,#2387,#251,.T.);
#3006=EDGE_CURVE('',#2388,#2389,#1340,.T.);
#3007=EDGE_CURVE('',#2388,#2390,#1341,.T.);
#3008=EDGE_CURVE('',#2391,#2389,#1342,.T.);
#3009=EDGE_CURVE('',#2390,#2391,#1343,.T.);
#3010=EDGE_CURVE('',#2390,#2392,#252,.T.);
#3011=EDGE_CURVE('',#2393,#2391,#253,.T.);
#3012=EDGE_CURVE('',#2392,#2393,#1344,.T.);
#3013=EDGE_CURVE('',#2392,#2394,#254,.T.);
#3014=EDGE_CURVE('',#2395,#2393,#255,.T.);
#3015=EDGE_CURVE('',#2394,#2395,#1345,.T.);
#3016=EDGE_CURVE('',#2394,#2378,#1346,.T.);
#3017=EDGE_CURVE('',#2380,#2395,#1347,.T.);
#3018=EDGE_CURVE('',#2396,#2397,#256,.T.);
#3019=EDGE_CURVE('',#2396,#2398,#1348,.T.);
#3020=EDGE_CURVE('',#2399,#2398,#257,.T.);
#3021=EDGE_CURVE('',#2397,#2399,#1349,.T.);
#3022=EDGE_CURVE('',#2397,#2400,#258,.T.);
#3023=EDGE_CURVE('',#2401,#2399,#259,.T.);
#3024=EDGE_CURVE('',#2400,#2401,#1350,.T.);
#3025=EDGE_CURVE('',#2400,#2402,#260,.T.);
#3026=EDGE_CURVE('',#2403,#2401,#261,.T.);
#3027=EDGE_CURVE('',#2402,#2403,#1351,.T.);
#3028=EDGE_CURVE('',#2402,#2404,#262,.T.);
#3029=EDGE_CURVE('',#2405,#2403,#263,.T.);
#3030=EDGE_CURVE('',#2404,#2405,#1352,.T.);
#3031=EDGE_CURVE('',#2404,#2406,#264,.T.);
#3032=EDGE_CURVE('',#2407,#2405,#265,.T.);
#3033=EDGE_CURVE('',#2406,#2407,#1353,.T.);
#3034=EDGE_CURVE('',#2406,#2408,#266,.T.);
#3035=EDGE_CURVE('',#2409,#2407,#267,.T.);
#3036=EDGE_CURVE('',#2408,#2409,#1354,.T.);
#3037=EDGE_CURVE('',#2408,#2410,#268,.T.);
#3038=EDGE_CURVE('',#2411,#2409,#269,.T.);
#3039=EDGE_CURVE('',#2410,#2411,#1355,.T.);
#3040=EDGE_CURVE('',#2410,#2396,#270,.T.);
#3041=EDGE_CURVE('',#2398,#2411,#271,.T.);
#3042=EDGE_CURVE('',#2412,#2413,#272,.T.);
#3043=EDGE_CURVE('',#2412,#2414,#1356,.T.);
#3044=EDGE_CURVE('',#2415,#2414,#273,.T.);
#3045=EDGE_CURVE('',#2413,#2415,#1357,.T.);
#3046=EDGE_CURVE('',#2413,#2416,#274,.T.);
#3047=EDGE_CURVE('',#2417,#2415,#275,.T.);
#3048=EDGE_CURVE('',#2416,#2417,#1358,.T.);
#3049=EDGE_CURVE('',#2416,#2418,#276,.T.);
#3050=EDGE_CURVE('',#2419,#2417,#277,.T.);
#3051=EDGE_CURVE('',#2418,#2419,#1359,.T.);
#3052=EDGE_CURVE('',#2418,#2420,#278,.T.);
#3053=EDGE_CURVE('',#2421,#2419,#279,.T.);
#3054=EDGE_CURVE('',#2420,#2421,#1360,.T.);
#3055=EDGE_CURVE('',#2420,#2422,#280,.T.);
#3056=EDGE_CURVE('',#2423,#2421,#281,.T.);
#3057=EDGE_CURVE('',#2422,#2423,#1361,.T.);
#3058=EDGE_CURVE('',#2422,#2424,#282,.T.);
#3059=EDGE_CURVE('',#2425,#2423,#283,.T.);
#3060=EDGE_CURVE('',#2424,#2425,#1362,.T.);
#3061=EDGE_CURVE('',#2424,#2426,#284,.T.);
#3062=EDGE_CURVE('',#2427,#2425,#285,.T.);
#3063=EDGE_CURVE('',#2426,#2427,#1363,.T.);
#3064=EDGE_CURVE('',#2426,#2412,#286,.T.);
#3065=EDGE_CURVE('',#2414,#2427,#287,.T.);
#3066=EDGE_CURVE('',#2428,#2429,#288,.T.);
#3067=EDGE_CURVE('',#2428,#2430,#1364,.T.);
#3068=EDGE_CURVE('',#2431,#2430,#289,.T.);
#3069=EDGE_CURVE('',#2429,#2431,#1365,.T.);
#3070=EDGE_CURVE('',#2429,#2432,#290,.T.);
#3071=EDGE_CURVE('',#2433,#2431,#291,.T.);
#3072=EDGE_CURVE('',#2432,#2433,#1366,.T.);
#3073=EDGE_CURVE('',#2432,#2434,#292,.T.);
#3074=EDGE_CURVE('',#2435,#2433,#293,.T.);
#3075=EDGE_CURVE('',#2434,#2435,#1367,.T.);
#3076=EDGE_CURVE('',#2434,#2436,#294,.T.);
#3077=EDGE_CURVE('',#2437,#2435,#295,.T.);
#3078=EDGE_CURVE('',#2436,#2437,#1368,.T.);
#3079=EDGE_CURVE('',#2436,#2438,#296,.T.);
#3080=EDGE_CURVE('',#2439,#2437,#297,.T.);
#3081=EDGE_CURVE('',#2438,#2439,#1369,.T.);
#3082=EDGE_CURVE('',#2438,#2440,#298,.T.);
#3083=EDGE_CURVE('',#2441,#2439,#299,.T.);
#3084=EDGE_CURVE('',#2440,#2441,#1370,.T.);
#3085=EDGE_CURVE('',#2440,#2442,#300,.T.);
#3086=EDGE_CURVE('',#2443,#2441,#301,.T.);
#3087=EDGE_CURVE('',#2442,#2443,#1371,.T.);
#3088=EDGE_CURVE('',#2442,#2444,#302,.T.);
#3089=EDGE_CURVE('',#2445,#2443,#303,.T.);
#3090=EDGE_CURVE('',#2444,#2445,#1372,.T.);
#3091=EDGE_CURVE('',#2444,#2446,#304,.T.);
#3092=EDGE_CURVE('',#2447,#2445,#305,.T.);
#3093=EDGE_CURVE('',#2446,#2447,#1373,.T.);
#3094=EDGE_CURVE('',#2446,#2448,#306,.T.);
#3095=EDGE_CURVE('',#2449,#2447,#307,.T.);
#3096=EDGE_CURVE('',#2448,#2449,#1374,.T.);
#3097=EDGE_CURVE('',#2448,#2450,#308,.T.);
#3098=EDGE_CURVE('',#2451,#2449,#309,.T.);
#3099=EDGE_CURVE('',#2450,#2451,#1375,.T.);
#3100=EDGE_CURVE('',#2450,#2452,#310,.T.);
#3101=EDGE_CURVE('',#2453,#2451,#311,.T.);
#3102=EDGE_CURVE('',#2452,#2453,#1376,.T.);
#3103=EDGE_CURVE('',#2452,#2454,#312,.T.);
#3104=EDGE_CURVE('',#2455,#2453,#313,.T.);
#3105=EDGE_CURVE('',#2454,#2455,#1377,.T.);
#3106=EDGE_CURVE('',#2454,#2456,#314,.T.);
#3107=EDGE_CURVE('',#2457,#2455,#315,.T.);
#3108=EDGE_CURVE('',#2456,#2457,#1378,.T.);
#3109=EDGE_CURVE('',#2456,#2458,#316,.T.);
#3110=EDGE_CURVE('',#2459,#2457,#317,.T.);
#3111=EDGE_CURVE('',#2458,#2459,#1379,.T.);
#3112=EDGE_CURVE('',#2458,#2460,#318,.T.);
#3113=EDGE_CURVE('',#2461,#2459,#319,.T.);
#3114=EDGE_CURVE('',#2460,#2461,#1380,.T.);
#3115=EDGE_CURVE('',#2460,#2462,#320,.T.);
#3116=EDGE_CURVE('',#2463,#2461,#321,.T.);
#3117=EDGE_CURVE('',#2462,#2463,#1381,.T.);
#3118=EDGE_CURVE('',#2462,#2464,#322,.T.);
#3119=EDGE_CURVE('',#2465,#2463,#323,.T.);
#3120=EDGE_CURVE('',#2464,#2465,#1382,.T.);
#3121=EDGE_CURVE('',#2464,#2428,#324,.T.);
#3122=EDGE_CURVE('',#2430,#2465,#325,.T.);
#3123=EDGE_CURVE('',#2466,#2467,#1383,.T.);
#3124=EDGE_CURVE('',#2466,#2468,#1384,.T.);
#3125=EDGE_CURVE('',#2469,#2468,#1385,.T.);
#3126=EDGE_CURVE('',#2467,#2469,#1386,.T.);
#3127=EDGE_CURVE('',#2467,#2470,#1387,.T.);
#3128=EDGE_CURVE('',#2471,#2469,#1388,.T.);
#3129=EDGE_CURVE('',#2470,#2471,#1389,.T.);
#3130=EDGE_CURVE('',#2470,#2472,#1390,.T.);
#3131=EDGE_CURVE('',#2473,#2471,#1391,.T.);
#3132=EDGE_CURVE('',#2472,#2473,#1392,.T.);
#3133=EDGE_CURVE('',#2472,#2474,#1393,.T.);
#3134=EDGE_CURVE('',#2475,#2473,#1394,.T.);
#3135=EDGE_CURVE('',#2474,#2475,#1395,.T.);
#3136=EDGE_CURVE('',#2474,#2476,#1396,.T.);
#3137=EDGE_CURVE('',#2477,#2475,#1397,.T.);
#3138=EDGE_CURVE('',#2476,#2477,#1398,.T.);
#3139=EDGE_CURVE('',#2476,#2478,#1399,.T.);
#3140=EDGE_CURVE('',#2479,#2477,#1400,.T.);
#3141=EDGE_CURVE('',#2478,#2479,#1401,.T.);
#3142=EDGE_CURVE('',#2478,#2480,#1402,.T.);
#3143=EDGE_CURVE('',#2481,#2479,#1403,.T.);
#3144=EDGE_CURVE('',#2480,#2481,#1404,.T.);
#3145=EDGE_CURVE('',#2480,#2482,#1405,.T.);
#3146=EDGE_CURVE('',#2483,#2481,#1406,.T.);
#3147=EDGE_CURVE('',#2482,#2483,#1407,.T.);
#3148=EDGE_CURVE('',#2482,#2484,#1408,.T.);
#3149=EDGE_CURVE('',#2485,#2483,#1409,.T.);
#3150=EDGE_CURVE('',#2484,#2485,#1410,.T.);
#3151=EDGE_CURVE('',#2484,#2486,#1411,.T.);
#3152=EDGE_CURVE('',#2487,#2485,#1412,.T.);
#3153=EDGE_CURVE('',#2486,#2487,#1413,.T.);
#3154=EDGE_CURVE('',#2486,#2488,#1414,.T.);
#3155=EDGE_CURVE('',#2489,#2487,#1415,.T.);
#3156=EDGE_CURVE('',#2488,#2489,#1416,.T.);
#3157=EDGE_CURVE('',#2488,#2490,#1417,.T.);
#3158=EDGE_CURVE('',#2491,#2489,#1418,.T.);
#3159=EDGE_CURVE('',#2490,#2491,#1419,.T.);
#3160=EDGE_CURVE('',#2490,#2466,#1420,.T.);
#3161=EDGE_CURVE('',#2468,#2491,#1421,.T.);
#3162=EDGE_CURVE('',#2492,#2493,#1422,.T.);
#3163=EDGE_CURVE('',#2492,#2494,#1423,.T.);
#3164=EDGE_CURVE('',#2495,#2494,#1424,.T.);
#3165=EDGE_CURVE('',#2493,#2495,#1425,.T.);
#3166=EDGE_CURVE('',#2493,#2496,#1426,.T.);
#3167=EDGE_CURVE('',#2497,#2495,#1427,.T.);
#3168=EDGE_CURVE('',#2496,#2497,#1428,.T.);
#3169=EDGE_CURVE('',#2496,#2492,#1429,.T.);
#3170=EDGE_CURVE('',#2494,#2497,#1430,.T.);
#3171=EDGE_CURVE('',#2498,#2499,#1431,.T.);
#3172=EDGE_CURVE('',#2498,#2500,#1432,.T.);
#3173=EDGE_CURVE('',#2501,#2500,#1433,.T.);
#3174=EDGE_CURVE('',#2499,#2501,#1434,.T.);
#3175=EDGE_CURVE('',#2499,#2502,#1435,.T.);
#3176=EDGE_CURVE('',#2503,#2501,#1436,.T.);
#3177=EDGE_CURVE('',#2502,#2503,#1437,.T.);
#3178=EDGE_CURVE('',#2502,#2504,#1438,.T.);
#3179=EDGE_CURVE('',#2505,#2503,#1439,.T.);
#3180=EDGE_CURVE('',#2504,#2505,#1440,.T.);
#3181=EDGE_CURVE('',#2504,#2506,#1441,.T.);
#3182=EDGE_CURVE('',#2507,#2505,#1442,.T.);
#3183=EDGE_CURVE('',#2506,#2507,#1443,.T.);
#3184=EDGE_CURVE('',#2506,#2508,#1444,.T.);
#3185=EDGE_CURVE('',#2509,#2507,#1445,.T.);
#3186=EDGE_CURVE('',#2508,#2509,#1446,.T.);
#3187=EDGE_CURVE('',#2508,#2510,#1447,.T.);
#3188=EDGE_CURVE('',#2511,#2509,#1448,.T.);
#3189=EDGE_CURVE('',#2510,#2511,#1449,.T.);
#3190=EDGE_CURVE('',#2510,#2512,#1450,.T.);
#3191=EDGE_CURVE('',#2513,#2511,#1451,.T.);
#3192=EDGE_CURVE('',#2512,#2513,#1452,.T.);
#3193=EDGE_CURVE('',#2512,#2498,#1453,.T.);
#3194=EDGE_CURVE('',#2500,#2513,#1454,.T.);
#3195=EDGE_CURVE('',#2514,#2515,#1455,.T.);
#3196=EDGE_CURVE('',#2514,#2516,#1456,.T.);
#3197=EDGE_CURVE('',#2517,#2516,#1457,.T.);
#3198=EDGE_CURVE('',#2515,#2517,#1458,.T.);
#3199=EDGE_CURVE('',#2515,#2518,#326,.T.);
#3200=EDGE_CURVE('',#2519,#2517,#327,.T.);
#3201=EDGE_CURVE('',#2518,#2519,#1459,.T.);
#3202=EDGE_CURVE('',#2518,#2520,#328,.T.);
#3203=EDGE_CURVE('',#2521,#2519,#329,.T.);
#3204=EDGE_CURVE('',#2520,#2521,#1460,.T.);
#3205=EDGE_CURVE('',#2520,#2522,#330,.T.);
#3206=EDGE_CURVE('',#2523,#2521,#331,.T.);
#3207=EDGE_CURVE('',#2522,#2523,#1461,.T.);
#3208=EDGE_CURVE('',#2522,#2524,#332,.T.);
#3209=EDGE_CURVE('',#2525,#2523,#333,.T.);
#3210=EDGE_CURVE('',#2524,#2525,#1462,.T.);
#3211=EDGE_CURVE('',#2524,#2526,#334,.T.);
#3212=EDGE_CURVE('',#2527,#2525,#335,.T.);
#3213=EDGE_CURVE('',#2526,#2527,#1463,.T.);
#3214=EDGE_CURVE('',#2526,#2528,#336,.T.);
#3215=EDGE_CURVE('',#2529,#2527,#337,.T.);
#3216=EDGE_CURVE('',#2528,#2529,#1464,.T.);
#3217=EDGE_CURVE('',#2528,#2530,#338,.T.);
#3218=EDGE_CURVE('',#2531,#2529,#339,.T.);
#3219=EDGE_CURVE('',#2530,#2531,#1465,.T.);
#3220=EDGE_CURVE('',#2530,#2532,#340,.T.);
#3221=EDGE_CURVE('',#2533,#2531,#341,.T.);
#3222=EDGE_CURVE('',#2532,#2533,#1466,.T.);
#3223=EDGE_CURVE('',#2532,#2534,#1467,.T.);
#3224=EDGE_CURVE('',#2535,#2533,#1468,.T.);
#3225=EDGE_CURVE('',#2534,#2535,#1469,.T.);
#3226=EDGE_CURVE('',#2534,#2536,#342,.T.);
#3227=EDGE_CURVE('',#2537,#2535,#343,.T.);
#3228=EDGE_CURVE('',#2536,#2537,#1470,.T.);
#3229=EDGE_CURVE('',#2536,#2538,#344,.T.);
#3230=EDGE_CURVE('',#2539,#2537,#345,.T.);
#3231=EDGE_CURVE('',#2538,#2539,#1471,.T.);
#3232=EDGE_CURVE('',#2538,#2540,#346,.T.);
#3233=EDGE_CURVE('',#2541,#2539,#347,.T.);
#3234=EDGE_CURVE('',#2540,#2541,#1472,.T.);
#3235=EDGE_CURVE('',#2540,#2542,#348,.T.);
#3236=EDGE_CURVE('',#2543,#2541,#349,.T.);
#3237=EDGE_CURVE('',#2542,#2543,#1473,.T.);
#3238=EDGE_CURVE('',#2542,#2544,#350,.T.);
#3239=EDGE_CURVE('',#2545,#2543,#351,.T.);
#3240=EDGE_CURVE('',#2544,#2545,#1474,.T.);
#3241=EDGE_CURVE('',#2544,#2546,#352,.T.);
#3242=EDGE_CURVE('',#2547,#2545,#353,.T.);
#3243=EDGE_CURVE('',#2546,#2547,#1475,.T.);
#3244=EDGE_CURVE('',#2546,#2548,#354,.T.);
#3245=EDGE_CURVE('',#2549,#2547,#355,.T.);
#3246=EDGE_CURVE('',#2548,#2549,#1476,.T.);
#3247=EDGE_CURVE('',#2548,#2514,#356,.T.);
#3248=EDGE_CURVE('',#2516,#2549,#357,.T.);
#3249=EDGE_CURVE('',#2550,#2551,#1477,.T.);
#3250=EDGE_CURVE('',#2550,#2552,#1478,.T.);
#3251=EDGE_CURVE('',#2553,#2552,#1479,.T.);
#3252=EDGE_CURVE('',#2551,#2553,#1480,.T.);
#3253=EDGE_CURVE('',#2551,#2554,#358,.T.);
#3254=EDGE_CURVE('',#2555,#2553,#359,.T.);
#3255=EDGE_CURVE('',#2554,#2555,#1481,.T.);
#3256=EDGE_CURVE('',#2554,#2556,#360,.T.);
#3257=EDGE_CURVE('',#2557,#2555,#361,.T.);
#3258=EDGE_CURVE('',#2556,#2557,#1482,.T.);
#3259=EDGE_CURVE('',#2556,#2558,#362,.T.);
#3260=EDGE_CURVE('',#2559,#2557,#363,.T.);
#3261=EDGE_CURVE('',#2558,#2559,#1483,.T.);
#3262=EDGE_CURVE('',#2558,#2560,#364,.T.);
#3263=EDGE_CURVE('',#2561,#2559,#365,.T.);
#3264=EDGE_CURVE('',#2560,#2561,#1484,.T.);
#3265=EDGE_CURVE('',#2560,#2562,#366,.T.);
#3266=EDGE_CURVE('',#2563,#2561,#367,.T.);
#3267=EDGE_CURVE('',#2562,#2563,#1485,.T.);
#3268=EDGE_CURVE('',#2562,#2564,#368,.T.);
#3269=EDGE_CURVE('',#2565,#2563,#369,.T.);
#3270=EDGE_CURVE('',#2564,#2565,#1486,.T.);
#3271=EDGE_CURVE('',#2564,#2566,#370,.T.);
#3272=EDGE_CURVE('',#2567,#2565,#371,.T.);
#3273=EDGE_CURVE('',#2566,#2567,#1487,.T.);
#3274=EDGE_CURVE('',#2566,#2568,#372,.T.);
#3275=EDGE_CURVE('',#2569,#2567,#373,.T.);
#3276=EDGE_CURVE('',#2568,#2569,#1488,.T.);
#3277=EDGE_CURVE('',#2568,#2570,#1489,.T.);
#3278=EDGE_CURVE('',#2571,#2569,#1490,.T.);
#3279=EDGE_CURVE('',#2570,#2571,#1491,.T.);
#3280=EDGE_CURVE('',#2570,#2572,#374,.T.);
#3281=EDGE_CURVE('',#2573,#2571,#375,.T.);
#3282=EDGE_CURVE('',#2572,#2573,#1492,.T.);
#3283=EDGE_CURVE('',#2572,#2574,#376,.T.);
#3284=EDGE_CURVE('',#2575,#2573,#377,.T.);
#3285=EDGE_CURVE('',#2574,#2575,#1493,.T.);
#3286=EDGE_CURVE('',#2574,#2576,#378,.T.);
#3287=EDGE_CURVE('',#2577,#2575,#379,.T.);
#3288=EDGE_CURVE('',#2576,#2577,#1494,.T.);
#3289=EDGE_CURVE('',#2576,#2578,#380,.T.);
#3290=EDGE_CURVE('',#2579,#2577,#381,.T.);
#3291=EDGE_CURVE('',#2578,#2579,#1495,.T.);
#3292=EDGE_CURVE('',#2578,#2580,#382,.T.);
#3293=EDGE_CURVE('',#2581,#2579,#383,.T.);
#3294=EDGE_CURVE('',#2580,#2581,#1496,.T.);
#3295=EDGE_CURVE('',#2580,#2582,#384,.T.);
#3296=EDGE_CURVE('',#2583,#2581,#385,.T.);
#3297=EDGE_CURVE('',#2582,#2583,#1497,.T.);
#3298=EDGE_CURVE('',#2582,#2584,#386,.T.);
#3299=EDGE_CURVE('',#2585,#2583,#387,.T.);
#3300=EDGE_CURVE('',#2584,#2585,#1498,.T.);
#3301=EDGE_CURVE('',#2584,#2586,#388,.T.);
#3302=EDGE_CURVE('',#2587,#2585,#389,.T.);
#3303=EDGE_CURVE('',#2586,#2587,#1499,.T.);
#3304=EDGE_CURVE('',#2586,#2588,#390,.T.);
#3305=EDGE_CURVE('',#2589,#2587,#391,.T.);
#3306=EDGE_CURVE('',#2588,#2589,#1500,.T.);
#3307=EDGE_CURVE('',#2588,#2590,#392,.T.);
#3308=EDGE_CURVE('',#2591,#2589,#393,.T.);
#3309=EDGE_CURVE('',#2590,#2591,#1501,.T.);
#3310=EDGE_CURVE('',#2590,#2592,#1502,.T.);
#3311=EDGE_CURVE('',#2593,#2591,#1503,.T.);
#3312=EDGE_CURVE('',#2592,#2593,#1504,.T.);
#3313=EDGE_CURVE('',#2592,#2550,#1505,.T.);
#3314=EDGE_CURVE('',#2552,#2593,#1506,.T.);
#3315=EDGE_CURVE('',#2594,#2595,#1507,.T.);
#3316=EDGE_CURVE('',#2594,#2596,#1508,.T.);
#3317=EDGE_CURVE('',#2597,#2596,#1509,.T.);
#3318=EDGE_CURVE('',#2595,#2597,#1510,.T.);
#3319=EDGE_CURVE('',#2595,#2598,#1511,.T.);
#3320=EDGE_CURVE('',#2599,#2597,#1512,.T.);
#3321=EDGE_CURVE('',#2598,#2599,#1513,.T.);
#3322=EDGE_CURVE('',#2598,#2600,#1514,.T.);
#3323=EDGE_CURVE('',#2601,#2599,#1515,.T.);
#3324=EDGE_CURVE('',#2600,#2601,#1516,.T.);
#3325=EDGE_CURVE('',#2600,#2602,#1517,.T.);
#3326=EDGE_CURVE('',#2603,#2601,#1518,.T.);
#3327=EDGE_CURVE('',#2602,#2603,#1519,.T.);
#3328=EDGE_CURVE('',#2602,#2604,#394,.T.);
#3329=EDGE_CURVE('',#2605,#2603,#395,.T.);
#3330=EDGE_CURVE('',#2604,#2605,#1520,.T.);
#3331=EDGE_CURVE('',#2604,#2606,#396,.T.);
#3332=EDGE_CURVE('',#2607,#2605,#397,.T.);
#3333=EDGE_CURVE('',#2606,#2607,#1521,.T.);
#3334=EDGE_CURVE('',#2606,#2608,#398,.T.);
#3335=EDGE_CURVE('',#2609,#2607,#399,.T.);
#3336=EDGE_CURVE('',#2608,#2609,#1522,.T.);
#3337=EDGE_CURVE('',#2608,#2610,#400,.T.);
#3338=EDGE_CURVE('',#2611,#2609,#401,.T.);
#3339=EDGE_CURVE('',#2610,#2611,#1523,.T.);
#3340=EDGE_CURVE('',#2610,#2612,#402,.T.);
#3341=EDGE_CURVE('',#2613,#2611,#403,.T.);
#3342=EDGE_CURVE('',#2612,#2613,#1524,.T.);
#3343=EDGE_CURVE('',#2612,#2614,#404,.T.);
#3344=EDGE_CURVE('',#2615,#2613,#405,.T.);
#3345=EDGE_CURVE('',#2614,#2615,#1525,.T.);
#3346=EDGE_CURVE('',#2614,#2616,#406,.T.);
#3347=EDGE_CURVE('',#2617,#2615,#407,.T.);
#3348=EDGE_CURVE('',#2616,#2617,#1526,.T.);
#3349=EDGE_CURVE('',#2616,#2618,#408,.T.);
#3350=EDGE_CURVE('',#2619,#2617,#409,.T.);
#3351=EDGE_CURVE('',#2618,#2619,#1527,.T.);
#3352=EDGE_CURVE('',#2618,#2620,#410,.T.);
#3353=EDGE_CURVE('',#2621,#2619,#411,.T.);
#3354=EDGE_CURVE('',#2620,#2621,#1528,.T.);
#3355=EDGE_CURVE('',#2620,#2622,#412,.T.);
#3356=EDGE_CURVE('',#2623,#2621,#413,.T.);
#3357=EDGE_CURVE('',#2622,#2623,#1529,.T.);
#3358=EDGE_CURVE('',#2622,#2624,#414,.T.);
#3359=EDGE_CURVE('',#2625,#2623,#415,.T.);
#3360=EDGE_CURVE('',#2624,#2625,#1530,.T.);
#3361=EDGE_CURVE('',#2624,#2626,#1531,.T.);
#3362=EDGE_CURVE('',#2627,#2625,#1532,.T.);
#3363=EDGE_CURVE('',#2626,#2627,#1533,.T.);
#3364=EDGE_CURVE('',#2626,#2628,#416,.T.);
#3365=EDGE_CURVE('',#2629,#2627,#417,.T.);
#3366=EDGE_CURVE('',#2628,#2629,#1534,.T.);
#3367=EDGE_CURVE('',#2628,#2630,#418,.T.);
#3368=EDGE_CURVE('',#2631,#2629,#419,.T.);
#3369=EDGE_CURVE('',#2630,#2631,#1535,.T.);
#3370=EDGE_CURVE('',#2630,#2632,#420,.T.);
#3371=EDGE_CURVE('',#2633,#2631,#421,.T.);
#3372=EDGE_CURVE('',#2632,#2633,#1536,.T.);
#3373=EDGE_CURVE('',#2632,#2634,#422,.T.);
#3374=EDGE_CURVE('',#2635,#2633,#423,.T.);
#3375=EDGE_CURVE('',#2634,#2635,#1537,.T.);
#3376=EDGE_CURVE('',#2634,#2636,#424,.T.);
#3377=EDGE_CURVE('',#2637,#2635,#425,.T.);
#3378=EDGE_CURVE('',#2636,#2637,#1538,.T.);
#3379=EDGE_CURVE('',#2636,#2638,#426,.T.);
#3380=EDGE_CURVE('',#2639,#2637,#427,.T.);
#3381=EDGE_CURVE('',#2638,#2639,#1539,.T.);
#3382=EDGE_CURVE('',#2638,#2640,#428,.T.);
#3383=EDGE_CURVE('',#2641,#2639,#429,.T.);
#3384=EDGE_CURVE('',#2640,#2641,#1540,.T.);
#3385=EDGE_CURVE('',#2640,#2642,#430,.T.);
#3386=EDGE_CURVE('',#2643,#2641,#431,.T.);
#3387=EDGE_CURVE('',#2642,#2643,#1541,.T.);
#3388=EDGE_CURVE('',#2642,#2644,#1542,.T.);
#3389=EDGE_CURVE('',#2645,#2643,#1543,.T.);
#3390=EDGE_CURVE('',#2644,#2645,#1544,.T.);
#3391=EDGE_CURVE('',#2644,#2594,#1545,.T.);
#3392=EDGE_CURVE('',#2596,#2645,#1546,.T.);
#3393=EDGE_CURVE('',#2646,#2647,#1547,.T.);
#3394=EDGE_CURVE('',#2646,#2648,#1548,.T.);
#3395=EDGE_CURVE('',#2649,#2648,#1549,.T.);
#3396=EDGE_CURVE('',#2647,#2649,#1550,.T.);
#3397=EDGE_CURVE('',#2647,#2650,#1551,.T.);
#3398=EDGE_CURVE('',#2651,#2649,#1552,.T.);
#3399=EDGE_CURVE('',#2650,#2651,#1553,.T.);
#3400=EDGE_CURVE('',#2650,#2652,#1554,.T.);
#3401=EDGE_CURVE('',#2653,#2651,#1555,.T.);
#3402=EDGE_CURVE('',#2652,#2653,#1556,.T.);
#3403=EDGE_CURVE('',#2652,#2654,#1557,.T.);
#3404=EDGE_CURVE('',#2655,#2653,#1558,.T.);
#3405=EDGE_CURVE('',#2654,#2655,#1559,.T.);
#3406=EDGE_CURVE('',#2654,#2656,#1560,.T.);
#3407=EDGE_CURVE('',#2657,#2655,#1561,.T.);
#3408=EDGE_CURVE('',#2656,#2657,#1562,.T.);
#3409=EDGE_CURVE('',#2656,#2658,#1563,.T.);
#3410=EDGE_CURVE('',#2659,#2657,#1564,.T.);
#3411=EDGE_CURVE('',#2658,#2659,#1565,.T.);
#3412=EDGE_CURVE('',#2658,#2660,#1566,.T.);
#3413=EDGE_CURVE('',#2661,#2659,#1567,.T.);
#3414=EDGE_CURVE('',#2660,#2661,#1568,.T.);
#3415=EDGE_CURVE('',#2660,#2662,#1569,.T.);
#3416=EDGE_CURVE('',#2663,#2661,#1570,.T.);
#3417=EDGE_CURVE('',#2662,#2663,#1571,.T.);
#3418=EDGE_CURVE('',#2662,#2664,#1572,.T.);
#3419=EDGE_CURVE('',#2665,#2663,#1573,.T.);
#3420=EDGE_CURVE('',#2664,#2665,#1574,.T.);
#3421=EDGE_CURVE('',#2664,#2666,#1575,.T.);
#3422=EDGE_CURVE('',#2667,#2665,#1576,.T.);
#3423=EDGE_CURVE('',#2666,#2667,#1577,.T.);
#3424=EDGE_CURVE('',#2666,#2668,#1578,.T.);
#3425=EDGE_CURVE('',#2669,#2667,#1579,.T.);
#3426=EDGE_CURVE('',#2668,#2669,#1580,.T.);
#3427=EDGE_CURVE('',#2668,#2670,#1581,.T.);
#3428=EDGE_CURVE('',#2671,#2669,#1582,.T.);
#3429=EDGE_CURVE('',#2670,#2671,#1583,.T.);
#3430=EDGE_CURVE('',#2670,#2646,#1584,.T.);
#3431=EDGE_CURVE('',#2648,#2671,#1585,.T.);
#3432=EDGE_CURVE('',#2672,#2673,#1586,.T.);
#3433=EDGE_CURVE('',#2672,#2674,#1587,.T.);
#3434=EDGE_CURVE('',#2675,#2674,#1588,.T.);
#3435=EDGE_CURVE('',#2673,#2675,#1589,.T.);
#3436=EDGE_CURVE('',#2673,#2676,#1590,.T.);
#3437=EDGE_CURVE('',#2677,#2675,#1591,.T.);
#3438=EDGE_CURVE('',#2676,#2677,#1592,.T.);
#3439=EDGE_CURVE('',#2676,#2678,#1593,.T.);
#3440=EDGE_CURVE('',#2679,#2677,#1594,.T.);
#3441=EDGE_CURVE('',#2678,#2679,#1595,.T.);
#3442=EDGE_CURVE('',#2678,#2680,#1596,.T.);
#3443=EDGE_CURVE('',#2681,#2679,#1597,.T.);
#3444=EDGE_CURVE('',#2680,#2681,#1598,.T.);
#3445=EDGE_CURVE('',#2680,#2682,#1599,.T.);
#3446=EDGE_CURVE('',#2683,#2681,#1600,.T.);
#3447=EDGE_CURVE('',#2682,#2683,#1601,.T.);
#3448=EDGE_CURVE('',#2682,#2684,#1602,.T.);
#3449=EDGE_CURVE('',#2685,#2683,#1603,.T.);
#3450=EDGE_CURVE('',#2684,#2685,#1604,.T.);
#3451=EDGE_CURVE('',#2684,#2672,#1605,.T.);
#3452=EDGE_CURVE('',#2674,#2685,#1606,.T.);
#3453=EDGE_CURVE('',#2686,#2687,#1607,.T.);
#3454=EDGE_CURVE('',#2686,#2688,#1608,.T.);
#3455=EDGE_CURVE('',#2689,#2688,#1609,.T.);
#3456=EDGE_CURVE('',#2687,#2689,#1610,.T.);
#3457=EDGE_CURVE('',#2687,#2690,#1611,.T.);
#3458=EDGE_CURVE('',#2691,#2689,#1612,.T.);
#3459=EDGE_CURVE('',#2690,#2691,#1613,.T.);
#3460=EDGE_CURVE('',#2690,#2692,#1614,.T.);
#3461=EDGE_CURVE('',#2693,#2691,#1615,.T.);
#3462=EDGE_CURVE('',#2692,#2693,#1616,.T.);
#3463=EDGE_CURVE('',#2692,#2694,#1617,.T.);
#3464=EDGE_CURVE('',#2695,#2693,#1618,.T.);
#3465=EDGE_CURVE('',#2694,#2695,#1619,.T.);
#3466=EDGE_CURVE('',#2694,#2696,#1620,.T.);
#3467=EDGE_CURVE('',#2697,#2695,#1621,.T.);
#3468=EDGE_CURVE('',#2696,#2697,#1622,.T.);
#3469=EDGE_CURVE('',#2696,#2698,#1623,.T.);
#3470=EDGE_CURVE('',#2699,#2697,#1624,.T.);
#3471=EDGE_CURVE('',#2698,#2699,#1625,.T.);
#3472=EDGE_CURVE('',#2698,#2700,#1626,.T.);
#3473=EDGE_CURVE('',#2701,#2699,#1627,.T.);
#3474=EDGE_CURVE('',#2700,#2701,#1628,.T.);
#3475=EDGE_CURVE('',#2700,#2702,#1629,.T.);
#3476=EDGE_CURVE('',#2703,#2701,#1630,.T.);
#3477=EDGE_CURVE('',#2702,#2703,#1631,.T.);
#3478=EDGE_CURVE('',#2702,#2704,#1632,.T.);
#3479=EDGE_CURVE('',#2705,#2703,#1633,.T.);
#3480=EDGE_CURVE('',#2704,#2705,#1634,.T.);
#3481=EDGE_CURVE('',#2704,#2706,#1635,.T.);
#3482=EDGE_CURVE('',#2707,#2705,#1636,.T.);
#3483=EDGE_CURVE('',#2706,#2707,#1637,.T.);
#3484=EDGE_CURVE('',#2706,#2708,#1638,.T.);
#3485=EDGE_CURVE('',#2709,#2707,#1639,.T.);
#3486=EDGE_CURVE('',#2708,#2709,#1640,.T.);
#3487=EDGE_CURVE('',#2708,#2686,#1641,.T.);
#3488=EDGE_CURVE('',#2688,#2709,#1642,.T.);
#3489=EDGE_CURVE('',#2710,#2711,#1643,.T.);
#3490=EDGE_CURVE('',#2711,#2712,#1644,.T.);
#3491=EDGE_CURVE('',#2712,#2713,#1645,.T.);
#3492=EDGE_CURVE('',#2713,#2710,#1646,.T.);
#3493=EDGE_CURVE('',#2714,#2714,#53,.T.);
#3494=EDGE_CURVE('',#2715,#2715,#54,.T.);
#3495=EDGE_CURVE('',#2716,#2717,#1647,.T.);
#3496=EDGE_CURVE('',#2717,#2718,#55,.T.);
#3497=EDGE_CURVE('',#2718,#2719,#1648,.T.);
#3498=EDGE_CURVE('',#2719,#2716,#56,.T.);
#3499=EDGE_CURVE('',#2710,#2720,#1649,.T.);
#3500=EDGE_CURVE('',#2721,#2720,#1650,.T.);
#3501=EDGE_CURVE('',#2711,#2721,#1651,.T.);
#3502=EDGE_CURVE('',#2722,#2721,#1652,.T.);
#3503=EDGE_CURVE('',#2712,#2722,#1653,.T.);
#3504=EDGE_CURVE('',#2723,#2722,#1654,.T.);
#3505=EDGE_CURVE('',#2713,#2723,#1655,.T.);
#3506=EDGE_CURVE('',#2720,#2723,#1656,.T.);
#3507=EDGE_CURVE('',#2715,#2724,#1657,.T.);
#3508=EDGE_CURVE('',#2724,#2724,#57,.T.);
#3509=EDGE_CURVE('',#2714,#2725,#1658,.T.);
#3510=EDGE_CURVE('',#2725,#2725,#58,.T.);
#3511=EDGE_CURVE('',#2726,#2727,#1659,.T.);
#3512=EDGE_CURVE('',#2727,#2728,#59,.T.);
#3513=EDGE_CURVE('',#2728,#2729,#1660,.T.);
#3514=EDGE_CURVE('',#2729,#2726,#60,.T.);
#3515=EDGE_CURVE('',#2716,#2727,#1661,.T.);
#3516=EDGE_CURVE('',#2719,#2728,#1662,.T.);
#3517=EDGE_CURVE('',#2717,#2726,#1663,.T.);
#3518=EDGE_CURVE('',#2718,#2729,#1664,.T.);
#3519=EDGE_CURVE('',#2730,#2730,#61,.T.);
#3520=EDGE_CURVE('',#2730,#2731,#1665,.T.);
#3521=EDGE_CURVE('',#2731,#2731,#62,.T.);
#3522=EDGE_CURVE('',#2732,#2733,#63,.T.);
#3523=EDGE_CURVE('',#2733,#2734,#1666,.T.);
#3524=EDGE_CURVE('',#2734,#2735,#64,.T.);
#3525=EDGE_CURVE('',#2735,#2732,#1667,.T.);
#3526=EDGE_CURVE('',#2736,#2737,#65,.T.);
#3527=EDGE_CURVE('',#2737,#2738,#1668,.T.);
#3528=EDGE_CURVE('',#2738,#2732,#66,.T.);
#3529=EDGE_CURVE('',#2732,#2736,#1669,.T.);
#3530=EDGE_CURVE('',#2738,#2733,#67,.T.);
#3531=EDGE_CURVE('',#2739,#2740,#68,.T.);
#3532=EDGE_CURVE('',#2740,#2741,#1670,.T.);
#3533=EDGE_CURVE('',#2741,#2736,#69,.T.);
#3534=EDGE_CURVE('',#2736,#2739,#1671,.T.);
#3535=EDGE_CURVE('',#2741,#2737,#70,.T.);
#3536=EDGE_CURVE('',#2735,#2742,#71,.T.);
#3537=EDGE_CURVE('',#2742,#2743,#1672,.T.);
#3538=EDGE_CURVE('',#2743,#2739,#72,.T.);
#3539=EDGE_CURVE('',#2739,#2735,#1673,.T.);
#3540=EDGE_CURVE('',#2743,#2740,#73,.T.);
#3541=EDGE_CURVE('',#2734,#2742,#74,.T.);
#3542=EDGE_CURVE('',#2741,#2744,#1674,.T.);
#3543=EDGE_CURVE('',#2744,#2745,#75,.T.);
#3544=EDGE_CURVE('',#2745,#2737,#1675,.T.);
#3545=EDGE_CURVE('',#2746,#2740,#1676,.T.);
#3546=EDGE_CURVE('',#2744,#2746,#1677,.T.);
#3547=EDGE_CURVE('',#2743,#2747,#1678,.T.);
#3548=EDGE_CURVE('',#2747,#2746,#76,.T.);
#3549=EDGE_CURVE('',#2748,#2742,#1679,.T.);
#3550=EDGE_CURVE('',#2747,#2748,#1680,.T.);
#3551=EDGE_CURVE('',#2749,#2748,#77,.T.);
#3552=EDGE_CURVE('',#2749,#2750,#1681,.T.);
#3553=EDGE_CURVE('',#2751,#2750,#78,.T.);
#3554=EDGE_CURVE('',#2751,#2745,#1682,.T.);
#3555=EDGE_CURVE('',#2734,#2749,#1683,.T.);
#3556=EDGE_CURVE('',#2750,#2733,#1684,.T.);
#3557=EDGE_CURVE('',#2738,#2751,#1685,.T.);
#3558=EDGE_CURVE('',#2752,#2753,#79,.T.);
#3559=EDGE_CURVE('',#2753,#2754,#1686,.T.);
#3560=EDGE_CURVE('',#2754,#2755,#80,.T.);
#3561=EDGE_CURVE('',#2755,#2752,#1687,.T.);
#3562=EDGE_CURVE('',#2756,#2755,#1688,.T.);
#3563=EDGE_CURVE('',#2757,#2756,#1689,.T.);
#3564=EDGE_CURVE('',#2752,#2757,#1690,.T.);
#3565=EDGE_CURVE('',#2754,#2758,#1691,.T.);
#3566=EDGE_CURVE('',#2759,#2758,#81,.T.);
#3567=EDGE_CURVE('',#2759,#2760,#1692,.T.);
#3568=EDGE_CURVE('',#2761,#2760,#82,.T.);
#3569=EDGE_CURVE('',#2761,#2762,#1693,.T.);
#3570=EDGE_CURVE('',#2756,#2762,#83,.T.);
#3571=EDGE_CURVE('',#2763,#2763,#84,.T.);
#3572=EDGE_CURVE('',#2764,#2765,#85,.T.);
#3573=EDGE_CURVE('',#2765,#2759,#1694,.T.);
#3574=EDGE_CURVE('',#2758,#2764,#1695,.T.);
#3575=EDGE_CURVE('',#2766,#2765,#1696,.T.);
#3576=EDGE_CURVE('',#2760,#2766,#1697,.T.);
#3577=EDGE_CURVE('',#2767,#2757,#86,.T.);
#3578=EDGE_CURVE('',#2767,#2768,#1698,.T.);
#3579=EDGE_CURVE('',#2766,#2768,#87,.T.);
#3580=EDGE_CURVE('',#2764,#2753,#1699,.T.);
#3581=EDGE_CURVE('',#2768,#2761,#1700,.T.);
#3582=EDGE_CURVE('',#2762,#2767,#1701,.T.);
#3583=EDGE_CURVE('',#2769,#2769,#88,.F.);
#3584=EDGE_CURVE('',#2769,#2763,#1702,.T.);
#3585=EDGE_CURVE('',#2770,#2771,#1703,.T.);
#3586=EDGE_CURVE('',#2770,#2772,#1704,.T.);
#3587=EDGE_CURVE('',#2772,#2773,#1705,.T.);
#3588=EDGE_CURVE('',#2773,#2771,#1706,.F.);
#3589=EDGE_CURVE('',#2774,#2770,#1707,.T.);
#3590=EDGE_CURVE('',#2774,#2775,#1708,.T.);
#3591=EDGE_CURVE('',#2775,#2772,#1709,.F.);
#3592=EDGE_CURVE('',#2776,#2774,#1710,.T.);
#3593=EDGE_CURVE('',#2776,#2777,#1711,.F.);
#3594=EDGE_CURVE('',#2775,#2777,#1712,.F.);
#3595=EDGE_CURVE('',#2777,#2773,#1713,.F.);
#3596=EDGE_CURVE('',#2771,#2776,#1714,.T.);
#3597=EDGE_CURVE('',#2778,#2779,#89,.T.);
#3598=EDGE_CURVE('',#2779,#2780,#1715,.T.);
#3599=EDGE_CURVE('',#2780,#2781,#90,.T.);
#3600=EDGE_CURVE('',#2781,#2778,#1716,.T.);
#3601=EDGE_CURVE('',#2781,#2782,#91,.T.);
#3602=EDGE_CURVE('',#2782,#2783,#1717,.T.);
#3603=EDGE_CURVE('',#2783,#2784,#92,.T.);
#3604=EDGE_CURVE('',#2784,#2781,#1718,.T.);
#3605=EDGE_CURVE('',#2785,#2786,#93,.T.);
#3606=EDGE_CURVE('',#2786,#2784,#1719,.T.);
#3607=EDGE_CURVE('',#2784,#2787,#94,.T.);
#3608=EDGE_CURVE('',#2787,#2785,#1720,.T.);
#3609=EDGE_CURVE('',#2783,#2787,#95,.T.);
#3610=EDGE_CURVE('',#2780,#2782,#96,.T.);
#3611=EDGE_CURVE('',#2778,#2786,#1721,.T.);
#3612=EDGE_CURVE('',#2788,#2787,#1722,.T.);
#3613=EDGE_CURVE('',#2788,#2789,#1723,.T.);
#3614=EDGE_CURVE('',#2785,#2789,#1724,.T.);
#3615=EDGE_CURVE('',#2783,#2790,#1725,.T.);
#3616=EDGE_CURVE('',#2790,#2788,#97,.T.);
#3617=EDGE_CURVE('',#2780,#2791,#1726,.T.);
#3618=EDGE_CURVE('',#2791,#2792,#98,.T.);
#3619=EDGE_CURVE('',#2792,#2782,#1727,.T.);
#3620=EDGE_CURVE('',#2792,#2790,#1728,.T.);
#3621=EDGE_CURVE('',#2793,#2779,#1729,.T.);
#3622=EDGE_CURVE('',#2791,#2793,#1730,.T.);
#3623=EDGE_CURVE('',#2789,#2793,#1731,.T.);
#3624=EDGE_CURVE('',#2794,#2795,#99,.T.);
#3625=EDGE_CURVE('',#2795,#2794,#100,.T.);
#3626=EDGE_CURVE('',#2796,#2795,#101,.T.);
#3627=EDGE_CURVE('',#2797,#2797,#102,.T.);
#3628=EDGE_CURVE('',#2797,#2794,#1732,.T.);
#3629=EDGE_CURVE('',#2798,#2798,#103,.T.);
#3630=EDGE_CURVE('',#2799,#2799,#104,.T.);
#3631=EDGE_CURVE('',#2800,#2800,#105,.T.);
#3632=EDGE_CURVE('',#2798,#2799,#1733,.T.);
#3633=EDGE_CURVE('',#2801,#2801,#106,.T.);
#3634=EDGE_CURVE('',#2802,#2802,#107,.T.);
#3635=EDGE_CURVE('',#2800,#2801,#1734,.T.);
#3636=EDGE_CURVE('',#2802,#2803,#1735,.T.);
#3637=EDGE_CURVE('',#2803,#2803,#108,.T.);
#3638=EDGE_CURVE('',#2804,#2804,#109,.T.);
#3639=EDGE_CURVE('',#2805,#2805,#110,.T.);
#3640=EDGE_CURVE('',#2805,#2804,#1736,.T.);
#3641=EDGE_CURVE('',#2806,#2807,#1737,.T.);
#3642=EDGE_CURVE('',#2807,#2808,#1738,.T.);
#3643=EDGE_CURVE('',#2808,#2809,#1739,.T.);
#3644=EDGE_CURVE('',#2809,#2806,#1740,.T.);
#3645=EDGE_CURVE('',#2806,#2810,#1741,.T.);
#3646=EDGE_CURVE('',#2811,#2810,#1742,.T.);
#3647=EDGE_CURVE('',#2811,#2807,#1743,.T.);
#3648=EDGE_CURVE('',#2812,#2811,#1744,.T.);
#3649=EDGE_CURVE('',#2812,#2808,#1745,.T.);
#3650=EDGE_CURVE('',#2813,#2812,#1746,.T.);
#3651=EDGE_CURVE('',#2813,#2809,#1747,.T.);
#3652=EDGE_CURVE('',#2810,#2813,#1748,.T.);
#3653=ORIENTED_EDGE('',*,*,#2814,.F.);
#3654=ORIENTED_EDGE('',*,*,#2815,.T.);
#3655=ORIENTED_EDGE('',*,*,#2816,.F.);
#3656=ORIENTED_EDGE('',*,*,#2817,.F.);
#3657=ORIENTED_EDGE('',*,*,#2818,.F.);
#3658=ORIENTED_EDGE('',*,*,#2817,.T.);
#3659=ORIENTED_EDGE('',*,*,#2819,.F.);
#3660=ORIENTED_EDGE('',*,*,#2820,.F.);
#3661=ORIENTED_EDGE('',*,*,#2821,.F.);
#3662=ORIENTED_EDGE('',*,*,#2820,.T.);
#3663=ORIENTED_EDGE('',*,*,#2822,.F.);
#3664=ORIENTED_EDGE('',*,*,#2823,.F.);
#3665=ORIENTED_EDGE('',*,*,#2824,.F.);
#3666=ORIENTED_EDGE('',*,*,#2823,.T.);
#3667=ORIENTED_EDGE('',*,*,#2825,.F.);
#3668=ORIENTED_EDGE('',*,*,#2826,.F.);
#3669=ORIENTED_EDGE('',*,*,#2827,.F.);
#3670=ORIENTED_EDGE('',*,*,#2826,.T.);
#3671=ORIENTED_EDGE('',*,*,#2828,.F.);
#3672=ORIENTED_EDGE('',*,*,#2829,.F.);
#3673=ORIENTED_EDGE('',*,*,#2830,.F.);
#3674=ORIENTED_EDGE('',*,*,#2829,.T.);
#3675=ORIENTED_EDGE('',*,*,#2831,.F.);
#3676=ORIENTED_EDGE('',*,*,#2832,.F.);
#3677=ORIENTED_EDGE('',*,*,#2833,.F.);
#3678=ORIENTED_EDGE('',*,*,#2832,.T.);
#3679=ORIENTED_EDGE('',*,*,#2834,.F.);
#3680=ORIENTED_EDGE('',*,*,#2835,.F.);
#3681=ORIENTED_EDGE('',*,*,#2836,.F.);
#3682=ORIENTED_EDGE('',*,*,#2835,.T.);
#3683=ORIENTED_EDGE('',*,*,#2837,.F.);
#3684=ORIENTED_EDGE('',*,*,#2838,.F.);
#3685=ORIENTED_EDGE('',*,*,#2839,.F.);
#3686=ORIENTED_EDGE('',*,*,#2838,.T.);
#3687=ORIENTED_EDGE('',*,*,#2840,.F.);
#3688=ORIENTED_EDGE('',*,*,#2815,.F.);
#3689=ORIENTED_EDGE('',*,*,#2841,.F.);
#3690=ORIENTED_EDGE('',*,*,#2842,.T.);
#3691=ORIENTED_EDGE('',*,*,#2843,.F.);
#3692=ORIENTED_EDGE('',*,*,#2844,.F.);
#3693=ORIENTED_EDGE('',*,*,#2845,.F.);
#3694=ORIENTED_EDGE('',*,*,#2844,.T.);
#3695=ORIENTED_EDGE('',*,*,#2846,.F.);
#3696=ORIENTED_EDGE('',*,*,#2847,.F.);
#3697=ORIENTED_EDGE('',*,*,#2848,.F.);
#3698=ORIENTED_EDGE('',*,*,#2847,.T.);
#3699=ORIENTED_EDGE('',*,*,#2849,.F.);
#3700=ORIENTED_EDGE('',*,*,#2850,.F.);
#3701=ORIENTED_EDGE('',*,*,#2851,.F.);
#3702=ORIENTED_EDGE('',*,*,#2850,.T.);
#3703=ORIENTED_EDGE('',*,*,#2852,.F.);
#3704=ORIENTED_EDGE('',*,*,#2853,.F.);
#3705=ORIENTED_EDGE('',*,*,#2854,.F.);
#3706=ORIENTED_EDGE('',*,*,#2853,.T.);
#3707=ORIENTED_EDGE('',*,*,#2855,.F.);
#3708=ORIENTED_EDGE('',*,*,#2856,.F.);
#3709=ORIENTED_EDGE('',*,*,#2857,.F.);
#3710=ORIENTED_EDGE('',*,*,#2856,.T.);
#3711=ORIENTED_EDGE('',*,*,#2858,.F.);
#3712=ORIENTED_EDGE('',*,*,#2859,.F.);
#3713=ORIENTED_EDGE('',*,*,#2860,.F.);
#3714=ORIENTED_EDGE('',*,*,#2859,.T.);
#3715=ORIENTED_EDGE('',*,*,#2861,.F.);
#3716=ORIENTED_EDGE('',*,*,#2862,.F.);
#3717=ORIENTED_EDGE('',*,*,#2863,.F.);
#3718=ORIENTED_EDGE('',*,*,#2862,.T.);
#3719=ORIENTED_EDGE('',*,*,#2864,.F.);
#3720=ORIENTED_EDGE('',*,*,#2865,.F.);
#3721=ORIENTED_EDGE('',*,*,#2866,.F.);
#3722=ORIENTED_EDGE('',*,*,#2865,.T.);
#3723=ORIENTED_EDGE('',*,*,#2867,.F.);
#3724=ORIENTED_EDGE('',*,*,#2842,.F.);
#3725=ORIENTED_EDGE('',*,*,#2868,.F.);
#3726=ORIENTED_EDGE('',*,*,#2869,.T.);
#3727=ORIENTED_EDGE('',*,*,#2870,.F.);
#3728=ORIENTED_EDGE('',*,*,#2871,.F.);
#3729=ORIENTED_EDGE('',*,*,#2872,.F.);
#3730=ORIENTED_EDGE('',*,*,#2871,.T.);
#3731=ORIENTED_EDGE('',*,*,#2873,.F.);
#3732=ORIENTED_EDGE('',*,*,#2874,.F.);
#3733=ORIENTED_EDGE('',*,*,#2875,.F.);
#3734=ORIENTED_EDGE('',*,*,#2874,.T.);
#3735=ORIENTED_EDGE('',*,*,#2876,.F.);
#3736=ORIENTED_EDGE('',*,*,#2877,.F.);
#3737=ORIENTED_EDGE('',*,*,#2878,.F.);
#3738=ORIENTED_EDGE('',*,*,#2877,.T.);
#3739=ORIENTED_EDGE('',*,*,#2879,.F.);
#3740=ORIENTED_EDGE('',*,*,#2880,.F.);
#3741=ORIENTED_EDGE('',*,*,#2881,.F.);
#3742=ORIENTED_EDGE('',*,*,#2880,.T.);
#3743=ORIENTED_EDGE('',*,*,#2882,.F.);
#3744=ORIENTED_EDGE('',*,*,#2883,.F.);
#3745=ORIENTED_EDGE('',*,*,#2884,.F.);
#3746=ORIENTED_EDGE('',*,*,#2883,.T.);
#3747=ORIENTED_EDGE('',*,*,#2885,.F.);
#3748=ORIENTED_EDGE('',*,*,#2886,.F.);
#3749=ORIENTED_EDGE('',*,*,#2887,.F.);
#3750=ORIENTED_EDGE('',*,*,#2886,.T.);
#3751=ORIENTED_EDGE('',*,*,#2888,.F.);
#3752=ORIENTED_EDGE('',*,*,#2889,.F.);
#3753=ORIENTED_EDGE('',*,*,#2890,.F.);
#3754=ORIENTED_EDGE('',*,*,#2889,.T.);
#3755=ORIENTED_EDGE('',*,*,#2891,.F.);
#3756=ORIENTED_EDGE('',*,*,#2892,.F.);
#3757=ORIENTED_EDGE('',*,*,#2893,.F.);
#3758=ORIENTED_EDGE('',*,*,#2892,.T.);
#3759=ORIENTED_EDGE('',*,*,#2894,.F.);
#3760=ORIENTED_EDGE('',*,*,#2895,.F.);
#3761=ORIENTED_EDGE('',*,*,#2896,.F.);
#3762=ORIENTED_EDGE('',*,*,#2895,.T.);
#3763=ORIENTED_EDGE('',*,*,#2897,.F.);
#3764=ORIENTED_EDGE('',*,*,#2898,.F.);
#3765=ORIENTED_EDGE('',*,*,#2899,.F.);
#3766=ORIENTED_EDGE('',*,*,#2898,.T.);
#3767=ORIENTED_EDGE('',*,*,#2900,.F.);
#3768=ORIENTED_EDGE('',*,*,#2901,.F.);
#3769=ORIENTED_EDGE('',*,*,#2902,.F.);
#3770=ORIENTED_EDGE('',*,*,#2901,.T.);
#3771=ORIENTED_EDGE('',*,*,#2903,.F.);
#3772=ORIENTED_EDGE('',*,*,#2904,.F.);
#3773=ORIENTED_EDGE('',*,*,#2905,.F.);
#3774=ORIENTED_EDGE('',*,*,#2904,.T.);
#3775=ORIENTED_EDGE('',*,*,#2906,.F.);
#3776=ORIENTED_EDGE('',*,*,#2907,.F.);
#3777=ORIENTED_EDGE('',*,*,#2908,.F.);
#3778=ORIENTED_EDGE('',*,*,#2907,.T.);
#3779=ORIENTED_EDGE('',*,*,#2909,.F.);
#3780=ORIENTED_EDGE('',*,*,#2910,.F.);
#3781=ORIENTED_EDGE('',*,*,#2911,.F.);
#3782=ORIENTED_EDGE('',*,*,#2910,.T.);
#3783=ORIENTED_EDGE('',*,*,#2912,.F.);
#3784=ORIENTED_EDGE('',*,*,#2869,.F.);
#3785=ORIENTED_EDGE('',*,*,#2912,.T.);
#3786=ORIENTED_EDGE('',*,*,#2909,.T.);
#3787=ORIENTED_EDGE('',*,*,#2906,.T.);
#3788=ORIENTED_EDGE('',*,*,#2903,.T.);
#3789=ORIENTED_EDGE('',*,*,#2900,.T.);
#3790=ORIENTED_EDGE('',*,*,#2897,.T.);
#3791=ORIENTED_EDGE('',*,*,#2894,.T.);
#3792=ORIENTED_EDGE('',*,*,#2891,.T.);
#3793=ORIENTED_EDGE('',*,*,#2888,.T.);
#3794=ORIENTED_EDGE('',*,*,#2885,.T.);
#3795=ORIENTED_EDGE('',*,*,#2882,.T.);
#3796=ORIENTED_EDGE('',*,*,#2879,.T.);
#3797=ORIENTED_EDGE('',*,*,#2876,.T.);
#3798=ORIENTED_EDGE('',*,*,#2873,.T.);
#3799=ORIENTED_EDGE('',*,*,#2870,.T.);
#3800=ORIENTED_EDGE('',*,*,#2867,.T.);
#3801=ORIENTED_EDGE('',*,*,#2864,.T.);
#3802=ORIENTED_EDGE('',*,*,#2861,.T.);
#3803=ORIENTED_EDGE('',*,*,#2858,.T.);
#3804=ORIENTED_EDGE('',*,*,#2855,.T.);
#3805=ORIENTED_EDGE('',*,*,#2852,.T.);
#3806=ORIENTED_EDGE('',*,*,#2849,.T.);
#3807=ORIENTED_EDGE('',*,*,#2846,.T.);
#3808=ORIENTED_EDGE('',*,*,#2843,.T.);
#3809=ORIENTED_EDGE('',*,*,#2840,.T.);
#3810=ORIENTED_EDGE('',*,*,#2837,.T.);
#3811=ORIENTED_EDGE('',*,*,#2834,.T.);
#3812=ORIENTED_EDGE('',*,*,#2831,.T.);
#3813=ORIENTED_EDGE('',*,*,#2828,.T.);
#3814=ORIENTED_EDGE('',*,*,#2825,.T.);
#3815=ORIENTED_EDGE('',*,*,#2822,.T.);
#3816=ORIENTED_EDGE('',*,*,#2819,.T.);
#3817=ORIENTED_EDGE('',*,*,#2816,.T.);
#3818=ORIENTED_EDGE('',*,*,#2913,.F.);
#3819=ORIENTED_EDGE('',*,*,#2914,.T.);
#3820=ORIENTED_EDGE('',*,*,#2915,.F.);
#3821=ORIENTED_EDGE('',*,*,#2916,.F.);
#3822=ORIENTED_EDGE('',*,*,#2917,.F.);
#3823=ORIENTED_EDGE('',*,*,#2916,.T.);
#3824=ORIENTED_EDGE('',*,*,#2918,.F.);
#3825=ORIENTED_EDGE('',*,*,#2919,.F.);
#3826=ORIENTED_EDGE('',*,*,#2920,.F.);
#3827=ORIENTED_EDGE('',*,*,#2919,.T.);
#3828=ORIENTED_EDGE('',*,*,#2921,.F.);
#3829=ORIENTED_EDGE('',*,*,#2922,.F.);
#3830=ORIENTED_EDGE('',*,*,#2923,.F.);
#3831=ORIENTED_EDGE('',*,*,#2922,.T.);
#3832=ORIENTED_EDGE('',*,*,#2924,.F.);
#3833=ORIENTED_EDGE('',*,*,#2925,.F.);
#3834=ORIENTED_EDGE('',*,*,#2926,.F.);
#3835=ORIENTED_EDGE('',*,*,#2925,.T.);
#3836=ORIENTED_EDGE('',*,*,#2927,.F.);
#3837=ORIENTED_EDGE('',*,*,#2928,.F.);
#3838=ORIENTED_EDGE('',*,*,#2929,.F.);
#3839=ORIENTED_EDGE('',*,*,#2928,.T.);
#3840=ORIENTED_EDGE('',*,*,#2930,.F.);
#3841=ORIENTED_EDGE('',*,*,#2931,.F.);
#3842=ORIENTED_EDGE('',*,*,#2932,.F.);
#3843=ORIENTED_EDGE('',*,*,#2931,.T.);
#3844=ORIENTED_EDGE('',*,*,#2933,.F.);
#3845=ORIENTED_EDGE('',*,*,#2934,.F.);
#3846=ORIENTED_EDGE('',*,*,#2935,.F.);
#3847=ORIENTED_EDGE('',*,*,#2934,.T.);
#3848=ORIENTED_EDGE('',*,*,#2936,.F.);
#3849=ORIENTED_EDGE('',*,*,#2937,.F.);
#3850=ORIENTED_EDGE('',*,*,#2938,.F.);
#3851=ORIENTED_EDGE('',*,*,#2937,.T.);
#3852=ORIENTED_EDGE('',*,*,#2939,.F.);
#3853=ORIENTED_EDGE('',*,*,#2940,.F.);
#3854=ORIENTED_EDGE('',*,*,#2941,.F.);
#3855=ORIENTED_EDGE('',*,*,#2940,.T.);
#3856=ORIENTED_EDGE('',*,*,#2942,.F.);
#3857=ORIENTED_EDGE('',*,*,#2943,.F.);
#3858=ORIENTED_EDGE('',*,*,#2944,.F.);
#3859=ORIENTED_EDGE('',*,*,#2943,.T.);
#3860=ORIENTED_EDGE('',*,*,#2945,.F.);
#3861=ORIENTED_EDGE('',*,*,#2946,.F.);
#3862=ORIENTED_EDGE('',*,*,#2947,.F.);
#3863=ORIENTED_EDGE('',*,*,#2946,.T.);
#3864=ORIENTED_EDGE('',*,*,#2948,.F.);
#3865=ORIENTED_EDGE('',*,*,#2949,.F.);
#3866=ORIENTED_EDGE('',*,*,#2950,.F.);
#3867=ORIENTED_EDGE('',*,*,#2949,.T.);
#3868=ORIENTED_EDGE('',*,*,#2951,.F.);
#3869=ORIENTED_EDGE('',*,*,#2952,.F.);
#3870=ORIENTED_EDGE('',*,*,#2953,.F.);
#3871=ORIENTED_EDGE('',*,*,#2952,.T.);
#3872=ORIENTED_EDGE('',*,*,#2954,.F.);
#3873=ORIENTED_EDGE('',*,*,#2955,.F.);
#3874=ORIENTED_EDGE('',*,*,#2956,.F.);
#3875=ORIENTED_EDGE('',*,*,#2955,.T.);
#3876=ORIENTED_EDGE('',*,*,#2957,.F.);
#3877=ORIENTED_EDGE('',*,*,#2958,.F.);
#3878=ORIENTED_EDGE('',*,*,#2959,.F.);
#3879=ORIENTED_EDGE('',*,*,#2958,.T.);
#3880=ORIENTED_EDGE('',*,*,#2960,.F.);
#3881=ORIENTED_EDGE('',*,*,#2961,.F.);
#3882=ORIENTED_EDGE('',*,*,#2962,.F.);
#3883=ORIENTED_EDGE('',*,*,#2961,.T.);
#3884=ORIENTED_EDGE('',*,*,#2963,.F.);
#3885=ORIENTED_EDGE('',*,*,#2964,.F.);
#3886=ORIENTED_EDGE('',*,*,#2965,.F.);
#3887=ORIENTED_EDGE('',*,*,#2964,.T.);
#3888=ORIENTED_EDGE('',*,*,#2966,.F.);
#3889=ORIENTED_EDGE('',*,*,#2967,.F.);
#3890=ORIENTED_EDGE('',*,*,#2968,.F.);
#3891=ORIENTED_EDGE('',*,*,#2967,.T.);
#3892=ORIENTED_EDGE('',*,*,#2969,.F.);
#3893=ORIENTED_EDGE('',*,*,#2970,.F.);
#3894=ORIENTED_EDGE('',*,*,#2971,.F.);
#3895=ORIENTED_EDGE('',*,*,#2970,.T.);
#3896=ORIENTED_EDGE('',*,*,#2972,.F.);
#3897=ORIENTED_EDGE('',*,*,#2973,.F.);
#3898=ORIENTED_EDGE('',*,*,#2974,.F.);
#3899=ORIENTED_EDGE('',*,*,#2973,.T.);
#3900=ORIENTED_EDGE('',*,*,#2975,.F.);
#3901=ORIENTED_EDGE('',*,*,#2976,.F.);
#3902=ORIENTED_EDGE('',*,*,#2977,.F.);
#3903=ORIENTED_EDGE('',*,*,#2976,.T.);
#3904=ORIENTED_EDGE('',*,*,#2978,.F.);
#3905=ORIENTED_EDGE('',*,*,#2979,.F.);
#3906=ORIENTED_EDGE('',*,*,#2980,.F.);
#3907=ORIENTED_EDGE('',*,*,#2979,.T.);
#3908=ORIENTED_EDGE('',*,*,#2981,.F.);
#3909=ORIENTED_EDGE('',*,*,#2982,.F.);
#3910=ORIENTED_EDGE('',*,*,#2983,.F.);
#3911=ORIENTED_EDGE('',*,*,#2982,.T.);
#3912=ORIENTED_EDGE('',*,*,#2984,.F.);
#3913=ORIENTED_EDGE('',*,*,#2985,.F.);
#3914=ORIENTED_EDGE('',*,*,#2986,.F.);
#3915=ORIENTED_EDGE('',*,*,#2985,.T.);
#3916=ORIENTED_EDGE('',*,*,#2987,.F.);
#3917=ORIENTED_EDGE('',*,*,#2988,.F.);
#3918=ORIENTED_EDGE('',*,*,#2989,.F.);
#3919=ORIENTED_EDGE('',*,*,#2988,.T.);
#3920=ORIENTED_EDGE('',*,*,#2990,.F.);
#3921=ORIENTED_EDGE('',*,*,#2914,.F.);
#3922=ORIENTED_EDGE('',*,*,#2990,.T.);
#3923=ORIENTED_EDGE('',*,*,#2987,.T.);
#3924=ORIENTED_EDGE('',*,*,#2984,.T.);
#3925=ORIENTED_EDGE('',*,*,#2981,.T.);
#3926=ORIENTED_EDGE('',*,*,#2978,.T.);
#3927=ORIENTED_EDGE('',*,*,#2975,.T.);
#3928=ORIENTED_EDGE('',*,*,#2972,.T.);
#3929=ORIENTED_EDGE('',*,*,#2969,.T.);
#3930=ORIENTED_EDGE('',*,*,#2966,.T.);
#3931=ORIENTED_EDGE('',*,*,#2963,.T.);
#3932=ORIENTED_EDGE('',*,*,#2960,.T.);
#3933=ORIENTED_EDGE('',*,*,#2957,.T.);
#3934=ORIENTED_EDGE('',*,*,#2954,.T.);
#3935=ORIENTED_EDGE('',*,*,#2951,.T.);
#3936=ORIENTED_EDGE('',*,*,#2948,.T.);
#3937=ORIENTED_EDGE('',*,*,#2945,.T.);
#3938=ORIENTED_EDGE('',*,*,#2942,.T.);
#3939=ORIENTED_EDGE('',*,*,#2939,.T.);
#3940=ORIENTED_EDGE('',*,*,#2936,.T.);
#3941=ORIENTED_EDGE('',*,*,#2933,.T.);
#3942=ORIENTED_EDGE('',*,*,#2930,.T.);
#3943=ORIENTED_EDGE('',*,*,#2927,.T.);
#3944=ORIENTED_EDGE('',*,*,#2924,.T.);
#3945=ORIENTED_EDGE('',*,*,#2921,.T.);
#3946=ORIENTED_EDGE('',*,*,#2918,.T.);
#3947=ORIENTED_EDGE('',*,*,#2915,.T.);
#3948=ORIENTED_EDGE('',*,*,#2991,.F.);
#3949=ORIENTED_EDGE('',*,*,#2992,.T.);
#3950=ORIENTED_EDGE('',*,*,#2993,.F.);
#3951=ORIENTED_EDGE('',*,*,#2994,.F.);
#3952=ORIENTED_EDGE('',*,*,#2995,.F.);
#3953=ORIENTED_EDGE('',*,*,#2994,.T.);
#3954=ORIENTED_EDGE('',*,*,#2996,.F.);
#3955=ORIENTED_EDGE('',*,*,#2997,.F.);
#3956=ORIENTED_EDGE('',*,*,#2998,.F.);
#3957=ORIENTED_EDGE('',*,*,#2997,.T.);
#3958=ORIENTED_EDGE('',*,*,#2999,.F.);
#3959=ORIENTED_EDGE('',*,*,#3000,.F.);
#3960=ORIENTED_EDGE('',*,*,#3001,.F.);
#3961=ORIENTED_EDGE('',*,*,#3000,.T.);
#3962=ORIENTED_EDGE('',*,*,#3002,.F.);
#3963=ORIENTED_EDGE('',*,*,#3003,.F.);
#3964=ORIENTED_EDGE('',*,*,#3004,.F.);
#3965=ORIENTED_EDGE('',*,*,#3003,.T.);
#3966=ORIENTED_EDGE('',*,*,#3005,.F.);
#3967=ORIENTED_EDGE('',*,*,#3006,.F.);
#3968=ORIENTED_EDGE('',*,*,#3007,.F.);
#3969=ORIENTED_EDGE('',*,*,#3006,.T.);
#3970=ORIENTED_EDGE('',*,*,#3008,.F.);
#3971=ORIENTED_EDGE('',*,*,#3009,.F.);
#3972=ORIENTED_EDGE('',*,*,#3010,.F.);
#3973=ORIENTED_EDGE('',*,*,#3009,.T.);
#3974=ORIENTED_EDGE('',*,*,#3011,.F.);
#3975=ORIENTED_EDGE('',*,*,#3012,.F.);
#3976=ORIENTED_EDGE('',*,*,#3013,.F.);
#3977=ORIENTED_EDGE('',*,*,#3012,.T.);
#3978=ORIENTED_EDGE('',*,*,#3014,.F.);
#3979=ORIENTED_EDGE('',*,*,#3015,.F.);
#3980=ORIENTED_EDGE('',*,*,#3016,.F.);
#3981=ORIENTED_EDGE('',*,*,#3015,.T.);
#3982=ORIENTED_EDGE('',*,*,#3017,.F.);
#3983=ORIENTED_EDGE('',*,*,#2992,.F.);
#3984=ORIENTED_EDGE('',*,*,#3017,.T.);
#3985=ORIENTED_EDGE('',*,*,#3014,.T.);
#3986=ORIENTED_EDGE('',*,*,#3011,.T.);
#3987=ORIENTED_EDGE('',*,*,#3008,.T.);
#3988=ORIENTED_EDGE('',*,*,#3005,.T.);
#3989=ORIENTED_EDGE('',*,*,#3002,.T.);
#3990=ORIENTED_EDGE('',*,*,#2999,.T.);
#3991=ORIENTED_EDGE('',*,*,#2996,.T.);
#3992=ORIENTED_EDGE('',*,*,#2993,.T.);
#3993=ORIENTED_EDGE('',*,*,#3018,.F.);
#3994=ORIENTED_EDGE('',*,*,#3019,.T.);
#3995=ORIENTED_EDGE('',*,*,#3020,.F.);
#3996=ORIENTED_EDGE('',*,*,#3021,.F.);
#3997=ORIENTED_EDGE('',*,*,#3022,.F.);
#3998=ORIENTED_EDGE('',*,*,#3021,.T.);
#3999=ORIENTED_EDGE('',*,*,#3023,.F.);
#4000=ORIENTED_EDGE('',*,*,#3024,.F.);
#4001=ORIENTED_EDGE('',*,*,#3025,.F.);
#4002=ORIENTED_EDGE('',*,*,#3024,.T.);
#4003=ORIENTED_EDGE('',*,*,#3026,.F.);
#4004=ORIENTED_EDGE('',*,*,#3027,.F.);
#4005=ORIENTED_EDGE('',*,*,#3028,.F.);
#4006=ORIENTED_EDGE('',*,*,#3027,.T.);
#4007=ORIENTED_EDGE('',*,*,#3029,.F.);
#4008=ORIENTED_EDGE('',*,*,#3030,.F.);
#4009=ORIENTED_EDGE('',*,*,#3031,.F.);
#4010=ORIENTED_EDGE('',*,*,#3030,.T.);
#4011=ORIENTED_EDGE('',*,*,#3032,.F.);
#4012=ORIENTED_EDGE('',*,*,#3033,.F.);
#4013=ORIENTED_EDGE('',*,*,#3034,.F.);
#4014=ORIENTED_EDGE('',*,*,#3033,.T.);
#4015=ORIENTED_EDGE('',*,*,#3035,.F.);
#4016=ORIENTED_EDGE('',*,*,#3036,.F.);
#4017=ORIENTED_EDGE('',*,*,#3037,.F.);
#4018=ORIENTED_EDGE('',*,*,#3036,.T.);
#4019=ORIENTED_EDGE('',*,*,#3038,.F.);
#4020=ORIENTED_EDGE('',*,*,#3039,.F.);
#4021=ORIENTED_EDGE('',*,*,#3040,.F.);
#4022=ORIENTED_EDGE('',*,*,#3039,.T.);
#4023=ORIENTED_EDGE('',*,*,#3041,.F.);
#4024=ORIENTED_EDGE('',*,*,#3019,.F.);
#4025=ORIENTED_EDGE('',*,*,#3042,.F.);
#4026=ORIENTED_EDGE('',*,*,#3043,.T.);
#4027=ORIENTED_EDGE('',*,*,#3044,.F.);
#4028=ORIENTED_EDGE('',*,*,#3045,.F.);
#4029=ORIENTED_EDGE('',*,*,#3046,.F.);
#4030=ORIENTED_EDGE('',*,*,#3045,.T.);
#4031=ORIENTED_EDGE('',*,*,#3047,.F.);
#4032=ORIENTED_EDGE('',*,*,#3048,.F.);
#4033=ORIENTED_EDGE('',*,*,#3049,.F.);
#4034=ORIENTED_EDGE('',*,*,#3048,.T.);
#4035=ORIENTED_EDGE('',*,*,#3050,.F.);
#4036=ORIENTED_EDGE('',*,*,#3051,.F.);
#4037=ORIENTED_EDGE('',*,*,#3052,.F.);
#4038=ORIENTED_EDGE('',*,*,#3051,.T.);
#4039=ORIENTED_EDGE('',*,*,#3053,.F.);
#4040=ORIENTED_EDGE('',*,*,#3054,.F.);
#4041=ORIENTED_EDGE('',*,*,#3055,.F.);
#4042=ORIENTED_EDGE('',*,*,#3054,.T.);
#4043=ORIENTED_EDGE('',*,*,#3056,.F.);
#4044=ORIENTED_EDGE('',*,*,#3057,.F.);
#4045=ORIENTED_EDGE('',*,*,#3058,.F.);
#4046=ORIENTED_EDGE('',*,*,#3057,.T.);
#4047=ORIENTED_EDGE('',*,*,#3059,.F.);
#4048=ORIENTED_EDGE('',*,*,#3060,.F.);
#4049=ORIENTED_EDGE('',*,*,#3061,.F.);
#4050=ORIENTED_EDGE('',*,*,#3060,.T.);
#4051=ORIENTED_EDGE('',*,*,#3062,.F.);
#4052=ORIENTED_EDGE('',*,*,#3063,.F.);
#4053=ORIENTED_EDGE('',*,*,#3064,.F.);
#4054=ORIENTED_EDGE('',*,*,#3063,.T.);
#4055=ORIENTED_EDGE('',*,*,#3065,.F.);
#4056=ORIENTED_EDGE('',*,*,#3043,.F.);
#4057=ORIENTED_EDGE('',*,*,#3066,.F.);
#4058=ORIENTED_EDGE('',*,*,#3067,.T.);
#4059=ORIENTED_EDGE('',*,*,#3068,.F.);
#4060=ORIENTED_EDGE('',*,*,#3069,.F.);
#4061=ORIENTED_EDGE('',*,*,#3070,.F.);
#4062=ORIENTED_EDGE('',*,*,#3069,.T.);
#4063=ORIENTED_EDGE('',*,*,#3071,.F.);
#4064=ORIENTED_EDGE('',*,*,#3072,.F.);
#4065=ORIENTED_EDGE('',*,*,#3073,.F.);
#4066=ORIENTED_EDGE('',*,*,#3072,.T.);
#4067=ORIENTED_EDGE('',*,*,#3074,.F.);
#4068=ORIENTED_EDGE('',*,*,#3075,.F.);
#4069=ORIENTED_EDGE('',*,*,#3076,.F.);
#4070=ORIENTED_EDGE('',*,*,#3075,.T.);
#4071=ORIENTED_EDGE('',*,*,#3077,.F.);
#4072=ORIENTED_EDGE('',*,*,#3078,.F.);
#4073=ORIENTED_EDGE('',*,*,#3079,.F.);
#4074=ORIENTED_EDGE('',*,*,#3078,.T.);
#4075=ORIENTED_EDGE('',*,*,#3080,.F.);
#4076=ORIENTED_EDGE('',*,*,#3081,.F.);
#4077=ORIENTED_EDGE('',*,*,#3082,.F.);
#4078=ORIENTED_EDGE('',*,*,#3081,.T.);
#4079=ORIENTED_EDGE('',*,*,#3083,.F.);
#4080=ORIENTED_EDGE('',*,*,#3084,.F.);
#4081=ORIENTED_EDGE('',*,*,#3085,.F.);
#4082=ORIENTED_EDGE('',*,*,#3084,.T.);
#4083=ORIENTED_EDGE('',*,*,#3086,.F.);
#4084=ORIENTED_EDGE('',*,*,#3087,.F.);
#4085=ORIENTED_EDGE('',*,*,#3088,.F.);
#4086=ORIENTED_EDGE('',*,*,#3087,.T.);
#4087=ORIENTED_EDGE('',*,*,#3089,.F.);
#4088=ORIENTED_EDGE('',*,*,#3090,.F.);
#4089=ORIENTED_EDGE('',*,*,#3091,.F.);
#4090=ORIENTED_EDGE('',*,*,#3090,.T.);
#4091=ORIENTED_EDGE('',*,*,#3092,.F.);
#4092=ORIENTED_EDGE('',*,*,#3093,.F.);
#4093=ORIENTED_EDGE('',*,*,#3094,.F.);
#4094=ORIENTED_EDGE('',*,*,#3093,.T.);
#4095=ORIENTED_EDGE('',*,*,#3095,.F.);
#4096=ORIENTED_EDGE('',*,*,#3096,.F.);
#4097=ORIENTED_EDGE('',*,*,#3097,.F.);
#4098=ORIENTED_EDGE('',*,*,#3096,.T.);
#4099=ORIENTED_EDGE('',*,*,#3098,.F.);
#4100=ORIENTED_EDGE('',*,*,#3099,.F.);
#4101=ORIENTED_EDGE('',*,*,#3100,.F.);
#4102=ORIENTED_EDGE('',*,*,#3099,.T.);
#4103=ORIENTED_EDGE('',*,*,#3101,.F.);
#4104=ORIENTED_EDGE('',*,*,#3102,.F.);
#4105=ORIENTED_EDGE('',*,*,#3103,.F.);
#4106=ORIENTED_EDGE('',*,*,#3102,.T.);
#4107=ORIENTED_EDGE('',*,*,#3104,.F.);
#4108=ORIENTED_EDGE('',*,*,#3105,.F.);
#4109=ORIENTED_EDGE('',*,*,#3106,.F.);
#4110=ORIENTED_EDGE('',*,*,#3105,.T.);
#4111=ORIENTED_EDGE('',*,*,#3107,.F.);
#4112=ORIENTED_EDGE('',*,*,#3108,.F.);
#4113=ORIENTED_EDGE('',*,*,#3109,.F.);
#4114=ORIENTED_EDGE('',*,*,#3108,.T.);
#4115=ORIENTED_EDGE('',*,*,#3110,.F.);
#4116=ORIENTED_EDGE('',*,*,#3111,.F.);
#4117=ORIENTED_EDGE('',*,*,#3112,.F.);
#4118=ORIENTED_EDGE('',*,*,#3111,.T.);
#4119=ORIENTED_EDGE('',*,*,#3113,.F.);
#4120=ORIENTED_EDGE('',*,*,#3114,.F.);
#4121=ORIENTED_EDGE('',*,*,#3115,.F.);
#4122=ORIENTED_EDGE('',*,*,#3114,.T.);
#4123=ORIENTED_EDGE('',*,*,#3116,.F.);
#4124=ORIENTED_EDGE('',*,*,#3117,.F.);
#4125=ORIENTED_EDGE('',*,*,#3118,.F.);
#4126=ORIENTED_EDGE('',*,*,#3117,.T.);
#4127=ORIENTED_EDGE('',*,*,#3119,.F.);
#4128=ORIENTED_EDGE('',*,*,#3120,.F.);
#4129=ORIENTED_EDGE('',*,*,#3121,.F.);
#4130=ORIENTED_EDGE('',*,*,#3120,.T.);
#4131=ORIENTED_EDGE('',*,*,#3122,.F.);
#4132=ORIENTED_EDGE('',*,*,#3067,.F.);
#4133=ORIENTED_EDGE('',*,*,#3122,.T.);
#4134=ORIENTED_EDGE('',*,*,#3119,.T.);
#4135=ORIENTED_EDGE('',*,*,#3116,.T.);
#4136=ORIENTED_EDGE('',*,*,#3113,.T.);
#4137=ORIENTED_EDGE('',*,*,#3110,.T.);
#4138=ORIENTED_EDGE('',*,*,#3107,.T.);
#4139=ORIENTED_EDGE('',*,*,#3104,.T.);
#4140=ORIENTED_EDGE('',*,*,#3101,.T.);
#4141=ORIENTED_EDGE('',*,*,#3098,.T.);
#4142=ORIENTED_EDGE('',*,*,#3095,.T.);
#4143=ORIENTED_EDGE('',*,*,#3092,.T.);
#4144=ORIENTED_EDGE('',*,*,#3089,.T.);
#4145=ORIENTED_EDGE('',*,*,#3086,.T.);
#4146=ORIENTED_EDGE('',*,*,#3083,.T.);
#4147=ORIENTED_EDGE('',*,*,#3080,.T.);
#4148=ORIENTED_EDGE('',*,*,#3077,.T.);
#4149=ORIENTED_EDGE('',*,*,#3074,.T.);
#4150=ORIENTED_EDGE('',*,*,#3071,.T.);
#4151=ORIENTED_EDGE('',*,*,#3068,.T.);
#4152=ORIENTED_EDGE('',*,*,#3065,.T.);
#4153=ORIENTED_EDGE('',*,*,#3062,.T.);
#4154=ORIENTED_EDGE('',*,*,#3059,.T.);
#4155=ORIENTED_EDGE('',*,*,#3056,.T.);
#4156=ORIENTED_EDGE('',*,*,#3053,.T.);
#4157=ORIENTED_EDGE('',*,*,#3050,.T.);
#4158=ORIENTED_EDGE('',*,*,#3047,.T.);
#4159=ORIENTED_EDGE('',*,*,#3044,.T.);
#4160=ORIENTED_EDGE('',*,*,#3041,.T.);
#4161=ORIENTED_EDGE('',*,*,#3038,.T.);
#4162=ORIENTED_EDGE('',*,*,#3035,.T.);
#4163=ORIENTED_EDGE('',*,*,#3032,.T.);
#4164=ORIENTED_EDGE('',*,*,#3029,.T.);
#4165=ORIENTED_EDGE('',*,*,#3026,.T.);
#4166=ORIENTED_EDGE('',*,*,#3023,.T.);
#4167=ORIENTED_EDGE('',*,*,#3020,.T.);
#4168=ORIENTED_EDGE('',*,*,#3123,.F.);
#4169=ORIENTED_EDGE('',*,*,#3124,.T.);
#4170=ORIENTED_EDGE('',*,*,#3125,.F.);
#4171=ORIENTED_EDGE('',*,*,#3126,.F.);
#4172=ORIENTED_EDGE('',*,*,#3127,.F.);
#4173=ORIENTED_EDGE('',*,*,#3126,.T.);
#4174=ORIENTED_EDGE('',*,*,#3128,.F.);
#4175=ORIENTED_EDGE('',*,*,#3129,.F.);
#4176=ORIENTED_EDGE('',*,*,#3130,.F.);
#4177=ORIENTED_EDGE('',*,*,#3129,.T.);
#4178=ORIENTED_EDGE('',*,*,#3131,.F.);
#4179=ORIENTED_EDGE('',*,*,#3132,.F.);
#4180=ORIENTED_EDGE('',*,*,#3133,.F.);
#4181=ORIENTED_EDGE('',*,*,#3132,.T.);
#4182=ORIENTED_EDGE('',*,*,#3134,.F.);
#4183=ORIENTED_EDGE('',*,*,#3135,.F.);
#4184=ORIENTED_EDGE('',*,*,#3136,.F.);
#4185=ORIENTED_EDGE('',*,*,#3135,.T.);
#4186=ORIENTED_EDGE('',*,*,#3137,.F.);
#4187=ORIENTED_EDGE('',*,*,#3138,.F.);
#4188=ORIENTED_EDGE('',*,*,#3139,.F.);
#4189=ORIENTED_EDGE('',*,*,#3138,.T.);
#4190=ORIENTED_EDGE('',*,*,#3140,.F.);
#4191=ORIENTED_EDGE('',*,*,#3141,.F.);
#4192=ORIENTED_EDGE('',*,*,#3142,.F.);
#4193=ORIENTED_EDGE('',*,*,#3141,.T.);
#4194=ORIENTED_EDGE('',*,*,#3143,.F.);
#4195=ORIENTED_EDGE('',*,*,#3144,.F.);
#4196=ORIENTED_EDGE('',*,*,#3145,.F.);
#4197=ORIENTED_EDGE('',*,*,#3144,.T.);
#4198=ORIENTED_EDGE('',*,*,#3146,.F.);
#4199=ORIENTED_EDGE('',*,*,#3147,.F.);
#4200=ORIENTED_EDGE('',*,*,#3148,.F.);
#4201=ORIENTED_EDGE('',*,*,#3147,.T.);
#4202=ORIENTED_EDGE('',*,*,#3149,.F.);
#4203=ORIENTED_EDGE('',*,*,#3150,.F.);
#4204=ORIENTED_EDGE('',*,*,#3151,.F.);
#4205=ORIENTED_EDGE('',*,*,#3150,.T.);
#4206=ORIENTED_EDGE('',*,*,#3152,.F.);
#4207=ORIENTED_EDGE('',*,*,#3153,.F.);
#4208=ORIENTED_EDGE('',*,*,#3154,.F.);
#4209=ORIENTED_EDGE('',*,*,#3153,.T.);
#4210=ORIENTED_EDGE('',*,*,#3155,.F.);
#4211=ORIENTED_EDGE('',*,*,#3156,.F.);
#4212=ORIENTED_EDGE('',*,*,#3157,.F.);
#4213=ORIENTED_EDGE('',*,*,#3156,.T.);
#4214=ORIENTED_EDGE('',*,*,#3158,.F.);
#4215=ORIENTED_EDGE('',*,*,#3159,.F.);
#4216=ORIENTED_EDGE('',*,*,#3160,.F.);
#4217=ORIENTED_EDGE('',*,*,#3159,.T.);
#4218=ORIENTED_EDGE('',*,*,#3161,.F.);
#4219=ORIENTED_EDGE('',*,*,#3124,.F.);
#4220=ORIENTED_EDGE('',*,*,#3161,.T.);
#4221=ORIENTED_EDGE('',*,*,#3158,.T.);
#4222=ORIENTED_EDGE('',*,*,#3155,.T.);
#4223=ORIENTED_EDGE('',*,*,#3152,.T.);
#4224=ORIENTED_EDGE('',*,*,#3149,.T.);
#4225=ORIENTED_EDGE('',*,*,#3146,.T.);
#4226=ORIENTED_EDGE('',*,*,#3143,.T.);
#4227=ORIENTED_EDGE('',*,*,#3140,.T.);
#4228=ORIENTED_EDGE('',*,*,#3137,.T.);
#4229=ORIENTED_EDGE('',*,*,#3134,.T.);
#4230=ORIENTED_EDGE('',*,*,#3131,.T.);
#4231=ORIENTED_EDGE('',*,*,#3128,.T.);
#4232=ORIENTED_EDGE('',*,*,#3125,.T.);
#4233=ORIENTED_EDGE('',*,*,#3162,.F.);
#4234=ORIENTED_EDGE('',*,*,#3163,.T.);
#4235=ORIENTED_EDGE('',*,*,#3164,.F.);
#4236=ORIENTED_EDGE('',*,*,#3165,.F.);
#4237=ORIENTED_EDGE('',*,*,#3166,.F.);
#4238=ORIENTED_EDGE('',*,*,#3165,.T.);
#4239=ORIENTED_EDGE('',*,*,#3167,.F.);
#4240=ORIENTED_EDGE('',*,*,#3168,.F.);
#4241=ORIENTED_EDGE('',*,*,#3169,.F.);
#4242=ORIENTED_EDGE('',*,*,#3168,.T.);
#4243=ORIENTED_EDGE('',*,*,#3170,.F.);
#4244=ORIENTED_EDGE('',*,*,#3163,.F.);
#4245=ORIENTED_EDGE('',*,*,#3171,.F.);
#4246=ORIENTED_EDGE('',*,*,#3172,.T.);
#4247=ORIENTED_EDGE('',*,*,#3173,.F.);
#4248=ORIENTED_EDGE('',*,*,#3174,.F.);
#4249=ORIENTED_EDGE('',*,*,#3175,.F.);
#4250=ORIENTED_EDGE('',*,*,#3174,.T.);
#4251=ORIENTED_EDGE('',*,*,#3176,.F.);
#4252=ORIENTED_EDGE('',*,*,#3177,.F.);
#4253=ORIENTED_EDGE('',*,*,#3178,.F.);
#4254=ORIENTED_EDGE('',*,*,#3177,.T.);
#4255=ORIENTED_EDGE('',*,*,#3179,.F.);
#4256=ORIENTED_EDGE('',*,*,#3180,.F.);
#4257=ORIENTED_EDGE('',*,*,#3181,.F.);
#4258=ORIENTED_EDGE('',*,*,#3180,.T.);
#4259=ORIENTED_EDGE('',*,*,#3182,.F.);
#4260=ORIENTED_EDGE('',*,*,#3183,.F.);
#4261=ORIENTED_EDGE('',*,*,#3184,.F.);
#4262=ORIENTED_EDGE('',*,*,#3183,.T.);
#4263=ORIENTED_EDGE('',*,*,#3185,.F.);
#4264=ORIENTED_EDGE('',*,*,#3186,.F.);
#4265=ORIENTED_EDGE('',*,*,#3187,.F.);
#4266=ORIENTED_EDGE('',*,*,#3186,.T.);
#4267=ORIENTED_EDGE('',*,*,#3188,.F.);
#4268=ORIENTED_EDGE('',*,*,#3189,.F.);
#4269=ORIENTED_EDGE('',*,*,#3190,.F.);
#4270=ORIENTED_EDGE('',*,*,#3189,.T.);
#4271=ORIENTED_EDGE('',*,*,#3191,.F.);
#4272=ORIENTED_EDGE('',*,*,#3192,.F.);
#4273=ORIENTED_EDGE('',*,*,#3193,.F.);
#4274=ORIENTED_EDGE('',*,*,#3192,.T.);
#4275=ORIENTED_EDGE('',*,*,#3194,.F.);
#4276=ORIENTED_EDGE('',*,*,#3172,.F.);
#4277=ORIENTED_EDGE('',*,*,#3194,.T.);
#4278=ORIENTED_EDGE('',*,*,#3191,.T.);
#4279=ORIENTED_EDGE('',*,*,#3188,.T.);
#4280=ORIENTED_EDGE('',*,*,#3185,.T.);
#4281=ORIENTED_EDGE('',*,*,#3182,.T.);
#4282=ORIENTED_EDGE('',*,*,#3179,.T.);
#4283=ORIENTED_EDGE('',*,*,#3176,.T.);
#4284=ORIENTED_EDGE('',*,*,#3173,.T.);
#4285=ORIENTED_EDGE('',*,*,#3170,.T.);
#4286=ORIENTED_EDGE('',*,*,#3167,.T.);
#4287=ORIENTED_EDGE('',*,*,#3164,.T.);
#4288=ORIENTED_EDGE('',*,*,#3195,.F.);
#4289=ORIENTED_EDGE('',*,*,#3196,.T.);
#4290=ORIENTED_EDGE('',*,*,#3197,.F.);
#4291=ORIENTED_EDGE('',*,*,#3198,.F.);
#4292=ORIENTED_EDGE('',*,*,#3199,.F.);
#4293=ORIENTED_EDGE('',*,*,#3198,.T.);
#4294=ORIENTED_EDGE('',*,*,#3200,.F.);
#4295=ORIENTED_EDGE('',*,*,#3201,.F.);
#4296=ORIENTED_EDGE('',*,*,#3202,.F.);
#4297=ORIENTED_EDGE('',*,*,#3201,.T.);
#4298=ORIENTED_EDGE('',*,*,#3203,.F.);
#4299=ORIENTED_EDGE('',*,*,#3204,.F.);
#4300=ORIENTED_EDGE('',*,*,#3205,.F.);
#4301=ORIENTED_EDGE('',*,*,#3204,.T.);
#4302=ORIENTED_EDGE('',*,*,#3206,.F.);
#4303=ORIENTED_EDGE('',*,*,#3207,.F.);
#4304=ORIENTED_EDGE('',*,*,#3208,.F.);
#4305=ORIENTED_EDGE('',*,*,#3207,.T.);
#4306=ORIENTED_EDGE('',*,*,#3209,.F.);
#4307=ORIENTED_EDGE('',*,*,#3210,.F.);
#4308=ORIENTED_EDGE('',*,*,#3211,.F.);
#4309=ORIENTED_EDGE('',*,*,#3210,.T.);
#4310=ORIENTED_EDGE('',*,*,#3212,.F.);
#4311=ORIENTED_EDGE('',*,*,#3213,.F.);
#4312=ORIENTED_EDGE('',*,*,#3214,.F.);
#4313=ORIENTED_EDGE('',*,*,#3213,.T.);
#4314=ORIENTED_EDGE('',*,*,#3215,.F.);
#4315=ORIENTED_EDGE('',*,*,#3216,.F.);
#4316=ORIENTED_EDGE('',*,*,#3217,.F.);
#4317=ORIENTED_EDGE('',*,*,#3216,.T.);
#4318=ORIENTED_EDGE('',*,*,#3218,.F.);
#4319=ORIENTED_EDGE('',*,*,#3219,.F.);
#4320=ORIENTED_EDGE('',*,*,#3220,.F.);
#4321=ORIENTED_EDGE('',*,*,#3219,.T.);
#4322=ORIENTED_EDGE('',*,*,#3221,.F.);
#4323=ORIENTED_EDGE('',*,*,#3222,.F.);
#4324=ORIENTED_EDGE('',*,*,#3223,.F.);
#4325=ORIENTED_EDGE('',*,*,#3222,.T.);
#4326=ORIENTED_EDGE('',*,*,#3224,.F.);
#4327=ORIENTED_EDGE('',*,*,#3225,.F.);
#4328=ORIENTED_EDGE('',*,*,#3226,.F.);
#4329=ORIENTED_EDGE('',*,*,#3225,.T.);
#4330=ORIENTED_EDGE('',*,*,#3227,.F.);
#4331=ORIENTED_EDGE('',*,*,#3228,.F.);
#4332=ORIENTED_EDGE('',*,*,#3229,.F.);
#4333=ORIENTED_EDGE('',*,*,#3228,.T.);
#4334=ORIENTED_EDGE('',*,*,#3230,.F.);
#4335=ORIENTED_EDGE('',*,*,#3231,.F.);
#4336=ORIENTED_EDGE('',*,*,#3232,.F.);
#4337=ORIENTED_EDGE('',*,*,#3231,.T.);
#4338=ORIENTED_EDGE('',*,*,#3233,.F.);
#4339=ORIENTED_EDGE('',*,*,#3234,.F.);
#4340=ORIENTED_EDGE('',*,*,#3235,.F.);
#4341=ORIENTED_EDGE('',*,*,#3234,.T.);
#4342=ORIENTED_EDGE('',*,*,#3236,.F.);
#4343=ORIENTED_EDGE('',*,*,#3237,.F.);
#4344=ORIENTED_EDGE('',*,*,#3238,.F.);
#4345=ORIENTED_EDGE('',*,*,#3237,.T.);
#4346=ORIENTED_EDGE('',*,*,#3239,.F.);
#4347=ORIENTED_EDGE('',*,*,#3240,.F.);
#4348=ORIENTED_EDGE('',*,*,#3241,.F.);
#4349=ORIENTED_EDGE('',*,*,#3240,.T.);
#4350=ORIENTED_EDGE('',*,*,#3242,.F.);
#4351=ORIENTED_EDGE('',*,*,#3243,.F.);
#4352=ORIENTED_EDGE('',*,*,#3244,.F.);
#4353=ORIENTED_EDGE('',*,*,#3243,.T.);
#4354=ORIENTED_EDGE('',*,*,#3245,.F.);
#4355=ORIENTED_EDGE('',*,*,#3246,.F.);
#4356=ORIENTED_EDGE('',*,*,#3247,.F.);
#4357=ORIENTED_EDGE('',*,*,#3246,.T.);
#4358=ORIENTED_EDGE('',*,*,#3248,.F.);
#4359=ORIENTED_EDGE('',*,*,#3196,.F.);
#4360=ORIENTED_EDGE('',*,*,#3248,.T.);
#4361=ORIENTED_EDGE('',*,*,#3245,.T.);
#4362=ORIENTED_EDGE('',*,*,#3242,.T.);
#4363=ORIENTED_EDGE('',*,*,#3239,.T.);
#4364=ORIENTED_EDGE('',*,*,#3236,.T.);
#4365=ORIENTED_EDGE('',*,*,#3233,.T.);
#4366=ORIENTED_EDGE('',*,*,#3230,.T.);
#4367=ORIENTED_EDGE('',*,*,#3227,.T.);
#4368=ORIENTED_EDGE('',*,*,#3224,.T.);
#4369=ORIENTED_EDGE('',*,*,#3221,.T.);
#4370=ORIENTED_EDGE('',*,*,#3218,.T.);
#4371=ORIENTED_EDGE('',*,*,#3215,.T.);
#4372=ORIENTED_EDGE('',*,*,#3212,.T.);
#4373=ORIENTED_EDGE('',*,*,#3209,.T.);
#4374=ORIENTED_EDGE('',*,*,#3206,.T.);
#4375=ORIENTED_EDGE('',*,*,#3203,.T.);
#4376=ORIENTED_EDGE('',*,*,#3200,.T.);
#4377=ORIENTED_EDGE('',*,*,#3197,.T.);
#4378=ORIENTED_EDGE('',*,*,#3249,.F.);
#4379=ORIENTED_EDGE('',*,*,#3250,.T.);
#4380=ORIENTED_EDGE('',*,*,#3251,.F.);
#4381=ORIENTED_EDGE('',*,*,#3252,.F.);
#4382=ORIENTED_EDGE('',*,*,#3253,.F.);
#4383=ORIENTED_EDGE('',*,*,#3252,.T.);
#4384=ORIENTED_EDGE('',*,*,#3254,.F.);
#4385=ORIENTED_EDGE('',*,*,#3255,.F.);
#4386=ORIENTED_EDGE('',*,*,#3256,.F.);
#4387=ORIENTED_EDGE('',*,*,#3255,.T.);
#4388=ORIENTED_EDGE('',*,*,#3257,.F.);
#4389=ORIENTED_EDGE('',*,*,#3258,.F.);
#4390=ORIENTED_EDGE('',*,*,#3259,.F.);
#4391=ORIENTED_EDGE('',*,*,#3258,.T.);
#4392=ORIENTED_EDGE('',*,*,#3260,.F.);
#4393=ORIENTED_EDGE('',*,*,#3261,.F.);
#4394=ORIENTED_EDGE('',*,*,#3262,.F.);
#4395=ORIENTED_EDGE('',*,*,#3261,.T.);
#4396=ORIENTED_EDGE('',*,*,#3263,.F.);
#4397=ORIENTED_EDGE('',*,*,#3264,.F.);
#4398=ORIENTED_EDGE('',*,*,#3265,.F.);
#4399=ORIENTED_EDGE('',*,*,#3264,.T.);
#4400=ORIENTED_EDGE('',*,*,#3266,.F.);
#4401=ORIENTED_EDGE('',*,*,#3267,.F.);
#4402=ORIENTED_EDGE('',*,*,#3268,.F.);
#4403=ORIENTED_EDGE('',*,*,#3267,.T.);
#4404=ORIENTED_EDGE('',*,*,#3269,.F.);
#4405=ORIENTED_EDGE('',*,*,#3270,.F.);
#4406=ORIENTED_EDGE('',*,*,#3271,.F.);
#4407=ORIENTED_EDGE('',*,*,#3270,.T.);
#4408=ORIENTED_EDGE('',*,*,#3272,.F.);
#4409=ORIENTED_EDGE('',*,*,#3273,.F.);
#4410=ORIENTED_EDGE('',*,*,#3274,.F.);
#4411=ORIENTED_EDGE('',*,*,#3273,.T.);
#4412=ORIENTED_EDGE('',*,*,#3275,.F.);
#4413=ORIENTED_EDGE('',*,*,#3276,.F.);
#4414=ORIENTED_EDGE('',*,*,#3277,.F.);
#4415=ORIENTED_EDGE('',*,*,#3276,.T.);
#4416=ORIENTED_EDGE('',*,*,#3278,.F.);
#4417=ORIENTED_EDGE('',*,*,#3279,.F.);
#4418=ORIENTED_EDGE('',*,*,#3280,.F.);
#4419=ORIENTED_EDGE('',*,*,#3279,.T.);
#4420=ORIENTED_EDGE('',*,*,#3281,.F.);
#4421=ORIENTED_EDGE('',*,*,#3282,.F.);
#4422=ORIENTED_EDGE('',*,*,#3283,.F.);
#4423=ORIENTED_EDGE('',*,*,#3282,.T.);
#4424=ORIENTED_EDGE('',*,*,#3284,.F.);
#4425=ORIENTED_EDGE('',*,*,#3285,.F.);
#4426=ORIENTED_EDGE('',*,*,#3286,.F.);
#4427=ORIENTED_EDGE('',*,*,#3285,.T.);
#4428=ORIENTED_EDGE('',*,*,#3287,.F.);
#4429=ORIENTED_EDGE('',*,*,#3288,.F.);
#4430=ORIENTED_EDGE('',*,*,#3289,.F.);
#4431=ORIENTED_EDGE('',*,*,#3288,.T.);
#4432=ORIENTED_EDGE('',*,*,#3290,.F.);
#4433=ORIENTED_EDGE('',*,*,#3291,.F.);
#4434=ORIENTED_EDGE('',*,*,#3292,.F.);
#4435=ORIENTED_EDGE('',*,*,#3291,.T.);
#4436=ORIENTED_EDGE('',*,*,#3293,.F.);
#4437=ORIENTED_EDGE('',*,*,#3294,.F.);
#4438=ORIENTED_EDGE('',*,*,#3295,.F.);
#4439=ORIENTED_EDGE('',*,*,#3294,.T.);
#4440=ORIENTED_EDGE('',*,*,#3296,.F.);
#4441=ORIENTED_EDGE('',*,*,#3297,.F.);
#4442=ORIENTED_EDGE('',*,*,#3298,.F.);
#4443=ORIENTED_EDGE('',*,*,#3297,.T.);
#4444=ORIENTED_EDGE('',*,*,#3299,.F.);
#4445=ORIENTED_EDGE('',*,*,#3300,.F.);
#4446=ORIENTED_EDGE('',*,*,#3301,.F.);
#4447=ORIENTED_EDGE('',*,*,#3300,.T.);
#4448=ORIENTED_EDGE('',*,*,#3302,.F.);
#4449=ORIENTED_EDGE('',*,*,#3303,.F.);
#4450=ORIENTED_EDGE('',*,*,#3304,.F.);
#4451=ORIENTED_EDGE('',*,*,#3303,.T.);
#4452=ORIENTED_EDGE('',*,*,#3305,.F.);
#4453=ORIENTED_EDGE('',*,*,#3306,.F.);
#4454=ORIENTED_EDGE('',*,*,#3307,.F.);
#4455=ORIENTED_EDGE('',*,*,#3306,.T.);
#4456=ORIENTED_EDGE('',*,*,#3308,.F.);
#4457=ORIENTED_EDGE('',*,*,#3309,.F.);
#4458=ORIENTED_EDGE('',*,*,#3310,.F.);
#4459=ORIENTED_EDGE('',*,*,#3309,.T.);
#4460=ORIENTED_EDGE('',*,*,#3311,.F.);
#4461=ORIENTED_EDGE('',*,*,#3312,.F.);
#4462=ORIENTED_EDGE('',*,*,#3313,.F.);
#4463=ORIENTED_EDGE('',*,*,#3312,.T.);
#4464=ORIENTED_EDGE('',*,*,#3314,.F.);
#4465=ORIENTED_EDGE('',*,*,#3250,.F.);
#4466=ORIENTED_EDGE('',*,*,#3314,.T.);
#4467=ORIENTED_EDGE('',*,*,#3311,.T.);
#4468=ORIENTED_EDGE('',*,*,#3308,.T.);
#4469=ORIENTED_EDGE('',*,*,#3305,.T.);
#4470=ORIENTED_EDGE('',*,*,#3302,.T.);
#4471=ORIENTED_EDGE('',*,*,#3299,.T.);
#4472=ORIENTED_EDGE('',*,*,#3296,.T.);
#4473=ORIENTED_EDGE('',*,*,#3293,.T.);
#4474=ORIENTED_EDGE('',*,*,#3290,.T.);
#4475=ORIENTED_EDGE('',*,*,#3287,.T.);
#4476=ORIENTED_EDGE('',*,*,#3284,.T.);
#4477=ORIENTED_EDGE('',*,*,#3281,.T.);
#4478=ORIENTED_EDGE('',*,*,#3278,.T.);
#4479=ORIENTED_EDGE('',*,*,#3275,.T.);
#4480=ORIENTED_EDGE('',*,*,#3272,.T.);
#4481=ORIENTED_EDGE('',*,*,#3269,.T.);
#4482=ORIENTED_EDGE('',*,*,#3266,.T.);
#4483=ORIENTED_EDGE('',*,*,#3263,.T.);
#4484=ORIENTED_EDGE('',*,*,#3260,.T.);
#4485=ORIENTED_EDGE('',*,*,#3257,.T.);
#4486=ORIENTED_EDGE('',*,*,#3254,.T.);
#4487=ORIENTED_EDGE('',*,*,#3251,.T.);
#4488=ORIENTED_EDGE('',*,*,#3315,.F.);
#4489=ORIENTED_EDGE('',*,*,#3316,.T.);
#4490=ORIENTED_EDGE('',*,*,#3317,.F.);
#4491=ORIENTED_EDGE('',*,*,#3318,.F.);
#4492=ORIENTED_EDGE('',*,*,#3319,.F.);
#4493=ORIENTED_EDGE('',*,*,#3318,.T.);
#4494=ORIENTED_EDGE('',*,*,#3320,.F.);
#4495=ORIENTED_EDGE('',*,*,#3321,.F.);
#4496=ORIENTED_EDGE('',*,*,#3322,.F.);
#4497=ORIENTED_EDGE('',*,*,#3321,.T.);
#4498=ORIENTED_EDGE('',*,*,#3323,.F.);
#4499=ORIENTED_EDGE('',*,*,#3324,.F.);
#4500=ORIENTED_EDGE('',*,*,#3325,.F.);
#4501=ORIENTED_EDGE('',*,*,#3324,.T.);
#4502=ORIENTED_EDGE('',*,*,#3326,.F.);
#4503=ORIENTED_EDGE('',*,*,#3327,.F.);
#4504=ORIENTED_EDGE('',*,*,#3328,.F.);
#4505=ORIENTED_EDGE('',*,*,#3327,.T.);
#4506=ORIENTED_EDGE('',*,*,#3329,.F.);
#4507=ORIENTED_EDGE('',*,*,#3330,.F.);
#4508=ORIENTED_EDGE('',*,*,#3331,.F.);
#4509=ORIENTED_EDGE('',*,*,#3330,.T.);
#4510=ORIENTED_EDGE('',*,*,#3332,.F.);
#4511=ORIENTED_EDGE('',*,*,#3333,.F.);
#4512=ORIENTED_EDGE('',*,*,#3334,.F.);
#4513=ORIENTED_EDGE('',*,*,#3333,.T.);
#4514=ORIENTED_EDGE('',*,*,#3335,.F.);
#4515=ORIENTED_EDGE('',*,*,#3336,.F.);
#4516=ORIENTED_EDGE('',*,*,#3337,.F.);
#4517=ORIENTED_EDGE('',*,*,#3336,.T.);
#4518=ORIENTED_EDGE('',*,*,#3338,.F.);
#4519=ORIENTED_EDGE('',*,*,#3339,.F.);
#4520=ORIENTED_EDGE('',*,*,#3340,.F.);
#4521=ORIENTED_EDGE('',*,*,#3339,.T.);
#4522=ORIENTED_EDGE('',*,*,#3341,.F.);
#4523=ORIENTED_EDGE('',*,*,#3342,.F.);
#4524=ORIENTED_EDGE('',*,*,#3343,.F.);
#4525=ORIENTED_EDGE('',*,*,#3342,.T.);
#4526=ORIENTED_EDGE('',*,*,#3344,.F.);
#4527=ORIENTED_EDGE('',*,*,#3345,.F.);
#4528=ORIENTED_EDGE('',*,*,#3346,.F.);
#4529=ORIENTED_EDGE('',*,*,#3345,.T.);
#4530=ORIENTED_EDGE('',*,*,#3347,.F.);
#4531=ORIENTED_EDGE('',*,*,#3348,.F.);
#4532=ORIENTED_EDGE('',*,*,#3349,.F.);
#4533=ORIENTED_EDGE('',*,*,#3348,.T.);
#4534=ORIENTED_EDGE('',*,*,#3350,.F.);
#4535=ORIENTED_EDGE('',*,*,#3351,.F.);
#4536=ORIENTED_EDGE('',*,*,#3352,.F.);
#4537=ORIENTED_EDGE('',*,*,#3351,.T.);
#4538=ORIENTED_EDGE('',*,*,#3353,.F.);
#4539=ORIENTED_EDGE('',*,*,#3354,.F.);
#4540=ORIENTED_EDGE('',*,*,#3355,.F.);
#4541=ORIENTED_EDGE('',*,*,#3354,.T.);
#4542=ORIENTED_EDGE('',*,*,#3356,.F.);
#4543=ORIENTED_EDGE('',*,*,#3357,.F.);
#4544=ORIENTED_EDGE('',*,*,#3358,.F.);
#4545=ORIENTED_EDGE('',*,*,#3357,.T.);
#4546=ORIENTED_EDGE('',*,*,#3359,.F.);
#4547=ORIENTED_EDGE('',*,*,#3360,.F.);
#4548=ORIENTED_EDGE('',*,*,#3361,.F.);
#4549=ORIENTED_EDGE('',*,*,#3360,.T.);
#4550=ORIENTED_EDGE('',*,*,#3362,.F.);
#4551=ORIENTED_EDGE('',*,*,#3363,.F.);
#4552=ORIENTED_EDGE('',*,*,#3364,.F.);
#4553=ORIENTED_EDGE('',*,*,#3363,.T.);
#4554=ORIENTED_EDGE('',*,*,#3365,.F.);
#4555=ORIENTED_EDGE('',*,*,#3366,.F.);
#4556=ORIENTED_EDGE('',*,*,#3367,.F.);
#4557=ORIENTED_EDGE('',*,*,#3366,.T.);
#4558=ORIENTED_EDGE('',*,*,#3368,.F.);
#4559=ORIENTED_EDGE('',*,*,#3369,.F.);
#4560=ORIENTED_EDGE('',*,*,#3370,.F.);
#4561=ORIENTED_EDGE('',*,*,#3369,.T.);
#4562=ORIENTED_EDGE('',*,*,#3371,.F.);
#4563=ORIENTED_EDGE('',*,*,#3372,.F.);
#4564=ORIENTED_EDGE('',*,*,#3373,.F.);
#4565=ORIENTED_EDGE('',*,*,#3372,.T.);
#4566=ORIENTED_EDGE('',*,*,#3374,.F.);
#4567=ORIENTED_EDGE('',*,*,#3375,.F.);
#4568=ORIENTED_EDGE('',*,*,#3376,.F.);
#4569=ORIENTED_EDGE('',*,*,#3375,.T.);
#4570=ORIENTED_EDGE('',*,*,#3377,.F.);
#4571=ORIENTED_EDGE('',*,*,#3378,.F.);
#4572=ORIENTED_EDGE('',*,*,#3379,.F.);
#4573=ORIENTED_EDGE('',*,*,#3378,.T.);
#4574=ORIENTED_EDGE('',*,*,#3380,.F.);
#4575=ORIENTED_EDGE('',*,*,#3381,.F.);
#4576=ORIENTED_EDGE('',*,*,#3382,.F.);
#4577=ORIENTED_EDGE('',*,*,#3381,.T.);
#4578=ORIENTED_EDGE('',*,*,#3383,.F.);
#4579=ORIENTED_EDGE('',*,*,#3384,.F.);
#4580=ORIENTED_EDGE('',*,*,#3385,.F.);
#4581=ORIENTED_EDGE('',*,*,#3384,.T.);
#4582=ORIENTED_EDGE('',*,*,#3386,.F.);
#4583=ORIENTED_EDGE('',*,*,#3387,.F.);
#4584=ORIENTED_EDGE('',*,*,#3388,.F.);
#4585=ORIENTED_EDGE('',*,*,#3387,.T.);
#4586=ORIENTED_EDGE('',*,*,#3389,.F.);
#4587=ORIENTED_EDGE('',*,*,#3390,.F.);
#4588=ORIENTED_EDGE('',*,*,#3391,.F.);
#4589=ORIENTED_EDGE('',*,*,#3390,.T.);
#4590=ORIENTED_EDGE('',*,*,#3392,.F.);
#4591=ORIENTED_EDGE('',*,*,#3316,.F.);
#4592=ORIENTED_EDGE('',*,*,#3392,.T.);
#4593=ORIENTED_EDGE('',*,*,#3389,.T.);
#4594=ORIENTED_EDGE('',*,*,#3386,.T.);
#4595=ORIENTED_EDGE('',*,*,#3383,.T.);
#4596=ORIENTED_EDGE('',*,*,#3380,.T.);
#4597=ORIENTED_EDGE('',*,*,#3377,.T.);
#4598=ORIENTED_EDGE('',*,*,#3374,.T.);
#4599=ORIENTED_EDGE('',*,*,#3371,.T.);
#4600=ORIENTED_EDGE('',*,*,#3368,.T.);
#4601=ORIENTED_EDGE('',*,*,#3365,.T.);
#4602=ORIENTED_EDGE('',*,*,#3362,.T.);
#4603=ORIENTED_EDGE('',*,*,#3359,.T.);
#4604=ORIENTED_EDGE('',*,*,#3356,.T.);
#4605=ORIENTED_EDGE('',*,*,#3353,.T.);
#4606=ORIENTED_EDGE('',*,*,#3350,.T.);
#4607=ORIENTED_EDGE('',*,*,#3347,.T.);
#4608=ORIENTED_EDGE('',*,*,#3344,.T.);
#4609=ORIENTED_EDGE('',*,*,#3341,.T.);
#4610=ORIENTED_EDGE('',*,*,#3338,.T.);
#4611=ORIENTED_EDGE('',*,*,#3335,.T.);
#4612=ORIENTED_EDGE('',*,*,#3332,.T.);
#4613=ORIENTED_EDGE('',*,*,#3329,.T.);
#4614=ORIENTED_EDGE('',*,*,#3326,.T.);
#4615=ORIENTED_EDGE('',*,*,#3323,.T.);
#4616=ORIENTED_EDGE('',*,*,#3320,.T.);
#4617=ORIENTED_EDGE('',*,*,#3317,.T.);
#4618=ORIENTED_EDGE('',*,*,#3393,.F.);
#4619=ORIENTED_EDGE('',*,*,#3394,.T.);
#4620=ORIENTED_EDGE('',*,*,#3395,.F.);
#4621=ORIENTED_EDGE('',*,*,#3396,.F.);
#4622=ORIENTED_EDGE('',*,*,#3397,.F.);
#4623=ORIENTED_EDGE('',*,*,#3396,.T.);
#4624=ORIENTED_EDGE('',*,*,#3398,.F.);
#4625=ORIENTED_EDGE('',*,*,#3399,.F.);
#4626=ORIENTED_EDGE('',*,*,#3400,.F.);
#4627=ORIENTED_EDGE('',*,*,#3399,.T.);
#4628=ORIENTED_EDGE('',*,*,#3401,.F.);
#4629=ORIENTED_EDGE('',*,*,#3402,.F.);
#4630=ORIENTED_EDGE('',*,*,#3403,.F.);
#4631=ORIENTED_EDGE('',*,*,#3402,.T.);
#4632=ORIENTED_EDGE('',*,*,#3404,.F.);
#4633=ORIENTED_EDGE('',*,*,#3405,.F.);
#4634=ORIENTED_EDGE('',*,*,#3406,.F.);
#4635=ORIENTED_EDGE('',*,*,#3405,.T.);
#4636=ORIENTED_EDGE('',*,*,#3407,.F.);
#4637=ORIENTED_EDGE('',*,*,#3408,.F.);
#4638=ORIENTED_EDGE('',*,*,#3409,.F.);
#4639=ORIENTED_EDGE('',*,*,#3408,.T.);
#4640=ORIENTED_EDGE('',*,*,#3410,.F.);
#4641=ORIENTED_EDGE('',*,*,#3411,.F.);
#4642=ORIENTED_EDGE('',*,*,#3412,.F.);
#4643=ORIENTED_EDGE('',*,*,#3411,.T.);
#4644=ORIENTED_EDGE('',*,*,#3413,.F.);
#4645=ORIENTED_EDGE('',*,*,#3414,.F.);
#4646=ORIENTED_EDGE('',*,*,#3415,.F.);
#4647=ORIENTED_EDGE('',*,*,#3414,.T.);
#4648=ORIENTED_EDGE('',*,*,#3416,.F.);
#4649=ORIENTED_EDGE('',*,*,#3417,.F.);
#4650=ORIENTED_EDGE('',*,*,#3418,.F.);
#4651=ORIENTED_EDGE('',*,*,#3417,.T.);
#4652=ORIENTED_EDGE('',*,*,#3419,.F.);
#4653=ORIENTED_EDGE('',*,*,#3420,.F.);
#4654=ORIENTED_EDGE('',*,*,#3421,.F.);
#4655=ORIENTED_EDGE('',*,*,#3420,.T.);
#4656=ORIENTED_EDGE('',*,*,#3422,.F.);
#4657=ORIENTED_EDGE('',*,*,#3423,.F.);
#4658=ORIENTED_EDGE('',*,*,#3424,.F.);
#4659=ORIENTED_EDGE('',*,*,#3423,.T.);
#4660=ORIENTED_EDGE('',*,*,#3425,.F.);
#4661=ORIENTED_EDGE('',*,*,#3426,.F.);
#4662=ORIENTED_EDGE('',*,*,#3427,.F.);
#4663=ORIENTED_EDGE('',*,*,#3426,.T.);
#4664=ORIENTED_EDGE('',*,*,#3428,.F.);
#4665=ORIENTED_EDGE('',*,*,#3429,.F.);
#4666=ORIENTED_EDGE('',*,*,#3430,.F.);
#4667=ORIENTED_EDGE('',*,*,#3429,.T.);
#4668=ORIENTED_EDGE('',*,*,#3431,.F.);
#4669=ORIENTED_EDGE('',*,*,#3394,.F.);
#4670=ORIENTED_EDGE('',*,*,#3431,.T.);
#4671=ORIENTED_EDGE('',*,*,#3428,.T.);
#4672=ORIENTED_EDGE('',*,*,#3425,.T.);
#4673=ORIENTED_EDGE('',*,*,#3422,.T.);
#4674=ORIENTED_EDGE('',*,*,#3419,.T.);
#4675=ORIENTED_EDGE('',*,*,#3416,.T.);
#4676=ORIENTED_EDGE('',*,*,#3413,.T.);
#4677=ORIENTED_EDGE('',*,*,#3410,.T.);
#4678=ORIENTED_EDGE('',*,*,#3407,.T.);
#4679=ORIENTED_EDGE('',*,*,#3404,.T.);
#4680=ORIENTED_EDGE('',*,*,#3401,.T.);
#4681=ORIENTED_EDGE('',*,*,#3398,.T.);
#4682=ORIENTED_EDGE('',*,*,#3395,.T.);
#4683=ORIENTED_EDGE('',*,*,#3432,.F.);
#4684=ORIENTED_EDGE('',*,*,#3433,.T.);
#4685=ORIENTED_EDGE('',*,*,#3434,.F.);
#4686=ORIENTED_EDGE('',*,*,#3435,.F.);
#4687=ORIENTED_EDGE('',*,*,#3436,.F.);
#4688=ORIENTED_EDGE('',*,*,#3435,.T.);
#4689=ORIENTED_EDGE('',*,*,#3437,.F.);
#4690=ORIENTED_EDGE('',*,*,#3438,.F.);
#4691=ORIENTED_EDGE('',*,*,#3439,.F.);
#4692=ORIENTED_EDGE('',*,*,#3438,.T.);
#4693=ORIENTED_EDGE('',*,*,#3440,.F.);
#4694=ORIENTED_EDGE('',*,*,#3441,.F.);
#4695=ORIENTED_EDGE('',*,*,#3442,.F.);
#4696=ORIENTED_EDGE('',*,*,#3441,.T.);
#4697=ORIENTED_EDGE('',*,*,#3443,.F.);
#4698=ORIENTED_EDGE('',*,*,#3444,.F.);
#4699=ORIENTED_EDGE('',*,*,#3445,.F.);
#4700=ORIENTED_EDGE('',*,*,#3444,.T.);
#4701=ORIENTED_EDGE('',*,*,#3446,.F.);
#4702=ORIENTED_EDGE('',*,*,#3447,.F.);
#4703=ORIENTED_EDGE('',*,*,#3448,.F.);
#4704=ORIENTED_EDGE('',*,*,#3447,.T.);
#4705=ORIENTED_EDGE('',*,*,#3449,.F.);
#4706=ORIENTED_EDGE('',*,*,#3450,.F.);
#4707=ORIENTED_EDGE('',*,*,#3451,.F.);
#4708=ORIENTED_EDGE('',*,*,#3450,.T.);
#4709=ORIENTED_EDGE('',*,*,#3452,.F.);
#4710=ORIENTED_EDGE('',*,*,#3433,.F.);
#4711=ORIENTED_EDGE('',*,*,#3452,.T.);
#4712=ORIENTED_EDGE('',*,*,#3449,.T.);
#4713=ORIENTED_EDGE('',*,*,#3446,.T.);
#4714=ORIENTED_EDGE('',*,*,#3443,.T.);
#4715=ORIENTED_EDGE('',*,*,#3440,.T.);
#4716=ORIENTED_EDGE('',*,*,#3437,.T.);
#4717=ORIENTED_EDGE('',*,*,#3434,.T.);
#4718=ORIENTED_EDGE('',*,*,#3453,.F.);
#4719=ORIENTED_EDGE('',*,*,#3454,.T.);
#4720=ORIENTED_EDGE('',*,*,#3455,.F.);
#4721=ORIENTED_EDGE('',*,*,#3456,.F.);
#4722=ORIENTED_EDGE('',*,*,#3457,.F.);
#4723=ORIENTED_EDGE('',*,*,#3456,.T.);
#4724=ORIENTED_EDGE('',*,*,#3458,.F.);
#4725=ORIENTED_EDGE('',*,*,#3459,.F.);
#4726=ORIENTED_EDGE('',*,*,#3460,.F.);
#4727=ORIENTED_EDGE('',*,*,#3459,.T.);
#4728=ORIENTED_EDGE('',*,*,#3461,.F.);
#4729=ORIENTED_EDGE('',*,*,#3462,.F.);
#4730=ORIENTED_EDGE('',*,*,#3463,.F.);
#4731=ORIENTED_EDGE('',*,*,#3462,.T.);
#4732=ORIENTED_EDGE('',*,*,#3464,.F.);
#4733=ORIENTED_EDGE('',*,*,#3465,.F.);
#4734=ORIENTED_EDGE('',*,*,#3466,.F.);
#4735=ORIENTED_EDGE('',*,*,#3465,.T.);
#4736=ORIENTED_EDGE('',*,*,#3467,.F.);
#4737=ORIENTED_EDGE('',*,*,#3468,.F.);
#4738=ORIENTED_EDGE('',*,*,#3469,.F.);
#4739=ORIENTED_EDGE('',*,*,#3468,.T.);
#4740=ORIENTED_EDGE('',*,*,#3470,.F.);
#4741=ORIENTED_EDGE('',*,*,#3471,.F.);
#4742=ORIENTED_EDGE('',*,*,#3472,.F.);
#4743=ORIENTED_EDGE('',*,*,#3471,.T.);
#4744=ORIENTED_EDGE('',*,*,#3473,.F.);
#4745=ORIENTED_EDGE('',*,*,#3474,.F.);
#4746=ORIENTED_EDGE('',*,*,#3475,.F.);
#4747=ORIENTED_EDGE('',*,*,#3474,.T.);
#4748=ORIENTED_EDGE('',*,*,#3476,.F.);
#4749=ORIENTED_EDGE('',*,*,#3477,.F.);
#4750=ORIENTED_EDGE('',*,*,#3478,.F.);
#4751=ORIENTED_EDGE('',*,*,#3477,.T.);
#4752=ORIENTED_EDGE('',*,*,#3479,.F.);
#4753=ORIENTED_EDGE('',*,*,#3480,.F.);
#4754=ORIENTED_EDGE('',*,*,#3481,.F.);
#4755=ORIENTED_EDGE('',*,*,#3480,.T.);
#4756=ORIENTED_EDGE('',*,*,#3482,.F.);
#4757=ORIENTED_EDGE('',*,*,#3483,.F.);
#4758=ORIENTED_EDGE('',*,*,#3484,.F.);
#4759=ORIENTED_EDGE('',*,*,#3483,.T.);
#4760=ORIENTED_EDGE('',*,*,#3485,.F.);
#4761=ORIENTED_EDGE('',*,*,#3486,.F.);
#4762=ORIENTED_EDGE('',*,*,#3487,.F.);
#4763=ORIENTED_EDGE('',*,*,#3486,.T.);
#4764=ORIENTED_EDGE('',*,*,#3488,.F.);
#4765=ORIENTED_EDGE('',*,*,#3454,.F.);
#4766=ORIENTED_EDGE('',*,*,#3488,.T.);
#4767=ORIENTED_EDGE('',*,*,#3485,.T.);
#4768=ORIENTED_EDGE('',*,*,#3482,.T.);
#4769=ORIENTED_EDGE('',*,*,#3479,.T.);
#4770=ORIENTED_EDGE('',*,*,#3476,.T.);
#4771=ORIENTED_EDGE('',*,*,#3473,.T.);
#4772=ORIENTED_EDGE('',*,*,#3470,.T.);
#4773=ORIENTED_EDGE('',*,*,#3467,.T.);
#4774=ORIENTED_EDGE('',*,*,#3464,.T.);
#4775=ORIENTED_EDGE('',*,*,#3461,.T.);
#4776=ORIENTED_EDGE('',*,*,#3458,.T.);
#4777=ORIENTED_EDGE('',*,*,#3455,.T.);
#4778=ORIENTED_EDGE('',*,*,#3489,.T.);
#4779=ORIENTED_EDGE('',*,*,#3490,.T.);
#4780=ORIENTED_EDGE('',*,*,#3491,.T.);
#4781=ORIENTED_EDGE('',*,*,#3492,.T.);
#4782=ORIENTED_EDGE('',*,*,#3493,.T.);
#4783=ORIENTED_EDGE('',*,*,#3494,.T.);
#4784=ORIENTED_EDGE('',*,*,#3495,.T.);
#4785=ORIENTED_EDGE('',*,*,#3496,.T.);
#4786=ORIENTED_EDGE('',*,*,#3497,.T.);
#4787=ORIENTED_EDGE('',*,*,#3498,.T.);
#4788=ORIENTED_EDGE('',*,*,#3453,.T.);
#4789=ORIENTED_EDGE('',*,*,#3457,.T.);
#4790=ORIENTED_EDGE('',*,*,#3460,.T.);
#4791=ORIENTED_EDGE('',*,*,#3463,.T.);
#4792=ORIENTED_EDGE('',*,*,#3466,.T.);
#4793=ORIENTED_EDGE('',*,*,#3469,.T.);
#4794=ORIENTED_EDGE('',*,*,#3472,.T.);
#4795=ORIENTED_EDGE('',*,*,#3475,.T.);
#4796=ORIENTED_EDGE('',*,*,#3478,.T.);
#4797=ORIENTED_EDGE('',*,*,#3481,.T.);
#4798=ORIENTED_EDGE('',*,*,#3484,.T.);
#4799=ORIENTED_EDGE('',*,*,#3487,.T.);
#4800=ORIENTED_EDGE('',*,*,#3432,.T.);
#4801=ORIENTED_EDGE('',*,*,#3436,.T.);
#4802=ORIENTED_EDGE('',*,*,#3439,.T.);
#4803=ORIENTED_EDGE('',*,*,#3442,.T.);
#4804=ORIENTED_EDGE('',*,*,#3445,.T.);
#4805=ORIENTED_EDGE('',*,*,#3448,.T.);
#4806=ORIENTED_EDGE('',*,*,#3451,.T.);
#4807=ORIENTED_EDGE('',*,*,#3393,.T.);
#4808=ORIENTED_EDGE('',*,*,#3397,.T.);
#4809=ORIENTED_EDGE('',*,*,#3400,.T.);
#4810=ORIENTED_EDGE('',*,*,#3403,.T.);
#4811=ORIENTED_EDGE('',*,*,#3406,.T.);
#4812=ORIENTED_EDGE('',*,*,#3409,.T.);
#4813=ORIENTED_EDGE('',*,*,#3412,.T.);
#4814=ORIENTED_EDGE('',*,*,#3415,.T.);
#4815=ORIENTED_EDGE('',*,*,#3418,.T.);
#4816=ORIENTED_EDGE('',*,*,#3421,.T.);
#4817=ORIENTED_EDGE('',*,*,#3424,.T.);
#4818=ORIENTED_EDGE('',*,*,#3427,.T.);
#4819=ORIENTED_EDGE('',*,*,#3430,.T.);
#4820=ORIENTED_EDGE('',*,*,#3315,.T.);
#4821=ORIENTED_EDGE('',*,*,#3319,.T.);
#4822=ORIENTED_EDGE('',*,*,#3322,.T.);
#4823=ORIENTED_EDGE('',*,*,#3325,.T.);
#4824=ORIENTED_EDGE('',*,*,#3328,.T.);
#4825=ORIENTED_EDGE('',*,*,#3331,.T.);
#4826=ORIENTED_EDGE('',*,*,#3334,.T.);
#4827=ORIENTED_EDGE('',*,*,#3337,.T.);
#4828=ORIENTED_EDGE('',*,*,#3340,.T.);
#4829=ORIENTED_EDGE('',*,*,#3343,.T.);
#4830=ORIENTED_EDGE('',*,*,#3346,.T.);
#4831=ORIENTED_EDGE('',*,*,#3349,.T.);
#4832=ORIENTED_EDGE('',*,*,#3352,.T.);
#4833=ORIENTED_EDGE('',*,*,#3355,.T.);
#4834=ORIENTED_EDGE('',*,*,#3358,.T.);
#4835=ORIENTED_EDGE('',*,*,#3361,.T.);
#4836=ORIENTED_EDGE('',*,*,#3364,.T.);
#4837=ORIENTED_EDGE('',*,*,#3367,.T.);
#4838=ORIENTED_EDGE('',*,*,#3370,.T.);
#4839=ORIENTED_EDGE('',*,*,#3373,.T.);
#4840=ORIENTED_EDGE('',*,*,#3376,.T.);
#4841=ORIENTED_EDGE('',*,*,#3379,.T.);
#4842=ORIENTED_EDGE('',*,*,#3382,.T.);
#4843=ORIENTED_EDGE('',*,*,#3385,.T.);
#4844=ORIENTED_EDGE('',*,*,#3388,.T.);
#4845=ORIENTED_EDGE('',*,*,#3391,.T.);
#4846=ORIENTED_EDGE('',*,*,#3249,.T.);
#4847=ORIENTED_EDGE('',*,*,#3253,.T.);
#4848=ORIENTED_EDGE('',*,*,#3256,.T.);
#4849=ORIENTED_EDGE('',*,*,#3259,.T.);
#4850=ORIENTED_EDGE('',*,*,#3262,.T.);
#4851=ORIENTED_EDGE('',*,*,#3265,.T.);
#4852=ORIENTED_EDGE('',*,*,#3268,.T.);
#4853=ORIENTED_EDGE('',*,*,#3271,.T.);
#4854=ORIENTED_EDGE('',*,*,#3274,.T.);
#4855=ORIENTED_EDGE('',*,*,#3277,.T.);
#4856=ORIENTED_EDGE('',*,*,#3280,.T.);
#4857=ORIENTED_EDGE('',*,*,#3283,.T.);
#4858=ORIENTED_EDGE('',*,*,#3286,.T.);
#4859=ORIENTED_EDGE('',*,*,#3289,.T.);
#4860=ORIENTED_EDGE('',*,*,#3292,.T.);
#4861=ORIENTED_EDGE('',*,*,#3295,.T.);
#4862=ORIENTED_EDGE('',*,*,#3298,.T.);
#4863=ORIENTED_EDGE('',*,*,#3301,.T.);
#4864=ORIENTED_EDGE('',*,*,#3304,.T.);
#4865=ORIENTED_EDGE('',*,*,#3307,.T.);
#4866=ORIENTED_EDGE('',*,*,#3310,.T.);
#4867=ORIENTED_EDGE('',*,*,#3313,.T.);
#4868=ORIENTED_EDGE('',*,*,#3195,.T.);
#4869=ORIENTED_EDGE('',*,*,#3199,.T.);
#4870=ORIENTED_EDGE('',*,*,#3202,.T.);
#4871=ORIENTED_EDGE('',*,*,#3205,.T.);
#4872=ORIENTED_EDGE('',*,*,#3208,.T.);
#4873=ORIENTED_EDGE('',*,*,#3211,.T.);
#4874=ORIENTED_EDGE('',*,*,#3214,.T.);
#4875=ORIENTED_EDGE('',*,*,#3217,.T.);
#4876=ORIENTED_EDGE('',*,*,#3220,.T.);
#4877=ORIENTED_EDGE('',*,*,#3223,.T.);
#4878=ORIENTED_EDGE('',*,*,#3226,.T.);
#4879=ORIENTED_EDGE('',*,*,#3229,.T.);
#4880=ORIENTED_EDGE('',*,*,#3232,.T.);
#4881=ORIENTED_EDGE('',*,*,#3235,.T.);
#4882=ORIENTED_EDGE('',*,*,#3238,.T.);
#4883=ORIENTED_EDGE('',*,*,#3241,.T.);
#4884=ORIENTED_EDGE('',*,*,#3244,.T.);
#4885=ORIENTED_EDGE('',*,*,#3247,.T.);
#4886=ORIENTED_EDGE('',*,*,#3171,.T.);
#4887=ORIENTED_EDGE('',*,*,#3175,.T.);
#4888=ORIENTED_EDGE('',*,*,#3178,.T.);
#4889=ORIENTED_EDGE('',*,*,#3181,.T.);
#4890=ORIENTED_EDGE('',*,*,#3184,.T.);
#4891=ORIENTED_EDGE('',*,*,#3187,.T.);
#4892=ORIENTED_EDGE('',*,*,#3190,.T.);
#4893=ORIENTED_EDGE('',*,*,#3193,.T.);
#4894=ORIENTED_EDGE('',*,*,#3123,.T.);
#4895=ORIENTED_EDGE('',*,*,#3127,.T.);
#4896=ORIENTED_EDGE('',*,*,#3130,.T.);
#4897=ORIENTED_EDGE('',*,*,#3133,.T.);
#4898=ORIENTED_EDGE('',*,*,#3136,.T.);
#4899=ORIENTED_EDGE('',*,*,#3139,.T.);
#4900=ORIENTED_EDGE('',*,*,#3142,.T.);
#4901=ORIENTED_EDGE('',*,*,#3145,.T.);
#4902=ORIENTED_EDGE('',*,*,#3148,.T.);
#4903=ORIENTED_EDGE('',*,*,#3151,.T.);
#4904=ORIENTED_EDGE('',*,*,#3154,.T.);
#4905=ORIENTED_EDGE('',*,*,#3157,.T.);
#4906=ORIENTED_EDGE('',*,*,#3160,.T.);
#4907=ORIENTED_EDGE('',*,*,#3066,.T.);
#4908=ORIENTED_EDGE('',*,*,#3070,.T.);
#4909=ORIENTED_EDGE('',*,*,#3073,.T.);
#4910=ORIENTED_EDGE('',*,*,#3076,.T.);
#4911=ORIENTED_EDGE('',*,*,#3079,.T.);
#4912=ORIENTED_EDGE('',*,*,#3082,.T.);
#4913=ORIENTED_EDGE('',*,*,#3085,.T.);
#4914=ORIENTED_EDGE('',*,*,#3088,.T.);
#4915=ORIENTED_EDGE('',*,*,#3091,.T.);
#4916=ORIENTED_EDGE('',*,*,#3094,.T.);
#4917=ORIENTED_EDGE('',*,*,#3097,.T.);
#4918=ORIENTED_EDGE('',*,*,#3100,.T.);
#4919=ORIENTED_EDGE('',*,*,#3103,.T.);
#4920=ORIENTED_EDGE('',*,*,#3106,.T.);
#4921=ORIENTED_EDGE('',*,*,#3109,.T.);
#4922=ORIENTED_EDGE('',*,*,#3112,.T.);
#4923=ORIENTED_EDGE('',*,*,#3115,.T.);
#4924=ORIENTED_EDGE('',*,*,#3118,.T.);
#4925=ORIENTED_EDGE('',*,*,#3121,.T.);
#4926=ORIENTED_EDGE('',*,*,#2991,.T.);
#4927=ORIENTED_EDGE('',*,*,#2995,.T.);
#4928=ORIENTED_EDGE('',*,*,#2998,.T.);
#4929=ORIENTED_EDGE('',*,*,#3001,.T.);
#4930=ORIENTED_EDGE('',*,*,#3004,.T.);
#4931=ORIENTED_EDGE('',*,*,#3007,.T.);
#4932=ORIENTED_EDGE('',*,*,#3010,.T.);
#4933=ORIENTED_EDGE('',*,*,#3013,.T.);
#4934=ORIENTED_EDGE('',*,*,#3016,.T.);
#4935=ORIENTED_EDGE('',*,*,#2913,.T.);
#4936=ORIENTED_EDGE('',*,*,#2917,.T.);
#4937=ORIENTED_EDGE('',*,*,#2920,.T.);
#4938=ORIENTED_EDGE('',*,*,#2923,.T.);
#4939=ORIENTED_EDGE('',*,*,#2926,.T.);
#4940=ORIENTED_EDGE('',*,*,#2929,.T.);
#4941=ORIENTED_EDGE('',*,*,#2932,.T.);
#4942=ORIENTED_EDGE('',*,*,#2935,.T.);
#4943=ORIENTED_EDGE('',*,*,#2938,.T.);
#4944=ORIENTED_EDGE('',*,*,#2941,.T.);
#4945=ORIENTED_EDGE('',*,*,#2944,.T.);
#4946=ORIENTED_EDGE('',*,*,#2947,.T.);
#4947=ORIENTED_EDGE('',*,*,#2950,.T.);
#4948=ORIENTED_EDGE('',*,*,#2953,.T.);
#4949=ORIENTED_EDGE('',*,*,#2956,.T.);
#4950=ORIENTED_EDGE('',*,*,#2959,.T.);
#4951=ORIENTED_EDGE('',*,*,#2962,.T.);
#4952=ORIENTED_EDGE('',*,*,#2965,.T.);
#4953=ORIENTED_EDGE('',*,*,#2968,.T.);
#4954=ORIENTED_EDGE('',*,*,#2971,.T.);
#4955=ORIENTED_EDGE('',*,*,#2974,.T.);
#4956=ORIENTED_EDGE('',*,*,#2977,.T.);
#4957=ORIENTED_EDGE('',*,*,#2980,.T.);
#4958=ORIENTED_EDGE('',*,*,#2983,.T.);
#4959=ORIENTED_EDGE('',*,*,#2986,.T.);
#4960=ORIENTED_EDGE('',*,*,#2989,.T.);
#4961=ORIENTED_EDGE('',*,*,#2868,.T.);
#4962=ORIENTED_EDGE('',*,*,#2872,.T.);
#4963=ORIENTED_EDGE('',*,*,#2875,.T.);
#4964=ORIENTED_EDGE('',*,*,#2878,.T.);
#4965=ORIENTED_EDGE('',*,*,#2881,.T.);
#4966=ORIENTED_EDGE('',*,*,#2884,.T.);
#4967=ORIENTED_EDGE('',*,*,#2887,.T.);
#4968=ORIENTED_EDGE('',*,*,#2890,.T.);
#4969=ORIENTED_EDGE('',*,*,#2893,.T.);
#4970=ORIENTED_EDGE('',*,*,#2896,.T.);
#4971=ORIENTED_EDGE('',*,*,#2899,.T.);
#4972=ORIENTED_EDGE('',*,*,#2902,.T.);
#4973=ORIENTED_EDGE('',*,*,#2905,.T.);
#4974=ORIENTED_EDGE('',*,*,#2908,.T.);
#4975=ORIENTED_EDGE('',*,*,#2911,.T.);
#4976=ORIENTED_EDGE('',*,*,#3162,.T.);
#4977=ORIENTED_EDGE('',*,*,#3166,.T.);
#4978=ORIENTED_EDGE('',*,*,#3169,.T.);
#4979=ORIENTED_EDGE('',*,*,#3042,.T.);
#4980=ORIENTED_EDGE('',*,*,#3046,.T.);
#4981=ORIENTED_EDGE('',*,*,#3049,.T.);
#4982=ORIENTED_EDGE('',*,*,#3052,.T.);
#4983=ORIENTED_EDGE('',*,*,#3055,.T.);
#4984=ORIENTED_EDGE('',*,*,#3058,.T.);
#4985=ORIENTED_EDGE('',*,*,#3061,.T.);
#4986=ORIENTED_EDGE('',*,*,#3064,.T.);
#4987=ORIENTED_EDGE('',*,*,#3018,.T.);
#4988=ORIENTED_EDGE('',*,*,#3022,.T.);
#4989=ORIENTED_EDGE('',*,*,#3025,.T.);
#4990=ORIENTED_EDGE('',*,*,#3028,.T.);
#4991=ORIENTED_EDGE('',*,*,#3031,.T.);
#4992=ORIENTED_EDGE('',*,*,#3034,.T.);
#4993=ORIENTED_EDGE('',*,*,#3037,.T.);
#4994=ORIENTED_EDGE('',*,*,#3040,.T.);
#4995=ORIENTED_EDGE('',*,*,#2841,.T.);
#4996=ORIENTED_EDGE('',*,*,#2845,.T.);
#4997=ORIENTED_EDGE('',*,*,#2848,.T.);
#4998=ORIENTED_EDGE('',*,*,#2851,.T.);
#4999=ORIENTED_EDGE('',*,*,#2854,.T.);
#5000=ORIENTED_EDGE('',*,*,#2857,.T.);
#5001=ORIENTED_EDGE('',*,*,#2860,.T.);
#5002=ORIENTED_EDGE('',*,*,#2863,.T.);
#5003=ORIENTED_EDGE('',*,*,#2866,.T.);
#5004=ORIENTED_EDGE('',*,*,#3499,.T.);
#5005=ORIENTED_EDGE('',*,*,#3500,.F.);
#5006=ORIENTED_EDGE('',*,*,#3501,.F.);
#5007=ORIENTED_EDGE('',*,*,#3489,.F.);
#5008=ORIENTED_EDGE('',*,*,#3501,.T.);
#5009=ORIENTED_EDGE('',*,*,#3502,.F.);
#5010=ORIENTED_EDGE('',*,*,#3503,.F.);
#5011=ORIENTED_EDGE('',*,*,#3490,.F.);
#5012=ORIENTED_EDGE('',*,*,#3503,.T.);
#5013=ORIENTED_EDGE('',*,*,#3504,.F.);
#5014=ORIENTED_EDGE('',*,*,#3505,.F.);
#5015=ORIENTED_EDGE('',*,*,#3491,.F.);
#5016=ORIENTED_EDGE('',*,*,#3505,.T.);
#5017=ORIENTED_EDGE('',*,*,#3506,.F.);
#5018=ORIENTED_EDGE('',*,*,#3499,.F.);
#5019=ORIENTED_EDGE('',*,*,#3492,.F.);
#5020=ORIENTED_EDGE('',*,*,#3494,.F.);
#5021=ORIENTED_EDGE('',*,*,#3507,.T.);
#5022=ORIENTED_EDGE('',*,*,#3508,.F.);
#5023=ORIENTED_EDGE('',*,*,#3507,.F.);
#5024=ORIENTED_EDGE('',*,*,#3493,.F.);
#5025=ORIENTED_EDGE('',*,*,#3509,.T.);
#5026=ORIENTED_EDGE('',*,*,#3510,.F.);
#5027=ORIENTED_EDGE('',*,*,#3509,.F.);
#5028=ORIENTED_EDGE('',*,*,#2814,.T.);
#5029=ORIENTED_EDGE('',*,*,#2818,.T.);
#5030=ORIENTED_EDGE('',*,*,#2821,.T.);
#5031=ORIENTED_EDGE('',*,*,#2824,.T.);
#5032=ORIENTED_EDGE('',*,*,#2827,.T.);
#5033=ORIENTED_EDGE('',*,*,#2830,.T.);
#5034=ORIENTED_EDGE('',*,*,#2833,.T.);
#5035=ORIENTED_EDGE('',*,*,#2836,.T.);
#5036=ORIENTED_EDGE('',*,*,#2839,.T.);
#5037=ORIENTED_EDGE('',*,*,#3500,.T.);
#5038=ORIENTED_EDGE('',*,*,#3506,.T.);
#5039=ORIENTED_EDGE('',*,*,#3504,.T.);
#5040=ORIENTED_EDGE('',*,*,#3502,.T.);
#5041=ORIENTED_EDGE('',*,*,#3511,.T.);
#5042=ORIENTED_EDGE('',*,*,#3512,.T.);
#5043=ORIENTED_EDGE('',*,*,#3513,.T.);
#5044=ORIENTED_EDGE('',*,*,#3514,.T.);
#5045=ORIENTED_EDGE('',*,*,#3508,.T.);
#5046=ORIENTED_EDGE('',*,*,#3510,.T.);
#5047=ORIENTED_EDGE('',*,*,#3512,.F.);
#5048=ORIENTED_EDGE('',*,*,#3515,.F.);
#5049=ORIENTED_EDGE('',*,*,#3498,.F.);
#5050=ORIENTED_EDGE('',*,*,#3516,.T.);
#5051=ORIENTED_EDGE('',*,*,#3511,.F.);
#5052=ORIENTED_EDGE('',*,*,#3517,.F.);
#5053=ORIENTED_EDGE('',*,*,#3495,.F.);
#5054=ORIENTED_EDGE('',*,*,#3515,.T.);
#5055=ORIENTED_EDGE('',*,*,#3514,.F.);
#5056=ORIENTED_EDGE('',*,*,#3518,.F.);
#5057=ORIENTED_EDGE('',*,*,#3496,.F.);
#5058=ORIENTED_EDGE('',*,*,#3517,.T.);
#5059=ORIENTED_EDGE('',*,*,#3513,.F.);
#5060=ORIENTED_EDGE('',*,*,#3516,.F.);
#5061=ORIENTED_EDGE('',*,*,#3497,.F.);
#5062=ORIENTED_EDGE('',*,*,#3518,.T.);
#5063=ORIENTED_EDGE('',*,*,#3519,.F.);
#5064=ORIENTED_EDGE('',*,*,#3520,.T.);
#5065=ORIENTED_EDGE('',*,*,#3521,.T.);
#5066=ORIENTED_EDGE('',*,*,#3520,.F.);
#5067=ORIENTED_EDGE('',*,*,#3521,.F.);
#5068=ORIENTED_EDGE('',*,*,#3522,.T.);
#5069=ORIENTED_EDGE('',*,*,#3523,.T.);
#5070=ORIENTED_EDGE('',*,*,#3524,.T.);
#5071=ORIENTED_EDGE('',*,*,#3525,.T.);
#5072=ORIENTED_EDGE('',*,*,#3526,.T.);
#5073=ORIENTED_EDGE('',*,*,#3527,.T.);
#5074=ORIENTED_EDGE('',*,*,#3528,.T.);
#5075=ORIENTED_EDGE('',*,*,#3529,.T.);
#5076=ORIENTED_EDGE('',*,*,#3528,.F.);
#5077=ORIENTED_EDGE('',*,*,#3530,.T.);
#5078=ORIENTED_EDGE('',*,*,#3522,.F.);
#5079=ORIENTED_EDGE('',*,*,#3531,.T.);
#5080=ORIENTED_EDGE('',*,*,#3532,.T.);
#5081=ORIENTED_EDGE('',*,*,#3533,.T.);
#5082=ORIENTED_EDGE('',*,*,#3534,.T.);
#5083=ORIENTED_EDGE('',*,*,#3533,.F.);
#5084=ORIENTED_EDGE('',*,*,#3535,.T.);
#5085=ORIENTED_EDGE('',*,*,#3526,.F.);
#5086=ORIENTED_EDGE('',*,*,#3536,.T.);
#5087=ORIENTED_EDGE('',*,*,#3537,.T.);
#5088=ORIENTED_EDGE('',*,*,#3538,.T.);
#5089=ORIENTED_EDGE('',*,*,#3539,.T.);
#5090=ORIENTED_EDGE('',*,*,#3538,.F.);
#5091=ORIENTED_EDGE('',*,*,#3540,.T.);
#5092=ORIENTED_EDGE('',*,*,#3531,.F.);
#5093=ORIENTED_EDGE('',*,*,#3524,.F.);
#5094=ORIENTED_EDGE('',*,*,#3541,.T.);
#5095=ORIENTED_EDGE('',*,*,#3536,.F.);
#5096=ORIENTED_EDGE('',*,*,#3535,.F.);
#5097=ORIENTED_EDGE('',*,*,#3542,.T.);
#5098=ORIENTED_EDGE('',*,*,#3543,.T.);
#5099=ORIENTED_EDGE('',*,*,#3544,.T.);
#5100=ORIENTED_EDGE('',*,*,#3532,.F.);
#5101=ORIENTED_EDGE('',*,*,#3545,.F.);
#5102=ORIENTED_EDGE('',*,*,#3546,.F.);
#5103=ORIENTED_EDGE('',*,*,#3542,.F.);
#5104=ORIENTED_EDGE('',*,*,#3540,.F.);
#5105=ORIENTED_EDGE('',*,*,#3547,.T.);
#5106=ORIENTED_EDGE('',*,*,#3548,.T.);
#5107=ORIENTED_EDGE('',*,*,#3545,.T.);
#5108=ORIENTED_EDGE('',*,*,#3537,.F.);
#5109=ORIENTED_EDGE('',*,*,#3549,.F.);
#5110=ORIENTED_EDGE('',*,*,#3550,.F.);
#5111=ORIENTED_EDGE('',*,*,#3547,.F.);
#5112=ORIENTED_EDGE('',*,*,#3525,.F.);
#5113=ORIENTED_EDGE('',*,*,#3539,.F.);
#5114=ORIENTED_EDGE('',*,*,#3534,.F.);
#5115=ORIENTED_EDGE('',*,*,#3529,.F.);
#5116=ORIENTED_EDGE('',*,*,#3519,.T.);
#5117=ORIENTED_EDGE('',*,*,#3548,.F.);
#5118=ORIENTED_EDGE('',*,*,#3550,.T.);
#5119=ORIENTED_EDGE('',*,*,#3551,.F.);
#5120=ORIENTED_EDGE('',*,*,#3552,.T.);
#5121=ORIENTED_EDGE('',*,*,#3553,.F.);
#5122=ORIENTED_EDGE('',*,*,#3554,.T.);
#5123=ORIENTED_EDGE('',*,*,#3543,.F.);
#5124=ORIENTED_EDGE('',*,*,#3546,.T.);
#5125=ORIENTED_EDGE('',*,*,#3541,.F.);
#5126=ORIENTED_EDGE('',*,*,#3555,.T.);
#5127=ORIENTED_EDGE('',*,*,#3551,.T.);
#5128=ORIENTED_EDGE('',*,*,#3549,.T.);
#5129=ORIENTED_EDGE('',*,*,#3523,.F.);
#5130=ORIENTED_EDGE('',*,*,#3556,.F.);
#5131=ORIENTED_EDGE('',*,*,#3552,.F.);
#5132=ORIENTED_EDGE('',*,*,#3555,.F.);
#5133=ORIENTED_EDGE('',*,*,#3530,.F.);
#5134=ORIENTED_EDGE('',*,*,#3557,.T.);
#5135=ORIENTED_EDGE('',*,*,#3553,.T.);
#5136=ORIENTED_EDGE('',*,*,#3556,.T.);
#5137=ORIENTED_EDGE('',*,*,#3527,.F.);
#5138=ORIENTED_EDGE('',*,*,#3544,.F.);
#5139=ORIENTED_EDGE('',*,*,#3554,.F.);
#5140=ORIENTED_EDGE('',*,*,#3557,.F.);
#5141=ORIENTED_EDGE('',*,*,#3558,.T.);
#5142=ORIENTED_EDGE('',*,*,#3559,.T.);
#5143=ORIENTED_EDGE('',*,*,#3560,.T.);
#5144=ORIENTED_EDGE('',*,*,#3561,.T.);
#5145=ORIENTED_EDGE('',*,*,#3561,.F.);
#5146=ORIENTED_EDGE('',*,*,#3562,.F.);
#5147=ORIENTED_EDGE('',*,*,#3563,.F.);
#5148=ORIENTED_EDGE('',*,*,#3564,.F.);
#5149=ORIENTED_EDGE('',*,*,#3560,.F.);
#5150=ORIENTED_EDGE('',*,*,#3565,.T.);
#5151=ORIENTED_EDGE('',*,*,#3566,.F.);
#5152=ORIENTED_EDGE('',*,*,#3567,.T.);
#5153=ORIENTED_EDGE('',*,*,#3568,.F.);
#5154=ORIENTED_EDGE('',*,*,#3569,.T.);
#5155=ORIENTED_EDGE('',*,*,#3570,.F.);
#5156=ORIENTED_EDGE('',*,*,#3562,.T.);
#5157=ORIENTED_EDGE('',*,*,#3571,.T.);
#5158=ORIENTED_EDGE('',*,*,#3572,.T.);
#5159=ORIENTED_EDGE('',*,*,#3573,.T.);
#5160=ORIENTED_EDGE('',*,*,#3566,.T.);
#5161=ORIENTED_EDGE('',*,*,#3574,.T.);
#5162=ORIENTED_EDGE('',*,*,#3573,.F.);
#5163=ORIENTED_EDGE('',*,*,#3575,.F.);
#5164=ORIENTED_EDGE('',*,*,#3576,.F.);
#5165=ORIENTED_EDGE('',*,*,#3567,.F.);
#5166=ORIENTED_EDGE('',*,*,#3558,.F.);
#5167=ORIENTED_EDGE('',*,*,#3564,.T.);
#5168=ORIENTED_EDGE('',*,*,#3577,.F.);
#5169=ORIENTED_EDGE('',*,*,#3578,.T.);
#5170=ORIENTED_EDGE('',*,*,#3579,.F.);
#5171=ORIENTED_EDGE('',*,*,#3575,.T.);
#5172=ORIENTED_EDGE('',*,*,#3572,.F.);
#5173=ORIENTED_EDGE('',*,*,#3580,.T.);
#5174=ORIENTED_EDGE('',*,*,#3579,.T.);
#5175=ORIENTED_EDGE('',*,*,#3581,.T.);
#5176=ORIENTED_EDGE('',*,*,#3568,.T.);
#5177=ORIENTED_EDGE('',*,*,#3576,.T.);
#5178=ORIENTED_EDGE('',*,*,#3581,.F.);
#5179=ORIENTED_EDGE('',*,*,#3578,.F.);
#5180=ORIENTED_EDGE('',*,*,#3582,.F.);
#5181=ORIENTED_EDGE('',*,*,#3569,.F.);
#5182=ORIENTED_EDGE('',*,*,#3577,.T.);
#5183=ORIENTED_EDGE('',*,*,#3563,.T.);
#5184=ORIENTED_EDGE('',*,*,#3570,.T.);
#5185=ORIENTED_EDGE('',*,*,#3582,.T.);
#5186=ORIENTED_EDGE('',*,*,#3583,.T.);
#5187=ORIENTED_EDGE('',*,*,#3584,.T.);
#5188=ORIENTED_EDGE('',*,*,#3571,.F.);
#5189=ORIENTED_EDGE('',*,*,#3584,.F.);
#5190=ORIENTED_EDGE('',*,*,#3583,.F.);
#5191=ORIENTED_EDGE('',*,*,#3559,.F.);
#5192=ORIENTED_EDGE('',*,*,#3580,.F.);
#5193=ORIENTED_EDGE('',*,*,#3574,.F.);
#5194=ORIENTED_EDGE('',*,*,#3565,.F.);
#5195=ORIENTED_EDGE('',*,*,#3585,.F.);
#5196=ORIENTED_EDGE('',*,*,#3586,.T.);
#5197=ORIENTED_EDGE('',*,*,#3587,.T.);
#5198=ORIENTED_EDGE('',*,*,#3588,.T.);
#5199=ORIENTED_EDGE('',*,*,#3586,.F.);
#5200=ORIENTED_EDGE('',*,*,#3589,.F.);
#5201=ORIENTED_EDGE('',*,*,#3590,.T.);
#5202=ORIENTED_EDGE('',*,*,#3591,.T.);
#5203=ORIENTED_EDGE('',*,*,#3592,.F.);
#5204=ORIENTED_EDGE('',*,*,#3593,.T.);
#5205=ORIENTED_EDGE('',*,*,#3594,.F.);
#5206=ORIENTED_EDGE('',*,*,#3590,.F.);
#5207=ORIENTED_EDGE('',*,*,#3587,.F.);
#5208=ORIENTED_EDGE('',*,*,#3591,.F.);
#5209=ORIENTED_EDGE('',*,*,#3594,.T.);
#5210=ORIENTED_EDGE('',*,*,#3595,.T.);
#5211=ORIENTED_EDGE('',*,*,#3588,.F.);
#5212=ORIENTED_EDGE('',*,*,#3595,.F.);
#5213=ORIENTED_EDGE('',*,*,#3593,.F.);
#5214=ORIENTED_EDGE('',*,*,#3596,.F.);
#5215=ORIENTED_EDGE('',*,*,#3597,.T.);
#5216=ORIENTED_EDGE('',*,*,#3598,.T.);
#5217=ORIENTED_EDGE('',*,*,#3599,.T.);
#5218=ORIENTED_EDGE('',*,*,#3600,.T.);
#5219=ORIENTED_EDGE('',*,*,#3601,.T.);
#5220=ORIENTED_EDGE('',*,*,#3602,.T.);
#5221=ORIENTED_EDGE('',*,*,#3603,.T.);
#5222=ORIENTED_EDGE('',*,*,#3604,.T.);
#5223=ORIENTED_EDGE('',*,*,#3605,.T.);
#5224=ORIENTED_EDGE('',*,*,#3606,.T.);
#5225=ORIENTED_EDGE('',*,*,#3607,.T.);
#5226=ORIENTED_EDGE('',*,*,#3608,.T.);
#5227=ORIENTED_EDGE('',*,*,#3607,.F.);
#5228=ORIENTED_EDGE('',*,*,#3603,.F.);
#5229=ORIENTED_EDGE('',*,*,#3609,.T.);
#5230=ORIENTED_EDGE('',*,*,#3601,.F.);
#5231=ORIENTED_EDGE('',*,*,#3599,.F.);
#5232=ORIENTED_EDGE('',*,*,#3610,.T.);
#5233=ORIENTED_EDGE('',*,*,#3600,.F.);
#5234=ORIENTED_EDGE('',*,*,#3604,.F.);
#5235=ORIENTED_EDGE('',*,*,#3606,.F.);
#5236=ORIENTED_EDGE('',*,*,#3611,.F.);
#5237=ORIENTED_EDGE('',*,*,#3608,.F.);
#5238=ORIENTED_EDGE('',*,*,#3612,.F.);
#5239=ORIENTED_EDGE('',*,*,#3613,.T.);
#5240=ORIENTED_EDGE('',*,*,#3614,.F.);
#5241=ORIENTED_EDGE('',*,*,#3609,.F.);
#5242=ORIENTED_EDGE('',*,*,#3615,.T.);
#5243=ORIENTED_EDGE('',*,*,#3616,.T.);
#5244=ORIENTED_EDGE('',*,*,#3612,.T.);
#5245=ORIENTED_EDGE('',*,*,#3610,.F.);
#5246=ORIENTED_EDGE('',*,*,#3617,.T.);
#5247=ORIENTED_EDGE('',*,*,#3618,.T.);
#5248=ORIENTED_EDGE('',*,*,#3619,.T.);
#5249=ORIENTED_EDGE('',*,*,#3602,.F.);
#5250=ORIENTED_EDGE('',*,*,#3619,.F.);
#5251=ORIENTED_EDGE('',*,*,#3620,.T.);
#5252=ORIENTED_EDGE('',*,*,#3615,.F.);
#5253=ORIENTED_EDGE('',*,*,#3598,.F.);
#5254=ORIENTED_EDGE('',*,*,#3621,.F.);
#5255=ORIENTED_EDGE('',*,*,#3622,.F.);
#5256=ORIENTED_EDGE('',*,*,#3617,.F.);
#5257=ORIENTED_EDGE('',*,*,#3597,.F.);
#5258=ORIENTED_EDGE('',*,*,#3611,.T.);
#5259=ORIENTED_EDGE('',*,*,#3605,.F.);
#5260=ORIENTED_EDGE('',*,*,#3614,.T.);
#5261=ORIENTED_EDGE('',*,*,#3623,.T.);
#5262=ORIENTED_EDGE('',*,*,#3621,.T.);
#5263=ORIENTED_EDGE('',*,*,#3616,.F.);
#5264=ORIENTED_EDGE('',*,*,#3620,.F.);
#5265=ORIENTED_EDGE('',*,*,#3618,.F.);
#5266=ORIENTED_EDGE('',*,*,#3622,.T.);
#5267=ORIENTED_EDGE('',*,*,#3623,.F.);
#5268=ORIENTED_EDGE('',*,*,#3613,.F.);
#5269=ORIENTED_EDGE('',*,*,#3585,.T.);
#5270=ORIENTED_EDGE('',*,*,#3596,.T.);
#5271=ORIENTED_EDGE('',*,*,#3592,.T.);
#5272=ORIENTED_EDGE('',*,*,#3589,.T.);
#5273=ORIENTED_EDGE('',*,*,#3624,.F.);
#5274=ORIENTED_EDGE('',*,*,#3625,.F.);
#5275=ORIENTED_EDGE('',*,*,#3626,.F.);
#5276=ORIENTED_EDGE('',*,*,#3626,.T.);
#5277=ORIENTED_EDGE('',*,*,#3627,.F.);
#5278=ORIENTED_EDGE('',*,*,#3628,.T.);
#5279=ORIENTED_EDGE('',*,*,#3624,.T.);
#5280=ORIENTED_EDGE('',*,*,#3625,.T.);
#5281=ORIENTED_EDGE('',*,*,#3628,.F.);
#5282=ORIENTED_EDGE('',*,*,#3629,.F.);
#5283=ORIENTED_EDGE('',*,*,#3627,.T.);
#5284=ORIENTED_EDGE('',*,*,#3630,.T.);
#5285=ORIENTED_EDGE('',*,*,#3631,.T.);
#5286=ORIENTED_EDGE('',*,*,#3629,.T.);
#5287=ORIENTED_EDGE('',*,*,#3632,.T.);
#5288=ORIENTED_EDGE('',*,*,#3630,.F.);
#5289=ORIENTED_EDGE('',*,*,#3632,.F.);
#5290=ORIENTED_EDGE('',*,*,#3633,.T.);
#5291=ORIENTED_EDGE('',*,*,#3634,.T.);
#5292=ORIENTED_EDGE('',*,*,#3631,.F.);
#5293=ORIENTED_EDGE('',*,*,#3635,.T.);
#5294=ORIENTED_EDGE('',*,*,#3633,.F.);
#5295=ORIENTED_EDGE('',*,*,#3635,.F.);
#5296=ORIENTED_EDGE('',*,*,#3634,.F.);
#5297=ORIENTED_EDGE('',*,*,#3636,.T.);
#5298=ORIENTED_EDGE('',*,*,#3637,.F.);
#5299=ORIENTED_EDGE('',*,*,#3636,.F.);
#5300=ORIENTED_EDGE('',*,*,#3638,.T.);
#5301=ORIENTED_EDGE('',*,*,#3637,.T.);
#5302=ORIENTED_EDGE('',*,*,#3639,.F.);
#5303=ORIENTED_EDGE('',*,*,#3640,.T.);
#5304=ORIENTED_EDGE('',*,*,#3638,.F.);
#5305=ORIENTED_EDGE('',*,*,#3640,.F.);
#5306=ORIENTED_EDGE('',*,*,#3641,.T.);
#5307=ORIENTED_EDGE('',*,*,#3642,.T.);
#5308=ORIENTED_EDGE('',*,*,#3643,.T.);
#5309=ORIENTED_EDGE('',*,*,#3644,.T.);
#5310=ORIENTED_EDGE('',*,*,#3639,.T.);
#5311=ORIENTED_EDGE('',*,*,#3645,.T.);
#5312=ORIENTED_EDGE('',*,*,#3646,.F.);
#5313=ORIENTED_EDGE('',*,*,#3647,.T.);
#5314=ORIENTED_EDGE('',*,*,#3641,.F.);
#5315=ORIENTED_EDGE('',*,*,#3647,.F.);
#5316=ORIENTED_EDGE('',*,*,#3648,.F.);
#5317=ORIENTED_EDGE('',*,*,#3649,.T.);
#5318=ORIENTED_EDGE('',*,*,#3642,.F.);
#5319=ORIENTED_EDGE('',*,*,#3649,.F.);
#5320=ORIENTED_EDGE('',*,*,#3650,.F.);
#5321=ORIENTED_EDGE('',*,*,#3651,.T.);
#5322=ORIENTED_EDGE('',*,*,#3643,.F.);
#5323=ORIENTED_EDGE('',*,*,#3651,.F.);
#5324=ORIENTED_EDGE('',*,*,#3652,.F.);
#5325=ORIENTED_EDGE('',*,*,#3645,.F.);
#5326=ORIENTED_EDGE('',*,*,#3644,.F.);
#5327=ORIENTED_EDGE('',*,*,#3646,.T.);
#5328=ORIENTED_EDGE('',*,*,#3652,.T.);
#5329=ORIENTED_EDGE('',*,*,#3650,.T.);
#5330=ORIENTED_EDGE('',*,*,#3648,.T.);
#5331=PLANE('',#5819);
#5332=PLANE('',#5820);
#5333=PLANE('',#5821);
#5334=PLANE('',#5822);
#5335=PLANE('',#5823);
#5336=PLANE('',#5824);
#5337=PLANE('',#5825);
#5338=PLANE('',#5826);
#5339=PLANE('',#5827);
#5340=PLANE('',#5828);
#5341=PLANE('',#5829);
#5342=PLANE('',#5830);
#5343=PLANE('',#5831);
#5344=PLANE('',#5832);
#5345=PLANE('',#5833);
#5346=PLANE('',#5834);
#5347=PLANE('',#5835);
#5348=PLANE('',#5836);
#5349=PLANE('',#5837);
#5350=PLANE('',#5838);
#5351=PLANE('',#5839);
#5352=PLANE('',#5840);
#5353=PLANE('',#5841);
#5354=PLANE('',#5842);
#5355=PLANE('',#5843);
#5356=PLANE('',#5844);
#5357=PLANE('',#5845);
#5358=PLANE('',#5846);
#5359=PLANE('',#5847);
#5360=PLANE('',#5848);
#5361=PLANE('',#5849);
#5362=PLANE('',#5850);
#5363=PLANE('',#5851);
#5364=PLANE('',#5852);
#5365=PLANE('',#5853);
#5366=PLANE('',#5854);
#5367=PLANE('',#5855);
#5368=PLANE('',#5856);
#5369=PLANE('',#5857);
#5370=PLANE('',#5858);
#5371=PLANE('',#5859);
#5372=PLANE('',#5860);
#5373=PLANE('',#5861);
#5374=PLANE('',#5862);
#5375=PLANE('',#5863);
#5376=PLANE('',#5864);
#5377=PLANE('',#5865);
#5378=PLANE('',#5866);
#5379=PLANE('',#5867);
#5380=PLANE('',#5868);
#5381=PLANE('',#5869);
#5382=PLANE('',#5870);
#5383=PLANE('',#5871);
#5384=PLANE('',#5872);
#5385=PLANE('',#5873);
#5386=PLANE('',#5874);
#5387=PLANE('',#5875);
#5388=PLANE('',#5876);
#5389=PLANE('',#5877);
#5390=PLANE('',#5878);
#5391=PLANE('',#5879);
#5392=PLANE('',#5880);
#5393=PLANE('',#5881);
#5394=PLANE('',#5882);
#5395=PLANE('',#5883);
#5396=PLANE('',#5884);
#5397=PLANE('',#5885);
#5398=PLANE('',#5886);
#5399=PLANE('',#5887);
#5400=PLANE('',#5888);
#5401=PLANE('',#5889);
#5402=PLANE('',#5890);
#5403=PLANE('',#5891);
#5404=PLANE('',#5892);
#5405=PLANE('',#5893);
#5406=PLANE('',#5894);
#5407=PLANE('',#5895);
#5408=PLANE('',#5896);
#5409=PLANE('',#5897);
#5410=PLANE('',#5898);
#5411=PLANE('',#5899);
#5412=PLANE('',#5900);
#5413=PLANE('',#5901);
#5414=PLANE('',#5902);
#5415=PLANE('',#5903);
#5416=PLANE('',#5904);
#5417=PLANE('',#5905);
#5418=PLANE('',#5906);
#5419=PLANE('',#5907);
#5420=PLANE('',#5908);
#5421=PLANE('',#5909);
#5422=PLANE('',#5910);
#5423=PLANE('',#5911);
#5424=PLANE('',#5912);
#5425=PLANE('',#5913);
#5426=PLANE('',#5914);
#5427=PLANE('',#5915);
#5428=PLANE('',#5916);
#5429=PLANE('',#5917);
#5430=PLANE('',#5918);
#5431=PLANE('',#5919);
#5432=PLANE('',#5920);
#5433=PLANE('',#5921);
#5434=PLANE('',#5926);
#5435=PLANE('',#5927);
#5436=PLANE('',#5928);
#5437=PLANE('',#5929);
#5438=PLANE('',#5930);
#5439=PLANE('',#5931);
#5440=PLANE('',#5932);
#5441=PLANE('',#5933);
#5442=PLANE('',#5938);
#5443=PLANE('',#5939);
#5444=PLANE('',#5943);
#5445=PLANE('',#5945);
#5446=PLANE('',#5949);
#5447=PLANE('',#5972);
#5448=PLANE('',#5975);
#5449=PLANE('',#5976);
#5450=PLANE('',#5977);
#5451=PLANE('',#5981);
#5452=PLANE('',#5983);
#5453=PLANE('',#5987);
#5454=PLANE('',#5988);
#5455=PLANE('',#5995);
#5456=PLANE('',#5996);
#5457=PLANE('',#6000);
#5458=PLANE('',#6004);
#5459=PLANE('',#6005);
#5460=PLANE('',#6006);
#5461=PLANE('',#6007);
#5462=PLANE('',#6008);
#5463=PLANE('',#6009);
#5464=PLANE('',#6010);
#5465=PLANE('',#6024);
#5466=PLANE('',#6025);
#5467=PLANE('',#6030);
#5468=PLANE('',#6031);
#5469=PLANE('',#6032);
#5470=PLANE('',#6033);
#5471=PLANE('',#6040);
#5472=PLANE('',#6042);
#5473=PLANE('',#6046);
#5474=PLANE('',#6052);
#5475=PLANE('',#6056);
#5476=PLANE('',#6057);
#5477=PLANE('',#6058);
#5478=PLANE('',#6059);
#5479=PLANE('',#6060);
#5480=PLANE('',#6061);
#5481=ADVANCED_FACE('',(#567),#5331,.T.);
#5482=ADVANCED_FACE('',(#568),#5332,.T.);
#5483=ADVANCED_FACE('',(#569),#432,.T.);
#5484=ADVANCED_FACE('',(#570),#433,.T.);
#5485=ADVANCED_FACE('',(#571),#434,.T.);
#5486=ADVANCED_FACE('',(#572),#435,.T.);
#5487=ADVANCED_FACE('',(#573),#436,.T.);
#5488=ADVANCED_FACE('',(#574),#437,.T.);
#5489=ADVANCED_FACE('',(#575),#5333,.T.);
#5490=ADVANCED_FACE('',(#576),#5334,.T.);
#5491=ADVANCED_FACE('',(#577),#5335,.T.);
#5492=ADVANCED_FACE('',(#578),#438,.T.);
#5493=ADVANCED_FACE('',(#579),#439,.T.);
#5494=ADVANCED_FACE('',(#580),#440,.T.);
#5495=ADVANCED_FACE('',(#581),#441,.T.);
#5496=ADVANCED_FACE('',(#582),#442,.T.);
#5497=ADVANCED_FACE('',(#583),#443,.T.);
#5498=ADVANCED_FACE('',(#584),#5336,.T.);
#5499=ADVANCED_FACE('',(#585),#5337,.T.);
#5500=ADVANCED_FACE('',(#586),#444,.T.);
#5501=ADVANCED_FACE('',(#587),#445,.T.);
#5502=ADVANCED_FACE('',(#588),#446,.T.);
#5503=ADVANCED_FACE('',(#589),#447,.T.);
#5504=ADVANCED_FACE('',(#590),#448,.T.);
#5505=ADVANCED_FACE('',(#591),#449,.T.);
#5506=ADVANCED_FACE('',(#592),#450,.T.);
#5507=ADVANCED_FACE('',(#593),#451,.T.);
#5508=ADVANCED_FACE('',(#594),#452,.T.);
#5509=ADVANCED_FACE('',(#595),#453,.T.);
#5510=ADVANCED_FACE('',(#596),#454,.T.);
#5511=ADVANCED_FACE('',(#597),#455,.T.);
#5512=ADVANCED_FACE('',(#598),#5338,.T.);
#5513=ADVANCED_FACE('',(#599),#5339,.T.);
#5514=ADVANCED_FACE('',(#600,#111,#112),#5340,.T.);
#5515=ADVANCED_FACE('',(#601),#5341,.T.);
#5516=ADVANCED_FACE('',(#602),#5342,.T.);
#5517=ADVANCED_FACE('',(#603),#5343,.T.);
#5518=ADVANCED_FACE('',(#604),#5344,.T.);
#5519=ADVANCED_FACE('',(#605),#456,.T.);
#5520=ADVANCED_FACE('',(#606),#457,.T.);
#5521=ADVANCED_FACE('',(#607),#458,.T.);
#5522=ADVANCED_FACE('',(#608),#459,.T.);
#5523=ADVANCED_FACE('',(#609),#460,.T.);
#5524=ADVANCED_FACE('',(#610),#461,.T.);
#5525=ADVANCED_FACE('',(#611),#462,.T.);
#5526=ADVANCED_FACE('',(#612),#463,.T.);
#5527=ADVANCED_FACE('',(#613),#464,.T.);
#5528=ADVANCED_FACE('',(#614),#465,.T.);
#5529=ADVANCED_FACE('',(#615),#466,.T.);
#5530=ADVANCED_FACE('',(#616),#5345,.T.);
#5531=ADVANCED_FACE('',(#617),#467,.T.);
#5532=ADVANCED_FACE('',(#618),#468,.T.);
#5533=ADVANCED_FACE('',(#619),#469,.T.);
#5534=ADVANCED_FACE('',(#620),#470,.T.);
#5535=ADVANCED_FACE('',(#621),#471,.T.);
#5536=ADVANCED_FACE('',(#622),#472,.T.);
#5537=ADVANCED_FACE('',(#623),#473,.T.);
#5538=ADVANCED_FACE('',(#624),#474,.T.);
#5539=ADVANCED_FACE('',(#625),#5346,.T.);
#5540=ADVANCED_FACE('',(#626),#5347,.T.);
#5541=ADVANCED_FACE('',(#627),#5348,.T.);
#5542=ADVANCED_FACE('',(#628),#5349,.T.);
#5543=ADVANCED_FACE('',(#629),#5350,.T.);
#5544=ADVANCED_FACE('',(#630),#5351,.T.);
#5545=ADVANCED_FACE('',(#631),#475,.T.);
#5546=ADVANCED_FACE('',(#632),#476,.T.);
#5547=ADVANCED_FACE('',(#633),#5352,.T.);
#5548=ADVANCED_FACE('',(#634),#477,.T.);
#5549=ADVANCED_FACE('',(#635),#478,.T.);
#5550=ADVANCED_FACE('',(#636),#5353,.T.);
#5551=ADVANCED_FACE('',(#637),#5354,.T.);
#5552=ADVANCED_FACE('',(#638),#479,.T.);
#5553=ADVANCED_FACE('',(#639),#480,.T.);
#5554=ADVANCED_FACE('',(#640),#481,.T.);
#5555=ADVANCED_FACE('',(#641),#482,.T.);
#5556=ADVANCED_FACE('',(#642),#483,.T.);
#5557=ADVANCED_FACE('',(#643),#484,.T.);
#5558=ADVANCED_FACE('',(#644),#485,.T.);
#5559=ADVANCED_FACE('',(#645),#486,.T.);
#5560=ADVANCED_FACE('',(#646),#487,.T.);
#5561=ADVANCED_FACE('',(#647),#488,.T.);
#5562=ADVANCED_FACE('',(#648),#489,.T.);
#5563=ADVANCED_FACE('',(#649),#490,.T.);
#5564=ADVANCED_FACE('',(#650),#491,.T.);
#5565=ADVANCED_FACE('',(#651),#492,.T.);
#5566=ADVANCED_FACE('',(#652),#493,.T.);
#5567=ADVANCED_FACE('',(#653),#494,.T.);
#5568=ADVANCED_FACE('',(#654),#495,.T.);
#5569=ADVANCED_FACE('',(#655),#496,.T.);
#5570=ADVANCED_FACE('',(#656),#497,.T.);
#5571=ADVANCED_FACE('',(#657),#498,.T.);
#5572=ADVANCED_FACE('',(#658),#499,.T.);
#5573=ADVANCED_FACE('',(#659),#500,.T.);
#5574=ADVANCED_FACE('',(#660),#501,.T.);
#5575=ADVANCED_FACE('',(#661),#502,.T.);
#5576=ADVANCED_FACE('',(#662),#503,.T.);
#5577=ADVANCED_FACE('',(#663),#504,.T.);
#5578=ADVANCED_FACE('',(#664),#505,.T.);
#5579=ADVANCED_FACE('',(#665),#506,.T.);
#5580=ADVANCED_FACE('',(#666),#507,.T.);
#5581=ADVANCED_FACE('',(#667),#508,.T.);
#5582=ADVANCED_FACE('',(#668),#509,.T.);
#5583=ADVANCED_FACE('',(#669),#510,.T.);
#5584=ADVANCED_FACE('',(#670),#511,.T.);
#5585=ADVANCED_FACE('',(#671),#512,.T.);
#5586=ADVANCED_FACE('',(#672),#513,.T.);
#5587=ADVANCED_FACE('',(#673,#113,#114),#5355,.T.);
#5588=ADVANCED_FACE('',(#674),#5356,.T.);
#5589=ADVANCED_FACE('',(#675),#5357,.T.);
#5590=ADVANCED_FACE('',(#676),#5358,.T.);
#5591=ADVANCED_FACE('',(#677),#5359,.T.);
#5592=ADVANCED_FACE('',(#678),#5360,.T.);
#5593=ADVANCED_FACE('',(#679),#5361,.T.);
#5594=ADVANCED_FACE('',(#680),#5362,.T.);
#5595=ADVANCED_FACE('',(#681),#5363,.T.);
#5596=ADVANCED_FACE('',(#682),#5364,.T.);
#5597=ADVANCED_FACE('',(#683),#5365,.T.);
#5598=ADVANCED_FACE('',(#684),#5366,.T.);
#5599=ADVANCED_FACE('',(#685),#5367,.T.);
#5600=ADVANCED_FACE('',(#686),#5368,.T.);
#5601=ADVANCED_FACE('',(#687),#5369,.T.);
#5602=ADVANCED_FACE('',(#688),#5370,.T.);
#5603=ADVANCED_FACE('',(#689),#5371,.T.);
#5604=ADVANCED_FACE('',(#690),#5372,.T.);
#5605=ADVANCED_FACE('',(#691),#5373,.T.);
#5606=ADVANCED_FACE('',(#692),#5374,.T.);
#5607=ADVANCED_FACE('',(#693),#5375,.T.);
#5608=ADVANCED_FACE('',(#694),#5376,.T.);
#5609=ADVANCED_FACE('',(#695),#5377,.T.);
#5610=ADVANCED_FACE('',(#696),#5378,.T.);
#5611=ADVANCED_FACE('',(#697),#5379,.T.);
#5612=ADVANCED_FACE('',(#698),#5380,.T.);
#5613=ADVANCED_FACE('',(#699,#115),#5381,.T.);
#5614=ADVANCED_FACE('',(#700),#5382,.T.);
#5615=ADVANCED_FACE('',(#701),#514,.T.);
#5616=ADVANCED_FACE('',(#702),#515,.T.);
#5617=ADVANCED_FACE('',(#703),#516,.T.);
#5618=ADVANCED_FACE('',(#704),#517,.T.);
#5619=ADVANCED_FACE('',(#705),#518,.T.);
#5620=ADVANCED_FACE('',(#706),#519,.T.);
#5621=ADVANCED_FACE('',(#707),#520,.T.);
#5622=ADVANCED_FACE('',(#708),#521,.T.);
#5623=ADVANCED_FACE('',(#709),#5383,.T.);
#5624=ADVANCED_FACE('',(#710),#522,.T.);
#5625=ADVANCED_FACE('',(#711),#523,.T.);
#5626=ADVANCED_FACE('',(#712),#524,.T.);
#5627=ADVANCED_FACE('',(#713),#525,.T.);
#5628=ADVANCED_FACE('',(#714),#526,.T.);
#5629=ADVANCED_FACE('',(#715),#527,.T.);
#5630=ADVANCED_FACE('',(#716),#528,.T.);
#5631=ADVANCED_FACE('',(#717),#529,.T.);
#5632=ADVANCED_FACE('',(#718),#5384,.T.);
#5633=ADVANCED_FACE('',(#719),#5385,.T.);
#5634=ADVANCED_FACE('',(#720),#530,.T.);
#5635=ADVANCED_FACE('',(#721),#531,.T.);
#5636=ADVANCED_FACE('',(#722),#532,.T.);
#5637=ADVANCED_FACE('',(#723),#533,.T.);
#5638=ADVANCED_FACE('',(#724),#534,.T.);
#5639=ADVANCED_FACE('',(#725),#535,.T.);
#5640=ADVANCED_FACE('',(#726),#536,.T.);
#5641=ADVANCED_FACE('',(#727),#537,.T.);
#5642=ADVANCED_FACE('',(#728),#5386,.T.);
#5643=ADVANCED_FACE('',(#729),#538,.T.);
#5644=ADVANCED_FACE('',(#730),#539,.T.);
#5645=ADVANCED_FACE('',(#731),#540,.T.);
#5646=ADVANCED_FACE('',(#732),#541,.T.);
#5647=ADVANCED_FACE('',(#733),#542,.T.);
#5648=ADVANCED_FACE('',(#734),#543,.T.);
#5649=ADVANCED_FACE('',(#735),#544,.T.);
#5650=ADVANCED_FACE('',(#736),#545,.T.);
#5651=ADVANCED_FACE('',(#737),#546,.T.);
#5652=ADVANCED_FACE('',(#738),#547,.T.);
#5653=ADVANCED_FACE('',(#739),#5387,.T.);
#5654=ADVANCED_FACE('',(#740),#5388,.T.);
#5655=ADVANCED_FACE('',(#741),#5389,.T.);
#5656=ADVANCED_FACE('',(#742),#5390,.T.);
#5657=ADVANCED_FACE('',(#743),#5391,.T.);
#5658=ADVANCED_FACE('',(#744),#5392,.T.);
#5659=ADVANCED_FACE('',(#745),#5393,.T.);
#5660=ADVANCED_FACE('',(#746),#548,.T.);
#5661=ADVANCED_FACE('',(#747),#549,.T.);
#5662=ADVANCED_FACE('',(#748),#550,.T.);
#5663=ADVANCED_FACE('',(#749),#551,.T.);
#5664=ADVANCED_FACE('',(#750),#552,.T.);
#5665=ADVANCED_FACE('',(#751),#553,.T.);
#5666=ADVANCED_FACE('',(#752),#554,.T.);
#5667=ADVANCED_FACE('',(#753),#555,.T.);
#5668=ADVANCED_FACE('',(#754),#556,.T.);
#5669=ADVANCED_FACE('',(#755),#557,.T.);
#5670=ADVANCED_FACE('',(#756),#558,.T.);
#5671=ADVANCED_FACE('',(#757),#5394,.T.);
#5672=ADVANCED_FACE('',(#758),#559,.T.);
#5673=ADVANCED_FACE('',(#759),#560,.T.);
#5674=ADVANCED_FACE('',(#760),#561,.T.);
#5675=ADVANCED_FACE('',(#761),#562,.T.);
#5676=ADVANCED_FACE('',(#762),#563,.T.);
#5677=ADVANCED_FACE('',(#763),#564,.T.);
#5678=ADVANCED_FACE('',(#764),#565,.T.);
#5679=ADVANCED_FACE('',(#765),#566,.T.);
#5680=ADVANCED_FACE('',(#766),#5395,.T.);
#5681=ADVANCED_FACE('',(#767),#5396,.T.);
#5682=ADVANCED_FACE('',(#768),#5397,.T.);
#5683=ADVANCED_FACE('',(#769),#5398,.T.);
#5684=ADVANCED_FACE('',(#770),#5399,.T.);
#5685=ADVANCED_FACE('',(#771),#5400,.T.);
#5686=ADVANCED_FACE('',(#772),#5401,.T.);
#5687=ADVANCED_FACE('',(#773),#5402,.T.);
#5688=ADVANCED_FACE('',(#774),#5403,.T.);
#5689=ADVANCED_FACE('',(#775),#5404,.T.);
#5690=ADVANCED_FACE('',(#776),#5405,.T.);
#5691=ADVANCED_FACE('',(#777),#5406,.T.);
#5692=ADVANCED_FACE('',(#778),#5407,.T.);
#5693=ADVANCED_FACE('',(#779),#5408,.T.);
#5694=ADVANCED_FACE('',(#780),#5409,.T.);
#5695=ADVANCED_FACE('',(#781),#5410,.T.);
#5696=ADVANCED_FACE('',(#782),#5411,.T.);
#5697=ADVANCED_FACE('',(#783),#5412,.T.);
#5698=ADVANCED_FACE('',(#784),#5413,.T.);
#5699=ADVANCED_FACE('',(#785),#5414,.T.);
#5700=ADVANCED_FACE('',(#786),#5415,.T.);
#5701=ADVANCED_FACE('',(#787),#5416,.T.);
#5702=ADVANCED_FACE('',(#788),#5417,.T.);
#5703=ADVANCED_FACE('',(#789),#5418,.T.);
#5704=ADVANCED_FACE('',(#790),#5419,.T.);
#5705=ADVANCED_FACE('',(#791),#5420,.T.);
#5706=ADVANCED_FACE('',(#792),#5421,.T.);
#5707=ADVANCED_FACE('',(#793),#5422,.T.);
#5708=ADVANCED_FACE('',(#794),#5423,.T.);
#5709=ADVANCED_FACE('',(#795),#5424,.T.);
#5710=ADVANCED_FACE('',(#796),#5425,.T.);
#5711=ADVANCED_FACE('',(#797),#5426,.T.);
#5712=ADVANCED_FACE('',(#798),#5427,.T.);
#5713=ADVANCED_FACE('',(#799),#5428,.T.);
#5714=ADVANCED_FACE('',(#800),#5429,.T.);
#5715=ADVANCED_FACE('',(#801),#5430,.T.);
#5716=ADVANCED_FACE('',(#802),#5431,.T.);
#5717=ADVANCED_FACE('',(#803),#5432,.T.);
#5718=ADVANCED_FACE('',(#804,#116,#117,#118,#119,#120,#121,#122,#123,#124,
#125,#126,#127,#128,#129,#130),#5433,.T.);
#5719=ADVANCED_FACE('',(#805),#5434,.T.);
#5720=ADVANCED_FACE('',(#806),#5435,.T.);
#5721=ADVANCED_FACE('',(#807),#5436,.T.);
#5722=ADVANCED_FACE('',(#808),#5437,.T.);
#5723=ADVANCED_FACE('',(#809),#5438,.F.);
#5724=ADVANCED_FACE('',(#810),#5439,.F.);
#5725=ADVANCED_FACE('',(#811),#5440,.F.);
#5726=ADVANCED_FACE('',(#812),#5441,.F.);
#5727=ADVANCED_FACE('',(#813),#25,.F.);
#5728=ADVANCED_FACE('',(#814),#26,.F.);
#5729=ADVANCED_FACE('',(#815),#5442,.T.);
#5730=ADVANCED_FACE('',(#816,#131,#132,#133),#5443,.F.);
#5731=ADVANCED_FACE('',(#817),#27,.F.);
#5732=ADVANCED_FACE('',(#818),#5444,.F.);
#5733=ADVANCED_FACE('',(#819),#28,.F.);
#5734=ADVANCED_FACE('',(#820),#5445,.F.);
#5735=ADVANCED_FACE('',(#821),#29,.F.);
#5736=ADVANCED_FACE('',(#822),#5446,.F.);
#5737=ADVANCED_FACE('',(#823),#30,.T.);
#5738=ADVANCED_FACE('',(#824),#31,.T.);
#5739=ADVANCED_FACE('',(#825),#13,.T.);
#5740=ADVANCED_FACE('',(#826),#32,.T.);
#5741=ADVANCED_FACE('',(#827),#14,.T.);
#5742=ADVANCED_FACE('',(#828),#33,.T.);
#5743=ADVANCED_FACE('',(#829),#15,.T.);
#5744=ADVANCED_FACE('',(#830),#16,.T.);
#5745=ADVANCED_FACE('',(#831),#34,.T.);
#5746=ADVANCED_FACE('',(#832),#5447,.F.);
#5747=ADVANCED_FACE('',(#833),#35,.T.);
#5748=ADVANCED_FACE('',(#834),#5448,.F.);
#5749=ADVANCED_FACE('',(#835,#134),#5449,.T.);
#5750=ADVANCED_FACE('',(#836),#5450,.F.);
#5751=ADVANCED_FACE('',(#837),#36,.T.);
#5752=ADVANCED_FACE('',(#838),#5451,.F.);
#5753=ADVANCED_FACE('',(#839),#37,.T.);
#5754=ADVANCED_FACE('',(#840),#5452,.F.);
#5755=ADVANCED_FACE('',(#841),#38,.T.);
#5756=ADVANCED_FACE('',(#842),#5453,.F.);
#5757=ADVANCED_FACE('',(#843,#135),#5454,.T.);
#5758=ADVANCED_FACE('',(#844),#39,.T.);
#5759=ADVANCED_FACE('',(#845),#5455,.F.);
#5760=ADVANCED_FACE('',(#846),#5456,.F.);
#5761=ADVANCED_FACE('',(#847),#40,.T.);
#5762=ADVANCED_FACE('',(#848),#5457,.F.);
#5763=ADVANCED_FACE('',(#849),#41,.T.);
#5764=ADVANCED_FACE('',(#850),#42,.F.);
#5765=ADVANCED_FACE('',(#851),#5458,.F.);
#5766=ADVANCED_FACE('',(#852),#5459,.F.);
#5767=ADVANCED_FACE('',(#853),#5460,.T.);
#5768=ADVANCED_FACE('',(#854),#5461,.F.);
#5769=ADVANCED_FACE('',(#855),#5462,.T.);
#5770=ADVANCED_FACE('',(#856),#5463,.T.);
#5771=ADVANCED_FACE('',(#857),#5464,.T.);
#5772=ADVANCED_FACE('',(#858),#43,.T.);
#5773=ADVANCED_FACE('',(#859),#44,.T.);
#5774=ADVANCED_FACE('',(#860),#45,.T.);
#5775=ADVANCED_FACE('',(#861),#17,.T.);
#5776=ADVANCED_FACE('',(#862),#18,.T.);
#5777=ADVANCED_FACE('',(#863),#5465,.F.);
#5778=ADVANCED_FACE('',(#864),#5466,.F.);
#5779=ADVANCED_FACE('',(#865),#46,.T.);
#5780=ADVANCED_FACE('',(#866),#47,.T.);
#5781=ADVANCED_FACE('',(#867),#5467,.T.);
#5782=ADVANCED_FACE('',(#868),#5468,.F.);
#5783=ADVANCED_FACE('',(#869),#5469,.F.);
#5784=ADVANCED_FACE('',(#870,#136),#5470,.F.);
#5785=ADVANCED_FACE('',(#871),#19,.T.);
#5786=ADVANCED_FACE('',(#872),#48,.F.);
#5787=ADVANCED_FACE('',(#873,#137),#5471,.T.);
#5788=ADVANCED_FACE('',(#874,#138),#5472,.T.);
#5789=ADVANCED_FACE('',(#875),#49,.T.);
#5790=ADVANCED_FACE('',(#876,#139),#5473,.T.);
#5791=ADVANCED_FACE('',(#877),#50,.T.);
#5792=ADVANCED_FACE('',(#878),#51,.T.);
#5793=ADVANCED_FACE('',(#879,#140),#5474,.F.);
#5794=ADVANCED_FACE('',(#880),#52,.T.);
#5795=ADVANCED_FACE('',(#881,#141),#5475,.T.);
#5796=ADVANCED_FACE('',(#882),#5476,.F.);
#5797=ADVANCED_FACE('',(#883),#5477,.F.);
#5798=ADVANCED_FACE('',(#884),#5478,.F.);
#5799=ADVANCED_FACE('',(#885),#5479,.F.);
#5800=ADVANCED_FACE('',(#886),#5480,.F.);
#5801=CLOSED_SHELL('',(#5481,#5482,#5483,#5484,#5485,#5486,#5487,#5488,
#5489,#5490,#5491,#5492,#5493,#5494,#5495,#5496,#5497,#5498,#5499,#5500,
#5501,#5502,#5503,#5504,#5505,#5506,#5507,#5508,#5509,#5510,#5511,#5512,
#5513,#5514,#5515,#5516,#5517,#5518,#5519,#5520,#5521,#5522,#5523,#5524,
#5525,#5526,#5527,#5528,#5529,#5530,#5531,#5532,#5533,#5534,#5535,#5536,
#5537,#5538,#5539,#5540,#5541,#5542,#5543,#5544,#5545,#5546,#5547,#5548,
#5549,#5550,#5551,#5552,#5553,#5554,#5555,#5556,#5557,#5558,#5559,#5560,
#5561,#5562,#5563,#5564,#5565,#5566,#5567,#5568,#5569,#5570,#5571,#5572,
#5573,#5574,#5575,#5576,#5577,#5578,#5579,#5580,#5581,#5582,#5583,#5584,
#5585,#5586,#5587,#5588,#5589,#5590,#5591,#5592,#5593,#5594,#5595,#5596,
#5597,#5598,#5599,#5600,#5601,#5602,#5603,#5604,#5605,#5606,#5607,#5608,
#5609,#5610,#5611,#5612,#5613,#5614,#5615,#5616,#5617,#5618,#5619,#5620,
#5621,#5622,#5623,#5624,#5625,#5626,#5627,#5628,#5629,#5630,#5631,#5632,
#5633,#5634,#5635,#5636,#5637,#5638,#5639,#5640,#5641,#5642,#5643,#5644,
#5645,#5646,#5647,#5648,#5649,#5650,#5651,#5652,#5653,#5654,#5655,#5656,
#5657,#5658,#5659,#5660,#5661,#5662,#5663,#5664,#5665,#5666,#5667,#5668,
#5669,#5670,#5671,#5672,#5673,#5674,#5675,#5676,#5677,#5678,#5679,#5680,
#5681,#5682,#5683,#5684,#5685,#5686,#5687,#5688,#5689,#5690,#5691,#5692,
#5693,#5694,#5695,#5696,#5697,#5698,#5699,#5700,#5701,#5702,#5703,#5704,
#5705,#5706,#5707,#5708,#5709,#5710,#5711,#5712,#5713,#5714,#5715,#5716,
#5717,#5718,#5719,#5720,#5721,#5722,#5723,#5724,#5725,#5726,#5727,#5728,
#5729,#5730,#5731,#5732,#5733,#5734));
#5802=CLOSED_SHELL('',(#5735,#5736,#5737,#5738,#5739,#5740,#5741,#5742,
#5743,#5744,#5745,#5746,#5747,#5748,#5749,#5750,#5751,#5752,#5753,#5754));
#5803=CLOSED_SHELL('',(#5755,#5756,#5757,#5758,#5759,#5760,#5761,#5762,
#5763,#5764,#5765,#5766));
#5804=CLOSED_SHELL('',(#5767,#5768,#5769,#5770,#5771,#5772,#5773,#5774,
#5775,#5776,#5777,#5778,#5779,#5780,#5781,#5782,#5783,#5784));
#5805=CLOSED_SHELL('',(#5785,#5786,#5787,#5788,#5789,#5790,#5791,#5792,
#5793,#5794,#5795,#5796,#5797,#5798,#5799,#5800));
#5806=DERIVED_UNIT_ELEMENT(#5808,1.);
#5807=DERIVED_UNIT_ELEMENT(#11075,-3.);
#5808=(
MASS_UNIT()
NAMED_UNIT(*)
SI_UNIT(.KILO.,.GRAM.)
);
#5809=DERIVED_UNIT((#5806,#5807));
#5810=MEASURE_REPRESENTATION_ITEM('density measure',
POSITIVE_RATIO_MEASURE(7850.),#5809);
#5811=PROPERTY_DEFINITION_REPRESENTATION(#5816,#5813);
#5812=PROPERTY_DEFINITION_REPRESENTATION(#5817,#5814);
#5813=REPRESENTATION('material name',(#5815),#11072);
#5814=REPRESENTATION('density',(#5810),#11072);
#5815=DESCRIPTIVE_REPRESENTATION_ITEM('Steel','Steel');
#5816=PROPERTY_DEFINITION('material property','material name',#11082);
#5817=PROPERTY_DEFINITION('material property','density of part',#11082);
#5818=AXIS2_PLACEMENT_3D('',#7061,#6062,#6063);
#5819=AXIS2_PLACEMENT_3D('',#7062,#6064,#6065);
#5820=AXIS2_PLACEMENT_3D('',#7071,#6070,#6071);
#5821=AXIS2_PLACEMENT_3D('',#7215,#6081,#6082);
#5822=AXIS2_PLACEMENT_3D('',#7218,#6085,#6086);
#5823=AXIS2_PLACEMENT_3D('',#7227,#6091,#6092);
#5824=AXIS2_PLACEMENT_3D('',#7371,#6102,#6103);
#5825=AXIS2_PLACEMENT_3D('',#7374,#6106,#6107);
#5826=AXIS2_PLACEMENT_3D('',#7659,#6124,#6125);
#5827=AXIS2_PLACEMENT_3D('',#7665,#6129,#6130);
#5828=AXIS2_PLACEMENT_3D('',#7668,#6133,#6134);
#5829=AXIS2_PLACEMENT_3D('',#7669,#6135,#6136);
#5830=AXIS2_PLACEMENT_3D('',#7678,#6141,#6142);
#5831=AXIS2_PLACEMENT_3D('',#7684,#6146,#6147);
#5832=AXIS2_PLACEMENT_3D('',#7690,#6151,#6152);
#5833=AXIS2_PLACEMENT_3D('',#7949,#6167,#6168);
#5834=AXIS2_PLACEMENT_3D('',#8139,#6180,#6181);
#5835=AXIS2_PLACEMENT_3D('',#8145,#6185,#6186);
#5836=AXIS2_PLACEMENT_3D('',#8148,#6189,#6190);
#5837=AXIS2_PLACEMENT_3D('',#8149,#6191,#6192);
#5838=AXIS2_PLACEMENT_3D('',#8158,#6197,#6198);
#5839=AXIS2_PLACEMENT_3D('',#8164,#6202,#6203);
#5840=AXIS2_PLACEMENT_3D('',#8216,#6209,#6210);
#5841=AXIS2_PLACEMENT_3D('',#8268,#6216,#6217);
#5842=AXIS2_PLACEMENT_3D('',#8271,#6220,#6221);
#5843=AXIS2_PLACEMENT_3D('',#9077,#6257,#6258);
#5844=AXIS2_PLACEMENT_3D('',#9078,#6259,#6260);
#5845=AXIS2_PLACEMENT_3D('',#9087,#6265,#6266);
#5846=AXIS2_PLACEMENT_3D('',#9093,#6270,#6271);
#5847=AXIS2_PLACEMENT_3D('',#9099,#6275,#6276);
#5848=AXIS2_PLACEMENT_3D('',#9105,#6280,#6281);
#5849=AXIS2_PLACEMENT_3D('',#9111,#6285,#6286);
#5850=AXIS2_PLACEMENT_3D('',#9117,#6290,#6291);
#5851=AXIS2_PLACEMENT_3D('',#9123,#6295,#6296);
#5852=AXIS2_PLACEMENT_3D('',#9129,#6300,#6301);
#5853=AXIS2_PLACEMENT_3D('',#9135,#6305,#6306);
#5854=AXIS2_PLACEMENT_3D('',#9141,#6310,#6311);
#5855=AXIS2_PLACEMENT_3D('',#9147,#6315,#6316);
#5856=AXIS2_PLACEMENT_3D('',#9153,#6320,#6321);
#5857=AXIS2_PLACEMENT_3D('',#9156,#6324,#6325);
#5858=AXIS2_PLACEMENT_3D('',#9157,#6326,#6327);
#5859=AXIS2_PLACEMENT_3D('',#9166,#6332,#6333);
#5860=AXIS2_PLACEMENT_3D('',#9172,#6337,#6338);
#5861=AXIS2_PLACEMENT_3D('',#9175,#6341,#6342);
#5862=AXIS2_PLACEMENT_3D('',#9184,#6347,#6348);
#5863=AXIS2_PLACEMENT_3D('',#9190,#6352,#6353);
#5864=AXIS2_PLACEMENT_3D('',#9196,#6357,#6358);
#5865=AXIS2_PLACEMENT_3D('',#9202,#6362,#6363);
#5866=AXIS2_PLACEMENT_3D('',#9208,#6367,#6368);
#5867=AXIS2_PLACEMENT_3D('',#9214,#6372,#6373);
#5868=AXIS2_PLACEMENT_3D('',#9220,#6377,#6378);
#5869=AXIS2_PLACEMENT_3D('',#9223,#6381,#6382);
#5870=AXIS2_PLACEMENT_3D('',#9224,#6383,#6384);
#5871=AXIS2_PLACEMENT_3D('',#9417,#6397,#6398);
#5872=AXIS2_PLACEMENT_3D('',#9604,#6409,#6410);
#5873=AXIS2_PLACEMENT_3D('',#9605,#6411,#6412);
#5874=AXIS2_PLACEMENT_3D('',#9798,#6425,#6426);
#5875=AXIS2_PLACEMENT_3D('',#10034,#6440,#6441);
#5876=AXIS2_PLACEMENT_3D('',#10040,#6445,#6446);
#5877=AXIS2_PLACEMENT_3D('',#10043,#6449,#6450);
#5878=AXIS2_PLACEMENT_3D('',#10044,#6451,#6452);
#5879=AXIS2_PLACEMENT_3D('',#10053,#6457,#6458);
#5880=AXIS2_PLACEMENT_3D('',#10059,#6462,#6463);
#5881=AXIS2_PLACEMENT_3D('',#10065,#6467,#6468);
#5882=AXIS2_PLACEMENT_3D('',#10324,#6483,#6484);
#5883=AXIS2_PLACEMENT_3D('',#10514,#6496,#6497);
#5884=AXIS2_PLACEMENT_3D('',#10520,#6501,#6502);
#5885=AXIS2_PLACEMENT_3D('',#10523,#6505,#6506);
#5886=AXIS2_PLACEMENT_3D('',#10524,#6507,#6508);
#5887=AXIS2_PLACEMENT_3D('',#10533,#6513,#6514);
#5888=AXIS2_PLACEMENT_3D('',#10539,#6518,#6519);
#5889=AXIS2_PLACEMENT_3D('',#10545,#6523,#6524);
#5890=AXIS2_PLACEMENT_3D('',#10551,#6528,#6529);
#5891=AXIS2_PLACEMENT_3D('',#10557,#6533,#6534);
#5892=AXIS2_PLACEMENT_3D('',#10563,#6538,#6539);
#5893=AXIS2_PLACEMENT_3D('',#10569,#6543,#6544);
#5894=AXIS2_PLACEMENT_3D('',#10575,#6548,#6549);
#5895=AXIS2_PLACEMENT_3D('',#10581,#6553,#6554);
#5896=AXIS2_PLACEMENT_3D('',#10587,#6558,#6559);
#5897=AXIS2_PLACEMENT_3D('',#10593,#6563,#6564);
#5898=AXIS2_PLACEMENT_3D('',#10599,#6568,#6569);
#5899=AXIS2_PLACEMENT_3D('',#10602,#6572,#6573);
#5900=AXIS2_PLACEMENT_3D('',#10603,#6574,#6575);
#5901=AXIS2_PLACEMENT_3D('',#10612,#6580,#6581);
#5902=AXIS2_PLACEMENT_3D('',#10618,#6585,#6586);
#5903=AXIS2_PLACEMENT_3D('',#10624,#6590,#6591);
#5904=AXIS2_PLACEMENT_3D('',#10630,#6595,#6596);
#5905=AXIS2_PLACEMENT_3D('',#10636,#6600,#6601);
#5906=AXIS2_PLACEMENT_3D('',#10642,#6605,#6606);
#5907=AXIS2_PLACEMENT_3D('',#10645,#6609,#6610);
#5908=AXIS2_PLACEMENT_3D('',#10646,#6611,#6612);
#5909=AXIS2_PLACEMENT_3D('',#10655,#6617,#6618);
#5910=AXIS2_PLACEMENT_3D('',#10661,#6622,#6623);
#5911=AXIS2_PLACEMENT_3D('',#10667,#6627,#6628);
#5912=AXIS2_PLACEMENT_3D('',#10673,#6632,#6633);
#5913=AXIS2_PLACEMENT_3D('',#10679,#6637,#6638);
#5914=AXIS2_PLACEMENT_3D('',#10685,#6642,#6643);
#5915=AXIS2_PLACEMENT_3D('',#10691,#6647,#6648);
#5916=AXIS2_PLACEMENT_3D('',#10697,#6652,#6653);
#5917=AXIS2_PLACEMENT_3D('',#10703,#6657,#6658);
#5918=AXIS2_PLACEMENT_3D('',#10709,#6662,#6663);
#5919=AXIS2_PLACEMENT_3D('',#10715,#6667,#6668);
#5920=AXIS2_PLACEMENT_3D('',#10718,#6671,#6672);
#5921=AXIS2_PLACEMENT_3D('',#10719,#6673,#6674);
#5922=AXIS2_PLACEMENT_3D('',#10729,#6679,#6680);
#5923=AXIS2_PLACEMENT_3D('',#10731,#6681,#6682);
#5924=AXIS2_PLACEMENT_3D('',#10736,#6684,#6685);
#5925=AXIS2_PLACEMENT_3D('',#10739,#6687,#6688);
#5926=AXIS2_PLACEMENT_3D('',#10740,#6689,#6690);
#5927=AXIS2_PLACEMENT_3D('',#10741,#6691,#6692);
#5928=AXIS2_PLACEMENT_3D('',#10742,#6693,#6694);
#5929=AXIS2_PLACEMENT_3D('',#10743,#6695,#6696);
#5930=AXIS2_PLACEMENT_3D('',#10744,#6697,#6698);
#5931=AXIS2_PLACEMENT_3D('',#10750,#6702,#6703);
#5932=AXIS2_PLACEMENT_3D('',#10754,#6706,#6707);
#5933=AXIS2_PLACEMENT_3D('',#10758,#6710,#6711);
#5934=AXIS2_PLACEMENT_3D('',#10760,#6713,#6714);
#5935=AXIS2_PLACEMENT_3D('',#10763,#6716,#6717);
#5936=AXIS2_PLACEMENT_3D('',#10764,#6718,#6719);
#5937=AXIS2_PLACEMENT_3D('',#10767,#6721,#6722);
#5938=AXIS2_PLACEMENT_3D('',#10768,#6723,#6724);
#5939=AXIS2_PLACEMENT_3D('',#10769,#6725,#6726);
#5940=AXIS2_PLACEMENT_3D('',#10774,#6728,#6729);
#5941=AXIS2_PLACEMENT_3D('',#10777,#6731,#6732);
#5942=AXIS2_PLACEMENT_3D('',#10778,#6733,#6734);
#5943=AXIS2_PLACEMENT_3D('',#10781,#6737,#6738);
#5944=AXIS2_PLACEMENT_3D('',#10783,#6740,#6741);
#5945=AXIS2_PLACEMENT_3D('',#10785,#6743,#6744);
#5946=AXIS2_PLACEMENT_3D('',#10786,#6745,#6746);
#5947=AXIS2_PLACEMENT_3D('',#10788,#6747,#6748);
#5948=AXIS2_PLACEMENT_3D('',#10791,#6750,#6751);
#5949=AXIS2_PLACEMENT_3D('',#10792,#6752,#6753);
#5950=AXIS2_PLACEMENT_3D('',#10793,#6754,#6755);
#5951=AXIS2_PLACEMENT_3D('',#10796,#6756,#6757);
#5952=AXIS2_PLACEMENT_3D('',#10800,#6759,#6760);
#5953=AXIS2_PLACEMENT_3D('',#10802,#6762,#6763);
#5954=AXIS2_PLACEMENT_3D('',#10805,#6764,#6765);
#5955=AXIS2_PLACEMENT_3D('',#10808,#6767,#6768);
#5956=AXIS2_PLACEMENT_3D('',#10810,#6770,#6771);
#5957=AXIS2_PLACEMENT_3D('',#10811,#6772,#6773);
#5958=AXIS2_PLACEMENT_3D('',#10812,#6774,#6775);
#5959=AXIS2_PLACEMENT_3D('',#10815,#6776,#6777);
#5960=AXIS2_PLACEMENT_3D('',#10818,#6779,#6780);
#5961=AXIS2_PLACEMENT_3D('',#10820,#6782,#6783);
#5962=AXIS2_PLACEMENT_3D('',#10821,#6784,#6785);
#5963=AXIS2_PLACEMENT_3D('',#10822,#6786,#6787);
#5964=AXIS2_PLACEMENT_3D('',#10824,#6788,#6789);
#5965=AXIS2_PLACEMENT_3D('',#10827,#6791,#6792);
#5966=AXIS2_PLACEMENT_3D('',#10829,#6794,#6795);
#5967=AXIS2_PLACEMENT_3D('',#10830,#6796,#6797);
#5968=AXIS2_PLACEMENT_3D('',#10831,#6798,#6799);
#5969=AXIS2_PLACEMENT_3D('',#10832,#6800,#6801);
#5970=AXIS2_PLACEMENT_3D('',#10833,#6802,#6803);
#5971=AXIS2_PLACEMENT_3D('',#10837,#6805,#6806);
#5972=AXIS2_PLACEMENT_3D('',#10839,#6808,#6809);
#5973=AXIS2_PLACEMENT_3D('',#10843,#6812,#6813);
#5974=AXIS2_PLACEMENT_3D('',#10846,#6815,#6816);
#5975=AXIS2_PLACEMENT_3D('',#10847,#6817,#6818);
#5976=AXIS2_PLACEMENT_3D('',#10851,#6821,#6822);
#5977=AXIS2_PLACEMENT_3D('',#10852,#6823,#6824);
#5978=AXIS2_PLACEMENT_3D('',#10854,#6825,#6826);
#5979=AXIS2_PLACEMENT_3D('',#10858,#6828,#6829);
#5980=AXIS2_PLACEMENT_3D('',#10860,#6831,#6832);
#5981=AXIS2_PLACEMENT_3D('',#10862,#6834,#6835);
#5982=AXIS2_PLACEMENT_3D('',#10864,#6837,#6838);
#5983=AXIS2_PLACEMENT_3D('',#10866,#6840,#6841);
#5984=AXIS2_PLACEMENT_3D('',#10867,#6842,#6843);
#5985=AXIS2_PLACEMENT_3D('',#10870,#6844,#6845);
#5986=AXIS2_PLACEMENT_3D('',#10874,#6847,#6848);
#5987=AXIS2_PLACEMENT_3D('',#10876,#6850,#6851);
#5988=AXIS2_PLACEMENT_3D('',#10882,#6855,#6856);
#5989=AXIS2_PLACEMENT_3D('',#10886,#6858,#6859);
#5990=AXIS2_PLACEMENT_3D('',#10890,#6861,#6862);
#5991=AXIS2_PLACEMENT_3D('',#10893,#6864,#6865);
#5992=AXIS2_PLACEMENT_3D('',#10895,#6866,#6867);
#5993=AXIS2_PLACEMENT_3D('',#10896,#6868,#6869);
#5994=AXIS2_PLACEMENT_3D('',#10899,#6870,#6871);
#5995=AXIS2_PLACEMENT_3D('',#10902,#6874,#6875);
#5996=AXIS2_PLACEMENT_3D('',#10906,#6878,#6879);
#5997=AXIS2_PLACEMENT_3D('',#10908,#6880,#6881);
#5998=AXIS2_PLACEMENT_3D('',#10911,#6883,#6884);
#5999=AXIS2_PLACEMENT_3D('',#10913,#6886,#6887);
#6000=AXIS2_PLACEMENT_3D('',#10915,#6889,#6890);
#6001=AXIS2_PLACEMENT_3D('',#10917,#6892,#6893);
#6002=AXIS2_PLACEMENT_3D('',#10918,#6894,#6895);
#6003=AXIS2_PLACEMENT_3D('',#10920,#6896,#6897);
#6004=AXIS2_PLACEMENT_3D('',#10922,#6899,#6900);
#6005=AXIS2_PLACEMENT_3D('',#10923,#6901,#6902);
#6006=AXIS2_PLACEMENT_3D('',#10924,#6903,#6904);
#6007=AXIS2_PLACEMENT_3D('',#10933,#6909,#6910);
#6008=AXIS2_PLACEMENT_3D('',#10939,#6914,#6915);
#6009=AXIS2_PLACEMENT_3D('',#10945,#6919,#6920);
#6010=AXIS2_PLACEMENT_3D('',#10947,#6922,#6923);
#6011=AXIS2_PLACEMENT_3D('',#10949,#6925,#6926);
#6012=AXIS2_PLACEMENT_3D('',#10952,#6927,#6928);
#6013=AXIS2_PLACEMENT_3D('',#10956,#6930,#6931);
#6014=AXIS2_PLACEMENT_3D('',#10958,#6933,#6934);
#6015=AXIS2_PLACEMENT_3D('',#10960,#6935,#6936);
#6016=AXIS2_PLACEMENT_3D('',#10964,#6938,#6939);
#6017=AXIS2_PLACEMENT_3D('',#10966,#6941,#6942);
#6018=AXIS2_PLACEMENT_3D('',#10969,#6943,#6944);
#6019=AXIS2_PLACEMENT_3D('',#10972,#6946,#6947);
#6020=AXIS2_PLACEMENT_3D('',#10974,#6949,#6950);
#6021=AXIS2_PLACEMENT_3D('',#10975,#6951,#6952);
#6022=AXIS2_PLACEMENT_3D('',#10976,#6953,#6954);
#6023=AXIS2_PLACEMENT_3D('',#10977,#6955,#6956);
#6024=AXIS2_PLACEMENT_3D('',#10978,#6957,#6958);
#6025=AXIS2_PLACEMENT_3D('',#10980,#6960,#6961);
#6026=AXIS2_PLACEMENT_3D('',#10986,#6965,#6966);
#6027=AXIS2_PLACEMENT_3D('',#10989,#6968,#6969);
#6028=AXIS2_PLACEMENT_3D('',#10990,#6970,#6971);
#6029=AXIS2_PLACEMENT_3D('',#10994,#6973,#6974);
#6030=AXIS2_PLACEMENT_3D('',#10996,#6976,#6977);
#6031=AXIS2_PLACEMENT_3D('',#10998,#6979,#6980);
#6032=AXIS2_PLACEMENT_3D('',#11002,#6983,#6984);
#6033=AXIS2_PLACEMENT_3D('',#11004,#6986,#6987);
#6034=AXIS2_PLACEMENT_3D('',#11005,#6988,#6989);
#6035=AXIS2_PLACEMENT_3D('',#11008,#6990,#6991);
#6036=AXIS2_PLACEMENT_3D('',#11009,#6992,#6993);
#6037=AXIS2_PLACEMENT_3D('',#11011,#6994,#6995);
#6038=AXIS2_PLACEMENT_3D('',#11012,#6996,#6997);
#6039=AXIS2_PLACEMENT_3D('',#11014,#6998,#6999);
#6040=AXIS2_PLACEMENT_3D('',#11016,#7001,#7002);
#6041=AXIS2_PLACEMENT_3D('',#11018,#7003,#7004);
#6042=AXIS2_PLACEMENT_3D('',#11019,#7005,#7006);
#6043=AXIS2_PLACEMENT_3D('',#11021,#7007,#7008);
#6044=AXIS2_PLACEMENT_3D('',#11023,#7009,#7010);
#6045=AXIS2_PLACEMENT_3D('',#11024,#7011,#7012);
#6046=AXIS2_PLACEMENT_3D('',#11026,#7014,#7015);
#6047=AXIS2_PLACEMENT_3D('',#11028,#7016,#7017);
#6048=AXIS2_PLACEMENT_3D('',#11030,#7018,#7019);
#6049=AXIS2_PLACEMENT_3D('',#11031,#7020,#7021);
#6050=AXIS2_PLACEMENT_3D('',#11033,#7023,#7024);
#6051=AXIS2_PLACEMENT_3D('',#11036,#7026,#7027);
#6052=AXIS2_PLACEMENT_3D('',#11037,#7028,#7029);
#6053=AXIS2_PLACEMENT_3D('',#11039,#7030,#7031);
#6054=AXIS2_PLACEMENT_3D('',#11040,#7032,#7033);
#6055=AXIS2_PLACEMENT_3D('',#11042,#7034,#7035);
#6056=AXIS2_PLACEMENT_3D('',#11044,#7037,#7038);
#6057=AXIS2_PLACEMENT_3D('',#11053,#7043,#7044);
#6058=AXIS2_PLACEMENT_3D('',#11059,#7048,#7049);
#6059=AXIS2_PLACEMENT_3D('',#11063,#7052,#7053);
#6060=AXIS2_PLACEMENT_3D('',#11067,#7056,#7057);
#6061=AXIS2_PLACEMENT_3D('',#11069,#7059,#7060);
#6062=DIRECTION('axis',(0.,0.,1.));
#6063=DIRECTION('refdir',(1.,0.,0.));
#6064=DIRECTION('center_axis',(1.,0.,4.93038065763132E-32));
#6065=DIRECTION('ref_axis',(-4.93038065763132E-32,2.22044604925031E-16,
1.));
#6066=DIRECTION('',(4.93038065763132E-32,-2.22044604925031E-16,-1.));
#6067=DIRECTION('',(0.,-1.,0.));
#6068=DIRECTION('',(-4.93038065763132E-32,2.22044604925031E-16,1.));
#6069=DIRECTION('',(0.,-1.,0.));
#6070=DIRECTION('center_axis',(0.,0.,1.));
#6071=DIRECTION('ref_axis',(-1.,-2.22044604925031E-16,0.));
#6072=DIRECTION('',(1.,2.22044604925031E-16,0.));
#6073=DIRECTION('',(-1.,-2.22044604925031E-16,0.));
#6074=DIRECTION('',(0.,-1.,0.));
#6075=DIRECTION('',(0.,-1.,0.));
#6076=DIRECTION('',(0.,-1.,0.));
#6077=DIRECTION('',(0.,-1.,0.));
#6078=DIRECTION('',(0.,-1.,0.));
#6079=DIRECTION('',(0.,-1.,0.));
#6080=DIRECTION('',(0.,-1.,0.));
#6081=DIRECTION('center_axis',(0.,0.,-1.));
#6082=DIRECTION('ref_axis',(1.,2.22044604925031E-16,0.));
#6083=DIRECTION('',(-1.,-2.22044604925031E-16,0.));
#6084=DIRECTION('',(1.,2.22044604925031E-16,0.));
#6085=DIRECTION('center_axis',(1.,0.,4.93038065763132E-32));
#6086=DIRECTION('ref_axis',(-4.93038065763132E-32,2.22044604925031E-16,
1.));
#6087=DIRECTION('',(4.93038065763132E-32,-2.22044604925031E-16,-1.));
#6088=DIRECTION('',(0.,-1.,0.));
#6089=DIRECTION('',(-4.93038065763132E-32,2.22044604925031E-16,1.));
#6090=DIRECTION('',(0.,-1.,0.));
#6091=DIRECTION('center_axis',(0.,0.,1.));
#6092=DIRECTION('ref_axis',(-1.,-2.22044604925031E-16,0.));
#6093=DIRECTION('',(1.,2.22044604925031E-16,0.));
#6094=DIRECTION('',(-1.,-2.22044604925031E-16,0.));
#6095=DIRECTION('',(0.,-1.,0.));
#6096=DIRECTION('',(0.,-1.,0.));
#6097=DIRECTION('',(0.,-1.,0.));
#6098=DIRECTION('',(0.,-1.,0.));
#6099=DIRECTION('',(0.,-1.,0.));
#6100=DIRECTION('',(0.,-1.,0.));
#6101=DIRECTION('',(0.,-1.,0.));
#6102=DIRECTION('center_axis',(0.,0.,-1.));
#6103=DIRECTION('ref_axis',(1.,2.22044604925031E-16,0.));
#6104=DIRECTION('',(-1.,-2.22044604925031E-16,0.));
#6105=DIRECTION('',(1.,2.22044604925031E-16,0.));
#6106=DIRECTION('center_axis',(0.,0.,1.));
#6107=DIRECTION('ref_axis',(-1.,-2.22044604925031E-16,0.));
#6108=DIRECTION('',(1.,2.22044604925031E-16,0.));
#6109=DIRECTION('',(0.,-1.,0.));
#6110=DIRECTION('',(-1.,-2.22044604925031E-16,0.));
#6111=DIRECTION('',(0.,-1.,0.));
#6112=DIRECTION('',(0.,-1.,0.));
#6113=DIRECTION('',(0.,-1.,0.));
#6114=DIRECTION('',(0.,-1.,0.));
#6115=DIRECTION('',(0.,-1.,0.));
#6116=DIRECTION('',(0.,-1.,0.));
#6117=DIRECTION('',(0.,-1.,0.));
#6118=DIRECTION('',(0.,-1.,0.));
#6119=DIRECTION('',(0.,-1.,0.));
#6120=DIRECTION('',(0.,-1.,0.));
#6121=DIRECTION('',(0.,-1.,0.));
#6122=DIRECTION('',(0.,-1.,0.));
#6123=DIRECTION('',(0.,-1.,0.));
#6124=DIRECTION('center_axis',(0.,0.,-1.));
#6125=DIRECTION('ref_axis',(1.,2.22044604925031E-16,0.));
#6126=DIRECTION('',(-1.,-2.22044604925031E-16,0.));
#6127=DIRECTION('',(1.,2.22044604925031E-16,0.));
#6128=DIRECTION('',(0.,-1.,0.));
#6129=DIRECTION('center_axis',(-1.,0.,-4.93038065763132E-32));
#6130=DIRECTION('ref_axis',(4.93038065763132E-32,-2.22044604925031E-16,
-1.));
#6131=DIRECTION('',(-4.93038065763132E-32,2.22044604925031E-16,1.));
#6132=DIRECTION('',(4.93038065763132E-32,-2.22044604925031E-16,-1.));
#6133=DIRECTION('center_axis',(2.22044604925031E-16,-1.,2.22044604925031E-16));
#6134=DIRECTION('ref_axis',(1.,2.22044604925031E-16,0.));
#6135=DIRECTION('center_axis',(-0.000138599714410909,0.,0.99999999039506));
#6136=DIRECTION('ref_axis',(-0.999999990395059,-2.22075378111135E-16,-0.000138599714410909));
#6137=DIRECTION('',(0.999999990395059,2.22075378111135E-16,0.000138599714410909));
#6138=DIRECTION('',(0.,-1.,0.));
#6139=DIRECTION('',(-0.999999990395059,-2.22075378111135E-16,-0.000138599714410909));
#6140=DIRECTION('',(0.,-1.,0.));
#6141=DIRECTION('center_axis',(0.99999999039506,0.,0.000138599714419693));
#6142=DIRECTION('ref_axis',(-0.000138599714419693,2.22013827473475E-16,
0.999999990395059));
#6143=DIRECTION('',(0.000138599714419693,-2.22013827473475E-16,-0.999999990395059));
#6144=DIRECTION('',(-0.000138599714419693,2.22013827473475E-16,0.999999990395059));
#6145=DIRECTION('',(0.,-1.,0.));
#6146=DIRECTION('center_axis',(0.000138599714410861,0.,-0.99999999039506));
#6147=DIRECTION('ref_axis',(0.999999990395059,2.22075378111135E-16,0.000138599714410861));
#6148=DIRECTION('',(-0.999999990395059,-2.22075378111135E-16,-0.000138599714410861));
#6149=DIRECTION('',(0.999999990395059,2.22075378111135E-16,0.000138599714410861));
#6150=DIRECTION('',(0.,-1.,0.));
#6151=DIRECTION('center_axis',(0.987602078708878,0.,-0.156978132648798));
#6152=DIRECTION('ref_axis',(0.156978132648798,2.54147860835924E-16,0.987602078708878));
#6153=DIRECTION('',(-0.156978132648798,-2.54147860835924E-16,-0.987602078708878));
#6154=DIRECTION('',(0.156978132648798,2.54147860835924E-16,0.987602078708878));
#6155=DIRECTION('',(0.,-1.,0.));
#6156=DIRECTION('',(0.,-1.,0.));
#6157=DIRECTION('',(0.,-1.,0.));
#6158=DIRECTION('',(0.,-1.,0.));
#6159=DIRECTION('',(0.,-1.,0.));
#6160=DIRECTION('',(0.,-1.,0.));
#6161=DIRECTION('',(0.,-1.,0.));
#6162=DIRECTION('',(0.,-1.,0.));
#6163=DIRECTION('',(0.,-1.,0.));
#6164=DIRECTION('',(0.,-1.,0.));
#6165=DIRECTION('',(0.,-1.,0.));
#6166=DIRECTION('',(0.,-1.,0.));
#6167=DIRECTION('center_axis',(-0.108714912507454,0.,0.994072969051315));
#6168=DIRECTION('ref_axis',(-0.994072969051315,-2.44868099476829E-16,-0.108714912507454));
#6169=DIRECTION('',(0.994072969051315,2.44868099476829E-16,0.108714912507454));
#6170=DIRECTION('',(-0.994072969051315,-2.44868099476829E-16,-0.108714912507454));
#6171=DIRECTION('',(0.,-1.,0.));
#6172=DIRECTION('',(0.,-1.,0.));
#6173=DIRECTION('',(0.,-1.,0.));
#6174=DIRECTION('',(0.,-1.,0.));
#6175=DIRECTION('',(0.,-1.,0.));
#6176=DIRECTION('',(0.,-1.,0.));
#6177=DIRECTION('',(0.,-1.,0.));
#6178=DIRECTION('',(0.,-1.,0.));
#6179=DIRECTION('',(0.,-1.,0.));
#6180=DIRECTION('center_axis',(-0.142482521315623,0.,-0.989797318201834));
#6181=DIRECTION('ref_axis',(0.989797318201834,1.88141679321732E-16,-0.142482521315623));
#6182=DIRECTION('',(-0.989797318201834,-1.88141679321732E-16,0.142482521315623));
#6183=DIRECTION('',(0.989797318201834,1.88141679321732E-16,-0.142482521315623));
#6184=DIRECTION('',(0.,-1.,0.));
#6185=DIRECTION('center_axis',(-0.986886069381987,0.,0.16141835725769));
#6186=DIRECTION('ref_axis',(-0.16141835725769,-2.54974802746872E-16,-0.986886069381987));
#6187=DIRECTION('',(0.16141835725769,2.54974802746872E-16,0.986886069381987));
#6188=DIRECTION('',(-0.16141835725769,-2.54974802746872E-16,-0.986886069381987));
#6189=DIRECTION('center_axis',(2.22044604925031E-16,-1.,2.22044604925031E-16));
#6190=DIRECTION('ref_axis',(1.,2.22044604925031E-16,0.));
#6191=DIRECTION('center_axis',(0.99999999039506,0.,0.000138599714413426));
#6192=DIRECTION('ref_axis',(-0.000138599714413426,2.22013827473476E-16,
0.999999990395059));
#6193=DIRECTION('',(0.000138599714413426,-2.22013827473476E-16,-0.999999990395059));
#6194=DIRECTION('',(0.,-1.,0.));
#6195=DIRECTION('',(-0.000138599714413426,2.22013827473476E-16,0.999999990395059));
#6196=DIRECTION('',(0.,-1.,0.));
#6197=DIRECTION('center_axis',(0.000138599714410984,0.,-0.99999999039506));
#6198=DIRECTION('ref_axis',(0.999999990395059,2.22075378111135E-16,0.000138599714410984));
#6199=DIRECTION('',(-0.999999990395059,-2.22075378111135E-16,-0.000138599714410984));
#6200=DIRECTION('',(0.999999990395059,2.22075378111135E-16,0.000138599714410984));
#6201=DIRECTION('',(0.,-1.,0.));
#6202=DIRECTION('center_axis',(-0.99999999039506,0.,-0.000138599714412091));
#6203=DIRECTION('ref_axis',(0.000138599714412091,-2.22013827473477E-16,
-0.999999990395059));
#6204=DIRECTION('',(-0.000138599714412091,2.22013827473477E-16,0.999999990395059));
#6205=DIRECTION('',(0.000138599714412091,-2.22013827473477E-16,-0.999999990395059));
#6206=DIRECTION('',(0.,-1.,0.));
#6207=DIRECTION('',(0.,-1.,0.));
#6208=DIRECTION('',(0.,-1.,0.));
#6209=DIRECTION('center_axis',(-0.99999999039506,0.,-0.000138599714421471));
#6210=DIRECTION('ref_axis',(0.000138599714421471,-2.22013827473475E-16,
-0.999999990395059));
#6211=DIRECTION('',(-0.000138599714421471,2.22013827473475E-16,0.999999990395059));
#6212=DIRECTION('',(0.000138599714421471,-2.22013827473475E-16,-0.999999990395059));
#6213=DIRECTION('',(0.,-1.,0.));
#6214=DIRECTION('',(0.,-1.,0.));
#6215=DIRECTION('',(0.,-1.,0.));
#6216=DIRECTION('center_axis',(-0.000138599714410691,0.,0.99999999039506));
#6217=DIRECTION('ref_axis',(-0.999999990395059,-2.22075378111135E-16,-0.000138599714410691));
#6218=DIRECTION('',(0.999999990395059,2.22075378111135E-16,0.000138599714410691));
#6219=DIRECTION('',(-0.999999990395059,-2.22075378111135E-16,-0.000138599714410691));
#6220=DIRECTION('center_axis',(2.22044604925031E-16,-1.,2.22044604925031E-16));
#6221=DIRECTION('ref_axis',(1.,2.22044604925031E-16,0.));
#6222=DIRECTION('',(0.,-1.,0.));
#6223=DIRECTION('',(0.,-1.,0.));
#6224=DIRECTION('',(0.,-1.,0.));
#6225=DIRECTION('',(0.,-1.,0.));
#6226=DIRECTION('',(0.,-1.,0.));
#6227=DIRECTION('',(0.,-1.,0.));
#6228=DIRECTION('',(0.,-1.,0.));
#6229=DIRECTION('',(0.,-1.,0.));
#6230=DIRECTION('',(0.,-1.,0.));
#6231=DIRECTION('',(0.,-1.,0.));
#6232=DIRECTION('',(0.,-1.,0.));
#6233=DIRECTION('',(0.,-1.,0.));
#6234=DIRECTION('',(0.,-1.,0.));
#6235=DIRECTION('',(0.,-1.,0.));
#6236=DIRECTION('',(0.,-1.,0.));
#6237=DIRECTION('',(0.,-1.,0.));
#6238=DIRECTION('',(0.,-1.,0.));
#6239=DIRECTION('',(0.,-1.,0.));
#6240=DIRECTION('',(0.,-1.,0.));
#6241=DIRECTION('',(0.,-1.,0.));
#6242=DIRECTION('',(0.,-1.,0.));
#6243=DIRECTION('',(0.,-1.,0.));
#6244=DIRECTION('',(0.,-1.,0.));
#6245=DIRECTION('',(0.,-1.,0.));
#6246=DIRECTION('',(0.,-1.,0.));
#6247=DIRECTION('',(0.,-1.,0.));
#6248=DIRECTION('',(0.,-1.,0.));
#6249=DIRECTION('',(0.,-1.,0.));
#6250=DIRECTION('',(0.,-1.,0.));
#6251=DIRECTION('',(0.,-1.,0.));
#6252=DIRECTION('',(0.,-1.,0.));
#6253=DIRECTION('',(0.,-1.,0.));
#6254=DIRECTION('',(0.,-1.,0.));
#6255=DIRECTION('',(0.,-1.,0.));
#6256=DIRECTION('',(0.,-1.,0.));
#6257=DIRECTION('center_axis',(2.22044604925031E-16,-1.,2.22044604925031E-16));
#6258=DIRECTION('ref_axis',(1.,2.22044604925031E-16,0.));
#6259=DIRECTION('center_axis',(-1.,0.,-4.93038065763132E-32));
#6260=DIRECTION('ref_axis',(4.93038065763132E-32,-2.22044604925031E-16,
-1.));
#6261=DIRECTION('',(-4.93038065763132E-32,2.22044604925031E-16,1.));
#6262=DIRECTION('',(0.,-1.,0.));
#6263=DIRECTION('',(4.93038065763132E-32,-2.22044604925031E-16,-1.));
#6264=DIRECTION('',(0.,-1.,0.));
#6265=DIRECTION('center_axis',(0.,0.,1.));
#6266=DIRECTION('ref_axis',(-1.,-2.22044604925031E-16,0.));
#6267=DIRECTION('',(1.,2.22044604925031E-16,0.));
#6268=DIRECTION('',(-1.,-2.22044604925031E-16,0.));
#6269=DIRECTION('',(0.,-1.,0.));
#6270=DIRECTION('center_axis',(0.966395021080766,0.,0.257061594234352));
#6271=DIRECTION('ref_axis',(-0.257061594234352,1.57503660524231E-16,0.966395021080766));
#6272=DIRECTION('',(0.257061594234352,-1.57503660524231E-16,-0.966395021080766));
#6273=DIRECTION('',(-0.257061594234352,1.57503660524231E-16,0.966395021080766));
#6274=DIRECTION('',(0.,-1.,0.));
#6275=DIRECTION('center_axis',(-0.967112168818214,0.,0.254350256386211));
#6276=DIRECTION('ref_axis',(-0.254350256386211,-2.71219141635287E-16,-0.967112168818213));
#6277=DIRECTION('',(0.254350256386211,2.71219141635287E-16,0.967112168818213));
#6278=DIRECTION('',(-0.254350256386211,-2.71219141635287E-16,-0.967112168818213));
#6279=DIRECTION('',(0.,-1.,0.));
#6280=DIRECTION('center_axis',(0.,0.,1.));
#6281=DIRECTION('ref_axis',(-1.,-2.22044604925031E-16,0.));
#6282=DIRECTION('',(1.,2.22044604925031E-16,0.));
#6283=DIRECTION('',(-1.,-2.22044604925031E-16,0.));
#6284=DIRECTION('',(0.,-1.,0.));
#6285=DIRECTION('center_axis',(1.,0.,4.93038065763132E-32));
#6286=DIRECTION('ref_axis',(-4.93038065763132E-32,2.22044604925031E-16,
1.));
#6287=DIRECTION('',(4.93038065763132E-32,-2.22044604925031E-16,-1.));
#6288=DIRECTION('',(-4.93038065763132E-32,2.22044604925031E-16,1.));
#6289=DIRECTION('',(0.,-1.,0.));
#6290=DIRECTION('center_axis',(0.,0.,-1.));
#6291=DIRECTION('ref_axis',(1.,2.22044604925031E-16,0.));
#6292=DIRECTION('',(-1.,-2.22044604925031E-16,0.));
#6293=DIRECTION('',(1.,2.22044604925031E-16,0.));
#6294=DIRECTION('',(0.,-1.,0.));
#6295=DIRECTION('center_axis',(-1.,0.,-4.93038065763132E-32));
#6296=DIRECTION('ref_axis',(4.93038065763132E-32,-2.22044604925031E-16,
-1.));
#6297=DIRECTION('',(-4.93038065763132E-32,2.22044604925031E-16,1.));
#6298=DIRECTION('',(4.93038065763132E-32,-2.22044604925031E-16,-1.));
#6299=DIRECTION('',(0.,-1.,0.));
#6300=DIRECTION('center_axis',(0.969646210497887,0.,-0.244512221508633));
#6301=DIRECTION('ref_axis',(0.244512221508633,2.69597329351283E-16,0.969646210497887));
#6302=DIRECTION('',(-0.244512221508633,-2.69597329351283E-16,-0.969646210497887));
#6303=DIRECTION('',(0.244512221508633,2.69597329351283E-16,0.969646210497887));
#6304=DIRECTION('',(0.,-1.,0.));
#6305=DIRECTION('center_axis',(0.,0.,-1.));
#6306=DIRECTION('ref_axis',(1.,2.22044604925031E-16,0.));
#6307=DIRECTION('',(-1.,-2.22044604925031E-16,0.));
#6308=DIRECTION('',(1.,2.22044604925031E-16,0.));
#6309=DIRECTION('',(0.,-1.,0.));
#6310=DIRECTION('center_axis',(-0.969845099902243,0.,-0.243722141373345));
#6311=DIRECTION('ref_axis',(0.243722141373345,-1.61231685453544E-16,-0.969845099902243));
#6312=DIRECTION('',(-0.243722141373345,1.61231685453544E-16,0.969845099902243));
#6313=DIRECTION('',(0.243722141373345,-1.61231685453544E-16,-0.969845099902243));
#6314=DIRECTION('',(0.,-1.,0.));
#6315=DIRECTION('center_axis',(1.,0.,4.93038065763132E-32));
#6316=DIRECTION('ref_axis',(-4.93038065763132E-32,2.22044604925031E-16,
1.));
#6317=DIRECTION('',(4.93038065763132E-32,-2.22044604925031E-16,-1.));
#6318=DIRECTION('',(-4.93038065763132E-32,2.22044604925031E-16,1.));
#6319=DIRECTION('',(0.,-1.,0.));
#6320=DIRECTION('center_axis',(0.,0.,-1.));
#6321=DIRECTION('ref_axis',(1.,2.22044604925031E-16,0.));
#6322=DIRECTION('',(-1.,-2.22044604925031E-16,0.));
#6323=DIRECTION('',(1.,2.22044604925031E-16,0.));
#6324=DIRECTION('center_axis',(0.,-1.,0.));
#6325=DIRECTION('ref_axis',(0.,0.,-1.));
#6326=DIRECTION('center_axis',(-0.937457280770051,0.,-0.34810034003319));
#6327=DIRECTION('ref_axis',(0.34810034003319,-1.30863529065741E-16,-0.937457280770051));
#6328=DIRECTION('',(-0.34810034003319,1.30863529065741E-16,0.937457280770051));
#6329=DIRECTION('',(0.,-1.,0.));
#6330=DIRECTION('',(0.34810034003319,-1.30863529065741E-16,-0.937457280770051));
#6331=DIRECTION('',(0.,-1.,0.));
#6332=DIRECTION('center_axis',(0.939692701706534,0.,-0.342019920997995));
#6333=DIRECTION('ref_axis',(0.342019920997995,2.84597372935853E-16,0.939692701706534));
#6334=DIRECTION('',(-0.342019920997995,-2.84597372935853E-16,-0.939692701706534));
#6335=DIRECTION('',(0.342019920997995,2.84597372935853E-16,0.939692701706534));
#6336=DIRECTION('',(0.,-1.,0.));
#6337=DIRECTION('center_axis',(0.,0.,1.));
#6338=DIRECTION('ref_axis',(-1.,-2.22044604925031E-16,0.));
#6339=DIRECTION('',(1.,2.22044604925031E-16,0.));
#6340=DIRECTION('',(-1.,-2.22044604925031E-16,0.));
#6341=DIRECTION('center_axis',(0.,0.,-1.));
#6342=DIRECTION('ref_axis',(1.,2.22044604925031E-16,0.));
#6343=DIRECTION('',(-1.,-2.22044604925031E-16,0.));
#6344=DIRECTION('',(0.,-1.,0.));
#6345=DIRECTION('',(1.,2.22044604925031E-16,0.));
#6346=DIRECTION('',(0.,-1.,0.));
#6347=DIRECTION('center_axis',(-0.933417906980153,0.,-0.358791040758811));
#6348=DIRECTION('ref_axis',(0.358791040758811,-1.27592795489427E-16,-0.933417906980153));
#6349=DIRECTION('',(-0.358791040758811,1.27592795489427E-16,0.933417906980153));
#6350=DIRECTION('',(0.358791040758811,-1.27592795489427E-16,-0.933417906980153));
#6351=DIRECTION('',(0.,-1.,0.));
#6352=DIRECTION('center_axis',(0.,0.,-1.));
#6353=DIRECTION('ref_axis',(1.,2.22044604925031E-16,0.));
#6354=DIRECTION('',(-1.,-2.22044604925031E-16,0.));
#6355=DIRECTION('',(1.,2.22044604925031E-16,0.));
#6356=DIRECTION('',(0.,-1.,0.));
#6357=DIRECTION('center_axis',(0.939875785135478,0.,-0.34151648352015));
#6358=DIRECTION('ref_axis',(0.34151648352015,2.84526240047629E-16,0.939875785135478));
#6359=DIRECTION('',(-0.34151648352015,-2.84526240047629E-16,-0.939875785135478));
#6360=DIRECTION('',(0.34151648352015,2.84526240047629E-16,0.939875785135478));
#6361=DIRECTION('',(0.,-1.,0.));
#6362=DIRECTION('center_axis',(0.,0.,-1.));
#6363=DIRECTION('ref_axis',(1.,2.22044604925031E-16,0.));
#6364=DIRECTION('',(-1.,-2.22044604925031E-16,0.));
#6365=DIRECTION('',(1.,2.22044604925031E-16,0.));
#6366=DIRECTION('',(0.,-1.,0.));
#6367=DIRECTION('center_axis',(-0.931813756673215,0.,0.36293680286594));
#6368=DIRECTION('ref_axis',(-0.36293680286594,-2.87492376469335E-16,-0.931813756673215));
#6369=DIRECTION('',(0.36293680286594,2.87492376469335E-16,0.931813756673215));
#6370=DIRECTION('',(-0.36293680286594,-2.87492376469335E-16,-0.931813756673215));
#6371=DIRECTION('',(0.,-1.,0.));
#6372=DIRECTION('center_axis',(0.,0.,1.));
#6373=DIRECTION('ref_axis',(-1.,-2.22044604925031E-16,0.));
#6374=DIRECTION('',(1.,2.22044604925031E-16,0.));
#6375=DIRECTION('',(-1.,-2.22044604925031E-16,0.));
#6376=DIRECTION('',(0.,-1.,0.));
#6377=DIRECTION('center_axis',(0.928345668748178,0.,0.371718064285955));
#6378=DIRECTION('ref_axis',(-0.371718064285955,1.23596156523181E-16,0.928345668748178));
#6379=DIRECTION('',(0.371718064285955,-1.23596156523181E-16,-0.928345668748178));
#6380=DIRECTION('',(-0.371718064285955,1.23596156523181E-16,0.928345668748178));
#6381=DIRECTION('center_axis',(0.,-1.,0.));
#6382=DIRECTION('ref_axis',(0.,0.,-1.));
#6383=DIRECTION('center_axis',(0.302243800434495,0.,0.953230656818649));
#6384=DIRECTION('ref_axis',(-0.953230656818649,-1.44548119337208E-16,0.302243800434495));
#6385=DIRECTION('',(0.953230656818649,1.44548119337208E-16,-0.302243800434495));
#6386=DIRECTION('',(0.,-1.,0.));
#6387=DIRECTION('',(-0.953230656818649,-1.44548119337208E-16,0.302243800434495));
#6388=DIRECTION('',(0.,-1.,0.));
#6389=DIRECTION('',(0.,-1.,0.));
#6390=DIRECTION('',(0.,-1.,0.));
#6391=DIRECTION('',(0.,-1.,0.));
#6392=DIRECTION('',(0.,-1.,0.));
#6393=DIRECTION('',(0.,-1.,0.));
#6394=DIRECTION('',(0.,-1.,0.));
#6395=DIRECTION('',(0.,-1.,0.));
#6396=DIRECTION('',(0.,-1.,0.));
#6397=DIRECTION('center_axis',(0.232368409294308,0.,-0.972627843711064));
#6398=DIRECTION('ref_axis',(0.972627843711063,2.67562916934721E-16,0.232368409294308));
#6399=DIRECTION('',(-0.972627843711063,-2.67562916934721E-16,-0.232368409294308));
#6400=DIRECTION('',(0.972627843711063,2.67562916934721E-16,0.232368409294308));
#6401=DIRECTION('',(0.,-1.,0.));
#6402=DIRECTION('',(0.,-1.,0.));
#6403=DIRECTION('',(0.,-1.,0.));
#6404=DIRECTION('',(0.,-1.,0.));
#6405=DIRECTION('',(0.,-1.,0.));
#6406=DIRECTION('',(0.,-1.,0.));
#6407=DIRECTION('',(0.,-1.,0.));
#6408=DIRECTION('',(0.,-1.,0.));
#6409=DIRECTION('center_axis',(2.22044604925031E-16,-1.,2.22044604925031E-16));
#6410=DIRECTION('ref_axis',(1.,2.22044604925031E-16,0.));
#6411=DIRECTION('center_axis',(0.000138599714410927,0.,-0.99999999039506));
#6412=DIRECTION('ref_axis',(0.999999990395059,2.22075378111135E-16,0.000138599714410927));
#6413=DIRECTION('',(-0.999999990395059,-2.22075378111135E-16,-0.000138599714410927));
#6414=DIRECTION('',(0.,-1.,0.));
#6415=DIRECTION('',(0.999999990395059,2.22075378111135E-16,0.000138599714410927));
#6416=DIRECTION('',(0.,-1.,0.));
#6417=DIRECTION('',(0.,-1.,0.));
#6418=DIRECTION('',(0.,-1.,0.));
#6419=DIRECTION('',(0.,-1.,0.));
#6420=DIRECTION('',(0.,-1.,0.));
#6421=DIRECTION('',(0.,-1.,0.));
#6422=DIRECTION('',(0.,-1.,0.));
#6423=DIRECTION('',(0.,-1.,0.));
#6424=DIRECTION('',(0.,-1.,0.));
#6425=DIRECTION('center_axis',(-0.0804809562699215,0.,-0.996756146546325));
#6426=DIRECTION('ref_axis',(0.996756146546325,2.03453962627532E-16,-0.0804809562699215));
#6427=DIRECTION('',(-0.996756146546325,-2.03453962627532E-16,0.0804809562699215));
#6428=DIRECTION('',(0.996756146546325,2.03453962627532E-16,-0.0804809562699215));
#6429=DIRECTION('',(0.,-1.,0.));
#6430=DIRECTION('',(0.,-1.,0.));
#6431=DIRECTION('',(0.,-1.,0.));
#6432=DIRECTION('',(0.,-1.,0.));
#6433=DIRECTION('',(0.,-1.,0.));
#6434=DIRECTION('',(0.,-1.,0.));
#6435=DIRECTION('',(0.,-1.,0.));
#6436=DIRECTION('',(0.,-1.,0.));
#6437=DIRECTION('',(0.,-1.,0.));
#6438=DIRECTION('',(0.,-1.,0.));
#6439=DIRECTION('',(0.,-1.,0.));
#6440=DIRECTION('center_axis',(-0.000138599714411081,0.,0.99999999039506));
#6441=DIRECTION('ref_axis',(-0.999999990395059,-2.22075378111135E-16,-0.000138599714411081));
#6442=DIRECTION('',(0.999999990395059,2.22075378111135E-16,0.000138599714411081));
#6443=DIRECTION('',(-0.999999990395059,-2.22075378111135E-16,-0.000138599714411081));
#6444=DIRECTION('',(0.,-1.,0.));
#6445=DIRECTION('center_axis',(0.99999999039506,0.,0.000138599714405983));
#6446=DIRECTION('ref_axis',(-0.000138599714405983,2.22013827473478E-16,
0.999999990395059));
#6447=DIRECTION('',(0.000138599714405983,-2.22013827473478E-16,-0.999999990395059));
#6448=DIRECTION('',(-0.000138599714405983,2.22013827473478E-16,0.999999990395059));
#6449=DIRECTION('center_axis',(2.22044604925031E-16,-1.,2.22044604925031E-16));
#6450=DIRECTION('ref_axis',(1.,2.22044604925031E-16,0.));
#6451=DIRECTION('center_axis',(-0.000138599714410867,0.,0.99999999039506));
#6452=DIRECTION('ref_axis',(-0.999999990395059,-2.22075378111135E-16,-0.000138599714410867));
#6453=DIRECTION('',(0.999999990395059,2.22075378111135E-16,0.000138599714410867));
#6454=DIRECTION('',(0.,-1.,0.));
#6455=DIRECTION('',(-0.999999990395059,-2.22075378111135E-16,-0.000138599714410867));
#6456=DIRECTION('',(0.,-1.,0.));
#6457=DIRECTION('center_axis',(0.99999999039506,0.,0.000138599714402999));
#6458=DIRECTION('ref_axis',(-0.000138599714402999,2.22013827473479E-16,
0.999999990395059));
#6459=DIRECTION('',(0.000138599714402999,-2.22013827473479E-16,-0.999999990395059));
#6460=DIRECTION('',(-0.000138599714402999,2.22013827473479E-16,0.999999990395059));
#6461=DIRECTION('',(0.,-1.,0.));
#6462=DIRECTION('center_axis',(0.000138599714411139,0.,-0.99999999039506));
#6463=DIRECTION('ref_axis',(0.999999990395059,2.22075378111135E-16,0.000138599714411139));
#6464=DIRECTION('',(-0.999999990395059,-2.22075378111135E-16,-0.000138599714411139));
#6465=DIRECTION('',(0.999999990395059,2.22075378111135E-16,0.000138599714411139));
#6466=DIRECTION('',(0.,-1.,0.));
#6467=DIRECTION('center_axis',(0.987601920348896,0.,-0.156979128941309));
#6468=DIRECTION('ref_axis',(0.156979128941309,2.54148046894321E-16,0.987601920348896));
#6469=DIRECTION('',(-0.156979128941309,-2.54148046894321E-16,-0.987601920348896));
#6470=DIRECTION('',(0.156979128941309,2.54148046894321E-16,0.987601920348896));
#6471=DIRECTION('',(0.,-1.,0.));
#6472=DIRECTION('',(0.,-1.,0.));
#6473=DIRECTION('',(0.,-1.,0.));
#6474=DIRECTION('',(0.,-1.,0.));
#6475=DIRECTION('',(0.,-1.,0.));
#6476=DIRECTION('',(0.,-1.,0.));
#6477=DIRECTION('',(0.,-1.,0.));
#6478=DIRECTION('',(0.,-1.,0.));
#6479=DIRECTION('',(0.,-1.,0.));
#6480=DIRECTION('',(0.,-1.,0.));
#6481=DIRECTION('',(0.,-1.,0.));
#6482=DIRECTION('',(0.,-1.,0.));
#6483=DIRECTION('center_axis',(-0.108714894729234,0.,0.994072970995596));
#6484=DIRECTION('ref_axis',(-0.994072970995596,-2.44868095960988E-16,-0.108714894729234));
#6485=DIRECTION('',(0.994072970995596,2.44868095960988E-16,0.108714894729234));
#6486=DIRECTION('',(-0.994072970995596,-2.44868095960988E-16,-0.108714894729234));
#6487=DIRECTION('',(0.,-1.,0.));
#6488=DIRECTION('',(0.,-1.,0.));
#6489=DIRECTION('',(0.,-1.,0.));
#6490=DIRECTION('',(0.,-1.,0.));
#6491=DIRECTION('',(0.,-1.,0.));
#6492=DIRECTION('',(0.,-1.,0.));
#6493=DIRECTION('',(0.,-1.,0.));
#6494=DIRECTION('',(0.,-1.,0.));
#6495=DIRECTION('',(0.,-1.,0.));
#6496=DIRECTION('center_axis',(-0.142482530478185,0.,-0.989797316882872));
#6497=DIRECTION('ref_axis',(0.989797316882872,1.88141676994366E-16,-0.142482530478185));
#6498=DIRECTION('',(-0.989797316882872,-1.88141676994366E-16,0.142482530478185));
#6499=DIRECTION('',(0.989797316882872,1.88141676994366E-16,-0.142482530478185));
#6500=DIRECTION('',(0.,-1.,0.));
#6501=DIRECTION('center_axis',(-0.986886132937247,0.,0.1614179686905));
#6502=DIRECTION('ref_axis',(-0.1614179686905,-2.54974730579726E-16,-0.986886132937247));
#6503=DIRECTION('',(0.1614179686905,2.54974730579726E-16,0.986886132937247));
#6504=DIRECTION('',(-0.1614179686905,-2.54974730579726E-16,-0.986886132937247));
#6505=DIRECTION('center_axis',(2.22044604925031E-16,-1.,2.22044604925031E-16));
#6506=DIRECTION('ref_axis',(1.,2.22044604925031E-16,0.));
#6507=DIRECTION('center_axis',(-0.000138599714411126,0.,0.99999999039506));
#6508=DIRECTION('ref_axis',(-0.999999990395059,-2.22075378111135E-16,-0.000138599714411126));
#6509=DIRECTION('',(0.999999990395059,2.22075378111135E-16,0.000138599714411126));
#6510=DIRECTION('',(0.,-1.,0.));
#6511=DIRECTION('',(-0.999999990395059,-2.22075378111135E-16,-0.000138599714411126));
#6512=DIRECTION('',(0.,-1.,0.));
#6513=DIRECTION('center_axis',(0.968293533820427,0.,0.249815196418371));
#6514=DIRECTION('ref_axis',(-0.249815196418371,1.59534238575633E-16,0.968293533820427));
#6515=DIRECTION('',(0.249815196418371,-1.59534238575633E-16,-0.968293533820427));
#6516=DIRECTION('',(-0.249815196418371,1.59534238575633E-16,0.968293533820427));
#6517=DIRECTION('',(0.,-1.,0.));
#6518=DIRECTION('center_axis',(-0.968624590821081,0.,0.248528473331917));
#6519=DIRECTION('ref_axis',(-0.248528473331917,-2.70262271263144E-16,-0.968624590821081));
#6520=DIRECTION('',(0.248528473331917,2.70262271263144E-16,0.968624590821081));
#6521=DIRECTION('',(-0.248528473331917,-2.70262271263144E-16,-0.968624590821081));
#6522=DIRECTION('',(0.,-1.,0.));
#6523=DIRECTION('center_axis',(-0.000138599714410997,0.,0.99999999039506));
#6524=DIRECTION('ref_axis',(-0.999999990395059,-2.22075378111135E-16,-0.000138599714410997));
#6525=DIRECTION('',(0.999999990395059,2.22075378111135E-16,0.000138599714410997));
#6526=DIRECTION('',(-0.999999990395059,-2.22075378111135E-16,-0.000138599714410997));
#6527=DIRECTION('',(0.,-1.,0.));
#6528=DIRECTION('center_axis',(0.99999999039506,0.,0.000138599714413265));
#6529=DIRECTION('ref_axis',(-0.000138599714413265,2.22013827473477E-16,
0.999999990395059));
#6530=DIRECTION('',(0.000138599714413265,-2.22013827473477E-16,-0.999999990395059));
#6531=DIRECTION('',(-0.000138599714413265,2.22013827473477E-16,0.999999990395059));
#6532=DIRECTION('',(0.,-1.,0.));
#6533=DIRECTION('center_axis',(0.000138599714411122,0.,-0.99999999039506));
#6534=DIRECTION('ref_axis',(0.999999990395059,2.22075378111135E-16,0.000138599714411122));
#6535=DIRECTION('',(-0.999999990395059,-2.22075378111135E-16,-0.000138599714411122));
#6536=DIRECTION('',(0.999999990395059,2.22075378111135E-16,0.000138599714411122));
#6537=DIRECTION('',(0.,-1.,0.));
#6538=DIRECTION('center_axis',(-0.99999999039506,0.,-0.000138599714414255));
#6539=DIRECTION('ref_axis',(0.000138599714414255,-2.22013827473476E-16,
-0.999999990395059));
#6540=DIRECTION('',(-0.000138599714414255,2.22013827473476E-16,0.999999990395059));
#6541=DIRECTION('',(0.000138599714414255,-2.22013827473476E-16,-0.999999990395059));
#6542=DIRECTION('',(0.,-1.,0.));
#6543=DIRECTION('center_axis',(0.968628793148459,0.,-0.248512094441621));
#6544=DIRECTION('ref_axis',(0.248512094441621,2.70259567523041E-16,0.968628793148458));
#6545=DIRECTION('',(-0.248512094441621,-2.70259567523041E-16,-0.968628793148458));
#6546=DIRECTION('',(0.248512094441621,2.70259567523041E-16,0.968628793148458));
#6547=DIRECTION('',(0.,-1.,0.));
#6548=DIRECTION('center_axis',(0.000138599714411044,0.,-0.99999999039506));
#6549=DIRECTION('ref_axis',(0.999999990395059,2.22075378111135E-16,0.000138599714411044));
#6550=DIRECTION('',(-0.999999990395059,-2.22075378111135E-16,-0.000138599714411044));
#6551=DIRECTION('',(0.999999990395059,2.22075378111135E-16,0.000138599714411044));
#6552=DIRECTION('',(0.,-1.,0.));
#6553=DIRECTION('center_axis',(-0.968768329250391,0.,-0.247967587078243));
#6554=DIRECTION('ref_axis',(0.247967587078243,-1.60049916025284E-16,-0.968768329250391));
#6555=DIRECTION('',(-0.247967587078243,1.60049916025284E-16,0.968768329250391));
#6556=DIRECTION('',(0.247967587078243,-1.60049916025284E-16,-0.968768329250391));
#6557=DIRECTION('',(0.,-1.,0.));
#6558=DIRECTION('center_axis',(0.99999999039506,0.,0.000138599714414255));
#6559=DIRECTION('ref_axis',(-0.000138599714414255,2.22013827473476E-16,
0.999999990395059));
#6560=DIRECTION('',(0.000138599714414255,-2.22013827473476E-16,-0.999999990395059));
#6561=DIRECTION('',(-0.000138599714414255,2.22013827473476E-16,0.999999990395059));
#6562=DIRECTION('',(0.,-1.,0.));
#6563=DIRECTION('center_axis',(0.000138599714411191,0.,-0.99999999039506));
#6564=DIRECTION('ref_axis',(0.999999990395059,2.22075378111135E-16,0.000138599714411191));
#6565=DIRECTION('',(-0.999999990395059,-2.22075378111135E-16,-0.000138599714411191));
#6566=DIRECTION('',(0.999999990395059,2.22075378111135E-16,0.000138599714411191));
#6567=DIRECTION('',(0.,-1.,0.));
#6568=DIRECTION('center_axis',(-0.99999999039506,0.,-0.000138599714413265));
#6569=DIRECTION('ref_axis',(0.000138599714413265,-2.22013827473477E-16,
-0.999999990395059));
#6570=DIRECTION('',(-0.000138599714413265,2.22013827473477E-16,0.999999990395059));
#6571=DIRECTION('',(0.000138599714413265,-2.22013827473477E-16,-0.999999990395059));
#6572=DIRECTION('center_axis',(0.,-1.,0.));
#6573=DIRECTION('ref_axis',(0.,0.,-1.));
#6574=DIRECTION('center_axis',(-0.941654698723547,0.,-0.336580493154114));
#6575=DIRECTION('ref_axis',(0.336580493154114,-1.34353462925992E-16,-0.941654698723547));
#6576=DIRECTION('',(-0.336580493154114,1.34353462925992E-16,0.941654698723547));
#6577=DIRECTION('',(0.,-1.,0.));
#6578=DIRECTION('',(0.336580493154114,-1.34353462925992E-16,-0.941654698723547));
#6579=DIRECTION('',(0.,-1.,0.));
#6580=DIRECTION('center_axis',(0.,0.,1.));
#6581=DIRECTION('ref_axis',(-1.,-2.22044604925031E-16,0.));
#6582=DIRECTION('',(1.,2.22044604925031E-16,0.));
#6583=DIRECTION('',(-1.,-2.22044604925031E-16,0.));
#6584=DIRECTION('',(0.,-1.,0.));
#6585=DIRECTION('center_axis',(0.946213145308845,0.,0.323543943916037));
#6586=DIRECTION('ref_axis',(-0.323543943916037,1.38260336822251E-16,0.946213145308845));
#6587=DIRECTION('',(0.323543943916037,-1.38260336822251E-16,-0.946213145308845));
#6588=DIRECTION('',(-0.323543943916037,1.38260336822251E-16,0.946213145308845));
#6589=DIRECTION('',(0.,-1.,0.));
#6590=DIRECTION('center_axis',(-0.949381013353221,0.,0.314126871636942));
#6591=DIRECTION('ref_axis',(-0.314126871636942,-2.80555109142303E-16,-0.949381013353221));
#6592=DIRECTION('',(0.314126871636942,2.80555109142303E-16,0.949381013353221));
#6593=DIRECTION('',(-0.314126871636942,-2.80555109142303E-16,-0.949381013353221));
#6594=DIRECTION('',(0.,-1.,0.));
#6595=DIRECTION('center_axis',(0.,0.,1.));
#6596=DIRECTION('ref_axis',(-1.,-2.22044604925031E-16,0.));
#6597=DIRECTION('',(1.,2.22044604925031E-16,0.));
#6598=DIRECTION('',(-1.,-2.22044604925031E-16,0.));
#6599=DIRECTION('',(0.,-1.,0.));
#6600=DIRECTION('center_axis',(0.941450960212203,0.,-0.337149951083374));
#6601=DIRECTION('ref_axis',(0.337149951083374,2.83906434205411E-16,0.941450960212203));
#6602=DIRECTION('',(-0.337149951083374,-2.83906434205411E-16,-0.941450960212203));
#6603=DIRECTION('',(0.337149951083374,2.83906434205411E-16,0.941450960212203));
#6604=DIRECTION('',(0.,-1.,0.));
#6605=DIRECTION('center_axis',(0.,0.,-1.));
#6606=DIRECTION('ref_axis',(1.,2.22044604925031E-16,0.));
#6607=DIRECTION('',(-1.,-2.22044604925031E-16,0.));
#6608=DIRECTION('',(1.,2.22044604925031E-16,0.));
#6609=DIRECTION('center_axis',(0.,-1.,0.));
#6610=DIRECTION('ref_axis',(0.,0.,-1.));
#6611=DIRECTION('center_axis',(-1.,0.,-4.93038065763132E-32));
#6612=DIRECTION('ref_axis',(4.93038065763132E-32,-2.22044604925031E-16,
-1.));
#6613=DIRECTION('',(-4.93038065763132E-32,2.22044604925031E-16,1.));
#6614=DIRECTION('',(0.,-1.,0.));
#6615=DIRECTION('',(4.93038065763132E-32,-2.22044604925031E-16,-1.));
#6616=DIRECTION('',(0.,-1.,0.));
#6617=DIRECTION('center_axis',(0.,0.,1.));
#6618=DIRECTION('ref_axis',(-1.,-2.22044604925031E-16,0.));
#6619=DIRECTION('',(1.,2.22044604925031E-16,0.));
#6620=DIRECTION('',(-1.,-2.22044604925031E-16,0.));
#6621=DIRECTION('',(0.,-1.,0.));
#6622=DIRECTION('center_axis',(1.,0.,4.93038065763132E-32));
#6623=DIRECTION('ref_axis',(-4.93038065763132E-32,2.22044604925031E-16,
1.));
#6624=DIRECTION('',(4.93038065763132E-32,-2.22044604925031E-16,-1.));
#6625=DIRECTION('',(-4.93038065763132E-32,2.22044604925031E-16,1.));
#6626=DIRECTION('',(0.,-1.,0.));
#6627=DIRECTION('center_axis',(0.,0.,1.));
#6628=DIRECTION('ref_axis',(-1.,-2.22044604925031E-16,0.));
#6629=DIRECTION('',(1.,2.22044604925031E-16,0.));
#6630=DIRECTION('',(-1.,-2.22044604925031E-16,0.));
#6631=DIRECTION('',(0.,-1.,0.));
#6632=DIRECTION('center_axis',(-1.,0.,-4.93038065763132E-32));
#6633=DIRECTION('ref_axis',(4.93038065763132E-32,-2.22044604925031E-16,
-1.));
#6634=DIRECTION('',(-4.93038065763132E-32,2.22044604925031E-16,1.));
#6635=DIRECTION('',(4.93038065763132E-32,-2.22044604925031E-16,-1.));
#6636=DIRECTION('',(0.,-1.,0.));
#6637=DIRECTION('center_axis',(0.,0.,1.));
#6638=DIRECTION('ref_axis',(-1.,-2.22044604925031E-16,0.));
#6639=DIRECTION('',(1.,2.22044604925031E-16,0.));
#6640=DIRECTION('',(-1.,-2.22044604925031E-16,0.));
#6641=DIRECTION('',(0.,-1.,0.));
#6642=DIRECTION('center_axis',(1.,0.,4.93038065763132E-32));
#6643=DIRECTION('ref_axis',(-4.93038065763132E-32,2.22044604925031E-16,
1.));
#6644=DIRECTION('',(4.93038065763132E-32,-2.22044604925031E-16,-1.));
#6645=DIRECTION('',(-4.93038065763132E-32,2.22044604925031E-16,1.));
#6646=DIRECTION('',(0.,-1.,0.));
#6647=DIRECTION('center_axis',(0.,0.,-1.));
#6648=DIRECTION('ref_axis',(1.,2.22044604925031E-16,0.));
#6649=DIRECTION('',(-1.,-2.22044604925031E-16,0.));
#6650=DIRECTION('',(1.,2.22044604925031E-16,0.));
#6651=DIRECTION('',(0.,-1.,0.));
#6652=DIRECTION('center_axis',(-1.,0.,-4.93038065763132E-32));
#6653=DIRECTION('ref_axis',(4.93038065763132E-32,-2.22044604925031E-16,
-1.));
#6654=DIRECTION('',(-4.93038065763132E-32,2.22044604925031E-16,1.));
#6655=DIRECTION('',(4.93038065763132E-32,-2.22044604925031E-16,-1.));
#6656=DIRECTION('',(0.,-1.,0.));
#6657=DIRECTION('center_axis',(0.,0.,-1.));
#6658=DIRECTION('ref_axis',(1.,2.22044604925031E-16,0.));
#6659=DIRECTION('',(-1.,-2.22044604925031E-16,0.));
#6660=DIRECTION('',(1.,2.22044604925031E-16,0.));
#6661=DIRECTION('',(0.,-1.,0.));
#6662=DIRECTION('center_axis',(1.,0.,4.93038065763132E-32));
#6663=DIRECTION('ref_axis',(-4.93038065763132E-32,2.22044604925031E-16,
1.));
#6664=DIRECTION('',(4.93038065763132E-32,-2.22044604925031E-16,-1.));
#6665=DIRECTION('',(-4.93038065763132E-32,2.22044604925031E-16,1.));
#6666=DIRECTION('',(0.,-1.,0.));
#6667=DIRECTION('center_axis',(0.,0.,-1.));
#6668=DIRECTION('ref_axis',(1.,2.22044604925031E-16,0.));
#6669=DIRECTION('',(-1.,-2.22044604925031E-16,0.));
#6670=DIRECTION('',(1.,2.22044604925031E-16,0.));
#6671=DIRECTION('center_axis',(0.,-1.,0.));
#6672=DIRECTION('ref_axis',(0.,0.,-1.));
#6673=DIRECTION('center_axis',(2.22044604925031E-16,-1.,2.22044604925031E-16));
#6674=DIRECTION('ref_axis',(1.,2.22044604925031E-16,0.));
#6675=DIRECTION('',(-4.93038065763132E-32,2.22044604925031E-16,1.));
#6676=DIRECTION('',(-1.,-2.22044604925031E-16,0.));
#6677=DIRECTION('',(4.93038065763132E-32,-2.22044604925031E-16,-1.));
#6678=DIRECTION('',(1.,2.22044604925031E-16,0.));
#6679=DIRECTION('center_axis',(-2.22044604925031E-16,1.,-2.22044604925031E-16));
#6680=DIRECTION('ref_axis',(4.93038065763132E-32,-2.22044604925031E-16,
-1.));
#6681=DIRECTION('center_axis',(-2.22044604925031E-16,1.,-2.22044604925031E-16));
#6682=DIRECTION('ref_axis',(4.93038065763132E-32,-2.22044604925031E-16,
-1.));
#6683=DIRECTION('',(1.,2.22044604925031E-16,0.));
#6684=DIRECTION('center_axis',(-2.22044604925031E-16,1.,-2.22044604925031E-16));
#6685=DIRECTION('ref_axis',(0.707106781186547,3.14018491736755E-16,0.707106781186548));
#6686=DIRECTION('',(-1.,-2.22044604925031E-16,0.));
#6687=DIRECTION('center_axis',(-2.22044604925031E-16,1.,-2.22044604925031E-16));
#6688=DIRECTION('ref_axis',(-0.707106781186547,-3.14018491736755E-16,-0.707106781186548));
#6689=DIRECTION('center_axis',(2.22044604925031E-16,-1.,2.22044604925031E-16));
#6690=DIRECTION('ref_axis',(1.,2.22044604925031E-16,0.));
#6691=DIRECTION('center_axis',(2.22044604925031E-16,-1.,2.22044604925031E-16));
#6692=DIRECTION('ref_axis',(1.,2.22044604925031E-16,0.));
#6693=DIRECTION('center_axis',(2.22044604925031E-16,-1.,2.22044604925031E-16));
#6694=DIRECTION('ref_axis',(1.,2.22044604925031E-16,0.));
#6695=DIRECTION('center_axis',(2.22044604925031E-16,-1.,2.22044604925031E-16));
#6696=DIRECTION('ref_axis',(1.,2.22044604925031E-16,0.));
#6697=DIRECTION('center_axis',(-1.,-2.22044604925031E-16,0.));
#6698=DIRECTION('ref_axis',(2.22044604925031E-16,-1.,2.22044604925031E-16));
#6699=DIRECTION('',(-2.22044604925031E-16,1.,-2.22044604925031E-16));
#6700=DIRECTION('',(4.93038065763132E-32,-2.22044604925031E-16,-1.));
#6701=DIRECTION('',(-2.22044604925031E-16,1.,-2.22044604925031E-16));
#6702=DIRECTION('center_axis',(4.93038065763132E-32,-2.22044604925031E-16,
-1.));
#6703=DIRECTION('ref_axis',(-2.22044604925031E-16,1.,-2.22044604925031E-16));
#6704=DIRECTION('',(1.,2.22044604925031E-16,0.));
#6705=DIRECTION('',(-2.22044604925031E-16,1.,-2.22044604925031E-16));
#6706=DIRECTION('center_axis',(1.,2.22044604925031E-16,0.));
#6707=DIRECTION('ref_axis',(-2.22044604925031E-16,1.,-2.22044604925031E-16));
#6708=DIRECTION('',(-4.93038065763132E-32,2.22044604925031E-16,1.));
#6709=DIRECTION('',(-2.22044604925031E-16,1.,-2.22044604925031E-16));
#6710=DIRECTION('center_axis',(-4.93038065763132E-32,2.22044604925031E-16,
1.));
#6711=DIRECTION('ref_axis',(2.22044604925031E-16,-1.,2.22044604925031E-16));
#6712=DIRECTION('',(-1.,-2.22044604925031E-16,0.));
#6713=DIRECTION('center_axis',(-2.22044604925031E-16,1.,-2.22044604925031E-16));
#6714=DIRECTION('ref_axis',(4.93038065763132E-32,-2.22044604925031E-16,
-1.));
#6715=DIRECTION('',(-2.22044604925031E-16,1.,-2.22044604925031E-16));
#6716=DIRECTION('center_axis',(2.22044604925031E-16,-1.,2.22044604925031E-16));
#6717=DIRECTION('ref_axis',(4.93038065763132E-32,-2.22044604925031E-16,
-1.));
#6718=DIRECTION('center_axis',(-2.22044604925031E-16,1.,-2.22044604925031E-16));
#6719=DIRECTION('ref_axis',(4.93038065763132E-32,-2.22044604925031E-16,
-1.));
#6720=DIRECTION('',(-2.22044604925031E-16,1.,-2.22044604925031E-16));
#6721=DIRECTION('center_axis',(2.22044604925031E-16,-1.,2.22044604925031E-16));
#6722=DIRECTION('ref_axis',(4.93038065763132E-32,-2.22044604925031E-16,
-1.));
#6723=DIRECTION('center_axis',(2.22044604925031E-16,-1.,2.22044604925031E-16));
#6724=DIRECTION('ref_axis',(1.,2.22044604925031E-16,0.));
#6725=DIRECTION('center_axis',(2.22044604925031E-16,-1.,2.22044604925031E-16));
#6726=DIRECTION('ref_axis',(1.,2.22044604925031E-16,0.));
#6727=DIRECTION('',(-1.,-2.22044604925031E-16,0.));
#6728=DIRECTION('center_axis',(2.22044604925031E-16,-1.,2.22044604925031E-16));
#6729=DIRECTION('ref_axis',(-0.707106781186547,-3.14018491736755E-16,-0.707106781186548));
#6730=DIRECTION('',(1.,2.22044604925031E-16,0.));
#6731=DIRECTION('center_axis',(2.22044604925031E-16,-1.,2.22044604925031E-16));
#6732=DIRECTION('ref_axis',(0.707106781186547,3.14018491736755E-16,0.707106781186548));
#6733=DIRECTION('center_axis',(-2.22044604925031E-16,1.,-2.22044604925031E-16));
#6734=DIRECTION('ref_axis',(-0.707106781186547,-3.14018491736755E-16,-0.707106781186548));
#6735=DIRECTION('',(-2.22044604925031E-16,1.,-2.22044604925031E-16));
#6736=DIRECTION('',(-2.22044604925031E-16,1.,-2.22044604925031E-16));
#6737=DIRECTION('center_axis',(-4.93038065763132E-32,2.22044604925031E-16,
1.));
#6738=DIRECTION('ref_axis',(1.,2.22044604925031E-16,0.));
#6739=DIRECTION('',(-2.22044604925031E-16,1.,-2.22044604925031E-16));
#6740=DIRECTION('center_axis',(-2.22044604925031E-16,1.,-2.22044604925031E-16));
#6741=DIRECTION('ref_axis',(0.707106781186547,3.14018491736755E-16,0.707106781186548));
#6742=DIRECTION('',(-2.22044604925031E-16,1.,-2.22044604925031E-16));
#6743=DIRECTION('center_axis',(4.93038065763132E-32,-2.22044604925031E-16,
-1.));
#6744=DIRECTION('ref_axis',(-1.,-2.22044604925031E-16,0.));
#6745=DIRECTION('center_axis',(-2.22044604925031E-16,1.,-2.22044604925031E-16));
#6746=DIRECTION('ref_axis',(0.,-2.22044604925031E-16,-1.));
#6747=DIRECTION('center_axis',(-2.22044604925031E-16,1.,-2.22044604925031E-16));
#6748=DIRECTION('ref_axis',(0.,-2.22044604925031E-16,-1.));
#6749=DIRECTION('',(-2.22044604925031E-16,1.,-2.22044604925031E-16));
#6750=DIRECTION('center_axis',(-2.22044604925031E-16,1.,-2.22044604925031E-16));
#6751=DIRECTION('ref_axis',(0.,-2.22044604925031E-16,-1.));
#6752=DIRECTION('center_axis',(-2.22044604925031E-16,1.,-2.22044604925031E-16));
#6753=DIRECTION('ref_axis',(0.,-2.22044604925031E-16,-1.));
#6754=DIRECTION('center_axis',(-4.93038065763132E-32,2.22044604925031E-16,
1.));
#6755=DIRECTION('ref_axis',(0.70710678118655,-0.707106781186545,1.57009245868377E-16));
#6756=DIRECTION('center_axis',(-4.93038065763132E-32,2.22044604925031E-16,
1.));
#6757=DIRECTION('ref_axis',(2.22044604925031E-16,-1.,2.22044604925031E-16));
#6758=DIRECTION('',(-4.93038065763132E-32,2.22044604925031E-16,1.));
#6759=DIRECTION('center_axis',(4.93038065763132E-32,-2.22044604925031E-16,
-1.));
#6760=DIRECTION('ref_axis',(1.,2.22044604925031E-16,0.));
#6761=DIRECTION('',(4.93038065763132E-32,-2.22044604925031E-16,-1.));
#6762=DIRECTION('center_axis',(1.,2.22044604925031E-16,0.));
#6763=DIRECTION('ref_axis',(1.57009245868378E-16,-0.707106781186548,-0.707106781186547));
#6764=DIRECTION('center_axis',(1.,2.22044604925031E-16,0.));
#6765=DIRECTION('ref_axis',(2.22044604925031E-16,-1.,2.22044604925031E-16));
#6766=DIRECTION('',(1.,2.22044604925031E-16,0.));
#6767=DIRECTION('center_axis',(-1.,-2.22044604925031E-16,0.));
#6768=DIRECTION('ref_axis',(4.93038065763132E-32,-2.22044604925031E-16,
-1.));
#6769=DIRECTION('',(-1.,-2.22044604925031E-16,0.));
#6770=DIRECTION('center_axis',(0.40824829046386,-0.408248290463863,0.816496580927727));
#6771=DIRECTION('ref_axis',(0.577350269189624,-0.577350269189626,-0.577350269189628));
#6772=DIRECTION('center_axis',(2.22044604925031E-16,-1.,2.22044604925031E-16));
#6773=DIRECTION('ref_axis',(0.707106781186551,1.64346021921044E-30,-0.707106781186544));
#6774=DIRECTION('center_axis',(4.93038065763132E-32,-2.22044604925031E-16,
-1.));
#6775=DIRECTION('ref_axis',(-0.707106781186545,-0.70710678118655,1.57009245868378E-16));
#6776=DIRECTION('center_axis',(4.93038065763132E-32,-2.22044604925031E-16,
-1.));
#6777=DIRECTION('ref_axis',(2.22044604925031E-16,-1.,2.22044604925031E-16));
#6778=DIRECTION('',(4.93038065763132E-32,-2.22044604925031E-16,-1.));
#6779=DIRECTION('center_axis',(-4.93038065763132E-32,2.22044604925031E-16,
1.));
#6780=DIRECTION('ref_axis',(-1.,-2.22044604925031E-16,0.));
#6781=DIRECTION('',(-4.93038065763132E-32,2.22044604925031E-16,1.));
#6782=DIRECTION('center_axis',(-0.408248290463865,-0.40824829046386,0.816496580927727));
#6783=DIRECTION('ref_axis',(-0.577350269189629,-0.577350269189625,-0.577350269189624));
#6784=DIRECTION('center_axis',(2.22044604925031E-16,-1.,2.22044604925031E-16));
#6785=DIRECTION('ref_axis',(-0.707106781186551,-3.14018491736755E-16,-0.707106781186544));
#6786=DIRECTION('center_axis',(-1.,-2.22044604925031E-16,0.));
#6787=DIRECTION('ref_axis',(1.57009245868377E-16,-0.707106781186547,0.707106781186548));
#6788=DIRECTION('center_axis',(-1.,-2.22044604925031E-16,0.));
#6789=DIRECTION('ref_axis',(2.22044604925031E-16,-1.,2.22044604925031E-16));
#6790=DIRECTION('',(-1.,-2.22044604925031E-16,0.));
#6791=DIRECTION('center_axis',(1.,2.22044604925031E-16,0.));
#6792=DIRECTION('ref_axis',(-4.93038065763132E-32,2.22044604925031E-16,
1.));
#6793=DIRECTION('',(1.,2.22044604925031E-16,0.));
#6794=DIRECTION('center_axis',(0.408248290463865,0.408248290463857,0.816496580927728));
#6795=DIRECTION('ref_axis',(-0.577350269189633,-0.577350269189622,0.577350269189622));
#6796=DIRECTION('center_axis',(2.22044604925031E-16,-1.,2.22044604925031E-16));
#6797=DIRECTION('ref_axis',(-0.70710678118655,-1.23259516440783E-30,0.707106781186545));
#6798=DIRECTION('center_axis',(-0.816496580927728,-0.408248290463862,0.408248290463861));
#6799=DIRECTION('ref_axis',(0.577350269189624,-0.577350269189627,0.577350269189627));
#6800=DIRECTION('center_axis',(2.22044604925031E-16,-1.,2.22044604925031E-16));
#6801=DIRECTION('ref_axis',(0.70710678118655,3.14018491736755E-16,0.707106781186545));
#6802=DIRECTION('center_axis',(2.22044604925031E-16,-1.,2.22044604925031E-16));
#6803=DIRECTION('ref_axis',(-0.70710678118655,-3.14018491736755E-16,-0.707106781186545));
#6804=DIRECTION('',(-2.22044604925031E-16,1.,-2.22044604925031E-16));
#6805=DIRECTION('center_axis',(2.22044604925031E-16,-1.,2.22044604925031E-16));
#6806=DIRECTION('ref_axis',(-0.70710678118655,-3.14018491736755E-16,-0.707106781186545));
#6807=DIRECTION('',(2.22044604925031E-16,-1.,2.22044604925031E-16));
#6808=DIRECTION('center_axis',(1.,2.22044604925031E-16,0.));
#6809=DIRECTION('ref_axis',(2.22044604925031E-16,-1.,2.22044604925031E-16));
#6810=DIRECTION('',(2.22044604925031E-16,-1.,2.22044604925031E-16));
#6811=DIRECTION('',(-4.93038065763132E-32,2.22044604925031E-16,1.));
#6812=DIRECTION('center_axis',(-2.22044604925031E-16,1.,-2.22044604925031E-16));
#6813=DIRECTION('ref_axis',(-0.70710678118655,-1.15555796663234E-30,0.707106781186545));
#6814=DIRECTION('',(-2.22044604925031E-16,1.,-2.22044604925031E-16));
#6815=DIRECTION('center_axis',(2.22044604925031E-16,-1.,2.22044604925031E-16));
#6816=DIRECTION('ref_axis',(-0.70710678118655,-1.15555796663234E-30,0.707106781186545));
#6817=DIRECTION('center_axis',(4.93038065763132E-32,-2.22044604925031E-16,
-1.));
#6818=DIRECTION('ref_axis',(2.22044604925031E-16,-1.,2.22044604925031E-16));
#6819=DIRECTION('',(2.22044604925031E-16,-1.,2.22044604925031E-16));
#6820=DIRECTION('',(1.,2.22044604925031E-16,0.));
#6821=DIRECTION('center_axis',(2.22044604925031E-16,-1.,2.22044604925031E-16));
#6822=DIRECTION('ref_axis',(4.93038065763132E-32,-2.22044604925031E-16,
-1.));
#6823=DIRECTION('center_axis',(2.22044604925031E-16,-1.,2.22044604925031E-16));
#6824=DIRECTION('ref_axis',(-1.,-2.22044604925031E-16,0.));
#6825=DIRECTION('center_axis',(2.22044604925031E-16,-1.,2.22044604925031E-16));
#6826=DIRECTION('ref_axis',(0.70710678118655,3.14018491736755E-16,0.707106781186545));
#6827=DIRECTION('',(4.93038065763132E-32,-2.22044604925031E-16,-1.));
#6828=DIRECTION('center_axis',(2.22044604925031E-16,-1.,2.22044604925031E-16));
#6829=DIRECTION('ref_axis',(0.70710678118655,1.15555796663234E-30,-0.707106781186545));
#6830=DIRECTION('',(-1.,-2.22044604925031E-16,0.));
#6831=DIRECTION('center_axis',(2.22044604925031E-16,-1.,2.22044604925031E-16));
#6832=DIRECTION('ref_axis',(0.70710678118655,3.14018491736755E-16,0.707106781186545));
#6833=DIRECTION('',(-2.22044604925031E-16,1.,-2.22044604925031E-16));
#6834=DIRECTION('center_axis',(-1.,-2.22044604925031E-16,0.));
#6835=DIRECTION('ref_axis',(-2.22044604925031E-16,1.,-2.22044604925031E-16));
#6836=DIRECTION('',(2.22044604925031E-16,-1.,2.22044604925031E-16));
#6837=DIRECTION('center_axis',(2.22044604925031E-16,-1.,2.22044604925031E-16));
#6838=DIRECTION('ref_axis',(0.70710678118655,1.15555796663234E-30,-0.707106781186545));
#6839=DIRECTION('',(-2.22044604925031E-16,1.,-2.22044604925031E-16));
#6840=DIRECTION('center_axis',(-4.93038065763132E-32,2.22044604925031E-16,
1.));
#6841=DIRECTION('ref_axis',(-2.22044604925031E-16,1.,-2.22044604925031E-16));
#6842=DIRECTION('center_axis',(-2.22044604925031E-16,1.,-2.22044604925031E-16));
#6843=DIRECTION('ref_axis',(0.70710678118654,3.14018491736755E-16,0.707106781186555));
#6844=DIRECTION('center_axis',(2.22044604925031E-16,-1.,2.22044604925031E-16));
#6845=DIRECTION('ref_axis',(0.70710678118654,3.14018491736755E-16,0.707106781186555));
#6846=DIRECTION('',(2.22044604925031E-16,-1.,2.22044604925031E-16));
#6847=DIRECTION('center_axis',(-2.22044604925031E-16,1.,-2.22044604925031E-16));
#6848=DIRECTION('ref_axis',(0.70710678118654,3.14018491736755E-16,0.707106781186555));
#6849=DIRECTION('',(-2.22044604925031E-16,1.,-2.22044604925031E-16));
#6850=DIRECTION('center_axis',(-1.,-2.22044604925031E-16,0.));
#6851=DIRECTION('ref_axis',(-2.22044604925031E-16,1.,-2.22044604925031E-16));
#6852=DIRECTION('',(-4.93038065763132E-32,2.22044604925031E-16,1.));
#6853=DIRECTION('',(2.22044604925031E-16,-1.,2.22044604925031E-16));
#6854=DIRECTION('',(4.93038065763132E-32,-2.22044604925031E-16,-1.));
#6855=DIRECTION('center_axis',(2.22044604925031E-16,-1.,2.22044604925031E-16));
#6856=DIRECTION('ref_axis',(-1.,-2.22044604925031E-16,0.));
#6857=DIRECTION('',(-1.,-2.22044604925031E-16,0.));
#6858=DIRECTION('center_axis',(-2.22044604925031E-16,1.,-2.22044604925031E-16));
#6859=DIRECTION('ref_axis',(-0.70710678118654,3.4859331993409E-30,0.707106781186555));
#6860=DIRECTION('',(4.93038065763132E-32,-2.22044604925031E-16,-1.));
#6861=DIRECTION('center_axis',(-2.22044604925031E-16,1.,-2.22044604925031E-16));
#6862=DIRECTION('ref_axis',(-0.70710678118654,-3.14018491736755E-16,-0.707106781186555));
#6863=DIRECTION('',(1.,2.22044604925031E-16,0.));
#6864=DIRECTION('center_axis',(-2.22044604925031E-16,1.,-2.22044604925031E-16));
#6865=DIRECTION('ref_axis',(0.70710678118654,-3.4859331993409E-30,-0.707106781186555));
#6866=DIRECTION('center_axis',(-2.22044604925031E-16,1.,-2.22044604925031E-16));
#6867=DIRECTION('ref_axis',(4.93038065763132E-32,-2.22044604925031E-16,
-1.));
#6868=DIRECTION('center_axis',(-2.22044604925031E-16,1.,-2.22044604925031E-16));
#6869=DIRECTION('ref_axis',(-0.70710678118654,3.4859331993409E-30,0.707106781186555));
#6870=DIRECTION('center_axis',(2.22044604925031E-16,-1.,2.22044604925031E-16));
#6871=DIRECTION('ref_axis',(-0.70710678118654,3.4859331993409E-30,0.707106781186555));
#6872=DIRECTION('',(2.22044604925031E-16,-1.,2.22044604925031E-16));
#6873=DIRECTION('',(-2.22044604925031E-16,1.,-2.22044604925031E-16));
#6874=DIRECTION('center_axis',(1.,2.22044604925031E-16,0.));
#6875=DIRECTION('ref_axis',(2.22044604925031E-16,-1.,2.22044604925031E-16));
#6876=DIRECTION('',(-4.93038065763132E-32,2.22044604925031E-16,1.));
#6877=DIRECTION('',(-2.22044604925031E-16,1.,-2.22044604925031E-16));
#6878=DIRECTION('center_axis',(2.22044604925031E-16,-1.,2.22044604925031E-16));
#6879=DIRECTION('ref_axis',(4.93038065763132E-32,-2.22044604925031E-16,
-1.));
#6880=DIRECTION('center_axis',(2.22044604925031E-16,-1.,2.22044604925031E-16));
#6881=DIRECTION('ref_axis',(0.70710678118654,-3.4859331993409E-30,-0.707106781186555));
#6882=DIRECTION('',(-1.,-2.22044604925031E-16,0.));
#6883=DIRECTION('center_axis',(2.22044604925031E-16,-1.,2.22044604925031E-16));
#6884=DIRECTION('ref_axis',(-0.70710678118654,-3.14018491736755E-16,-0.707106781186555));
#6885=DIRECTION('',(1.,2.22044604925031E-16,0.));
#6886=DIRECTION('center_axis',(-2.22044604925031E-16,1.,-2.22044604925031E-16));
#6887=DIRECTION('ref_axis',(-0.70710678118654,-3.14018491736755E-16,-0.707106781186555));
#6888=DIRECTION('',(2.22044604925031E-16,-1.,2.22044604925031E-16));
#6889=DIRECTION('center_axis',(-4.93038065763132E-32,2.22044604925031E-16,
1.));
#6890=DIRECTION('ref_axis',(-2.22044604925031E-16,1.,-2.22044604925031E-16));
#6891=DIRECTION('',(-2.22044604925031E-16,1.,-2.22044604925031E-16));
#6892=DIRECTION('center_axis',(-2.22044604925031E-16,1.,-2.22044604925031E-16));
#6893=DIRECTION('ref_axis',(0.70710678118654,-3.4859331993409E-30,-0.707106781186555));
#6894=DIRECTION('center_axis',(2.22044604925031E-16,-1.,2.22044604925031E-16));
#6895=DIRECTION('ref_axis',(4.93038065763132E-32,-2.22044604925031E-16,
-1.));
#6896=DIRECTION('center_axis',(2.22044604925031E-16,-1.,2.22044604925031E-16));
#6897=DIRECTION('ref_axis',(4.93038065763132E-32,-2.22044604925031E-16,
-1.));
#6898=DIRECTION('',(2.22044604925031E-16,-1.,2.22044604925031E-16));
#6899=DIRECTION('center_axis',(-2.22044604925031E-16,1.,-2.22044604925031E-16));
#6900=DIRECTION('ref_axis',(-4.93038065763132E-32,2.22044604925031E-16,
1.));
#6901=DIRECTION('center_axis',(4.93038065763132E-32,-2.22044604925031E-16,
-1.));
#6902=DIRECTION('ref_axis',(2.22044604925031E-16,-1.,2.22044604925031E-16));
#6903=DIRECTION('center_axis',(-4.93038065763132E-32,2.22044604925031E-16,
1.));
#6904=DIRECTION('ref_axis',(2.22044604925031E-16,-1.,2.22044604925031E-16));
#6905=DIRECTION('',(-2.22044604925031E-16,1.,-2.22044604925031E-16));
#6906=DIRECTION('',(1.,2.22044604925031E-16,0.));
#6907=DIRECTION('',(-2.22044604925031E-16,1.,-2.22044604925031E-16));
#6908=DIRECTION('',(1.,2.22044604925031E-16,0.));
#6909=DIRECTION('center_axis',(2.22044604925031E-16,-1.,2.22044604925031E-16));
#6910=DIRECTION('ref_axis',(1.,2.22044604925031E-16,0.));
#6911=DIRECTION('',(4.93038065763132E-32,-2.22044604925031E-16,-1.));
#6912=DIRECTION('',(1.,2.22044604925031E-16,0.));
#6913=DIRECTION('',(-4.93038065763132E-32,2.22044604925031E-16,1.));
#6914=DIRECTION('center_axis',(4.93038065763132E-32,-2.22044604925031E-16,
-1.));
#6915=DIRECTION('ref_axis',(-2.22044604925031E-16,1.,-2.22044604925031E-16));
#6916=DIRECTION('',(2.22044604925031E-16,-1.,2.22044604925031E-16));
#6917=DIRECTION('',(-1.,-2.22044604925031E-16,0.));
#6918=DIRECTION('',(2.22044604925031E-16,-1.,2.22044604925031E-16));
#6919=DIRECTION('center_axis',(-1.,-2.22044604925031E-16,0.));
#6920=DIRECTION('ref_axis',(2.22044604925031E-16,-1.,2.22044604925031E-16));
#6921=DIRECTION('',(-4.93038065763132E-32,2.22044604925031E-16,1.));
#6922=DIRECTION('center_axis',(2.22044604925031E-16,-1.,2.22044604925031E-16));
#6923=DIRECTION('ref_axis',(1.,2.22044604925031E-16,0.));
#6924=DIRECTION('',(-4.93038065763132E-32,2.22044604925031E-16,1.));
#6925=DIRECTION('center_axis',(-2.22044604925031E-16,1.,-2.22044604925031E-16));
#6926=DIRECTION('ref_axis',(0.707106781186548,3.14018491736755E-16,0.707106781186548));
#6927=DIRECTION('center_axis',(2.22044604925031E-16,-1.,2.22044604925031E-16));
#6928=DIRECTION('ref_axis',(0.707106781186548,3.14018491736755E-16,0.707106781186548));
#6929=DIRECTION('',(2.22044604925031E-16,-1.,2.22044604925031E-16));
#6930=DIRECTION('center_axis',(-2.22044604925031E-16,1.,-2.22044604925031E-16));
#6931=DIRECTION('ref_axis',(-4.93038065763132E-32,2.22044604925031E-16,
1.));
#6932=DIRECTION('',(-2.22044604925031E-16,1.,-2.22044604925031E-16));
#6933=DIRECTION('center_axis',(4.93038065763132E-32,-2.22044604925031E-16,
-1.));
#6934=DIRECTION('ref_axis',(0.707106781186548,-0.707106781186547,1.57009245868377E-16));
#6935=DIRECTION('center_axis',(6.65601388780228E-31,-2.99760216648792E-15,
-1.));
#6936=DIRECTION('ref_axis',(1.,2.22044604925031E-16,0.));
#6937=DIRECTION('',(4.93038065763132E-32,-2.22044604925031E-16,-1.));
#6938=DIRECTION('center_axis',(-4.93038065763132E-32,2.22044604925031E-16,
1.));
#6939=DIRECTION('ref_axis',(2.22044604925031E-16,-1.,2.22044604925031E-16));
#6940=DIRECTION('',(-4.93038065763132E-32,2.22044604925031E-16,1.));
#6941=DIRECTION('center_axis',(-2.22044604925031E-16,1.,-2.22044604925031E-16));
#6942=DIRECTION('ref_axis',(0.707106781186548,0.,-0.707106781186548));
#6943=DIRECTION('center_axis',(2.22044604925031E-16,-1.,2.22044604925031E-16));
#6944=DIRECTION('ref_axis',(0.707106781186548,0.,-0.707106781186548));
#6945=DIRECTION('',(2.22044604925031E-16,-1.,2.22044604925031E-16));
#6946=DIRECTION('center_axis',(-2.22044604925031E-16,1.,-2.22044604925031E-16));
#6947=DIRECTION('ref_axis',(1.,2.22044604925031E-16,0.));
#6948=DIRECTION('',(-2.22044604925031E-16,1.,-2.22044604925031E-16));
#6949=DIRECTION('center_axis',(-0.816496580927728,-0.40824829046386,-0.408248290463863));
#6950=DIRECTION('ref_axis',(0.577350269189625,-0.577350269189625,-0.577350269189628));
#6951=DIRECTION('center_axis',(1.,2.22044604925031E-16,0.));
#6952=DIRECTION('ref_axis',(1.57009245868377E-16,-0.707106781186545,-0.70710678118655));
#6953=DIRECTION('center_axis',(-0.816496580927729,-0.40824829046386,0.40824829046386));
#6954=DIRECTION('ref_axis',(0.577350269189626,-0.577350269189626,0.577350269189626));
#6955=DIRECTION('center_axis',(1.,2.22044604925031E-16,0.));
#6956=DIRECTION('ref_axis',(1.57009245868377E-16,-0.707106781186546,0.707106781186549));
#6957=DIRECTION('center_axis',(-1.,-2.22044604925031E-16,0.));
#6958=DIRECTION('ref_axis',(2.22044604925031E-16,-1.,2.22044604925031E-16));
#6959=DIRECTION('',(4.93038065763132E-32,-2.22044604925031E-16,-1.));
#6960=DIRECTION('center_axis',(-4.93038065763132E-32,2.22044604925031E-16,
1.));
#6961=DIRECTION('ref_axis',(2.22044604925031E-16,-1.,2.22044604925031E-16));
#6962=DIRECTION('',(1.,2.22044604925031E-16,0.));
#6963=DIRECTION('',(-2.22044604925031E-16,1.,-2.22044604925031E-16));
#6964=DIRECTION('',(-1.,-2.22044604925031E-16,0.));
#6965=DIRECTION('center_axis',(1.,2.22044604925031E-16,0.));
#6966=DIRECTION('ref_axis',(1.57009245868378E-16,-0.707106781186548,-0.707106781186547));
#6967=DIRECTION('',(-1.,-2.22044604925031E-16,0.));
#6968=DIRECTION('center_axis',(1.,2.22044604925031E-16,0.));
#6969=DIRECTION('ref_axis',(1.57009245868378E-16,-0.707106781186548,-0.707106781186547));
#6970=DIRECTION('center_axis',(-1.,-2.22044604925031E-16,0.));
#6971=DIRECTION('ref_axis',(1.57009245868377E-16,-0.707106781186547,0.707106781186548));
#6972=DIRECTION('',(-1.,-2.22044604925031E-16,0.));
#6973=DIRECTION('center_axis',(1.,2.22044604925031E-16,0.));
#6974=DIRECTION('ref_axis',(1.57009245868377E-16,-0.707106781186547,0.707106781186548));
#6975=DIRECTION('',(1.,2.22044604925031E-16,0.));
#6976=DIRECTION('center_axis',(2.22044604925031E-16,-1.,2.22044604925031E-16));
#6977=DIRECTION('ref_axis',(1.,2.22044604925031E-16,0.));
#6978=DIRECTION('',(4.93038065763132E-32,-2.22044604925031E-16,-1.));
#6979=DIRECTION('center_axis',(4.93038065763132E-32,-2.22044604925031E-16,
-1.));
#6980=DIRECTION('ref_axis',(-2.22044604925031E-16,1.,-2.22044604925031E-16));
#6981=DIRECTION('',(1.,2.22044604925031E-16,0.));
#6982=DIRECTION('',(-2.22044604925031E-16,1.,-2.22044604925031E-16));
#6983=DIRECTION('center_axis',(2.22044604925031E-16,-1.,2.22044604925031E-16));
#6984=DIRECTION('ref_axis',(1.,2.22044604925031E-16,0.));
#6985=DIRECTION('',(-4.93038065763132E-32,2.22044604925031E-16,1.));
#6986=DIRECTION('center_axis',(1.,2.22044604925031E-16,0.));
#6987=DIRECTION('ref_axis',(-2.22044604925031E-16,1.,-2.22044604925031E-16));
#6988=DIRECTION('center_axis',(3.5527136788005E-16,-1.,1.77635683940025E-16));
#6989=DIRECTION('ref_axis',(0.,-2.22044604925031E-16,-1.));
#6990=DIRECTION('center_axis',(-2.22044604925031E-16,1.,-2.22044604925031E-16));
#6991=DIRECTION('ref_axis',(1.,2.22044604925031E-16,0.));
#6992=DIRECTION('center_axis',(-2.22044604925031E-16,1.,-2.22044604925031E-16));
#6993=DIRECTION('ref_axis',(1.,2.22044604925031E-16,0.));
#6994=DIRECTION('center_axis',(-1.,-2.22044604925031E-16,4.93038065763132E-32));
#6995=DIRECTION('ref_axis',(0.,2.22044604925031E-16,1.));
#6996=DIRECTION('center_axis',(-2.22044604925031E-16,1.,-2.22044604925031E-16));
#6997=DIRECTION('ref_axis',(1.,2.22044604925031E-16,0.));
#6998=DIRECTION('center_axis',(-2.22044604925031E-16,1.,-2.22044604925031E-16));
#6999=DIRECTION('ref_axis',(1.,2.22044604925031E-16,0.));
#7000=DIRECTION('',(-2.22044604925031E-16,1.,-2.22044604925031E-16));
#7001=DIRECTION('center_axis',(2.22044604925031E-16,-1.,2.22044604925031E-16));
#7002=DIRECTION('ref_axis',(4.93038065763132E-32,-2.22044604925031E-16,
-1.));
#7003=DIRECTION('center_axis',(-2.22044604925031E-16,1.,-2.22044604925031E-16));
#7004=DIRECTION('ref_axis',(4.93038065763132E-32,-2.22044604925031E-16,
-1.));
#7005=DIRECTION('center_axis',(-2.22044604925031E-16,1.,-2.22044604925031E-16));
#7006=DIRECTION('ref_axis',(-4.93038065763132E-32,2.22044604925031E-16,
1.));
#7007=DIRECTION('center_axis',(-2.22044604925031E-16,1.,-2.22044604925031E-16));
#7008=DIRECTION('ref_axis',(4.93038065763132E-32,-2.22044604925031E-16,
-1.));
#7009=DIRECTION('center_axis',(2.22044604925031E-16,-1.,2.22044604925031E-16));
#7010=DIRECTION('ref_axis',(4.93038065763132E-32,-2.22044604925031E-16,
-1.));
#7011=DIRECTION('center_axis',(2.22044604925031E-16,-1.,2.22044604925031E-16));
#7012=DIRECTION('ref_axis',(4.93038065763132E-32,-2.22044604925031E-16,
-1.));
#7013=DIRECTION('',(-2.22044604925031E-16,1.,-2.22044604925031E-16));
#7014=DIRECTION('center_axis',(-2.22044604925031E-16,1.,-2.22044604925031E-16));
#7015=DIRECTION('ref_axis',(-4.93038065763132E-32,2.22044604925031E-16,
1.));
#7016=DIRECTION('center_axis',(-2.22044604925031E-16,1.,-2.22044604925031E-16));
#7017=DIRECTION('ref_axis',(4.93038065763132E-32,-2.22044604925031E-16,
-1.));
#7018=DIRECTION('center_axis',(2.22044604925031E-16,-1.,2.22044604925031E-16));
#7019=DIRECTION('ref_axis',(4.93038065763132E-32,-2.22044604925031E-16,
-1.));
#7020=DIRECTION('center_axis',(2.22044604925031E-16,-1.,2.22044604925031E-16));
#7021=DIRECTION('ref_axis',(4.93038065763132E-32,-2.22044604925031E-16,
-1.));
#7022=DIRECTION('',(-2.22044604925031E-16,1.,-2.22044604925031E-16));
#7023=DIRECTION('center_axis',(2.22044604925031E-16,-1.,2.22044604925031E-16));
#7024=DIRECTION('ref_axis',(4.93038065763132E-32,-2.22044604925031E-16,
-1.));
#7025=DIRECTION('',(-2.22044604925031E-16,1.,-2.22044604925031E-16));
#7026=DIRECTION('center_axis',(-2.22044604925031E-16,1.,-2.22044604925031E-16));
#7027=DIRECTION('ref_axis',(4.93038065763132E-32,-2.22044604925031E-16,
-1.));
#7028=DIRECTION('center_axis',(-2.22044604925031E-16,1.,-2.22044604925031E-16));
#7029=DIRECTION('ref_axis',(1.,2.22044604925031E-16,0.));
#7030=DIRECTION('center_axis',(2.22044604925031E-16,-1.,2.22044604925031E-16));
#7031=DIRECTION('ref_axis',(1.,2.22044604925031E-16,0.));
#7032=DIRECTION('center_axis',(-2.22044604925031E-16,1.,-2.22044604925031E-16));
#7033=DIRECTION('ref_axis',(1.,2.22044604925031E-16,0.));
#7034=DIRECTION('center_axis',(-2.22044604925031E-16,1.,-2.22044604925031E-16));
#7035=DIRECTION('ref_axis',(1.,2.22044604925031E-16,0.));
#7036=DIRECTION('',(2.22044604925031E-16,-1.,2.22044604925031E-16));
#7037=DIRECTION('center_axis',(2.22044604925031E-16,-1.,2.22044604925031E-16));
#7038=DIRECTION('ref_axis',(4.93038065763132E-32,-2.22044604925031E-16,
-1.));
#7039=DIRECTION('',(4.93038065763132E-32,-2.22044604925031E-16,-1.));
#7040=DIRECTION('',(1.,2.22044604925031E-16,0.));
#7041=DIRECTION('',(-4.93038065763132E-32,2.22044604925031E-16,1.));
#7042=DIRECTION('',(-1.,-2.22044604925031E-16,0.));
#7043=DIRECTION('center_axis',(1.,2.22044604925031E-16,0.));
#7044=DIRECTION('ref_axis',(2.22044604925031E-16,-1.,2.22044604925031E-16));
#7045=DIRECTION('',(-2.22044604925031E-16,1.,-2.22044604925031E-16));
#7046=DIRECTION('',(-4.93038065763132E-32,2.22044604925031E-16,1.));
#7047=DIRECTION('',(2.22044604925031E-16,-1.,2.22044604925031E-16));
#7048=DIRECTION('center_axis',(-4.93038065763132E-32,2.22044604925031E-16,
1.));
#7049=DIRECTION('ref_axis',(-2.22044604925031E-16,1.,-2.22044604925031E-16));
#7050=DIRECTION('',(-1.,-2.22044604925031E-16,0.));
#7051=DIRECTION('',(2.22044604925031E-16,-1.,2.22044604925031E-16));
#7052=DIRECTION('center_axis',(-1.,-2.22044604925031E-16,0.));
#7053=DIRECTION('ref_axis',(-2.22044604925031E-16,1.,-2.22044604925031E-16));
#7054=DIRECTION('',(4.93038065763132E-32,-2.22044604925031E-16,-1.));
#7055=DIRECTION('',(2.22044604925031E-16,-1.,2.22044604925031E-16));
#7056=DIRECTION('center_axis',(4.93038065763132E-32,-2.22044604925031E-16,
-1.));
#7057=DIRECTION('ref_axis',(2.22044604925031E-16,-1.,2.22044604925031E-16));
#7058=DIRECTION('',(1.,2.22044604925031E-16,0.));
#7059=DIRECTION('center_axis',(2.22044604925031E-16,-1.,2.22044604925031E-16));
#7060=DIRECTION('ref_axis',(-1.,-2.22044604925031E-16,0.));
#7061=CARTESIAN_POINT('',(0.,0.,0.));
#7062=CARTESIAN_POINT('Origin',(35.9937591021565,-0.899999999999992,7.78823360666129));
#7063=CARTESIAN_POINT('',(35.9937591021565,-0.899999999999992,8.06572340294215));
#7064=CARTESIAN_POINT('',(35.9937591021565,-0.899999999999992,7.78823360666129));
#7065=CARTESIAN_POINT('',(35.9937591021565,-0.899999999999993,6.14411680333064));
#7066=CARTESIAN_POINT('',(35.9937591021565,-1.09999999999999,8.06572340294215));
#7067=CARTESIAN_POINT('',(35.9937591021565,-0.899999999999992,8.06572340294215));
#7068=CARTESIAN_POINT('',(35.9937591021565,-1.09999999999999,7.78823360666129));
#7069=CARTESIAN_POINT('',(35.9937591021565,-1.09999999999999,8.06572340294215));
#7070=CARTESIAN_POINT('',(35.9937591021565,-0.899999999999992,7.78823360666129));
#7071=CARTESIAN_POINT('Origin',(36.1525586908368,-0.899999999999992,7.78823360666129));
#7072=CARTESIAN_POINT('',(36.1525586908368,-0.899999999999992,7.78823360666129));
#7073=CARTESIAN_POINT('',(33.5762793454184,-0.899999999999993,7.78823360666129));
#7074=CARTESIAN_POINT('',(36.1525586908368,-1.09999999999999,7.78823360666129));
#7075=CARTESIAN_POINT('',(35.9937591021565,-1.09999999999999,7.78823360666129));
#7076=CARTESIAN_POINT('',(36.1525586908368,-0.899999999999992,7.78823360666129));
#7077=CARTESIAN_POINT('Ctrl Pts',(36.3285476630238,-0.899999999999992,7.79232643410059));
#7078=CARTESIAN_POINT('Ctrl Pts',(36.3285476630238,-1.09999999999999,7.79232643410059));
#7079=CARTESIAN_POINT('Ctrl Pts',(36.3081563677491,-0.899999999999992,7.79115687078133));
#7080=CARTESIAN_POINT('Ctrl Pts',(36.3081563677491,-1.09999999999999,7.79115687078133));
#7081=CARTESIAN_POINT('Ctrl Pts',(36.2495523447413,-0.899999999999992,7.78779557789884));
#7082=CARTESIAN_POINT('Ctrl Pts',(36.2495523447413,-1.09999999999999,7.78779557789884));
#7083=CARTESIAN_POINT('Ctrl Pts',(36.1908412407068,-0.899999999999992,7.78806072052629));
#7084=CARTESIAN_POINT('Ctrl Pts',(36.1908412407068,-1.09999999999999,7.78806072052629));
#7085=CARTESIAN_POINT('Ctrl Pts',(36.1525586908368,-0.899999999999992,7.78823360666129));
#7086=CARTESIAN_POINT('Ctrl Pts',(36.1525586908368,-1.09999999999999,7.78823360666129));
#7087=CARTESIAN_POINT('',(36.3285476630238,-0.899999999999992,7.79232643410059));
#7088=CARTESIAN_POINT('Ctrl Pts',(36.1525586908368,-0.899999999999992,7.78823360666129));
#7089=CARTESIAN_POINT('Ctrl Pts',(36.1908412407068,-0.899999999999992,7.78806072052629));
#7090=CARTESIAN_POINT('Ctrl Pts',(36.2495523447413,-0.899999999999992,7.78779557789884));
#7091=CARTESIAN_POINT('Ctrl Pts',(36.3081563677491,-0.899999999999992,7.79115687078133));
#7092=CARTESIAN_POINT('Ctrl Pts',(36.3285476630238,-0.899999999999992,7.79232643410059));
#7093=CARTESIAN_POINT('',(36.3285476630238,-1.09999999999999,7.79232643410059));
#7094=CARTESIAN_POINT('Ctrl Pts',(36.3285476630238,-1.09999999999999,7.79232643410059));
#7095=CARTESIAN_POINT('Ctrl Pts',(36.3081563677491,-1.09999999999999,7.79115687078133));
#7096=CARTESIAN_POINT('Ctrl Pts',(36.2495523447413,-1.09999999999999,7.78779557789884));
#7097=CARTESIAN_POINT('Ctrl Pts',(36.1908412407068,-1.09999999999999,7.78806072052629));
#7098=CARTESIAN_POINT('Ctrl Pts',(36.1525586908368,-1.09999999999999,7.78823360666129));
#7099=CARTESIAN_POINT('',(36.3285476630238,-0.899999999999992,7.79232643410059));
#7100=CARTESIAN_POINT('Ctrl Pts',(36.4259556596783,-0.899999999999992,7.83489122852179));
#7101=CARTESIAN_POINT('Ctrl Pts',(36.4259556596783,-1.09999999999999,7.83489122852179));
#7102=CARTESIAN_POINT('Ctrl Pts',(36.4125200540854,-0.899999999999992,7.82425928189373));
#7103=CARTESIAN_POINT('Ctrl Pts',(36.4125200540854,-1.09999999999999,7.82425928189373));
#7104=CARTESIAN_POINT('Ctrl Pts',(36.3838670162201,-0.899999999999992,7.80158538251417));
#7105=CARTESIAN_POINT('Ctrl Pts',(36.3838670162201,-1.09999999999999,7.80158538251417));
#7106=CARTESIAN_POINT('Ctrl Pts',(36.3477363908395,-0.899999999999992,7.79553810290549));
#7107=CARTESIAN_POINT('Ctrl Pts',(36.3477363908395,-1.09999999999999,7.79553810290549));
#7108=CARTESIAN_POINT('Ctrl Pts',(36.3285476630238,-0.899999999999992,7.79232643410059));
#7109=CARTESIAN_POINT('Ctrl Pts',(36.3285476630238,-1.09999999999999,7.79232643410059));
#7110=CARTESIAN_POINT('',(36.4259556596783,-0.899999999999992,7.83489122852179));
#7111=CARTESIAN_POINT('Ctrl Pts',(36.3285476630238,-0.899999999999992,7.79232643410059));
#7112=CARTESIAN_POINT('Ctrl Pts',(36.3477363908395,-0.899999999999992,7.79553810290549));
#7113=CARTESIAN_POINT('Ctrl Pts',(36.3838670162201,-0.899999999999992,7.80158538251417));
#7114=CARTESIAN_POINT('Ctrl Pts',(36.4125200540854,-0.899999999999992,7.82425928189373));
#7115=CARTESIAN_POINT('Ctrl Pts',(36.4259556596783,-0.899999999999992,7.83489122852179));
#7116=CARTESIAN_POINT('',(36.4259556596783,-1.09999999999999,7.83489122852179));
#7117=CARTESIAN_POINT('Ctrl Pts',(36.4259556596783,-1.09999999999999,7.83489122852179));
#7118=CARTESIAN_POINT('Ctrl Pts',(36.4125200540854,-1.09999999999999,7.82425928189373));
#7119=CARTESIAN_POINT('Ctrl Pts',(36.3838670162201,-1.09999999999999,7.80158538251417));
#7120=CARTESIAN_POINT('Ctrl Pts',(36.3477363908395,-1.09999999999999,7.79553810290549));
#7121=CARTESIAN_POINT('Ctrl Pts',(36.3285476630238,-1.09999999999999,7.79232643410059));
#7122=CARTESIAN_POINT('',(36.4259556596783,-0.899999999999992,7.83489122852179));
#7123=CARTESIAN_POINT('Ctrl Pts',(36.4619720643071,-0.899999999999992,7.92902491852137));
#7124=CARTESIAN_POINT('Ctrl Pts',(36.4619720643071,-1.09999999999999,7.92902491852137));
#7125=CARTESIAN_POINT('Ctrl Pts',(36.460706115724,-0.899999999999992,7.91081500140101));
#7126=CARTESIAN_POINT('Ctrl Pts',(36.460706115724,-1.09999999999999,7.91081500140101));
#7127=CARTESIAN_POINT('Ctrl Pts',(36.4582645112462,-0.899999999999992,7.87569397375828));
#7128=CARTESIAN_POINT('Ctrl Pts',(36.4582645112462,-1.09999999999999,7.87569397375828));
#7129=CARTESIAN_POINT('Ctrl Pts',(36.4364564497474,-0.899999999999992,7.84815264269087));
#7130=CARTESIAN_POINT('Ctrl Pts',(36.4364564497474,-1.09999999999999,7.84815264269087));
#7131=CARTESIAN_POINT('Ctrl Pts',(36.4259556596783,-0.899999999999992,7.83489122852179));
#7132=CARTESIAN_POINT('Ctrl Pts',(36.4259556596783,-1.09999999999999,7.83489122852179));
#7133=CARTESIAN_POINT('',(36.4619720643071,-0.899999999999992,7.92902491852137));
#7134=CARTESIAN_POINT('Ctrl Pts',(36.4259556596783,-0.899999999999992,7.83489122852179));
#7135=CARTESIAN_POINT('Ctrl Pts',(36.4364564497474,-0.899999999999992,7.84815264269087));
#7136=CARTESIAN_POINT('Ctrl Pts',(36.4582645112462,-0.899999999999992,7.87569397375828));
#7137=CARTESIAN_POINT('Ctrl Pts',(36.460706115724,-0.899999999999992,7.91081500140101));
#7138=CARTESIAN_POINT('Ctrl Pts',(36.4619720643071,-0.899999999999992,7.92902491852137));
#7139=CARTESIAN_POINT('',(36.4619720643071,-1.09999999999999,7.92902491852137));
#7140=CARTESIAN_POINT('Ctrl Pts',(36.4619720643071,-1.09999999999999,7.92902491852137));
#7141=CARTESIAN_POINT('Ctrl Pts',(36.460706115724,-1.09999999999999,7.91081500140101));
#7142=CARTESIAN_POINT('Ctrl Pts',(36.4582645112462,-1.09999999999999,7.87569397375828));
#7143=CARTESIAN_POINT('Ctrl Pts',(36.4364564497474,-1.09999999999999,7.84815264269087));
#7144=CARTESIAN_POINT('Ctrl Pts',(36.4259556596783,-1.09999999999999,7.83489122852179));
#7145=CARTESIAN_POINT('',(36.4619720643071,-0.899999999999992,7.92902491852137));
#7146=CARTESIAN_POINT('Ctrl Pts',(36.4308669333962,-0.899999999999992,8.01906585558745));
#7147=CARTESIAN_POINT('Ctrl Pts',(36.4308669333962,-1.09999999999999,8.01906585558745));
#7148=CARTESIAN_POINT('Ctrl Pts',(36.4399329688229,-0.899999999999992,8.00629208709163));
#7149=CARTESIAN_POINT('Ctrl Pts',(36.4399329688229,-1.09999999999999,8.00629208709163));
#7150=CARTESIAN_POINT('Ctrl Pts',(36.459028060178,-0.899999999999992,7.97938768346895));
#7151=CARTESIAN_POINT('Ctrl Pts',(36.459028060178,-1.09999999999999,7.97938768346895));
#7152=CARTESIAN_POINT('Ctrl Pts',(36.4609582807351,-0.899999999999992,7.94636760606695));
#7153=CARTESIAN_POINT('Ctrl Pts',(36.4609582807351,-1.09999999999999,7.94636760606695));
#7154=CARTESIAN_POINT('Ctrl Pts',(36.4619720643071,-0.899999999999992,7.92902491852137));
#7155=CARTESIAN_POINT('Ctrl Pts',(36.4619720643071,-1.09999999999999,7.92902491852137));
#7156=CARTESIAN_POINT('',(36.4308669333962,-0.899999999999992,8.01906585558745));
#7157=CARTESIAN_POINT('Ctrl Pts',(36.4619720643071,-0.899999999999992,7.92902491852137));
#7158=CARTESIAN_POINT('Ctrl Pts',(36.4609582807351,-0.899999999999992,7.94636760606695));
#7159=CARTESIAN_POINT('Ctrl Pts',(36.459028060178,-0.899999999999992,7.97938768346895));
#7160=CARTESIAN_POINT('Ctrl Pts',(36.4399329688229,-0.899999999999992,8.00629208709163));
#7161=CARTESIAN_POINT('Ctrl Pts',(36.4308669333962,-0.899999999999992,8.01906585558745));
#7162=CARTESIAN_POINT('',(36.4308669333962,-1.09999999999999,8.01906585558745));
#7163=CARTESIAN_POINT('Ctrl Pts',(36.4308669333962,-1.09999999999999,8.01906585558745));
#7164=CARTESIAN_POINT('Ctrl Pts',(36.4399329688229,-1.09999999999999,8.00629208709163));
#7165=CARTESIAN_POINT('Ctrl Pts',(36.459028060178,-1.09999999999999,7.97938768346895));
#7166=CARTESIAN_POINT('Ctrl Pts',(36.4609582807351,-1.09999999999999,7.94636760606695));
#7167=CARTESIAN_POINT('Ctrl Pts',(36.4619720643071,-1.09999999999999,7.92902491852137));
#7168=CARTESIAN_POINT('',(36.4308669333962,-0.899999999999992,8.01906585558745));
#7169=CARTESIAN_POINT('Ctrl Pts',(36.3400075500516,-0.899999999999992,8.06163065000865));
#7170=CARTESIAN_POINT('Ctrl Pts',(36.3400075500516,-1.09999999999999,8.06163065000865));
#7171=CARTESIAN_POINT('Ctrl Pts',(36.3584804204958,-0.899999999999992,8.05851347764454));
#7172=CARTESIAN_POINT('Ctrl Pts',(36.3584804204958,-1.09999999999999,8.05851347764454));
#7173=CARTESIAN_POINT('Ctrl Pts',(36.392844689726,-0.899999999999992,8.05271473885726));
#7174=CARTESIAN_POINT('Ctrl Pts',(36.392844689726,-1.09999999999999,8.05271473885726));
#7175=CARTESIAN_POINT('Ctrl Pts',(36.4188438788682,-0.899999999999992,8.02970600512386));
#7176=CARTESIAN_POINT('Ctrl Pts',(36.4188438788682,-1.09999999999999,8.02970600512386));
#7177=CARTESIAN_POINT('Ctrl Pts',(36.4308669333962,-0.899999999999992,8.01906585558745));
#7178=CARTESIAN_POINT('Ctrl Pts',(36.4308669333962,-1.09999999999999,8.01906585558745));
#7179=CARTESIAN_POINT('',(36.3400075500516,-0.899999999999992,8.06163065000865));
#7180=CARTESIAN_POINT('Ctrl Pts',(36.4308669333962,-0.899999999999992,8.01906585558745));
#7181=CARTESIAN_POINT('Ctrl Pts',(36.4188438788682,-0.899999999999992,8.02970600512386));
#7182=CARTESIAN_POINT('Ctrl Pts',(36.392844689726,-0.899999999999992,8.05271473885726));
#7183=CARTESIAN_POINT('Ctrl Pts',(36.3584804204958,-0.899999999999992,8.05851347764454));
#7184=CARTESIAN_POINT('Ctrl Pts',(36.3400075500516,-0.899999999999992,8.06163065000865));
#7185=CARTESIAN_POINT('',(36.3400075500516,-1.09999999999999,8.06163065000865));
#7186=CARTESIAN_POINT('Ctrl Pts',(36.3400075500516,-1.09999999999999,8.06163065000865));
#7187=CARTESIAN_POINT('Ctrl Pts',(36.3584804204958,-1.09999999999999,8.05851347764454));
#7188=CARTESIAN_POINT('Ctrl Pts',(36.392844689726,-1.09999999999999,8.05271473885726));
#7189=CARTESIAN_POINT('Ctrl Pts',(36.4188438788682,-1.09999999999999,8.02970600512386));
#7190=CARTESIAN_POINT('Ctrl Pts',(36.4308669333962,-1.09999999999999,8.01906585558745));
#7191=CARTESIAN_POINT('',(36.3400075500516,-0.899999999999992,8.06163065000865));
#7192=CARTESIAN_POINT('Ctrl Pts',(36.132913297942,-0.899999999999992,8.06572340294215));
#7193=CARTESIAN_POINT('Ctrl Pts',(36.132913297942,-1.09999999999999,8.06572340294215));
#7194=CARTESIAN_POINT('Ctrl Pts',(36.1786983856004,-0.899999999999992,8.06593594627053));
#7195=CARTESIAN_POINT('Ctrl Pts',(36.1786983856004,-1.09999999999999,8.06593594627053));
#7196=CARTESIAN_POINT('Ctrl Pts',(36.2477731240866,-0.899999999999992,8.06625660471143));
#7197=CARTESIAN_POINT('Ctrl Pts',(36.2477731240866,-1.09999999999999,8.06625660471143));
#7198=CARTESIAN_POINT('Ctrl Pts',(36.3167506694401,-0.899999999999992,8.06279708298756));
#7199=CARTESIAN_POINT('Ctrl Pts',(36.3167506694401,-1.09999999999999,8.06279708298756));
#7200=CARTESIAN_POINT('Ctrl Pts',(36.3400075500516,-0.899999999999992,8.06163065000865));
#7201=CARTESIAN_POINT('Ctrl Pts',(36.3400075500516,-1.09999999999999,8.06163065000865));
#7202=CARTESIAN_POINT('',(36.132913297942,-0.899999999999992,8.06572340294215));
#7203=CARTESIAN_POINT('Ctrl Pts',(36.3400075500516,-0.899999999999992,8.06163065000865));
#7204=CARTESIAN_POINT('Ctrl Pts',(36.3167506694401,-0.899999999999992,8.06279708298756));
#7205=CARTESIAN_POINT('Ctrl Pts',(36.2477731240866,-0.899999999999992,8.06625660471143));
#7206=CARTESIAN_POINT('Ctrl Pts',(36.1786983856004,-0.899999999999992,8.06593594627053));
#7207=CARTESIAN_POINT('Ctrl Pts',(36.132913297942,-0.899999999999992,8.06572340294215));
#7208=CARTESIAN_POINT('',(36.132913297942,-1.09999999999999,8.06572340294215));
#7209=CARTESIAN_POINT('Ctrl Pts',(36.132913297942,-1.09999999999999,8.06572340294215));
#7210=CARTESIAN_POINT('Ctrl Pts',(36.1786983856004,-1.09999999999999,8.06593594627053));
#7211=CARTESIAN_POINT('Ctrl Pts',(36.2477731240866,-1.09999999999999,8.06625660471143));
#7212=CARTESIAN_POINT('Ctrl Pts',(36.3167506694401,-1.09999999999999,8.06279708298756));
#7213=CARTESIAN_POINT('Ctrl Pts',(36.3400075500516,-1.09999999999999,8.06163065000865));
#7214=CARTESIAN_POINT('',(36.132913297942,-0.899999999999992,8.06572340294215));
#7215=CARTESIAN_POINT('Origin',(35.9937591021565,-0.899999999999992,8.06572340294215));
#7216=CARTESIAN_POINT('',(33.4968795510783,-0.899999999999993,8.06572340294215));
#7217=CARTESIAN_POINT('',(36.132913297942,-1.09999999999999,8.06572340294215));
#7218=CARTESIAN_POINT('Origin',(35.9937591021565,-0.899999999999992,7.26763337715956));
#7219=CARTESIAN_POINT('',(35.9937591021565,-0.899999999999992,7.588506488646));
#7220=CARTESIAN_POINT('',(35.9937591021565,-0.899999999999992,7.26763337715956));
#7221=CARTESIAN_POINT('',(35.9937591021565,-0.899999999999993,5.88381668857978));
#7222=CARTESIAN_POINT('',(35.9937591021565,-1.09999999999999,7.588506488646));
#7223=CARTESIAN_POINT('',(35.9937591021565,-0.899999999999992,7.588506488646));
#7224=CARTESIAN_POINT('',(35.9937591021565,-1.09999999999999,7.26763337715956));
#7225=CARTESIAN_POINT('',(35.9937591021565,-1.09999999999999,7.588506488646));
#7226=CARTESIAN_POINT('',(35.9937591021565,-0.899999999999992,7.26763337715956));
#7227=CARTESIAN_POINT('Origin',(36.2180428867844,-0.899999999999992,7.26763337715956));
#7228=CARTESIAN_POINT('',(36.2180428867844,-0.899999999999992,7.26763337715956));
#7229=CARTESIAN_POINT('',(33.6090214433922,-0.899999999999993,7.26763337715956));
#7230=CARTESIAN_POINT('',(36.2180428867844,-1.09999999999999,7.26763337715956));
#7231=CARTESIAN_POINT('',(35.9937591021565,-1.09999999999999,7.26763337715956));
#7232=CARTESIAN_POINT('',(36.2180428867844,-0.899999999999992,7.26763337715956));
#7233=CARTESIAN_POINT('Ctrl Pts',(36.3842094605473,-0.899999999999992,7.27500036224219));
#7234=CARTESIAN_POINT('Ctrl Pts',(36.3842094605473,-1.09999999999999,7.27500036224219));
#7235=CARTESIAN_POINT('Ctrl Pts',(36.3645107145905,-0.899999999999992,7.27289078318798));
#7236=CARTESIAN_POINT('Ctrl Pts',(36.3645107145905,-1.09999999999999,7.27289078318798));
#7237=CARTESIAN_POINT('Ctrl Pts',(36.3093127331757,-0.899999999999992,7.26697951829415));
#7238=CARTESIAN_POINT('Ctrl Pts',(36.3093127331757,-1.09999999999999,7.26697951829415));
#7239=CARTESIAN_POINT('Ctrl Pts',(36.2537662516128,-0.899999999999992,7.26737745431408));
#7240=CARTESIAN_POINT('Ctrl Pts',(36.2537662516128,-1.09999999999999,7.26737745431408));
#7241=CARTESIAN_POINT('Ctrl Pts',(36.2180428867844,-0.899999999999992,7.26763337715956));
#7242=CARTESIAN_POINT('Ctrl Pts',(36.2180428867844,-1.09999999999999,7.26763337715956));
#7243=CARTESIAN_POINT('',(36.3842094605473,-0.899999999999992,7.27500036224219));
#7244=CARTESIAN_POINT('Ctrl Pts',(36.2180428867844,-0.899999999999992,7.26763337715956));
#7245=CARTESIAN_POINT('Ctrl Pts',(36.2537662516128,-0.899999999999992,7.26737745431408));
#7246=CARTESIAN_POINT('Ctrl Pts',(36.3093127331757,-0.899999999999992,7.26697951829415));
#7247=CARTESIAN_POINT('Ctrl Pts',(36.3645107145905,-0.899999999999992,7.27289078318798));
#7248=CARTESIAN_POINT('Ctrl Pts',(36.3842094605473,-0.899999999999992,7.27500036224219));
#7249=CARTESIAN_POINT('',(36.3842094605473,-1.09999999999999,7.27500036224219));
#7250=CARTESIAN_POINT('Ctrl Pts',(36.3842094605473,-1.09999999999999,7.27500036224219));
#7251=CARTESIAN_POINT('Ctrl Pts',(36.3645107145905,-1.09999999999999,7.27289078318798));
#7252=CARTESIAN_POINT('Ctrl Pts',(36.3093127331757,-1.09999999999999,7.26697951829415));
#7253=CARTESIAN_POINT('Ctrl Pts',(36.2537662516128,-1.09999999999999,7.26737745431408));
#7254=CARTESIAN_POINT('Ctrl Pts',(36.2180428867844,-1.09999999999999,7.26763337715956));
#7255=CARTESIAN_POINT('',(36.3842094605473,-0.899999999999992,7.27500036224219));
#7256=CARTESIAN_POINT('Ctrl Pts',(36.4717946117428,-0.899999999999992,7.32247650488707));
#7257=CARTESIAN_POINT('Ctrl Pts',(36.4717946117428,-1.09999999999999,7.32247650488707));
#7258=CARTESIAN_POINT('Ctrl Pts',(36.4595560195736,-0.899999999999992,7.31105012224266));
#7259=CARTESIAN_POINT('Ctrl Pts',(36.4595560195736,-1.09999999999999,7.31105012224266));
#7260=CARTESIAN_POINT('Ctrl Pts',(36.4345013342055,-0.899999999999992,7.28765818156088));
#7261=CARTESIAN_POINT('Ctrl Pts',(36.4345013342055,-1.09999999999999,7.28765818156088));
#7262=CARTESIAN_POINT('Ctrl Pts',(36.4012290562445,-0.899999999999992,7.27928397610547));
#7263=CARTESIAN_POINT('Ctrl Pts',(36.4012290562445,-1.09999999999999,7.27928397610547));
#7264=CARTESIAN_POINT('Ctrl Pts',(36.3842094605473,-0.899999999999992,7.27500036224219));
#7265=CARTESIAN_POINT('Ctrl Pts',(36.3842094605473,-1.09999999999999,7.27500036224219));
#7266=CARTESIAN_POINT('',(36.4717946117428,-0.899999999999992,7.32247650488707));
#7267=CARTESIAN_POINT('Ctrl Pts',(36.3842094605473,-0.899999999999992,7.27500036224219));
#7268=CARTESIAN_POINT('Ctrl Pts',(36.4012290562445,-0.899999999999992,7.27928397610547));
#7269=CARTESIAN_POINT('Ctrl Pts',(36.4345013342055,-0.899999999999992,7.28765818156088));
#7270=CARTESIAN_POINT('Ctrl Pts',(36.4595560195736,-0.899999999999992,7.31105012224266));
#7271=CARTESIAN_POINT('Ctrl Pts',(36.4717946117428,-0.899999999999992,7.32247650488707));
#7272=CARTESIAN_POINT('',(36.4717946117428,-1.09999999999999,7.32247650488707));
#7273=CARTESIAN_POINT('Ctrl Pts',(36.4717946117428,-1.09999999999999,7.32247650488707));
#7274=CARTESIAN_POINT('Ctrl Pts',(36.4595560195736,-1.09999999999999,7.31105012224266));
#7275=CARTESIAN_POINT('Ctrl Pts',(36.4345013342055,-1.09999999999999,7.28765818156088));
#7276=CARTESIAN_POINT('Ctrl Pts',(36.4012290562445,-1.09999999999999,7.27928397610547));
#7277=CARTESIAN_POINT('Ctrl Pts',(36.3842094605473,-1.09999999999999,7.27500036224219));
#7278=CARTESIAN_POINT('',(36.4717946117428,-0.899999999999992,7.32247650488707));
#7279=CARTESIAN_POINT('Ctrl Pts',(36.5061739748028,-0.899999999999992,7.42479570075365));
#7280=CARTESIAN_POINT('Ctrl Pts',(36.5061739748028,-1.09999999999999,7.42479570075365));
#7281=CARTESIAN_POINT('Ctrl Pts',(36.5051086349154,-0.899999999999992,7.40500092572713));
#7282=CARTESIAN_POINT('Ctrl Pts',(36.5051086349154,-1.09999999999999,7.40500092572713));
#7283=CARTESIAN_POINT('Ctrl Pts',(36.5030959257726,-0.899999999999992,7.36760335416927));
#7284=CARTESIAN_POINT('Ctrl Pts',(36.5030959257726,-1.09999999999999,7.36760335416927));
#7285=CARTESIAN_POINT('Ctrl Pts',(36.4818125567343,-0.899999999999992,7.33691929451944));
#7286=CARTESIAN_POINT('Ctrl Pts',(36.4818125567343,-1.09999999999999,7.33691929451944));
#7287=CARTESIAN_POINT('Ctrl Pts',(36.4717946117428,-0.899999999999992,7.32247650488707));
#7288=CARTESIAN_POINT('Ctrl Pts',(36.4717946117428,-1.09999999999999,7.32247650488707));
#7289=CARTESIAN_POINT('',(36.5061739748028,-0.899999999999992,7.42479570075365));
#7290=CARTESIAN_POINT('Ctrl Pts',(36.4717946117428,-0.899999999999992,7.32247650488707));
#7291=CARTESIAN_POINT('Ctrl Pts',(36.4818125567343,-0.899999999999992,7.33691929451944));
#7292=CARTESIAN_POINT('Ctrl Pts',(36.5030959257726,-0.899999999999992,7.36760335416927));
#7293=CARTESIAN_POINT('Ctrl Pts',(36.5051086349154,-0.899999999999992,7.40500092572713));
#7294=CARTESIAN_POINT('Ctrl Pts',(36.5061739748028,-0.899999999999992,7.42479570075365));
#7295=CARTESIAN_POINT('',(36.5061739748028,-1.09999999999999,7.42479570075365));
#7296=CARTESIAN_POINT('Ctrl Pts',(36.5061739748028,-1.09999999999999,7.42479570075365));
#7297=CARTESIAN_POINT('Ctrl Pts',(36.5051086349154,-1.09999999999999,7.40500092572713));
#7298=CARTESIAN_POINT('Ctrl Pts',(36.5030959257726,-1.09999999999999,7.36760335416927));
#7299=CARTESIAN_POINT('Ctrl Pts',(36.4818125567343,-1.09999999999999,7.33691929451944));
#7300=CARTESIAN_POINT('Ctrl Pts',(36.4717946117428,-1.09999999999999,7.32247650488707));
#7301=CARTESIAN_POINT('',(36.5061739748028,-0.899999999999992,7.42479570075365));
#7302=CARTESIAN_POINT('Ctrl Pts',(36.4799801176098,-0.899999999999992,7.51647375389429));
#7303=CARTESIAN_POINT('Ctrl Pts',(36.4799801176098,-1.09999999999999,7.51647375389429));
#7304=CARTESIAN_POINT('Ctrl Pts',(36.4876159899737,-0.899999999999992,7.5028770599672));
#7305=CARTESIAN_POINT('Ctrl Pts',(36.4876159899737,-1.09999999999999,7.5028770599672));
#7306=CARTESIAN_POINT('Ctrl Pts',(36.5035864160846,-0.899999999999992,7.47443957628899));
#7307=CARTESIAN_POINT('Ctrl Pts',(36.5035864160846,-1.09999999999999,7.47443957628899));
#7308=CARTESIAN_POINT('Ctrl Pts',(36.5052866608723,-0.899999999999992,7.44181935398358));
#7309=CARTESIAN_POINT('Ctrl Pts',(36.5052866608723,-1.09999999999999,7.44181935398358));
#7310=CARTESIAN_POINT('Ctrl Pts',(36.5061739748028,-0.899999999999992,7.42479570075365));
#7311=CARTESIAN_POINT('Ctrl Pts',(36.5061739748028,-1.09999999999999,7.42479570075365));
#7312=CARTESIAN_POINT('',(36.4799801176098,-0.899999999999992,7.51647375389429));
#7313=CARTESIAN_POINT('Ctrl Pts',(36.5061739748028,-0.899999999999992,7.42479570075365));
#7314=CARTESIAN_POINT('Ctrl Pts',(36.5052866608723,-0.899999999999992,7.44181935398358));
#7315=CARTESIAN_POINT('Ctrl Pts',(36.5035864160846,-0.899999999999992,7.47443957628899));
#7316=CARTESIAN_POINT('Ctrl Pts',(36.4876159899737,-0.899999999999992,7.5028770599672));
#7317=CARTESIAN_POINT('Ctrl Pts',(36.4799801176098,-0.899999999999992,7.51647375389429));
#7318=CARTESIAN_POINT('',(36.4799801176098,-1.09999999999999,7.51647375389429));
#7319=CARTESIAN_POINT('Ctrl Pts',(36.4799801176098,-1.09999999999999,7.51647375389429));
#7320=CARTESIAN_POINT('Ctrl Pts',(36.4876159899737,-1.09999999999999,7.5028770599672));
#7321=CARTESIAN_POINT('Ctrl Pts',(36.5035864160846,-1.09999999999999,7.47443957628899));
#7322=CARTESIAN_POINT('Ctrl Pts',(36.5052866608723,-1.09999999999999,7.44181935398358));
#7323=CARTESIAN_POINT('Ctrl Pts',(36.5061739748028,-1.09999999999999,7.42479570075365));
#7324=CARTESIAN_POINT('',(36.4799801176098,-0.899999999999992,7.51647375389429));
#7325=CARTESIAN_POINT('Ctrl Pts',(36.4038545554188,-0.899999999999992,7.571316807116));
#7326=CARTESIAN_POINT('Ctrl Pts',(36.4038545554188,-1.09999999999999,7.571316807116));
#7327=CARTESIAN_POINT('Ctrl Pts',(36.4193280035148,-0.899999999999992,7.56498828070952));
#7328=CARTESIAN_POINT('Ctrl Pts',(36.4193280035148,-1.09999999999999,7.56498828070952));
#7329=CARTESIAN_POINT('Ctrl Pts',(36.4491450185002,-0.899999999999992,7.5527933409955));
#7330=CARTESIAN_POINT('Ctrl Pts',(36.4491450185002,-1.09999999999999,7.5527933409955));
#7331=CARTESIAN_POINT('Ctrl Pts',(36.4699647308589,-0.899999999999992,7.52827052841282));
#7332=CARTESIAN_POINT('Ctrl Pts',(36.4699647308589,-1.09999999999999,7.52827052841282));
#7333=CARTESIAN_POINT('Ctrl Pts',(36.4799801176098,-0.899999999999992,7.51647375389429));
#7334=CARTESIAN_POINT('Ctrl Pts',(36.4799801176098,-1.09999999999999,7.51647375389429));
#7335=CARTESIAN_POINT('',(36.4038545554188,-0.899999999999992,7.571316807116));
#7336=CARTESIAN_POINT('Ctrl Pts',(36.4799801176098,-0.899999999999992,7.51647375389429));
#7337=CARTESIAN_POINT('Ctrl Pts',(36.4699647308589,-0.899999999999992,7.52827052841282));
#7338=CARTESIAN_POINT('Ctrl Pts',(36.4491450185002,-0.899999999999992,7.5527933409955));
#7339=CARTESIAN_POINT('Ctrl Pts',(36.4193280035148,-0.899999999999992,7.56498828070952));
#7340=CARTESIAN_POINT('Ctrl Pts',(36.4038545554188,-0.899999999999992,7.571316807116));
#7341=CARTESIAN_POINT('',(36.4038545554188,-1.09999999999999,7.571316807116));
#7342=CARTESIAN_POINT('Ctrl Pts',(36.4038545554188,-1.09999999999999,7.571316807116));
#7343=CARTESIAN_POINT('Ctrl Pts',(36.4193280035148,-1.09999999999999,7.56498828070952));
#7344=CARTESIAN_POINT('Ctrl Pts',(36.4491450185002,-1.09999999999999,7.5527933409955));
#7345=CARTESIAN_POINT('Ctrl Pts',(36.4699647308589,-1.09999999999999,7.52827052841282));
#7346=CARTESIAN_POINT('Ctrl Pts',(36.4799801176098,-1.09999999999999,7.51647375389429));
#7347=CARTESIAN_POINT('',(36.4038545554188,-0.899999999999992,7.571316807116));
#7348=CARTESIAN_POINT('Ctrl Pts',(36.1893934672383,-0.899999999999992,7.588506488646));
#7349=CARTESIAN_POINT('Ctrl Pts',(36.1893934672383,-1.09999999999999,7.588506488646));
#7350=CARTESIAN_POINT('Ctrl Pts',(36.2350076810387,-0.899999999999992,7.58896008086416));
#7351=CARTESIAN_POINT('Ctrl Pts',(36.2350076810387,-1.09999999999999,7.58896008086416));
#7352=CARTESIAN_POINT('Ctrl Pts',(36.3071252061918,-0.899999999999992,7.5896772246112));
#7353=CARTESIAN_POINT('Ctrl Pts',(36.3071252061918,-1.09999999999999,7.5896772246112));
#7354=CARTESIAN_POINT('Ctrl Pts',(36.3778595613553,-0.899999999999992,7.5762509759862));
#7355=CARTESIAN_POINT('Ctrl Pts',(36.3778595613553,-1.09999999999999,7.5762509759862));
#7356=CARTESIAN_POINT('Ctrl Pts',(36.4038545554188,-0.899999999999992,7.571316807116));
#7357=CARTESIAN_POINT('Ctrl Pts',(36.4038545554188,-1.09999999999999,7.571316807116));
#7358=CARTESIAN_POINT('',(36.1893934672383,-0.899999999999992,7.588506488646));
#7359=CARTESIAN_POINT('Ctrl Pts',(36.4038545554188,-0.899999999999992,7.571316807116));
#7360=CARTESIAN_POINT('Ctrl Pts',(36.3778595613553,-0.899999999999992,7.5762509759862));
#7361=CARTESIAN_POINT('Ctrl Pts',(36.3071252061918,-0.899999999999992,7.5896772246112));
#7362=CARTESIAN_POINT('Ctrl Pts',(36.2350076810387,-0.899999999999992,7.58896008086416));
#7363=CARTESIAN_POINT('Ctrl Pts',(36.1893934672383,-0.899999999999992,7.588506488646));
#7364=CARTESIAN_POINT('',(36.1893934672383,-1.09999999999999,7.588506488646));
#7365=CARTESIAN_POINT('Ctrl Pts',(36.1893934672383,-1.09999999999999,7.588506488646));
#7366=CARTESIAN_POINT('Ctrl Pts',(36.2350076810387,-1.09999999999999,7.58896008086416));
#7367=CARTESIAN_POINT('Ctrl Pts',(36.3071252061918,-1.09999999999999,7.5896772246112));
#7368=CARTESIAN_POINT('Ctrl Pts',(36.3778595613553,-1.09999999999999,7.5762509759862));
#7369=CARTESIAN_POINT('Ctrl Pts',(36.4038545554188,-1.09999999999999,7.571316807116));
#7370=CARTESIAN_POINT('',(36.1893934672383,-0.899999999999992,7.588506488646));
#7371=CARTESIAN_POINT('Origin',(35.9937591021565,-0.899999999999992,7.588506488646));
#7372=CARTESIAN_POINT('',(33.4968795510783,-0.899999999999993,7.588506488646));
#7373=CARTESIAN_POINT('',(36.1893934672383,-1.09999999999999,7.588506488646));
#7374=CARTESIAN_POINT('Origin',(36.2311398153809,-0.899999999999992,8.26545052095744));
#7375=CARTESIAN_POINT('',(35.7514672642258,-0.899999999999992,8.26545052095744));
#7376=CARTESIAN_POINT('',(36.2311398153809,-0.899999999999992,8.26545052095744));
#7377=CARTESIAN_POINT('',(33.6155699076905,-0.899999999999993,8.26545052095744));
#7378=CARTESIAN_POINT('',(35.7514672642258,-1.09999999999999,8.26545052095744));
#7379=CARTESIAN_POINT('',(35.7514672642258,-0.899999999999992,8.26545052095744));
#7380=CARTESIAN_POINT('',(36.2311398153809,-1.09999999999999,8.26545052095744));
#7381=CARTESIAN_POINT('',(35.7514672642258,-1.09999999999999,8.26545052095744));
#7382=CARTESIAN_POINT('',(36.2311398153809,-0.899999999999992,8.26545052095744));
#7383=CARTESIAN_POINT('Ctrl Pts',(36.4431453412083,-0.899999999999992,8.25317226215693));
#7384=CARTESIAN_POINT('Ctrl Pts',(36.4431453412083,-1.09999999999999,8.25317226215693));
#7385=CARTESIAN_POINT('Ctrl Pts',(36.4139135205638,-0.899999999999992,8.25672833809686));
#7386=CARTESIAN_POINT('Ctrl Pts',(36.4139135205638,-1.09999999999999,8.25672833809686));
#7387=CARTESIAN_POINT('Ctrl Pts',(36.3435341516153,-0.899999999999992,8.2652900484203));
#7388=CARTESIAN_POINT('Ctrl Pts',(36.3435341516153,-1.09999999999999,8.2652900484203));
#7389=CARTESIAN_POINT('Ctrl Pts',(36.2726073955242,-0.899999999999992,8.26539131505777));
#7390=CARTESIAN_POINT('Ctrl Pts',(36.2726073955242,-1.09999999999999,8.26539131505777));
#7391=CARTESIAN_POINT('Ctrl Pts',(36.2311398153809,-0.899999999999992,8.26545052095744));
#7392=CARTESIAN_POINT('Ctrl Pts',(36.2311398153809,-1.09999999999999,8.26545052095744));
#7393=CARTESIAN_POINT('',(36.4431453412083,-0.899999999999992,8.25317226215693));
#7394=CARTESIAN_POINT('Ctrl Pts',(36.2311398153809,-0.899999999999992,8.26545052095744));
#7395=CARTESIAN_POINT('Ctrl Pts',(36.2726073955242,-0.899999999999992,8.26539131505777));
#7396=CARTESIAN_POINT('Ctrl Pts',(36.3435341516153,-0.899999999999992,8.2652900484203));
#7397=CARTESIAN_POINT('Ctrl Pts',(36.4139135205638,-0.899999999999992,8.25672833809686));
#7398=CARTESIAN_POINT('Ctrl Pts',(36.4431453412083,-0.899999999999992,8.25317226215693));
#7399=CARTESIAN_POINT('',(36.4431453412083,-1.09999999999999,8.25317226215693));
#7400=CARTESIAN_POINT('Ctrl Pts',(36.4431453412083,-1.09999999999999,8.25317226215693));
#7401=CARTESIAN_POINT('Ctrl Pts',(36.4139135205638,-1.09999999999999,8.25672833809686));
#7402=CARTESIAN_POINT('Ctrl Pts',(36.3435341516153,-1.09999999999999,8.2652900484203));
#7403=CARTESIAN_POINT('Ctrl Pts',(36.2726073955242,-1.09999999999999,8.26539131505777));
#7404=CARTESIAN_POINT('Ctrl Pts',(36.2311398153809,-1.09999999999999,8.26545052095744));
#7405=CARTESIAN_POINT('',(36.4431453412083,-0.899999999999992,8.25317226215693));
#7406=CARTESIAN_POINT('Ctrl Pts',(36.5683839386014,-0.899999999999992,8.20405900343749));
#7407=CARTESIAN_POINT('Ctrl Pts',(36.5683839386014,-1.09999999999999,8.20405900343749));
#7408=CARTESIAN_POINT('Ctrl Pts',(36.5492502768453,-0.899999999999992,8.21555130819662));
#7409=CARTESIAN_POINT('Ctrl Pts',(36.5492502768453,-1.09999999999999,8.21555130819662));
#7410=CARTESIAN_POINT('Ctrl Pts',(36.5102796639673,-0.899999999999992,8.23895833637321));
#7411=CARTESIAN_POINT('Ctrl Pts',(36.5102796639673,-1.09999999999999,8.23895833637321));
#7412=CARTESIAN_POINT('Ctrl Pts',(36.4657910722775,-0.899999999999992,8.24837762466738));
#7413=CARTESIAN_POINT('Ctrl Pts',(36.4657910722775,-1.09999999999999,8.24837762466738));
#7414=CARTESIAN_POINT('Ctrl Pts',(36.4431453412083,-0.899999999999992,8.25317226215693));
#7415=CARTESIAN_POINT('Ctrl Pts',(36.4431453412083,-1.09999999999999,8.25317226215693));
#7416=CARTESIAN_POINT('',(36.5683839386014,-0.899999999999992,8.20405900343749));
#7417=CARTESIAN_POINT('Ctrl Pts',(36.4431453412083,-0.899999999999992,8.25317226215693));
#7418=CARTESIAN_POINT('Ctrl Pts',(36.4657910722775,-0.899999999999992,8.24837762466738));
#7419=CARTESIAN_POINT('Ctrl Pts',(36.5102796639673,-0.899999999999992,8.23895833637321));
#7420=CARTESIAN_POINT('Ctrl Pts',(36.5492502768453,-0.899999999999992,8.21555130819662));
#7421=CARTESIAN_POINT('Ctrl Pts',(36.5683839386014,-0.899999999999992,8.20405900343749));
#7422=CARTESIAN_POINT('',(36.5683839386014,-1.09999999999999,8.20405900343749));
#7423=CARTESIAN_POINT('Ctrl Pts',(36.5683839386014,-1.09999999999999,8.20405900343749));
#7424=CARTESIAN_POINT('Ctrl Pts',(36.5492502768453,-1.09999999999999,8.21555130819662));
#7425=CARTESIAN_POINT('Ctrl Pts',(36.5102796639673,-1.09999999999999,8.23895833637321));
#7426=CARTESIAN_POINT('Ctrl Pts',(36.4657910722775,-1.09999999999999,8.24837762466738));
#7427=CARTESIAN_POINT('Ctrl Pts',(36.4431453412083,-1.09999999999999,8.25317226215693));
#7428=CARTESIAN_POINT('',(36.5683839386014,-0.899999999999992,8.20405900343749));
#7429=CARTESIAN_POINT('Ctrl Pts',(36.6608805125264,-0.899999999999992,8.10337684913966));
#7430=CARTESIAN_POINT('Ctrl Pts',(36.6608805125264,-1.09999999999999,8.10337684913966));
#7431=CARTESIAN_POINT('Ctrl Pts',(36.6480250502877,-0.899999999999992,8.12318740009953));
#7432=CARTESIAN_POINT('Ctrl Pts',(36.6480250502877,-1.09999999999999,8.12318740009953));
#7433=CARTESIAN_POINT('Ctrl Pts',(36.6228548214401,-0.899999999999992,8.1619752781236));
#7434=CARTESIAN_POINT('Ctrl Pts',(36.6228548214401,-1.09999999999999,8.1619752781236));
#7435=CARTESIAN_POINT('Ctrl Pts',(36.5862789977036,-0.899999999999992,8.19023343806225));
#7436=CARTESIAN_POINT('Ctrl Pts',(36.5862789977036,-1.09999999999999,8.19023343806225));
#7437=CARTESIAN_POINT('Ctrl Pts',(36.5683839386014,-0.899999999999992,8.20405900343749));
#7438=CARTESIAN_POINT('Ctrl Pts',(36.5683839386014,-1.09999999999999,8.20405900343749));
#7439=CARTESIAN_POINT('',(36.6608805125264,-0.899999999999992,8.10337684913966));
#7440=CARTESIAN_POINT('Ctrl Pts',(36.5683839386014,-0.899999999999992,8.20405900343749));
#7441=CARTESIAN_POINT('Ctrl Pts',(36.5862789977036,-0.899999999999992,8.19023343806225));
#7442=CARTESIAN_POINT('Ctrl Pts',(36.6228548214401,-0.899999999999992,8.1619752781236));
#7443=CARTESIAN_POINT('Ctrl Pts',(36.6480250502877,-0.899999999999992,8.12318740009953));
#7444=CARTESIAN_POINT('Ctrl Pts',(36.6608805125264,-0.899999999999992,8.10337684913966));
#7445=CARTESIAN_POINT('',(36.6608805125264,-1.09999999999999,8.10337684913966));
#7446=CARTESIAN_POINT('Ctrl Pts',(36.6608805125264,-1.09999999999999,8.10337684913966));
#7447=CARTESIAN_POINT('Ctrl Pts',(36.6480250502877,-1.09999999999999,8.12318740009953));
#7448=CARTESIAN_POINT('Ctrl Pts',(36.6228548214401,-1.09999999999999,8.1619752781236));
#7449=CARTESIAN_POINT('Ctrl Pts',(36.5862789977036,-1.09999999999999,8.19023343806225));
#7450=CARTESIAN_POINT('Ctrl Pts',(36.5683839386014,-1.09999999999999,8.20405900343749));
#7451=CARTESIAN_POINT('',(36.6608805125264,-0.899999999999992,8.10337684913966));
#7452=CARTESIAN_POINT('Ctrl Pts',(36.6977155869511,-0.899999999999992,7.96340413256976));
#7453=CARTESIAN_POINT('Ctrl Pts',(36.6977155869511,-1.09999999999999,7.96340413256976));
#7454=CARTESIAN_POINT('Ctrl Pts',(36.6963022214151,-0.899999999999992,7.98846947979056));
#7455=CARTESIAN_POINT('Ctrl Pts',(36.6963022214151,-1.09999999999999,7.98846947979056));
#7456=CARTESIAN_POINT('Ctrl Pts',(36.6935287812569,-0.899999999999992,8.03765508591247));
#7457=CARTESIAN_POINT('Ctrl Pts',(36.6935287812569,-1.09999999999999,8.03765508591247));
#7458=CARTESIAN_POINT('Ctrl Pts',(36.6716229639552,-0.899999999999992,8.08175203175323));
#7459=CARTESIAN_POINT('Ctrl Pts',(36.6716229639552,-1.09999999999999,8.08175203175323));
#7460=CARTESIAN_POINT('Ctrl Pts',(36.6608805125264,-0.899999999999992,8.10337684913966));
#7461=CARTESIAN_POINT('Ctrl Pts',(36.6608805125264,-1.09999999999999,8.10337684913966));
#7462=CARTESIAN_POINT('',(36.6977155869511,-0.899999999999992,7.96340413256976));
#7463=CARTESIAN_POINT('Ctrl Pts',(36.6608805125264,-0.899999999999992,8.10337684913966));
#7464=CARTESIAN_POINT('Ctrl Pts',(36.6716229639552,-0.899999999999992,8.08175203175323));
#7465=CARTESIAN_POINT('Ctrl Pts',(36.6935287812569,-0.899999999999992,8.03765508591247));
#7466=CARTESIAN_POINT('Ctrl Pts',(36.6963022214151,-0.899999999999992,7.98846947979056));
#7467=CARTESIAN_POINT('Ctrl Pts',(36.6977155869511,-0.899999999999992,7.96340413256976));
#7468=CARTESIAN_POINT('',(36.6977155869511,-1.09999999999999,7.96340413256976));
#7469=CARTESIAN_POINT('Ctrl Pts',(36.6977155869511,-1.09999999999999,7.96340413256976));
#7470=CARTESIAN_POINT('Ctrl Pts',(36.6963022214151,-1.09999999999999,7.98846947979056));
#7471=CARTESIAN_POINT('Ctrl Pts',(36.6935287812569,-1.09999999999999,8.03765508591247));
#7472=CARTESIAN_POINT('Ctrl Pts',(36.6716229639552,-1.09999999999999,8.08175203175323));
#7473=CARTESIAN_POINT('Ctrl Pts',(36.6608805125264,-1.09999999999999,8.10337684913966));
#7474=CARTESIAN_POINT('',(36.6977155869511,-0.899999999999992,7.96340413256976));
#7475=CARTESIAN_POINT('Ctrl Pts',(36.651876485875,-0.899999999999992,7.8086974458346));
#7476=CARTESIAN_POINT('Ctrl Pts',(36.651876485875,-1.09999999999999,7.8086974458346));
#7477=CARTESIAN_POINT('Ctrl Pts',(36.6652462387212,-0.899999999999992,7.83275606982087));
#7478=CARTESIAN_POINT('Ctrl Pts',(36.6652462387212,-1.09999999999999,7.83275606982087));
#7479=CARTESIAN_POINT('Ctrl Pts',(36.6920116759021,-0.899999999999992,7.88091998102947));
#7480=CARTESIAN_POINT('Ctrl Pts',(36.6920116759021,-1.09999999999999,7.88091998102947));
#7481=CARTESIAN_POINT('Ctrl Pts',(36.6958130556223,-0.899999999999992,7.93589166242566));
#7482=CARTESIAN_POINT('Ctrl Pts',(36.6958130556223,-1.09999999999999,7.93589166242566));
#7483=CARTESIAN_POINT('Ctrl Pts',(36.6977155869511,-0.899999999999992,7.96340413256976));
#7484=CARTESIAN_POINT('Ctrl Pts',(36.6977155869511,-1.09999999999999,7.96340413256976));
#7485=CARTESIAN_POINT('',(36.651876485875,-0.899999999999992,7.8086974458346));
#7486=CARTESIAN_POINT('Ctrl Pts',(36.6977155869511,-0.899999999999992,7.96340413256976));
#7487=CARTESIAN_POINT('Ctrl Pts',(36.6958130556223,-0.899999999999992,7.93589166242566));
#7488=CARTESIAN_POINT('Ctrl Pts',(36.6920116759021,-0.899999999999992,7.88091998102947));
#7489=CARTESIAN_POINT('Ctrl Pts',(36.6652462387212,-0.899999999999992,7.83275606982087));
#7490=CARTESIAN_POINT('Ctrl Pts',(36.651876485875,-0.899999999999992,7.8086974458346));
#7491=CARTESIAN_POINT('',(36.651876485875,-1.09999999999999,7.8086974458346));
#7492=CARTESIAN_POINT('Ctrl Pts',(36.651876485875,-1.09999999999999,7.8086974458346));
#7493=CARTESIAN_POINT('Ctrl Pts',(36.6652462387212,-1.09999999999999,7.83275606982087));
#7494=CARTESIAN_POINT('Ctrl Pts',(36.6920116759021,-1.09999999999999,7.88091998102947));
#7495=CARTESIAN_POINT('Ctrl Pts',(36.6958130556223,-1.09999999999999,7.93589166242566));
#7496=CARTESIAN_POINT('Ctrl Pts',(36.6977155869511,-1.09999999999999,7.96340413256976));
#7497=CARTESIAN_POINT('',(36.651876485875,-0.899999999999992,7.8086974458346));
#7498=CARTESIAN_POINT('Ctrl Pts',(36.5290934508351,-0.899999999999992,7.70310401781889));
#7499=CARTESIAN_POINT('Ctrl Pts',(36.5290934508351,-1.09999999999999,7.70310401781889));
#7500=CARTESIAN_POINT('Ctrl Pts',(36.5536070206464,-0.899999999999992,7.71623608950943));
#7501=CARTESIAN_POINT('Ctrl Pts',(36.5536070206464,-1.09999999999999,7.71623608950943));
#7502=CARTESIAN_POINT('Ctrl Pts',(36.6023581092229,-0.899999999999992,7.74235235062962));
#7503=CARTESIAN_POINT('Ctrl Pts',(36.6023581092229,-1.09999999999999,7.74235235062962));
#7504=CARTESIAN_POINT('Ctrl Pts',(36.6354327883304,-0.899999999999992,7.78666605561387));
#7505=CARTESIAN_POINT('Ctrl Pts',(36.6354327883304,-1.09999999999999,7.78666605561387));
#7506=CARTESIAN_POINT('Ctrl Pts',(36.651876485875,-0.899999999999992,7.8086974458346));
#7507=CARTESIAN_POINT('Ctrl Pts',(36.651876485875,-1.09999999999999,7.8086974458346));
#7508=CARTESIAN_POINT('',(36.5290934508351,-0.899999999999992,7.70310401781889));
#7509=CARTESIAN_POINT('Ctrl Pts',(36.651876485875,-0.899999999999992,7.8086974458346));
#7510=CARTESIAN_POINT('Ctrl Pts',(36.6354327883304,-0.899999999999992,7.78666605561387));
#7511=CARTESIAN_POINT('Ctrl Pts',(36.6023581092229,-0.899999999999992,7.74235235062962));
#7512=CARTESIAN_POINT('Ctrl Pts',(36.5536070206464,-0.899999999999992,7.71623608950943));
#7513=CARTESIAN_POINT('Ctrl Pts',(36.5290934508351,-0.899999999999992,7.70310401781889));
#7514=CARTESIAN_POINT('',(36.5290934508351,-1.09999999999999,7.70310401781889));
#7515=CARTESIAN_POINT('Ctrl Pts',(36.5290934508351,-1.09999999999999,7.70310401781889));
#7516=CARTESIAN_POINT('Ctrl Pts',(36.5536070206464,-1.09999999999999,7.71623608950943));
#7517=CARTESIAN_POINT('Ctrl Pts',(36.6023581092229,-1.09999999999999,7.74235235062962));
#7518=CARTESIAN_POINT('Ctrl Pts',(36.6354327883304,-1.09999999999999,7.78666605561387));
#7519=CARTESIAN_POINT('Ctrl Pts',(36.651876485875,-1.09999999999999,7.8086974458346));
#7520=CARTESIAN_POINT('',(36.5290934508351,-0.899999999999992,7.70310401781889));
#7521=CARTESIAN_POINT('Ctrl Pts',(36.6977155869511,-0.899999999999992,7.59423635765406));
#7522=CARTESIAN_POINT('Ctrl Pts',(36.6977155869511,-1.09999999999999,7.59423635765406));
#7523=CARTESIAN_POINT('Ctrl Pts',(36.6752080675998,-0.899999999999992,7.61821682596657));
#7524=CARTESIAN_POINT('Ctrl Pts',(36.6752080675998,-1.09999999999999,7.61821682596657));
#7525=CARTESIAN_POINT('Ctrl Pts',(36.6281110452908,-0.899999999999992,7.66839599646814));
#7526=CARTESIAN_POINT('Ctrl Pts',(36.6281110452908,-1.09999999999999,7.66839599646814));
#7527=CARTESIAN_POINT('Ctrl Pts',(36.5630579012346,-0.899999999999992,7.69119867032875));
#7528=CARTESIAN_POINT('Ctrl Pts',(36.5630579012346,-1.09999999999999,7.69119867032875));
#7529=CARTESIAN_POINT('Ctrl Pts',(36.5290934508351,-0.899999999999992,7.70310401781889));
#7530=CARTESIAN_POINT('Ctrl Pts',(36.5290934508351,-1.09999999999999,7.70310401781889));
#7531=CARTESIAN_POINT('',(36.6977155869511,-0.899999999999992,7.59423635765406));
#7532=CARTESIAN_POINT('Ctrl Pts',(36.5290934508351,-0.899999999999992,7.70310401781889));
#7533=CARTESIAN_POINT('Ctrl Pts',(36.5630579012346,-0.899999999999992,7.69119867032875));
#7534=CARTESIAN_POINT('Ctrl Pts',(36.6281110452908,-0.899999999999992,7.66839599646814));
#7535=CARTESIAN_POINT('Ctrl Pts',(36.6752080675998,-0.899999999999992,7.61821682596657));
#7536=CARTESIAN_POINT('Ctrl Pts',(36.6977155869511,-0.899999999999992,7.59423635765406));
#7537=CARTESIAN_POINT('',(36.6977155869511,-1.09999999999999,7.59423635765406));
#7538=CARTESIAN_POINT('Ctrl Pts',(36.6977155869511,-1.09999999999999,7.59423635765406));
#7539=CARTESIAN_POINT('Ctrl Pts',(36.6752080675998,-1.09999999999999,7.61821682596657));
#7540=CARTESIAN_POINT('Ctrl Pts',(36.6281110452908,-1.09999999999999,7.66839599646814));
#7541=CARTESIAN_POINT('Ctrl Pts',(36.5630579012346,-1.09999999999999,7.69119867032875));
#7542=CARTESIAN_POINT('Ctrl Pts',(36.5290934508351,-1.09999999999999,7.70310401781889));
#7543=CARTESIAN_POINT('',(36.6977155869511,-0.899999999999992,7.59423635765406));
#7544=CARTESIAN_POINT('Ctrl Pts',(36.7566514676121,-0.899999999999992,7.41333596273753));
#7545=CARTESIAN_POINT('Ctrl Pts',(36.7566514676121,-1.09999999999999,7.41333596273753));
#7546=CARTESIAN_POINT('Ctrl Pts',(36.7543876040333,-0.899999999999992,7.44660901211484));
#7547=CARTESIAN_POINT('Ctrl Pts',(36.7543876040333,-1.09999999999999,7.44660901211484));
#7548=CARTESIAN_POINT('Ctrl Pts',(36.7499441930807,-0.899999999999992,7.51191587663292));
#7549=CARTESIAN_POINT('Ctrl Pts',(36.7499441930807,-1.09999999999999,7.51191587663292));
#7550=CARTESIAN_POINT('Ctrl Pts',(36.7149034833134,-0.899999999999992,7.56714553518834));
#7551=CARTESIAN_POINT('Ctrl Pts',(36.7149034833134,-1.09999999999999,7.56714553518834));
#7552=CARTESIAN_POINT('Ctrl Pts',(36.6977155869511,-0.899999999999992,7.59423635765406));
#7553=CARTESIAN_POINT('Ctrl Pts',(36.6977155869511,-1.09999999999999,7.59423635765406));
#7554=CARTESIAN_POINT('',(36.7566514676121,-0.899999999999992,7.41333596273753));
#7555=CARTESIAN_POINT('Ctrl Pts',(36.6977155869511,-0.899999999999992,7.59423635765406));
#7556=CARTESIAN_POINT('Ctrl Pts',(36.7149034833134,-0.899999999999992,7.56714553518834));
#7557=CARTESIAN_POINT('Ctrl Pts',(36.7499441930807,-0.899999999999992,7.51191587663292));
#7558=CARTESIAN_POINT('Ctrl Pts',(36.7543876040333,-0.899999999999992,7.44660901211484));
#7559=CARTESIAN_POINT('Ctrl Pts',(36.7566514676121,-0.899999999999992,7.41333596273753));
#7560=CARTESIAN_POINT('',(36.7566514676121,-1.09999999999999,7.41333596273753));
#7561=CARTESIAN_POINT('Ctrl Pts',(36.7566514676121,-1.09999999999999,7.41333596273753));
#7562=CARTESIAN_POINT('Ctrl Pts',(36.7543876040333,-1.09999999999999,7.44660901211484));
#7563=CARTESIAN_POINT('Ctrl Pts',(36.7499441930807,-1.09999999999999,7.51191587663292));
#7564=CARTESIAN_POINT('Ctrl Pts',(36.7149034833134,-1.09999999999999,7.56714553518834));
#7565=CARTESIAN_POINT('Ctrl Pts',(36.6977155869511,-1.09999999999999,7.59423635765406));
#7566=CARTESIAN_POINT('',(36.7566514676121,-0.899999999999992,7.41333596273753));
#7567=CARTESIAN_POINT('Ctrl Pts',(36.7181793516186,-0.899999999999992,7.25371792777869));
#7568=CARTESIAN_POINT('Ctrl Pts',(36.7181793516186,-1.09999999999999,7.25371792777869));
#7569=CARTESIAN_POINT('Ctrl Pts',(36.7293996027132,-0.899999999999992,7.27959669553036));
#7570=CARTESIAN_POINT('Ctrl Pts',(36.7293996027132,-1.09999999999999,7.27959669553036));
#7571=CARTESIAN_POINT('Ctrl Pts',(36.7515056585262,-0.899999999999992,7.33058285256658));
#7572=CARTESIAN_POINT('Ctrl Pts',(36.7515056585262,-1.09999999999999,7.33058285256658));
#7573=CARTESIAN_POINT('Ctrl Pts',(36.7549535860157,-0.899999999999992,7.3860312220331));
#7574=CARTESIAN_POINT('Ctrl Pts',(36.7549535860157,-1.09999999999999,7.3860312220331));
#7575=CARTESIAN_POINT('Ctrl Pts',(36.7566514676121,-0.899999999999992,7.41333596273753));
#7576=CARTESIAN_POINT('Ctrl Pts',(36.7566514676121,-1.09999999999999,7.41333596273753));
#7577=CARTESIAN_POINT('',(36.7181793516186,-0.899999999999992,7.25371792777869));
#7578=CARTESIAN_POINT('Ctrl Pts',(36.7566514676121,-0.899999999999992,7.41333596273753));
#7579=CARTESIAN_POINT('Ctrl Pts',(36.7549535860157,-0.899999999999992,7.3860312220331));
#7580=CARTESIAN_POINT('Ctrl Pts',(36.7515056585262,-0.899999999999992,7.33058285256658));
#7581=CARTESIAN_POINT('Ctrl Pts',(36.7293996027132,-0.899999999999992,7.27959669553036));
#7582=CARTESIAN_POINT('Ctrl Pts',(36.7181793516186,-0.899999999999992,7.25371792777869));
#7583=CARTESIAN_POINT('',(36.7181793516186,-1.09999999999999,7.25371792777869));
#7584=CARTESIAN_POINT('Ctrl Pts',(36.7181793516186,-1.09999999999999,7.25371792777869));
#7585=CARTESIAN_POINT('Ctrl Pts',(36.7293996027132,-1.09999999999999,7.27959669553036));
#7586=CARTESIAN_POINT('Ctrl Pts',(36.7515056585262,-1.09999999999999,7.33058285256658));
#7587=CARTESIAN_POINT('Ctrl Pts',(36.7549535860157,-1.09999999999999,7.3860312220331));
#7588=CARTESIAN_POINT('Ctrl Pts',(36.7566514676121,-1.09999999999999,7.41333596273753));
#7589=CARTESIAN_POINT('',(36.7181793516186,-0.899999999999992,7.25371792777869));
#7590=CARTESIAN_POINT('Ctrl Pts',(36.6142230396775,-0.899999999999992,7.13011637195441));
#7591=CARTESIAN_POINT('Ctrl Pts',(36.6142230396775,-1.09999999999999,7.13011637195441));
#7592=CARTESIAN_POINT('Ctrl Pts',(36.6352178067297,-0.899999999999992,7.1471111293987));
#7593=CARTESIAN_POINT('Ctrl Pts',(36.6352178067297,-1.09999999999999,7.1471111293987));
#7594=CARTESIAN_POINT('Ctrl Pts',(36.677822062546,-0.899999999999992,7.18159824668343));
#7595=CARTESIAN_POINT('Ctrl Pts',(36.677822062546,-1.09999999999999,7.18159824668343));
#7596=CARTESIAN_POINT('Ctrl Pts',(36.7045981410777,-0.899999999999992,7.22944789885443));
#7597=CARTESIAN_POINT('Ctrl Pts',(36.7045981410777,-1.09999999999999,7.22944789885443));
#7598=CARTESIAN_POINT('Ctrl Pts',(36.7181793516186,-0.899999999999992,7.25371792777869));
#7599=CARTESIAN_POINT('Ctrl Pts',(36.7181793516186,-1.09999999999999,7.25371792777869));
#7600=CARTESIAN_POINT('',(36.6142230396775,-0.899999999999992,7.13011637195441));
#7601=CARTESIAN_POINT('Ctrl Pts',(36.7181793516186,-0.899999999999992,7.25371792777869));
#7602=CARTESIAN_POINT('Ctrl Pts',(36.7045981410777,-0.899999999999992,7.22944789885443));
#7603=CARTESIAN_POINT('Ctrl Pts',(36.677822062546,-0.899999999999992,7.18159824668343));
#7604=CARTESIAN_POINT('Ctrl Pts',(36.6352178067297,-0.899999999999992,7.1471111293987));
#7605=CARTESIAN_POINT('Ctrl Pts',(36.6142230396775,-0.899999999999992,7.13011637195441));
#7606=CARTESIAN_POINT('',(36.6142230396775,-1.09999999999999,7.13011637195441));
#7607=CARTESIAN_POINT('Ctrl Pts',(36.6142230396775,-1.09999999999999,7.13011637195441));
#7608=CARTESIAN_POINT('Ctrl Pts',(36.6352178067297,-1.09999999999999,7.1471111293987));
#7609=CARTESIAN_POINT('Ctrl Pts',(36.677822062546,-1.09999999999999,7.18159824668343));
#7610=CARTESIAN_POINT('Ctrl Pts',(36.7045981410777,-1.09999999999999,7.22944789885443));
#7611=CARTESIAN_POINT('Ctrl Pts',(36.7181793516186,-1.09999999999999,7.25371792777869));
#7612=CARTESIAN_POINT('',(36.6142230396775,-0.899999999999992,7.13011637195441));
#7613=CARTESIAN_POINT('Ctrl Pts',(36.4521493678597,-0.899999999999992,7.07363605364653));
#7614=CARTESIAN_POINT('Ctrl Pts',(36.4521493678597,-1.09999999999999,7.07363605364653));
#7615=CARTESIAN_POINT('Ctrl Pts',(36.4824261317006,-0.899999999999992,7.07822617958716));
#7616=CARTESIAN_POINT('Ctrl Pts',(36.4824261317006,-1.09999999999999,7.07822617958716));
#7617=CARTESIAN_POINT('Ctrl Pts',(36.540041078514,-0.899999999999992,7.08696092625055));
#7618=CARTESIAN_POINT('Ctrl Pts',(36.540041078514,-1.09999999999999,7.08696092625055));
#7619=CARTESIAN_POINT('Ctrl Pts',(36.5903510524692,-0.899999999999992,7.11622881449904));
#7620=CARTESIAN_POINT('Ctrl Pts',(36.5903510524692,-1.09999999999999,7.11622881449904));
#7621=CARTESIAN_POINT('Ctrl Pts',(36.6142230396775,-0.899999999999992,7.13011637195441));
#7622=CARTESIAN_POINT('Ctrl Pts',(36.6142230396775,-1.09999999999999,7.13011637195441));
#7623=CARTESIAN_POINT('',(36.4521493678597,-0.899999999999992,7.07363605364653));
#7624=CARTESIAN_POINT('Ctrl Pts',(36.6142230396775,-0.899999999999992,7.13011637195441));
#7625=CARTESIAN_POINT('Ctrl Pts',(36.5903510524692,-0.899999999999992,7.11622881449904));
#7626=CARTESIAN_POINT('Ctrl Pts',(36.540041078514,-0.899999999999992,7.08696092625055));
#7627=CARTESIAN_POINT('Ctrl Pts',(36.4824261317006,-0.899999999999992,7.07822617958716));
#7628=CARTESIAN_POINT('Ctrl Pts',(36.4521493678597,-0.899999999999992,7.07363605364653));
#7629=CARTESIAN_POINT('',(36.4521493678597,-1.09999999999999,7.07363605364653));
#7630=CARTESIAN_POINT('Ctrl Pts',(36.4521493678597,-1.09999999999999,7.07363605364653));
#7631=CARTESIAN_POINT('Ctrl Pts',(36.4824261317006,-1.09999999999999,7.07822617958716));
#7632=CARTESIAN_POINT('Ctrl Pts',(36.540041078514,-1.09999999999999,7.08696092625055));
#7633=CARTESIAN_POINT('Ctrl Pts',(36.5903510524692,-1.09999999999999,7.11622881449904));
#7634=CARTESIAN_POINT('Ctrl Pts',(36.6142230396775,-1.09999999999999,7.13011637195441));
#7635=CARTESIAN_POINT('',(36.4521493678597,-0.899999999999992,7.07363605364653));
#7636=CARTESIAN_POINT('Ctrl Pts',(36.1599255269078,-0.899999999999992,7.06545054777953));
#7637=CARTESIAN_POINT('Ctrl Pts',(36.1599255269078,-1.09999999999999,7.06545054777953));
#7638=CARTESIAN_POINT('Ctrl Pts',(36.2229105293144,-0.899999999999992,7.06566812459543));
#7639=CARTESIAN_POINT('Ctrl Pts',(36.2229105293144,-1.09999999999999,7.06566812459543));
#7640=CARTESIAN_POINT('Ctrl Pts',(36.3203981581931,-0.899999999999992,7.06600488806406));
#7641=CARTESIAN_POINT('Ctrl Pts',(36.3203981581931,-1.09999999999999,7.06600488806406));
#7642=CARTESIAN_POINT('Ctrl Pts',(36.4177092286063,-0.899999999999992,7.07164124535603));
#7643=CARTESIAN_POINT('Ctrl Pts',(36.4177092286063,-1.09999999999999,7.07164124535603));
#7644=CARTESIAN_POINT('Ctrl Pts',(36.4521493678597,-0.899999999999992,7.07363605364653));
#7645=CARTESIAN_POINT('Ctrl Pts',(36.4521493678597,-1.09999999999999,7.07363605364653));
#7646=CARTESIAN_POINT('',(36.1599255269078,-0.899999999999992,7.06545054777953));
#7647=CARTESIAN_POINT('Ctrl Pts',(36.4521493678597,-0.899999999999992,7.07363605364653));
#7648=CARTESIAN_POINT('Ctrl Pts',(36.4177092286063,-0.899999999999992,7.07164124535603));
#7649=CARTESIAN_POINT('Ctrl Pts',(36.3203981581931,-0.899999999999992,7.06600488806406));
#7650=CARTESIAN_POINT('Ctrl Pts',(36.2229105293144,-0.899999999999992,7.06566812459543));
#7651=CARTESIAN_POINT('Ctrl Pts',(36.1599255269078,-0.899999999999992,7.06545054777953));
#7652=CARTESIAN_POINT('',(36.1599255269078,-1.09999999999999,7.06545054777953));
#7653=CARTESIAN_POINT('Ctrl Pts',(36.1599255269078,-1.09999999999999,7.06545054777953));
#7654=CARTESIAN_POINT('Ctrl Pts',(36.2229105293144,-1.09999999999999,7.06566812459543));
#7655=CARTESIAN_POINT('Ctrl Pts',(36.3203981581931,-1.09999999999999,7.06600488806406));
#7656=CARTESIAN_POINT('Ctrl Pts',(36.4177092286063,-1.09999999999999,7.07164124535603));
#7657=CARTESIAN_POINT('Ctrl Pts',(36.4521493678597,-1.09999999999999,7.07363605364653));
#7658=CARTESIAN_POINT('',(36.1599255269078,-0.899999999999992,7.06545054777953));
#7659=CARTESIAN_POINT('Origin',(35.7514672642258,-0.899999999999993,7.06545054777953));
#7660=CARTESIAN_POINT('',(35.7514672642258,-0.899999999999992,7.06545054777953));
#7661=CARTESIAN_POINT('',(33.3757336321129,-0.899999999999993,7.06545054777953));
#7662=CARTESIAN_POINT('',(35.7514672642258,-1.09999999999999,7.06545054777953));
#7663=CARTESIAN_POINT('',(36.1599255269078,-1.09999999999999,7.06545054777953));
#7664=CARTESIAN_POINT('',(35.7514672642258,-0.899999999999992,7.06545054777953));
#7665=CARTESIAN_POINT('Origin',(35.7514672642258,-0.899999999999992,8.26545052095744));
#7666=CARTESIAN_POINT('',(35.7514672642258,-0.899999999999993,6.38272526047872));
#7667=CARTESIAN_POINT('',(35.7514672642258,-1.09999999999999,7.06545054777953));
#7668=CARTESIAN_POINT('Origin',(38.0986702590865,-1.09999999999999,7.66545049711558));
#7669=CARTESIAN_POINT('Origin',(35.3164554082287,-0.899999999999994,1.85379637201685));
#7670=CARTESIAN_POINT('',(34.5249138357206,-0.899999999999994,1.85368666457991));
#7671=CARTESIAN_POINT('',(35.3164554082287,-0.899999999999994,1.85379637201685));
#7672=CARTESIAN_POINT('',(33.1584111271054,-0.899999999999994,1.85349726769293));
#7673=CARTESIAN_POINT('',(34.5249138357206,-1.09999999999999,1.85368666457991));
#7674=CARTESIAN_POINT('',(34.5249138357206,-0.899999999999994,1.85368666457991));
#7675=CARTESIAN_POINT('',(35.3164554082287,-1.09999999999999,1.85379637201685));
#7676=CARTESIAN_POINT('',(34.5249138357206,-1.09999999999999,1.85368666457991));
#7677=CARTESIAN_POINT('',(35.3164554082287,-0.899999999999994,1.85379637201685));
#7678=CARTESIAN_POINT('Origin',(35.3164922799085,-0.899999999999994,1.58776639081313));
#7679=CARTESIAN_POINT('',(35.3164922799085,-0.899999999999994,1.58776639081313));
#7680=CARTESIAN_POINT('',(35.3162904210775,-0.899999999999993,3.04418229973051));
#7681=CARTESIAN_POINT('',(35.3164922799085,-1.09999999999999,1.58776639081313));
#7682=CARTESIAN_POINT('',(35.3164554082287,-1.09999999999999,1.85379637201685));
#7683=CARTESIAN_POINT('',(35.3164922799085,-0.899999999999994,1.58776639081313));
#7684=CARTESIAN_POINT('Origin',(34.7803395273539,-0.899999999999994,1.58769208019403));
#7685=CARTESIAN_POINT('',(34.7803395273539,-0.899999999999994,1.58769208019403));
#7686=CARTESIAN_POINT('',(32.8903716225079,-0.899999999999994,1.58743013117966));
#7687=CARTESIAN_POINT('',(34.7803395273539,-1.09999999999999,1.58769208019403));
#7688=CARTESIAN_POINT('',(35.3164922799085,-1.09999999999999,1.58776639081313));
#7689=CARTESIAN_POINT('',(34.7803395273539,-0.899999999999994,1.58769208019403));
#7690=CARTESIAN_POINT('Origin',(34.7517151046322,-0.899999999999994,1.40760623699535));
#7691=CARTESIAN_POINT('',(34.7517151046322,-0.899999999999994,1.40760623699535));
#7692=CARTESIAN_POINT('',(34.9451998580978,-0.899999999999994,2.62488371059461));
#7693=CARTESIAN_POINT('',(34.7517151046322,-1.09999999999999,1.40760623699535));
#7694=CARTESIAN_POINT('',(34.7803395273539,-1.09999999999999,1.58769208019403));
#7695=CARTESIAN_POINT('',(34.7517151046322,-0.899999999999994,1.40760623699535));
#7696=CARTESIAN_POINT('Ctrl Pts',(34.8613958761201,-0.899999999999994,1.44691200136855));
#7697=CARTESIAN_POINT('Ctrl Pts',(34.8613958761201,-1.09999999999999,1.44691200136855));
#7698=CARTESIAN_POINT('Ctrl Pts',(34.8430952678269,-0.899999999999994,1.44189168203132));
#7699=CARTESIAN_POINT('Ctrl Pts',(34.8430952678269,-1.09999999999999,1.44189168203132));
#7700=CARTESIAN_POINT('Ctrl Pts',(34.8055361909216,-0.899999999999994,1.43158827806482));
#7701=CARTESIAN_POINT('Ctrl Pts',(34.8055361909216,-1.09999999999999,1.43158827806482));
#7702=CARTESIAN_POINT('Ctrl Pts',(34.7699579148687,-0.899999999999994,1.41573501800808));
#7703=CARTESIAN_POINT('Ctrl Pts',(34.7699579148687,-1.09999999999999,1.41573501800808));
#7704=CARTESIAN_POINT('Ctrl Pts',(34.7517151046322,-0.899999999999994,1.40760623699535));
#7705=CARTESIAN_POINT('Ctrl Pts',(34.7517151046322,-1.09999999999999,1.40760623699535));
#7706=CARTESIAN_POINT('',(34.8613958761201,-0.899999999999994,1.44691200136855));
#7707=CARTESIAN_POINT('Ctrl Pts',(34.7517151046322,-0.899999999999994,1.40760623699535));
#7708=CARTESIAN_POINT('Ctrl Pts',(34.7699579148687,-0.899999999999994,1.41573501800808));
#7709=CARTESIAN_POINT('Ctrl Pts',(34.8055361909216,-0.899999999999994,1.43158827806482));
#7710=CARTESIAN_POINT('Ctrl Pts',(34.8430952678269,-0.899999999999994,1.44189168203132));
#7711=CARTESIAN_POINT('Ctrl Pts',(34.8613958761201,-0.899999999999994,1.44691200136855));
#7712=CARTESIAN_POINT('',(34.8613958761201,-1.09999999999999,1.44691200136855));
#7713=CARTESIAN_POINT('Ctrl Pts',(34.8613958761201,-1.09999999999999,1.44691200136855));
#7714=CARTESIAN_POINT('Ctrl Pts',(34.8430952678269,-1.09999999999999,1.44189168203132));
#7715=CARTESIAN_POINT('Ctrl Pts',(34.8055361909216,-1.09999999999999,1.43158827806482));
#7716=CARTESIAN_POINT('Ctrl Pts',(34.7699579148687,-1.09999999999999,1.41573501800808));
#7717=CARTESIAN_POINT('Ctrl Pts',(34.7517151046322,-1.09999999999999,1.40760623699535));
#7718=CARTESIAN_POINT('',(34.8613958761201,-0.899999999999994,1.44691200136855));
#7719=CARTESIAN_POINT('Ctrl Pts',(34.9694430874838,-0.899999999999994,1.46002383089782));
#7720=CARTESIAN_POINT('Ctrl Pts',(34.9694430874838,-1.09999999999999,1.46002383089782));
#7721=CARTESIAN_POINT('Ctrl Pts',(34.9515095334466,-0.899999999999994,1.45944433604248));
#7722=CARTESIAN_POINT('Ctrl Pts',(34.9515095334466,-1.09999999999999,1.45944433604248));
#7723=CARTESIAN_POINT('Ctrl Pts',(34.9151089439956,-0.899999999999994,1.45826810771236));
#7724=CARTESIAN_POINT('Ctrl Pts',(34.9151089439956,-1.09999999999999,1.45826810771236));
#7725=CARTESIAN_POINT('Ctrl Pts',(34.8794743172607,-0.899999999999994,1.4507341755292));
#7726=CARTESIAN_POINT('Ctrl Pts',(34.8794743172607,-1.09999999999999,1.4507341755292));
#7727=CARTESIAN_POINT('Ctrl Pts',(34.8613958761201,-0.899999999999994,1.44691200136855));
#7728=CARTESIAN_POINT('Ctrl Pts',(34.8613958761201,-1.09999999999999,1.44691200136855));
#7729=CARTESIAN_POINT('',(34.9694430874838,-0.899999999999994,1.46002383089782));
#7730=CARTESIAN_POINT('Ctrl Pts',(34.8613958761201,-0.899999999999994,1.44691200136855));
#7731=CARTESIAN_POINT('Ctrl Pts',(34.8794743172607,-0.899999999999994,1.4507341755292));
#7732=CARTESIAN_POINT('Ctrl Pts',(34.9151089439956,-0.899999999999994,1.45826810771236));
#7733=CARTESIAN_POINT('Ctrl Pts',(34.9515095334466,-0.899999999999994,1.45944433604248));
#7734=CARTESIAN_POINT('Ctrl Pts',(34.9694430874838,-0.899999999999994,1.46002383089782));
#7735=CARTESIAN_POINT('',(34.9694430874838,-1.09999999999999,1.46002383089782));
#7736=CARTESIAN_POINT('Ctrl Pts',(34.9694430874838,-1.09999999999999,1.46002383089782));
#7737=CARTESIAN_POINT('Ctrl Pts',(34.9515095334466,-1.09999999999999,1.45944433604248));
#7738=CARTESIAN_POINT('Ctrl Pts',(34.9151089439956,-1.09999999999999,1.45826810771236));
#7739=CARTESIAN_POINT('Ctrl Pts',(34.8794743172607,-1.09999999999999,1.4507341755292));
#7740=CARTESIAN_POINT('Ctrl Pts',(34.8613958761201,-1.09999999999999,1.44691200136855));
#7741=CARTESIAN_POINT('',(34.9694430874838,-0.899999999999994,1.46002383089782));
#7742=CARTESIAN_POINT('Ctrl Pts',(35.2616819401497,-0.899999999999994,1.35119667390923));
#7743=CARTESIAN_POINT('Ctrl Pts',(35.2616819401497,-1.09999999999999,1.35119667390923));
#7744=CARTESIAN_POINT('Ctrl Pts',(35.2203613323126,-0.899999999999994,1.38293038581747));
#7745=CARTESIAN_POINT('Ctrl Pts',(35.2203613323126,-1.09999999999999,1.38293038581747));
#7746=CARTESIAN_POINT('Ctrl Pts',(35.1343187896369,-0.899999999999994,1.44900998638598));
#7747=CARTESIAN_POINT('Ctrl Pts',(35.1343187896369,-1.09999999999999,1.44900998638598));
#7748=CARTESIAN_POINT('Ctrl Pts',(35.0258311872822,-0.899999999999994,1.4562570553488));
#7749=CARTESIAN_POINT('Ctrl Pts',(35.0258311872822,-1.09999999999999,1.4562570553488));
#7750=CARTESIAN_POINT('Ctrl Pts',(34.9694430874838,-0.899999999999994,1.46002383089782));
#7751=CARTESIAN_POINT('Ctrl Pts',(34.9694430874838,-1.09999999999999,1.46002383089782));
#7752=CARTESIAN_POINT('',(35.2616819401497,-0.899999999999994,1.35119667390923));
#7753=CARTESIAN_POINT('Ctrl Pts',(34.9694430874838,-0.899999999999994,1.46002383089782));
#7754=CARTESIAN_POINT('Ctrl Pts',(35.0258311872822,-0.899999999999994,1.4562570553488));
#7755=CARTESIAN_POINT('Ctrl Pts',(35.1343187896369,-0.899999999999994,1.44900998638598));
#7756=CARTESIAN_POINT('Ctrl Pts',(35.2203613323126,-0.899999999999994,1.38293038581747));
#7757=CARTESIAN_POINT('Ctrl Pts',(35.2616819401497,-0.899999999999994,1.35119667390923));
#7758=CARTESIAN_POINT('',(35.2616819401497,-1.09999999999999,1.35119667390923));
#7759=CARTESIAN_POINT('Ctrl Pts',(35.2616819401497,-1.09999999999999,1.35119667390923));
#7760=CARTESIAN_POINT('Ctrl Pts',(35.2203613323126,-1.09999999999999,1.38293038581747));
#7761=CARTESIAN_POINT('Ctrl Pts',(35.1343187896369,-1.09999999999999,1.44900998638598));
#7762=CARTESIAN_POINT('Ctrl Pts',(35.0258311872822,-1.09999999999999,1.4562570553488));
#7763=CARTESIAN_POINT('Ctrl Pts',(34.9694430874838,-1.09999999999999,1.46002383089782));
#7764=CARTESIAN_POINT('',(35.2616819401497,-0.899999999999994,1.35119667390923));
#7765=CARTESIAN_POINT('Ctrl Pts',(35.3738618375751,-0.899999999999994,1.07699672975137));
#7766=CARTESIAN_POINT('Ctrl Pts',(35.3738618375751,-1.09999999999999,1.07699672975137));
#7767=CARTESIAN_POINT('Ctrl Pts',(35.3694859984005,-0.899999999999994,1.12946012605452));
#7768=CARTESIAN_POINT('Ctrl Pts',(35.3694859984005,-1.09999999999999,1.12946012605452));
#7769=CARTESIAN_POINT('Ctrl Pts',(35.3608711228545,-0.899999999999994,1.23274674419478));
#7770=CARTESIAN_POINT('Ctrl Pts',(35.3608711228545,-1.09999999999999,1.23274674419478));
#7771=CARTESIAN_POINT('Ctrl Pts',(35.2943931144471,-0.899999999999994,1.31213358062881));
#7772=CARTESIAN_POINT('Ctrl Pts',(35.2943931144471,-1.09999999999999,1.31213358062881));
#7773=CARTESIAN_POINT('Ctrl Pts',(35.2616819401497,-0.899999999999994,1.35119667390923));
#7774=CARTESIAN_POINT('Ctrl Pts',(35.2616819401497,-1.09999999999999,1.35119667390923));
#7775=CARTESIAN_POINT('',(35.3738618375751,-0.899999999999994,1.07699672975137));
#7776=CARTESIAN_POINT('Ctrl Pts',(35.2616819401497,-0.899999999999994,1.35119667390923));
#7777=CARTESIAN_POINT('Ctrl Pts',(35.2943931144471,-0.899999999999994,1.31213358062881));
#7778=CARTESIAN_POINT('Ctrl Pts',(35.3608711228545,-0.899999999999994,1.23274674419478));
#7779=CARTESIAN_POINT('Ctrl Pts',(35.3694859984005,-0.899999999999994,1.12946012605452));
#7780=CARTESIAN_POINT('Ctrl Pts',(35.3738618375751,-0.899999999999994,1.07699672975137));
#7781=CARTESIAN_POINT('',(35.3738618375751,-1.09999999999999,1.07699672975137));
#7782=CARTESIAN_POINT('Ctrl Pts',(35.3738618375751,-1.09999999999999,1.07699672975137));
#7783=CARTESIAN_POINT('Ctrl Pts',(35.3694859984005,-1.09999999999999,1.12946012605452));
#7784=CARTESIAN_POINT('Ctrl Pts',(35.3608711228545,-1.09999999999999,1.23274674419478));
#7785=CARTESIAN_POINT('Ctrl Pts',(35.2943931144471,-1.09999999999999,1.31213358062881));
#7786=CARTESIAN_POINT('Ctrl Pts',(35.2616819401497,-1.09999999999999,1.35119667390923));
#7787=CARTESIAN_POINT('',(35.3738618375751,-0.899999999999994,1.07699672975137));
#7788=CARTESIAN_POINT('Ctrl Pts',(35.3157754504784,-0.899999999999994,0.85352341300472));
#7789=CARTESIAN_POINT('Ctrl Pts',(35.3157754504784,-1.09999999999999,0.85352341300472));
#7790=CARTESIAN_POINT('Ctrl Pts',(35.3327205775617,-0.899999999999994,0.889394197923298));
#7791=CARTESIAN_POINT('Ctrl Pts',(35.3327205775617,-1.09999999999999,0.889394197923298));
#7792=CARTESIAN_POINT('Ctrl Pts',(35.366188984458,-0.899999999999994,0.960242768101745));
#7793=CARTESIAN_POINT('Ctrl Pts',(35.366188984458,-1.09999999999999,0.960242768101745));
#7794=CARTESIAN_POINT('Ctrl Pts',(35.3713258019387,-0.899999999999994,1.03840714607058));
#7795=CARTESIAN_POINT('Ctrl Pts',(35.3713258019387,-1.09999999999999,1.03840714607058));
#7796=CARTESIAN_POINT('Ctrl Pts',(35.3738618375751,-0.899999999999994,1.07699672975137));
#7797=CARTESIAN_POINT('Ctrl Pts',(35.3738618375751,-1.09999999999999,1.07699672975137));
#7798=CARTESIAN_POINT('',(35.3157754504784,-0.899999999999994,0.85352341300472));
#7799=CARTESIAN_POINT('Ctrl Pts',(35.3738618375751,-0.899999999999994,1.07699672975137));
#7800=CARTESIAN_POINT('Ctrl Pts',(35.3713258019387,-0.899999999999994,1.03840714607058));
#7801=CARTESIAN_POINT('Ctrl Pts',(35.366188984458,-0.899999999999994,0.960242768101745));
#7802=CARTESIAN_POINT('Ctrl Pts',(35.3327205775617,-0.899999999999994,0.889394197923298));
#7803=CARTESIAN_POINT('Ctrl Pts',(35.3157754504784,-0.899999999999994,0.85352341300472));
#7804=CARTESIAN_POINT('',(35.3157754504784,-1.09999999999999,0.85352341300472));
#7805=CARTESIAN_POINT('Ctrl Pts',(35.3157754504784,-1.09999999999999,0.85352341300472));
#7806=CARTESIAN_POINT('Ctrl Pts',(35.3327205775617,-1.09999999999999,0.889394197923298));
#7807=CARTESIAN_POINT('Ctrl Pts',(35.366188984458,-1.09999999999999,0.960242768101745));
#7808=CARTESIAN_POINT('Ctrl Pts',(35.3713258019387,-1.09999999999999,1.03840714607058));
#7809=CARTESIAN_POINT('Ctrl Pts',(35.3738618375751,-1.09999999999999,1.07699672975137));
#7810=CARTESIAN_POINT('',(35.3157754504784,-0.899999999999994,0.85352341300472));
#7811=CARTESIAN_POINT('Ctrl Pts',(35.1520874289224,-0.899999999999994,0.689790010932495));
#7812=CARTESIAN_POINT('Ctrl Pts',(35.1520874289224,-1.09999999999999,0.689790010932495));
#7813=CARTESIAN_POINT('Ctrl Pts',(35.185531965486,-0.899999999999994,0.710779451008379));
#7814=CARTESIAN_POINT('Ctrl Pts',(35.185531965486,-1.09999999999999,0.710779451008379));
#7815=CARTESIAN_POINT('Ctrl Pts',(35.2525848842636,-0.899999999999994,0.752861158970467));
#7816=CARTESIAN_POINT('Ctrl Pts',(35.2525848842636,-1.09999999999999,0.752861158970467));
#7817=CARTESIAN_POINT('Ctrl Pts',(35.2946776434687,-0.899999999999994,0.81991471259273));
#7818=CARTESIAN_POINT('Ctrl Pts',(35.2946776434687,-1.09999999999999,0.81991471259273));
#7819=CARTESIAN_POINT('Ctrl Pts',(35.3157754504784,-0.899999999999994,0.85352341300472));
#7820=CARTESIAN_POINT('Ctrl Pts',(35.3157754504784,-1.09999999999999,0.85352341300472));
#7821=CARTESIAN_POINT('',(35.1520874289224,-0.899999999999994,0.689790010932495));
#7822=CARTESIAN_POINT('Ctrl Pts',(35.3157754504784,-0.899999999999994,0.85352341300472));
#7823=CARTESIAN_POINT('Ctrl Pts',(35.2946776434687,-0.899999999999994,0.81991471259273));
#7824=CARTESIAN_POINT('Ctrl Pts',(35.2525848842636,-0.899999999999994,0.752861158970467));
#7825=CARTESIAN_POINT('Ctrl Pts',(35.185531965486,-0.899999999999994,0.710779451008379));
#7826=CARTESIAN_POINT('Ctrl Pts',(35.1520874289224,-0.899999999999994,0.689790010932495));
#7827=CARTESIAN_POINT('',(35.1520874289224,-1.09999999999999,0.689790010932495));
#7828=CARTESIAN_POINT('Ctrl Pts',(35.1520874289224,-1.09999999999999,0.689790010932495));
#7829=CARTESIAN_POINT('Ctrl Pts',(35.185531965486,-1.09999999999999,0.710779451008379));
#7830=CARTESIAN_POINT('Ctrl Pts',(35.2525848842636,-1.09999999999999,0.752861158970467));
#7831=CARTESIAN_POINT('Ctrl Pts',(35.2946776434687,-1.09999999999999,0.81991471259273));
#7832=CARTESIAN_POINT('Ctrl Pts',(35.3157754504784,-1.09999999999999,0.85352341300472));
#7833=CARTESIAN_POINT('',(35.1520874289224,-0.899999999999994,0.689790010932495));
#7834=CARTESIAN_POINT('Ctrl Pts',(34.8811539276982,-0.899999999999994,0.633272140775874));
#7835=CARTESIAN_POINT('Ctrl Pts',(34.8811539276982,-1.09999999999999,0.633272140775874));
#7836=CARTESIAN_POINT('Ctrl Pts',(34.9320021044413,-0.899999999999994,0.634737808185989));
#7837=CARTESIAN_POINT('Ctrl Pts',(34.9320021044413,-1.09999999999999,0.634737808185989));
#7838=CARTESIAN_POINT('Ctrl Pts',(35.0258521267127,-0.899999999999994,0.637442977336437));
#7839=CARTESIAN_POINT('Ctrl Pts',(35.0258521267127,-1.09999999999999,0.637442977336437));
#7840=CARTESIAN_POINT('Ctrl Pts',(35.1124215401544,-0.899999999999994,0.673341429785915));
#7841=CARTESIAN_POINT('Ctrl Pts',(35.1124215401544,-1.09999999999999,0.673341429785915));
#7842=CARTESIAN_POINT('Ctrl Pts',(35.1520874289224,-0.899999999999994,0.689790010932495));
#7843=CARTESIAN_POINT('Ctrl Pts',(35.1520874289224,-1.09999999999999,0.689790010932495));
#7844=CARTESIAN_POINT('',(34.8811539276982,-0.899999999999994,0.633272140775874));
#7845=CARTESIAN_POINT('Ctrl Pts',(35.1520874289224,-0.899999999999994,0.689790010932495));
#7846=CARTESIAN_POINT('Ctrl Pts',(35.1124215401544,-0.899999999999994,0.673341429785915));
#7847=CARTESIAN_POINT('Ctrl Pts',(35.0258521267127,-0.899999999999994,0.637442977336437));
#7848=CARTESIAN_POINT('Ctrl Pts',(34.9320021044413,-0.899999999999994,0.634737808185989));
#7849=CARTESIAN_POINT('Ctrl Pts',(34.8811539276982,-0.899999999999994,0.633272140775874));
#7850=CARTESIAN_POINT('',(34.8811539276982,-1.09999999999999,0.633272140775874));
#7851=CARTESIAN_POINT('Ctrl Pts',(34.8811539276982,-1.09999999999999,0.633272140775874));
#7852=CARTESIAN_POINT('Ctrl Pts',(34.9320021044413,-1.09999999999999,0.634737808185989));
#7853=CARTESIAN_POINT('Ctrl Pts',(35.0258521267127,-1.09999999999999,0.637442977336437));
#7854=CARTESIAN_POINT('Ctrl Pts',(35.1124215401544,-1.09999999999999,0.673341429785915));
#7855=CARTESIAN_POINT('Ctrl Pts',(35.1520874289224,-1.09999999999999,0.689790010932495));
#7856=CARTESIAN_POINT('',(34.8811539276982,-0.899999999999994,0.633272140775874));
#7857=CARTESIAN_POINT('Ctrl Pts',(34.6773309582681,-0.899999999999994,0.655344846430406));
#7858=CARTESIAN_POINT('Ctrl Pts',(34.6773309582681,-1.09999999999999,0.655344846430406));
#7859=CARTESIAN_POINT('Ctrl Pts',(34.7084019593699,-0.899999999999994,0.648912797496668));
#7860=CARTESIAN_POINT('Ctrl Pts',(34.7084019593699,-1.09999999999999,0.648912797496668));
#7861=CARTESIAN_POINT('Ctrl Pts',(34.7756018993086,-0.899999999999994,0.635001649265134));
#7862=CARTESIAN_POINT('Ctrl Pts',(34.7756018993086,-1.09999999999999,0.635001649265134));
#7863=CARTESIAN_POINT('Ctrl Pts',(34.8442476646768,-0.899999999999994,0.633876863358435));
#7864=CARTESIAN_POINT('Ctrl Pts',(34.8442476646768,-1.09999999999999,0.633876863358435));
#7865=CARTESIAN_POINT('Ctrl Pts',(34.8811539276982,-0.899999999999994,0.633272140775874));
#7866=CARTESIAN_POINT('Ctrl Pts',(34.8811539276982,-1.09999999999999,0.633272140775874));
#7867=CARTESIAN_POINT('',(34.6773309582681,-0.899999999999994,0.655344846430406));
#7868=CARTESIAN_POINT('Ctrl Pts',(34.8811539276982,-0.899999999999994,0.633272140775874));
#7869=CARTESIAN_POINT('Ctrl Pts',(34.8442476646768,-0.899999999999994,0.633876863358435));
#7870=CARTESIAN_POINT('Ctrl Pts',(34.7756018993086,-0.899999999999994,0.635001649265134));
#7871=CARTESIAN_POINT('Ctrl Pts',(34.7084019593699,-0.899999999999994,0.648912797496668));
#7872=CARTESIAN_POINT('Ctrl Pts',(34.6773309582681,-0.899999999999994,0.655344846430406));
#7873=CARTESIAN_POINT('',(34.6773309582681,-1.09999999999999,0.655344846430406));
#7874=CARTESIAN_POINT('Ctrl Pts',(34.6773309582681,-1.09999999999999,0.655344846430406));
#7875=CARTESIAN_POINT('Ctrl Pts',(34.7084019593699,-1.09999999999999,0.648912797496668));
#7876=CARTESIAN_POINT('Ctrl Pts',(34.7756018993086,-1.09999999999999,0.635001649265134));
#7877=CARTESIAN_POINT('Ctrl Pts',(34.8442476646768,-1.09999999999999,0.633876863358435));
#7878=CARTESIAN_POINT('Ctrl Pts',(34.8811539276982,-1.09999999999999,0.633272140775874));
#7879=CARTESIAN_POINT('',(34.6773309582681,-0.899999999999994,0.655344846430406));
#7880=CARTESIAN_POINT('Ctrl Pts',(34.5332561684963,-0.899999999999994,0.722446413889824));
#7881=CARTESIAN_POINT('Ctrl Pts',(34.5332561684963,-1.09999999999999,0.722446413889824));
#7882=CARTESIAN_POINT('Ctrl Pts',(34.55473817644,-0.899999999999994,0.708459578787616));
#7883=CARTESIAN_POINT('Ctrl Pts',(34.55473817644,-1.09999999999999,0.708459578787616));
#7884=CARTESIAN_POINT('Ctrl Pts',(34.5995572610473,-0.899999999999994,0.67927808199828));
#7885=CARTESIAN_POINT('Ctrl Pts',(34.5995572610473,-1.09999999999999,0.67927808199828));
#7886=CARTESIAN_POINT('Ctrl Pts',(34.650700779857,-0.899999999999994,0.663539729223721));
#7887=CARTESIAN_POINT('Ctrl Pts',(34.650700779857,-1.09999999999999,0.663539729223721));
#7888=CARTESIAN_POINT('Ctrl Pts',(34.6773309582681,-0.899999999999994,0.655344846430406));
#7889=CARTESIAN_POINT('Ctrl Pts',(34.6773309582681,-1.09999999999999,0.655344846430406));
#7890=CARTESIAN_POINT('',(34.5332561684963,-0.899999999999994,0.722446413889824));
#7891=CARTESIAN_POINT('Ctrl Pts',(34.6773309582681,-0.899999999999994,0.655344846430406));
#7892=CARTESIAN_POINT('Ctrl Pts',(34.650700779857,-0.899999999999994,0.663539729223721));
#7893=CARTESIAN_POINT('Ctrl Pts',(34.5995572610473,-0.899999999999994,0.67927808199828));
#7894=CARTESIAN_POINT('Ctrl Pts',(34.55473817644,-0.899999999999994,0.708459578787616));
#7895=CARTESIAN_POINT('Ctrl Pts',(34.5332561684963,-0.899999999999994,0.722446413889824));
#7896=CARTESIAN_POINT('',(34.5332561684963,-1.09999999999999,0.722446413889824));
#7897=CARTESIAN_POINT('Ctrl Pts',(34.5332561684963,-1.09999999999999,0.722446413889824));
#7898=CARTESIAN_POINT('Ctrl Pts',(34.55473817644,-1.09999999999999,0.708459578787616));
#7899=CARTESIAN_POINT('Ctrl Pts',(34.5995572610473,-1.09999999999999,0.67927808199828));
#7900=CARTESIAN_POINT('Ctrl Pts',(34.650700779857,-1.09999999999999,0.663539729223721));
#7901=CARTESIAN_POINT('Ctrl Pts',(34.6773309582681,-1.09999999999999,0.655344846430406));
#7902=CARTESIAN_POINT('',(34.5332561684963,-0.899999999999994,0.722446413889824));
#7903=CARTESIAN_POINT('Ctrl Pts',(34.4374712767614,-0.899999999999994,0.823933739682365));
#7904=CARTESIAN_POINT('Ctrl Pts',(34.4374712767614,-1.09999999999999,0.823933739682365));
#7905=CARTESIAN_POINT('Ctrl Pts',(34.4509014556057,-0.899999999999994,0.805413213965315));
#7906=CARTESIAN_POINT('Ctrl Pts',(34.4509014556057,-1.09999999999999,0.805413213965315));
#7907=CARTESIAN_POINT('Ctrl Pts',(34.4784307905634,-0.899999999999994,0.767449627481069));
#7908=CARTESIAN_POINT('Ctrl Pts',(34.4784307905634,-1.09999999999999,0.767449627481069));
#7909=CARTESIAN_POINT('Ctrl Pts',(34.5146873579879,-0.899999999999994,0.737688554973959));
#7910=CARTESIAN_POINT('Ctrl Pts',(34.5146873579879,-1.09999999999999,0.737688554973959));
#7911=CARTESIAN_POINT('Ctrl Pts',(34.5332561684963,-0.899999999999994,0.722446413889824));
#7912=CARTESIAN_POINT('Ctrl Pts',(34.5332561684963,-1.09999999999999,0.722446413889824));
#7913=CARTESIAN_POINT('',(34.4374712767614,-0.899999999999994,0.823933739682365));
#7914=CARTESIAN_POINT('Ctrl Pts',(34.5332561684963,-0.899999999999994,0.722446413889824));
#7915=CARTESIAN_POINT('Ctrl Pts',(34.5146873579879,-0.899999999999994,0.737688554973959));
#7916=CARTESIAN_POINT('Ctrl Pts',(34.4784307905634,-0.899999999999994,0.767449627481069));
#7917=CARTESIAN_POINT('Ctrl Pts',(34.4509014556057,-0.899999999999994,0.805413213965315));
#7918=CARTESIAN_POINT('Ctrl Pts',(34.4374712767614,-0.899999999999994,0.823933739682365));
#7919=CARTESIAN_POINT('',(34.4374712767614,-1.09999999999999,0.823933739682365));
#7920=CARTESIAN_POINT('Ctrl Pts',(34.4374712767614,-1.09999999999999,0.823933739682365));
#7921=CARTESIAN_POINT('Ctrl Pts',(34.4509014556057,-1.09999999999999,0.805413213965315));
#7922=CARTESIAN_POINT('Ctrl Pts',(34.4784307905634,-1.09999999999999,0.767449627481069));
#7923=CARTESIAN_POINT('Ctrl Pts',(34.5146873579879,-1.09999999999999,0.737688554973959));
#7924=CARTESIAN_POINT('Ctrl Pts',(34.5332561684963,-1.09999999999999,0.722446413889824));
#7925=CARTESIAN_POINT('',(34.4374712767614,-0.899999999999994,0.823933739682365));
#7926=CARTESIAN_POINT('Ctrl Pts',(34.3760602275587,-0.899999999999994,0.964716615846585));
#7927=CARTESIAN_POINT('Ctrl Pts',(34.3760602275587,-1.09999999999999,0.964716615846585));
#7928=CARTESIAN_POINT('Ctrl Pts',(34.3842977432202,-0.899999999999994,0.938502529234917));
#7929=CARTESIAN_POINT('Ctrl Pts',(34.3842977432202,-1.09999999999999,0.938502529234917));
#7930=CARTESIAN_POINT('Ctrl Pts',(34.3997423787714,-0.899999999999994,0.889353364527785));
#7931=CARTESIAN_POINT('Ctrl Pts',(34.3997423787714,-1.09999999999999,0.889353364527785));
#7932=CARTESIAN_POINT('Ctrl Pts',(34.4254670551976,-0.899999999999994,0.844748333086843));
#7933=CARTESIAN_POINT('Ctrl Pts',(34.4254670551976,-1.09999999999999,0.844748333086843));
#7934=CARTESIAN_POINT('Ctrl Pts',(34.4374712767614,-0.899999999999994,0.823933739682365));
#7935=CARTESIAN_POINT('Ctrl Pts',(34.4374712767614,-1.09999999999999,0.823933739682365));
#7936=CARTESIAN_POINT('',(34.3760602275587,-0.899999999999994,0.964716615846585));
#7937=CARTESIAN_POINT('Ctrl Pts',(34.4374712767614,-0.899999999999994,0.823933739682365));
#7938=CARTESIAN_POINT('Ctrl Pts',(34.4254670551976,-0.899999999999994,0.844748333086843));
#7939=CARTESIAN_POINT('Ctrl Pts',(34.3997423787714,-0.899999999999994,0.889353364527785));
#7940=CARTESIAN_POINT('Ctrl Pts',(34.3842977432202,-0.899999999999994,0.938502529234917));
#7941=CARTESIAN_POINT('Ctrl Pts',(34.3760602275587,-0.899999999999994,0.964716615846585));
#7942=CARTESIAN_POINT('',(34.3760602275587,-1.09999999999999,0.964716615846585));
#7943=CARTESIAN_POINT('Ctrl Pts',(34.3760602275587,-1.09999999999999,0.964716615846585));
#7944=CARTESIAN_POINT('Ctrl Pts',(34.3842977432202,-1.09999999999999,0.938502529234917));
#7945=CARTESIAN_POINT('Ctrl Pts',(34.3997423787714,-1.09999999999999,0.889353364527785));
#7946=CARTESIAN_POINT('Ctrl Pts',(34.4254670551976,-1.09999999999999,0.844748333086843));
#7947=CARTESIAN_POINT('Ctrl Pts',(34.4374712767614,-1.09999999999999,0.823933739682365));
#7948=CARTESIAN_POINT('',(34.3760602275587,-0.899999999999994,0.964716615846585));
#7949=CARTESIAN_POINT('Origin',(34.7132993353827,-0.899999999999994,1.00159813384638));
#7950=CARTESIAN_POINT('',(34.7132993353827,-0.899999999999994,1.00159813384638));
#7951=CARTESIAN_POINT('',(33.0676304013779,-0.899999999999995,0.821622659463149));
#7952=CARTESIAN_POINT('',(34.7132993353827,-1.09999999999999,1.00159813384638));
#7953=CARTESIAN_POINT('',(34.3760602275587,-1.09999999999999,0.964716615846585));
#7954=CARTESIAN_POINT('',(34.7132993353827,-0.899999999999994,1.00159813384638));
#7955=CARTESIAN_POINT('Ctrl Pts',(34.7706152305591,-0.899999999999994,0.878004520801696));
#7956=CARTESIAN_POINT('Ctrl Pts',(34.7706152305591,-1.09999999999999,0.878004520801696));
#7957=CARTESIAN_POINT('Ctrl Pts',(34.756852106965,-0.899999999999994,0.894686490442948));
#7958=CARTESIAN_POINT('Ctrl Pts',(34.756852106965,-1.09999999999999,0.894686490442948));
#7959=CARTESIAN_POINT('Ctrl Pts',(34.7270808557466,-0.899999999999994,0.930771548141468));
#7960=CARTESIAN_POINT('Ctrl Pts',(34.7270808557466,-1.09999999999999,0.930771548141468));
#7961=CARTESIAN_POINT('Ctrl Pts',(34.7181184557469,-0.899999999999994,0.976831501973759));
#7962=CARTESIAN_POINT('Ctrl Pts',(34.7181184557469,-1.09999999999999,0.976831501973759));
#7963=CARTESIAN_POINT('Ctrl Pts',(34.7132993353827,-0.899999999999994,1.00159813384638));
#7964=CARTESIAN_POINT('Ctrl Pts',(34.7132993353827,-1.09999999999999,1.00159813384638));
#7965=CARTESIAN_POINT('',(34.7706152305591,-0.899999999999994,0.878004520801696));
#7966=CARTESIAN_POINT('Ctrl Pts',(34.7132993353827,-0.899999999999994,1.00159813384638));
#7967=CARTESIAN_POINT('Ctrl Pts',(34.7181184557469,-0.899999999999994,0.976831501973759));
#7968=CARTESIAN_POINT('Ctrl Pts',(34.7270808557466,-0.899999999999994,0.930771548141468));
#7969=CARTESIAN_POINT('Ctrl Pts',(34.756852106965,-0.899999999999994,0.894686490442948));
#7970=CARTESIAN_POINT('Ctrl Pts',(34.7706152305591,-0.899999999999994,0.878004520801696));
#7971=CARTESIAN_POINT('',(34.7706152305591,-1.09999999999999,0.878004520801696));
#7972=CARTESIAN_POINT('Ctrl Pts',(34.7706152305591,-1.09999999999999,0.878004520801696));
#7973=CARTESIAN_POINT('Ctrl Pts',(34.756852106965,-1.09999999999999,0.894686490442948));
#7974=CARTESIAN_POINT('Ctrl Pts',(34.7270808557466,-1.09999999999999,0.930771548141468));
#7975=CARTESIAN_POINT('Ctrl Pts',(34.7181184557469,-1.09999999999999,0.976831501973759));
#7976=CARTESIAN_POINT('Ctrl Pts',(34.7132993353827,-1.09999999999999,1.00159813384638));
#7977=CARTESIAN_POINT('',(34.7706152305591,-0.899999999999994,0.878004520801696));
#7978=CARTESIAN_POINT('Ctrl Pts',(34.8778515596307,-0.899999999999994,0.836273184194441));
#7979=CARTESIAN_POINT('Ctrl Pts',(34.8778515596307,-1.09999999999999,0.836273184194441));
#7980=CARTESIAN_POINT('Ctrl Pts',(34.8578585102136,-0.899999999999994,0.837984238380449));
#7981=CARTESIAN_POINT('Ctrl Pts',(34.8578585102136,-1.09999999999999,0.837984238380449));
#7982=CARTESIAN_POINT('Ctrl Pts',(34.8180179837197,-0.899999999999994,0.841393888314691));
#7983=CARTESIAN_POINT('Ctrl Pts',(34.8180179837197,-1.09999999999999,0.841393888314691));
#7984=CARTESIAN_POINT('Ctrl Pts',(34.7863776116148,-0.899999999999994,0.86583073971362));
#7985=CARTESIAN_POINT('Ctrl Pts',(34.7863776116148,-1.09999999999999,0.86583073971362));
#7986=CARTESIAN_POINT('Ctrl Pts',(34.7706152305591,-0.899999999999994,0.878004520801696));
#7987=CARTESIAN_POINT('Ctrl Pts',(34.7706152305591,-1.09999999999999,0.878004520801696));
#7988=CARTESIAN_POINT('',(34.8778515596307,-0.899999999999994,0.836273184194441));
#7989=CARTESIAN_POINT('Ctrl Pts',(34.7706152305591,-0.899999999999994,0.878004520801696));
#7990=CARTESIAN_POINT('Ctrl Pts',(34.7863776116148,-0.899999999999994,0.86583073971362));
#7991=CARTESIAN_POINT('Ctrl Pts',(34.8180179837197,-0.899999999999994,0.841393888314691));
#7992=CARTESIAN_POINT('Ctrl Pts',(34.8578585102136,-0.899999999999994,0.837984238380449));
#7993=CARTESIAN_POINT('Ctrl Pts',(34.8778515596307,-0.899999999999994,0.836273184194441));
#7994=CARTESIAN_POINT('',(34.8778515596307,-1.09999999999999,0.836273184194441));
#7995=CARTESIAN_POINT('Ctrl Pts',(34.8778515596307,-1.09999999999999,0.836273184194441));
#7996=CARTESIAN_POINT('Ctrl Pts',(34.8578585102136,-1.09999999999999,0.837984238380449));
#7997=CARTESIAN_POINT('Ctrl Pts',(34.8180179837197,-1.09999999999999,0.841393888314691));
#7998=CARTESIAN_POINT('Ctrl Pts',(34.7863776116148,-1.09999999999999,0.86583073971362));
#7999=CARTESIAN_POINT('Ctrl Pts',(34.7706152305591,-1.09999999999999,0.878004520801696));
#8000=CARTESIAN_POINT('',(34.8778515596307,-0.899999999999994,0.836273184194441));
#8001=CARTESIAN_POINT('Ctrl Pts',(34.992441826822,-0.899999999999994,0.888676483238841));
#8002=CARTESIAN_POINT('Ctrl Pts',(34.992441826822,-1.09999999999999,0.888676483238841));
#8003=CARTESIAN_POINT('Ctrl Pts',(34.9763898370736,-0.899999999999994,0.87339465132178));
#8004=CARTESIAN_POINT('Ctrl Pts',(34.9763898370736,-1.09999999999999,0.87339465132178));
#8005=CARTESIAN_POINT('Ctrl Pts',(34.9442187868756,-0.899999999999994,0.842767134769098));
#8006=CARTESIAN_POINT('Ctrl Pts',(34.9442187868756,-1.09999999999999,0.842767134769098));
#8007=CARTESIAN_POINT('Ctrl Pts',(34.9000046947859,-0.899999999999994,0.838440840894043));
#8008=CARTESIAN_POINT('Ctrl Pts',(34.9000046947859,-1.09999999999999,0.838440840894043));
#8009=CARTESIAN_POINT('Ctrl Pts',(34.8778515596307,-0.899999999999994,0.836273184194441));
#8010=CARTESIAN_POINT('Ctrl Pts',(34.8778515596307,-1.09999999999999,0.836273184194441));
#8011=CARTESIAN_POINT('',(34.992441826822,-0.899999999999994,0.888676483238841));
#8012=CARTESIAN_POINT('Ctrl Pts',(34.8778515596307,-0.899999999999994,0.836273184194441));
#8013=CARTESIAN_POINT('Ctrl Pts',(34.9000046947859,-0.899999999999994,0.838440840894043));
#8014=CARTESIAN_POINT('Ctrl Pts',(34.9442187868756,-0.899999999999994,0.842767134769098));
#8015=CARTESIAN_POINT('Ctrl Pts',(34.9763898370736,-0.899999999999994,0.87339465132178));
#8016=CARTESIAN_POINT('Ctrl Pts',(34.992441826822,-0.899999999999994,0.888676483238841));
#8017=CARTESIAN_POINT('',(34.992441826822,-1.09999999999999,0.888676483238841));
#8018=CARTESIAN_POINT('Ctrl Pts',(34.992441826822,-1.09999999999999,0.888676483238841));
#8019=CARTESIAN_POINT('Ctrl Pts',(34.9763898370736,-1.09999999999999,0.87339465132178));
#8020=CARTESIAN_POINT('Ctrl Pts',(34.9442187868756,-1.09999999999999,0.842767134769098));
#8021=CARTESIAN_POINT('Ctrl Pts',(34.9000046947859,-1.09999999999999,0.838440840894043));
#8022=CARTESIAN_POINT('Ctrl Pts',(34.8778515596307,-1.09999999999999,0.836273184194441));
#8023=CARTESIAN_POINT('',(34.992441826822,-0.899999999999994,0.888676483238841));
#8024=CARTESIAN_POINT('Ctrl Pts',(35.0382589568418,-0.899999999999994,1.04666375388171));
#8025=CARTESIAN_POINT('Ctrl Pts',(35.0382589568418,-1.09999999999999,1.04666375388171));
#8026=CARTESIAN_POINT('Ctrl Pts',(35.037331076951,-0.899999999999994,1.01513696459502));
#8027=CARTESIAN_POINT('Ctrl Pts',(35.037331076951,-1.09999999999999,1.01513696459502));
#8028=CARTESIAN_POINT('Ctrl Pts',(35.0356565956217,-0.899999999999994,0.958242725845387));
#8029=CARTESIAN_POINT('Ctrl Pts',(35.0356565956217,-1.09999999999999,0.958242725845387));
#8030=CARTESIAN_POINT('Ctrl Pts',(35.0057681818652,-0.899999999999994,0.910128974453073));
#8031=CARTESIAN_POINT('Ctrl Pts',(35.0057681818652,-1.09999999999999,0.910128974453073));
#8032=CARTESIAN_POINT('Ctrl Pts',(34.992441826822,-0.899999999999994,0.888676483238841));
#8033=CARTESIAN_POINT('Ctrl Pts',(34.992441826822,-1.09999999999999,0.888676483238841));
#8034=CARTESIAN_POINT('',(35.0382589568418,-0.899999999999994,1.04666375388171));
#8035=CARTESIAN_POINT('Ctrl Pts',(34.992441826822,-0.899999999999994,0.888676483238841));
#8036=CARTESIAN_POINT('Ctrl Pts',(35.0057681818652,-0.899999999999994,0.910128974453073));
#8037=CARTESIAN_POINT('Ctrl Pts',(35.0356565956217,-0.899999999999994,0.958242725845387));
#8038=CARTESIAN_POINT('Ctrl Pts',(35.037331076951,-0.899999999999994,1.01513696459502));
#8039=CARTESIAN_POINT('Ctrl Pts',(35.0382589568418,-0.899999999999994,1.04666375388171));
#8040=CARTESIAN_POINT('',(35.0382589568418,-1.09999999999999,1.04666375388171));
#8041=CARTESIAN_POINT('Ctrl Pts',(35.0382589568418,-1.09999999999999,1.04666375388171));
#8042=CARTESIAN_POINT('Ctrl Pts',(35.037331076951,-1.09999999999999,1.01513696459502));
#8043=CARTESIAN_POINT('Ctrl Pts',(35.0356565956217,-1.09999999999999,0.958242725845387));
#8044=CARTESIAN_POINT('Ctrl Pts',(35.0057681818652,-1.09999999999999,0.910128974453073));
#8045=CARTESIAN_POINT('Ctrl Pts',(34.992441826822,-1.09999999999999,0.888676483238841));
#8046=CARTESIAN_POINT('',(35.0382589568418,-0.899999999999994,1.04666375388171));
#8047=CARTESIAN_POINT('Ctrl Pts',(34.9923981480689,-0.899999999999994,1.20381964818447));
#8048=CARTESIAN_POINT('Ctrl Pts',(34.9923981480689,-1.09999999999999,1.20381964818447));
#8049=CARTESIAN_POINT('Ctrl Pts',(35.0057180719209,-0.899999999999994,1.18299146990535));
#8050=CARTESIAN_POINT('Ctrl Pts',(35.0057180719209,-1.09999999999999,1.18299146990535));
#8051=CARTESIAN_POINT('Ctrl Pts',(35.0361476825135,-0.899999999999994,1.135409114223));
#8052=CARTESIAN_POINT('Ctrl Pts',(35.0361476825135,-1.09999999999999,1.135409114223));
#8053=CARTESIAN_POINT('Ctrl Pts',(35.0374990961705,-0.899999999999994,1.07860375721158));
#8054=CARTESIAN_POINT('Ctrl Pts',(35.0374990961705,-1.09999999999999,1.07860375721158));
#8055=CARTESIAN_POINT('Ctrl Pts',(35.0382589568418,-0.899999999999994,1.04666375388171));
#8056=CARTESIAN_POINT('Ctrl Pts',(35.0382589568418,-1.09999999999999,1.04666375388171));
#8057=CARTESIAN_POINT('',(34.9923981480689,-0.899999999999994,1.20381964818447));
#8058=CARTESIAN_POINT('Ctrl Pts',(35.0382589568418,-0.899999999999994,1.04666375388171));
#8059=CARTESIAN_POINT('Ctrl Pts',(35.0374990961705,-0.899999999999994,1.07860375721158));
#8060=CARTESIAN_POINT('Ctrl Pts',(35.0361476825135,-0.899999999999994,1.135409114223));
#8061=CARTESIAN_POINT('Ctrl Pts',(35.0057180719209,-0.899999999999994,1.18299146990535));
#8062=CARTESIAN_POINT('Ctrl Pts',(34.9923981480689,-0.899999999999994,1.20381964818447));
#8063=CARTESIAN_POINT('',(34.9923981480689,-1.09999999999999,1.20381964818447));
#8064=CARTESIAN_POINT('Ctrl Pts',(34.9923981480689,-1.09999999999999,1.20381964818447));
#8065=CARTESIAN_POINT('Ctrl Pts',(35.0057180719209,-1.09999999999999,1.18299146990535));
#8066=CARTESIAN_POINT('Ctrl Pts',(35.0361476825135,-1.09999999999999,1.135409114223));
#8067=CARTESIAN_POINT('Ctrl Pts',(35.0374990961705,-1.09999999999999,1.07860375721158));
#8068=CARTESIAN_POINT('Ctrl Pts',(35.0382589568418,-1.09999999999999,1.04666375388171));
#8069=CARTESIAN_POINT('',(34.9923981480689,-0.899999999999994,1.20381964818447));
#8070=CARTESIAN_POINT('Ctrl Pts',(34.8704267144441,-0.899999999999994,1.25373459746767));
#8071=CARTESIAN_POINT('Ctrl Pts',(34.8704267144441,-1.09999999999999,1.25373459746767));
#8072=CARTESIAN_POINT('Ctrl Pts',(34.8942681706389,-0.899999999999994,1.25194592109549));
#8073=CARTESIAN_POINT('Ctrl Pts',(34.8942681706389,-1.09999999999999,1.25194592109549));
#8074=CARTESIAN_POINT('Ctrl Pts',(34.9404285484586,-0.899999999999994,1.24848279466301));
#8075=CARTESIAN_POINT('Ctrl Pts',(34.9404285484586,-1.09999999999999,1.24848279466301));
#8076=CARTESIAN_POINT('Ctrl Pts',(34.9754601035797,-0.899999999999994,1.21837635764063));
#8077=CARTESIAN_POINT('Ctrl Pts',(34.9754601035797,-1.09999999999999,1.21837635764063));
#8078=CARTESIAN_POINT('Ctrl Pts',(34.9923981480689,-0.899999999999994,1.20381964818447));
#8079=CARTESIAN_POINT('Ctrl Pts',(34.9923981480689,-1.09999999999999,1.20381964818447));
#8080=CARTESIAN_POINT('',(34.8704267144441,-0.899999999999994,1.25373459746767));
#8081=CARTESIAN_POINT('Ctrl Pts',(34.9923981480689,-0.899999999999994,1.20381964818447));
#8082=CARTESIAN_POINT('Ctrl Pts',(34.9754601035797,-0.899999999999994,1.21837635764063));
#8083=CARTESIAN_POINT('Ctrl Pts',(34.9404285484586,-0.899999999999994,1.24848279466301));
#8084=CARTESIAN_POINT('Ctrl Pts',(34.8942681706389,-0.899999999999994,1.25194592109549));
#8085=CARTESIAN_POINT('Ctrl Pts',(34.8704267144441,-0.899999999999994,1.25373459746767));
#8086=CARTESIAN_POINT('',(34.8704267144441,-1.09999999999999,1.25373459746767));
#8087=CARTESIAN_POINT('Ctrl Pts',(34.8704267144441,-1.09999999999999,1.25373459746767));
#8088=CARTESIAN_POINT('Ctrl Pts',(34.8942681706389,-1.09999999999999,1.25194592109549));
#8089=CARTESIAN_POINT('Ctrl Pts',(34.9404285484586,-1.09999999999999,1.24848279466301));
#8090=CARTESIAN_POINT('Ctrl Pts',(34.9754601035797,-1.09999999999999,1.21837635764063));
#8091=CARTESIAN_POINT('Ctrl Pts',(34.9923981480689,-1.09999999999999,1.20381964818447));
#8092=CARTESIAN_POINT('',(34.8704267144441,-0.899999999999994,1.25373459746767));
#8093=CARTESIAN_POINT('Ctrl Pts',(34.7771148734577,-0.899999999999994,1.22998366742839));
#8094=CARTESIAN_POINT('Ctrl Pts',(34.7771148734577,-1.09999999999999,1.22998366742839));
#8095=CARTESIAN_POINT('Ctrl Pts',(34.7921438553462,-0.899999999999994,1.23690901269797));
#8096=CARTESIAN_POINT('Ctrl Pts',(34.7921438553462,-1.09999999999999,1.23690901269797));
#8097=CARTESIAN_POINT('Ctrl Pts',(34.8217954994179,-0.899999999999994,1.25057247137594));
#8098=CARTESIAN_POINT('Ctrl Pts',(34.8217954994179,-1.09999999999999,1.25057247137594));
#8099=CARTESIAN_POINT('Ctrl Pts',(34.8543650775934,-0.899999999999994,1.25269022872356));
#8100=CARTESIAN_POINT('Ctrl Pts',(34.8543650775934,-1.09999999999999,1.25269022872356));
#8101=CARTESIAN_POINT('Ctrl Pts',(34.8704267144441,-0.899999999999994,1.25373459746767));
#8102=CARTESIAN_POINT('Ctrl Pts',(34.8704267144441,-1.09999999999999,1.25373459746767));
#8103=CARTESIAN_POINT('',(34.7771148734577,-0.899999999999994,1.22998366742839));
#8104=CARTESIAN_POINT('Ctrl Pts',(34.8704267144441,-0.899999999999994,1.25373459746767));
#8105=CARTESIAN_POINT('Ctrl Pts',(34.8543650775934,-0.899999999999994,1.25269022872356));
#8106=CARTESIAN_POINT('Ctrl Pts',(34.8217954994179,-0.899999999999994,1.25057247137594));
#8107=CARTESIAN_POINT('Ctrl Pts',(34.7921438553462,-0.899999999999994,1.23690901269797));
#8108=CARTESIAN_POINT('Ctrl Pts',(34.7771148734577,-0.899999999999994,1.22998366742839));
#8109=CARTESIAN_POINT('',(34.7771148734577,-1.09999999999999,1.22998366742839));
#8110=CARTESIAN_POINT('Ctrl Pts',(34.7771148734577,-1.09999999999999,1.22998366742839));
#8111=CARTESIAN_POINT('Ctrl Pts',(34.7921438553462,-1.09999999999999,1.23690901269797));
#8112=CARTESIAN_POINT('Ctrl Pts',(34.8217954994179,-1.09999999999999,1.25057247137594));
#8113=CARTESIAN_POINT('Ctrl Pts',(34.8543650775934,-1.09999999999999,1.25269022872356));
#8114=CARTESIAN_POINT('Ctrl Pts',(34.8704267144441,-1.09999999999999,1.25373459746767));
#8115=CARTESIAN_POINT('',(34.7771148734577,-0.899999999999994,1.22998366742839));
#8116=CARTESIAN_POINT('Ctrl Pts',(34.7034536456635,-0.899999999999994,1.16776319558389));
#8117=CARTESIAN_POINT('Ctrl Pts',(34.7034536456635,-1.09999999999999,1.16776319558389));
#8118=CARTESIAN_POINT('Ctrl Pts',(34.7157023313616,-0.899999999999994,1.1811464165595));
#8119=CARTESIAN_POINT('Ctrl Pts',(34.7157023313616,-1.09999999999999,1.1811464165595));
#8120=CARTESIAN_POINT('Ctrl Pts',(34.7376117503221,-0.899999999999994,1.20508519681922));
#8121=CARTESIAN_POINT('Ctrl Pts',(34.7376117503221,-1.09999999999999,1.20508519681922));
#8122=CARTESIAN_POINT('Ctrl Pts',(34.7650265840838,-0.899999999999994,1.22236452509738));
#8123=CARTESIAN_POINT('Ctrl Pts',(34.7650265840838,-1.09999999999999,1.22236452509738));
#8124=CARTESIAN_POINT('Ctrl Pts',(34.7771148734577,-0.899999999999994,1.22998366742839));
#8125=CARTESIAN_POINT('Ctrl Pts',(34.7771148734577,-1.09999999999999,1.22998366742839));
#8126=CARTESIAN_POINT('',(34.7034536456635,-0.899999999999994,1.16776319558389));
#8127=CARTESIAN_POINT('Ctrl Pts',(34.7771148734577,-0.899999999999994,1.22998366742839));
#8128=CARTESIAN_POINT('Ctrl Pts',(34.7650265840838,-0.899999999999994,1.22236452509738));
#8129=CARTESIAN_POINT('Ctrl Pts',(34.7376117503221,-0.899999999999994,1.20508519681922));
#8130=CARTESIAN_POINT('Ctrl Pts',(34.7157023313616,-0.899999999999994,1.1811464165595));
#8131=CARTESIAN_POINT('Ctrl Pts',(34.7034536456635,-0.899999999999994,1.16776319558389));
#8132=CARTESIAN_POINT('',(34.7034536456635,-1.09999999999999,1.16776319558389));
#8133=CARTESIAN_POINT('Ctrl Pts',(34.7034536456635,-1.09999999999999,1.16776319558389));
#8134=CARTESIAN_POINT('Ctrl Pts',(34.7157023313616,-1.09999999999999,1.1811464165595));
#8135=CARTESIAN_POINT('Ctrl Pts',(34.7376117503221,-1.09999999999999,1.20508519681922));
#8136=CARTESIAN_POINT('Ctrl Pts',(34.7650265840838,-1.09999999999999,1.22236452509738));
#8137=CARTESIAN_POINT('Ctrl Pts',(34.7771148734577,-1.09999999999999,1.22998366742839));
#8138=CARTESIAN_POINT('',(34.7034536456635,-0.899999999999994,1.16776319558389));
#8139=CARTESIAN_POINT('Origin',(34.4194097711068,-0.899999999999994,1.20865165493497));
#8140=CARTESIAN_POINT('',(34.4194097711068,-0.899999999999994,1.20865165493497));
#8141=CARTESIAN_POINT('',(32.512326581617,-0.899999999999994,1.48317858706566));
#8142=CARTESIAN_POINT('',(34.4194097711068,-1.09999999999999,1.20865165493497));
#8143=CARTESIAN_POINT('',(34.7034536456635,-1.09999999999999,1.16776319558389));
#8144=CARTESIAN_POINT('',(34.4194097711068,-0.899999999999994,1.20865165493497));
#8145=CARTESIAN_POINT('Origin',(34.5249138357206,-0.899999999999994,1.85368666457991));
#8146=CARTESIAN_POINT('',(34.6897723381921,-0.899999999999994,2.86160523265582));
#8147=CARTESIAN_POINT('',(34.4194097711068,-1.09999999999999,1.20865165493497));
#8148=CARTESIAN_POINT('Origin',(37.902382574803,-1.09999999999999,1.25407763701504));
#8149=CARTESIAN_POINT('Origin',(37.8459534473054,-0.899999999999993,0.654146975022202));
#8150=CARTESIAN_POINT('',(37.8457842913592,-0.899999999999993,1.87461085015675));
#8151=CARTESIAN_POINT('',(37.8459534473054,-0.899999999999993,0.654146975022202));
#8152=CARTESIAN_POINT('',(37.8456868644875,-0.899999999999993,2.5775478741637));
#8153=CARTESIAN_POINT('',(37.8457842913592,-1.09999999999999,1.87461085015675));
#8154=CARTESIAN_POINT('',(37.8457842913592,-0.899999999999993,1.87461085015675));
#8155=CARTESIAN_POINT('',(37.8459534473054,-1.09999999999999,0.654146975022202));
#8156=CARTESIAN_POINT('',(37.8457842913592,-1.09999999999999,1.87461085015675));
#8157=CARTESIAN_POINT('',(37.8459534473054,-0.899999999999993,0.654146975022202));
#8158=CARTESIAN_POINT('Origin',(37.5087091783125,-0.899999999999994,0.654100233062383));
#8159=CARTESIAN_POINT('',(37.5087091783125,-0.899999999999994,0.654100233062383));
#8160=CARTESIAN_POINT('',(34.2546211719741,-0.899999999999994,0.653649217389705));
#8161=CARTESIAN_POINT('',(37.5087091783125,-1.09999999999999,0.654100233062383));
#8162=CARTESIAN_POINT('',(37.8459534473054,-1.09999999999999,0.654146975022201));
#8163=CARTESIAN_POINT('',(37.5087091783125,-0.899999999999994,0.654100233062383));
#8164=CARTESIAN_POINT('Origin',(37.5085983363591,-0.899999999999993,1.4538273672382));
#8165=CARTESIAN_POINT('',(37.5085983363591,-0.899999999999993,1.4538273672382));
#8166=CARTESIAN_POINT('',(37.5083871745179,-0.899999999999993,2.97736469929178));
#8167=CARTESIAN_POINT('',(37.5085983363591,-1.09999999999999,1.4538273672382));
#8168=CARTESIAN_POINT('',(37.5087091783125,-1.09999999999999,0.654100233062383));
#8169=CARTESIAN_POINT('',(37.5085983363591,-0.899999999999993,1.4538273672382));
#8170=CARTESIAN_POINT('Ctrl Pts',(37.3498127037219,-0.899999999999993,1.35312320432978));
#8171=CARTESIAN_POINT('Ctrl Pts',(37.3498127037219,-1.09999999999999,1.35312320432978));
#8172=CARTESIAN_POINT('Ctrl Pts',(37.3762221597186,-0.899999999999993,1.36736787950794));
#8173=CARTESIAN_POINT('Ctrl Pts',(37.3762221597186,-1.09999999999999,1.36736787950794));
#8174=CARTESIAN_POINT('Ctrl Pts',(37.4315146425053,-0.899999999999993,1.39719141912146));
#8175=CARTESIAN_POINT('Ctrl Pts',(37.4315146425053,-1.09999999999999,1.39719141912146));
#8176=CARTESIAN_POINT('Ctrl Pts',(37.482148714541,-0.899999999999993,1.43439395228226));
#8177=CARTESIAN_POINT('Ctrl Pts',(37.482148714541,-1.09999999999999,1.43439395228226));
#8178=CARTESIAN_POINT('Ctrl Pts',(37.5085983363591,-0.899999999999993,1.4538273672382));
#8179=CARTESIAN_POINT('Ctrl Pts',(37.5085983363591,-1.09999999999999,1.4538273672382));
#8180=CARTESIAN_POINT('',(37.3498127037219,-0.899999999999993,1.35312320432978));
#8181=CARTESIAN_POINT('Ctrl Pts',(37.5085983363591,-0.899999999999993,1.4538273672382));
#8182=CARTESIAN_POINT('Ctrl Pts',(37.482148714541,-0.899999999999993,1.43439395228226));
#8183=CARTESIAN_POINT('Ctrl Pts',(37.4315146425053,-0.899999999999993,1.39719141912146));
#8184=CARTESIAN_POINT('Ctrl Pts',(37.3762221597186,-0.899999999999993,1.36736787950794));
#8185=CARTESIAN_POINT('Ctrl Pts',(37.3498127037219,-0.899999999999993,1.35312320432978));
#8186=CARTESIAN_POINT('',(37.3498127037219,-1.09999999999999,1.35312320432978));
#8187=CARTESIAN_POINT('Ctrl Pts',(37.3498127037219,-1.09999999999999,1.35312320432978));
#8188=CARTESIAN_POINT('Ctrl Pts',(37.3762221597186,-1.09999999999999,1.36736787950794));
#8189=CARTESIAN_POINT('Ctrl Pts',(37.4315146425053,-1.09999999999999,1.39719141912146));
#8190=CARTESIAN_POINT('Ctrl Pts',(37.482148714541,-1.09999999999999,1.43439395228226));
#8191=CARTESIAN_POINT('Ctrl Pts',(37.5085983363591,-1.09999999999999,1.4538273672382));
#8192=CARTESIAN_POINT('',(37.3498127037219,-0.899999999999993,1.35312320432978));
#8193=CARTESIAN_POINT('Ctrl Pts',(37.1582813040336,-0.899999999999993,1.27942680659837));
#8194=CARTESIAN_POINT('Ctrl Pts',(37.1582813040336,-1.09999999999999,1.27942680659837));
#8195=CARTESIAN_POINT('Ctrl Pts',(37.1937855431789,-0.899999999999993,1.29064485460712));
#8196=CARTESIAN_POINT('Ctrl Pts',(37.1937855431789,-1.09999999999999,1.29064485460712));
#8197=CARTESIAN_POINT('Ctrl Pts',(37.2591510672909,-0.899999999999993,1.31129798238173));
#8198=CARTESIAN_POINT('Ctrl Pts',(37.2591510672909,-1.09999999999999,1.31129798238173));
#8199=CARTESIAN_POINT('Ctrl Pts',(37.3213829685747,-0.899999999999993,1.34000762392262));
#8200=CARTESIAN_POINT('Ctrl Pts',(37.3213829685747,-1.09999999999999,1.34000762392262));
#8201=CARTESIAN_POINT('Ctrl Pts',(37.3498127037219,-0.899999999999993,1.35312320432978));
#8202=CARTESIAN_POINT('Ctrl Pts',(37.3498127037219,-1.09999999999999,1.35312320432978));
#8203=CARTESIAN_POINT('',(37.1582813040336,-0.899999999999993,1.27942680659837));
#8204=CARTESIAN_POINT('Ctrl Pts',(37.3498127037219,-0.899999999999993,1.35312320432978));
#8205=CARTESIAN_POINT('Ctrl Pts',(37.3213829685747,-0.899999999999993,1.34000762392262));
#8206=CARTESIAN_POINT('Ctrl Pts',(37.2591510672909,-0.899999999999993,1.31129798238173));
#8207=CARTESIAN_POINT('Ctrl Pts',(37.1937855431789,-0.899999999999993,1.29064485460712));
#8208=CARTESIAN_POINT('Ctrl Pts',(37.1582813040336,-0.899999999999993,1.27942680659837));
#8209=CARTESIAN_POINT('',(37.1582813040336,-1.09999999999999,1.27942680659837));
#8210=CARTESIAN_POINT('Ctrl Pts',(37.1582813040336,-1.09999999999999,1.27942680659837));
#8211=CARTESIAN_POINT('Ctrl Pts',(37.1937855431789,-1.09999999999999,1.29064485460712));
#8212=CARTESIAN_POINT('Ctrl Pts',(37.2591510672909,-1.09999999999999,1.31129798238173));
#8213=CARTESIAN_POINT('Ctrl Pts',(37.3213829685747,-1.09999999999999,1.34000762392262));
#8214=CARTESIAN_POINT('Ctrl Pts',(37.3498127037219,-1.09999999999999,1.35312320432978));
#8215=CARTESIAN_POINT('',(37.1582813040336,-0.899999999999993,1.27942680659837));
#8216=CARTESIAN_POINT('Origin',(37.1582434112815,-0.899999999999993,1.55282384731976));
#8217=CARTESIAN_POINT('',(37.1582434112815,-0.899999999999993,1.55282384731976));
#8218=CARTESIAN_POINT('',(37.1580391132474,-0.899999999999993,3.0268386607374));
#8219=CARTESIAN_POINT('',(37.1582434112815,-1.09999999999999,1.55282384731976));
#8220=CARTESIAN_POINT('',(37.1582813040336,-1.09999999999999,1.27942680659837));
#8221=CARTESIAN_POINT('',(37.1582434112815,-0.899999999999993,1.55282384731976));
#8222=CARTESIAN_POINT('Ctrl Pts',(37.4226182342844,-0.899999999999993,1.68464762705798));
#8223=CARTESIAN_POINT('Ctrl Pts',(37.4226182342844,-1.09999999999999,1.68464762705798));
#8224=CARTESIAN_POINT('Ctrl Pts',(37.3857356657614,-0.899999999999993,1.65919671252293));
#8225=CARTESIAN_POINT('Ctrl Pts',(37.3857356657614,-1.09999999999999,1.65919671252293));
#8226=CARTESIAN_POINT('Ctrl Pts',(37.3039735926791,-0.899999999999993,1.60277657646515));
#8227=CARTESIAN_POINT('Ctrl Pts',(37.3039735926791,-1.09999999999999,1.60277657646515));
#8228=CARTESIAN_POINT('Ctrl Pts',(37.2098875747724,-0.899999999999993,1.5705261989264));
#8229=CARTESIAN_POINT('Ctrl Pts',(37.2098875747724,-1.09999999999999,1.5705261989264));
#8230=CARTESIAN_POINT('Ctrl Pts',(37.1582434112815,-0.899999999999993,1.55282384731976));
#8231=CARTESIAN_POINT('Ctrl Pts',(37.1582434112815,-1.09999999999999,1.55282384731976));
#8232=CARTESIAN_POINT('',(37.4226182342844,-0.899999999999993,1.68464762705798));
#8233=CARTESIAN_POINT('Ctrl Pts',(37.1582434112815,-0.899999999999993,1.55282384731976));
#8234=CARTESIAN_POINT('Ctrl Pts',(37.2098875747724,-0.899999999999993,1.5705261989264));
#8235=CARTESIAN_POINT('Ctrl Pts',(37.3039735926791,-0.899999999999993,1.60277657646515));
#8236=CARTESIAN_POINT('Ctrl Pts',(37.3857356657614,-0.899999999999993,1.65919671252293));
#8237=CARTESIAN_POINT('Ctrl Pts',(37.4226182342844,-0.899999999999993,1.68464762705798));
#8238=CARTESIAN_POINT('',(37.4226182342844,-1.09999999999999,1.68464762705798));
#8239=CARTESIAN_POINT('Ctrl Pts',(37.4226182342844,-1.09999999999999,1.68464762705798));
#8240=CARTESIAN_POINT('Ctrl Pts',(37.3857356657614,-1.09999999999999,1.65919671252293));
#8241=CARTESIAN_POINT('Ctrl Pts',(37.3039735926791,-1.09999999999999,1.60277657646515));
#8242=CARTESIAN_POINT('Ctrl Pts',(37.2098875747724,-1.09999999999999,1.5705261989264));
#8243=CARTESIAN_POINT('Ctrl Pts',(37.1582434112815,-1.09999999999999,1.55282384731976));
#8244=CARTESIAN_POINT('',(37.4226182342844,-0.899999999999993,1.68464762705798));
#8245=CARTESIAN_POINT('Ctrl Pts',(37.5699316138025,-0.899999999999993,1.87457261705406));
#8246=CARTESIAN_POINT('Ctrl Pts',(37.5699316138025,-1.09999999999999,1.87457261705406));
#8247=CARTESIAN_POINT('Ctrl Pts',(37.5506058616957,-0.899999999999993,1.83850719546187));
#8248=CARTESIAN_POINT('Ctrl Pts',(37.5506058616957,-1.09999999999999,1.83850719546187));
#8249=CARTESIAN_POINT('Ctrl Pts',(37.5122198320302,-0.899999999999993,1.76687177679929));
#8250=CARTESIAN_POINT('Ctrl Pts',(37.5122198320302,-1.09999999999999,1.76687177679929));
#8251=CARTESIAN_POINT('Ctrl Pts',(37.4523474093221,-0.899999999999993,1.71192901713904));
#8252=CARTESIAN_POINT('Ctrl Pts',(37.4523474093221,-1.09999999999999,1.71192901713904));
#8253=CARTESIAN_POINT('Ctrl Pts',(37.4226182342844,-0.899999999999993,1.68464762705798));
#8254=CARTESIAN_POINT('Ctrl Pts',(37.4226182342844,-1.09999999999999,1.68464762705798));
#8255=CARTESIAN_POINT('',(37.5699316138025,-0.899999999999993,1.87457261705406));
#8256=CARTESIAN_POINT('Ctrl Pts',(37.4226182342844,-0.899999999999993,1.68464762705798));
#8257=CARTESIAN_POINT('Ctrl Pts',(37.4523474093221,-0.899999999999993,1.71192901713904));
#8258=CARTESIAN_POINT('Ctrl Pts',(37.5122198320302,-0.899999999999993,1.76687177679929));
#8259=CARTESIAN_POINT('Ctrl Pts',(37.5506058616957,-0.899999999999993,1.83850719546187));
#8260=CARTESIAN_POINT('Ctrl Pts',(37.5699316138025,-0.899999999999993,1.87457261705406));
#8261=CARTESIAN_POINT('',(37.5699316138025,-1.09999999999999,1.87457261705406));
#8262=CARTESIAN_POINT('Ctrl Pts',(37.5699316138025,-1.09999999999999,1.87457261705406));
#8263=CARTESIAN_POINT('Ctrl Pts',(37.5506058616957,-1.09999999999999,1.83850719546187));
#8264=CARTESIAN_POINT('Ctrl Pts',(37.5122198320302,-1.09999999999999,1.76687177679929));
#8265=CARTESIAN_POINT('Ctrl Pts',(37.4523474093221,-1.09999999999999,1.71192901713904));
#8266=CARTESIAN_POINT('Ctrl Pts',(37.4226182342844,-1.09999999999999,1.68464762705798));
#8267=CARTESIAN_POINT('',(37.5699316138025,-0.899999999999993,1.87457261705406));
#8268=CARTESIAN_POINT('Origin',(37.8457842913592,-0.899999999999993,1.87461085015675));
#8269=CARTESIAN_POINT('',(34.4230741505244,-0.899999999999994,1.87413646350416));
#8270=CARTESIAN_POINT('',(37.5699316138025,-1.09999999999999,1.87457261705406));
#8271=CARTESIAN_POINT('Origin',(37.902382574803,-1.09999999999999,1.25407763701504));
#8272=CARTESIAN_POINT('Ctrl Pts',(38.5972777993979,-0.899999999999993,1.43433293932468));
#8273=CARTESIAN_POINT('Ctrl Pts',(38.5972777993979,-1.09999999999999,1.43433293932468));
#8274=CARTESIAN_POINT('Ctrl Pts',(38.5860590516737,-0.899999999999993,1.4485084566725));
#8275=CARTESIAN_POINT('Ctrl Pts',(38.5860590516737,-1.09999999999999,1.4485084566725));
#8276=CARTESIAN_POINT('Ctrl Pts',(38.5627458256019,-0.899999999999993,1.47796602615705));
#8277=CARTESIAN_POINT('Ctrl Pts',(38.5627458256019,-1.09999999999999,1.47796602615705));
#8278=CARTESIAN_POINT('Ctrl Pts',(38.560142359957,-0.899999999999993,1.5155248991458));
#8279=CARTESIAN_POINT('Ctrl Pts',(38.560142359957,-1.09999999999999,1.5155248991458));
#8280=CARTESIAN_POINT('Ctrl Pts',(38.558791729256,-0.899999999999993,1.53500976043117));
#8281=CARTESIAN_POINT('Ctrl Pts',(38.558791729256,-1.09999999999999,1.53500976043117));
#8282=CARTESIAN_POINT('',(38.558791729256,-0.899999999999993,1.53500976043117));
#8283=CARTESIAN_POINT('',(38.5972777993979,-0.899999999999993,1.43433293932468));
#8284=CARTESIAN_POINT('Ctrl Pts',(38.558791729256,-0.899999999999993,1.53500976043117));
#8285=CARTESIAN_POINT('Ctrl Pts',(38.560142359957,-0.899999999999993,1.5155248991458));
#8286=CARTESIAN_POINT('Ctrl Pts',(38.5627458256019,-0.899999999999993,1.47796602615705));
#8287=CARTESIAN_POINT('Ctrl Pts',(38.5860590516737,-0.899999999999993,1.4485084566725));
#8288=CARTESIAN_POINT('Ctrl Pts',(38.5972777993979,-0.899999999999993,1.43433293932468));
#8289=CARTESIAN_POINT('',(38.558791729256,-1.09999999999999,1.53500976043117));
#8290=CARTESIAN_POINT('',(38.558791729256,-0.899999999999993,1.53500976043117));
#8291=CARTESIAN_POINT('',(38.5972777993979,-1.09999999999999,1.43433293932468));
#8292=CARTESIAN_POINT('Ctrl Pts',(38.5972777993979,-1.09999999999999,1.43433293932468));
#8293=CARTESIAN_POINT('Ctrl Pts',(38.5860590516737,-1.09999999999999,1.4485084566725));
#8294=CARTESIAN_POINT('Ctrl Pts',(38.5627458256019,-1.09999999999999,1.47796602615705));
#8295=CARTESIAN_POINT('Ctrl Pts',(38.560142359957,-1.09999999999999,1.5155248991458));
#8296=CARTESIAN_POINT('Ctrl Pts',(38.558791729256,-1.09999999999999,1.53500976043117));
#8297=CARTESIAN_POINT('',(38.5972777993979,-0.899999999999993,1.43433293932468));
#8298=CARTESIAN_POINT('Ctrl Pts',(38.7012391800858,-0.899999999999993,1.39669390178332));
#8299=CARTESIAN_POINT('Ctrl Pts',(38.7012391800858,-1.09999999999999,1.39669390178332));
#8300=CARTESIAN_POINT('Ctrl Pts',(38.6810921557257,-0.899999999999993,1.39793601677166));
#8301=CARTESIAN_POINT('Ctrl Pts',(38.6810921557257,-1.09999999999999,1.39793601677166));
#8302=CARTESIAN_POINT('Ctrl Pts',(38.6426435183144,-0.899999999999993,1.4003064724755));
#8303=CARTESIAN_POINT('Ctrl Pts',(38.6426435183144,-1.09999999999999,1.4003064724755));
#8304=CARTESIAN_POINT('Ctrl Pts',(38.6119079697783,-0.899999999999993,1.42335960925654));
#8305=CARTESIAN_POINT('Ctrl Pts',(38.6119079697783,-1.09999999999999,1.42335960925654));
#8306=CARTESIAN_POINT('Ctrl Pts',(38.5972777993979,-0.899999999999993,1.43433293932468));
#8307=CARTESIAN_POINT('Ctrl Pts',(38.5972777993979,-1.09999999999999,1.43433293932468));
#8308=CARTESIAN_POINT('',(38.7012391800858,-0.899999999999993,1.39669390178332));
#8309=CARTESIAN_POINT('Ctrl Pts',(38.5972777993979,-0.899999999999993,1.43433293932468));
#8310=CARTESIAN_POINT('Ctrl Pts',(38.6119079697783,-0.899999999999993,1.42335960925654));
#8311=CARTESIAN_POINT('Ctrl Pts',(38.6426435183144,-0.899999999999993,1.4003064724755));
#8312=CARTESIAN_POINT('Ctrl Pts',(38.6810921557257,-0.899999999999993,1.39793601677166));
#8313=CARTESIAN_POINT('Ctrl Pts',(38.7012391800858,-0.899999999999993,1.39669390178332));
#8314=CARTESIAN_POINT('',(38.7012391800858,-1.09999999999999,1.39669390178332));
#8315=CARTESIAN_POINT('Ctrl Pts',(38.7012391800858,-1.09999999999999,1.39669390178332));
#8316=CARTESIAN_POINT('Ctrl Pts',(38.6810921557257,-1.09999999999999,1.39793601677166));
#8317=CARTESIAN_POINT('Ctrl Pts',(38.6426435183144,-1.09999999999999,1.4003064724755));
#8318=CARTESIAN_POINT('Ctrl Pts',(38.6119079697783,-1.09999999999999,1.42335960925654));
#8319=CARTESIAN_POINT('Ctrl Pts',(38.5972777993979,-1.09999999999999,1.43433293932468));
#8320=CARTESIAN_POINT('',(38.7012391800858,-0.899999999999993,1.39669390178332));
#8321=CARTESIAN_POINT('Ctrl Pts',(38.7953675759185,-0.899999999999993,1.4343603945114));
#8322=CARTESIAN_POINT('Ctrl Pts',(38.7953675759185,-1.09999999999999,1.4343603945114));
#8323=CARTESIAN_POINT('Ctrl Pts',(38.7820213835507,-0.899999999999993,1.423378009942));
#8324=CARTESIAN_POINT('Ctrl Pts',(38.7820213835507,-1.09999999999999,1.423378009942));
#8325=CARTESIAN_POINT('Ctrl Pts',(38.7546812674878,-0.899999999999993,1.40088023226129));
#8326=CARTESIAN_POINT('Ctrl Pts',(38.7546812674878,-1.09999999999999,1.40088023226129));
#8327=CARTESIAN_POINT('Ctrl Pts',(38.7193323666601,-0.899999999999993,1.39811121278448));
#8328=CARTESIAN_POINT('Ctrl Pts',(38.7193323666601,-1.09999999999999,1.39811121278448));
#8329=CARTESIAN_POINT('Ctrl Pts',(38.7012391800858,-0.899999999999993,1.39669390178332));
#8330=CARTESIAN_POINT('Ctrl Pts',(38.7012391800858,-1.09999999999999,1.39669390178332));
#8331=CARTESIAN_POINT('',(38.7953675759185,-0.899999999999993,1.4343603945114));
#8332=CARTESIAN_POINT('Ctrl Pts',(38.7012391800858,-0.899999999999993,1.39669390178332));
#8333=CARTESIAN_POINT('Ctrl Pts',(38.7193323666601,-0.899999999999993,1.39811121278448));
#8334=CARTESIAN_POINT('Ctrl Pts',(38.7546812674878,-0.899999999999993,1.40088023226129));
#8335=CARTESIAN_POINT('Ctrl Pts',(38.7820213835507,-0.899999999999993,1.423378009942));
#8336=CARTESIAN_POINT('Ctrl Pts',(38.7953675759185,-0.899999999999993,1.4343603945114));
#8337=CARTESIAN_POINT('',(38.7953675759185,-1.09999999999999,1.4343603945114));
#8338=CARTESIAN_POINT('Ctrl Pts',(38.7953675759185,-1.09999999999999,1.4343603945114));
#8339=CARTESIAN_POINT('Ctrl Pts',(38.7820213835507,-1.09999999999999,1.423378009942));
#8340=CARTESIAN_POINT('Ctrl Pts',(38.7546812674878,-1.09999999999999,1.40088023226129));
#8341=CARTESIAN_POINT('Ctrl Pts',(38.7193323666601,-1.09999999999999,1.39811121278448));
#8342=CARTESIAN_POINT('Ctrl Pts',(38.7012391800858,-1.09999999999999,1.39669390178332));
#8343=CARTESIAN_POINT('',(38.7953675759185,-0.899999999999993,1.4343603945114));
#8344=CARTESIAN_POINT('Ctrl Pts',(38.8321891492793,-0.899999999999993,1.5317734210553));
#8345=CARTESIAN_POINT('Ctrl Pts',(38.8321891492793,-1.09999999999999,1.5317734210553));
#8346=CARTESIAN_POINT('Ctrl Pts',(38.8308851122061,-0.899999999999993,1.51301568390258));
#8347=CARTESIAN_POINT('Ctrl Pts',(38.8308851122061,-1.09999999999999,1.51301568390258));
#8348=CARTESIAN_POINT('Ctrl Pts',(38.8283658307671,-0.899999999999993,1.47677743575931));
#8349=CARTESIAN_POINT('Ctrl Pts',(38.8283658307671,-1.09999999999999,1.47677743575931));
#8350=CARTESIAN_POINT('Ctrl Pts',(38.8061054702007,-0.899999999999993,1.44816323671543));
#8351=CARTESIAN_POINT('Ctrl Pts',(38.8061054702007,-1.09999999999999,1.44816323671543));
#8352=CARTESIAN_POINT('Ctrl Pts',(38.7953675759185,-0.899999999999993,1.4343603945114));
#8353=CARTESIAN_POINT('Ctrl Pts',(38.7953675759185,-1.09999999999999,1.4343603945114));
#8354=CARTESIAN_POINT('',(38.8321891492793,-0.899999999999993,1.5317734210553));
#8355=CARTESIAN_POINT('Ctrl Pts',(38.7953675759185,-0.899999999999993,1.4343603945114));
#8356=CARTESIAN_POINT('Ctrl Pts',(38.8061054702007,-0.899999999999993,1.44816323671543));
#8357=CARTESIAN_POINT('Ctrl Pts',(38.8283658307671,-0.899999999999993,1.47677743575931));
#8358=CARTESIAN_POINT('Ctrl Pts',(38.8308851122061,-0.899999999999993,1.51301568390258));
#8359=CARTESIAN_POINT('Ctrl Pts',(38.8321891492793,-0.899999999999993,1.5317734210553));
#8360=CARTESIAN_POINT('',(38.8321891492793,-1.09999999999999,1.5317734210553));
#8361=CARTESIAN_POINT('Ctrl Pts',(38.8321891492793,-1.09999999999999,1.5317734210553));
#8362=CARTESIAN_POINT('Ctrl Pts',(38.8308851122061,-1.09999999999999,1.51301568390258));
#8363=CARTESIAN_POINT('Ctrl Pts',(38.8283658307671,-1.09999999999999,1.47677743575931));
#8364=CARTESIAN_POINT('Ctrl Pts',(38.8061054702007,-1.09999999999999,1.44816323671543));
#8365=CARTESIAN_POINT('Ctrl Pts',(38.7953675759185,-1.09999999999999,1.4343603945114));
#8366=CARTESIAN_POINT('',(38.8321891492793,-0.899999999999993,1.5317734210553));
#8367=CARTESIAN_POINT('Ctrl Pts',(38.7937030791375,-0.899999999999993,1.63245024216179));
#8368=CARTESIAN_POINT('Ctrl Pts',(38.7937030791375,-1.09999999999999,1.63245024216179));
#8369=CARTESIAN_POINT('Ctrl Pts',(38.8049216807159,-0.899999999999993,1.61827473222458));
#8370=CARTESIAN_POINT('Ctrl Pts',(38.8049216807159,-1.09999999999999,1.61827473222458));
#8371=CARTESIAN_POINT('Ctrl Pts',(38.8282346806336,-0.899999999999993,1.58881708015528));
#8372=CARTESIAN_POINT('Ctrl Pts',(38.8282346806336,-1.09999999999999,1.58881708015528));
#8373=CARTESIAN_POINT('Ctrl Pts',(38.830838388665,-0.899999999999993,1.55125829624663));
#8374=CARTESIAN_POINT('Ctrl Pts',(38.830838388665,-1.09999999999999,1.55125829624663));
#8375=CARTESIAN_POINT('Ctrl Pts',(38.8321891492793,-0.899999999999993,1.5317734210553));
#8376=CARTESIAN_POINT('Ctrl Pts',(38.8321891492793,-1.09999999999999,1.5317734210553));
#8377=CARTESIAN_POINT('',(38.7937030791375,-0.899999999999993,1.63245024216179));
#8378=CARTESIAN_POINT('Ctrl Pts',(38.8321891492793,-0.899999999999993,1.5317734210553));
#8379=CARTESIAN_POINT('Ctrl Pts',(38.830838388665,-0.899999999999993,1.55125829624663));
#8380=CARTESIAN_POINT('Ctrl Pts',(38.8282346806336,-0.899999999999993,1.58881708015528));
#8381=CARTESIAN_POINT('Ctrl Pts',(38.8049216807159,-0.899999999999993,1.61827473222458));
#8382=CARTESIAN_POINT('Ctrl Pts',(38.7937030791375,-0.899999999999993,1.63245024216179));
#8383=CARTESIAN_POINT('',(38.7937030791375,-1.09999999999999,1.63245024216179));
#8384=CARTESIAN_POINT('Ctrl Pts',(38.7937030791375,-1.09999999999999,1.63245024216179));
#8385=CARTESIAN_POINT('Ctrl Pts',(38.8049216807159,-1.09999999999999,1.61827473222458));
#8386=CARTESIAN_POINT('Ctrl Pts',(38.8282346806336,-1.09999999999999,1.58881708015528));
#8387=CARTESIAN_POINT('Ctrl Pts',(38.830838388665,-1.09999999999999,1.55125829624663));
#8388=CARTESIAN_POINT('Ctrl Pts',(38.8321891492793,-1.09999999999999,1.5317734210553));
#8389=CARTESIAN_POINT('',(38.7937030791375,-0.899999999999993,1.63245024216179));
#8390=CARTESIAN_POINT('Ctrl Pts',(38.6954712659929,-0.899999999999993,1.67172718990987));
#8391=CARTESIAN_POINT('Ctrl Pts',(38.6954712659929,-1.09999999999999,1.67172718990987));
#8392=CARTESIAN_POINT('Ctrl Pts',(38.7143447027928,-0.899999999999993,1.67025143333032));
#8393=CARTESIAN_POINT('Ctrl Pts',(38.7143447027928,-1.09999999999999,1.67025143333032));
#8394=CARTESIAN_POINT('Ctrl Pts',(38.7512285760301,-0.899999999999993,1.66736740011548));
#8395=CARTESIAN_POINT('Ctrl Pts',(38.7512285760301,-1.09999999999999,1.66736740011548));
#8396=CARTESIAN_POINT('Ctrl Pts',(38.7797674937743,-0.899999999999993,1.64390631579904));
#8397=CARTESIAN_POINT('Ctrl Pts',(38.7797674937743,-1.09999999999999,1.64390631579904));
#8398=CARTESIAN_POINT('Ctrl Pts',(38.7937030791375,-0.899999999999993,1.63245024216179));
#8399=CARTESIAN_POINT('Ctrl Pts',(38.7937030791375,-1.09999999999999,1.63245024216179));
#8400=CARTESIAN_POINT('',(38.6954712659929,-0.899999999999993,1.67172718990987));
#8401=CARTESIAN_POINT('Ctrl Pts',(38.7937030791375,-0.899999999999993,1.63245024216179));
#8402=CARTESIAN_POINT('Ctrl Pts',(38.7797674937743,-0.899999999999993,1.64390631579904));
#8403=CARTESIAN_POINT('Ctrl Pts',(38.7512285760301,-0.899999999999993,1.66736740011548));
#8404=CARTESIAN_POINT('Ctrl Pts',(38.7143447027928,-0.899999999999993,1.67025143333032));
#8405=CARTESIAN_POINT('Ctrl Pts',(38.6954712659929,-0.899999999999993,1.67172718990987));
#8406=CARTESIAN_POINT('',(38.6954712659929,-1.09999999999999,1.67172718990987));
#8407=CARTESIAN_POINT('Ctrl Pts',(38.6954712659929,-1.09999999999999,1.67172718990987));
#8408=CARTESIAN_POINT('Ctrl Pts',(38.7143447027928,-1.09999999999999,1.67025143333032));
#8409=CARTESIAN_POINT('Ctrl Pts',(38.7512285760301,-1.09999999999999,1.66736740011548));
#8410=CARTESIAN_POINT('Ctrl Pts',(38.7797674937743,-1.09999999999999,1.64390631579904));
#8411=CARTESIAN_POINT('Ctrl Pts',(38.7937030791375,-1.09999999999999,1.63245024216179));
#8412=CARTESIAN_POINT('',(38.6954712659929,-0.899999999999993,1.67172718990987));
#8413=CARTESIAN_POINT('Ctrl Pts',(38.596431560935,-0.899999999999993,1.63324142117769));
#8414=CARTESIAN_POINT('Ctrl Pts',(38.596431560935,-1.09999999999999,1.63324142117769));
#8415=CARTESIAN_POINT('Ctrl Pts',(38.6104626873873,-0.899999999999993,1.64446154684934));
#8416=CARTESIAN_POINT('Ctrl Pts',(38.6104626873873,-1.09999999999999,1.64446154684934));
#8417=CARTESIAN_POINT('Ctrl Pts',(38.6393962025639,-0.899999999999993,1.66759851147621));
#8418=CARTESIAN_POINT('Ctrl Pts',(38.6393962025639,-1.09999999999999,1.66759851147621));
#8419=CARTESIAN_POINT('Ctrl Pts',(38.6764080707901,-0.899999999999993,1.6703236105272));
#8420=CARTESIAN_POINT('Ctrl Pts',(38.6764080707901,-1.09999999999999,1.6703236105272));
#8421=CARTESIAN_POINT('Ctrl Pts',(38.6954712659929,-0.899999999999993,1.67172718990987));
#8422=CARTESIAN_POINT('Ctrl Pts',(38.6954712659929,-1.09999999999999,1.67172718990987));
#8423=CARTESIAN_POINT('',(38.596431560935,-0.899999999999993,1.63324142117769));
#8424=CARTESIAN_POINT('Ctrl Pts',(38.6954712659929,-0.899999999999993,1.67172718990987));
#8425=CARTESIAN_POINT('Ctrl Pts',(38.6764080707901,-0.899999999999993,1.6703236105272));
#8426=CARTESIAN_POINT('Ctrl Pts',(38.6393962025639,-0.899999999999993,1.66759851147621));
#8427=CARTESIAN_POINT('Ctrl Pts',(38.6104626873873,-0.899999999999993,1.64446154684934));
#8428=CARTESIAN_POINT('Ctrl Pts',(38.596431560935,-0.899999999999993,1.63324142117769));
#8429=CARTESIAN_POINT('',(38.596431560935,-1.09999999999999,1.63324142117769));
#8430=CARTESIAN_POINT('Ctrl Pts',(38.596431560935,-1.09999999999999,1.63324142117769));
#8431=CARTESIAN_POINT('Ctrl Pts',(38.6104626873873,-1.09999999999999,1.64446154684934));
#8432=CARTESIAN_POINT('Ctrl Pts',(38.6393962025639,-1.09999999999999,1.66759851147621));
#8433=CARTESIAN_POINT('Ctrl Pts',(38.6764080707901,-1.09999999999999,1.6703236105272));
#8434=CARTESIAN_POINT('Ctrl Pts',(38.6954712659929,-1.09999999999999,1.67172718990987));
#8435=CARTESIAN_POINT('',(38.596431560935,-0.899999999999993,1.63324142117769));
#8436=CARTESIAN_POINT('Ctrl Pts',(38.558791729256,-0.899999999999993,1.53500976043117));
#8437=CARTESIAN_POINT('Ctrl Pts',(38.558791729256,-1.09999999999999,1.53500976043117));
#8438=CARTESIAN_POINT('Ctrl Pts',(38.5601185444424,-0.899999999999993,1.55399969119953));
#8439=CARTESIAN_POINT('Ctrl Pts',(38.5601185444424,-1.09999999999999,1.55399969119953));
#8440=CARTESIAN_POINT('Ctrl Pts',(38.5626796560151,-0.899999999999993,1.59065538519162));
#8441=CARTESIAN_POINT('Ctrl Pts',(38.5626796560151,-1.09999999999999,1.59065538519162));
#8442=CARTESIAN_POINT('Ctrl Pts',(38.5854551771775,-0.899999999999993,1.61939210882625));
#8443=CARTESIAN_POINT('Ctrl Pts',(38.5854551771775,-1.09999999999999,1.61939210882625));
#8444=CARTESIAN_POINT('Ctrl Pts',(38.596431560935,-0.899999999999993,1.63324142117769));
#8445=CARTESIAN_POINT('Ctrl Pts',(38.596431560935,-1.09999999999999,1.63324142117769));
#8446=CARTESIAN_POINT('Ctrl Pts',(38.596431560935,-0.899999999999993,1.63324142117769));
#8447=CARTESIAN_POINT('Ctrl Pts',(38.5854551771775,-0.899999999999993,1.61939210882625));
#8448=CARTESIAN_POINT('Ctrl Pts',(38.5626796560151,-0.899999999999993,1.59065538519162));
#8449=CARTESIAN_POINT('Ctrl Pts',(38.5601185444424,-0.899999999999993,1.55399969119953));
#8450=CARTESIAN_POINT('Ctrl Pts',(38.558791729256,-0.899999999999993,1.53500976043117));
#8451=CARTESIAN_POINT('Ctrl Pts',(38.558791729256,-1.09999999999999,1.53500976043117));
#8452=CARTESIAN_POINT('Ctrl Pts',(38.5601185444424,-1.09999999999999,1.55399969119953));
#8453=CARTESIAN_POINT('Ctrl Pts',(38.5626796560151,-1.09999999999999,1.59065538519162));
#8454=CARTESIAN_POINT('Ctrl Pts',(38.5854551771775,-1.09999999999999,1.61939210882625));
#8455=CARTESIAN_POINT('Ctrl Pts',(38.596431560935,-1.09999999999999,1.63324142117769));
#8456=CARTESIAN_POINT('Ctrl Pts',(38.5891676676128,-0.899999999999993,0.888356467625737));
#8457=CARTESIAN_POINT('Ctrl Pts',(38.5891676676128,-1.09999999999999,0.888356467625737));
#8458=CARTESIAN_POINT('Ctrl Pts',(38.5750838037689,-0.899999999999993,0.90689787340225));
#8459=CARTESIAN_POINT('Ctrl Pts',(38.5750838037689,-1.09999999999999,0.90689787340225));
#8460=CARTESIAN_POINT('Ctrl Pts',(38.5458990813032,-0.899999999999993,0.945319558510052));
#8461=CARTESIAN_POINT('Ctrl Pts',(38.5458990813032,-1.09999999999999,0.945319558510052));
#8462=CARTESIAN_POINT('Ctrl Pts',(38.5425749495034,-0.899999999999993,0.993546199718564));
#8463=CARTESIAN_POINT('Ctrl Pts',(38.5425749495034,-1.09999999999999,0.993546199718564));
#8464=CARTESIAN_POINT('Ctrl Pts',(38.5408549658918,-0.899999999999993,1.01849979287162));
#8465=CARTESIAN_POINT('Ctrl Pts',(38.5408549658918,-1.09999999999999,1.01849979287162));
#8466=CARTESIAN_POINT('',(38.5408549658918,-0.899999999999993,1.01849979287162));
#8467=CARTESIAN_POINT('',(38.5891676676128,-0.899999999999993,0.888356467625737));
#8468=CARTESIAN_POINT('Ctrl Pts',(38.5408549658918,-0.899999999999993,1.01849979287162));
#8469=CARTESIAN_POINT('Ctrl Pts',(38.5425749495034,-0.899999999999993,0.993546199718564));
#8470=CARTESIAN_POINT('Ctrl Pts',(38.5458990813032,-0.899999999999993,0.945319558510052));
#8471=CARTESIAN_POINT('Ctrl Pts',(38.5750838037689,-0.899999999999993,0.90689787340225));
#8472=CARTESIAN_POINT('Ctrl Pts',(38.5891676676128,-0.899999999999993,0.888356467625737));
#8473=CARTESIAN_POINT('',(38.5408549658918,-1.09999999999999,1.01849979287162));
#8474=CARTESIAN_POINT('',(38.5408549658918,-0.899999999999993,1.01849979287162));
#8475=CARTESIAN_POINT('',(38.5891676676128,-1.09999999999999,0.888356467625737));
#8476=CARTESIAN_POINT('Ctrl Pts',(38.5891676676128,-1.09999999999999,0.888356467625737));
#8477=CARTESIAN_POINT('Ctrl Pts',(38.5750838037689,-1.09999999999999,0.90689787340225));
#8478=CARTESIAN_POINT('Ctrl Pts',(38.5458990813032,-1.09999999999999,0.945319558510052));
#8479=CARTESIAN_POINT('Ctrl Pts',(38.5425749495034,-1.09999999999999,0.993546199718564));
#8480=CARTESIAN_POINT('Ctrl Pts',(38.5408549658918,-1.09999999999999,1.01849979287162));
#8481=CARTESIAN_POINT('',(38.5891676676128,-0.899999999999993,0.888356467625737));
#8482=CARTESIAN_POINT('Ctrl Pts',(38.6996795123431,-0.899999999999993,0.838439930046782));
#8483=CARTESIAN_POINT('Ctrl Pts',(38.6996795123431,-1.09999999999999,0.838439930046782));
#8484=CARTESIAN_POINT('Ctrl Pts',(38.6792882090516,-0.899999999999993,0.840764735313499));
#8485=CARTESIAN_POINT('Ctrl Pts',(38.6792882090516,-1.09999999999999,0.840764735313499));
#8486=CARTESIAN_POINT('Ctrl Pts',(38.6371964640001,-0.899999999999993,0.845563600260112));
#8487=CARTESIAN_POINT('Ctrl Pts',(38.6371964640001,-1.09999999999999,0.845563600260112));
#8488=CARTESIAN_POINT('Ctrl Pts',(38.6055058141931,-0.899999999999993,0.873799447833376));
#8489=CARTESIAN_POINT('Ctrl Pts',(38.6055058141931,-1.09999999999999,0.873799447833376));
#8490=CARTESIAN_POINT('Ctrl Pts',(38.5891676676128,-0.899999999999993,0.888356467625737));
#8491=CARTESIAN_POINT('Ctrl Pts',(38.5891676676128,-1.09999999999999,0.888356467625737));
#8492=CARTESIAN_POINT('',(38.6996795123431,-0.899999999999993,0.838439930046782));
#8493=CARTESIAN_POINT('Ctrl Pts',(38.5891676676128,-0.899999999999993,0.888356467625737));
#8494=CARTESIAN_POINT('Ctrl Pts',(38.6055058141931,-0.899999999999993,0.873799447833376));
#8495=CARTESIAN_POINT('Ctrl Pts',(38.6371964640001,-0.899999999999993,0.845563600260112));
#8496=CARTESIAN_POINT('Ctrl Pts',(38.6792882090516,-0.899999999999993,0.840764735313499));
#8497=CARTESIAN_POINT('Ctrl Pts',(38.6996795123431,-0.899999999999993,0.838439930046782));
#8498=CARTESIAN_POINT('',(38.6996795123431,-1.09999999999999,0.838439930046782));
#8499=CARTESIAN_POINT('Ctrl Pts',(38.6996795123431,-1.09999999999999,0.838439930046782));
#8500=CARTESIAN_POINT('Ctrl Pts',(38.6792882090516,-1.09999999999999,0.840764735313499));
#8501=CARTESIAN_POINT('Ctrl Pts',(38.6371964640001,-1.09999999999999,0.845563600260112));
#8502=CARTESIAN_POINT('Ctrl Pts',(38.6055058141931,-1.09999999999999,0.873799447833376));
#8503=CARTESIAN_POINT('Ctrl Pts',(38.5891676676128,-1.09999999999999,0.888356467625737));
#8504=CARTESIAN_POINT('',(38.6996795123431,-0.899999999999993,0.838439930046782));
#8505=CARTESIAN_POINT('Ctrl Pts',(38.806903021416,-0.899999999999993,0.889205166476121));
#8506=CARTESIAN_POINT('Ctrl Pts',(38.806903021416,-1.09999999999999,0.889205166476121));
#8507=CARTESIAN_POINT('Ctrl Pts',(38.7910298253893,-0.899999999999993,0.874408843537996));
#8508=CARTESIAN_POINT('Ctrl Pts',(38.7910298253893,-1.09999999999999,0.874408843537996));
#8509=CARTESIAN_POINT('Ctrl Pts',(38.7605846169273,-0.899999999999993,0.84602910605066));
#8510=CARTESIAN_POINT('Ctrl Pts',(38.7605846169273,-1.09999999999999,0.84602910605066));
#8511=CARTESIAN_POINT('Ctrl Pts',(38.7193944108571,-0.899999999999993,0.840896535872241));
#8512=CARTESIAN_POINT('Ctrl Pts',(38.7193944108571,-1.09999999999999,0.840896535872241));
#8513=CARTESIAN_POINT('Ctrl Pts',(38.6996795123431,-0.899999999999993,0.838439930046782));
#8514=CARTESIAN_POINT('Ctrl Pts',(38.6996795123431,-1.09999999999999,0.838439930046782));
#8515=CARTESIAN_POINT('',(38.806903021416,-0.899999999999993,0.889205166476121));
#8516=CARTESIAN_POINT('Ctrl Pts',(38.6996795123431,-0.899999999999993,0.838439930046782));
#8517=CARTESIAN_POINT('Ctrl Pts',(38.7193944108571,-0.899999999999993,0.840896535872241));
#8518=CARTESIAN_POINT('Ctrl Pts',(38.7605846169273,-0.899999999999993,0.84602910605066));
#8519=CARTESIAN_POINT('Ctrl Pts',(38.7910298253893,-0.899999999999993,0.874408843537996));
#8520=CARTESIAN_POINT('Ctrl Pts',(38.806903021416,-0.899999999999993,0.889205166476121));
#8521=CARTESIAN_POINT('',(38.806903021416,-1.09999999999999,0.889205166476121));
#8522=CARTESIAN_POINT('Ctrl Pts',(38.806903021416,-1.09999999999999,0.889205166476121));
#8523=CARTESIAN_POINT('Ctrl Pts',(38.7910298253893,-1.09999999999999,0.874408843537996));
#8524=CARTESIAN_POINT('Ctrl Pts',(38.7605846169273,-1.09999999999999,0.84602910605066));
#8525=CARTESIAN_POINT('Ctrl Pts',(38.7193944108571,-1.09999999999999,0.840896535872241));
#8526=CARTESIAN_POINT('Ctrl Pts',(38.6996795123431,-1.09999999999999,0.838439930046782));
#8527=CARTESIAN_POINT('',(38.806903021416,-0.899999999999993,0.889205166476121));
#8528=CARTESIAN_POINT('Ctrl Pts',(38.8543609758376,-0.899999999999993,1.01936176550773));
#8529=CARTESIAN_POINT('Ctrl Pts',(38.8543609758376,-1.09999999999999,1.01936176550773));
#8530=CARTESIAN_POINT('Ctrl Pts',(38.8526490980553,-0.899999999999993,0.9945856691191));
#8531=CARTESIAN_POINT('Ctrl Pts',(38.8526490980553,-1.09999999999999,0.9945856691191));
#8532=CARTESIAN_POINT('Ctrl Pts',(38.8493304460315,-0.899999999999993,0.946554645370255));
#8533=CARTESIAN_POINT('Ctrl Pts',(38.8493304460315,-1.09999999999999,0.946554645370255));
#8534=CARTESIAN_POINT('Ctrl Pts',(38.82074371039,-0.899999999999993,0.907913733102231));
#8535=CARTESIAN_POINT('Ctrl Pts',(38.82074371039,-1.09999999999999,0.907913733102231));
#8536=CARTESIAN_POINT('Ctrl Pts',(38.806903021416,-0.899999999999993,0.889205166476121));
#8537=CARTESIAN_POINT('Ctrl Pts',(38.806903021416,-1.09999999999999,0.889205166476121));
#8538=CARTESIAN_POINT('',(38.8543609758376,-0.899999999999993,1.01936176550773));
#8539=CARTESIAN_POINT('Ctrl Pts',(38.806903021416,-0.899999999999993,0.889205166476121));
#8540=CARTESIAN_POINT('Ctrl Pts',(38.82074371039,-0.899999999999993,0.907913733102231));
#8541=CARTESIAN_POINT('Ctrl Pts',(38.8493304460315,-0.899999999999993,0.946554645370255));
#8542=CARTESIAN_POINT('Ctrl Pts',(38.8526490980553,-0.899999999999993,0.9945856691191));
#8543=CARTESIAN_POINT('Ctrl Pts',(38.8543609758376,-0.899999999999993,1.01936176550773));
#8544=CARTESIAN_POINT('',(38.8543609758376,-1.09999999999999,1.01936176550773));
#8545=CARTESIAN_POINT('Ctrl Pts',(38.8543609758376,-1.09999999999999,1.01936176550773));
#8546=CARTESIAN_POINT('Ctrl Pts',(38.8526490980553,-1.09999999999999,0.9945856691191));
#8547=CARTESIAN_POINT('Ctrl Pts',(38.8493304460315,-1.09999999999999,0.946554645370255));
#8548=CARTESIAN_POINT('Ctrl Pts',(38.82074371039,-1.09999999999999,0.907913733102231));
#8549=CARTESIAN_POINT('Ctrl Pts',(38.806903021416,-1.09999999999999,0.889205166476121));
#8550=CARTESIAN_POINT('',(38.8543609758376,-0.899999999999993,1.01936176550773));
#8551=CARTESIAN_POINT('Ctrl Pts',(38.8060482741166,-0.899999999999993,1.14950509075361));
#8552=CARTESIAN_POINT('Ctrl Pts',(38.8060482741166,-1.09999999999999,1.14950509075361));
#8553=CARTESIAN_POINT('Ctrl Pts',(38.8201321379605,-0.899999999999993,1.1309636849771));
#8554=CARTESIAN_POINT('Ctrl Pts',(38.8201321379605,-1.09999999999999,1.1309636849771));
#8555=CARTESIAN_POINT('Ctrl Pts',(38.8493168604261,-0.899999999999993,1.0925419998693));
#8556=CARTESIAN_POINT('Ctrl Pts',(38.8493168604261,-1.09999999999999,1.0925419998693));
#8557=CARTESIAN_POINT('Ctrl Pts',(38.852640992226,-0.899999999999993,1.04431535866078));
#8558=CARTESIAN_POINT('Ctrl Pts',(38.852640992226,-1.09999999999999,1.04431535866078));
#8559=CARTESIAN_POINT('Ctrl Pts',(38.8543609758376,-0.899999999999993,1.01936176550773));
#8560=CARTESIAN_POINT('Ctrl Pts',(38.8543609758376,-1.09999999999999,1.01936176550773));
#8561=CARTESIAN_POINT('',(38.8060482741166,-0.899999999999993,1.14950509075361));
#8562=CARTESIAN_POINT('Ctrl Pts',(38.8543609758376,-0.899999999999993,1.01936176550773));
#8563=CARTESIAN_POINT('Ctrl Pts',(38.852640992226,-0.899999999999993,1.04431535866078));
#8564=CARTESIAN_POINT('Ctrl Pts',(38.8493168604261,-0.899999999999993,1.0925419998693));
#8565=CARTESIAN_POINT('Ctrl Pts',(38.8201321379605,-0.899999999999993,1.1309636849771));
#8566=CARTESIAN_POINT('Ctrl Pts',(38.8060482741166,-0.899999999999993,1.14950509075361));
#8567=CARTESIAN_POINT('',(38.8060482741166,-1.09999999999999,1.14950509075361));
#8568=CARTESIAN_POINT('Ctrl Pts',(38.8060482741166,-1.09999999999999,1.14950509075361));
#8569=CARTESIAN_POINT('Ctrl Pts',(38.8201321379605,-1.09999999999999,1.1309636849771));
#8570=CARTESIAN_POINT('Ctrl Pts',(38.8493168604261,-1.09999999999999,1.0925419998693));
#8571=CARTESIAN_POINT('Ctrl Pts',(38.852640992226,-1.09999999999999,1.04431535866078));
#8572=CARTESIAN_POINT('Ctrl Pts',(38.8543609758376,-1.09999999999999,1.01936176550773));
#8573=CARTESIAN_POINT('',(38.8060482741166,-0.899999999999993,1.14950509075361));
#8574=CARTESIAN_POINT('Ctrl Pts',(38.6955366139628,-0.899999999999993,1.20024014915039));
#8575=CARTESIAN_POINT('Ctrl Pts',(38.6955366139628,-1.09999999999999,1.20024014915039));
#8576=CARTESIAN_POINT('Ctrl Pts',(38.7161046607195,-0.899999999999993,1.19790370921121));
#8577=CARTESIAN_POINT('Ctrl Pts',(38.7161046607195,-1.09999999999999,1.19790370921121));
#8578=CARTESIAN_POINT('Ctrl Pts',(38.7584119419448,-0.899999999999993,1.19309778754341));
#8579=CARTESIAN_POINT('Ctrl Pts',(38.7584119419448,-1.09999999999999,1.19309778754341));
#8580=CARTESIAN_POINT('Ctrl Pts',(38.7898791291899,-0.899999999999993,1.16430170921697));
#8581=CARTESIAN_POINT('Ctrl Pts',(38.7898791291899,-1.09999999999999,1.16430170921697));
#8582=CARTESIAN_POINT('Ctrl Pts',(38.8060482741166,-0.899999999999993,1.14950509075361));
#8583=CARTESIAN_POINT('Ctrl Pts',(38.8060482741166,-1.09999999999999,1.14950509075361));
#8584=CARTESIAN_POINT('',(38.6955366139628,-0.899999999999993,1.20024014915039));
#8585=CARTESIAN_POINT('Ctrl Pts',(38.8060482741166,-0.899999999999993,1.14950509075361));
#8586=CARTESIAN_POINT('Ctrl Pts',(38.7898791291899,-0.899999999999993,1.16430170921697));
#8587=CARTESIAN_POINT('Ctrl Pts',(38.7584119419448,-0.899999999999993,1.19309778754341));
#8588=CARTESIAN_POINT('Ctrl Pts',(38.7161046607195,-0.899999999999993,1.19790370921121));
#8589=CARTESIAN_POINT('Ctrl Pts',(38.6955366139628,-0.899999999999993,1.20024014915039));
#8590=CARTESIAN_POINT('',(38.6955366139628,-1.09999999999999,1.20024014915039));
#8591=CARTESIAN_POINT('Ctrl Pts',(38.6955366139628,-1.09999999999999,1.20024014915039));
#8592=CARTESIAN_POINT('Ctrl Pts',(38.7161046607195,-1.09999999999999,1.19790370921121));
#8593=CARTESIAN_POINT('Ctrl Pts',(38.7584119419448,-1.09999999999999,1.19309778754341));
#8594=CARTESIAN_POINT('Ctrl Pts',(38.7898791291899,-1.09999999999999,1.16430170921697));
#8595=CARTESIAN_POINT('Ctrl Pts',(38.8060482741166,-1.09999999999999,1.14950509075361));
#8596=CARTESIAN_POINT('',(38.6955366139628,-0.899999999999993,1.20024014915039));
#8597=CARTESIAN_POINT('Ctrl Pts',(38.5866758364227,-0.899999999999993,1.1511118763922));
#8598=CARTESIAN_POINT('Ctrl Pts',(38.5866758364227,-1.09999999999999,1.1511118763922));
#8599=CARTESIAN_POINT('Ctrl Pts',(38.602612984691,-0.899999999999993,1.16543634839613));
#8600=CARTESIAN_POINT('Ctrl Pts',(38.602612984691,-1.09999999999999,1.16543634839613));
#8601=CARTESIAN_POINT('Ctrl Pts',(38.6337373576274,-0.899999999999993,1.19341125339565));
#8602=CARTESIAN_POINT('Ctrl Pts',(38.6337373576274,-1.09999999999999,1.19341125339565));
#8603=CARTESIAN_POINT('Ctrl Pts',(38.6752704335925,-0.899999999999993,1.19800071066355));
#8604=CARTESIAN_POINT('Ctrl Pts',(38.6752704335925,-1.09999999999999,1.19800071066355));
#8605=CARTESIAN_POINT('Ctrl Pts',(38.6955366139628,-0.899999999999993,1.20024014915039));
#8606=CARTESIAN_POINT('Ctrl Pts',(38.6955366139628,-1.09999999999999,1.20024014915039));
#8607=CARTESIAN_POINT('',(38.5866758364227,-0.899999999999993,1.1511118763922));
#8608=CARTESIAN_POINT('Ctrl Pts',(38.6955366139628,-0.899999999999993,1.20024014915039));
#8609=CARTESIAN_POINT('Ctrl Pts',(38.6752704335925,-0.899999999999993,1.19800071066355));
#8610=CARTESIAN_POINT('Ctrl Pts',(38.6337373576274,-0.899999999999993,1.19341125339565));
#8611=CARTESIAN_POINT('Ctrl Pts',(38.602612984691,-0.899999999999993,1.16543634839613));
#8612=CARTESIAN_POINT('Ctrl Pts',(38.5866758364227,-0.899999999999993,1.1511118763922));
#8613=CARTESIAN_POINT('',(38.5866758364227,-1.09999999999999,1.1511118763922));
#8614=CARTESIAN_POINT('Ctrl Pts',(38.5866758364227,-1.09999999999999,1.1511118763922));
#8615=CARTESIAN_POINT('Ctrl Pts',(38.602612984691,-1.09999999999999,1.16543634839613));
#8616=CARTESIAN_POINT('Ctrl Pts',(38.6337373576274,-1.09999999999999,1.19341125339565));
#8617=CARTESIAN_POINT('Ctrl Pts',(38.6752704335925,-1.09999999999999,1.19800071066355));
#8618=CARTESIAN_POINT('Ctrl Pts',(38.6955366139628,-1.09999999999999,1.20024014915039));
#8619=CARTESIAN_POINT('',(38.5866758364227,-0.899999999999993,1.1511118763922));
#8620=CARTESIAN_POINT('Ctrl Pts',(38.5408549658918,-0.899999999999993,1.01849979287162));
#8621=CARTESIAN_POINT('Ctrl Pts',(38.5408549658918,-1.09999999999999,1.01849979287162));
#8622=CARTESIAN_POINT('Ctrl Pts',(38.5422578155057,-0.899999999999993,1.04433204239589));
#8623=CARTESIAN_POINT('Ctrl Pts',(38.5422578155057,-1.09999999999999,1.04433204239589));
#8624=CARTESIAN_POINT('Ctrl Pts',(38.5449043478532,-0.899999999999993,1.0930656224543));
#8625=CARTESIAN_POINT('Ctrl Pts',(38.5449043478532,-1.09999999999999,1.0930656224543));
#8626=CARTESIAN_POINT('Ctrl Pts',(38.5733216958407,-0.899999999999993,1.1325547729254));
#8627=CARTESIAN_POINT('Ctrl Pts',(38.5733216958407,-1.09999999999999,1.1325547729254));
#8628=CARTESIAN_POINT('Ctrl Pts',(38.5866758364227,-0.899999999999993,1.1511118763922));
#8629=CARTESIAN_POINT('Ctrl Pts',(38.5866758364227,-1.09999999999999,1.1511118763922));
#8630=CARTESIAN_POINT('Ctrl Pts',(38.5866758364227,-0.899999999999993,1.1511118763922));
#8631=CARTESIAN_POINT('Ctrl Pts',(38.5733216958407,-0.899999999999993,1.1325547729254));
#8632=CARTESIAN_POINT('Ctrl Pts',(38.5449043478532,-0.899999999999993,1.0930656224543));
#8633=CARTESIAN_POINT('Ctrl Pts',(38.5422578155057,-0.899999999999993,1.04433204239589));
#8634=CARTESIAN_POINT('Ctrl Pts',(38.5408549658918,-0.899999999999993,1.01849979287162));
#8635=CARTESIAN_POINT('Ctrl Pts',(38.5408549658918,-1.09999999999999,1.01849979287162));
#8636=CARTESIAN_POINT('Ctrl Pts',(38.5422578155057,-1.09999999999999,1.04433204239589));
#8637=CARTESIAN_POINT('Ctrl Pts',(38.5449043478532,-1.09999999999999,1.0930656224543));
#8638=CARTESIAN_POINT('Ctrl Pts',(38.5733216958407,-1.09999999999999,1.1325547729254));
#8639=CARTESIAN_POINT('Ctrl Pts',(38.5866758364227,-1.09999999999999,1.1511118763922));
#8640=CARTESIAN_POINT('Ctrl Pts',(38.2944186791564,-0.899999999999993,1.39254468909892));
#8641=CARTESIAN_POINT('Ctrl Pts',(38.2944186791564,-1.09999999999999,1.39254468909892));
#8642=CARTESIAN_POINT('Ctrl Pts',(38.3092052406669,-0.899999999999993,1.37525220366224));
#8643=CARTESIAN_POINT('Ctrl Pts',(38.3092052406669,-1.09999999999999,1.37525220366224));
#8644=CARTESIAN_POINT('Ctrl Pts',(38.3416838909329,-0.899999999999993,1.33726929693098));
#8645=CARTESIAN_POINT('Ctrl Pts',(38.3416838909329,-1.09999999999999,1.33726929693098));
#8646=CARTESIAN_POINT('Ctrl Pts',(38.3852805772959,-0.899999999999993,1.3126541063576));
#8647=CARTESIAN_POINT('Ctrl Pts',(38.3852805772959,-1.09999999999999,1.3126541063576));
#8648=CARTESIAN_POINT('Ctrl Pts',(38.4090289916625,-0.899999999999993,1.29924547844997));
#8649=CARTESIAN_POINT('Ctrl Pts',(38.4090289916625,-1.09999999999999,1.29924547844997));
#8650=CARTESIAN_POINT('',(38.4090289916625,-0.899999999999993,1.29924547844997));
#8651=CARTESIAN_POINT('',(38.2944186791564,-0.899999999999993,1.39254468909892));
#8652=CARTESIAN_POINT('Ctrl Pts',(38.4090289916625,-0.899999999999993,1.29924547844997));
#8653=CARTESIAN_POINT('Ctrl Pts',(38.3852805772959,-0.899999999999993,1.3126541063576));
#8654=CARTESIAN_POINT('Ctrl Pts',(38.3416838909329,-0.899999999999993,1.33726929693098));
#8655=CARTESIAN_POINT('Ctrl Pts',(38.3092052406669,-0.899999999999993,1.37525220366224));
#8656=CARTESIAN_POINT('Ctrl Pts',(38.2944186791564,-0.899999999999993,1.39254468909892));
#8657=CARTESIAN_POINT('',(38.4090289916625,-1.09999999999999,1.29924547844997));
#8658=CARTESIAN_POINT('',(38.4090289916625,-0.899999999999993,1.29924547844997));
#8659=CARTESIAN_POINT('',(38.2944186791564,-1.09999999999999,1.39254468909892));
#8660=CARTESIAN_POINT('Ctrl Pts',(38.2944186791564,-1.09999999999999,1.39254468909892));
#8661=CARTESIAN_POINT('Ctrl Pts',(38.3092052406669,-1.09999999999999,1.37525220366224));
#8662=CARTESIAN_POINT('Ctrl Pts',(38.3416838909329,-1.09999999999999,1.33726929693098));
#8663=CARTESIAN_POINT('Ctrl Pts',(38.3852805772959,-1.09999999999999,1.3126541063576));
#8664=CARTESIAN_POINT('Ctrl Pts',(38.4090289916625,-1.09999999999999,1.29924547844997));
#8665=CARTESIAN_POINT('',(38.2944186791564,-0.899999999999993,1.39254468909892));
#8666=CARTESIAN_POINT('Ctrl Pts',(38.2452828830383,-0.899999999999993,1.55461155226603));
#8667=CARTESIAN_POINT('Ctrl Pts',(38.2452828830383,-1.09999999999999,1.55461155226603));
#8668=CARTESIAN_POINT('Ctrl Pts',(38.2471851162901,-0.899999999999993,1.52515429157004));
#8669=CARTESIAN_POINT('Ctrl Pts',(38.2471851162901,-1.09999999999999,1.52515429157004));
#8670=CARTESIAN_POINT('Ctrl Pts',(38.2509236059197,-0.899999999999993,1.4672614629595));
#8671=CARTESIAN_POINT('Ctrl Pts',(38.2509236059197,-1.09999999999999,1.4672614629595));
#8672=CARTESIAN_POINT('Ctrl Pts',(38.280091908838,-0.899999999999993,1.41715552380672));
#8673=CARTESIAN_POINT('Ctrl Pts',(38.280091908838,-1.09999999999999,1.41715552380672));
#8674=CARTESIAN_POINT('Ctrl Pts',(38.2944186791564,-0.899999999999993,1.39254468909892));
#8675=CARTESIAN_POINT('Ctrl Pts',(38.2944186791564,-1.09999999999999,1.39254468909892));
#8676=CARTESIAN_POINT('',(38.2452828830383,-0.899999999999993,1.55461155226603));
#8677=CARTESIAN_POINT('Ctrl Pts',(38.2944186791564,-0.899999999999993,1.39254468909892));
#8678=CARTESIAN_POINT('Ctrl Pts',(38.280091908838,-0.899999999999993,1.41715552380672));
#8679=CARTESIAN_POINT('Ctrl Pts',(38.2509236059197,-0.899999999999993,1.4672614629595));
#8680=CARTESIAN_POINT('Ctrl Pts',(38.2471851162901,-0.899999999999993,1.52515429157004));
#8681=CARTESIAN_POINT('Ctrl Pts',(38.2452828830383,-0.899999999999993,1.55461155226603));
#8682=CARTESIAN_POINT('',(38.2452828830383,-1.09999999999999,1.55461155226603));
#8683=CARTESIAN_POINT('Ctrl Pts',(38.2452828830383,-1.09999999999999,1.55461155226603));
#8684=CARTESIAN_POINT('Ctrl Pts',(38.2471851162901,-1.09999999999999,1.52515429157004));
#8685=CARTESIAN_POINT('Ctrl Pts',(38.2509236059197,-1.09999999999999,1.4672614629595));
#8686=CARTESIAN_POINT('Ctrl Pts',(38.280091908838,-1.09999999999999,1.41715552380672));
#8687=CARTESIAN_POINT('Ctrl Pts',(38.2944186791564,-1.09999999999999,1.39254468909892));
#8688=CARTESIAN_POINT('',(38.2452828830383,-0.899999999999993,1.55461155226603));
#8689=CARTESIAN_POINT('Ctrl Pts',(38.3868586399738,-0.899999999999993,1.801015916868));
#8690=CARTESIAN_POINT('Ctrl Pts',(38.3868586399738,-1.09999999999999,1.801015916868));
#8691=CARTESIAN_POINT('Ctrl Pts',(38.3455777725073,-0.899999999999993,1.76781959438574));
#8692=CARTESIAN_POINT('Ctrl Pts',(38.3455777725073,-1.09999999999999,1.76781959438574));
#8693=CARTESIAN_POINT('Ctrl Pts',(38.2660272950847,-0.899999999999993,1.70384847497363));
#8694=CARTESIAN_POINT('Ctrl Pts',(38.2660272950847,-1.09999999999999,1.70384847497363));
#8695=CARTESIAN_POINT('Ctrl Pts',(38.252020957805,-0.899999999999993,1.60308578913114));
#8696=CARTESIAN_POINT('Ctrl Pts',(38.252020957805,-1.09999999999999,1.60308578913114));
#8697=CARTESIAN_POINT('Ctrl Pts',(38.2452828830383,-0.899999999999993,1.55461155226603));
#8698=CARTESIAN_POINT('Ctrl Pts',(38.2452828830383,-1.09999999999999,1.55461155226603));
#8699=CARTESIAN_POINT('',(38.3868586399738,-0.899999999999993,1.801015916868));
#8700=CARTESIAN_POINT('Ctrl Pts',(38.2452828830383,-0.899999999999993,1.55461155226603));
#8701=CARTESIAN_POINT('Ctrl Pts',(38.252020957805,-0.899999999999993,1.60308578913114));
#8702=CARTESIAN_POINT('Ctrl Pts',(38.2660272950847,-0.899999999999993,1.70384847497363));
#8703=CARTESIAN_POINT('Ctrl Pts',(38.3455777725073,-0.899999999999993,1.76781959438574));
#8704=CARTESIAN_POINT('Ctrl Pts',(38.3868586399738,-0.899999999999993,1.801015916868));
#8705=CARTESIAN_POINT('',(38.3868586399738,-1.09999999999999,1.801015916868));
#8706=CARTESIAN_POINT('Ctrl Pts',(38.3868586399738,-1.09999999999999,1.801015916868));
#8707=CARTESIAN_POINT('Ctrl Pts',(38.3455777725073,-1.09999999999999,1.76781959438574));
#8708=CARTESIAN_POINT('Ctrl Pts',(38.2660272950847,-1.09999999999999,1.70384847497363));
#8709=CARTESIAN_POINT('Ctrl Pts',(38.252020957805,-1.09999999999999,1.60308578913114));
#8710=CARTESIAN_POINT('Ctrl Pts',(38.2452828830383,-1.09999999999999,1.55461155226603));
#8711=CARTESIAN_POINT('',(38.3868586399738,-0.899999999999993,1.801015916868));
#8712=CARTESIAN_POINT('Ctrl Pts',(38.679072118487,-0.899999999999993,1.87472626910692));
#8713=CARTESIAN_POINT('Ctrl Pts',(38.679072118487,-1.09999999999999,1.87472626910692));
#8714=CARTESIAN_POINT('Ctrl Pts',(38.6233134066039,-0.899999999999993,1.87280444121745));
#8715=CARTESIAN_POINT('Ctrl Pts',(38.6233134066039,-1.09999999999999,1.87280444121745));
#8716=CARTESIAN_POINT('Ctrl Pts',(38.5203305913217,-0.899999999999993,1.86925494662082));
#8717=CARTESIAN_POINT('Ctrl Pts',(38.5203305913217,-1.09999999999999,1.86925494662082));
#8718=CARTESIAN_POINT('Ctrl Pts',(38.4288213756897,-0.899999999999993,1.82246983540378));
#8719=CARTESIAN_POINT('Ctrl Pts',(38.4288213756897,-1.09999999999999,1.82246983540378));
#8720=CARTESIAN_POINT('Ctrl Pts',(38.3868586399738,-0.899999999999993,1.801015916868));
#8721=CARTESIAN_POINT('Ctrl Pts',(38.3868586399738,-1.09999999999999,1.801015916868));
#8722=CARTESIAN_POINT('',(38.679072118487,-0.899999999999993,1.87472626910692));
#8723=CARTESIAN_POINT('Ctrl Pts',(38.3868586399738,-0.899999999999993,1.801015916868));
#8724=CARTESIAN_POINT('Ctrl Pts',(38.4288213756897,-0.899999999999993,1.82246983540378));
#8725=CARTESIAN_POINT('Ctrl Pts',(38.5203305913217,-0.899999999999993,1.86925494662082));
#8726=CARTESIAN_POINT('Ctrl Pts',(38.6233134066039,-0.899999999999993,1.87280444121745));
#8727=CARTESIAN_POINT('Ctrl Pts',(38.679072118487,-0.899999999999993,1.87472626910692));
#8728=CARTESIAN_POINT('',(38.679072118487,-1.09999999999999,1.87472626910692));
#8729=CARTESIAN_POINT('Ctrl Pts',(38.679072118487,-1.09999999999999,1.87472626910692));
#8730=CARTESIAN_POINT('Ctrl Pts',(38.6233134066039,-1.09999999999999,1.87280444121745));
#8731=CARTESIAN_POINT('Ctrl Pts',(38.5203305913217,-1.09999999999999,1.86925494662082));
#8732=CARTESIAN_POINT('Ctrl Pts',(38.4288213756897,-1.09999999999999,1.82246983540378));
#8733=CARTESIAN_POINT('Ctrl Pts',(38.3868586399738,-1.09999999999999,1.801015916868));
#8734=CARTESIAN_POINT('',(38.679072118487,-0.899999999999993,1.87472626910692));
#8735=CARTESIAN_POINT('Ctrl Pts',(39.0343371471616,-0.899999999999993,1.7830974547177));
#8736=CARTESIAN_POINT('Ctrl Pts',(39.0343371471616,-1.09999999999999,1.7830974547177));
#8737=CARTESIAN_POINT('Ctrl Pts',(38.9866723347588,-0.899999999999993,1.8097135002739));
#8738=CARTESIAN_POINT('Ctrl Pts',(38.9866723347588,-1.09999999999999,1.8097135002739));
#8739=CARTESIAN_POINT('Ctrl Pts',(38.8769056917908,-0.899999999999993,1.87100722666251));
#8740=CARTESIAN_POINT('Ctrl Pts',(38.8769056917908,-1.09999999999999,1.87100722666251));
#8741=CARTESIAN_POINT('Ctrl Pts',(38.7505560084457,-0.899999999999993,1.87338245462484));
#8742=CARTESIAN_POINT('Ctrl Pts',(38.7505560084457,-1.09999999999999,1.87338245462484));
#8743=CARTESIAN_POINT('Ctrl Pts',(38.679072118487,-0.899999999999993,1.87472626910692));
#8744=CARTESIAN_POINT('Ctrl Pts',(38.679072118487,-1.09999999999999,1.87472626910692));
#8745=CARTESIAN_POINT('',(39.0343371471616,-0.899999999999993,1.7830974547177));
#8746=CARTESIAN_POINT('Ctrl Pts',(38.679072118487,-0.899999999999993,1.87472626910692));
#8747=CARTESIAN_POINT('Ctrl Pts',(38.7505560084457,-0.899999999999993,1.87338245462484));
#8748=CARTESIAN_POINT('Ctrl Pts',(38.8769056917908,-0.899999999999993,1.87100722666251));
#8749=CARTESIAN_POINT('Ctrl Pts',(38.9866723347588,-0.899999999999993,1.8097135002739));
#8750=CARTESIAN_POINT('Ctrl Pts',(39.0343371471616,-0.899999999999993,1.7830974547177));
#8751=CARTESIAN_POINT('',(39.0343371471616,-1.09999999999999,1.7830974547177));
#8752=CARTESIAN_POINT('Ctrl Pts',(39.0343371471616,-1.09999999999999,1.7830974547177));
#8753=CARTESIAN_POINT('Ctrl Pts',(38.9866723347588,-1.09999999999999,1.8097135002739));
#8754=CARTESIAN_POINT('Ctrl Pts',(38.8769056917908,-1.09999999999999,1.87100722666251));
#8755=CARTESIAN_POINT('Ctrl Pts',(38.7505560084457,-1.09999999999999,1.87338245462484));
#8756=CARTESIAN_POINT('Ctrl Pts',(38.679072118487,-1.09999999999999,1.87472626910692));
#8757=CARTESIAN_POINT('',(39.0343371471616,-0.899999999999993,1.7830974547177));
#8758=CARTESIAN_POINT('Ctrl Pts',(39.1497851892838,-0.899999999999993,1.55228127914604));
#8759=CARTESIAN_POINT('Ctrl Pts',(39.1497851892838,-1.09999999999999,1.55228127914604));
#8760=CARTESIAN_POINT('Ctrl Pts',(39.1446556506704,-0.899999999999993,1.59693360812442));
#8761=CARTESIAN_POINT('Ctrl Pts',(39.1446556506704,-1.09999999999999,1.59693360812442));
#8762=CARTESIAN_POINT('Ctrl Pts',(39.1342217447551,-0.899999999999993,1.68776013943064));
#8763=CARTESIAN_POINT('Ctrl Pts',(39.1342217447551,-1.09999999999999,1.68776013943064));
#8764=CARTESIAN_POINT('Ctrl Pts',(39.0680018692137,-0.899999999999993,1.75096533127071));
#8765=CARTESIAN_POINT('Ctrl Pts',(39.0680018692137,-1.09999999999999,1.75096533127071));
#8766=CARTESIAN_POINT('Ctrl Pts',(39.0343371471616,-0.899999999999993,1.7830974547177));
#8767=CARTESIAN_POINT('Ctrl Pts',(39.0343371471616,-1.09999999999999,1.7830974547177));
#8768=CARTESIAN_POINT('',(39.1497851892838,-0.899999999999993,1.55228127914604));
#8769=CARTESIAN_POINT('Ctrl Pts',(39.0343371471616,-0.899999999999993,1.7830974547177));
#8770=CARTESIAN_POINT('Ctrl Pts',(39.0680018692137,-0.899999999999993,1.75096533127071));
#8771=CARTESIAN_POINT('Ctrl Pts',(39.1342217447551,-0.899999999999993,1.68776013943064));
#8772=CARTESIAN_POINT('Ctrl Pts',(39.1446556506704,-0.899999999999993,1.59693360812442));
#8773=CARTESIAN_POINT('Ctrl Pts',(39.1497851892838,-0.899999999999993,1.55228127914604));
#8774=CARTESIAN_POINT('',(39.1497851892838,-1.09999999999999,1.55228127914604));
#8775=CARTESIAN_POINT('Ctrl Pts',(39.1497851892838,-1.09999999999999,1.55228127914604));
#8776=CARTESIAN_POINT('Ctrl Pts',(39.1446556506704,-1.09999999999999,1.59693360812442));
#8777=CARTESIAN_POINT('Ctrl Pts',(39.1342217447551,-1.09999999999999,1.68776013943064));
#8778=CARTESIAN_POINT('Ctrl Pts',(39.0680018692137,-1.09999999999999,1.75096533127071));
#8779=CARTESIAN_POINT('Ctrl Pts',(39.0343371471616,-1.09999999999999,1.7830974547177));
#8780=CARTESIAN_POINT('',(39.1497851892838,-0.899999999999993,1.55228127914604));
#8781=CARTESIAN_POINT('Ctrl Pts',(39.1039672261545,-0.899999999999993,1.40084247274884));
#8782=CARTESIAN_POINT('Ctrl Pts',(39.1039672261545,-1.09999999999999,1.40084247274884));
#8783=CARTESIAN_POINT('Ctrl Pts',(39.1173331965869,-0.899999999999993,1.42462122593712));
#8784=CARTESIAN_POINT('Ctrl Pts',(39.1173331965869,-1.09999999999999,1.42462122593712));
#8785=CARTESIAN_POINT('Ctrl Pts',(39.1438116998901,-0.899999999999993,1.47172785377459));
#8786=CARTESIAN_POINT('Ctrl Pts',(39.1438116998901,-1.09999999999999,1.47172785377459));
#8787=CARTESIAN_POINT('Ctrl Pts',(39.1478067723592,-0.899999999999993,1.52560202191718));
#8788=CARTESIAN_POINT('Ctrl Pts',(39.1478067723592,-1.09999999999999,1.52560202191718));
#8789=CARTESIAN_POINT('Ctrl Pts',(39.1497851892838,-0.899999999999993,1.55228127914604));
#8790=CARTESIAN_POINT('Ctrl Pts',(39.1497851892838,-1.09999999999999,1.55228127914604));
#8791=CARTESIAN_POINT('',(39.1039672261545,-0.899999999999993,1.40084247274884));
#8792=CARTESIAN_POINT('Ctrl Pts',(39.1497851892838,-0.899999999999993,1.55228127914604));
#8793=CARTESIAN_POINT('Ctrl Pts',(39.1478067723592,-0.899999999999993,1.52560202191718));
#8794=CARTESIAN_POINT('Ctrl Pts',(39.1438116998901,-0.899999999999993,1.47172785377459));
#8795=CARTESIAN_POINT('Ctrl Pts',(39.1173331965869,-0.899999999999993,1.42462122593712));
#8796=CARTESIAN_POINT('Ctrl Pts',(39.1039672261545,-0.899999999999993,1.40084247274884));
#8797=CARTESIAN_POINT('',(39.1039672261545,-1.09999999999999,1.40084247274884));
#8798=CARTESIAN_POINT('Ctrl Pts',(39.1039672261545,-1.09999999999999,1.40084247274884));
#8799=CARTESIAN_POINT('Ctrl Pts',(39.1173331965869,-1.09999999999999,1.42462122593712));
#8800=CARTESIAN_POINT('Ctrl Pts',(39.1438116998901,-1.09999999999999,1.47172785377459));
#8801=CARTESIAN_POINT('Ctrl Pts',(39.1478067723592,-1.09999999999999,1.52560202191718));
#8802=CARTESIAN_POINT('Ctrl Pts',(39.1497851892838,-1.09999999999999,1.55228127914604));
#8803=CARTESIAN_POINT('',(39.1039672261545,-0.899999999999993,1.40084247274884));
#8804=CARTESIAN_POINT('Ctrl Pts',(38.9959320812706,-0.899999999999993,1.29932682305136));
#8805=CARTESIAN_POINT('Ctrl Pts',(38.9959320812706,-1.09999999999999,1.29932682305136));
#8806=CARTESIAN_POINT('Ctrl Pts',(39.0182187574184,-0.899999999999993,1.31492117443449));
#8807=CARTESIAN_POINT('Ctrl Pts',(39.0182187574184,-1.09999999999999,1.31492117443449));
#8808=CARTESIAN_POINT('Ctrl Pts',(39.0591809699285,-0.899999999999993,1.34358310370007));
#8809=CARTESIAN_POINT('Ctrl Pts',(39.0591809699285,-1.09999999999999,1.34358310370007));
#8810=CARTESIAN_POINT('Ctrl Pts',(39.0899424285642,-0.899999999999993,1.38291172504338));
#8811=CARTESIAN_POINT('Ctrl Pts',(39.0899424285642,-1.09999999999999,1.38291172504338));
#8812=CARTESIAN_POINT('Ctrl Pts',(39.1039672261545,-0.899999999999993,1.40084247274884));
#8813=CARTESIAN_POINT('Ctrl Pts',(39.1039672261545,-1.09999999999999,1.40084247274884));
#8814=CARTESIAN_POINT('',(38.9959320812706,-0.899999999999993,1.29932682305136));
#8815=CARTESIAN_POINT('Ctrl Pts',(39.1039672261545,-0.899999999999993,1.40084247274884));
#8816=CARTESIAN_POINT('Ctrl Pts',(39.0899424285642,-0.899999999999993,1.38291172504338));
#8817=CARTESIAN_POINT('Ctrl Pts',(39.0591809699285,-0.899999999999993,1.34358310370007));
#8818=CARTESIAN_POINT('Ctrl Pts',(39.0182187574184,-0.899999999999993,1.31492117443449));
#8819=CARTESIAN_POINT('Ctrl Pts',(38.9959320812706,-0.899999999999993,1.29932682305136));
#8820=CARTESIAN_POINT('',(38.9959320812706,-1.09999999999999,1.29932682305136));
#8821=CARTESIAN_POINT('Ctrl Pts',(38.9959320812706,-1.09999999999999,1.29932682305136));
#8822=CARTESIAN_POINT('Ctrl Pts',(39.0182187574184,-1.09999999999999,1.31492117443449));
#8823=CARTESIAN_POINT('Ctrl Pts',(39.0591809699285,-1.09999999999999,1.34358310370007));
#8824=CARTESIAN_POINT('Ctrl Pts',(39.0899424285642,-1.09999999999999,1.38291172504338));
#8825=CARTESIAN_POINT('Ctrl Pts',(39.1039672261545,-1.09999999999999,1.40084247274884));
#8826=CARTESIAN_POINT('',(38.9959320812706,-0.899999999999993,1.29932682305136));
#8827=CARTESIAN_POINT('Ctrl Pts',(39.1408332013072,-0.899999999999993,1.17574534929394));
#8828=CARTESIAN_POINT('Ctrl Pts',(39.1408332013072,-1.09999999999999,1.17574534929394));
#8829=CARTESIAN_POINT('Ctrl Pts',(39.1222190397409,-0.899999999999993,1.20045695038349));
#8830=CARTESIAN_POINT('Ctrl Pts',(39.1222190397409,-1.09999999999999,1.20045695038349));
#8831=CARTESIAN_POINT('Ctrl Pts',(39.0831494846267,-0.899999999999993,1.25232451676807));
#8832=CARTESIAN_POINT('Ctrl Pts',(39.0831494846267,-1.09999999999999,1.25232451676807));
#8833=CARTESIAN_POINT('Ctrl Pts',(39.0259038216917,-0.899999999999993,1.28317476086069));
#8834=CARTESIAN_POINT('Ctrl Pts',(39.0259038216917,-1.09999999999999,1.28317476086069));
#8835=CARTESIAN_POINT('Ctrl Pts',(38.9959320812706,-0.899999999999993,1.29932682305136));
#8836=CARTESIAN_POINT('Ctrl Pts',(38.9959320812706,-1.09999999999999,1.29932682305136));
#8837=CARTESIAN_POINT('',(39.1408332013072,-0.899999999999993,1.17574534929394));
#8838=CARTESIAN_POINT('Ctrl Pts',(38.9959320812706,-0.899999999999993,1.29932682305136));
#8839=CARTESIAN_POINT('Ctrl Pts',(39.0259038216917,-0.899999999999993,1.28317476086069));
#8840=CARTESIAN_POINT('Ctrl Pts',(39.0831494846267,-0.899999999999993,1.25232451676807));
#8841=CARTESIAN_POINT('Ctrl Pts',(39.1222190397409,-0.899999999999993,1.20045695038349));
#8842=CARTESIAN_POINT('Ctrl Pts',(39.1408332013072,-0.899999999999993,1.17574534929394));
#8843=CARTESIAN_POINT('',(39.1408332013072,-1.09999999999999,1.17574534929394));
#8844=CARTESIAN_POINT('Ctrl Pts',(39.1408332013072,-1.09999999999999,1.17574534929394));
#8845=CARTESIAN_POINT('Ctrl Pts',(39.1222190397409,-1.09999999999999,1.20045695038349));
#8846=CARTESIAN_POINT('Ctrl Pts',(39.0831494846267,-1.09999999999999,1.25232451676807));
#8847=CARTESIAN_POINT('Ctrl Pts',(39.0259038216917,-1.09999999999999,1.28317476086069));
#8848=CARTESIAN_POINT('Ctrl Pts',(38.9959320812706,-1.09999999999999,1.29932682305136));
#8849=CARTESIAN_POINT('',(39.1408332013072,-0.899999999999993,1.17574534929394));
#8850=CARTESIAN_POINT('Ctrl Pts',(39.1891514621666,-0.899999999999993,1.00549271785943));
#8851=CARTESIAN_POINT('Ctrl Pts',(39.1891514621666,-1.09999999999999,1.00549271785943));
#8852=CARTESIAN_POINT('Ctrl Pts',(39.1871929463579,-0.899999999999993,1.03582278566054));
#8853=CARTESIAN_POINT('Ctrl Pts',(39.1871929463579,-1.09999999999999,1.03582278566054));
#8854=CARTESIAN_POINT('Ctrl Pts',(39.1833035902152,-0.899999999999993,1.09605433190931));
#8855=CARTESIAN_POINT('Ctrl Pts',(39.1833035902152,-1.09999999999999,1.09605433190931));
#8856=CARTESIAN_POINT('Ctrl Pts',(39.1549226809721,-0.899999999999993,1.14930798910522));
#8857=CARTESIAN_POINT('Ctrl Pts',(39.1549226809721,-1.09999999999999,1.14930798910522));
#8858=CARTESIAN_POINT('Ctrl Pts',(39.1408332013072,-0.899999999999993,1.17574534929394));
#8859=CARTESIAN_POINT('Ctrl Pts',(39.1408332013072,-1.09999999999999,1.17574534929394));
#8860=CARTESIAN_POINT('',(39.1891514621666,-0.899999999999993,1.00549271785943));
#8861=CARTESIAN_POINT('Ctrl Pts',(39.1408332013072,-0.899999999999993,1.17574534929394));
#8862=CARTESIAN_POINT('Ctrl Pts',(39.1549226809721,-0.899999999999993,1.14930798910522));
#8863=CARTESIAN_POINT('Ctrl Pts',(39.1833035902152,-0.899999999999993,1.09605433190931));
#8864=CARTESIAN_POINT('Ctrl Pts',(39.1871929463579,-0.899999999999993,1.03582278566054));
#8865=CARTESIAN_POINT('Ctrl Pts',(39.1891514621666,-0.899999999999993,1.00549271785943));
#8866=CARTESIAN_POINT('',(39.1891514621666,-1.09999999999999,1.00549271785943));
#8867=CARTESIAN_POINT('Ctrl Pts',(39.1891514621666,-1.09999999999999,1.00549271785943));
#8868=CARTESIAN_POINT('Ctrl Pts',(39.1871929463579,-1.09999999999999,1.03582278566054));
#8869=CARTESIAN_POINT('Ctrl Pts',(39.1833035902152,-1.09999999999999,1.09605433190931));
#8870=CARTESIAN_POINT('Ctrl Pts',(39.1549226809721,-1.09999999999999,1.14930798910522));
#8871=CARTESIAN_POINT('Ctrl Pts',(39.1408332013072,-1.09999999999999,1.17574534929394));
#8872=CARTESIAN_POINT('',(39.1891514621666,-0.899999999999993,1.00549271785943));
#8873=CARTESIAN_POINT('Ctrl Pts',(39.1474286343958,-0.899999999999993,0.836864946363343));
#8874=CARTESIAN_POINT('Ctrl Pts',(39.1474286343958,-1.09999999999999,0.836864946363343));
#8875=CARTESIAN_POINT('Ctrl Pts',(39.159600910014,-0.899999999999993,0.863584017158979));
#8876=CARTESIAN_POINT('Ctrl Pts',(39.159600910014,-1.09999999999999,0.863584017158979));
#8877=CARTESIAN_POINT('Ctrl Pts',(39.1840209785355,-0.899999999999993,0.917187924934871));
#8878=CARTESIAN_POINT('Ctrl Pts',(39.1840209785355,-1.09999999999999,0.917187924934871));
#8879=CARTESIAN_POINT('Ctrl Pts',(39.1874377788874,-0.899999999999993,0.975997165785106));
#8880=CARTESIAN_POINT('Ctrl Pts',(39.1874377788874,-1.09999999999999,0.975997165785106));
#8881=CARTESIAN_POINT('Ctrl Pts',(39.1891514621666,-0.899999999999993,1.00549271785943));
#8882=CARTESIAN_POINT('Ctrl Pts',(39.1891514621666,-1.09999999999999,1.00549271785943));
#8883=CARTESIAN_POINT('',(39.1474286343958,-0.899999999999993,0.836864946363343));
#8884=CARTESIAN_POINT('Ctrl Pts',(39.1891514621666,-0.899999999999993,1.00549271785943));
#8885=CARTESIAN_POINT('Ctrl Pts',(39.1874377788874,-0.899999999999993,0.975997165785106));
#8886=CARTESIAN_POINT('Ctrl Pts',(39.1840209785355,-0.899999999999993,0.917187924934871));
#8887=CARTESIAN_POINT('Ctrl Pts',(39.159600910014,-0.899999999999993,0.863584017158979));
#8888=CARTESIAN_POINT('Ctrl Pts',(39.1474286343958,-0.899999999999993,0.836864946363343));
#8889=CARTESIAN_POINT('',(39.1474286343958,-1.09999999999999,0.836864946363343));
#8890=CARTESIAN_POINT('Ctrl Pts',(39.1474286343958,-1.09999999999999,0.836864946363343));
#8891=CARTESIAN_POINT('Ctrl Pts',(39.159600910014,-1.09999999999999,0.863584017158979));
#8892=CARTESIAN_POINT('Ctrl Pts',(39.1840209785355,-1.09999999999999,0.917187924934871));
#8893=CARTESIAN_POINT('Ctrl Pts',(39.1874377788874,-1.09999999999999,0.975997165785106));
#8894=CARTESIAN_POINT('Ctrl Pts',(39.1891514621666,-1.09999999999999,1.00549271785943));
#8895=CARTESIAN_POINT('',(39.1474286343958,-0.899999999999993,0.836864946363343));
#8896=CARTESIAN_POINT('Ctrl Pts',(39.0459448611593,-0.899999999999993,0.716523406898714));
#8897=CARTESIAN_POINT('Ctrl Pts',(39.0459448611593,-1.09999999999999,0.716523406898714));
#8898=CARTESIAN_POINT('Ctrl Pts',(39.065590021263,-0.899999999999993,0.732715038564609));
#8899=CARTESIAN_POINT('Ctrl Pts',(39.065590021263,-1.09999999999999,0.732715038564609));
#8900=CARTESIAN_POINT('Ctrl Pts',(39.1067136560268,-0.899999999999993,0.766609328218872));
#8901=CARTESIAN_POINT('Ctrl Pts',(39.1067136560268,-1.09999999999999,0.766609328218872));
#8902=CARTESIAN_POINT('Ctrl Pts',(39.1334595263381,-0.899999999999993,0.812760590648599));
#8903=CARTESIAN_POINT('Ctrl Pts',(39.1334595263381,-1.09999999999999,0.812760590648599));
#8904=CARTESIAN_POINT('Ctrl Pts',(39.1474286343958,-0.899999999999993,0.836864946363343));
#8905=CARTESIAN_POINT('Ctrl Pts',(39.1474286343958,-1.09999999999999,0.836864946363343));
#8906=CARTESIAN_POINT('',(39.0459448611593,-0.899999999999993,0.716523406898714));
#8907=CARTESIAN_POINT('Ctrl Pts',(39.1474286343958,-0.899999999999993,0.836864946363343));
#8908=CARTESIAN_POINT('Ctrl Pts',(39.1334595263381,-0.899999999999993,0.812760590648599));
#8909=CARTESIAN_POINT('Ctrl Pts',(39.1067136560268,-0.899999999999993,0.766609328218872));
#8910=CARTESIAN_POINT('Ctrl Pts',(39.065590021263,-0.899999999999993,0.732715038564609));
#8911=CARTESIAN_POINT('Ctrl Pts',(39.0459448611593,-0.899999999999993,0.716523406898714));
#8912=CARTESIAN_POINT('',(39.0459448611593,-1.09999999999999,0.716523406898714));
#8913=CARTESIAN_POINT('Ctrl Pts',(39.0459448611593,-1.09999999999999,0.716523406898714));
#8914=CARTESIAN_POINT('Ctrl Pts',(39.065590021263,-1.09999999999999,0.732715038564609));
#8915=CARTESIAN_POINT('Ctrl Pts',(39.1067136560268,-1.09999999999999,0.766609328218872));
#8916=CARTESIAN_POINT('Ctrl Pts',(39.1334595263381,-1.09999999999999,0.812760590648599));
#8917=CARTESIAN_POINT('Ctrl Pts',(39.1474286343958,-1.09999999999999,0.836864946363343));
#8918=CARTESIAN_POINT('',(39.0459448611593,-0.899999999999993,0.716523406898714));
#8919=CARTESIAN_POINT('Ctrl Pts',(38.8961580718847,-0.899999999999993,0.654292533084639));
#8920=CARTESIAN_POINT('Ctrl Pts',(38.8961580718847,-1.09999999999999,0.654292533084639));
#8921=CARTESIAN_POINT('Ctrl Pts',(38.9242441893218,-0.899999999999993,0.661340030332379));
#8922=CARTESIAN_POINT('Ctrl Pts',(38.9242441893218,-1.09999999999999,0.661340030332379));
#8923=CARTESIAN_POINT('Ctrl Pts',(38.9773109409591,-0.899999999999993,0.674655782748017));
#8924=CARTESIAN_POINT('Ctrl Pts',(38.9773109409591,-1.09999999999999,0.674655782748017));
#8925=CARTESIAN_POINT('Ctrl Pts',(39.0239771958,-0.899999999999993,0.703122832459045));
#8926=CARTESIAN_POINT('Ctrl Pts',(39.0239771958,-1.09999999999999,0.703122832459045));
#8927=CARTESIAN_POINT('Ctrl Pts',(39.0459448611593,-0.899999999999993,0.716523406898714));
#8928=CARTESIAN_POINT('Ctrl Pts',(39.0459448611593,-1.09999999999999,0.716523406898714));
#8929=CARTESIAN_POINT('',(38.8961580718847,-0.899999999999993,0.654292533084639));
#8930=CARTESIAN_POINT('Ctrl Pts',(39.0459448611593,-0.899999999999993,0.716523406898714));
#8931=CARTESIAN_POINT('Ctrl Pts',(39.0239771958,-0.899999999999993,0.703122832459045));
#8932=CARTESIAN_POINT('Ctrl Pts',(38.9773109409591,-0.899999999999993,0.674655782748017));
#8933=CARTESIAN_POINT('Ctrl Pts',(38.9242441893218,-0.899999999999993,0.661340030332379));
#8934=CARTESIAN_POINT('Ctrl Pts',(38.8961580718847,-0.899999999999993,0.654292533084639));
#8935=CARTESIAN_POINT('',(38.8961580718847,-1.09999999999999,0.654292533084639));
#8936=CARTESIAN_POINT('Ctrl Pts',(38.8961580718847,-1.09999999999999,0.654292533084639));
#8937=CARTESIAN_POINT('Ctrl Pts',(38.9242441893218,-1.09999999999999,0.661340030332379));
#8938=CARTESIAN_POINT('Ctrl Pts',(38.9773109409591,-1.09999999999999,0.674655782748017));
#8939=CARTESIAN_POINT('Ctrl Pts',(39.0239771958,-1.09999999999999,0.703122832459045));
#8940=CARTESIAN_POINT('Ctrl Pts',(39.0459448611593,-1.09999999999999,0.716523406898714));
#8941=CARTESIAN_POINT('',(38.8961580718847,-0.899999999999993,0.654292533084639));
#8942=CARTESIAN_POINT('Ctrl Pts',(38.7054376696336,-0.899999999999993,0.633802185415423));
#8943=CARTESIAN_POINT('Ctrl Pts',(38.7054376696336,-1.09999999999999,0.633802185415423));
#8944=CARTESIAN_POINT('Ctrl Pts',(38.7383507452843,-0.899999999999993,0.634566950081875));
#8945=CARTESIAN_POINT('Ctrl Pts',(38.7383507452843,-1.09999999999999,0.634566950081875));
#8946=CARTESIAN_POINT('Ctrl Pts',(38.8025058100007,-0.899999999999993,0.636057650227607));
#8947=CARTESIAN_POINT('Ctrl Pts',(38.8025058100007,-1.09999999999999,0.636057650227607));
#8948=CARTESIAN_POINT('Ctrl Pts',(38.8654874921785,-0.899999999999993,0.648320713324514));
#8949=CARTESIAN_POINT('Ctrl Pts',(38.8654874921785,-1.09999999999999,0.648320713324514));
#8950=CARTESIAN_POINT('Ctrl Pts',(38.8961580718847,-0.899999999999993,0.654292533084639));
#8951=CARTESIAN_POINT('Ctrl Pts',(38.8961580718847,-1.09999999999999,0.654292533084639));
#8952=CARTESIAN_POINT('',(38.7054376696336,-0.899999999999993,0.633802185415423));
#8953=CARTESIAN_POINT('Ctrl Pts',(38.8961580718847,-0.899999999999993,0.654292533084639));
#8954=CARTESIAN_POINT('Ctrl Pts',(38.8654874921785,-0.899999999999993,0.648320713324514));
#8955=CARTESIAN_POINT('Ctrl Pts',(38.8025058100007,-0.899999999999993,0.636057650227607));
#8956=CARTESIAN_POINT('Ctrl Pts',(38.7383507452843,-0.899999999999993,0.634566950081875));
#8957=CARTESIAN_POINT('Ctrl Pts',(38.7054376696336,-0.899999999999993,0.633802185415423));
#8958=CARTESIAN_POINT('',(38.7054376696336,-1.09999999999999,0.633802185415423));
#8959=CARTESIAN_POINT('Ctrl Pts',(38.7054376696336,-1.09999999999999,0.633802185415423));
#8960=CARTESIAN_POINT('Ctrl Pts',(38.7383507452843,-1.09999999999999,0.634566950081875));
#8961=CARTESIAN_POINT('Ctrl Pts',(38.8025058100007,-1.09999999999999,0.636057650227607));
#8962=CARTESIAN_POINT('Ctrl Pts',(38.8654874921785,-1.09999999999999,0.648320713324514));
#8963=CARTESIAN_POINT('Ctrl Pts',(38.8961580718847,-1.09999999999999,0.654292533084639));
#8964=CARTESIAN_POINT('',(38.7054376696336,-0.899999999999993,0.633802185415423));
#8965=CARTESIAN_POINT('Ctrl Pts',(38.4140264104487,-0.899999999999993,0.678782376621905));
#8966=CARTESIAN_POINT('Ctrl Pts',(38.4140264104487,-1.09999999999999,0.678782376621905));
#8967=CARTESIAN_POINT('Ctrl Pts',(38.4547863896048,-0.899999999999993,0.66571969157506));
#8968=CARTESIAN_POINT('Ctrl Pts',(38.4547863896048,-1.09999999999999,0.66571969157506));
#8969=CARTESIAN_POINT('Ctrl Pts',(38.5493423177725,-0.899999999999993,0.635416577232522));
#8970=CARTESIAN_POINT('Ctrl Pts',(38.5493423177725,-1.09999999999999,0.635416577232522));
#8971=CARTESIAN_POINT('Ctrl Pts',(38.6488337509685,-0.899999999999993,0.634387602610869));
#8972=CARTESIAN_POINT('Ctrl Pts',(38.6488337509685,-1.09999999999999,0.634387602610869));
#8973=CARTESIAN_POINT('Ctrl Pts',(38.7054376696336,-0.899999999999993,0.633802185415423));
#8974=CARTESIAN_POINT('Ctrl Pts',(38.7054376696336,-1.09999999999999,0.633802185415423));
#8975=CARTESIAN_POINT('',(38.4140264104487,-0.899999999999993,0.678782376621905));
#8976=CARTESIAN_POINT('Ctrl Pts',(38.7054376696336,-0.899999999999993,0.633802185415423));
#8977=CARTESIAN_POINT('Ctrl Pts',(38.6488337509685,-0.899999999999993,0.634387602610869));
#8978=CARTESIAN_POINT('Ctrl Pts',(38.5493423177725,-0.899999999999993,0.635416577232522));
#8979=CARTESIAN_POINT('Ctrl Pts',(38.4547863896048,-0.899999999999993,0.66571969157506));
#8980=CARTESIAN_POINT('Ctrl Pts',(38.4140264104487,-0.899999999999993,0.678782376621905));
#8981=CARTESIAN_POINT('',(38.4140264104487,-1.09999999999999,0.678782376621905));
#8982=CARTESIAN_POINT('Ctrl Pts',(38.4140264104487,-1.09999999999999,0.678782376621905));
#8983=CARTESIAN_POINT('Ctrl Pts',(38.4547863896048,-1.09999999999999,0.66571969157506));
#8984=CARTESIAN_POINT('Ctrl Pts',(38.5493423177725,-1.09999999999999,0.635416577232522));
#8985=CARTESIAN_POINT('Ctrl Pts',(38.6488337509685,-1.09999999999999,0.634387602610869));
#8986=CARTESIAN_POINT('Ctrl Pts',(38.7054376696336,-1.09999999999999,0.633802185415423));
#8987=CARTESIAN_POINT('',(38.4140264104487,-0.899999999999993,0.678782376621905));
#8988=CARTESIAN_POINT('Ctrl Pts',(38.2609385366476,-0.899999999999993,0.811366891447056));
#8989=CARTESIAN_POINT('Ctrl Pts',(38.2609385366476,-1.09999999999999,0.811366891447056));
#8990=CARTESIAN_POINT('Ctrl Pts',(38.2807535929171,-0.899999999999993,0.783799910217566));
#8991=CARTESIAN_POINT('Ctrl Pts',(38.2807535929171,-1.09999999999999,0.783799910217566));
#8992=CARTESIAN_POINT('Ctrl Pts',(38.3212252537204,-0.899999999999993,0.72749517413638));
#8993=CARTESIAN_POINT('Ctrl Pts',(38.3212252537204,-1.09999999999999,0.72749517413638));
#8994=CARTESIAN_POINT('Ctrl Pts',(38.382666829341,-0.899999999999993,0.695243517608662));
#8995=CARTESIAN_POINT('Ctrl Pts',(38.382666829341,-1.09999999999999,0.695243517608662));
#8996=CARTESIAN_POINT('Ctrl Pts',(38.4140264104487,-0.899999999999993,0.678782376621905));
#8997=CARTESIAN_POINT('Ctrl Pts',(38.4140264104487,-1.09999999999999,0.678782376621905));
#8998=CARTESIAN_POINT('',(38.2609385366476,-0.899999999999993,0.811366891447056));
#8999=CARTESIAN_POINT('Ctrl Pts',(38.4140264104487,-0.899999999999993,0.678782376621905));
#9000=CARTESIAN_POINT('Ctrl Pts',(38.382666829341,-0.899999999999993,0.695243517608662));
#9001=CARTESIAN_POINT('Ctrl Pts',(38.3212252537204,-0.899999999999993,0.72749517413638));
#9002=CARTESIAN_POINT('Ctrl Pts',(38.2807535929171,-0.899999999999993,0.783799910217566));
#9003=CARTESIAN_POINT('Ctrl Pts',(38.2609385366476,-0.899999999999993,0.811366891447056));
#9004=CARTESIAN_POINT('',(38.2609385366476,-1.09999999999999,0.811366891447056));
#9005=CARTESIAN_POINT('Ctrl Pts',(38.2609385366476,-1.09999999999999,0.811366891447056));
#9006=CARTESIAN_POINT('Ctrl Pts',(38.2807535929171,-1.09999999999999,0.783799910217566));
#9007=CARTESIAN_POINT('Ctrl Pts',(38.3212252537204,-1.09999999999999,0.72749517413638));
#9008=CARTESIAN_POINT('Ctrl Pts',(38.382666829341,-1.09999999999999,0.695243517608662));
#9009=CARTESIAN_POINT('Ctrl Pts',(38.4140264104487,-1.09999999999999,0.678782376621905));
#9010=CARTESIAN_POINT('',(38.2609385366476,-0.899999999999993,0.811366891447056));
#9011=CARTESIAN_POINT('Ctrl Pts',(38.2085237078977,-0.899999999999993,1.00699399372753));
#9012=CARTESIAN_POINT('Ctrl Pts',(38.2085237078977,-1.09999999999999,1.00699399372753));
#9013=CARTESIAN_POINT('Ctrl Pts',(38.2105768595563,-0.899999999999993,0.972057501870698));
#9014=CARTESIAN_POINT('Ctrl Pts',(38.2105768595563,-1.09999999999999,0.972057501870698));
#9015=CARTESIAN_POINT('Ctrl Pts',(38.2146222381569,-0.899999999999993,0.903221215012206));
#9016=CARTESIAN_POINT('Ctrl Pts',(38.2146222381569,-1.09999999999999,0.903221215012206));
#9017=CARTESIAN_POINT('Ctrl Pts',(38.2456555611278,-0.899999999999993,0.841676035834255));
#9018=CARTESIAN_POINT('Ctrl Pts',(38.2456555611278,-1.09999999999999,0.841676035834255));
#9019=CARTESIAN_POINT('Ctrl Pts',(38.2609385366476,-0.899999999999993,0.811366891447056));
#9020=CARTESIAN_POINT('Ctrl Pts',(38.2609385366476,-1.09999999999999,0.811366891447056));
#9021=CARTESIAN_POINT('',(38.2085237078977,-0.899999999999993,1.00699399372753));
#9022=CARTESIAN_POINT('Ctrl Pts',(38.2609385366476,-0.899999999999993,0.811366891447056));
#9023=CARTESIAN_POINT('Ctrl Pts',(38.2456555611278,-0.899999999999993,0.841676035834255));
#9024=CARTESIAN_POINT('Ctrl Pts',(38.2146222381569,-0.899999999999993,0.903221215012206));
#9025=CARTESIAN_POINT('Ctrl Pts',(38.2105768595563,-0.899999999999993,0.972057501870698));
#9026=CARTESIAN_POINT('Ctrl Pts',(38.2085237078977,-0.899999999999993,1.00699399372753));
#9027=CARTESIAN_POINT('',(38.2085237078977,-1.09999999999999,1.00699399372753));
#9028=CARTESIAN_POINT('Ctrl Pts',(38.2085237078977,-1.09999999999999,1.00699399372753));
#9029=CARTESIAN_POINT('Ctrl Pts',(38.2105768595563,-1.09999999999999,0.972057501870698));
#9030=CARTESIAN_POINT('Ctrl Pts',(38.2146222381569,-1.09999999999999,0.903221215012206));
#9031=CARTESIAN_POINT('Ctrl Pts',(38.2456555611278,-1.09999999999999,0.841676035834255));
#9032=CARTESIAN_POINT('Ctrl Pts',(38.2609385366476,-1.09999999999999,0.811366891447056));
#9033=CARTESIAN_POINT('',(38.2085237078977,-0.899999999999993,1.00699399372753));
#9034=CARTESIAN_POINT('Ctrl Pts',(38.257612308269,-0.899999999999993,1.18544548265933));
#9035=CARTESIAN_POINT('Ctrl Pts',(38.257612308269,-1.09999999999999,1.18544548265933));
#9036=CARTESIAN_POINT('Ctrl Pts',(38.2433005632688,-0.899999999999993,1.15900824081797));
#9037=CARTESIAN_POINT('Ctrl Pts',(38.2433005632688,-1.09999999999999,1.15900824081797));
#9038=CARTESIAN_POINT('Ctrl Pts',(38.2132038258704,-0.899999999999993,1.10341231417007));
#9039=CARTESIAN_POINT('Ctrl Pts',(38.2132038258704,-1.09999999999999,1.10341231417007));
#9040=CARTESIAN_POINT('Ctrl Pts',(38.2101338395764,-0.899999999999993,1.04016542082883));
#9041=CARTESIAN_POINT('Ctrl Pts',(38.2101338395764,-1.09999999999999,1.04016542082883));
#9042=CARTESIAN_POINT('Ctrl Pts',(38.2085237078977,-0.899999999999993,1.00699399372753));
#9043=CARTESIAN_POINT('Ctrl Pts',(38.2085237078977,-1.09999999999999,1.00699399372753));
#9044=CARTESIAN_POINT('',(38.257612308269,-0.899999999999993,1.18544548265933));
#9045=CARTESIAN_POINT('Ctrl Pts',(38.2085237078977,-0.899999999999993,1.00699399372753));
#9046=CARTESIAN_POINT('Ctrl Pts',(38.2101338395764,-0.899999999999993,1.04016542082883));
#9047=CARTESIAN_POINT('Ctrl Pts',(38.2132038258704,-0.899999999999993,1.10341231417007));
#9048=CARTESIAN_POINT('Ctrl Pts',(38.2433005632688,-0.899999999999993,1.15900824081797));
#9049=CARTESIAN_POINT('Ctrl Pts',(38.257612308269,-0.899999999999993,1.18544548265933));
#9050=CARTESIAN_POINT('',(38.257612308269,-1.09999999999999,1.18544548265933));
#9051=CARTESIAN_POINT('Ctrl Pts',(38.257612308269,-1.09999999999999,1.18544548265933));
#9052=CARTESIAN_POINT('Ctrl Pts',(38.2433005632688,-1.09999999999999,1.15900824081797));
#9053=CARTESIAN_POINT('Ctrl Pts',(38.2132038258704,-1.09999999999999,1.10341231417007));
#9054=CARTESIAN_POINT('Ctrl Pts',(38.2101338395764,-1.09999999999999,1.04016542082883));
#9055=CARTESIAN_POINT('Ctrl Pts',(38.2085237078977,-1.09999999999999,1.00699399372753));
#9056=CARTESIAN_POINT('',(38.257612308269,-0.899999999999993,1.18544548265933));
#9057=CARTESIAN_POINT('Ctrl Pts',(38.4090289916625,-0.899999999999993,1.29924547844997));
#9058=CARTESIAN_POINT('Ctrl Pts',(38.4090289916625,-1.09999999999999,1.29924547844997));
#9059=CARTESIAN_POINT('Ctrl Pts',(38.3776869900045,-0.899999999999993,1.28525804653482));
#9060=CARTESIAN_POINT('Ctrl Pts',(38.3776869900045,-1.09999999999999,1.28525804653482));
#9061=CARTESIAN_POINT('Ctrl Pts',(38.318421255463,-0.899999999999993,1.25880870115329));
#9062=CARTESIAN_POINT('Ctrl Pts',(38.318421255463,-1.09999999999999,1.25880870115329));
#9063=CARTESIAN_POINT('Ctrl Pts',(38.277087284416,-0.899999999999993,1.20894115223045));
#9064=CARTESIAN_POINT('Ctrl Pts',(38.277087284416,-1.09999999999999,1.20894115223045));
#9065=CARTESIAN_POINT('Ctrl Pts',(38.257612308269,-0.899999999999993,1.18544548265933));
#9066=CARTESIAN_POINT('Ctrl Pts',(38.257612308269,-1.09999999999999,1.18544548265933));
#9067=CARTESIAN_POINT('Ctrl Pts',(38.257612308269,-0.899999999999993,1.18544548265933));
#9068=CARTESIAN_POINT('Ctrl Pts',(38.277087284416,-0.899999999999993,1.20894115223045));
#9069=CARTESIAN_POINT('Ctrl Pts',(38.318421255463,-0.899999999999993,1.25880870115329));
#9070=CARTESIAN_POINT('Ctrl Pts',(38.3776869900045,-0.899999999999993,1.28525804653482));
#9071=CARTESIAN_POINT('Ctrl Pts',(38.4090289916625,-0.899999999999993,1.29924547844997));
#9072=CARTESIAN_POINT('Ctrl Pts',(38.4090289916625,-1.09999999999999,1.29924547844997));
#9073=CARTESIAN_POINT('Ctrl Pts',(38.3776869900045,-1.09999999999999,1.28525804653482));
#9074=CARTESIAN_POINT('Ctrl Pts',(38.318421255463,-1.09999999999999,1.25880870115329));
#9075=CARTESIAN_POINT('Ctrl Pts',(38.277087284416,-1.09999999999999,1.20894115223045));
#9076=CARTESIAN_POINT('Ctrl Pts',(38.257612308269,-1.09999999999999,1.18544548265933));
#9077=CARTESIAN_POINT('Origin',(37.902382574803,-1.09999999999999,1.25407763701504));
#9078=CARTESIAN_POINT('Origin',(40.4974425499943,-0.899999999999991,8.26545052095744));
#9079=CARTESIAN_POINT('',(40.4974425499943,-0.899999999999991,7.06545054777953));
#9080=CARTESIAN_POINT('',(40.4974425499943,-0.899999999999991,8.26545052095744));
#9081=CARTESIAN_POINT('',(40.4974425499943,-0.899999999999992,6.38272526047872));
#9082=CARTESIAN_POINT('',(40.4974425499943,-1.09999999999999,7.06545054777953));
#9083=CARTESIAN_POINT('',(40.4974425499943,-0.899999999999991,7.06545054777953));
#9084=CARTESIAN_POINT('',(40.4974425499943,-1.09999999999999,8.26545052095744));
#9085=CARTESIAN_POINT('',(40.4974425499943,-1.09999999999999,7.06545054777953));
#9086=CARTESIAN_POINT('',(40.4974425499943,-0.899999999999991,8.26545052095744));
#9087=CARTESIAN_POINT('Origin',(40.8600617116002,-0.899999999999991,8.26545052095744));
#9088=CARTESIAN_POINT('',(40.8600617116002,-0.899999999999991,8.26545052095744));
#9089=CARTESIAN_POINT('',(35.9300308558001,-0.899999999999992,8.26545052095744));
#9090=CARTESIAN_POINT('',(40.8600617116002,-1.09999999999999,8.26545052095744));
#9091=CARTESIAN_POINT('',(40.4974425499943,-1.09999999999999,8.26545052095744));
#9092=CARTESIAN_POINT('',(40.8600617116002,-0.899999999999991,8.26545052095744));
#9093=CARTESIAN_POINT('Origin',(41.0777974789647,-0.899999999999991,7.44689665600153));
#9094=CARTESIAN_POINT('',(41.0777974789647,-0.899999999999991,7.44689665600153));
#9095=CARTESIAN_POINT('',(41.110862228276,-0.899999999999991,7.32259333794673));
#9096=CARTESIAN_POINT('',(41.0777974789647,-1.09999999999999,7.44689665600153));
#9097=CARTESIAN_POINT('',(40.8600617116002,-1.09999999999999,8.26545052095744));
#9098=CARTESIAN_POINT('',(41.0777974789647,-0.899999999999991,7.44689665600153));
#9099=CARTESIAN_POINT('Origin',(41.293076938918,-0.899999999999991,8.26545052095744));
#9100=CARTESIAN_POINT('',(41.293076938918,-0.899999999999991,8.26545052095744));
#9101=CARTESIAN_POINT('',(40.4970039041652,-0.899999999999992,5.238553948821));
#9102=CARTESIAN_POINT('',(41.293076938918,-1.09999999999999,8.26545052095744));
#9103=CARTESIAN_POINT('',(41.0777974789647,-1.09999999999999,7.44689665600153));
#9104=CARTESIAN_POINT('',(41.293076938918,-0.899999999999991,8.26545052095744));
#9105=CARTESIAN_POINT('Origin',(41.6565144722966,-0.899999999999991,8.26545052095744));
#9106=CARTESIAN_POINT('',(41.6565144722966,-0.899999999999991,8.26545052095744));
#9107=CARTESIAN_POINT('',(36.3282572361483,-0.899999999999992,8.26545052095744));
#9108=CARTESIAN_POINT('',(41.6565144722966,-1.09999999999999,8.26545052095744));
#9109=CARTESIAN_POINT('',(41.293076938918,-1.09999999999999,8.26545052095744));
#9110=CARTESIAN_POINT('',(41.6565144722966,-0.899999999999991,8.26545052095744));
#9111=CARTESIAN_POINT('Origin',(41.6565144722966,-0.899999999999991,7.06545054777953));
#9112=CARTESIAN_POINT('',(41.6565144722966,-0.899999999999991,7.06545054777953));
#9113=CARTESIAN_POINT('',(41.6565144722966,-0.899999999999991,5.78272527388976));
#9114=CARTESIAN_POINT('',(41.6565144722966,-1.09999999999999,7.06545054777953));
#9115=CARTESIAN_POINT('',(41.6565144722966,-1.09999999999999,8.26545052095744));
#9116=CARTESIAN_POINT('',(41.6565144722966,-0.899999999999991,7.06545054777953));
#9117=CARTESIAN_POINT('Origin',(41.4314127629307,-0.899999999999991,7.06545054777953));
#9118=CARTESIAN_POINT('',(41.4314127629307,-0.899999999999991,7.06545054777953));
#9119=CARTESIAN_POINT('',(36.2157063814654,-0.899999999999992,7.06545054777953));
#9120=CARTESIAN_POINT('',(41.4314127629307,-1.09999999999999,7.06545054777953));
#9121=CARTESIAN_POINT('',(41.6565144722966,-1.09999999999999,7.06545054777953));
#9122=CARTESIAN_POINT('',(41.4314127629307,-0.899999999999991,7.06545054777953));
#9123=CARTESIAN_POINT('Origin',(41.4314127629307,-0.899999999999991,8.01006175443026));
#9124=CARTESIAN_POINT('',(41.4314127629307,-0.899999999999991,8.01006175443026));
#9125=CARTESIAN_POINT('',(41.4314127629307,-0.899999999999991,6.25503087721513));
#9126=CARTESIAN_POINT('',(41.4314127629307,-1.09999999999999,8.01006175443026));
#9127=CARTESIAN_POINT('',(41.4314127629307,-1.09999999999999,7.06545054777953));
#9128=CARTESIAN_POINT('',(41.4314127629307,-0.899999999999991,8.01006175443026));
#9129=CARTESIAN_POINT('Origin',(41.1932135289219,-0.899999999999991,7.06545054777953));
#9130=CARTESIAN_POINT('',(41.1932135289219,-0.899999999999991,7.06545054777953));
#9131=CARTESIAN_POINT('',(40.5843848598225,-0.899999999999992,4.65105830107584));
#9132=CARTESIAN_POINT('',(41.1932135289219,-1.09999999999999,7.06545054777953));
#9133=CARTESIAN_POINT('',(41.4314127629307,-1.09999999999999,8.01006175443026));
#9134=CARTESIAN_POINT('',(41.1932135289219,-0.899999999999991,7.06545054777953));
#9135=CARTESIAN_POINT('Origin',(40.9599257176426,-0.899999999999991,7.06545054777953));
#9136=CARTESIAN_POINT('',(40.9599257176426,-0.899999999999991,7.06545054777953));
#9137=CARTESIAN_POINT('',(35.9799628588213,-0.899999999999992,7.06545054777953));
#9138=CARTESIAN_POINT('',(40.9599257176426,-1.09999999999999,7.06545054777953));
#9139=CARTESIAN_POINT('',(41.1932135289219,-1.09999999999999,7.06545054777953));
#9140=CARTESIAN_POINT('',(40.9599257176426,-0.899999999999991,7.06545054777953));
#9141=CARTESIAN_POINT('Origin',(40.7225448554066,-0.899999999999991,8.01006175443026));
#9142=CARTESIAN_POINT('',(40.7225448554066,-0.899999999999991,8.01006175443026));
#9143=CARTESIAN_POINT('',(40.8486243592311,-0.899999999999991,7.50835276609921));
#9144=CARTESIAN_POINT('',(40.7225448554066,-1.09999999999999,8.01006175443026));
#9145=CARTESIAN_POINT('',(40.9599257176426,-1.09999999999999,7.06545054777953));
#9146=CARTESIAN_POINT('',(40.7225448554066,-0.899999999999991,8.01006175443026));
#9147=CARTESIAN_POINT('Origin',(40.7225448554066,-0.899999999999991,7.06545054777953));
#9148=CARTESIAN_POINT('',(40.7225448554066,-0.899999999999991,7.06545054777953));
#9149=CARTESIAN_POINT('',(40.7225448554066,-0.899999999999992,5.78272527388976));
#9150=CARTESIAN_POINT('',(40.7225448554066,-1.09999999999999,7.06545054777953));
#9151=CARTESIAN_POINT('',(40.7225448554066,-1.09999999999999,8.01006175443026));
#9152=CARTESIAN_POINT('',(40.7225448554066,-0.899999999999991,7.06545054777953));
#9153=CARTESIAN_POINT('Origin',(40.4974425499943,-0.899999999999991,7.06545054777953));
#9154=CARTESIAN_POINT('',(35.7487212749972,-0.899999999999992,7.06545054777953));
#9155=CARTESIAN_POINT('',(40.7225448554066,-1.09999999999999,7.06545054777953));
#9156=CARTESIAN_POINT('Origin',(38.0986702590865,-1.09999999999999,7.66545049711558));
#9157=CARTESIAN_POINT('Origin',(39.7607440417317,-0.899999999999991,7.98550508781763));
#9158=CARTESIAN_POINT('',(39.9260920947102,-0.899999999999991,7.54021182521674));
#9159=CARTESIAN_POINT('',(39.7607440417317,-0.899999999999991,7.98550508781763));
#9160=CARTESIAN_POINT('',(39.7986685541689,-0.899999999999991,7.88337186295332));
#9161=CARTESIAN_POINT('',(39.9260920947102,-1.09999999999999,7.54021182521674));
#9162=CARTESIAN_POINT('',(39.9260920947102,-0.899999999999991,7.54021182521674));
#9163=CARTESIAN_POINT('',(39.7607440417317,-1.09999999999999,7.98550508781763));
#9164=CARTESIAN_POINT('',(39.9260920947102,-1.09999999999999,7.54021182521674));
#9165=CARTESIAN_POINT('',(39.7607440417317,-0.899999999999991,7.98550508781763));
#9166=CARTESIAN_POINT('Origin',(39.5986706679371,-0.899999999999992,7.54021182521674));
#9167=CARTESIAN_POINT('',(39.5986706679371,-0.899999999999992,7.54021182521674));
#9168=CARTESIAN_POINT('',(38.607192278137,-0.899999999999992,4.81614533202436));
#9169=CARTESIAN_POINT('',(39.5986706679371,-1.09999999999999,7.54021182521674));
#9170=CARTESIAN_POINT('',(39.7607440417317,-1.09999999999999,7.98550508781763));
#9171=CARTESIAN_POINT('',(39.5986706679371,-0.899999999999992,7.54021182521674));
#9172=CARTESIAN_POINT('Origin',(39.9260920947102,-0.899999999999991,7.54021182521674));
#9173=CARTESIAN_POINT('',(35.4630460473551,-0.899999999999992,7.54021182521674));
#9174=CARTESIAN_POINT('',(39.5986706679371,-1.09999999999999,7.54021182521674));
#9175=CARTESIAN_POINT('Origin',(40.1086295311955,-0.899999999999991,7.06545054777953));
#9176=CARTESIAN_POINT('',(40.3722036545781,-0.899999999999991,7.06545054777953));
#9177=CARTESIAN_POINT('',(40.1086295311955,-0.899999999999992,7.06545054777953));
#9178=CARTESIAN_POINT('',(35.5543147655978,-0.899999999999993,7.06545054777953));
#9179=CARTESIAN_POINT('',(40.3722036545781,-1.09999999999999,7.06545054777953));
#9180=CARTESIAN_POINT('',(40.3722036545781,-0.899999999999991,7.06545054777953));
#9181=CARTESIAN_POINT('',(40.1086295311955,-1.09999999999999,7.06545054777953));
#9182=CARTESIAN_POINT('',(40.3722036545781,-1.09999999999999,7.06545054777953));
#9183=CARTESIAN_POINT('',(40.1086295311955,-0.899999999999992,7.06545054777953));
#9184=CARTESIAN_POINT('Origin',(40.00385469847,-0.899999999999992,7.3380289958367));
#9185=CARTESIAN_POINT('',(40.00385469847,-0.899999999999991,7.3380289958367));
#9186=CARTESIAN_POINT('',(39.8995478079521,-0.899999999999991,7.60939006222483));
#9187=CARTESIAN_POINT('',(40.00385469847,-1.09999999999999,7.3380289958367));
#9188=CARTESIAN_POINT('',(40.1086295311955,-1.09999999999999,7.06545054777953));
#9189=CARTESIAN_POINT('',(40.00385469847,-0.899999999999991,7.3380289958367));
#9190=CARTESIAN_POINT('Origin',(39.5241821473149,-0.899999999999992,7.3380289958367));
#9191=CARTESIAN_POINT('',(39.5241821473149,-0.899999999999992,7.3380289958367));
#9192=CARTESIAN_POINT('',(35.2620910736574,-0.899999999999993,7.3380289958367));
#9193=CARTESIAN_POINT('',(39.5241821473149,-1.09999999999999,7.3380289958367));
#9194=CARTESIAN_POINT('',(40.00385469847,-1.09999999999999,7.3380289958367));
#9195=CARTESIAN_POINT('',(39.5241821473149,-0.899999999999992,7.3380289958367));
#9196=CARTESIAN_POINT('Origin',(39.4251371090916,-0.899999999999992,7.06545054777953));
#9197=CARTESIAN_POINT('',(39.4251371090916,-0.899999999999992,7.06545054777953));
#9198=CARTESIAN_POINT('',(38.5220773583737,-0.899999999999992,4.5801708228254));
#9199=CARTESIAN_POINT('',(39.4251371090916,-1.09999999999999,7.06545054777953));
#9200=CARTESIAN_POINT('',(39.5241821473149,-1.09999999999999,7.3380289958367));
#9201=CARTESIAN_POINT('',(39.4251371090916,-0.899999999999992,7.06545054777953));
#9202=CARTESIAN_POINT('Origin',(39.1681111519841,-0.899999999999992,7.06545054777953));
#9203=CARTESIAN_POINT('',(39.1681111519841,-0.899999999999992,7.06545054777953));
#9204=CARTESIAN_POINT('',(35.084055575992,-0.899999999999993,7.06545054777953));
#9205=CARTESIAN_POINT('',(39.1681111519841,-1.09999999999999,7.06545054777953));
#9206=CARTESIAN_POINT('',(39.4251371090916,-1.09999999999999,7.06545054777953));
#9207=CARTESIAN_POINT('',(39.1681111519841,-0.899999999999992,7.06545054777953));
#9208=CARTESIAN_POINT('Origin',(39.6355051463154,-0.899999999999991,8.26545052095744));
#9209=CARTESIAN_POINT('',(39.6355051463154,-0.899999999999991,8.26545052095744));
#9210=CARTESIAN_POINT('',(38.4300393683439,-0.899999999999992,5.17050510279447));
#9211=CARTESIAN_POINT('',(39.6355051463154,-1.09999999999999,8.26545052095744));
#9212=CARTESIAN_POINT('',(39.1681111519841,-1.09999999999999,7.06545054777953));
#9213=CARTESIAN_POINT('',(39.6355051463154,-0.899999999999991,8.26545052095744));
#9214=CARTESIAN_POINT('Origin',(39.8917127316502,-0.899999999999991,8.26545052095744));
#9215=CARTESIAN_POINT('',(39.8917127316502,-0.899999999999991,8.26545052095744));
#9216=CARTESIAN_POINT('',(35.4458563658251,-0.899999999999992,8.26545052095744));
#9217=CARTESIAN_POINT('',(39.8917127316502,-1.09999999999999,8.26545052095744));
#9218=CARTESIAN_POINT('',(39.6355051463154,-1.09999999999999,8.26545052095744));
#9219=CARTESIAN_POINT('',(39.8917127316502,-0.899999999999991,8.26545052095744));
#9220=CARTESIAN_POINT('Origin',(40.3722036545781,-0.899999999999991,7.06545054777953));
#9221=CARTESIAN_POINT('',(40.1673512240075,-0.899999999999991,7.57705836274553));
#9222=CARTESIAN_POINT('',(39.8917127316502,-1.09999999999999,8.26545052095744));
#9223=CARTESIAN_POINT('Origin',(38.0986702590865,-1.09999999999999,7.66545049711558));
#9224=CARTESIAN_POINT('Origin',(39.0821630423573,-0.899999999999992,7.43216268583628));
#9225=CARTESIAN_POINT('',(38.847237891486,-0.899999999999992,7.50665113195273));
#9226=CARTESIAN_POINT('',(39.0821630423573,-0.899999999999992,7.43216268583628));
#9227=CARTESIAN_POINT('',(35.8326294780043,-0.899999999999992,8.46250237025996));
#9228=CARTESIAN_POINT('',(38.847237891486,-1.09999999999999,7.50665113195273));
#9229=CARTESIAN_POINT('',(38.847237891486,-0.899999999999992,7.50665113195273));
#9230=CARTESIAN_POINT('',(39.0821630423573,-1.09999999999999,7.43216268583628));
#9231=CARTESIAN_POINT('',(38.847237891486,-1.09999999999999,7.50665113195273));
#9232=CARTESIAN_POINT('',(39.0821630423573,-0.899999999999992,7.43216268583628));
#9233=CARTESIAN_POINT('Ctrl Pts',(38.9020810192135,-0.899999999999992,7.13993891939017));
#9234=CARTESIAN_POINT('Ctrl Pts',(38.9020810192135,-1.09999999999999,7.13993891939017));
#9235=CARTESIAN_POINT('Ctrl Pts',(38.9416066291639,-0.899999999999992,7.17803485623107));
#9236=CARTESIAN_POINT('Ctrl Pts',(38.9416066291639,-1.09999999999999,7.17803485623107));
#9237=CARTESIAN_POINT('Ctrl Pts',(39.026418262021,-0.899999999999992,7.2597787840985));
#9238=CARTESIAN_POINT('Ctrl Pts',(39.026418262021,-1.09999999999999,7.2597787840985));
#9239=CARTESIAN_POINT('Ctrl Pts',(39.062758700408,-0.899999999999992,7.37215713633567));
#9240=CARTESIAN_POINT('Ctrl Pts',(39.062758700408,-1.09999999999999,7.37215713633567));
#9241=CARTESIAN_POINT('Ctrl Pts',(39.0821630423573,-0.899999999999992,7.43216268583628));
#9242=CARTESIAN_POINT('Ctrl Pts',(39.0821630423573,-1.09999999999999,7.43216268583628));
#9243=CARTESIAN_POINT('',(38.9020810192135,-0.899999999999992,7.13993891939017));
#9244=CARTESIAN_POINT('Ctrl Pts',(39.0821630423573,-0.899999999999992,7.43216268583628));
#9245=CARTESIAN_POINT('Ctrl Pts',(39.062758700408,-0.899999999999992,7.37215713633567));
#9246=CARTESIAN_POINT('Ctrl Pts',(39.026418262021,-0.899999999999992,7.2597787840985));
#9247=CARTESIAN_POINT('Ctrl Pts',(38.9416066291639,-0.899999999999992,7.17803485623107));
#9248=CARTESIAN_POINT('Ctrl Pts',(38.9020810192135,-0.899999999999992,7.13993891939017));
#9249=CARTESIAN_POINT('',(38.9020810192135,-1.09999999999999,7.13993891939017));
#9250=CARTESIAN_POINT('Ctrl Pts',(38.9020810192135,-1.09999999999999,7.13993891939017));
#9251=CARTESIAN_POINT('Ctrl Pts',(38.9416066291639,-1.09999999999999,7.17803485623107));
#9252=CARTESIAN_POINT('Ctrl Pts',(39.026418262021,-1.09999999999999,7.2597787840985));
#9253=CARTESIAN_POINT('Ctrl Pts',(39.062758700408,-1.09999999999999,7.37215713633567));
#9254=CARTESIAN_POINT('Ctrl Pts',(39.0821630423573,-1.09999999999999,7.43216268583628));
#9255=CARTESIAN_POINT('',(38.9020810192135,-0.899999999999992,7.13993891939017));
#9256=CARTESIAN_POINT('Ctrl Pts',(38.5836637681035,-0.899999999999992,7.0449866341004));
#9257=CARTESIAN_POINT('Ctrl Pts',(38.5836637681035,-1.09999999999999,7.0449866341004));
#9258=CARTESIAN_POINT('Ctrl Pts',(38.643910078403,-0.899999999999992,7.04798538850278));
#9259=CARTESIAN_POINT('Ctrl Pts',(38.643910078403,-1.09999999999999,7.04798538850278));
#9260=CARTESIAN_POINT('Ctrl Pts',(38.7580559728507,-0.899999999999992,7.05366698961305));
#9261=CARTESIAN_POINT('Ctrl Pts',(38.7580559728507,-1.09999999999999,7.05366698961305));
#9262=CARTESIAN_POINT('Ctrl Pts',(38.8558858453193,-0.899999999999992,7.11226771289596));
#9263=CARTESIAN_POINT('Ctrl Pts',(38.8558858453193,-1.09999999999999,7.11226771289596));
#9264=CARTESIAN_POINT('Ctrl Pts',(38.9020810192135,-0.899999999999992,7.13993891939017));
#9265=CARTESIAN_POINT('Ctrl Pts',(38.9020810192135,-1.09999999999999,7.13993891939017));
#9266=CARTESIAN_POINT('',(38.5836637681035,-0.899999999999992,7.0449866341004));
#9267=CARTESIAN_POINT('Ctrl Pts',(38.9020810192135,-0.899999999999992,7.13993891939017));
#9268=CARTESIAN_POINT('Ctrl Pts',(38.8558858453193,-0.899999999999992,7.11226771289596));
#9269=CARTESIAN_POINT('Ctrl Pts',(38.7580559728507,-0.899999999999992,7.05366698961305));
#9270=CARTESIAN_POINT('Ctrl Pts',(38.643910078403,-0.899999999999992,7.04798538850278));
#9271=CARTESIAN_POINT('Ctrl Pts',(38.5836637681035,-0.899999999999992,7.0449866341004));
#9272=CARTESIAN_POINT('',(38.5836637681035,-1.09999999999999,7.0449866341004));
#9273=CARTESIAN_POINT('Ctrl Pts',(38.5836637681035,-1.09999999999999,7.0449866341004));
#9274=CARTESIAN_POINT('Ctrl Pts',(38.643910078403,-1.09999999999999,7.04798538850278));
#9275=CARTESIAN_POINT('Ctrl Pts',(38.7580559728507,-1.09999999999999,7.05366698961305));
#9276=CARTESIAN_POINT('Ctrl Pts',(38.8558858453193,-1.09999999999999,7.11226771289596));
#9277=CARTESIAN_POINT('Ctrl Pts',(38.9020810192135,-1.09999999999999,7.13993891939017));
#9278=CARTESIAN_POINT('',(38.5836637681035,-0.899999999999992,7.0449866341004));
#9279=CARTESIAN_POINT('Ctrl Pts',(38.1907576983479,-0.899999999999992,7.20787897571417));
#9280=CARTESIAN_POINT('Ctrl Pts',(38.1907576983479,-1.09999999999999,7.20787897571417));
#9281=CARTESIAN_POINT('Ctrl Pts',(38.2463044844802,-0.899999999999992,7.16037315638786));
#9282=CARTESIAN_POINT('Ctrl Pts',(38.2463044844802,-1.09999999999999,7.16037315638786));
#9283=CARTESIAN_POINT('Ctrl Pts',(38.3594648516021,-0.899999999999992,7.06359391262398));
#9284=CARTESIAN_POINT('Ctrl Pts',(38.3594648516021,-1.09999999999999,7.06359391262398));
#9285=CARTESIAN_POINT('Ctrl Pts',(38.5080263387621,-0.899999999999992,7.05126412525213));
#9286=CARTESIAN_POINT('Ctrl Pts',(38.5080263387621,-1.09999999999999,7.05126412525213));
#9287=CARTESIAN_POINT('Ctrl Pts',(38.5836637681035,-0.899999999999992,7.0449866341004));
#9288=CARTESIAN_POINT('Ctrl Pts',(38.5836637681035,-1.09999999999999,7.0449866341004));
#9289=CARTESIAN_POINT('',(38.1907576983479,-0.899999999999992,7.20787897571417));
#9290=CARTESIAN_POINT('Ctrl Pts',(38.5836637681035,-0.899999999999992,7.0449866341004));
#9291=CARTESIAN_POINT('Ctrl Pts',(38.5080263387621,-0.899999999999992,7.05126412525213));
#9292=CARTESIAN_POINT('Ctrl Pts',(38.3594648516021,-0.899999999999992,7.06359391262398));
#9293=CARTESIAN_POINT('Ctrl Pts',(38.2463044844802,-0.899999999999992,7.16037315638786));
#9294=CARTESIAN_POINT('Ctrl Pts',(38.1907576983479,-0.899999999999992,7.20787897571417));
#9295=CARTESIAN_POINT('',(38.1907576983479,-1.09999999999999,7.20787897571417));
#9296=CARTESIAN_POINT('Ctrl Pts',(38.1907576983479,-1.09999999999999,7.20787897571417));
#9297=CARTESIAN_POINT('Ctrl Pts',(38.2463044844802,-1.09999999999999,7.16037315638786));
#9298=CARTESIAN_POINT('Ctrl Pts',(38.3594648516021,-1.09999999999999,7.06359391262398));
#9299=CARTESIAN_POINT('Ctrl Pts',(38.5080263387621,-1.09999999999999,7.05126412525213));
#9300=CARTESIAN_POINT('Ctrl Pts',(38.5836637681035,-1.09999999999999,7.0449866341004));
#9301=CARTESIAN_POINT('',(38.1907576983479,-0.899999999999992,7.20787897571417));
#9302=CARTESIAN_POINT('Ctrl Pts',(38.0368695323971,-0.899999999999992,7.65480935438963));
#9303=CARTESIAN_POINT('Ctrl Pts',(38.0368695323971,-1.09999999999999,7.65480935438963));
#9304=CARTESIAN_POINT('Ctrl Pts',(38.0414691349711,-0.899999999999992,7.56741401257531));
#9305=CARTESIAN_POINT('Ctrl Pts',(38.0414691349711,-1.09999999999999,7.56741401257531));
#9306=CARTESIAN_POINT('Ctrl Pts',(38.0501143215826,-0.899999999999992,7.40315002958757));
#9307=CARTESIAN_POINT('Ctrl Pts',(38.0501143215826,-1.09999999999999,7.40315002958757));
#9308=CARTESIAN_POINT('Ctrl Pts',(38.1459231791716,-0.899999999999992,7.27012779262132));
#9309=CARTESIAN_POINT('Ctrl Pts',(38.1459231791716,-1.09999999999999,7.27012779262132));
#9310=CARTESIAN_POINT('Ctrl Pts',(38.1907576983479,-0.899999999999992,7.20787897571417));
#9311=CARTESIAN_POINT('Ctrl Pts',(38.1907576983479,-1.09999999999999,7.20787897571417));
#9312=CARTESIAN_POINT('',(38.0368695323971,-0.899999999999992,7.65480935438963));
#9313=CARTESIAN_POINT('Ctrl Pts',(38.1907576983479,-0.899999999999992,7.20787897571417));
#9314=CARTESIAN_POINT('Ctrl Pts',(38.1459231791716,-0.899999999999992,7.27012779262132));
#9315=CARTESIAN_POINT('Ctrl Pts',(38.0501143215826,-0.899999999999992,7.40315002958757));
#9316=CARTESIAN_POINT('Ctrl Pts',(38.0414691349711,-0.899999999999992,7.56741401257531));
#9317=CARTESIAN_POINT('Ctrl Pts',(38.0368695323971,-0.899999999999992,7.65480935438963));
#9318=CARTESIAN_POINT('',(38.0368695323971,-1.09999999999999,7.65480935438963));
#9319=CARTESIAN_POINT('Ctrl Pts',(38.0368695323971,-1.09999999999999,7.65480935438963));
#9320=CARTESIAN_POINT('Ctrl Pts',(38.0414691349711,-1.09999999999999,7.56741401257531));
#9321=CARTESIAN_POINT('Ctrl Pts',(38.0501143215826,-1.09999999999999,7.40315002958757));
#9322=CARTESIAN_POINT('Ctrl Pts',(38.1459231791716,-1.09999999999999,7.27012779262132));
#9323=CARTESIAN_POINT('Ctrl Pts',(38.1907576983479,-1.09999999999999,7.20787897571417));
#9324=CARTESIAN_POINT('',(38.0368695323971,-0.899999999999992,7.65480935438963));
#9325=CARTESIAN_POINT('Ctrl Pts',(38.1915763681439,-0.899999999999992,8.11974793537947));
#9326=CARTESIAN_POINT('Ctrl Pts',(38.1915763681439,-1.09999999999999,8.11974793537947));
#9327=CARTESIAN_POINT('Ctrl Pts',(38.1465248655182,-0.899999999999992,8.05567300510798));
#9328=CARTESIAN_POINT('Ctrl Pts',(38.1465248655182,-1.09999999999999,8.05567300510798));
#9329=CARTESIAN_POINT('Ctrl Pts',(38.0488800446132,-0.899999999999992,7.91679672515722));
#9330=CARTESIAN_POINT('Ctrl Pts',(38.0488800446132,-1.09999999999999,7.91679672515722));
#9331=CARTESIAN_POINT('Ctrl Pts',(38.0410740086713,-0.899999999999992,7.74652231922489));
#9332=CARTESIAN_POINT('Ctrl Pts',(38.0410740086713,-1.09999999999999,7.74652231922489));
#9333=CARTESIAN_POINT('Ctrl Pts',(38.0368695323971,-0.899999999999992,7.65480935438963));
#9334=CARTESIAN_POINT('Ctrl Pts',(38.0368695323971,-1.09999999999999,7.65480935438963));
#9335=CARTESIAN_POINT('',(38.1915763681439,-0.899999999999992,8.11974793537947));
#9336=CARTESIAN_POINT('Ctrl Pts',(38.0368695323971,-0.899999999999992,7.65480935438963));
#9337=CARTESIAN_POINT('Ctrl Pts',(38.0410740086713,-0.899999999999992,7.74652231922489));
#9338=CARTESIAN_POINT('Ctrl Pts',(38.0488800446132,-0.899999999999992,7.91679672515722));
#9339=CARTESIAN_POINT('Ctrl Pts',(38.1465248655182,-0.899999999999992,8.05567300510798));
#9340=CARTESIAN_POINT('Ctrl Pts',(38.1915763681439,-0.899999999999992,8.11974793537947));
#9341=CARTESIAN_POINT('',(38.1915763681439,-1.09999999999999,8.11974793537947));
#9342=CARTESIAN_POINT('Ctrl Pts',(38.1915763681439,-1.09999999999999,8.11974793537947));
#9343=CARTESIAN_POINT('Ctrl Pts',(38.1465248655182,-1.09999999999999,8.05567300510798));
#9344=CARTESIAN_POINT('Ctrl Pts',(38.0488800446132,-1.09999999999999,7.91679672515722));
#9345=CARTESIAN_POINT('Ctrl Pts',(38.0410740086713,-1.09999999999999,7.74652231922489));
#9346=CARTESIAN_POINT('Ctrl Pts',(38.0368695323971,-1.09999999999999,7.65480935438963));
#9347=CARTESIAN_POINT('',(38.1915763681439,-0.899999999999992,8.11974793537947));
#9348=CARTESIAN_POINT('Ctrl Pts',(38.5983977382687,-0.899999999999992,8.28591436013075));
#9349=CARTESIAN_POINT('Ctrl Pts',(38.5983977382687,-1.09999999999999,8.28591436013075));
#9350=CARTESIAN_POINT('Ctrl Pts',(38.5192385723908,-0.899999999999992,8.27985143305852));
#9351=CARTESIAN_POINT('Ctrl Pts',(38.5192385723908,-1.09999999999999,8.27985143305852));
#9352=CARTESIAN_POINT('Ctrl Pts',(38.3654885712443,-0.899999999999992,8.26807547465917));
#9353=CARTESIAN_POINT('Ctrl Pts',(38.3654885712443,-1.09999999999999,8.26807547465917));
#9354=CARTESIAN_POINT('Ctrl Pts',(38.2483873034821,-0.899999999999992,8.16820127041103));
#9355=CARTESIAN_POINT('Ctrl Pts',(38.2483873034821,-1.09999999999999,8.16820127041103));
#9356=CARTESIAN_POINT('Ctrl Pts',(38.1915763681439,-0.899999999999992,8.11974793537947));
#9357=CARTESIAN_POINT('Ctrl Pts',(38.1915763681439,-1.09999999999999,8.11974793537947));
#9358=CARTESIAN_POINT('',(38.5983977382687,-0.899999999999992,8.28591436013075));
#9359=CARTESIAN_POINT('Ctrl Pts',(38.1915763681439,-0.899999999999992,8.11974793537947));
#9360=CARTESIAN_POINT('Ctrl Pts',(38.2483873034821,-0.899999999999992,8.16820127041103));
#9361=CARTESIAN_POINT('Ctrl Pts',(38.3654885712443,-0.899999999999992,8.26807547465917));
#9362=CARTESIAN_POINT('Ctrl Pts',(38.5192385723908,-0.899999999999992,8.27985143305852));
#9363=CARTESIAN_POINT('Ctrl Pts',(38.5983977382687,-0.899999999999992,8.28591436013075));
#9364=CARTESIAN_POINT('',(38.5983977382687,-1.09999999999999,8.28591436013075));
#9365=CARTESIAN_POINT('Ctrl Pts',(38.5983977382687,-1.09999999999999,8.28591436013075));
#9366=CARTESIAN_POINT('Ctrl Pts',(38.5192385723908,-1.09999999999999,8.27985143305852));
#9367=CARTESIAN_POINT('Ctrl Pts',(38.3654885712443,-1.09999999999999,8.26807547465917));
#9368=CARTESIAN_POINT('Ctrl Pts',(38.2483873034821,-1.09999999999999,8.16820127041103));
#9369=CARTESIAN_POINT('Ctrl Pts',(38.1915763681439,-1.09999999999999,8.11974793537947));
#9370=CARTESIAN_POINT('',(38.5983977382687,-0.899999999999992,8.28591436013075));
#9371=CARTESIAN_POINT('Ctrl Pts',(38.9561057751683,-0.899999999999992,8.15576426550242));
#9372=CARTESIAN_POINT('Ctrl Pts',(38.9561057751683,-1.09999999999999,8.15576426550242));
#9373=CARTESIAN_POINT('Ctrl Pts',(38.9053946860941,-0.899999999999992,8.19370639830644));
#9374=CARTESIAN_POINT('Ctrl Pts',(38.9053946860941,-1.09999999999999,8.19370639830644));
#9375=CARTESIAN_POINT('Ctrl Pts',(38.7995312354174,-0.899999999999992,8.27291363242421));
#9376=CARTESIAN_POINT('Ctrl Pts',(38.7995312354174,-1.09999999999999,8.27291363242421));
#9377=CARTESIAN_POINT('Ctrl Pts',(38.6672915146507,-0.899999999999992,8.28146125192096));
#9378=CARTESIAN_POINT('Ctrl Pts',(38.6672915146507,-1.09999999999999,8.28146125192096));
#9379=CARTESIAN_POINT('Ctrl Pts',(38.5983977382687,-0.899999999999992,8.28591436013075));
#9380=CARTESIAN_POINT('Ctrl Pts',(38.5983977382687,-1.09999999999999,8.28591436013075));
#9381=CARTESIAN_POINT('',(38.9561057751683,-0.899999999999992,8.15576426550242));
#9382=CARTESIAN_POINT('Ctrl Pts',(38.5983977382687,-0.899999999999992,8.28591436013075));
#9383=CARTESIAN_POINT('Ctrl Pts',(38.6672915146507,-0.899999999999992,8.28146125192096));
#9384=CARTESIAN_POINT('Ctrl Pts',(38.7995312354174,-0.899999999999992,8.27291363242421));
#9385=CARTESIAN_POINT('Ctrl Pts',(38.9053946860941,-0.899999999999992,8.19370639830644));
#9386=CARTESIAN_POINT('Ctrl Pts',(38.9561057751683,-0.899999999999992,8.15576426550242));
#9387=CARTESIAN_POINT('',(38.9561057751683,-1.09999999999999,8.15576426550242));
#9388=CARTESIAN_POINT('Ctrl Pts',(38.9561057751683,-1.09999999999999,8.15576426550242));
#9389=CARTESIAN_POINT('Ctrl Pts',(38.9053946860941,-1.09999999999999,8.19370639830644));
#9390=CARTESIAN_POINT('Ctrl Pts',(38.7995312354174,-1.09999999999999,8.27291363242421));
#9391=CARTESIAN_POINT('Ctrl Pts',(38.6672915146507,-1.09999999999999,8.28146125192096));
#9392=CARTESIAN_POINT('Ctrl Pts',(38.5983977382687,-1.09999999999999,8.28591436013075));
#9393=CARTESIAN_POINT('',(38.9561057751683,-0.899999999999992,8.15576426550242));
#9394=CARTESIAN_POINT('Ctrl Pts',(39.0788886611966,-0.899999999999992,7.93475471302363));
#9395=CARTESIAN_POINT('Ctrl Pts',(39.0788886611966,-1.09999999999999,7.93475471302363));
#9396=CARTESIAN_POINT('Ctrl Pts',(39.0647153909418,-0.899999999999992,7.97882184781161));
#9397=CARTESIAN_POINT('Ctrl Pts',(39.0647153909418,-1.09999999999999,7.97882184781161));
#9398=CARTESIAN_POINT('Ctrl Pts',(39.0383549387758,-0.899999999999992,8.06078102715358));
#9399=CARTESIAN_POINT('Ctrl Pts',(39.0383549387758,-1.09999999999999,8.06078102715358));
#9400=CARTESIAN_POINT('Ctrl Pts',(38.982109589486,-0.899999999999992,8.12573445869359));
#9401=CARTESIAN_POINT('Ctrl Pts',(38.982109589486,-1.09999999999999,8.12573445869359));
#9402=CARTESIAN_POINT('Ctrl Pts',(38.9561057751683,-0.899999999999992,8.15576426550242));
#9403=CARTESIAN_POINT('Ctrl Pts',(38.9561057751683,-1.09999999999999,8.15576426550242));
#9404=CARTESIAN_POINT('',(39.0788886611966,-0.899999999999992,7.93475471302363));
#9405=CARTESIAN_POINT('Ctrl Pts',(38.9561057751683,-0.899999999999992,8.15576426550242));
#9406=CARTESIAN_POINT('Ctrl Pts',(38.982109589486,-0.899999999999992,8.12573445869359));
#9407=CARTESIAN_POINT('Ctrl Pts',(39.0383549387758,-0.899999999999992,8.06078102715358));
#9408=CARTESIAN_POINT('Ctrl Pts',(39.0647153909418,-0.899999999999992,7.97882184781161));
#9409=CARTESIAN_POINT('Ctrl Pts',(39.0788886611966,-0.899999999999992,7.93475471302363));
#9410=CARTESIAN_POINT('',(39.0788886611966,-1.09999999999999,7.93475471302363));
#9411=CARTESIAN_POINT('Ctrl Pts',(39.0788886611966,-1.09999999999999,7.93475471302363));
#9412=CARTESIAN_POINT('Ctrl Pts',(39.0647153909418,-1.09999999999999,7.97882184781161));
#9413=CARTESIAN_POINT('Ctrl Pts',(39.0383549387758,-1.09999999999999,8.06078102715358));
#9414=CARTESIAN_POINT('Ctrl Pts',(38.982109589486,-1.09999999999999,8.12573445869359));
#9415=CARTESIAN_POINT('Ctrl Pts',(38.9561057751683,-1.09999999999999,8.15576426550242));
#9416=CARTESIAN_POINT('',(39.0788886611966,-0.899999999999992,7.93475471302363));
#9417=CARTESIAN_POINT('Origin',(38.839052385619,-0.899999999999992,7.87745594843718));
#9418=CARTESIAN_POINT('',(38.839052385619,-0.899999999999992,7.87745594843718));
#9419=CARTESIAN_POINT('',(34.7494953074332,-0.899999999999993,6.90042873384449));
#9420=CARTESIAN_POINT('',(38.839052385619,-1.09999999999999,7.87745594843718));
#9421=CARTESIAN_POINT('',(39.0788886611966,-1.09999999999999,7.93475471302363));
#9422=CARTESIAN_POINT('',(38.839052385619,-0.899999999999992,7.87745594843718));
#9423=CARTESIAN_POINT('Ctrl Pts',(38.7498301928547,-0.899999999999992,8.02479565008971));
#9424=CARTESIAN_POINT('Ctrl Pts',(38.7498301928547,-1.09999999999999,8.02479565008971));
#9425=CARTESIAN_POINT('Ctrl Pts',(38.7706193384181,-0.899999999999992,8.00475595043386));
#9426=CARTESIAN_POINT('Ctrl Pts',(38.7706193384181,-1.09999999999999,8.00475595043386));
#9427=CARTESIAN_POINT('Ctrl Pts',(38.8133335146868,-0.899999999999992,7.96358161448715));
#9428=CARTESIAN_POINT('Ctrl Pts',(38.8133335146868,-1.09999999999999,7.96358161448715));
#9429=CARTESIAN_POINT('Ctrl Pts',(38.8303287786738,-0.899999999999992,7.90666899050653));
#9430=CARTESIAN_POINT('Ctrl Pts',(38.8303287786738,-1.09999999999999,7.90666899050653));
#9431=CARTESIAN_POINT('Ctrl Pts',(38.839052385619,-0.899999999999992,7.87745594843718));
#9432=CARTESIAN_POINT('Ctrl Pts',(38.839052385619,-1.09999999999999,7.87745594843718));
#9433=CARTESIAN_POINT('',(38.7498301928547,-0.899999999999992,8.02479565008971));
#9434=CARTESIAN_POINT('Ctrl Pts',(38.839052385619,-0.899999999999992,7.87745594843718));
#9435=CARTESIAN_POINT('Ctrl Pts',(38.8303287786738,-0.899999999999992,7.90666899050653));
#9436=CARTESIAN_POINT('Ctrl Pts',(38.8133335146868,-0.899999999999992,7.96358161448715));
#9437=CARTESIAN_POINT('Ctrl Pts',(38.7706193384181,-0.899999999999992,8.00475595043386));
#9438=CARTESIAN_POINT('Ctrl Pts',(38.7498301928547,-0.899999999999992,8.02479565008971));
#9439=CARTESIAN_POINT('',(38.7498301928547,-1.09999999999999,8.02479565008971));
#9440=CARTESIAN_POINT('Ctrl Pts',(38.7498301928547,-1.09999999999999,8.02479565008971));
#9441=CARTESIAN_POINT('Ctrl Pts',(38.7706193384181,-1.09999999999999,8.00475595043386));
#9442=CARTESIAN_POINT('Ctrl Pts',(38.8133335146868,-1.09999999999999,7.96358161448715));
#9443=CARTESIAN_POINT('Ctrl Pts',(38.8303287786738,-1.09999999999999,7.90666899050653));
#9444=CARTESIAN_POINT('Ctrl Pts',(38.839052385619,-1.09999999999999,7.87745594843718));
#9445=CARTESIAN_POINT('',(38.7498301928547,-0.899999999999992,8.02479565008971));
#9446=CARTESIAN_POINT('Ctrl Pts',(38.5861194794682,-0.899999999999992,8.07882025703284));
#9447=CARTESIAN_POINT('Ctrl Pts',(38.5861194794682,-1.09999999999999,8.07882025703284));
#9448=CARTESIAN_POINT('Ctrl Pts',(38.6167153491574,-0.899999999999992,8.07686271639654));
#9449=CARTESIAN_POINT('Ctrl Pts',(38.6167153491574,-1.09999999999999,8.07686271639654));
#9450=CARTESIAN_POINT('Ctrl Pts',(38.6760615739575,-0.899999999999992,8.07306571216566));
#9451=CARTESIAN_POINT('Ctrl Pts',(38.6760615739575,-1.09999999999999,8.07306571216566));
#9452=CARTESIAN_POINT('Ctrl Pts',(38.7257557737175,-0.899999999999992,8.04054860471419));
#9453=CARTESIAN_POINT('Ctrl Pts',(38.7257557737175,-1.09999999999999,8.04054860471419));
#9454=CARTESIAN_POINT('Ctrl Pts',(38.7498301928547,-0.899999999999992,8.02479565008971));
#9455=CARTESIAN_POINT('Ctrl Pts',(38.7498301928547,-1.09999999999999,8.02479565008971));
#9456=CARTESIAN_POINT('',(38.5861194794682,-0.899999999999992,8.07882025703284));
#9457=CARTESIAN_POINT('Ctrl Pts',(38.7498301928547,-0.899999999999992,8.02479565008971));
#9458=CARTESIAN_POINT('Ctrl Pts',(38.7257557737175,-0.899999999999992,8.04054860471419));
#9459=CARTESIAN_POINT('Ctrl Pts',(38.6760615739575,-0.899999999999992,8.07306571216566));
#9460=CARTESIAN_POINT('Ctrl Pts',(38.6167153491574,-0.899999999999992,8.07686271639654));
#9461=CARTESIAN_POINT('Ctrl Pts',(38.5861194794682,-0.899999999999992,8.07882025703284));
#9462=CARTESIAN_POINT('',(38.5861194794682,-1.09999999999999,8.07882025703284));
#9463=CARTESIAN_POINT('Ctrl Pts',(38.5861194794682,-1.09999999999999,8.07882025703284));
#9464=CARTESIAN_POINT('Ctrl Pts',(38.6167153491574,-1.09999999999999,8.07686271639654));
#9465=CARTESIAN_POINT('Ctrl Pts',(38.6760615739575,-1.09999999999999,8.07306571216566));
#9466=CARTESIAN_POINT('Ctrl Pts',(38.7257557737175,-1.09999999999999,8.04054860471419));
#9467=CARTESIAN_POINT('Ctrl Pts',(38.7498301928547,-1.09999999999999,8.02479565008971));
#9468=CARTESIAN_POINT('',(38.5861194794682,-0.899999999999992,8.07882025703284));
#9469=CARTESIAN_POINT('Ctrl Pts',(38.3692026799229,-0.899999999999992,7.98304945095869));
#9470=CARTESIAN_POINT('Ctrl Pts',(38.3692026799229,-1.09999999999999,7.98304945095869));
#9471=CARTESIAN_POINT('Ctrl Pts',(38.3994181206103,-0.899999999999992,8.01098105374722));
#9472=CARTESIAN_POINT('Ctrl Pts',(38.3994181206103,-1.09999999999999,8.01098105374722));
#9473=CARTESIAN_POINT('Ctrl Pts',(38.460708841258,-0.899999999999992,8.06763910753711));
#9474=CARTESIAN_POINT('Ctrl Pts',(38.460708841258,-1.09999999999999,8.06763910753711));
#9475=CARTESIAN_POINT('Ctrl Pts',(38.5439267822991,-0.899999999999992,8.07505851192565));
#9476=CARTESIAN_POINT('Ctrl Pts',(38.5439267822991,-1.09999999999999,8.07505851192565));
#9477=CARTESIAN_POINT('Ctrl Pts',(38.5861194794682,-0.899999999999992,8.07882025703284));
#9478=CARTESIAN_POINT('Ctrl Pts',(38.5861194794682,-1.09999999999999,8.07882025703284));
#9479=CARTESIAN_POINT('',(38.3692026799229,-0.899999999999992,7.98304945095869));
#9480=CARTESIAN_POINT('Ctrl Pts',(38.5861194794682,-0.899999999999992,8.07882025703284));
#9481=CARTESIAN_POINT('Ctrl Pts',(38.5439267822991,-0.899999999999992,8.07505851192565));
#9482=CARTESIAN_POINT('Ctrl Pts',(38.460708841258,-0.899999999999992,8.06763910753711));
#9483=CARTESIAN_POINT('Ctrl Pts',(38.3994181206103,-0.899999999999992,8.01098105374722));
#9484=CARTESIAN_POINT('Ctrl Pts',(38.3692026799229,-0.899999999999992,7.98304945095869));
#9485=CARTESIAN_POINT('',(38.3692026799229,-1.09999999999999,7.98304945095869));
#9486=CARTESIAN_POINT('Ctrl Pts',(38.3692026799229,-1.09999999999999,7.98304945095869));
#9487=CARTESIAN_POINT('Ctrl Pts',(38.3994181206103,-1.09999999999999,8.01098105374722));
#9488=CARTESIAN_POINT('Ctrl Pts',(38.460708841258,-1.09999999999999,8.06763910753711));
#9489=CARTESIAN_POINT('Ctrl Pts',(38.5439267822991,-1.09999999999999,8.07505851192565));
#9490=CARTESIAN_POINT('Ctrl Pts',(38.5861194794682,-1.09999999999999,8.07882025703284));
#9491=CARTESIAN_POINT('',(38.3692026799229,-0.899999999999992,7.98304945095869));
#9492=CARTESIAN_POINT('Ctrl Pts',(38.2865286534337,-0.899999999999992,7.67281755670401));
#9493=CARTESIAN_POINT('Ctrl Pts',(38.2865286534337,-1.09999999999999,7.67281755670401));
#9494=CARTESIAN_POINT('Ctrl Pts',(38.2875481998709,-0.899999999999992,7.73613495064081));
#9495=CARTESIAN_POINT('Ctrl Pts',(38.2875481998709,-1.09999999999999,7.73613495064081));
#9496=CARTESIAN_POINT('Ctrl Pts',(38.2893350132699,-0.899999999999992,7.84710230214757));
#9497=CARTESIAN_POINT('Ctrl Pts',(38.2893350132699,-1.09999999999999,7.84710230214757));
#9498=CARTESIAN_POINT('Ctrl Pts',(38.345209769254,-0.899999999999992,7.94220979789489));
#9499=CARTESIAN_POINT('Ctrl Pts',(38.345209769254,-1.09999999999999,7.94220979789489));
#9500=CARTESIAN_POINT('Ctrl Pts',(38.3692026799229,-0.899999999999992,7.98304945095869));
#9501=CARTESIAN_POINT('Ctrl Pts',(38.3692026799229,-1.09999999999999,7.98304945095869));
#9502=CARTESIAN_POINT('',(38.2865286534337,-0.899999999999992,7.67281755670401));
#9503=CARTESIAN_POINT('Ctrl Pts',(38.3692026799229,-0.899999999999992,7.98304945095869));
#9504=CARTESIAN_POINT('Ctrl Pts',(38.345209769254,-0.899999999999992,7.94220979789489));
#9505=CARTESIAN_POINT('Ctrl Pts',(38.2893350132699,-0.899999999999992,7.84710230214757));
#9506=CARTESIAN_POINT('Ctrl Pts',(38.2875481998709,-0.899999999999992,7.73613495064081));
#9507=CARTESIAN_POINT('Ctrl Pts',(38.2865286534337,-0.899999999999992,7.67281755670401));
#9508=CARTESIAN_POINT('',(38.2865286534337,-1.09999999999999,7.67281755670401));
#9509=CARTESIAN_POINT('Ctrl Pts',(38.2865286534337,-1.09999999999999,7.67281755670401));
#9510=CARTESIAN_POINT('Ctrl Pts',(38.2875481998709,-1.09999999999999,7.73613495064081));
#9511=CARTESIAN_POINT('Ctrl Pts',(38.2893350132699,-1.09999999999999,7.84710230214757));
#9512=CARTESIAN_POINT('Ctrl Pts',(38.345209769254,-1.09999999999999,7.94220979789489));
#9513=CARTESIAN_POINT('Ctrl Pts',(38.3692026799229,-1.09999999999999,7.98304945095869));
#9514=CARTESIAN_POINT('',(38.2865286534337,-0.899999999999992,7.67281755670401));
#9515=CARTESIAN_POINT('Ctrl Pts',(38.3683840101269,-0.899999999999992,7.34867021306845));
#9516=CARTESIAN_POINT('Ctrl Pts',(38.3683840101269,-1.09999999999999,7.34867021306845));
#9517=CARTESIAN_POINT('Ctrl Pts',(38.3446522539995,-0.899999999999992,7.39086247618357));
#9518=CARTESIAN_POINT('Ctrl Pts',(38.3446522539995,-1.09999999999999,7.39086247618357));
#9519=CARTESIAN_POINT('Ctrl Pts',(38.2884486476566,-0.899999999999992,7.49078585876422));
#9520=CARTESIAN_POINT('Ctrl Pts',(38.2884486476566,-1.09999999999999,7.49078585876422));
#9521=CARTESIAN_POINT('Ctrl Pts',(38.2872317314582,-0.899999999999992,7.6061598110394));
#9522=CARTESIAN_POINT('Ctrl Pts',(38.2872317314582,-1.09999999999999,7.6061598110394));
#9523=CARTESIAN_POINT('Ctrl Pts',(38.2865286534337,-0.899999999999992,7.67281755670401));
#9524=CARTESIAN_POINT('Ctrl Pts',(38.2865286534337,-1.09999999999999,7.67281755670401));
#9525=CARTESIAN_POINT('',(38.3683840101269,-0.899999999999992,7.34867021306845));
#9526=CARTESIAN_POINT('Ctrl Pts',(38.2865286534337,-0.899999999999992,7.67281755670401));
#9527=CARTESIAN_POINT('Ctrl Pts',(38.2872317314582,-0.899999999999992,7.6061598110394));
#9528=CARTESIAN_POINT('Ctrl Pts',(38.2884486476566,-0.899999999999992,7.49078585876422));
#9529=CARTESIAN_POINT('Ctrl Pts',(38.3446522539995,-0.899999999999992,7.39086247618357));
#9530=CARTESIAN_POINT('Ctrl Pts',(38.3683840101269,-0.899999999999992,7.34867021306845));
#9531=CARTESIAN_POINT('',(38.3683840101269,-1.09999999999999,7.34867021306845));
#9532=CARTESIAN_POINT('Ctrl Pts',(38.3683840101269,-1.09999999999999,7.34867021306845));
#9533=CARTESIAN_POINT('Ctrl Pts',(38.3446522539995,-1.09999999999999,7.39086247618357));
#9534=CARTESIAN_POINT('Ctrl Pts',(38.2884486476566,-1.09999999999999,7.49078585876422));
#9535=CARTESIAN_POINT('Ctrl Pts',(38.2872317314582,-1.09999999999999,7.6061598110394));
#9536=CARTESIAN_POINT('Ctrl Pts',(38.2865286534337,-1.09999999999999,7.67281755670401));
#9537=CARTESIAN_POINT('',(38.3683840101269,-0.899999999999992,7.34867021306845));
#9538=CARTESIAN_POINT('Ctrl Pts',(38.5812080567387,-0.899999999999992,7.25208088620993));
#9539=CARTESIAN_POINT('Ctrl Pts',(38.5812080567387,-1.09999999999999,7.25208088620993));
#9540=CARTESIAN_POINT('Ctrl Pts',(38.5397343007933,-0.899999999999992,7.25594605480094));
#9541=CARTESIAN_POINT('Ctrl Pts',(38.5397343007933,-1.09999999999999,7.25594605480094));
#9542=CARTESIAN_POINT('Ctrl Pts',(38.4575882625128,-0.899999999999992,7.26360169822651));
#9543=CARTESIAN_POINT('Ctrl Pts',(38.4575882625128,-1.09999999999999,7.26360169822651));
#9544=CARTESIAN_POINT('Ctrl Pts',(38.3979247213201,-0.899999999999992,7.32049908488384));
#9545=CARTESIAN_POINT('Ctrl Pts',(38.3979247213201,-1.09999999999999,7.32049908488384));
#9546=CARTESIAN_POINT('Ctrl Pts',(38.3683840101269,-0.899999999999992,7.34867021306845));
#9547=CARTESIAN_POINT('Ctrl Pts',(38.3683840101269,-1.09999999999999,7.34867021306845));
#9548=CARTESIAN_POINT('',(38.5812080567387,-0.899999999999992,7.25208088620993));
#9549=CARTESIAN_POINT('Ctrl Pts',(38.3683840101269,-0.899999999999992,7.34867021306845));
#9550=CARTESIAN_POINT('Ctrl Pts',(38.3979247213201,-0.899999999999992,7.32049908488384));
#9551=CARTESIAN_POINT('Ctrl Pts',(38.4575882625128,-0.899999999999992,7.26360169822651));
#9552=CARTESIAN_POINT('Ctrl Pts',(38.5397343007933,-0.899999999999992,7.25594605480094));
#9553=CARTESIAN_POINT('Ctrl Pts',(38.5812080567387,-0.899999999999992,7.25208088620993));
#9554=CARTESIAN_POINT('',(38.5812080567387,-1.09999999999999,7.25208088620993));
#9555=CARTESIAN_POINT('Ctrl Pts',(38.5812080567387,-1.09999999999999,7.25208088620993));
#9556=CARTESIAN_POINT('Ctrl Pts',(38.5397343007933,-1.09999999999999,7.25594605480094));
#9557=CARTESIAN_POINT('Ctrl Pts',(38.4575882625128,-1.09999999999999,7.26360169822651));
#9558=CARTESIAN_POINT('Ctrl Pts',(38.3979247213201,-1.09999999999999,7.32049908488384));
#9559=CARTESIAN_POINT('Ctrl Pts',(38.3683840101269,-1.09999999999999,7.34867021306845));
#9560=CARTESIAN_POINT('',(38.5812080567387,-0.899999999999992,7.25208088620993));
#9561=CARTESIAN_POINT('Ctrl Pts',(38.74737448149,-0.899999999999992,7.31347232922408));
#9562=CARTESIAN_POINT('Ctrl Pts',(38.74737448149,-1.09999999999999,7.31347232922408));
#9563=CARTESIAN_POINT('Ctrl Pts',(38.7228819642238,-0.899999999999992,7.2955671301663));
#9564=CARTESIAN_POINT('Ctrl Pts',(38.7228819642238,-1.09999999999999,7.2955671301663));
#9565=CARTESIAN_POINT('Ctrl Pts',(38.6733486278151,-0.899999999999992,7.25935589721076));
#9566=CARTESIAN_POINT('Ctrl Pts',(38.6733486278151,-1.09999999999999,7.25935589721076));
#9567=CARTESIAN_POINT('Ctrl Pts',(38.6121473997183,-0.899999999999992,7.25452371956668));
#9568=CARTESIAN_POINT('Ctrl Pts',(38.6121473997183,-1.09999999999999,7.25452371956668));
#9569=CARTESIAN_POINT('Ctrl Pts',(38.5812080567387,-0.899999999999992,7.25208088620993));
#9570=CARTESIAN_POINT('Ctrl Pts',(38.5812080567387,-1.09999999999999,7.25208088620993));
#9571=CARTESIAN_POINT('',(38.74737448149,-0.899999999999992,7.31347232922408));
#9572=CARTESIAN_POINT('Ctrl Pts',(38.5812080567387,-0.899999999999992,7.25208088620993));
#9573=CARTESIAN_POINT('Ctrl Pts',(38.6121473997183,-0.899999999999992,7.25452371956668));
#9574=CARTESIAN_POINT('Ctrl Pts',(38.6733486278151,-0.899999999999992,7.25935589721076));
#9575=CARTESIAN_POINT('Ctrl Pts',(38.7228819642238,-0.899999999999992,7.2955671301663));
#9576=CARTESIAN_POINT('Ctrl Pts',(38.74737448149,-0.899999999999992,7.31347232922408));
#9577=CARTESIAN_POINT('',(38.74737448149,-1.09999999999999,7.31347232922408));
#9578=CARTESIAN_POINT('Ctrl Pts',(38.74737448149,-1.09999999999999,7.31347232922408));
#9579=CARTESIAN_POINT('Ctrl Pts',(38.7228819642238,-1.09999999999999,7.2955671301663));
#9580=CARTESIAN_POINT('Ctrl Pts',(38.6733486278151,-1.09999999999999,7.25935589721076));
#9581=CARTESIAN_POINT('Ctrl Pts',(38.6121473997183,-1.09999999999999,7.25452371956668));
#9582=CARTESIAN_POINT('Ctrl Pts',(38.5812080567387,-1.09999999999999,7.25208088620993));
#9583=CARTESIAN_POINT('',(38.74737448149,-0.899999999999992,7.31347232922408));
#9584=CARTESIAN_POINT('Ctrl Pts',(38.847237891486,-0.899999999999992,7.50665113195273));
#9585=CARTESIAN_POINT('Ctrl Pts',(38.847237891486,-1.09999999999999,7.50665113195273));
#9586=CARTESIAN_POINT('Ctrl Pts',(38.8368843158632,-0.899999999999992,7.46696905404579));
#9587=CARTESIAN_POINT('Ctrl Pts',(38.8368843158632,-1.09999999999999,7.46696905404579));
#9588=CARTESIAN_POINT('Ctrl Pts',(38.8180576619758,-0.899999999999992,7.39481226749159));
#9589=CARTESIAN_POINT('Ctrl Pts',(38.8180576619758,-1.09999999999999,7.39481226749159));
#9590=CARTESIAN_POINT('Ctrl Pts',(38.7693125765934,-0.899999999999992,7.33871798581665));
#9591=CARTESIAN_POINT('Ctrl Pts',(38.7693125765934,-1.09999999999999,7.33871798581665));
#9592=CARTESIAN_POINT('Ctrl Pts',(38.74737448149,-0.899999999999992,7.31347232922408));
#9593=CARTESIAN_POINT('Ctrl Pts',(38.74737448149,-1.09999999999999,7.31347232922408));
#9594=CARTESIAN_POINT('Ctrl Pts',(38.74737448149,-0.899999999999992,7.31347232922408));
#9595=CARTESIAN_POINT('Ctrl Pts',(38.7693125765934,-0.899999999999992,7.33871798581665));
#9596=CARTESIAN_POINT('Ctrl Pts',(38.8180576619758,-0.899999999999992,7.39481226749159));
#9597=CARTESIAN_POINT('Ctrl Pts',(38.8368843158632,-0.899999999999992,7.46696905404579));
#9598=CARTESIAN_POINT('Ctrl Pts',(38.847237891486,-0.899999999999992,7.50665113195273));
#9599=CARTESIAN_POINT('Ctrl Pts',(38.847237891486,-1.09999999999999,7.50665113195273));
#9600=CARTESIAN_POINT('Ctrl Pts',(38.8368843158632,-1.09999999999999,7.46696905404579));
#9601=CARTESIAN_POINT('Ctrl Pts',(38.8180576619758,-1.09999999999999,7.39481226749159));
#9602=CARTESIAN_POINT('Ctrl Pts',(38.7693125765934,-1.09999999999999,7.33871798581665));
#9603=CARTESIAN_POINT('Ctrl Pts',(38.74737448149,-1.09999999999999,7.31347232922408));
#9604=CARTESIAN_POINT('Origin',(38.0986702590865,-1.09999999999999,7.66545049711558));
#9605=CARTESIAN_POINT('Origin',(39.3021604702906,-0.899999999999993,0.654348804901649));
#9606=CARTESIAN_POINT('',(40.3024330923283,-0.899999999999993,0.654487442402728));
#9607=CARTESIAN_POINT('',(39.3021604702906,-0.899999999999993,0.654348804901649));
#9608=CARTESIAN_POINT('',(35.1513468179632,-0.899999999999994,0.653773503309337));
#9609=CARTESIAN_POINT('',(40.3024330923283,-1.09999999999999,0.654487442402728));
#9610=CARTESIAN_POINT('',(40.3024330923283,-0.899999999999993,0.654487442402728));
#9611=CARTESIAN_POINT('',(39.3021604702906,-1.09999999999999,0.654348804901649));
#9612=CARTESIAN_POINT('',(40.3024330923283,-1.09999999999999,0.654487442402728));
#9613=CARTESIAN_POINT('',(39.3021604702906,-0.899999999999993,0.654348804901649));
#9614=CARTESIAN_POINT('Ctrl Pts',(39.406078356802,-0.899999999999993,0.932671453123747));
#9615=CARTESIAN_POINT('Ctrl Pts',(39.406078356802,-1.09999999999999,0.932671453123747));
#9616=CARTESIAN_POINT('Ctrl Pts',(39.3800984732343,-0.899999999999993,0.888847897123346));
#9617=CARTESIAN_POINT('Ctrl Pts',(39.3800984732343,-1.09999999999999,0.888847897123346));
#9618=CARTESIAN_POINT('Ctrl Pts',(39.3287753052711,-0.899999999999993,0.802274617474231));
#9619=CARTESIAN_POINT('Ctrl Pts',(39.3287753052711,-1.09999999999999,0.802274617474231));
#9620=CARTESIAN_POINT('Ctrl Pts',(39.3109584166061,-0.899999999999993,0.703247975557512));
#9621=CARTESIAN_POINT('Ctrl Pts',(39.3109584166061,-1.09999999999999,0.703247975557512));
#9622=CARTESIAN_POINT('Ctrl Pts',(39.3021604702906,-0.899999999999993,0.654348804901649));
#9623=CARTESIAN_POINT('Ctrl Pts',(39.3021604702906,-1.09999999999999,0.654348804901649));
#9624=CARTESIAN_POINT('',(39.406078356802,-0.899999999999993,0.932671453123747));
#9625=CARTESIAN_POINT('Ctrl Pts',(39.3021604702906,-0.899999999999993,0.654348804901649));
#9626=CARTESIAN_POINT('Ctrl Pts',(39.3109584166061,-0.899999999999993,0.703247975557512));
#9627=CARTESIAN_POINT('Ctrl Pts',(39.3287753052711,-0.899999999999993,0.802274617474231));
#9628=CARTESIAN_POINT('Ctrl Pts',(39.3800984732343,-0.899999999999993,0.888847897123346));
#9629=CARTESIAN_POINT('Ctrl Pts',(39.406078356802,-0.899999999999993,0.932671453123747));
#9630=CARTESIAN_POINT('',(39.406078356802,-1.09999999999999,0.932671453123747));
#9631=CARTESIAN_POINT('Ctrl Pts',(39.406078356802,-1.09999999999999,0.932671453123747));
#9632=CARTESIAN_POINT('Ctrl Pts',(39.3800984732343,-1.09999999999999,0.888847897123346));
#9633=CARTESIAN_POINT('Ctrl Pts',(39.3287753052711,-1.09999999999999,0.802274617474231));
#9634=CARTESIAN_POINT('Ctrl Pts',(39.3109584166061,-1.09999999999999,0.703247975557512));
#9635=CARTESIAN_POINT('Ctrl Pts',(39.3021604702906,-1.09999999999999,0.654348804901649));
#9636=CARTESIAN_POINT('',(39.406078356802,-0.899999999999993,0.932671453123747));
#9637=CARTESIAN_POINT('Ctrl Pts',(39.7334570092717,-0.899999999999993,1.24131168336188));
#9638=CARTESIAN_POINT('Ctrl Pts',(39.7334570092717,-1.09999999999999,1.24131168336188));
#9639=CARTESIAN_POINT('Ctrl Pts',(39.6634011151967,-0.899999999999993,1.18888324878188));
#9640=CARTESIAN_POINT('Ctrl Pts',(39.6634011151967,-1.09999999999999,1.18888324878188));
#9641=CARTESIAN_POINT('Ctrl Pts',(39.5423748568167,-0.899999999999993,1.09830960963667));
#9642=CARTESIAN_POINT('Ctrl Pts',(39.5423748568167,-1.09999999999999,1.09830960963667));
#9643=CARTESIAN_POINT('Ctrl Pts',(39.4464691630329,-0.899999999999993,0.981757516841061));
#9644=CARTESIAN_POINT('Ctrl Pts',(39.4464691630329,-1.09999999999999,0.981757516841061));
#9645=CARTESIAN_POINT('Ctrl Pts',(39.406078356802,-0.899999999999993,0.932671453123747));
#9646=CARTESIAN_POINT('Ctrl Pts',(39.406078356802,-1.09999999999999,0.932671453123747));
#9647=CARTESIAN_POINT('',(39.7334570092717,-0.899999999999993,1.24131168336188));
#9648=CARTESIAN_POINT('Ctrl Pts',(39.406078356802,-0.899999999999993,0.932671453123747));
#9649=CARTESIAN_POINT('Ctrl Pts',(39.4464691630329,-0.899999999999993,0.981757516841061));
#9650=CARTESIAN_POINT('Ctrl Pts',(39.5423748568167,-0.899999999999993,1.09830960963667));
#9651=CARTESIAN_POINT('Ctrl Pts',(39.6634011151967,-0.899999999999993,1.18888324878188));
#9652=CARTESIAN_POINT('Ctrl Pts',(39.7334570092717,-0.899999999999993,1.24131168336188));
#9653=CARTESIAN_POINT('',(39.7334570092717,-1.09999999999999,1.24131168336188));
#9654=CARTESIAN_POINT('Ctrl Pts',(39.7334570092717,-1.09999999999999,1.24131168336188));
#9655=CARTESIAN_POINT('Ctrl Pts',(39.6634011151967,-1.09999999999999,1.18888324878188));
#9656=CARTESIAN_POINT('Ctrl Pts',(39.5423748568167,-1.09999999999999,1.09830960963667));
#9657=CARTESIAN_POINT('Ctrl Pts',(39.4464691630329,-1.09999999999999,0.981757516841061));
#9658=CARTESIAN_POINT('Ctrl Pts',(39.406078356802,-1.09999999999999,0.932671453123747));
#9659=CARTESIAN_POINT('',(39.7334570092717,-0.899999999999993,1.24131168336188));
#9660=CARTESIAN_POINT('Ctrl Pts',(39.9208829495138,-0.899999999999993,1.40668556609898));
#9661=CARTESIAN_POINT('Ctrl Pts',(39.9208829495138,-1.09999999999999,1.40668556609898));
#9662=CARTESIAN_POINT('Ctrl Pts',(39.8989840362964,-0.899999999999993,1.38289603245912));
#9663=CARTESIAN_POINT('Ctrl Pts',(39.8989840362964,-1.09999999999999,1.38289603245912));
#9664=CARTESIAN_POINT('Ctrl Pts',(39.8423365691812,-0.899999999999993,1.32135796382647));
#9665=CARTESIAN_POINT('Ctrl Pts',(39.8423365691812,-1.09999999999999,1.32135796382647));
#9666=CARTESIAN_POINT('Ctrl Pts',(39.7748527638566,-0.899999999999993,1.27174509239014));
#9667=CARTESIAN_POINT('Ctrl Pts',(39.7748527638566,-1.09999999999999,1.27174509239014));
#9668=CARTESIAN_POINT('Ctrl Pts',(39.7334570092717,-0.899999999999993,1.24131168336188));
#9669=CARTESIAN_POINT('Ctrl Pts',(39.7334570092717,-1.09999999999999,1.24131168336188));
#9670=CARTESIAN_POINT('',(39.9208829495138,-0.899999999999993,1.40668556609898));
#9671=CARTESIAN_POINT('Ctrl Pts',(39.7334570092717,-0.899999999999993,1.24131168336188));
#9672=CARTESIAN_POINT('Ctrl Pts',(39.7748527638566,-0.899999999999993,1.27174509239014));
#9673=CARTESIAN_POINT('Ctrl Pts',(39.8423365691812,-0.899999999999993,1.32135796382647));
#9674=CARTESIAN_POINT('Ctrl Pts',(39.8989840362964,-0.899999999999993,1.38289603245912));
#9675=CARTESIAN_POINT('Ctrl Pts',(39.9208829495138,-0.899999999999993,1.40668556609898));
#9676=CARTESIAN_POINT('',(39.9208829495138,-1.09999999999999,1.40668556609898));
#9677=CARTESIAN_POINT('Ctrl Pts',(39.9208829495138,-1.09999999999999,1.40668556609898));
#9678=CARTESIAN_POINT('Ctrl Pts',(39.8989840362964,-1.09999999999999,1.38289603245912));
#9679=CARTESIAN_POINT('Ctrl Pts',(39.8423365691812,-1.09999999999999,1.32135796382647));
#9680=CARTESIAN_POINT('Ctrl Pts',(39.7748527638566,-1.09999999999999,1.27174509239014));
#9681=CARTESIAN_POINT('Ctrl Pts',(39.7334570092717,-1.09999999999999,1.24131168336188));
#9682=CARTESIAN_POINT('',(39.9208829495138,-0.899999999999993,1.40668556609898));
#9683=CARTESIAN_POINT('Ctrl Pts',(39.9617956163226,-0.899999999999993,1.51392185620899));
#9684=CARTESIAN_POINT('Ctrl Pts',(39.9617956163226,-1.09999999999999,1.51392185620899));
#9685=CARTESIAN_POINT('Ctrl Pts',(39.9595823650641,-0.899999999999993,1.496089540077));
#9686=CARTESIAN_POINT('Ctrl Pts',(39.9595823650641,-1.09999999999999,1.496089540077));
#9687=CARTESIAN_POINT('Ctrl Pts',(39.9547458511049,-0.899999999999993,1.45712141769665));
#9688=CARTESIAN_POINT('Ctrl Pts',(39.9547458511049,-1.09999999999999,1.45712141769665));
#9689=CARTESIAN_POINT('Ctrl Pts',(39.9327909852008,-0.899999999999993,1.42442155127766));
#9690=CARTESIAN_POINT('Ctrl Pts',(39.9327909852008,-1.09999999999999,1.42442155127766));
#9691=CARTESIAN_POINT('Ctrl Pts',(39.9208829495138,-0.899999999999993,1.40668556609898));
#9692=CARTESIAN_POINT('Ctrl Pts',(39.9208829495138,-1.09999999999999,1.40668556609898));
#9693=CARTESIAN_POINT('',(39.9617956163226,-0.899999999999993,1.51392185620899));
#9694=CARTESIAN_POINT('Ctrl Pts',(39.9208829495138,-0.899999999999993,1.40668556609898));
#9695=CARTESIAN_POINT('Ctrl Pts',(39.9327909852008,-0.899999999999993,1.42442155127766));
#9696=CARTESIAN_POINT('Ctrl Pts',(39.9547458511049,-0.899999999999993,1.45712141769665));
#9697=CARTESIAN_POINT('Ctrl Pts',(39.9595823650641,-0.899999999999993,1.496089540077));
#9698=CARTESIAN_POINT('Ctrl Pts',(39.9617956163226,-0.899999999999993,1.51392185620899));
#9699=CARTESIAN_POINT('',(39.9617956163226,-1.09999999999999,1.51392185620899));
#9700=CARTESIAN_POINT('Ctrl Pts',(39.9617956163226,-1.09999999999999,1.51392185620899));
#9701=CARTESIAN_POINT('Ctrl Pts',(39.9595823650641,-1.09999999999999,1.496089540077));
#9702=CARTESIAN_POINT('Ctrl Pts',(39.9547458511049,-1.09999999999999,1.45712141769665));
#9703=CARTESIAN_POINT('Ctrl Pts',(39.9327909852008,-1.09999999999999,1.42442155127766));
#9704=CARTESIAN_POINT('Ctrl Pts',(39.9208829495138,-1.09999999999999,1.40668556609898));
#9705=CARTESIAN_POINT('',(39.9617956163226,-0.899999999999993,1.51392185620899));
#9706=CARTESIAN_POINT('Ctrl Pts',(39.9208551539352,-0.899999999999993,1.60723127747823));
#9707=CARTESIAN_POINT('Ctrl Pts',(39.9208551539352,-1.09999999999999,1.60723127747823));
#9708=CARTESIAN_POINT('Ctrl Pts',(39.9327941300006,-0.899999999999993,1.59378957155578));
#9709=CARTESIAN_POINT('Ctrl Pts',(39.9327941300006,-1.09999999999999,1.59378957155578));
#9710=CARTESIAN_POINT('Ctrl Pts',(39.9565112215647,-0.899999999999993,1.56708726740554));
#9711=CARTESIAN_POINT('Ctrl Pts',(39.9565112215647,-1.09999999999999,1.56708726740554));
#9712=CARTESIAN_POINT('Ctrl Pts',(39.9600421341781,-0.899999999999993,1.53156334657984));
#9713=CARTESIAN_POINT('Ctrl Pts',(39.9600421341781,-1.09999999999999,1.53156334657984));
#9714=CARTESIAN_POINT('Ctrl Pts',(39.9617956163226,-0.899999999999993,1.51392185620899));
#9715=CARTESIAN_POINT('Ctrl Pts',(39.9617956163226,-1.09999999999999,1.51392185620899));
#9716=CARTESIAN_POINT('',(39.9208551539352,-0.899999999999993,1.60723127747823));
#9717=CARTESIAN_POINT('Ctrl Pts',(39.9617956163226,-0.899999999999993,1.51392185620899));
#9718=CARTESIAN_POINT('Ctrl Pts',(39.9600421341781,-0.899999999999993,1.53156334657984));
#9719=CARTESIAN_POINT('Ctrl Pts',(39.9565112215647,-0.899999999999993,1.56708726740554));
#9720=CARTESIAN_POINT('Ctrl Pts',(39.9327941300006,-0.899999999999993,1.59378957155578));
#9721=CARTESIAN_POINT('Ctrl Pts',(39.9208551539352,-0.899999999999993,1.60723127747823));
#9722=CARTESIAN_POINT('',(39.9208551539352,-1.09999999999999,1.60723127747823));
#9723=CARTESIAN_POINT('Ctrl Pts',(39.9208551539352,-1.09999999999999,1.60723127747823));
#9724=CARTESIAN_POINT('Ctrl Pts',(39.9327941300006,-1.09999999999999,1.59378957155578));
#9725=CARTESIAN_POINT('Ctrl Pts',(39.9565112215647,-1.09999999999999,1.56708726740554));
#9726=CARTESIAN_POINT('Ctrl Pts',(39.9600421341781,-1.09999999999999,1.53156334657984));
#9727=CARTESIAN_POINT('Ctrl Pts',(39.9617956163226,-1.09999999999999,1.51392185620899));
#9728=CARTESIAN_POINT('',(39.9208551539352,-0.899999999999993,1.60723127747823));
#9729=CARTESIAN_POINT('Ctrl Pts',(39.8193489596511,-0.899999999999993,1.64650784590382));
#9730=CARTESIAN_POINT('Ctrl Pts',(39.8193489596511,-1.09999999999999,1.64650784590382));
#9731=CARTESIAN_POINT('Ctrl Pts',(39.8387494501853,-0.899999999999993,1.64504325131797));
#9732=CARTESIAN_POINT('Ctrl Pts',(39.8387494501853,-1.09999999999999,1.64504325131797));
#9733=CARTESIAN_POINT('Ctrl Pts',(39.8766049146954,-0.899999999999993,1.64218544170392));
#9734=CARTESIAN_POINT('Ctrl Pts',(39.8766049146954,-1.09999999999999,1.64218544170392));
#9735=CARTESIAN_POINT('Ctrl Pts',(39.9063527448694,-0.899999999999993,1.61868702544394));
#9736=CARTESIAN_POINT('Ctrl Pts',(39.9063527448694,-1.09999999999999,1.61868702544394));
#9737=CARTESIAN_POINT('Ctrl Pts',(39.9208551539352,-0.899999999999993,1.60723127747823));
#9738=CARTESIAN_POINT('Ctrl Pts',(39.9208551539352,-1.09999999999999,1.60723127747823));
#9739=CARTESIAN_POINT('',(39.8193489596511,-0.899999999999993,1.64650784590382));
#9740=CARTESIAN_POINT('Ctrl Pts',(39.9208551539352,-0.899999999999993,1.60723127747823));
#9741=CARTESIAN_POINT('Ctrl Pts',(39.9063527448694,-0.899999999999993,1.61868702544394));
#9742=CARTESIAN_POINT('Ctrl Pts',(39.8766049146954,-0.899999999999993,1.64218544170392));
#9743=CARTESIAN_POINT('Ctrl Pts',(39.8387494501853,-0.899999999999993,1.64504325131797));
#9744=CARTESIAN_POINT('Ctrl Pts',(39.8193489596511,-0.899999999999993,1.64650784590382));
#9745=CARTESIAN_POINT('',(39.8193489596511,-1.09999999999999,1.64650784590382));
#9746=CARTESIAN_POINT('Ctrl Pts',(39.8193489596511,-1.09999999999999,1.64650784590382));
#9747=CARTESIAN_POINT('Ctrl Pts',(39.8387494501853,-1.09999999999999,1.64504325131797));
#9748=CARTESIAN_POINT('Ctrl Pts',(39.8766049146954,-1.09999999999999,1.64218544170392));
#9749=CARTESIAN_POINT('Ctrl Pts',(39.9063527448694,-1.09999999999999,1.61868702544394));
#9750=CARTESIAN_POINT('Ctrl Pts',(39.9208551539352,-1.09999999999999,1.60723127747823));
#9751=CARTESIAN_POINT('',(39.8193489596511,-0.899999999999993,1.64650784590382));
#9752=CARTESIAN_POINT('Ctrl Pts',(39.7145796870497,-0.899999999999993,1.60638416696491));
#9753=CARTESIAN_POINT('Ctrl Pts',(39.7145796870497,-1.09999999999999,1.60638416696491));
#9754=CARTESIAN_POINT('Ctrl Pts',(39.7294800733581,-0.899999999999993,1.61808177006515));
#9755=CARTESIAN_POINT('Ctrl Pts',(39.7294800733581,-1.09999999999999,1.61808177006515));
#9756=CARTESIAN_POINT('Ctrl Pts',(39.7602100728266,-0.899999999999993,1.6422064692248));
#9757=CARTESIAN_POINT('Ctrl Pts',(39.7602100728266,-1.09999999999999,1.6422064692248));
#9758=CARTESIAN_POINT('Ctrl Pts',(39.7992425702655,-0.899999999999993,1.645045438357));
#9759=CARTESIAN_POINT('Ctrl Pts',(39.7992425702655,-1.09999999999999,1.645045438357));
#9760=CARTESIAN_POINT('Ctrl Pts',(39.8193489596511,-0.899999999999993,1.64650784590382));
#9761=CARTESIAN_POINT('Ctrl Pts',(39.8193489596511,-1.09999999999999,1.64650784590382));
#9762=CARTESIAN_POINT('',(39.7145796870497,-0.899999999999993,1.60638416696491));
#9763=CARTESIAN_POINT('Ctrl Pts',(39.8193489596511,-0.899999999999993,1.64650784590382));
#9764=CARTESIAN_POINT('Ctrl Pts',(39.7992425702655,-0.899999999999993,1.645045438357));
#9765=CARTESIAN_POINT('Ctrl Pts',(39.7602100728266,-0.899999999999993,1.6422064692248));
#9766=CARTESIAN_POINT('Ctrl Pts',(39.7294800733581,-0.899999999999993,1.61808177006515));
#9767=CARTESIAN_POINT('Ctrl Pts',(39.7145796870497,-0.899999999999993,1.60638416696491));
#9768=CARTESIAN_POINT('',(39.7145796870497,-1.09999999999999,1.60638416696491));
#9769=CARTESIAN_POINT('Ctrl Pts',(39.7145796870497,-1.09999999999999,1.60638416696491));
#9770=CARTESIAN_POINT('Ctrl Pts',(39.7294800733581,-1.09999999999999,1.61808177006515));
#9771=CARTESIAN_POINT('Ctrl Pts',(39.7602100728266,-1.09999999999999,1.6422064692248));
#9772=CARTESIAN_POINT('Ctrl Pts',(39.7992425702655,-1.09999999999999,1.645045438357));
#9773=CARTESIAN_POINT('Ctrl Pts',(39.8193489596511,-1.09999999999999,1.64650784590382));
#9774=CARTESIAN_POINT('',(39.7145796870497,-0.899999999999993,1.60638416696491));
#9775=CARTESIAN_POINT('Ctrl Pts',(39.6605748567194,-0.899999999999993,1.46476684790616));
#9776=CARTESIAN_POINT('Ctrl Pts',(39.6605748567194,-1.09999999999999,1.46476684790616));
#9777=CARTESIAN_POINT('Ctrl Pts',(39.6649494095743,-0.899999999999993,1.49448538124124));
#9778=CARTESIAN_POINT('Ctrl Pts',(39.6649494095743,-1.09999999999999,1.49448538124124));
#9779=CARTESIAN_POINT('Ctrl Pts',(39.6725262817703,-0.899999999999993,1.54595887725327));
#9780=CARTESIAN_POINT('Ctrl Pts',(39.6725262817703,-1.09999999999999,1.54595887725327));
#9781=CARTESIAN_POINT('Ctrl Pts',(39.7020863165941,-0.899999999999993,1.58843281381676));
#9782=CARTESIAN_POINT('Ctrl Pts',(39.7020863165941,-1.09999999999999,1.58843281381676));
#9783=CARTESIAN_POINT('Ctrl Pts',(39.7145796870497,-0.899999999999993,1.60638416696491));
#9784=CARTESIAN_POINT('Ctrl Pts',(39.7145796870497,-1.09999999999999,1.60638416696491));
#9785=CARTESIAN_POINT('',(39.6605748567194,-0.899999999999993,1.46476684790616));
#9786=CARTESIAN_POINT('Ctrl Pts',(39.7145796870497,-0.899999999999993,1.60638416696491));
#9787=CARTESIAN_POINT('Ctrl Pts',(39.7020863165941,-0.899999999999993,1.58843281381676));
#9788=CARTESIAN_POINT('Ctrl Pts',(39.6725262817703,-0.899999999999993,1.54595887725327));
#9789=CARTESIAN_POINT('Ctrl Pts',(39.6649494095743,-0.899999999999993,1.49448538124124));
#9790=CARTESIAN_POINT('Ctrl Pts',(39.6605748567194,-0.899999999999993,1.46476684790616));
#9791=CARTESIAN_POINT('',(39.6605748567194,-1.09999999999999,1.46476684790616));
#9792=CARTESIAN_POINT('Ctrl Pts',(39.6605748567194,-1.09999999999999,1.46476684790616));
#9793=CARTESIAN_POINT('Ctrl Pts',(39.6649494095743,-1.09999999999999,1.49448538124124));
#9794=CARTESIAN_POINT('Ctrl Pts',(39.6725262817703,-1.09999999999999,1.54595887725327));
#9795=CARTESIAN_POINT('Ctrl Pts',(39.7020863165941,-1.09999999999999,1.58843281381676));
#9796=CARTESIAN_POINT('Ctrl Pts',(39.7145796870497,-1.09999999999999,1.60638416696491));
#9797=CARTESIAN_POINT('',(39.6605748567194,-0.899999999999993,1.46476684790616));
#9798=CARTESIAN_POINT('Origin',(39.3266009269351,-0.899999999999993,1.49173286294545));
#9799=CARTESIAN_POINT('',(39.3266009269351,-0.899999999999993,1.49173286294545));
#9800=CARTESIAN_POINT('',(35.0696055017912,-0.899999999999994,1.83545490954568));
#9801=CARTESIAN_POINT('',(39.3266009269351,-1.09999999999999,1.49173286294545));
#9802=CARTESIAN_POINT('',(39.6605748567194,-1.09999999999999,1.46476684790616));
#9803=CARTESIAN_POINT('',(39.3266009269351,-0.899999999999993,1.49173286294545));
#9804=CARTESIAN_POINT('Ctrl Pts',(39.3986033305437,-0.899999999999993,1.71111528096941));
#9805=CARTESIAN_POINT('Ctrl Pts',(39.3986033305437,-1.09999999999999,1.71111528096941));
#9806=CARTESIAN_POINT('Ctrl Pts',(39.3822589161911,-0.899999999999993,1.68028611076165));
#9807=CARTESIAN_POINT('Ctrl Pts',(39.3822589161911,-1.09999999999999,1.68028611076165));
#9808=CARTESIAN_POINT('Ctrl Pts',(39.3457511453229,-0.899999999999993,1.61142440316389));
#9809=CARTESIAN_POINT('Ctrl Pts',(39.3457511453229,-1.09999999999999,1.61142440316389));
#9810=CARTESIAN_POINT('Ctrl Pts',(39.3334144967109,-0.899999999999993,1.53431862590346));
#9811=CARTESIAN_POINT('Ctrl Pts',(39.3334144967109,-1.09999999999999,1.53431862590346));
#9812=CARTESIAN_POINT('Ctrl Pts',(39.3266009269351,-0.899999999999993,1.49173286294545));
#9813=CARTESIAN_POINT('Ctrl Pts',(39.3266009269351,-1.09999999999999,1.49173286294545));
#9814=CARTESIAN_POINT('',(39.3986033305437,-0.899999999999993,1.71111528096941));
#9815=CARTESIAN_POINT('Ctrl Pts',(39.3266009269351,-0.899999999999993,1.49173286294545));
#9816=CARTESIAN_POINT('Ctrl Pts',(39.3334144967109,-0.899999999999993,1.53431862590346));
#9817=CARTESIAN_POINT('Ctrl Pts',(39.3457511453229,-0.899999999999993,1.61142440316389));
#9818=CARTESIAN_POINT('Ctrl Pts',(39.3822589161911,-0.899999999999993,1.68028611076165));
#9819=CARTESIAN_POINT('Ctrl Pts',(39.3986033305437,-0.899999999999993,1.71111528096941));
#9820=CARTESIAN_POINT('',(39.3986033305437,-1.09999999999999,1.71111528096941));
#9821=CARTESIAN_POINT('Ctrl Pts',(39.3986033305437,-1.09999999999999,1.71111528096941));
#9822=CARTESIAN_POINT('Ctrl Pts',(39.3822589161911,-1.09999999999999,1.68028611076165));
#9823=CARTESIAN_POINT('Ctrl Pts',(39.3457511453229,-1.09999999999999,1.61142440316389));
#9824=CARTESIAN_POINT('Ctrl Pts',(39.3334144967109,-1.09999999999999,1.53431862590346));
#9825=CARTESIAN_POINT('Ctrl Pts',(39.3266009269351,-1.09999999999999,1.49173286294545));
#9826=CARTESIAN_POINT('',(39.3986033305437,-0.899999999999993,1.71111528096941));
#9827=CARTESIAN_POINT('Ctrl Pts',(39.5459262399913,-0.899999999999993,1.83228162001172));
#9828=CARTESIAN_POINT('Ctrl Pts',(39.5459262399913,-1.09999999999999,1.83228162001172));
#9829=CARTESIAN_POINT('Ctrl Pts',(39.5162631767013,-0.899999999999993,1.81711024377721));
#9830=CARTESIAN_POINT('Ctrl Pts',(39.5162631767013,-1.09999999999999,1.81711024377721));
#9831=CARTESIAN_POINT('Ctrl Pts',(39.4582709723346,-0.899999999999993,1.78744973493107));
#9832=CARTESIAN_POINT('Ctrl Pts',(39.4582709723346,-1.09999999999999,1.78744973493107));
#9833=CARTESIAN_POINT('Ctrl Pts',(39.4181851968055,-0.899999999999993,1.7361669006376));
#9834=CARTESIAN_POINT('Ctrl Pts',(39.4181851968055,-1.09999999999999,1.7361669006376));
#9835=CARTESIAN_POINT('Ctrl Pts',(39.3986033305437,-0.899999999999993,1.71111528096941));
#9836=CARTESIAN_POINT('Ctrl Pts',(39.3986033305437,-1.09999999999999,1.71111528096941));
#9837=CARTESIAN_POINT('',(39.5459262399913,-0.899999999999993,1.83228162001172));
#9838=CARTESIAN_POINT('Ctrl Pts',(39.3986033305437,-0.899999999999993,1.71111528096941));
#9839=CARTESIAN_POINT('Ctrl Pts',(39.4181851968055,-0.899999999999993,1.7361669006376));
#9840=CARTESIAN_POINT('Ctrl Pts',(39.4582709723346,-0.899999999999993,1.78744973493107));
#9841=CARTESIAN_POINT('Ctrl Pts',(39.5162631767013,-0.899999999999993,1.81711024377721));
#9842=CARTESIAN_POINT('Ctrl Pts',(39.5459262399913,-0.899999999999993,1.83228162001172));
#9843=CARTESIAN_POINT('',(39.5459262399913,-1.09999999999999,1.83228162001172));
#9844=CARTESIAN_POINT('Ctrl Pts',(39.5459262399913,-1.09999999999999,1.83228162001172));
#9845=CARTESIAN_POINT('Ctrl Pts',(39.5162631767013,-1.09999999999999,1.81711024377721));
#9846=CARTESIAN_POINT('Ctrl Pts',(39.4582709723346,-1.09999999999999,1.78744973493107));
#9847=CARTESIAN_POINT('Ctrl Pts',(39.4181851968055,-1.09999999999999,1.7361669006376));
#9848=CARTESIAN_POINT('Ctrl Pts',(39.3986033305437,-1.09999999999999,1.71111528096941));
#9849=CARTESIAN_POINT('',(39.5459262399913,-0.899999999999993,1.83228162001172));
#9850=CARTESIAN_POINT('Ctrl Pts',(39.8103128331285,-0.899999999999993,1.87488313325421));
#9851=CARTESIAN_POINT('Ctrl Pts',(39.8103128331285,-1.09999999999999,1.87488313325421));
#9852=CARTESIAN_POINT('Ctrl Pts',(39.7596901205488,-0.899999999999993,1.87413241623896));
#9853=CARTESIAN_POINT('Ctrl Pts',(39.7596901205488,-1.09999999999999,1.87413241623896));
#9854=CARTESIAN_POINT('Ctrl Pts',(39.6693272919777,-0.899999999999993,1.87279236728668));
#9855=CARTESIAN_POINT('Ctrl Pts',(39.6693272919777,-1.09999999999999,1.87279236728668));
#9856=CARTESIAN_POINT('Ctrl Pts',(39.5836192540571,-0.899999999999993,1.84465568119088));
#9857=CARTESIAN_POINT('Ctrl Pts',(39.5836192540571,-1.09999999999999,1.84465568119088));
#9858=CARTESIAN_POINT('Ctrl Pts',(39.5459262399913,-0.899999999999993,1.83228162001172));
#9859=CARTESIAN_POINT('Ctrl Pts',(39.5459262399913,-1.09999999999999,1.83228162001172));
#9860=CARTESIAN_POINT('',(39.8103128331285,-0.899999999999993,1.87488313325421));
#9861=CARTESIAN_POINT('Ctrl Pts',(39.5459262399913,-0.899999999999993,1.83228162001172));
#9862=CARTESIAN_POINT('Ctrl Pts',(39.5836192540571,-0.899999999999993,1.84465568119088));
#9863=CARTESIAN_POINT('Ctrl Pts',(39.6693272919777,-0.899999999999993,1.87279236728668));
#9864=CARTESIAN_POINT('Ctrl Pts',(39.7596901205488,-0.899999999999993,1.87413241623896));
#9865=CARTESIAN_POINT('Ctrl Pts',(39.8103128331285,-0.899999999999993,1.87488313325421));
#9866=CARTESIAN_POINT('',(39.8103128331285,-1.09999999999999,1.87488313325421));
#9867=CARTESIAN_POINT('Ctrl Pts',(39.8103128331285,-1.09999999999999,1.87488313325421));
#9868=CARTESIAN_POINT('Ctrl Pts',(39.7596901205488,-1.09999999999999,1.87413241623896));
#9869=CARTESIAN_POINT('Ctrl Pts',(39.6693272919777,-1.09999999999999,1.87279236728668));
#9870=CARTESIAN_POINT('Ctrl Pts',(39.5836192540571,-1.09999999999999,1.84465568119088));
#9871=CARTESIAN_POINT('Ctrl Pts',(39.5459262399913,-1.09999999999999,1.83228162001172));
#9872=CARTESIAN_POINT('',(39.8103128331285,-0.899999999999993,1.87488313325421));
#9873=CARTESIAN_POINT('Ctrl Pts',(40.0837159545083,-0.899999999999993,1.83481186890161));
#9874=CARTESIAN_POINT('Ctrl Pts',(40.0837159545083,-1.09999999999999,1.83481186890161));
#9875=CARTESIAN_POINT('Ctrl Pts',(40.0449546276288,-0.899999999999993,1.84645571415434));
#9876=CARTESIAN_POINT('Ctrl Pts',(40.0449546276288,-1.09999999999999,1.84645571415434));
#9877=CARTESIAN_POINT('Ctrl Pts',(39.955947483588,-0.899999999999993,1.87319332855079));
#9878=CARTESIAN_POINT('Ctrl Pts',(39.955947483588,-1.09999999999999,1.87319332855079));
#9879=CARTESIAN_POINT('Ctrl Pts',(39.8628613172409,-0.899999999999993,1.87427341108074));
#9880=CARTESIAN_POINT('Ctrl Pts',(39.8628613172409,-1.09999999999999,1.87427341108074));
#9881=CARTESIAN_POINT('Ctrl Pts',(39.8103128331285,-0.899999999999993,1.87488313325421));
#9882=CARTESIAN_POINT('Ctrl Pts',(39.8103128331285,-1.09999999999999,1.87488313325421));
#9883=CARTESIAN_POINT('',(40.0837159545083,-0.899999999999993,1.83481186890161));
#9884=CARTESIAN_POINT('Ctrl Pts',(39.8103128331285,-0.899999999999993,1.87488313325421));
#9885=CARTESIAN_POINT('Ctrl Pts',(39.8628613172409,-0.899999999999993,1.87427341108074));
#9886=CARTESIAN_POINT('Ctrl Pts',(39.955947483588,-0.899999999999993,1.87319332855079));
#9887=CARTESIAN_POINT('Ctrl Pts',(40.0449546276288,-0.899999999999993,1.84645571415434));
#9888=CARTESIAN_POINT('Ctrl Pts',(40.0837159545083,-0.899999999999993,1.83481186890161));
#9889=CARTESIAN_POINT('',(40.0837159545083,-1.09999999999999,1.83481186890161));
#9890=CARTESIAN_POINT('Ctrl Pts',(40.0837159545083,-1.09999999999999,1.83481186890161));
#9891=CARTESIAN_POINT('Ctrl Pts',(40.0449546276288,-1.09999999999999,1.84645571415434));
#9892=CARTESIAN_POINT('Ctrl Pts',(39.955947483588,-1.09999999999999,1.87319332855079));
#9893=CARTESIAN_POINT('Ctrl Pts',(39.8628613172409,-1.09999999999999,1.87427341108074));
#9894=CARTESIAN_POINT('Ctrl Pts',(39.8103128331285,-1.09999999999999,1.87488313325421));
#9895=CARTESIAN_POINT('',(40.0837159545083,-0.899999999999993,1.83481186890161));
#9896=CARTESIAN_POINT('Ctrl Pts',(40.2376209521084,-0.899999999999993,1.71123156857326));
#9897=CARTESIAN_POINT('Ctrl Pts',(40.2376209521084,-1.09999999999999,1.71123156857326));
#9898=CARTESIAN_POINT('Ctrl Pts',(40.2170523538106,-0.899999999999993,1.73734773314378));
#9899=CARTESIAN_POINT('Ctrl Pts',(40.2170523538106,-1.09999999999999,1.73734773314378));
#9900=CARTESIAN_POINT('Ctrl Pts',(40.1752931629375,-0.899999999999993,1.79036981493005));
#9901=CARTESIAN_POINT('Ctrl Pts',(40.1752931629375,-1.09999999999999,1.79036981493005));
#9902=CARTESIAN_POINT('Ctrl Pts',(40.1145433093728,-0.899999999999993,1.81985147654866));
#9903=CARTESIAN_POINT('Ctrl Pts',(40.1145433093728,-1.09999999999999,1.81985147654866));
#9904=CARTESIAN_POINT('Ctrl Pts',(40.0837159545083,-0.899999999999993,1.83481186890161));
#9905=CARTESIAN_POINT('Ctrl Pts',(40.0837159545083,-1.09999999999999,1.83481186890161));
#9906=CARTESIAN_POINT('',(40.2376209521084,-0.899999999999993,1.71123156857326));
#9907=CARTESIAN_POINT('Ctrl Pts',(40.0837159545083,-0.899999999999993,1.83481186890161));
#9908=CARTESIAN_POINT('Ctrl Pts',(40.1145433093728,-0.899999999999993,1.81985147654866));
#9909=CARTESIAN_POINT('Ctrl Pts',(40.1752931629375,-0.899999999999993,1.79036981493005));
#9910=CARTESIAN_POINT('Ctrl Pts',(40.2170523538106,-0.899999999999993,1.73734773314378));
#9911=CARTESIAN_POINT('Ctrl Pts',(40.2376209521084,-0.899999999999993,1.71123156857326));
#9912=CARTESIAN_POINT('',(40.2376209521084,-1.09999999999999,1.71123156857326));
#9913=CARTESIAN_POINT('Ctrl Pts',(40.2376209521084,-1.09999999999999,1.71123156857326));
#9914=CARTESIAN_POINT('Ctrl Pts',(40.2170523538106,-1.09999999999999,1.73734773314378));
#9915=CARTESIAN_POINT('Ctrl Pts',(40.1752931629375,-1.09999999999999,1.79036981493005));
#9916=CARTESIAN_POINT('Ctrl Pts',(40.1145433093728,-1.09999999999999,1.81985147654866));
#9917=CARTESIAN_POINT('Ctrl Pts',(40.0837159545083,-1.09999999999999,1.83481186890161));
#9918=CARTESIAN_POINT('',(40.2376209521084,-0.899999999999993,1.71123156857326));
#9919=CARTESIAN_POINT('Ctrl Pts',(40.2941268743167,-0.899999999999993,1.52542765535308));
#9920=CARTESIAN_POINT('Ctrl Pts',(40.2941268743167,-1.09999999999999,1.52542765535308));
#9921=CARTESIAN_POINT('Ctrl Pts',(40.2918443016955,-0.899999999999993,1.55884282131927));
#9922=CARTESIAN_POINT('Ctrl Pts',(40.2918443016955,-1.09999999999999,1.55884282131927));
#9923=CARTESIAN_POINT('Ctrl Pts',(40.2873150760007,-0.899999999999993,1.62514731777996));
#9924=CARTESIAN_POINT('Ctrl Pts',(40.2873150760007,-1.09999999999999,1.62514731777996));
#9925=CARTESIAN_POINT('Ctrl Pts',(40.2540978490535,-0.899999999999993,1.68268893178205));
#9926=CARTESIAN_POINT('Ctrl Pts',(40.2540978490535,-1.09999999999999,1.68268893178205));
#9927=CARTESIAN_POINT('Ctrl Pts',(40.2376209521084,-0.899999999999993,1.71123156857326));
#9928=CARTESIAN_POINT('Ctrl Pts',(40.2376209521084,-1.09999999999999,1.71123156857326));
#9929=CARTESIAN_POINT('',(40.2941268743167,-0.899999999999993,1.52542765535308));
#9930=CARTESIAN_POINT('Ctrl Pts',(40.2376209521084,-0.899999999999993,1.71123156857326));
#9931=CARTESIAN_POINT('Ctrl Pts',(40.2540978490535,-0.899999999999993,1.68268893178205));
#9932=CARTESIAN_POINT('Ctrl Pts',(40.2873150760007,-0.899999999999993,1.62514731777996));
#9933=CARTESIAN_POINT('Ctrl Pts',(40.2918443016955,-0.899999999999993,1.55884282131927));
#9934=CARTESIAN_POINT('Ctrl Pts',(40.2941268743167,-0.899999999999993,1.52542765535308));
#9935=CARTESIAN_POINT('',(40.2941268743167,-1.09999999999999,1.52542765535308));
#9936=CARTESIAN_POINT('Ctrl Pts',(40.2941268743167,-1.09999999999999,1.52542765535308));
#9937=CARTESIAN_POINT('Ctrl Pts',(40.2918443016955,-1.09999999999999,1.55884282131927));
#9938=CARTESIAN_POINT('Ctrl Pts',(40.2873150760007,-1.09999999999999,1.62514731777996));
#9939=CARTESIAN_POINT('Ctrl Pts',(40.2540978490535,-1.09999999999999,1.68268893178205));
#9940=CARTESIAN_POINT('Ctrl Pts',(40.2376209521084,-1.09999999999999,1.71123156857326));
#9941=CARTESIAN_POINT('',(40.2941268743167,-0.899999999999993,1.52542765535308));
#9942=CARTESIAN_POINT('Ctrl Pts',(40.229490243319,-0.899999999999993,1.31586888025903));
#9943=CARTESIAN_POINT('Ctrl Pts',(40.229490243319,-1.09999999999999,1.31586888025903));
#9944=CARTESIAN_POINT('Ctrl Pts',(40.2483438054264,-0.899999999999993,1.34915660758605));
#9945=CARTESIAN_POINT('Ctrl Pts',(40.2483438054264,-1.09999999999999,1.34915660758605));
#9946=CARTESIAN_POINT('Ctrl Pts',(40.2852535236949,-0.899999999999993,1.41432416745808));
#9947=CARTESIAN_POINT('Ctrl Pts',(40.2852535236949,-1.09999999999999,1.41432416745808));
#9948=CARTESIAN_POINT('Ctrl Pts',(40.2912120002032,-0.899999999999993,1.4889304296055));
#9949=CARTESIAN_POINT('Ctrl Pts',(40.2912120002032,-1.09999999999999,1.4889304296055));
#9950=CARTESIAN_POINT('Ctrl Pts',(40.2941268743167,-0.899999999999993,1.52542765535308));
#9951=CARTESIAN_POINT('Ctrl Pts',(40.2941268743167,-1.09999999999999,1.52542765535308));
#9952=CARTESIAN_POINT('',(40.229490243319,-0.899999999999993,1.31586888025903));
#9953=CARTESIAN_POINT('Ctrl Pts',(40.2941268743167,-0.899999999999993,1.52542765535308));
#9954=CARTESIAN_POINT('Ctrl Pts',(40.2912120002032,-0.899999999999993,1.4889304296055));
#9955=CARTESIAN_POINT('Ctrl Pts',(40.2852535236949,-0.899999999999993,1.41432416745808));
#9956=CARTESIAN_POINT('Ctrl Pts',(40.2483438054264,-0.899999999999993,1.34915660758605));
#9957=CARTESIAN_POINT('Ctrl Pts',(40.229490243319,-0.899999999999993,1.31586888025903));
#9958=CARTESIAN_POINT('',(40.229490243319,-1.09999999999999,1.31586888025903));
#9959=CARTESIAN_POINT('Ctrl Pts',(40.229490243319,-1.09999999999999,1.31586888025903));
#9960=CARTESIAN_POINT('Ctrl Pts',(40.2483438054264,-1.09999999999999,1.34915660758605));
#9961=CARTESIAN_POINT('Ctrl Pts',(40.2852535236949,-1.09999999999999,1.41432416745808));
#9962=CARTESIAN_POINT('Ctrl Pts',(40.2912120002032,-1.09999999999999,1.4889304296055));
#9963=CARTESIAN_POINT('Ctrl Pts',(40.2941268743167,-1.09999999999999,1.52542765535308));
#9964=CARTESIAN_POINT('',(40.229490243319,-0.899999999999993,1.31586888025903));
#9965=CARTESIAN_POINT('Ctrl Pts',(39.9962328392375,-0.899999999999993,1.09646411233784));
#9966=CARTESIAN_POINT('Ctrl Pts',(39.9962328392375,-1.09999999999999,1.09646411233784));
#9967=CARTESIAN_POINT('Ctrl Pts',(40.0461340357882,-0.899999999999993,1.13236410956782));
#9968=CARTESIAN_POINT('Ctrl Pts',(40.0461340357882,-1.09999999999999,1.13236410956782));
#9969=CARTESIAN_POINT('Ctrl Pts',(40.1336838889196,-0.899999999999993,1.19534936247067));
#9970=CARTESIAN_POINT('Ctrl Pts',(40.1336838889196,-1.09999999999999,1.19534936247067));
#9971=CARTESIAN_POINT('Ctrl Pts',(40.2006801517027,-0.899999999999993,1.27962725128983));
#9972=CARTESIAN_POINT('Ctrl Pts',(40.2006801517027,-1.09999999999999,1.27962725128983));
#9973=CARTESIAN_POINT('Ctrl Pts',(40.229490243319,-0.899999999999993,1.31586888025903));
#9974=CARTESIAN_POINT('Ctrl Pts',(40.229490243319,-1.09999999999999,1.31586888025903));
#9975=CARTESIAN_POINT('',(39.9962328392375,-0.899999999999993,1.09646411233784));
#9976=CARTESIAN_POINT('Ctrl Pts',(40.229490243319,-0.899999999999993,1.31586888025903));
#9977=CARTESIAN_POINT('Ctrl Pts',(40.2006801517027,-0.899999999999993,1.27962725128983));
#9978=CARTESIAN_POINT('Ctrl Pts',(40.1336838889196,-0.899999999999993,1.19534936247067));
#9979=CARTESIAN_POINT('Ctrl Pts',(40.0461340357882,-0.899999999999993,1.13236410956782));
#9980=CARTESIAN_POINT('Ctrl Pts',(39.9962328392375,-0.899999999999993,1.09646411233784));
#9981=CARTESIAN_POINT('',(39.9962328392375,-1.09999999999999,1.09646411233784));
#9982=CARTESIAN_POINT('Ctrl Pts',(39.9962328392375,-1.09999999999999,1.09646411233784));
#9983=CARTESIAN_POINT('Ctrl Pts',(40.0461340357882,-1.09999999999999,1.13236410956782));
#9984=CARTESIAN_POINT('Ctrl Pts',(40.1336838889196,-1.09999999999999,1.19534936247067));
#9985=CARTESIAN_POINT('Ctrl Pts',(40.2006801517027,-1.09999999999999,1.27962725128983));
#9986=CARTESIAN_POINT('Ctrl Pts',(40.229490243319,-1.09999999999999,1.31586888025903));
#9987=CARTESIAN_POINT('',(39.9962328392375,-0.899999999999993,1.09646411233784));
#9988=CARTESIAN_POINT('Ctrl Pts',(39.8611846003593,-0.899999999999993,0.999037546111822));
#9989=CARTESIAN_POINT('Ctrl Pts',(39.8611846003593,-1.09999999999999,0.999037546111822));
#9990=CARTESIAN_POINT('Ctrl Pts',(39.8780931916614,-0.899999999999993,1.01189854811835));
#9991=CARTESIAN_POINT('Ctrl Pts',(39.8780931916614,-1.09999999999999,1.01189854811835));
#9992=CARTESIAN_POINT('Ctrl Pts',(39.9222831947279,-0.899999999999993,1.04551032026141));
#9993=CARTESIAN_POINT('Ctrl Pts',(39.9222831947279,-1.09999999999999,1.04551032026141));
#9994=CARTESIAN_POINT('Ctrl Pts',(39.968005460411,-0.899999999999993,1.07701449900805));
#9995=CARTESIAN_POINT('Ctrl Pts',(39.968005460411,-1.09999999999999,1.07701449900805));
#9996=CARTESIAN_POINT('Ctrl Pts',(39.9962328392375,-0.899999999999993,1.09646411233784));
#9997=CARTESIAN_POINT('Ctrl Pts',(39.9962328392375,-1.09999999999999,1.09646411233784));
#9998=CARTESIAN_POINT('',(39.8611846003593,-0.899999999999993,0.999037546111822));
#9999=CARTESIAN_POINT('Ctrl Pts',(39.9962328392375,-0.899999999999993,1.09646411233784));
#10000=CARTESIAN_POINT('Ctrl Pts',(39.968005460411,-0.899999999999993,1.07701449900805));
#10001=CARTESIAN_POINT('Ctrl Pts',(39.9222831947279,-0.899999999999993,
1.04551032026141));
#10002=CARTESIAN_POINT('Ctrl Pts',(39.8780931916614,-0.899999999999993,
1.01189854811835));
#10003=CARTESIAN_POINT('Ctrl Pts',(39.8611846003593,-0.899999999999993,
0.999037546111822));
#10004=CARTESIAN_POINT('',(39.8611846003593,-1.09999999999999,0.999037546111822));
#10005=CARTESIAN_POINT('Ctrl Pts',(39.8611846003593,-1.09999999999999,0.999037546111822));
#10006=CARTESIAN_POINT('Ctrl Pts',(39.8780931916614,-1.09999999999999,1.01189854811835));
#10007=CARTESIAN_POINT('Ctrl Pts',(39.9222831947279,-1.09999999999999,1.04551032026141));
#10008=CARTESIAN_POINT('Ctrl Pts',(39.968005460411,-1.09999999999999,1.07701449900805));
#10009=CARTESIAN_POINT('Ctrl Pts',(39.9962328392375,-1.09999999999999,1.09646411233784));
#10010=CARTESIAN_POINT('',(39.8611846003593,-0.899999999999993,0.999037546111822));
#10011=CARTESIAN_POINT('Ctrl Pts',(39.7817953509902,-0.899999999999993,
0.926175212042809));
#10012=CARTESIAN_POINT('Ctrl Pts',(39.7817953509902,-1.09999999999999,0.926175212042809));
#10013=CARTESIAN_POINT('Ctrl Pts',(39.7959011737736,-0.899999999999993,
0.9399142451136));
#10014=CARTESIAN_POINT('Ctrl Pts',(39.7959011737736,-1.09999999999999,0.9399142451136));
#10015=CARTESIAN_POINT('Ctrl Pts',(39.8216449053052,-0.899999999999993,
0.96498856968925));
#10016=CARTESIAN_POINT('Ctrl Pts',(39.8216449053052,-1.09999999999999,0.96498856968925));
#10017=CARTESIAN_POINT('Ctrl Pts',(39.8488748311912,-0.899999999999993,
0.988437185142937));
#10018=CARTESIAN_POINT('Ctrl Pts',(39.8488748311912,-1.09999999999999,0.988437185142937));
#10019=CARTESIAN_POINT('Ctrl Pts',(39.8611846003593,-0.899999999999993,
0.999037546111822));
#10020=CARTESIAN_POINT('Ctrl Pts',(39.8611846003593,-1.09999999999999,0.999037546111822));
#10021=CARTESIAN_POINT('',(39.7817953509902,-0.899999999999993,0.926175212042809));
#10022=CARTESIAN_POINT('Ctrl Pts',(39.8611846003593,-0.899999999999993,
0.999037546111822));
#10023=CARTESIAN_POINT('Ctrl Pts',(39.8488748311912,-0.899999999999993,
0.988437185142937));
#10024=CARTESIAN_POINT('Ctrl Pts',(39.8216449053052,-0.899999999999993,
0.96498856968925));
#10025=CARTESIAN_POINT('Ctrl Pts',(39.7959011737736,-0.899999999999993,
0.9399142451136));
#10026=CARTESIAN_POINT('Ctrl Pts',(39.7817953509902,-0.899999999999993,
0.926175212042809));
#10027=CARTESIAN_POINT('',(39.7817953509902,-1.09999999999999,0.926175212042809));
#10028=CARTESIAN_POINT('Ctrl Pts',(39.7817953509902,-1.09999999999999,0.926175212042809));
#10029=CARTESIAN_POINT('Ctrl Pts',(39.7959011737736,-1.09999999999999,0.9399142451136));
#10030=CARTESIAN_POINT('Ctrl Pts',(39.8216449053052,-1.09999999999999,0.96498856968925));
#10031=CARTESIAN_POINT('Ctrl Pts',(39.8488748311912,-1.09999999999999,0.988437185142937));
#10032=CARTESIAN_POINT('Ctrl Pts',(39.8611846003593,-1.09999999999999,0.999037546111822));
#10033=CARTESIAN_POINT('',(39.7817953509902,-0.899999999999993,0.926175212042809));
#10034=CARTESIAN_POINT('Origin',(40.30239542648,-0.899999999999993,0.926247367065287));
#10035=CARTESIAN_POINT('',(40.30239542648,-0.899999999999993,0.926247367065287));
#10036=CARTESIAN_POINT('',(35.6514454631337,-0.899999999999994,0.925602746722435));
#10037=CARTESIAN_POINT('',(40.30239542648,-1.09999999999999,0.926247367065287));
#10038=CARTESIAN_POINT('',(39.7817953509902,-1.09999999999999,0.926175212042809));
#10039=CARTESIAN_POINT('',(40.30239542648,-0.899999999999993,0.926247367065287));
#10040=CARTESIAN_POINT('Origin',(40.3024330923283,-0.899999999999993,0.654487442402728));
#10041=CARTESIAN_POINT('',(40.3021665095104,-0.899999999999992,2.57788834154419));
#10042=CARTESIAN_POINT('',(40.30239542648,-1.09999999999999,0.926247367065287));
#10043=CARTESIAN_POINT('Origin',(37.902382574803,-1.09999999999999,1.25407763701504));
#10044=CARTESIAN_POINT('Origin',(41.3712987162184,-0.899999999999992,1.8546355715782));
#10045=CARTESIAN_POINT('',(40.5797567898077,-0.899999999999993,1.85452586409221));
#10046=CARTESIAN_POINT('',(41.3712987162184,-0.899999999999992,1.8546355715782));
#10047=CARTESIAN_POINT('',(36.1858327811003,-0.899999999999994,1.85391686747361));
#10048=CARTESIAN_POINT('',(40.5797567898077,-1.09999999999999,1.85452586409221));
#10049=CARTESIAN_POINT('',(40.5797567898077,-0.899999999999993,1.85452586409221));
#10050=CARTESIAN_POINT('',(41.3712987162184,-1.09999999999999,1.8546355715782));
#10051=CARTESIAN_POINT('',(40.5797567898077,-1.09999999999999,1.85452586409221));
#10052=CARTESIAN_POINT('',(41.3712987162184,-0.899999999999992,1.8546355715782));
#10053=CARTESIAN_POINT('Origin',(41.3713355878981,-0.899999999999992,1.58860559037448));
#10054=CARTESIAN_POINT('',(41.3713355878981,-0.899999999999992,1.58860559037448));
#10055=CARTESIAN_POINT('',(41.3711337290672,-0.899999999999992,3.0450214992918));
#10056=CARTESIAN_POINT('',(41.3713355878981,-1.09999999999999,1.58860559037448));
#10057=CARTESIAN_POINT('',(41.3712987162184,-1.09999999999999,1.8546355715782));
#10058=CARTESIAN_POINT('',(41.3713355878981,-0.899999999999992,1.58860559037448));
#10059=CARTESIAN_POINT('Origin',(40.8351828725965,-0.899999999999993,1.58853127976055));
#10060=CARTESIAN_POINT('',(40.8351828725965,-0.899999999999993,1.58853127976055));
#10061=CARTESIAN_POINT('',(35.9177932951292,-0.899999999999994,1.58784973096291));
#10062=CARTESIAN_POINT('',(40.8351828725965,-1.09999999999999,1.58853127976055));
#10063=CARTESIAN_POINT('',(41.3713355878981,-1.09999999999999,1.58860559037448));
#10064=CARTESIAN_POINT('',(40.8351828725965,-0.899999999999993,1.58853127976055));
#10065=CARTESIAN_POINT('Origin',(40.8065582636103,-0.899999999999993,1.40844543653604));
#10066=CARTESIAN_POINT('',(40.8065582636103,-0.899999999999993,1.40844543653604));
#10067=CARTESIAN_POINT('',(40.9253757858975,-0.899999999999992,2.15596145330414));
#10068=CARTESIAN_POINT('',(40.8065582636103,-1.09999999999999,1.40844543653604));
#10069=CARTESIAN_POINT('',(40.8351828725965,-1.09999999999999,1.58853127976055));
#10070=CARTESIAN_POINT('',(40.8065582636103,-0.899999999999993,1.40844543653604));
#10071=CARTESIAN_POINT('Ctrl Pts',(40.916239072351,-0.899999999999993,1.44775120091441));
#10072=CARTESIAN_POINT('Ctrl Pts',(40.916239072351,-1.09999999999999,1.44775120091441));
#10073=CARTESIAN_POINT('Ctrl Pts',(40.8979384246685,-0.899999999999993,
1.44273088761981));
#10074=CARTESIAN_POINT('Ctrl Pts',(40.8979384246685,-1.09999999999999,1.44273088761981));
#10075=CARTESIAN_POINT('Ctrl Pts',(40.8603793253395,-0.899999999999993,
1.43242751208001));
#10076=CARTESIAN_POINT('Ctrl Pts',(40.8603793253395,-1.09999999999999,1.43242751208001));
#10077=CARTESIAN_POINT('Ctrl Pts',(40.8248010476986,-0.899999999999993,
1.41657422129209));
#10078=CARTESIAN_POINT('Ctrl Pts',(40.8248010476986,-1.09999999999999,1.41657422129209));
#10079=CARTESIAN_POINT('Ctrl Pts',(40.8065582636103,-0.899999999999993,
1.40844543653604));
#10080=CARTESIAN_POINT('Ctrl Pts',(40.8065582636103,-1.09999999999999,1.40844543653604));
#10081=CARTESIAN_POINT('',(40.916239072351,-0.899999999999993,1.44775120091441));
#10082=CARTESIAN_POINT('Ctrl Pts',(40.8065582636103,-0.899999999999993,
1.40844543653604));
#10083=CARTESIAN_POINT('Ctrl Pts',(40.8248010476986,-0.899999999999993,
1.41657422129209));
#10084=CARTESIAN_POINT('Ctrl Pts',(40.8603793253395,-0.899999999999993,
1.43242751208001));
#10085=CARTESIAN_POINT('Ctrl Pts',(40.8979384246685,-0.899999999999993,
1.44273088761981));
#10086=CARTESIAN_POINT('Ctrl Pts',(40.916239072351,-0.899999999999993,1.44775120091441));
#10087=CARTESIAN_POINT('',(40.916239072351,-1.09999999999999,1.44775120091441));
#10088=CARTESIAN_POINT('Ctrl Pts',(40.916239072351,-1.09999999999999,1.44775120091441));
#10089=CARTESIAN_POINT('Ctrl Pts',(40.8979384246685,-1.09999999999999,1.44273088761981));
#10090=CARTESIAN_POINT('Ctrl Pts',(40.8603793253395,-1.09999999999999,1.43242751208001));
#10091=CARTESIAN_POINT('Ctrl Pts',(40.8248010476986,-1.09999999999999,1.41657422129209));
#10092=CARTESIAN_POINT('Ctrl Pts',(40.8065582636103,-1.09999999999999,1.40844543653604));
#10093=CARTESIAN_POINT('',(40.916239072351,-0.899999999999993,1.44775120091441));
#10094=CARTESIAN_POINT('Ctrl Pts',(41.024286171956,-0.899999999999993,1.46086303042819));
#10095=CARTESIAN_POINT('Ctrl Pts',(41.024286171956,-1.09999999999999,1.46086303042819));
#10096=CARTESIAN_POINT('Ctrl Pts',(41.0063526932248,-0.899999999999993,
1.46028352916989));
#10097=CARTESIAN_POINT('Ctrl Pts',(41.0063526932248,-1.09999999999999,1.46028352916989));
#10098=CARTESIAN_POINT('Ctrl Pts',(40.969952143205,-0.899999999999993,1.45910728417832));
#10099=CARTESIAN_POINT('Ctrl Pts',(40.969952143205,-1.09999999999999,1.45910728417832));
#10100=CARTESIAN_POINT('Ctrl Pts',(40.9343175507857,-0.899999999999993,
1.45157337497978));
#10101=CARTESIAN_POINT('Ctrl Pts',(40.9343175507857,-1.09999999999999,1.45157337497978));
#10102=CARTESIAN_POINT('Ctrl Pts',(40.916239072351,-0.899999999999993,1.44775120091441));
#10103=CARTESIAN_POINT('Ctrl Pts',(40.916239072351,-1.09999999999999,1.44775120091441));
#10104=CARTESIAN_POINT('',(41.024286171956,-0.899999999999993,1.46086303042819));
#10105=CARTESIAN_POINT('Ctrl Pts',(40.916239072351,-0.899999999999993,1.44775120091441));
#10106=CARTESIAN_POINT('Ctrl Pts',(40.9343175507857,-0.899999999999993,
1.45157337497978));
#10107=CARTESIAN_POINT('Ctrl Pts',(40.969952143205,-0.899999999999993,1.45910728417832));
#10108=CARTESIAN_POINT('Ctrl Pts',(41.0063526932248,-0.899999999999993,
1.46028352916989));
#10109=CARTESIAN_POINT('Ctrl Pts',(41.024286171956,-0.899999999999993,1.46086303042819));
#10110=CARTESIAN_POINT('',(41.024286171956,-1.09999999999999,1.46086303042819));
#10111=CARTESIAN_POINT('Ctrl Pts',(41.024286171956,-1.09999999999999,1.46086303042819));
#10112=CARTESIAN_POINT('Ctrl Pts',(41.0063526932248,-1.09999999999999,1.46028352916989));
#10113=CARTESIAN_POINT('Ctrl Pts',(40.969952143205,-1.09999999999999,1.45910728417832));
#10114=CARTESIAN_POINT('Ctrl Pts',(40.9343175507857,-1.09999999999999,1.45157337497978));
#10115=CARTESIAN_POINT('Ctrl Pts',(40.916239072351,-1.09999999999999,1.44775120091441));
#10116=CARTESIAN_POINT('',(41.024286171956,-0.899999999999993,1.46086303042819));
#10117=CARTESIAN_POINT('Ctrl Pts',(41.3165249501162,-0.899999999999993,
1.35203587342927));
#10118=CARTESIAN_POINT('Ctrl Pts',(41.3165249501162,-1.09999999999999,1.35203587342927));
#10119=CARTESIAN_POINT('Ctrl Pts',(41.2752043425285,-0.899999999999993,
1.38376958548773));
#10120=CARTESIAN_POINT('Ctrl Pts',(41.2752043425285,-1.09999999999999,1.38376958548773));
#10121=CARTESIAN_POINT('Ctrl Pts',(41.1891618202486,-0.899999999999993,
1.44984917110425));
#10122=CARTESIAN_POINT('Ctrl Pts',(41.1891618202486,-1.09999999999999,1.44984917110425));
#10123=CARTESIAN_POINT('Ctrl Pts',(41.0806742454147,-0.899999999999993,
1.45709625034239));
#10124=CARTESIAN_POINT('Ctrl Pts',(41.0806742454147,-1.09999999999999,1.45709625034239));
#10125=CARTESIAN_POINT('Ctrl Pts',(41.024286171956,-0.899999999999993,1.46086303042819));
#10126=CARTESIAN_POINT('Ctrl Pts',(41.024286171956,-1.09999999999999,1.46086303042819));
#10127=CARTESIAN_POINT('',(41.3165249501162,-0.899999999999993,1.35203587342927));
#10128=CARTESIAN_POINT('Ctrl Pts',(41.024286171956,-0.899999999999993,1.46086303042819));
#10129=CARTESIAN_POINT('Ctrl Pts',(41.0806742454147,-0.899999999999993,
1.45709625034239));
#10130=CARTESIAN_POINT('Ctrl Pts',(41.1891618202486,-0.899999999999993,
1.44984917110425));
#10131=CARTESIAN_POINT('Ctrl Pts',(41.2752043425285,-0.899999999999993,
1.38376958548773));
#10132=CARTESIAN_POINT('Ctrl Pts',(41.3165249501162,-0.899999999999993,
1.35203587342927));
#10133=CARTESIAN_POINT('',(41.3165249501162,-1.09999999999999,1.35203587342927));
#10134=CARTESIAN_POINT('Ctrl Pts',(41.3165249501162,-1.09999999999999,1.35203587342927));
#10135=CARTESIAN_POINT('Ctrl Pts',(41.2752043425285,-1.09999999999999,1.38376958548773));
#10136=CARTESIAN_POINT('Ctrl Pts',(41.1891618202486,-1.09999999999999,1.44984917110425));
#10137=CARTESIAN_POINT('Ctrl Pts',(41.0806742454147,-1.09999999999999,1.45709625034239));
#10138=CARTESIAN_POINT('Ctrl Pts',(41.024286171956,-1.09999999999999,1.46086303042819));
#10139=CARTESIAN_POINT('',(41.3165249501162,-0.899999999999993,1.35203587342927));
#10140=CARTESIAN_POINT('Ctrl Pts',(41.4287049220474,-0.899999999999993,
1.07783592928174));
#10141=CARTESIAN_POINT('Ctrl Pts',(41.4287049220474,-1.09999999999999,1.07783592928174));
#10142=CARTESIAN_POINT('Ctrl Pts',(41.4243289845514,-0.899999999999993,
1.13029931749521));
#10143=CARTESIAN_POINT('Ctrl Pts',(41.4243289845514,-1.09999999999999,1.13029931749521));
#10144=CARTESIAN_POINT('Ctrl Pts',(41.4157139189526,-0.899999999999993,
1.23358587755393));
#10145=CARTESIAN_POINT('Ctrl Pts',(41.4157139189526,-1.09999999999999,1.23358587755393));
#10146=CARTESIAN_POINT('Ctrl Pts',(41.3492360446463,-0.899999999999993,
1.31297276936007));
#10147=CARTESIAN_POINT('Ctrl Pts',(41.3492360446463,-1.09999999999999,1.31297276936007));
#10148=CARTESIAN_POINT('Ctrl Pts',(41.3165249501162,-0.899999999999993,
1.35203587342927));
#10149=CARTESIAN_POINT('Ctrl Pts',(41.3165249501162,-1.09999999999999,1.35203587342927));
#10150=CARTESIAN_POINT('',(41.4287049220474,-0.899999999999993,1.07783592928174));
#10151=CARTESIAN_POINT('Ctrl Pts',(41.3165249501162,-0.899999999999993,
1.35203587342927));
#10152=CARTESIAN_POINT('Ctrl Pts',(41.3492360446463,-0.899999999999993,
1.31297276936007));
#10153=CARTESIAN_POINT('Ctrl Pts',(41.4157139189526,-0.899999999999993,
1.23358587755393));
#10154=CARTESIAN_POINT('Ctrl Pts',(41.4243289845514,-0.899999999999993,
1.13029931749521));
#10155=CARTESIAN_POINT('Ctrl Pts',(41.4287049220474,-0.899999999999993,
1.07783592928174));
#10156=CARTESIAN_POINT('',(41.4287049220474,-1.09999999999999,1.07783592928174));
#10157=CARTESIAN_POINT('Ctrl Pts',(41.4287049220474,-1.09999999999999,1.07783592928174));
#10158=CARTESIAN_POINT('Ctrl Pts',(41.4243289845514,-1.09999999999999,1.13029931749521));
#10159=CARTESIAN_POINT('Ctrl Pts',(41.4157139189526,-1.09999999999999,1.23358587755393));
#10160=CARTESIAN_POINT('Ctrl Pts',(41.3492360446463,-1.09999999999999,1.31297276936007));
#10161=CARTESIAN_POINT('Ctrl Pts',(41.3165249501162,-1.09999999999999,1.35203587342927));
#10162=CARTESIAN_POINT('',(41.4287049220474,-0.899999999999993,1.07783592928174));
#10163=CARTESIAN_POINT('Ctrl Pts',(41.3706189819855,-0.899999999999993,
0.854362612597051));
#10164=CARTESIAN_POINT('Ctrl Pts',(41.3706189819855,-1.09999999999999,0.854362612597051));
#10165=CARTESIAN_POINT('Ctrl Pts',(41.3875639975215,-0.899999999999993,
0.890233405348433));
#10166=CARTESIAN_POINT('Ctrl Pts',(41.3875639975215,-1.09999999999999,0.890233405348433));
#10167=CARTESIAN_POINT('Ctrl Pts',(41.4210321968478,-0.899999999999993,
0.961082017982975));
#10168=CARTESIAN_POINT('Ctrl Pts',(41.4210321968478,-1.09999999999999,0.961082017982975));
#10169=CARTESIAN_POINT('Ctrl Pts',(41.4261689280272,-0.899999999999993,
1.03924635215147));
#10170=CARTESIAN_POINT('Ctrl Pts',(41.4261689280272,-1.09999999999999,1.03924635215147));
#10171=CARTESIAN_POINT('Ctrl Pts',(41.4287049220474,-0.899999999999993,
1.07783592928174));
#10172=CARTESIAN_POINT('Ctrl Pts',(41.4287049220474,-1.09999999999999,1.07783592928174));
#10173=CARTESIAN_POINT('',(41.3706189819855,-0.899999999999993,0.854362612597051));
#10174=CARTESIAN_POINT('Ctrl Pts',(41.4287049220474,-0.899999999999993,
1.07783592928174));
#10175=CARTESIAN_POINT('Ctrl Pts',(41.4261689280272,-0.899999999999993,
1.03924635215147));
#10176=CARTESIAN_POINT('Ctrl Pts',(41.4210321968478,-0.899999999999993,
0.961082017982975));
#10177=CARTESIAN_POINT('Ctrl Pts',(41.3875639975215,-0.899999999999993,
0.890233405348433));
#10178=CARTESIAN_POINT('Ctrl Pts',(41.3706189819855,-0.899999999999993,
0.854362612597051));
#10179=CARTESIAN_POINT('',(41.3706189819855,-1.09999999999999,0.854362612597051));
#10180=CARTESIAN_POINT('Ctrl Pts',(41.3706189819855,-1.09999999999999,0.854362612597051));
#10181=CARTESIAN_POINT('Ctrl Pts',(41.3875639975215,-1.09999999999999,0.890233405348433));
#10182=CARTESIAN_POINT('Ctrl Pts',(41.4210321968478,-1.09999999999999,0.961082017982975));
#10183=CARTESIAN_POINT('Ctrl Pts',(41.4261689280272,-1.09999999999999,1.03924635215147));
#10184=CARTESIAN_POINT('Ctrl Pts',(41.4287049220474,-1.09999999999999,1.07783592928174));
#10185=CARTESIAN_POINT('',(41.3706189819855,-0.899999999999993,0.854362612597051));
#10186=CARTESIAN_POINT('Ctrl Pts',(41.2069303643831,-0.899999999999993,
0.690629210442214));
#10187=CARTESIAN_POINT('Ctrl Pts',(41.2069303643831,-1.09999999999999,0.690629210442214));
#10188=CARTESIAN_POINT('Ctrl Pts',(41.2403748658364,-0.899999999999993,
0.711618677176107));
#10189=CARTESIAN_POINT('Ctrl Pts',(41.2403748658364,-1.09999999999999,0.711618677176107));
#10190=CARTESIAN_POINT('Ctrl Pts',(41.3074278153715,-0.899999999999993,
0.753700502065697));
#10191=CARTESIAN_POINT('Ctrl Pts',(41.3074278153715,-1.09999999999999,0.753700502065697));
#10192=CARTESIAN_POINT('Ctrl Pts',(41.3495209534199,-0.899999999999993,
0.820753926490045));
#10193=CARTESIAN_POINT('Ctrl Pts',(41.3495209534199,-1.09999999999999,0.820753926490045));
#10194=CARTESIAN_POINT('Ctrl Pts',(41.3706189819855,-0.899999999999993,
0.854362612597051));
#10195=CARTESIAN_POINT('Ctrl Pts',(41.3706189819855,-1.09999999999999,0.854362612597051));
#10196=CARTESIAN_POINT('',(41.2069303643831,-0.899999999999993,0.690629210442214));
#10197=CARTESIAN_POINT('Ctrl Pts',(41.3706189819855,-0.899999999999993,
0.854362612597051));
#10198=CARTESIAN_POINT('Ctrl Pts',(41.3495209534199,-0.899999999999993,
0.820753926490045));
#10199=CARTESIAN_POINT('Ctrl Pts',(41.3074278153715,-0.899999999999993,
0.753700502065697));
#10200=CARTESIAN_POINT('Ctrl Pts',(41.2403748658364,-0.899999999999993,
0.711618677176107));
#10201=CARTESIAN_POINT('Ctrl Pts',(41.2069303643831,-0.899999999999993,
0.690629210442214));
#10202=CARTESIAN_POINT('',(41.2069303643831,-1.09999999999999,0.690629210442214));
#10203=CARTESIAN_POINT('Ctrl Pts',(41.2069303643831,-1.09999999999999,0.690629210442214));
#10204=CARTESIAN_POINT('Ctrl Pts',(41.2403748658364,-1.09999999999999,0.711618677176107));
#10205=CARTESIAN_POINT('Ctrl Pts',(41.3074278153715,-1.09999999999999,0.753700502065697));
#10206=CARTESIAN_POINT('Ctrl Pts',(41.3495209534199,-1.09999999999999,0.820753926490045));
#10207=CARTESIAN_POINT('Ctrl Pts',(41.3706189819855,-1.09999999999999,0.854362612597051));
#10208=CARTESIAN_POINT('',(41.2069303643831,-0.899999999999993,0.690629210442214));
#10209=CARTESIAN_POINT('Ctrl Pts',(40.9359969376646,-0.899999999999993,
0.634111340295919));
#10210=CARTESIAN_POINT('Ctrl Pts',(40.9359969376646,-1.09999999999999,0.634111340295919));
#10211=CARTESIAN_POINT('Ctrl Pts',(40.9868449302511,-0.899999999999993,
0.635577048186672));
#10212=CARTESIAN_POINT('Ctrl Pts',(40.9868449302511,-1.09999999999999,0.635577048186672));
#10213=CARTESIAN_POINT('Ctrl Pts',(41.0806949023855,-0.899999999999993,
0.638282300404263));
#10214=CARTESIAN_POINT('Ctrl Pts',(41.0806949023855,-1.09999999999999,0.638282300404263));
#10215=CARTESIAN_POINT('Ctrl Pts',(41.1672643260963,-0.899999999999993,
0.674180626938793));
#10216=CARTESIAN_POINT('Ctrl Pts',(41.1672643260963,-1.09999999999999,0.674180626938793));
#10217=CARTESIAN_POINT('Ctrl Pts',(41.2069303643831,-0.899999999999993,
0.690629210442214));
#10218=CARTESIAN_POINT('Ctrl Pts',(41.2069303643831,-1.09999999999999,0.690629210442214));
#10219=CARTESIAN_POINT('',(40.9359969376646,-0.899999999999993,0.634111340295919));
#10220=CARTESIAN_POINT('Ctrl Pts',(41.2069303643831,-0.899999999999993,
0.690629210442214));
#10221=CARTESIAN_POINT('Ctrl Pts',(41.1672643260963,-0.899999999999993,
0.674180626938793));
#10222=CARTESIAN_POINT('Ctrl Pts',(41.0806949023855,-0.899999999999993,
0.638282300404263));
#10223=CARTESIAN_POINT('Ctrl Pts',(40.9868449302511,-0.899999999999993,
0.635577048186672));
#10224=CARTESIAN_POINT('Ctrl Pts',(40.9359969376646,-0.899999999999993,
0.634111340295919));
#10225=CARTESIAN_POINT('',(40.9359969376646,-1.09999999999999,0.634111340295919));
#10226=CARTESIAN_POINT('Ctrl Pts',(40.9359969376646,-1.09999999999999,0.634111340295919));
#10227=CARTESIAN_POINT('Ctrl Pts',(40.9868449302511,-1.09999999999999,0.635577048186672));
#10228=CARTESIAN_POINT('Ctrl Pts',(41.0806949023855,-1.09999999999999,0.638282300404263));
#10229=CARTESIAN_POINT('Ctrl Pts',(41.1672643260963,-1.09999999999999,0.674180626938793));
#10230=CARTESIAN_POINT('Ctrl Pts',(41.2069303643831,-1.09999999999999,0.690629210442214));
#10231=CARTESIAN_POINT('',(40.9359969376646,-0.899999999999993,0.634111340295919));
#10232=CARTESIAN_POINT('Ctrl Pts',(40.7321740054875,-0.899999999999993,
0.656184045955615));
#10233=CARTESIAN_POINT('Ctrl Pts',(40.7321740054875,-1.09999999999999,0.656184045955615));
#10234=CARTESIAN_POINT('Ctrl Pts',(40.7632449692828,-0.899999999999993,
0.649751997243353));
#10235=CARTESIAN_POINT('Ctrl Pts',(40.7632449692828,-1.09999999999999,0.649751997243353));
#10236=CARTESIAN_POINT('Ctrl Pts',(40.830444894739,-0.899999999999993,0.63584083578595));
#10237=CARTESIAN_POINT('Ctrl Pts',(40.830444894739,-1.09999999999999,0.63584083578595));
#10238=CARTESIAN_POINT('Ctrl Pts',(40.8990906492251,-0.899999999999993,
0.634716058666505));
#10239=CARTESIAN_POINT('Ctrl Pts',(40.8990906492251,-1.09999999999999,0.634716058666505));
#10240=CARTESIAN_POINT('Ctrl Pts',(40.9359969376646,-0.899999999999993,
0.634111340295919));
#10241=CARTESIAN_POINT('Ctrl Pts',(40.9359969376646,-1.09999999999999,0.634111340295919));
#10242=CARTESIAN_POINT('',(40.7321740054875,-0.899999999999993,0.656184045955615));
#10243=CARTESIAN_POINT('Ctrl Pts',(40.9359969376646,-0.899999999999993,
0.634111340295919));
#10244=CARTESIAN_POINT('Ctrl Pts',(40.8990906492251,-0.899999999999993,
0.634716058666505));
#10245=CARTESIAN_POINT('Ctrl Pts',(40.830444894739,-0.899999999999993,0.63584083578595));
#10246=CARTESIAN_POINT('Ctrl Pts',(40.7632449692828,-0.899999999999993,
0.649751997243353));
#10247=CARTESIAN_POINT('Ctrl Pts',(40.7321740054875,-0.899999999999993,
0.656184045955615));
#10248=CARTESIAN_POINT('',(40.7321740054875,-1.09999999999999,0.656184045955615));
#10249=CARTESIAN_POINT('Ctrl Pts',(40.7321740054875,-1.09999999999999,0.656184045955615));
#10250=CARTESIAN_POINT('Ctrl Pts',(40.7632449692828,-1.09999999999999,0.649751997243353));
#10251=CARTESIAN_POINT('Ctrl Pts',(40.830444894739,-1.09999999999999,0.63584083578595));
#10252=CARTESIAN_POINT('Ctrl Pts',(40.8990906492251,-1.09999999999999,0.634716058666505));
#10253=CARTESIAN_POINT('Ctrl Pts',(40.9359969376646,-1.09999999999999,0.634111340295919));
#10254=CARTESIAN_POINT('',(40.7321740054875,-0.899999999999993,0.656184045955615));
#10255=CARTESIAN_POINT('Ctrl Pts',(40.5880990853305,-0.899999999999993,
0.723285613396961));
#10256=CARTESIAN_POINT('Ctrl Pts',(40.5880990853305,-1.09999999999999,0.723285613396961));
#10257=CARTESIAN_POINT('Ctrl Pts',(40.6095812888444,-0.899999999999993,
0.709298795481416));
#10258=CARTESIAN_POINT('Ctrl Pts',(40.6095812888444,-1.09999999999999,0.709298795481416));
#10259=CARTESIAN_POINT('Ctrl Pts',(40.654400521555,-0.899999999999993,0.680117503784248));
#10260=CARTESIAN_POINT('Ctrl Pts',(40.654400521555,-1.09999999999999,0.680117503784248));
#10261=CARTESIAN_POINT('Ctrl Pts',(40.7055439935932,-0.899999999999993,
0.66437897608374));
#10262=CARTESIAN_POINT('Ctrl Pts',(40.7055439935932,-1.09999999999999,0.66437897608374));
#10263=CARTESIAN_POINT('Ctrl Pts',(40.7321740054875,-0.899999999999993,
0.656184045955615));
#10264=CARTESIAN_POINT('Ctrl Pts',(40.7321740054875,-1.09999999999999,0.656184045955615));
#10265=CARTESIAN_POINT('',(40.5880990853305,-0.899999999999993,0.723285613396961));
#10266=CARTESIAN_POINT('Ctrl Pts',(40.7321740054875,-0.899999999999993,
0.656184045955615));
#10267=CARTESIAN_POINT('Ctrl Pts',(40.7055439935932,-0.899999999999993,
0.66437897608374));
#10268=CARTESIAN_POINT('Ctrl Pts',(40.654400521555,-0.899999999999993,0.680117503784248));
#10269=CARTESIAN_POINT('Ctrl Pts',(40.6095812888444,-0.899999999999993,
0.709298795481416));
#10270=CARTESIAN_POINT('Ctrl Pts',(40.5880990853305,-0.899999999999993,
0.723285613396961));
#10271=CARTESIAN_POINT('',(40.5880990853305,-1.09999999999999,0.723285613396961));
#10272=CARTESIAN_POINT('Ctrl Pts',(40.5880990853305,-1.09999999999999,0.723285613396961));
#10273=CARTESIAN_POINT('Ctrl Pts',(40.6095812888444,-1.09999999999999,0.709298795481416));
#10274=CARTESIAN_POINT('Ctrl Pts',(40.654400521555,-1.09999999999999,0.680117503784248));
#10275=CARTESIAN_POINT('Ctrl Pts',(40.7055439935932,-1.09999999999999,0.66437897608374));
#10276=CARTESIAN_POINT('Ctrl Pts',(40.7321740054875,-1.09999999999999,0.656184045955615));
#10277=CARTESIAN_POINT('',(40.5880990853305,-0.899999999999993,0.723285613396961));
#10278=CARTESIAN_POINT('Ctrl Pts',(40.4923146592568,-0.899999999999993,
0.824772939254042));
#10279=CARTESIAN_POINT('Ctrl Pts',(40.4923146592568,-1.09999999999999,0.824772939254042));
#10280=CARTESIAN_POINT('Ctrl Pts',(40.5057447167645,-0.899999999999993,
0.806252407820641));
#10281=CARTESIAN_POINT('Ctrl Pts',(40.5057447167645,-1.09999999999999,0.806252407820641));
#10282=CARTESIAN_POINT('Ctrl Pts',(40.533273826811,-0.899999999999993,0.768288776789387));
#10283=CARTESIAN_POINT('Ctrl Pts',(40.533273826811,-1.09999999999999,0.768288776789387));
#10284=CARTESIAN_POINT('Ctrl Pts',(40.569530305151,-0.899999999999993,0.738527745782283));
#10285=CARTESIAN_POINT('Ctrl Pts',(40.569530305151,-1.09999999999999,0.738527745782283));
#10286=CARTESIAN_POINT('Ctrl Pts',(40.5880990853305,-0.899999999999993,
0.723285613396961));
#10287=CARTESIAN_POINT('Ctrl Pts',(40.5880990853305,-1.09999999999999,0.723285613396961));
#10288=CARTESIAN_POINT('',(40.4923146592568,-0.899999999999993,0.824772939254042));
#10289=CARTESIAN_POINT('Ctrl Pts',(40.5880990853305,-0.899999999999993,
0.723285613396961));
#10290=CARTESIAN_POINT('Ctrl Pts',(40.569530305151,-0.899999999999993,0.738527745782283));
#10291=CARTESIAN_POINT('Ctrl Pts',(40.533273826811,-0.899999999999993,0.768288776789387));
#10292=CARTESIAN_POINT('Ctrl Pts',(40.5057447167645,-0.899999999999993,
0.806252407820641));
#10293=CARTESIAN_POINT('Ctrl Pts',(40.4923146592568,-0.899999999999993,
0.824772939254042));
#10294=CARTESIAN_POINT('',(40.4923146592568,-1.09999999999999,0.824772939254042));
#10295=CARTESIAN_POINT('Ctrl Pts',(40.4923146592568,-1.09999999999999,0.824772939254042));
#10296=CARTESIAN_POINT('Ctrl Pts',(40.5057447167645,-1.09999999999999,0.806252407820641));
#10297=CARTESIAN_POINT('Ctrl Pts',(40.533273826811,-1.09999999999999,0.768288776789387));
#10298=CARTESIAN_POINT('Ctrl Pts',(40.569530305151,-1.09999999999999,0.738527745782283));
#10299=CARTESIAN_POINT('Ctrl Pts',(40.5880990853305,-1.09999999999999,0.723285613396961));
#10300=CARTESIAN_POINT('',(40.4923146592568,-0.899999999999993,0.824772939254042));
#10301=CARTESIAN_POINT('Ctrl Pts',(40.4309035541748,-0.899999999999993,
0.965555815410518));
#10302=CARTESIAN_POINT('Ctrl Pts',(40.4309035541748,-1.09999999999999,0.965555815410518));
#10303=CARTESIAN_POINT('Ctrl Pts',(40.439141047604,-0.899999999999993,0.939341724041029));
#10304=CARTESIAN_POINT('Ctrl Pts',(40.439141047604,-1.09999999999999,0.939341724041029));
#10305=CARTESIAN_POINT('Ctrl Pts',(40.4545856469593,-0.899999999999993,
0.890192532949691));
#10306=CARTESIAN_POINT('Ctrl Pts',(40.4545856469593,-1.09999999999999,0.890192532949691));
#10307=CARTESIAN_POINT('Ctrl Pts',(40.4803103979998,-0.899999999999993,
0.845587528511235));
#10308=CARTESIAN_POINT('Ctrl Pts',(40.4803103979998,-1.09999999999999,0.845587528511235));
#10309=CARTESIAN_POINT('Ctrl Pts',(40.4923146592568,-0.899999999999993,
0.824772939254042));
#10310=CARTESIAN_POINT('Ctrl Pts',(40.4923146592568,-1.09999999999999,0.824772939254042));
#10311=CARTESIAN_POINT('',(40.4309035541748,-0.899999999999993,0.965555815410518));
#10312=CARTESIAN_POINT('Ctrl Pts',(40.4923146592568,-0.899999999999993,
0.824772939254042));
#10313=CARTESIAN_POINT('Ctrl Pts',(40.4803103979998,-0.899999999999993,
0.845587528511235));
#10314=CARTESIAN_POINT('Ctrl Pts',(40.4545856469593,-0.899999999999993,
0.890192532949691));
#10315=CARTESIAN_POINT('Ctrl Pts',(40.439141047604,-0.899999999999993,0.939341724041029));
#10316=CARTESIAN_POINT('Ctrl Pts',(40.4309035541748,-0.899999999999993,
0.965555815410518));
#10317=CARTESIAN_POINT('',(40.4309035541748,-1.09999999999999,0.965555815410518));
#10318=CARTESIAN_POINT('Ctrl Pts',(40.4309035541748,-1.09999999999999,0.965555815410518));
#10319=CARTESIAN_POINT('Ctrl Pts',(40.439141047604,-1.09999999999999,0.939341724041029));
#10320=CARTESIAN_POINT('Ctrl Pts',(40.4545856469593,-1.09999999999999,0.890192532949691));
#10321=CARTESIAN_POINT('Ctrl Pts',(40.4803103979998,-1.09999999999999,0.845587528511235));
#10322=CARTESIAN_POINT('Ctrl Pts',(40.4923146592568,-1.09999999999999,0.824772939254042));
#10323=CARTESIAN_POINT('',(40.4309035541748,-0.899999999999993,0.965555815410518));
#10324=CARTESIAN_POINT('Origin',(40.7681427178781,-0.899999999999993,1.00243733341806));
#10325=CARTESIAN_POINT('',(40.7681427178781,-0.899999999999993,1.00243733341806));
#10326=CARTESIAN_POINT('',(36.130787588542,-0.899999999999994,0.495281833351577));
#10327=CARTESIAN_POINT('',(40.7681427178781,-1.09999999999999,1.00243733341806));
#10328=CARTESIAN_POINT('',(40.4309035541748,-1.09999999999999,0.965555815410518));
#10329=CARTESIAN_POINT('',(40.7681427178781,-0.899999999999993,1.00243733341806));
#10330=CARTESIAN_POINT('Ctrl Pts',(40.8254583895372,-0.899999999999993,
0.878843720342394));
#10331=CARTESIAN_POINT('Ctrl Pts',(40.8254583895372,-1.09999999999999,0.878843720342394));
#10332=CARTESIAN_POINT('Ctrl Pts',(40.8116954614846,-0.899999999999993,
0.89552571488429));
#10333=CARTESIAN_POINT('Ctrl Pts',(40.8116954614846,-1.09999999999999,0.89552571488429));
#10334=CARTESIAN_POINT('Ctrl Pts',(40.781924555371,-0.899999999999993,0.931610920837523));
#10335=CARTESIAN_POINT('Ctrl Pts',(40.781924555371,-1.09999999999999,0.931610920837523));
#10336=CARTESIAN_POINT('Ctrl Pts',(40.7729619561843,-0.899999999999993,
0.977670725861431));
#10337=CARTESIAN_POINT('Ctrl Pts',(40.7729619561843,-1.09999999999999,0.977670725861431));
#10338=CARTESIAN_POINT('Ctrl Pts',(40.7681427178781,-0.899999999999993,
1.00243733341806));
#10339=CARTESIAN_POINT('Ctrl Pts',(40.7681427178781,-1.09999999999999,1.00243733341806));
#10340=CARTESIAN_POINT('',(40.8254583895372,-0.899999999999993,0.878843720342394));
#10341=CARTESIAN_POINT('Ctrl Pts',(40.7681427178781,-0.899999999999993,
1.00243733341806));
#10342=CARTESIAN_POINT('Ctrl Pts',(40.7729619561843,-0.899999999999993,
0.977670725861431));
#10343=CARTESIAN_POINT('Ctrl Pts',(40.781924555371,-0.899999999999993,0.931610920837523));
#10344=CARTESIAN_POINT('Ctrl Pts',(40.8116954614846,-0.899999999999993,
0.89552571488429));
#10345=CARTESIAN_POINT('Ctrl Pts',(40.8254583895372,-0.899999999999993,
0.878843720342394));
#10346=CARTESIAN_POINT('',(40.8254583895372,-1.09999999999999,0.878843720342394));
#10347=CARTESIAN_POINT('Ctrl Pts',(40.8254583895372,-1.09999999999999,0.878843720342394));
#10348=CARTESIAN_POINT('Ctrl Pts',(40.8116954614846,-1.09999999999999,0.89552571488429));
#10349=CARTESIAN_POINT('Ctrl Pts',(40.781924555371,-1.09999999999999,0.931610920837523));
#10350=CARTESIAN_POINT('Ctrl Pts',(40.7729619561843,-1.09999999999999,0.977670725861431));
#10351=CARTESIAN_POINT('Ctrl Pts',(40.7681427178781,-1.09999999999999,1.00243733341806));
#10352=CARTESIAN_POINT('',(40.8254583895372,-0.899999999999993,0.878843720342394));
#10353=CARTESIAN_POINT('Ctrl Pts',(40.9326947186088,-0.899999999999993,
0.837112383735139));
#10354=CARTESIAN_POINT('Ctrl Pts',(40.9326947186088,-1.09999999999999,0.837112383735139));
#10355=CARTESIAN_POINT('Ctrl Pts',(40.9127017404121,-0.899999999999993,
0.838823458355122));
#10356=CARTESIAN_POINT('Ctrl Pts',(40.9127017404121,-1.09999999999999,0.838823458355122));
#10357=CARTESIAN_POINT('Ctrl Pts',(40.872861240586,-0.899999999999993,0.842233158872445));
#10358=CARTESIAN_POINT('Ctrl Pts',(40.872861240586,-1.09999999999999,0.842233158872445));
#10359=CARTESIAN_POINT('Ctrl Pts',(40.8412208338023,-0.899999999999993,
0.866669939189626));
#10360=CARTESIAN_POINT('Ctrl Pts',(40.8412208338023,-1.09999999999999,0.866669939189626));
#10361=CARTESIAN_POINT('Ctrl Pts',(40.8254583895372,-0.899999999999993,
0.878843720342394));
#10362=CARTESIAN_POINT('Ctrl Pts',(40.8254583895372,-1.09999999999999,0.878843720342394));
#10363=CARTESIAN_POINT('',(40.9326947186088,-0.899999999999993,0.837112383735139));
#10364=CARTESIAN_POINT('Ctrl Pts',(40.8254583895372,-0.899999999999993,
0.878843720342394));
#10365=CARTESIAN_POINT('Ctrl Pts',(40.8412208338023,-0.899999999999993,
0.866669939189626));
#10366=CARTESIAN_POINT('Ctrl Pts',(40.872861240586,-0.899999999999993,0.842233158872445));
#10367=CARTESIAN_POINT('Ctrl Pts',(40.9127017404121,-0.899999999999993,
0.838823458355122));
#10368=CARTESIAN_POINT('Ctrl Pts',(40.9326947186088,-0.899999999999993,
0.837112383735139));
#10369=CARTESIAN_POINT('',(40.9326947186088,-1.09999999999999,0.837112383735139));
#10370=CARTESIAN_POINT('Ctrl Pts',(40.9326947186088,-1.09999999999999,0.837112383735139));
#10371=CARTESIAN_POINT('Ctrl Pts',(40.9127017404121,-1.09999999999999,0.838823458355122));
#10372=CARTESIAN_POINT('Ctrl Pts',(40.872861240586,-1.09999999999999,0.842233158872445));
#10373=CARTESIAN_POINT('Ctrl Pts',(40.8412208338023,-1.09999999999999,0.866669939189626));
#10374=CARTESIAN_POINT('Ctrl Pts',(40.8254583895372,-1.09999999999999,0.878843720342394));
#10375=CARTESIAN_POINT('',(40.9326947186088,-0.899999999999993,0.837112383735139));
#10376=CARTESIAN_POINT('Ctrl Pts',(41.0472851348116,-0.899999999999993,
0.889515682800192));
#10377=CARTESIAN_POINT('Ctrl Pts',(41.0472851348116,-1.09999999999999,0.889515682800192));
#10378=CARTESIAN_POINT('Ctrl Pts',(41.0312330680945,-0.899999999999993,
0.874233850837373));
#10379=CARTESIAN_POINT('Ctrl Pts',(41.0312330680945,-1.09999999999999,0.874233850837373));
#10380=CARTESIAN_POINT('Ctrl Pts',(40.9990619260921,-0.899999999999993,
0.843606393650885));
#10381=CARTESIAN_POINT('Ctrl Pts',(40.9990619260921,-1.09999999999999,0.843606393650885));
#10382=CARTESIAN_POINT('Ctrl Pts',(40.9548478186358,-0.899999999999993,
0.839280057450744));
#10383=CARTESIAN_POINT('Ctrl Pts',(40.9548478186358,-1.09999999999999,0.839280057450744));
#10384=CARTESIAN_POINT('Ctrl Pts',(40.9326947186088,-0.899999999999993,
0.837112383735139));
#10385=CARTESIAN_POINT('Ctrl Pts',(40.9326947186088,-1.09999999999999,0.837112383735139));
#10386=CARTESIAN_POINT('',(41.0472851348116,-0.899999999999993,0.889515682800192));
#10387=CARTESIAN_POINT('Ctrl Pts',(40.9326947186088,-0.899999999999993,
0.837112383735139));
#10388=CARTESIAN_POINT('Ctrl Pts',(40.9548478186358,-0.899999999999993,
0.839280057450744));
#10389=CARTESIAN_POINT('Ctrl Pts',(40.9990619260921,-0.899999999999993,
0.843606393650885));
#10390=CARTESIAN_POINT('Ctrl Pts',(41.0312330680945,-0.899999999999993,
0.874233850837373));
#10391=CARTESIAN_POINT('Ctrl Pts',(41.0472851348116,-0.899999999999993,
0.889515682800192));
#10392=CARTESIAN_POINT('',(41.0472851348116,-1.09999999999999,0.889515682800192));
#10393=CARTESIAN_POINT('Ctrl Pts',(41.0472851348116,-1.09999999999999,0.889515682800192));
#10394=CARTESIAN_POINT('Ctrl Pts',(41.0312330680945,-1.09999999999999,0.874233850837373));
#10395=CARTESIAN_POINT('Ctrl Pts',(40.9990619260921,-1.09999999999999,0.843606393650885));
#10396=CARTESIAN_POINT('Ctrl Pts',(40.9548478186358,-1.09999999999999,0.839280057450744));
#10397=CARTESIAN_POINT('Ctrl Pts',(40.9326947186088,-1.09999999999999,0.837112383735139));
#10398=CARTESIAN_POINT('',(41.0472851348116,-0.899999999999993,0.889515682800192));
#10399=CARTESIAN_POINT('Ctrl Pts',(41.0931021903256,-0.899999999999993,
1.04750295343274));
#10400=CARTESIAN_POINT('Ctrl Pts',(41.0931021903256,-1.09999999999999,1.04750295343274));
#10401=CARTESIAN_POINT('Ctrl Pts',(41.0921743789624,-0.899999999999993,
1.01597615940847));
#10402=CARTESIAN_POINT('Ctrl Pts',(41.0921743789624,-1.09999999999999,1.01597615940847));
#10403=CARTESIAN_POINT('Ctrl Pts',(41.0905000208067,-0.899999999999993,
0.959081895351106));
#10404=CARTESIAN_POINT('Ctrl Pts',(41.0905000208067,-1.09999999999999,0.959081895351106));
#10405=CARTESIAN_POINT('Ctrl Pts',(41.060611529369,-0.899999999999993,0.910968170177384));
#10406=CARTESIAN_POINT('Ctrl Pts',(41.060611529369,-1.09999999999999,0.910968170177384));
#10407=CARTESIAN_POINT('Ctrl Pts',(41.0472851348116,-0.899999999999993,
0.889515682800192));
#10408=CARTESIAN_POINT('Ctrl Pts',(41.0472851348116,-1.09999999999999,0.889515682800192));
#10409=CARTESIAN_POINT('',(41.0931021903256,-0.899999999999993,1.04750295343274));
#10410=CARTESIAN_POINT('Ctrl Pts',(41.0472851348116,-0.899999999999993,
0.889515682800192));
#10411=CARTESIAN_POINT('Ctrl Pts',(41.060611529369,-0.899999999999993,0.910968170177384));
#10412=CARTESIAN_POINT('Ctrl Pts',(41.0905000208067,-0.899999999999993,
0.959081895351106));
#10413=CARTESIAN_POINT('Ctrl Pts',(41.0921743789624,-0.899999999999993,
1.01597615940847));
#10414=CARTESIAN_POINT('Ctrl Pts',(41.0931021903256,-0.899999999999993,
1.04750295343274));
#10415=CARTESIAN_POINT('',(41.0931021903256,-1.09999999999999,1.04750295343274));
#10416=CARTESIAN_POINT('Ctrl Pts',(41.0931021903256,-1.09999999999999,1.04750295343274));
#10417=CARTESIAN_POINT('Ctrl Pts',(41.0921743789624,-1.09999999999999,1.01597615940847));
#10418=CARTESIAN_POINT('Ctrl Pts',(41.0905000208067,-1.09999999999999,0.959081895351106));
#10419=CARTESIAN_POINT('Ctrl Pts',(41.060611529369,-1.09999999999999,0.910968170177384));
#10420=CARTESIAN_POINT('Ctrl Pts',(41.0472851348116,-1.09999999999999,0.889515682800192));
#10421=CARTESIAN_POINT('',(41.0931021903256,-0.899999999999993,1.04750295343274));
#10422=CARTESIAN_POINT('Ctrl Pts',(41.0472414560586,-0.899999999999993,
1.20465884774583));
#10423=CARTESIAN_POINT('Ctrl Pts',(41.0472414560586,-1.09999999999999,1.20465884774583));
#10424=CARTESIAN_POINT('Ctrl Pts',(41.0605614189105,-0.899999999999993,
1.18383067326953));
#10425=CARTESIAN_POINT('Ctrl Pts',(41.0605614189105,-1.09999999999999,1.18383067326953));
#10426=CARTESIAN_POINT('Ctrl Pts',(41.0909911070127,-0.899999999999993,
1.1362483443922));
#10427=CARTESIAN_POINT('Ctrl Pts',(41.0909911070127,-1.09999999999999,1.1362483443922));
#10428=CARTESIAN_POINT('Ctrl Pts',(41.0923423985462,-0.899999999999993,
1.07944296172205));
#10429=CARTESIAN_POINT('Ctrl Pts',(41.0923423985462,-1.09999999999999,1.07944296172205));
#10430=CARTESIAN_POINT('Ctrl Pts',(41.0931021903256,-0.899999999999993,
1.04750295343274));
#10431=CARTESIAN_POINT('Ctrl Pts',(41.0931021903256,-1.09999999999999,1.04750295343274));
#10432=CARTESIAN_POINT('',(41.0472414560586,-0.899999999999993,1.20465884774583));
#10433=CARTESIAN_POINT('Ctrl Pts',(41.0931021903256,-0.899999999999993,
1.04750295343274));
#10434=CARTESIAN_POINT('Ctrl Pts',(41.0923423985462,-0.899999999999993,
1.07944296172205));
#10435=CARTESIAN_POINT('Ctrl Pts',(41.0909911070127,-0.899999999999993,
1.1362483443922));
#10436=CARTESIAN_POINT('Ctrl Pts',(41.0605614189105,-0.899999999999993,
1.18383067326953));
#10437=CARTESIAN_POINT('Ctrl Pts',(41.0472414560586,-0.899999999999993,
1.20465884774583));
#10438=CARTESIAN_POINT('',(41.0472414560586,-1.09999999999999,1.20465884774583));
#10439=CARTESIAN_POINT('Ctrl Pts',(41.0472414560586,-1.09999999999999,1.20465884774583));
#10440=CARTESIAN_POINT('Ctrl Pts',(41.0605614189105,-1.09999999999999,1.18383067326953));
#10441=CARTESIAN_POINT('Ctrl Pts',(41.0909911070127,-1.09999999999999,1.1362483443922));
#10442=CARTESIAN_POINT('Ctrl Pts',(41.0923423985462,-1.09999999999999,1.07944296172205));
#10443=CARTESIAN_POINT('Ctrl Pts',(41.0931021903256,-1.09999999999999,1.04750295343274));
#10444=CARTESIAN_POINT('',(41.0472414560586,-0.899999999999993,1.20465884774583));
#10445=CARTESIAN_POINT('Ctrl Pts',(40.9252697244106,-0.899999999999993,
1.25457379698771));
#10446=CARTESIAN_POINT('Ctrl Pts',(40.9252697244106,-1.09999999999999,1.25457379698771));
#10447=CARTESIAN_POINT('Ctrl Pts',(40.9491110965597,-0.899999999999993,
1.25278508063982));
#10448=CARTESIAN_POINT('Ctrl Pts',(40.9491110965597,-1.09999999999999,1.25278508063982));
#10449=CARTESIAN_POINT('Ctrl Pts',(40.9952715060237,-0.899999999999993,
1.24932186222615));
#10450=CARTESIAN_POINT('Ctrl Pts',(40.9952715060237,-1.09999999999999,1.24932186222615));
#10451=CARTESIAN_POINT('Ctrl Pts',(41.0303032460022,-0.899999999999993,
1.21921555831625));
#10452=CARTESIAN_POINT('Ctrl Pts',(41.0303032460022,-1.09999999999999,1.21921555831625));
#10453=CARTESIAN_POINT('Ctrl Pts',(41.0472414560586,-0.899999999999993,
1.20465884774583));
#10454=CARTESIAN_POINT('Ctrl Pts',(41.0472414560586,-1.09999999999999,1.20465884774583));
#10455=CARTESIAN_POINT('',(40.9252697244106,-0.899999999999993,1.25457379698771));
#10456=CARTESIAN_POINT('Ctrl Pts',(41.0472414560586,-0.899999999999993,
1.20465884774583));
#10457=CARTESIAN_POINT('Ctrl Pts',(41.0303032460022,-0.899999999999993,
1.21921555831625));
#10458=CARTESIAN_POINT('Ctrl Pts',(40.9952715060237,-0.899999999999993,
1.24932186222615));
#10459=CARTESIAN_POINT('Ctrl Pts',(40.9491110965597,-0.899999999999993,
1.25278508063982));
#10460=CARTESIAN_POINT('Ctrl Pts',(40.9252697244106,-0.899999999999993,
1.25457379698771));
#10461=CARTESIAN_POINT('',(40.9252697244106,-1.09999999999999,1.25457379698771));
#10462=CARTESIAN_POINT('Ctrl Pts',(40.9252697244106,-1.09999999999999,1.25457379698771));
#10463=CARTESIAN_POINT('Ctrl Pts',(40.9491110965597,-1.09999999999999,1.25278508063982));
#10464=CARTESIAN_POINT('Ctrl Pts',(40.9952715060237,-1.09999999999999,1.24932186222615));
#10465=CARTESIAN_POINT('Ctrl Pts',(41.0303032460022,-1.09999999999999,1.21921555831625));
#10466=CARTESIAN_POINT('Ctrl Pts',(41.0472414560586,-1.09999999999999,1.20465884774583));
#10467=CARTESIAN_POINT('',(40.9252697244106,-0.899999999999993,1.25457379698771));
#10468=CARTESIAN_POINT('Ctrl Pts',(40.8319577716654,-0.899999999999993,
1.23082286693295));
#10469=CARTESIAN_POINT('Ctrl Pts',(40.8319577716654,-1.09999999999999,1.23082286693295));
#10470=CARTESIAN_POINT('Ctrl Pts',(40.8469867286473,-0.899999999999993,
1.23774821234492));
#10471=CARTESIAN_POINT('Ctrl Pts',(40.8469867286473,-1.09999999999999,1.23774821234492));
#10472=CARTESIAN_POINT('Ctrl Pts',(40.876638400718,-0.899999999999993,1.25141170684949));
#10473=CARTESIAN_POINT('Ctrl Pts',(40.876638400718,-1.09999999999999,1.25141170684949));
#10474=CARTESIAN_POINT('Ctrl Pts',(40.9092080229084,-0.899999999999993,
1.25352943824798));
#10475=CARTESIAN_POINT('Ctrl Pts',(40.9092080229084,-1.09999999999999,1.25352943824798));
#10476=CARTESIAN_POINT('Ctrl Pts',(40.9252697244106,-0.899999999999993,
1.25457379698771));
#10477=CARTESIAN_POINT('Ctrl Pts',(40.9252697244106,-1.09999999999999,1.25457379698771));
#10478=CARTESIAN_POINT('',(40.8319577716654,-0.899999999999993,1.23082286693295));
#10479=CARTESIAN_POINT('Ctrl Pts',(40.9252697244106,-0.899999999999993,
1.25457379698771));
#10480=CARTESIAN_POINT('Ctrl Pts',(40.9092080229084,-0.899999999999993,
1.25352943824798));
#10481=CARTESIAN_POINT('Ctrl Pts',(40.876638400718,-0.899999999999993,1.25141170684949));
#10482=CARTESIAN_POINT('Ctrl Pts',(40.8469867286473,-0.899999999999993,
1.23774821234492));
#10483=CARTESIAN_POINT('Ctrl Pts',(40.8319577716654,-0.899999999999993,
1.23082286693295));
#10484=CARTESIAN_POINT('',(40.8319577716654,-1.09999999999999,1.23082286693295));
#10485=CARTESIAN_POINT('Ctrl Pts',(40.8319577716654,-1.09999999999999,1.23082286693295));
#10486=CARTESIAN_POINT('Ctrl Pts',(40.8469867286473,-1.09999999999999,1.23774821234492));
#10487=CARTESIAN_POINT('Ctrl Pts',(40.876638400718,-1.09999999999999,1.25141170684949));
#10488=CARTESIAN_POINT('Ctrl Pts',(40.9092080229084,-1.09999999999999,1.25352943824798));
#10489=CARTESIAN_POINT('Ctrl Pts',(40.9252697244106,-1.09999999999999,1.25457379698771));
#10490=CARTESIAN_POINT('',(40.8319577716654,-0.899999999999993,1.23082286693295));
#10491=CARTESIAN_POINT('Ctrl Pts',(40.7582968418945,-0.899999999999993,
1.16860239512975));
#10492=CARTESIAN_POINT('Ctrl Pts',(40.7582968418945,-1.09999999999999,1.16860239512975));
#10493=CARTESIAN_POINT('Ctrl Pts',(40.7705454476633,-0.899999999999993,
1.18198561990586));
#10494=CARTESIAN_POINT('Ctrl Pts',(40.7705454476633,-1.09999999999999,1.18198561990586));
#10495=CARTESIAN_POINT('Ctrl Pts',(40.7924547381117,-0.899999999999993,
1.2059244227616));
#10496=CARTESIAN_POINT('Ctrl Pts',(40.7924547381117,-1.09999999999999,1.2059244227616));
#10497=CARTESIAN_POINT('Ctrl Pts',(40.819869502685,-0.899999999999993,1.22320372826789));
#10498=CARTESIAN_POINT('Ctrl Pts',(40.819869502685,-1.09999999999999,1.22320372826789));
#10499=CARTESIAN_POINT('Ctrl Pts',(40.8319577716654,-0.899999999999993,
1.23082286693295));
#10500=CARTESIAN_POINT('Ctrl Pts',(40.8319577716654,-1.09999999999999,1.23082286693295));
#10501=CARTESIAN_POINT('',(40.7582968418945,-0.899999999999993,1.16860239512975));
#10502=CARTESIAN_POINT('Ctrl Pts',(40.8319577716654,-0.899999999999993,
1.23082286693295));
#10503=CARTESIAN_POINT('Ctrl Pts',(40.819869502685,-0.899999999999993,1.22320372826789));
#10504=CARTESIAN_POINT('Ctrl Pts',(40.7924547381117,-0.899999999999993,
1.2059244227616));
#10505=CARTESIAN_POINT('Ctrl Pts',(40.7705454476633,-0.899999999999993,
1.18198561990586));
#10506=CARTESIAN_POINT('Ctrl Pts',(40.7582968418945,-0.899999999999993,
1.16860239512975));
#10507=CARTESIAN_POINT('',(40.7582968418945,-1.09999999999999,1.16860239512975));
#10508=CARTESIAN_POINT('Ctrl Pts',(40.7582968418945,-1.09999999999999,1.16860239512975));
#10509=CARTESIAN_POINT('Ctrl Pts',(40.7705454476633,-1.09999999999999,1.18198561990586));
#10510=CARTESIAN_POINT('Ctrl Pts',(40.7924547381117,-1.09999999999999,1.2059244227616));
#10511=CARTESIAN_POINT('Ctrl Pts',(40.819869502685,-1.09999999999999,1.22320372826789));
#10512=CARTESIAN_POINT('Ctrl Pts',(40.8319577716654,-1.09999999999999,1.23082286693295));
#10513=CARTESIAN_POINT('',(40.7582968418945,-0.899999999999993,1.16860239512975));
#10514=CARTESIAN_POINT('Origin',(40.4742529859642,-0.899999999999993,1.20949085448341));
#10515=CARTESIAN_POINT('',(40.4742529859642,-0.899999999999993,1.20949085448341));
#10516=CARTESIAN_POINT('',(35.6012678625296,-0.899999999999994,1.910963003909));
#10517=CARTESIAN_POINT('',(40.4742529859642,-1.09999999999999,1.20949085448341));
#10518=CARTESIAN_POINT('',(40.7582968418945,-1.09999999999999,1.16860239512975));
#10519=CARTESIAN_POINT('',(40.4742529859642,-0.899999999999993,1.20949085448341));
#10520=CARTESIAN_POINT('Origin',(40.5797567898077,-0.899999999999993,1.85452586409221));
#10521=CARTESIAN_POINT('',(40.6656664075336,-0.899999999999992,2.37976485147044));
#10522=CARTESIAN_POINT('',(40.4742529859642,-1.09999999999999,1.20949085448341));
#10523=CARTESIAN_POINT('Origin',(37.902382574803,-1.09999999999999,1.25407763701504));
#10524=CARTESIAN_POINT('Origin',(36.0457869244035,-0.899999999999994,1.85389745715768));
#10525=CARTESIAN_POINT('',(35.5579287975615,-0.899999999999994,1.85382984015997));
#10526=CARTESIAN_POINT('',(36.0457869244035,-0.899999999999994,1.85389745715768));
#10527=CARTESIAN_POINT('',(33.5230768851928,-0.899999999999994,1.85354781026334));
#10528=CARTESIAN_POINT('',(35.5579287975615,-1.09999999999999,1.85382984015997));
#10529=CARTESIAN_POINT('',(35.5579287975615,-0.899999999999994,1.85382984015997));
#10530=CARTESIAN_POINT('',(36.0457869244035,-1.09999999999999,1.85389745715768));
#10531=CARTESIAN_POINT('',(35.5579287975615,-1.09999999999999,1.85382984015997));
#10532=CARTESIAN_POINT('',(36.0457869244035,-0.899999999999994,1.85389745715768));
#10533=CARTESIAN_POINT('Origin',(36.2341555011923,-0.899999999999994,1.12377343950563));
#10534=CARTESIAN_POINT('',(36.2341555011923,-0.899999999999994,1.12377343950563));
#10535=CARTESIAN_POINT('',(35.6624846596003,-0.899999999999993,3.33959212196935));
#10536=CARTESIAN_POINT('',(36.2341555011923,-1.09999999999999,1.12377343950563));
#10537=CARTESIAN_POINT('',(36.0457869244035,-1.09999999999999,1.85389745715768));
#10538=CARTESIAN_POINT('',(36.2341555011923,-0.899999999999994,1.12377343950563));
#10539=CARTESIAN_POINT('Origin',(36.4215031600087,-0.899999999999994,1.85394953132113));
#10540=CARTESIAN_POINT('',(36.4215031600087,-0.899999999999994,1.85394953132113));
#10541=CARTESIAN_POINT('',(36.5725626989381,-0.899999999999993,2.44269488561953));
#10542=CARTESIAN_POINT('',(36.4215031600087,-1.09999999999999,1.85394953132113));
#10543=CARTESIAN_POINT('',(36.2341555011923,-1.09999999999999,1.12377343950563));
#10544=CARTESIAN_POINT('',(36.4215031600087,-0.899999999999994,1.85394953132113));
#10545=CARTESIAN_POINT('Origin',(36.9077241707919,-0.899999999999993,1.85401692141501));
#10546=CARTESIAN_POINT('',(36.9077241707919,-0.899999999999993,1.85401692141501));
#10547=CARTESIAN_POINT('',(33.9540455083871,-0.899999999999994,1.85360754239201));
#10548=CARTESIAN_POINT('',(36.9077241707919,-1.09999999999999,1.85401692141501));
#10549=CARTESIAN_POINT('',(36.4215031600087,-1.09999999999999,1.85394953132113));
#10550=CARTESIAN_POINT('',(36.9077241707919,-0.899999999999993,1.85401692141501));
#10551=CARTESIAN_POINT('Origin',(36.9078904904455,-0.899999999999994,0.654016959763033));
#10552=CARTESIAN_POINT('',(36.9078904904455,-0.899999999999994,0.654016959763033));
#10553=CARTESIAN_POINT('',(36.9076239076276,-0.899999999999993,2.57741785890453));
#10554=CARTESIAN_POINT('',(36.9078904904455,-1.09999999999999,0.654016959763033));
#10555=CARTESIAN_POINT('',(36.9077241707919,-1.09999999999999,1.85401692141501));
#10556=CARTESIAN_POINT('',(36.9078904904455,-0.899999999999994,0.654016959763033));
#10557=CARTESIAN_POINT('Origin',(36.6050255841825,-0.899999999999994,0.653974982773116));
#10558=CARTESIAN_POINT('',(36.6050255841825,-0.899999999999994,0.653974982773116));
#10559=CARTESIAN_POINT('',(33.8027793749091,-0.899999999999994,0.65358659224507));
#10560=CARTESIAN_POINT('',(36.6050255841825,-1.09999999999999,0.653974982773116));
#10561=CARTESIAN_POINT('',(36.9078904904455,-1.09999999999999,0.654016959763032));
#10562=CARTESIAN_POINT('',(36.6050255841825,-0.899999999999994,0.653974982773116));
#10563=CARTESIAN_POINT('Origin',(36.6048987455871,-0.899999999999994,1.56911824030345));
#10564=CARTESIAN_POINT('',(36.6048987455871,-0.899999999999994,1.56911824030345));
#10565=CARTESIAN_POINT('',(36.6046955820669,-0.899999999999993,3.03494751067978));
#10566=CARTESIAN_POINT('',(36.6048987455871,-1.09999999999999,1.56911824030345));
#10567=CARTESIAN_POINT('',(36.6050255841825,-1.09999999999999,0.653974982773116));
#10568=CARTESIAN_POINT('',(36.6048987455871,-0.899999999999994,1.56911824030345));
#10569=CARTESIAN_POINT('Origin',(36.3701005845792,-0.899999999999994,0.653942422234951));
#10570=CARTESIAN_POINT('',(36.3701005845792,-0.899999999999994,0.653942422234951));
#10571=CARTESIAN_POINT('',(36.667180288093,-0.899999999999993,1.81187381116781));
#10572=CARTESIAN_POINT('',(36.3701005845792,-1.09999999999999,0.653942422234951));
#10573=CARTESIAN_POINT('',(36.6048987455871,-1.09999999999999,1.56911824030345));
#10574=CARTESIAN_POINT('',(36.3701005845792,-0.899999999999994,0.653942422234951));
#10575=CARTESIAN_POINT('Origin',(36.0958850975871,-0.899999999999994,0.653904416046401));
#10576=CARTESIAN_POINT('',(36.0958850975871,-0.899999999999994,0.653904416046401));
#10577=CARTESIAN_POINT('',(33.5482091316114,-0.899999999999994,0.653551308881713));
#10578=CARTESIAN_POINT('',(36.0958850975871,-1.09999999999999,0.653904416046401));
#10579=CARTESIAN_POINT('',(36.3701005845792,-1.09999999999999,0.65394242223495));
#10580=CARTESIAN_POINT('',(36.0958850975871,-0.899999999999994,0.653904416046401));
#10581=CARTESIAN_POINT('Origin',(35.8616517801651,-0.899999999999994,1.56901522648531));
#10582=CARTESIAN_POINT('',(35.8616517801651,-0.899999999999994,1.56901522648531));
#10583=CARTESIAN_POINT('',(35.3601401518096,-0.899999999999993,3.52833816875461));
#10584=CARTESIAN_POINT('',(35.8616517801651,-1.09999999999999,1.56901522648531));
#10585=CARTESIAN_POINT('',(36.0958850975871,-1.09999999999999,0.653904416046401));
#10586=CARTESIAN_POINT('',(35.8616517801651,-0.899999999999994,1.56901522648531));
#10587=CARTESIAN_POINT('Origin',(35.8617786187604,-0.899999999999994,0.653871968954983));
#10588=CARTESIAN_POINT('',(35.8617786187604,-0.899999999999994,0.653871968954982));
#10589=CARTESIAN_POINT('',(35.8615120359425,-0.899999999999993,2.57727286809648));
#10590=CARTESIAN_POINT('',(35.8617786187604,-1.09999999999999,0.653871968954982));
#10591=CARTESIAN_POINT('',(35.8616517801651,-1.09999999999999,1.56901522648531));
#10592=CARTESIAN_POINT('',(35.8617786187604,-0.899999999999994,0.653871968954982));
#10593=CARTESIAN_POINT('Origin',(35.558095117215,-0.899999999999994,0.653829878507992));
#10594=CARTESIAN_POINT('',(35.558095117215,-0.899999999999994,0.653829878507992));
#10595=CARTESIAN_POINT('',(33.2793141414254,-0.899999999999995,0.653514040112508));
#10596=CARTESIAN_POINT('',(35.558095117215,-1.09999999999999,0.653829878507992));
#10597=CARTESIAN_POINT('',(35.8617786187604,-1.09999999999999,0.653871968954982));
#10598=CARTESIAN_POINT('',(35.558095117215,-0.899999999999994,0.653829878507992));
#10599=CARTESIAN_POINT('Origin',(35.5579287975615,-0.899999999999994,1.85382984015997));
#10600=CARTESIAN_POINT('',(35.5577453745704,-0.899999999999993,3.17723075847548));
#10601=CARTESIAN_POINT('',(35.558095117215,-1.09999999999999,0.653829878507993));
#10602=CARTESIAN_POINT('Origin',(37.902382574803,-1.09999999999999,1.25407763701504));
#10603=CARTESIAN_POINT('Origin',(36.8385068243054,-0.899999999999992,8.26545052095744));
#10604=CARTESIAN_POINT('',(37.2674290006665,-0.899999999999992,7.06545054777953));
#10605=CARTESIAN_POINT('',(36.8385068243054,-0.899999999999992,8.26545052095744));
#10606=CARTESIAN_POINT('',(37.1045108762891,-0.899999999999992,7.52124825574985));
#10607=CARTESIAN_POINT('',(37.2674290006665,-1.09999999999999,7.06545054777953));
#10608=CARTESIAN_POINT('',(37.2674290006665,-0.899999999999992,7.06545054777953));
#10609=CARTESIAN_POINT('',(36.8385068243054,-1.09999999999999,8.26545052095744));
#10610=CARTESIAN_POINT('',(37.2674290006665,-1.09999999999999,7.06545054777953));
#10611=CARTESIAN_POINT('',(36.8385068243054,-0.899999999999992,8.26545052095744));
#10612=CARTESIAN_POINT('Origin',(37.1012625759152,-0.899999999999992,8.26545052095744));
#10613=CARTESIAN_POINT('',(37.1012625759152,-0.899999999999992,8.26545052095744));
#10614=CARTESIAN_POINT('',(34.0506312879576,-0.899999999999993,8.26545052095744));
#10615=CARTESIAN_POINT('',(37.1012625759152,-1.09999999999999,8.26545052095744));
#10616=CARTESIAN_POINT('',(36.8385068243054,-1.09999999999999,8.26545052095744));
#10617=CARTESIAN_POINT('',(37.1012625759152,-0.899999999999992,8.26545052095744));
#10618=CARTESIAN_POINT('Origin',(37.4049461548832,-0.899999999999992,7.37731955810877));
#10619=CARTESIAN_POINT('',(37.4049461548832,-0.899999999999992,7.37731955810877));
#10620=CARTESIAN_POINT('',(37.5101425937467,-0.899999999999992,7.0696696849957));
#10621=CARTESIAN_POINT('',(37.4049461548832,-1.09999999999999,7.37731955810877));
#10622=CARTESIAN_POINT('',(37.1012625759152,-1.09999999999999,8.26545052095744));
#10623=CARTESIAN_POINT('',(37.4049461548832,-0.899999999999992,7.37731955810877));
#10624=CARTESIAN_POINT('Origin',(37.6988068883923,-0.899999999999992,8.26545052095744));
#10625=CARTESIAN_POINT('',(37.6988068883923,-0.899999999999992,8.26545052095744));
#10626=CARTESIAN_POINT('',(36.806824398799,-0.899999999999993,5.56962499208598));
#10627=CARTESIAN_POINT('',(37.6988068883923,-1.09999999999999,8.26545052095744));
#10628=CARTESIAN_POINT('',(37.4049461548832,-1.09999999999999,7.37731955810877));
#10629=CARTESIAN_POINT('',(37.6988068883923,-0.899999999999992,8.26545052095744));
#10630=CARTESIAN_POINT('Origin',(37.9558328454999,-0.899999999999992,8.26545052095744));
#10631=CARTESIAN_POINT('',(37.9558328454999,-0.899999999999992,8.26545052095744));
#10632=CARTESIAN_POINT('',(34.4779164227499,-0.899999999999992,8.26545052095744));
#10633=CARTESIAN_POINT('',(37.9558328454999,-1.09999999999999,8.26545052095744));
#10634=CARTESIAN_POINT('',(37.6988068883923,-1.09999999999999,8.26545052095744));
#10635=CARTESIAN_POINT('',(37.9558328454999,-0.899999999999992,8.26545052095744));
#10636=CARTESIAN_POINT('Origin',(37.5260919993428,-0.899999999999992,7.06545054777953));
#10637=CARTESIAN_POINT('',(37.5260919993428,-0.899999999999992,7.06545054777953));
#10638=CARTESIAN_POINT('',(36.7480312530517,-0.899999999999993,4.89280886610233));
#10639=CARTESIAN_POINT('',(37.5260919993428,-1.09999999999999,7.06545054777953));
#10640=CARTESIAN_POINT('',(37.9558328454999,-1.09999999999999,8.26545052095744));
#10641=CARTESIAN_POINT('',(37.5260919993428,-0.899999999999992,7.06545054777953));
#10642=CARTESIAN_POINT('Origin',(37.2674290006665,-0.899999999999992,7.06545054777953));
#10643=CARTESIAN_POINT('',(34.1337145003332,-0.899999999999993,7.06545054777953));
#10644=CARTESIAN_POINT('',(37.5260919993428,-1.09999999999999,7.06545054777953));
#10645=CARTESIAN_POINT('Origin',(38.0986702590865,-1.09999999999999,7.66545049711558));
#10646=CARTESIAN_POINT('Origin',(34.5408260458765,-0.899999999999992,8.26545052095744));
#10647=CARTESIAN_POINT('',(34.5408260458765,-0.899999999999993,7.06545054777953));
#10648=CARTESIAN_POINT('',(34.5408260458765,-0.899999999999993,8.26545052095744));
#10649=CARTESIAN_POINT('',(34.5408260458765,-0.899999999999993,6.38272526047872));
#10650=CARTESIAN_POINT('',(34.5408260458765,-1.09999999999999,7.06545054777953));
#10651=CARTESIAN_POINT('',(34.5408260458765,-0.899999999999993,7.06545054777953));
#10652=CARTESIAN_POINT('',(34.5408260458765,-1.09999999999999,8.26545052095744));
#10653=CARTESIAN_POINT('',(34.5408260458765,-1.09999999999999,7.06545054777953));
#10654=CARTESIAN_POINT('',(34.5408260458765,-0.899999999999993,8.26545052095744));
#10655=CARTESIAN_POINT('Origin',(34.7831179862526,-0.899999999999993,8.26545052095744));
#10656=CARTESIAN_POINT('',(34.7831179862526,-0.899999999999992,8.26545052095744));
#10657=CARTESIAN_POINT('',(32.8915589931263,-0.899999999999993,8.26545052095744));
#10658=CARTESIAN_POINT('',(34.7831179862526,-1.09999999999999,8.26545052095744));
#10659=CARTESIAN_POINT('',(34.5408260458765,-1.09999999999999,8.26545052095744));
#10660=CARTESIAN_POINT('',(34.7831179862526,-0.899999999999992,8.26545052095744));
#10661=CARTESIAN_POINT('Origin',(34.7831179862526,-0.899999999999993,7.79314495488497));
#10662=CARTESIAN_POINT('',(34.7831179862526,-0.899999999999993,7.79314495488497));
#10663=CARTESIAN_POINT('',(34.7831179862526,-0.899999999999993,6.14657247744249));
#10664=CARTESIAN_POINT('',(34.7831179862526,-1.09999999999999,7.79314495488497));
#10665=CARTESIAN_POINT('',(34.7831179862526,-1.09999999999999,8.26545052095744));
#10666=CARTESIAN_POINT('',(34.7831179862526,-0.899999999999993,7.79314495488497));
#10667=CARTESIAN_POINT('Origin',(35.2578791891841,-0.899999999999992,7.79314495488497));
#10668=CARTESIAN_POINT('',(35.2578791891841,-0.899999999999992,7.79314495488497));
#10669=CARTESIAN_POINT('',(33.128939594592,-0.899999999999993,7.79314495488497));
#10670=CARTESIAN_POINT('',(35.2578791891841,-1.09999999999999,7.79314495488497));
#10671=CARTESIAN_POINT('',(34.7831179862526,-1.09999999999999,7.79314495488497));
#10672=CARTESIAN_POINT('',(35.2578791891841,-0.899999999999992,7.79314495488497));
#10673=CARTESIAN_POINT('Origin',(35.2578791891841,-0.899999999999992,8.26545052095744));
#10674=CARTESIAN_POINT('',(35.2578791891841,-0.899999999999992,8.26545052095744));
#10675=CARTESIAN_POINT('',(35.2578791891841,-0.899999999999993,6.38272526047872));
#10676=CARTESIAN_POINT('',(35.2578791891841,-1.09999999999999,8.26545052095744));
#10677=CARTESIAN_POINT('',(35.2578791891841,-1.09999999999999,7.79314495488497));
#10678=CARTESIAN_POINT('',(35.2578791891841,-0.899999999999992,8.26545052095744));
#10679=CARTESIAN_POINT('Origin',(35.5001711761263,-0.899999999999992,8.26545052095744));
#10680=CARTESIAN_POINT('',(35.5001711761263,-0.899999999999992,8.26545052095744));
#10681=CARTESIAN_POINT('',(33.2500855880632,-0.899999999999993,8.26545052095744));
#10682=CARTESIAN_POINT('',(35.5001711761263,-1.09999999999999,8.26545052095744));
#10683=CARTESIAN_POINT('',(35.2578791891841,-1.09999999999999,8.26545052095744));
#10684=CARTESIAN_POINT('',(35.5001711761263,-0.899999999999992,8.26545052095744));
#10685=CARTESIAN_POINT('Origin',(35.5001711761263,-0.899999999999993,7.06545054777953));
#10686=CARTESIAN_POINT('',(35.5001711761263,-0.899999999999993,7.06545054777953));
#10687=CARTESIAN_POINT('',(35.5001711761263,-0.899999999999993,5.78272527388976));
#10688=CARTESIAN_POINT('',(35.5001711761263,-1.09999999999999,7.06545054777953));
#10689=CARTESIAN_POINT('',(35.5001711761263,-1.09999999999999,8.26545052095744));
#10690=CARTESIAN_POINT('',(35.5001711761263,-0.899999999999993,7.06545054777953));
#10691=CARTESIAN_POINT('Origin',(35.2578791891841,-0.899999999999993,7.06545054777953));
#10692=CARTESIAN_POINT('',(35.2578791891841,-0.899999999999993,7.06545054777953));
#10693=CARTESIAN_POINT('',(33.128939594592,-0.899999999999993,7.06545054777953));
#10694=CARTESIAN_POINT('',(35.2578791891841,-1.09999999999999,7.06545054777953));
#10695=CARTESIAN_POINT('',(35.5001711761263,-1.09999999999999,7.06545054777953));
#10696=CARTESIAN_POINT('',(35.2578791891841,-0.899999999999993,7.06545054777953));
#10697=CARTESIAN_POINT('Origin',(35.2578791891841,-0.899999999999992,7.59014360472056));
#10698=CARTESIAN_POINT('',(35.2578791891841,-0.899999999999992,7.59014360472056));
#10699=CARTESIAN_POINT('',(35.2578791891841,-0.899999999999993,6.04507180236028));
#10700=CARTESIAN_POINT('',(35.2578791891841,-1.09999999999999,7.59014360472056));
#10701=CARTESIAN_POINT('',(35.2578791891841,-1.09999999999999,7.06545054777953));
#10702=CARTESIAN_POINT('',(35.2578791891841,-0.899999999999992,7.59014360472056));
#10703=CARTESIAN_POINT('Origin',(34.7831179862526,-0.899999999999993,7.59014360472056));
#10704=CARTESIAN_POINT('',(34.7831179862526,-0.899999999999993,7.59014360472056));
#10705=CARTESIAN_POINT('',(32.8915589931263,-0.899999999999993,7.59014360472056));
#10706=CARTESIAN_POINT('',(34.7831179862526,-1.09999999999999,7.59014360472056));
#10707=CARTESIAN_POINT('',(35.2578791891841,-1.09999999999999,7.59014360472056));
#10708=CARTESIAN_POINT('',(34.7831179862526,-0.899999999999993,7.59014360472056));
#10709=CARTESIAN_POINT('Origin',(34.7831179862526,-0.899999999999993,7.06545054777953));
#10710=CARTESIAN_POINT('',(34.7831179862526,-0.899999999999993,7.06545054777953));
#10711=CARTESIAN_POINT('',(34.7831179862526,-0.899999999999993,5.78272527388976));
#10712=CARTESIAN_POINT('',(34.7831179862526,-1.09999999999999,7.06545054777953));
#10713=CARTESIAN_POINT('',(34.7831179862526,-1.09999999999999,7.59014360472056));
#10714=CARTESIAN_POINT('',(34.7831179862526,-0.899999999999993,7.06545054777953));
#10715=CARTESIAN_POINT('Origin',(34.5408260458765,-0.899999999999993,7.06545054777953));
#10716=CARTESIAN_POINT('',(32.7704130229382,-0.899999999999993,7.06545054777953));
#10717=CARTESIAN_POINT('',(34.7831179862526,-1.09999999999999,7.06545054777953));
#10718=CARTESIAN_POINT('Origin',(38.0986702590865,-1.09999999999999,7.66545049711558));
#10719=CARTESIAN_POINT('Origin',(31.,-0.899999999999994,4.5));
#10720=CARTESIAN_POINT('',(62.,-0.899999999999988,1.11022302462516E-15));
#10721=CARTESIAN_POINT('',(62.,-0.899999999999986,9.));
#10722=CARTESIAN_POINT('',(62.,-0.899999999999987,4.5));
#10723=CARTESIAN_POINT('',(-2.46469511466785E-15,-0.9,9.));
#10724=CARTESIAN_POINT('',(31.,-0.899999999999993,9.));
#10725=CARTESIAN_POINT('',(-2.46469511466785E-15,-0.900000000000002,1.11022302462516E-15));
#10726=CARTESIAN_POINT('',(-2.46469511466785E-15,-0.900000000000001,4.5));
#10727=CARTESIAN_POINT('',(31.,-0.899999999999995,1.11022302462516E-15));
#10728=CARTESIAN_POINT('',(60.021,-0.899999999999987,3.6));
#10729=CARTESIAN_POINT('Origin',(60.021,-0.899999999999988,2.5));
#10730=CARTESIAN_POINT('',(60.021,-0.899999999999987,7.6));
#10731=CARTESIAN_POINT('Origin',(60.021,-0.899999999999987,6.5));
#10732=CARTESIAN_POINT('',(9.69981331678107,-0.899999999999999,3.09996174445146));
#10733=CARTESIAN_POINT('',(10.1998133167811,-0.899999999999999,3.09996174445146));
#10734=CARTESIAN_POINT('',(20.3499066583905,-0.899999999999997,3.09996174445146));
#10735=CARTESIAN_POINT('',(10.1998133167811,-0.9,0.899961744451457));
#10736=CARTESIAN_POINT('Origin',(10.1998133167811,-0.899999999999999,1.99996174445146));
#10737=CARTESIAN_POINT('',(9.69981331678107,-0.9,0.899961744451457));
#10738=CARTESIAN_POINT('',(20.5999066583905,-0.899999999999997,0.899961744451457));
#10739=CARTESIAN_POINT('Origin',(9.69981331678107,-0.899999999999999,1.99996174445146));
#10740=CARTESIAN_POINT('Origin',(31.,-0.899999999999994,4.5));
#10741=CARTESIAN_POINT('Origin',(31.,-0.899999999999994,4.5));
#10742=CARTESIAN_POINT('Origin',(31.,-0.899999999999994,4.5));
#10743=CARTESIAN_POINT('Origin',(31.,-0.899999999999994,4.5));
#10744=CARTESIAN_POINT('Origin',(62.,-0.399999999999987,4.5));
#10745=CARTESIAN_POINT('',(62.,1.17683640610267E-14,1.11022302462516E-15));
#10746=CARTESIAN_POINT('',(62.,-0.399999999999988,1.11022302462516E-15));
#10747=CARTESIAN_POINT('',(62.,1.37667655053519E-14,9.));
#10748=CARTESIAN_POINT('',(62.,1.27675647831893E-14,4.5));
#10749=CARTESIAN_POINT('',(62.,-0.399999999999986,9.));
#10750=CARTESIAN_POINT('Origin',(31.,-0.399999999999993,9.));
#10751=CARTESIAN_POINT('',(-2.66453525910038E-15,0.,9.));
#10752=CARTESIAN_POINT('',(31.,6.88338275267597E-15,9.));
#10753=CARTESIAN_POINT('',(-2.57571741713036E-15,-0.4,9.));
#10754=CARTESIAN_POINT('Origin',(-2.57571741713036E-15,-0.400000000000001,
4.5));
#10755=CARTESIAN_POINT('',(-2.66453525910038E-15,-1.99840144432528E-15,
1.11022302462516E-15));
#10756=CARTESIAN_POINT('',(-2.66453525910038E-15,-9.99200722162641E-16,
4.5));
#10757=CARTESIAN_POINT('',(-2.57571741713036E-15,-0.400000000000002,1.11022302462516E-15));
#10758=CARTESIAN_POINT('Origin',(31.,-0.399999999999995,1.11022302462516E-15));
#10759=CARTESIAN_POINT('',(31.,4.88498130835069E-15,1.11022302462516E-15));
#10760=CARTESIAN_POINT('Origin',(60.021,5.10000000000001,6.5));
#10761=CARTESIAN_POINT('',(60.021,1.30164767853103E-14,7.6));
#10762=CARTESIAN_POINT('',(60.021,5.10000000000001,7.6));
#10763=CARTESIAN_POINT('Origin',(60.021,1.27722277198927E-14,6.5));
#10764=CARTESIAN_POINT('Origin',(60.021,5.10000000000001,2.5));
#10765=CARTESIAN_POINT('',(60.021,1.21282983656101E-14,3.6));
#10766=CARTESIAN_POINT('',(60.021,5.10000000000001,3.6));
#10767=CARTESIAN_POINT('Origin',(60.021,1.18840493001926E-14,2.5));
#10768=CARTESIAN_POINT('Origin',(31.,-0.899999999999994,4.5));
#10769=CARTESIAN_POINT('Origin',(31.,5.88418203051333E-15,4.5));
#10770=CARTESIAN_POINT('',(10.1998133167811,9.5474185473788E-16,3.09996174445146));
#10771=CARTESIAN_POINT('',(9.69981331678107,8.43719552275364E-16,3.09996174445146));
#10772=CARTESIAN_POINT('',(20.3499066583905,3.20851532072774E-15,3.09996174445146));
#10773=CARTESIAN_POINT('',(9.69981331678107,3.55221421440295E-16,0.899961744451457));
#10774=CARTESIAN_POINT('Origin',(9.69981331678107,5.9947048685783E-16,1.99996174445146));
#10775=CARTESIAN_POINT('',(10.1998133167811,4.6624372390281E-16,0.899961744451457));
#10776=CARTESIAN_POINT('',(20.5999066583905,2.77552834112393E-15,0.899961744451457));
#10777=CARTESIAN_POINT('Origin',(10.1998133167811,7.10492789320345E-16,
1.99996174445146));
#10778=CARTESIAN_POINT('Origin',(9.69981331678107,-1.4,1.99996174445146));
#10779=CARTESIAN_POINT('',(9.69981331678107,-1.4,3.09996174445146));
#10780=CARTESIAN_POINT('',(9.69981331678107,-1.4,0.899961744451457));
#10781=CARTESIAN_POINT('Origin',(9.69981331678107,-1.4,3.09996174445146));
#10782=CARTESIAN_POINT('',(10.1998133167811,-1.4,3.09996174445146));
#10783=CARTESIAN_POINT('Origin',(10.1998133167811,-1.4,1.99996174445146));
#10784=CARTESIAN_POINT('',(10.1998133167811,-1.4,0.899961744451457));
#10785=CARTESIAN_POINT('Origin',(10.1998133167811,-1.4,0.899961744451457));
#10786=CARTESIAN_POINT('Origin',(15.5212945737557,-1.9,5.39995996777465));
#10787=CARTESIAN_POINT('',(15.5212945737557,-2.1,5.64995996777465));
#10788=CARTESIAN_POINT('Origin',(15.5212945737557,-2.1,5.39995996777465));
#10789=CARTESIAN_POINT('',(15.5212945737557,-1.9,5.64995996777465));
#10790=CARTESIAN_POINT('',(15.5212945737557,-1.9,5.64995996777465));
#10791=CARTESIAN_POINT('Origin',(15.5212945737557,-1.9,5.39995996777465));
#10792=CARTESIAN_POINT('Origin',(15.5212945737557,-1.9,5.39995996777465));
#10793=CARTESIAN_POINT('Origin',(17.2212945737557,-1.8,3.72495996777465));
#10794=CARTESIAN_POINT('',(17.2212945737557,-2.1,1.54995996777465));
#10795=CARTESIAN_POINT('',(17.5212945737557,-1.8,1.54995996777465));
#10796=CARTESIAN_POINT('Origin',(17.2212945737557,-1.8,1.54995996777465));
#10797=CARTESIAN_POINT('',(17.5212945737557,-1.8,5.89995996777465));
#10798=CARTESIAN_POINT('',(17.5212945737557,-1.8,3.72495996777465));
#10799=CARTESIAN_POINT('',(17.2212945737557,-2.1,5.89995996777465));
#10800=CARTESIAN_POINT('Origin',(17.2212945737557,-1.8,5.89995996777465));
#10801=CARTESIAN_POINT('',(17.2212945737557,-2.1,3.72495996777465));
#10802=CARTESIAN_POINT('Origin',(15.5212945737557,-1.8,1.54995996777465));
#10803=CARTESIAN_POINT('',(13.8212945737557,-2.1,1.54995996777465));
#10804=CARTESIAN_POINT('',(13.8212945737557,-1.8,1.24995996777465));
#10805=CARTESIAN_POINT('Origin',(13.8212945737557,-1.8,1.54995996777465));
#10806=CARTESIAN_POINT('',(17.2212945737557,-1.8,1.24995996777465));
#10807=CARTESIAN_POINT('',(15.5212945737557,-1.8,1.24995996777465));
#10808=CARTESIAN_POINT('Origin',(17.2212945737557,-1.8,1.54995996777465));
#10809=CARTESIAN_POINT('',(15.5212945737557,-2.1,1.54995996777465));
#10810=CARTESIAN_POINT('Origin',(17.2212945737557,-1.8,1.54995996777465));
#10811=CARTESIAN_POINT('Origin',(17.2212945737557,-1.8,1.54995996777465));
#10812=CARTESIAN_POINT('Origin',(13.8212945737557,-1.8,3.72495996777465));
#10813=CARTESIAN_POINT('',(13.8212945737557,-2.1,5.89995996777465));
#10814=CARTESIAN_POINT('',(13.5212945737557,-1.8,5.89995996777465));
#10815=CARTESIAN_POINT('Origin',(13.8212945737557,-1.8,5.89995996777465));
#10816=CARTESIAN_POINT('',(13.5212945737557,-1.8,1.54995996777465));
#10817=CARTESIAN_POINT('',(13.5212945737557,-1.8,3.72495996777465));
#10818=CARTESIAN_POINT('Origin',(13.8212945737557,-1.8,1.54995996777465));
#10819=CARTESIAN_POINT('',(13.8212945737557,-2.1,3.72495996777465));
#10820=CARTESIAN_POINT('Origin',(13.8212945737557,-1.8,1.54995996777465));
#10821=CARTESIAN_POINT('Origin',(13.8212945737557,-1.8,1.54995996777465));
#10822=CARTESIAN_POINT('Origin',(15.5212945737557,-1.8,5.89995996777465));
#10823=CARTESIAN_POINT('',(17.2212945737557,-1.8,6.19995996777465));
#10824=CARTESIAN_POINT('Origin',(17.2212945737557,-1.8,5.89995996777465));
#10825=CARTESIAN_POINT('',(13.8212945737557,-1.8,6.19995996777465));
#10826=CARTESIAN_POINT('',(15.5212945737557,-1.8,6.19995996777465));
#10827=CARTESIAN_POINT('Origin',(13.8212945737557,-1.8,5.89995996777465));
#10828=CARTESIAN_POINT('',(15.5212945737557,-2.1,5.89995996777465));
#10829=CARTESIAN_POINT('Origin',(13.8212945737557,-1.8,5.89995996777465));
#10830=CARTESIAN_POINT('Origin',(13.8212945737557,-1.8,5.89995996777465));
#10831=CARTESIAN_POINT('Origin',(17.2212945737557,-1.8,5.89995996777465));
#10832=CARTESIAN_POINT('Origin',(17.2212945737557,-1.8,5.89995996777465));
#10833=CARTESIAN_POINT('Origin',(13.8212945737557,-1.9,1.54995996777465));
#10834=CARTESIAN_POINT('',(13.5212945737557,-0.899999999999999,1.54995996777465));
#10835=CARTESIAN_POINT('',(13.5212945737557,-1.9,1.54995996777465));
#10836=CARTESIAN_POINT('',(13.8212945737557,-0.899999999999999,1.24995996777465));
#10837=CARTESIAN_POINT('Origin',(13.8212945737557,-0.899999999999999,1.54995996777465));
#10838=CARTESIAN_POINT('',(13.8212945737557,-1.9,1.24995996777465));
#10839=CARTESIAN_POINT('Origin',(13.5212945737557,-1.9,3.72495996777465));
#10840=CARTESIAN_POINT('',(13.5212945737557,-0.899999999999998,5.89995996777465));
#10841=CARTESIAN_POINT('',(13.5212945737557,-1.9,5.89995996777465));
#10842=CARTESIAN_POINT('',(13.5212945737557,-0.899999999999998,3.72495996777465));
#10843=CARTESIAN_POINT('Origin',(13.8212945737557,-1.9,5.89995996777465));
#10844=CARTESIAN_POINT('',(13.8212945737557,-0.899999999999998,6.19995996777465));
#10845=CARTESIAN_POINT('',(13.8212945737557,-1.9,6.19995996777465));
#10846=CARTESIAN_POINT('Origin',(13.8212945737557,-0.899999999999998,5.89995996777465));
#10847=CARTESIAN_POINT('Origin',(15.5212945737557,-1.9,6.19995996777465));
#10848=CARTESIAN_POINT('',(17.2212945737557,-0.899999999999997,6.19995996777465));
#10849=CARTESIAN_POINT('',(17.2212945737557,-1.9,6.19995996777465));
#10850=CARTESIAN_POINT('',(15.5212945737557,-0.899999999999997,6.19995996777465));
#10851=CARTESIAN_POINT('Origin',(15.5212945737557,-2.1,3.72495996777465));
#10852=CARTESIAN_POINT('Origin',(15.5212945737557,-0.899999999999998,3.72495996777465));
#10853=CARTESIAN_POINT('',(17.5212945737557,-0.899999999999997,5.89995996777465));
#10854=CARTESIAN_POINT('Origin',(17.2212945737557,-0.899999999999997,5.89995996777465));
#10855=CARTESIAN_POINT('',(17.5212945737557,-0.899999999999998,1.54995996777465));
#10856=CARTESIAN_POINT('',(17.5212945737557,-0.899999999999997,3.72495996777465));
#10857=CARTESIAN_POINT('',(17.2212945737557,-0.899999999999998,1.24995996777465));
#10858=CARTESIAN_POINT('Origin',(17.2212945737557,-0.899999999999998,1.54995996777465));
#10859=CARTESIAN_POINT('',(15.5212945737557,-0.899999999999998,1.24995996777465));
#10860=CARTESIAN_POINT('Origin',(17.2212945737557,-1.9,5.89995996777465));
#10861=CARTESIAN_POINT('',(17.5212945737557,-1.9,5.89995996777465));
#10862=CARTESIAN_POINT('Origin',(17.5212945737557,-1.9,3.72495996777465));
#10863=CARTESIAN_POINT('',(17.5212945737557,-1.9,1.54995996777465));
#10864=CARTESIAN_POINT('Origin',(17.2212945737557,-1.9,1.54995996777465));
#10865=CARTESIAN_POINT('',(17.2212945737557,-1.9,1.24995996777465));
#10866=CARTESIAN_POINT('Origin',(15.5212945737557,-1.9,1.24995996777465));
#10867=CARTESIAN_POINT('Origin',(51.8206789645307,-1.89999999999999,6.8));
#10868=CARTESIAN_POINT('',(52.0206789645307,-0.899999999999989,6.8));
#10869=CARTESIAN_POINT('',(51.8206789645307,-0.899999999999989,7.));
#10870=CARTESIAN_POINT('Origin',(51.8206789645307,-0.899999999999989,6.8));
#10871=CARTESIAN_POINT('',(51.8206789645307,-2.39999999999999,7.));
#10872=CARTESIAN_POINT('',(51.8206789645307,-1.89999999999999,7.));
#10873=CARTESIAN_POINT('',(52.0206789645307,-2.39999999999999,6.8));
#10874=CARTESIAN_POINT('Origin',(51.8206789645307,-2.39999999999999,6.8));
#10875=CARTESIAN_POINT('',(52.0206789645307,-1.89999999999999,6.8));
#10876=CARTESIAN_POINT('Origin',(52.0206789645307,-1.89999999999999,4.5));
#10877=CARTESIAN_POINT('',(52.0206789645307,-2.39999999999999,2.2));
#10878=CARTESIAN_POINT('',(52.0206789645307,-2.39999999999999,4.5));
#10879=CARTESIAN_POINT('',(52.0206789645307,-0.89999999999999,2.2));
#10880=CARTESIAN_POINT('',(52.0206789645307,-1.89999999999999,2.2));
#10881=CARTESIAN_POINT('',(52.0206789645307,-0.89999999999999,4.72770978840369));
#10882=CARTESIAN_POINT('Origin',(49.5206789645307,-2.39999999999999,4.5));
#10883=CARTESIAN_POINT('',(47.2206789645307,-2.39999999999999,7.));
#10884=CARTESIAN_POINT('',(49.5206789645307,-2.39999999999999,7.));
#10885=CARTESIAN_POINT('',(47.0206789645307,-2.39999999999999,6.8));
#10886=CARTESIAN_POINT('Origin',(47.2206789645307,-2.39999999999999,6.8));
#10887=CARTESIAN_POINT('',(47.0206789645307,-2.39999999999999,2.2));
#10888=CARTESIAN_POINT('',(47.0206789645307,-2.39999999999999,4.5));
#10889=CARTESIAN_POINT('',(47.2206789645307,-2.39999999999999,2.));
#10890=CARTESIAN_POINT('Origin',(47.2206789645307,-2.39999999999999,2.2));
#10891=CARTESIAN_POINT('',(51.8206789645307,-2.39999999999999,2.));
#10892=CARTESIAN_POINT('',(49.5206789645307,-2.39999999999999,2.));
#10893=CARTESIAN_POINT('Origin',(51.8206789645307,-2.39999999999999,2.2));
#10894=CARTESIAN_POINT('',(49.5206789645307,-2.39999999999999,6.9));
#10895=CARTESIAN_POINT('Origin',(49.5206789645307,-2.39999999999999,4.5));
#10896=CARTESIAN_POINT('Origin',(47.2206789645307,-1.89999999999999,6.8));
#10897=CARTESIAN_POINT('',(47.2206789645307,-0.89999999999999,7.));
#10898=CARTESIAN_POINT('',(47.0206789645307,-0.89999999999999,6.8));
#10899=CARTESIAN_POINT('Origin',(47.2206789645307,-0.89999999999999,6.8));
#10900=CARTESIAN_POINT('',(47.0206789645307,-1.89999999999999,6.8));
#10901=CARTESIAN_POINT('',(47.2206789645307,-1.89999999999999,7.));
#10902=CARTESIAN_POINT('Origin',(47.0206789645307,-1.89999999999999,4.5));
#10903=CARTESIAN_POINT('',(47.0206789645307,-0.899999999999991,2.2));
#10904=CARTESIAN_POINT('',(47.0206789645307,-0.899999999999991,4.72770978840369));
#10905=CARTESIAN_POINT('',(47.0206789645307,-1.89999999999999,2.2));
#10906=CARTESIAN_POINT('Origin',(30.428,-0.899999999999994,4.95541957680739));
#10907=CARTESIAN_POINT('',(51.8206789645307,-0.89999999999999,2.));
#10908=CARTESIAN_POINT('Origin',(51.8206789645307,-0.89999999999999,2.2));
#10909=CARTESIAN_POINT('',(47.2206789645307,-0.899999999999991,2.));
#10910=CARTESIAN_POINT('',(39.9743394822653,-0.899999999999993,2.));
#10911=CARTESIAN_POINT('Origin',(47.2206789645307,-0.899999999999991,2.2));
#10912=CARTESIAN_POINT('',(39.9743394822653,-0.899999999999992,7.));
#10913=CARTESIAN_POINT('Origin',(47.2206789645307,-1.89999999999999,2.2));
#10914=CARTESIAN_POINT('',(47.2206789645307,-1.89999999999999,2.));
#10915=CARTESIAN_POINT('Origin',(49.5206789645307,-1.89999999999999,2.));
#10916=CARTESIAN_POINT('',(51.8206789645307,-1.89999999999999,2.));
#10917=CARTESIAN_POINT('Origin',(51.8206789645307,-1.89999999999999,2.2));
#10918=CARTESIAN_POINT('Origin',(49.5206789645307,-2.79999999999999,4.5));
#10919=CARTESIAN_POINT('',(49.5206789645307,-2.29999999999999,6.9));
#10920=CARTESIAN_POINT('Origin',(49.5206789645307,-2.29999999999999,4.5));
#10921=CARTESIAN_POINT('',(49.5206789645307,-2.79999999999999,6.9));
#10922=CARTESIAN_POINT('Origin',(49.5206789645307,-2.29999999999999,4.5));
#10923=CARTESIAN_POINT('Origin',(49.5206789645307,-1.89999999999999,7.));
#10924=CARTESIAN_POINT('Origin',(2.5,-2.4,0.900000000000001));
#10925=CARTESIAN_POINT('',(-1.84297022087776E-15,-3.7,0.900000000000002));
#10926=CARTESIAN_POINT('',(-2.37587727269784E-15,-1.3,0.900000000000001));
#10927=CARTESIAN_POINT('',(-2.1316282072803E-15,-2.4,0.900000000000001));
#10928=CARTESIAN_POINT('',(0.999999999999997,-3.7,0.900000000000002));
#10929=CARTESIAN_POINT('',(2.5,-3.7,0.900000000000002));
#10930=CARTESIAN_POINT('',(0.999999999999996,-1.3,0.900000000000001));
#10931=CARTESIAN_POINT('',(0.999999999999997,-2.4,0.900000000000001));
#10932=CARTESIAN_POINT('',(2.5,-1.3,0.900000000000001));
#10933=CARTESIAN_POINT('Origin',(2.5,-3.7,4.5));
#10934=CARTESIAN_POINT('',(-1.84297022087776E-15,-3.7,8.1));
#10935=CARTESIAN_POINT('',(-1.84297022087776E-15,-3.7,4.5));
#10936=CARTESIAN_POINT('',(0.999999999999997,-3.7,8.1));
#10937=CARTESIAN_POINT('',(2.5,-3.7,8.1));
#10938=CARTESIAN_POINT('',(0.999999999999997,-3.7,4.5));
#10939=CARTESIAN_POINT('Origin',(2.5,-2.4,8.1));
#10940=CARTESIAN_POINT('',(-2.37587727269784E-15,-1.3,8.1));
#10941=CARTESIAN_POINT('',(-2.1316282072803E-15,-2.4,8.1));
#10942=CARTESIAN_POINT('',(0.999999999999996,-1.3,8.1));
#10943=CARTESIAN_POINT('',(2.5,-1.3,8.1));
#10944=CARTESIAN_POINT('',(0.999999999999997,-2.4,8.1));
#10945=CARTESIAN_POINT('Origin',(0.999999999999997,-2.4,4.5));
#10946=CARTESIAN_POINT('',(0.999999999999996,-1.3,4.5));
#10947=CARTESIAN_POINT('Origin',(2.5,-1.3,4.5));
#10948=CARTESIAN_POINT('',(-2.37587727269784E-15,-1.3,4.5));
#10949=CARTESIAN_POINT('Origin',(4.3,-2.4,8.4));
#10950=CARTESIAN_POINT('',(4.4,-0.899999999999999,8.4));
#10951=CARTESIAN_POINT('',(4.3,-0.899999999999999,8.5));
#10952=CARTESIAN_POINT('Origin',(4.3,-0.899999999999999,8.4));
#10953=CARTESIAN_POINT('',(4.3,-4.,8.5));
#10954=CARTESIAN_POINT('',(4.3,-2.4,8.5));
#10955=CARTESIAN_POINT('',(4.4,-4.,8.4));
#10956=CARTESIAN_POINT('Origin',(4.3,-4.,8.4));
#10957=CARTESIAN_POINT('',(4.4,-2.4,8.4));
#10958=CARTESIAN_POINT('Origin',(4.3,-4.,4.5));
#10959=CARTESIAN_POINT('',(4.3,-4.1,8.4));
#10960=CARTESIAN_POINT('Origin',(4.3,-4.,8.4));
#10961=CARTESIAN_POINT('',(4.3,-4.1,0.600000000000002));
#10962=CARTESIAN_POINT('',(4.3,-4.1,4.5));
#10963=CARTESIAN_POINT('',(4.4,-4.,0.600000000000002));
#10964=CARTESIAN_POINT('Origin',(4.3,-4.,0.600000000000002));
#10965=CARTESIAN_POINT('',(4.4,-4.,4.5));
#10966=CARTESIAN_POINT('Origin',(4.3,-2.4,0.600000000000001));
#10967=CARTESIAN_POINT('',(4.3,-0.900000000000001,0.5));
#10968=CARTESIAN_POINT('',(4.4,-0.900000000000001,0.600000000000001));
#10969=CARTESIAN_POINT('Origin',(4.3,-0.900000000000001,0.600000000000001));
#10970=CARTESIAN_POINT('',(4.4,-2.4,0.600000000000001));
#10971=CARTESIAN_POINT('',(4.3,-4.,0.500000000000002));
#10972=CARTESIAN_POINT('Origin',(4.3,-4.,0.600000000000002));
#10973=CARTESIAN_POINT('',(4.3,-2.4,0.5));
#10974=CARTESIAN_POINT('Origin',(4.3,-4.,0.600000000000002));
#10975=CARTESIAN_POINT('Origin',(4.3,-4.,0.600000000000002));
#10976=CARTESIAN_POINT('Origin',(4.3,-4.,8.4));
#10977=CARTESIAN_POINT('Origin',(4.3,-4.,8.4));
#10978=CARTESIAN_POINT('Origin',(4.4,-2.4,4.5));
#10979=CARTESIAN_POINT('',(4.4,-0.9,4.5));
#10980=CARTESIAN_POINT('Origin',(2.5,-2.4,0.5));
#10981=CARTESIAN_POINT('',(-1.77635683940025E-15,-4.,0.500000000000002));
#10982=CARTESIAN_POINT('',(2.5,-4.,0.500000000000002));
#10983=CARTESIAN_POINT('',(-2.46469511466785E-15,-0.900000000000002,0.5));
#10984=CARTESIAN_POINT('',(-2.1316282072803E-15,-2.4,0.5));
#10985=CARTESIAN_POINT('',(2.5,-0.900000000000001,0.5));
#10986=CARTESIAN_POINT('Origin',(2.5,-4.,0.600000000000002));
#10987=CARTESIAN_POINT('',(-1.75415237890775E-15,-4.1,0.600000000000002));
#10988=CARTESIAN_POINT('',(2.5,-4.1,0.600000000000002));
#10989=CARTESIAN_POINT('Origin',(-1.77635683940025E-15,-4.,0.600000000000002));
#10990=CARTESIAN_POINT('Origin',(2.5,-4.,8.4));
#10991=CARTESIAN_POINT('',(-1.77635683940025E-15,-4.,8.5));
#10992=CARTESIAN_POINT('',(2.5,-4.,8.5));
#10993=CARTESIAN_POINT('',(-1.75415237890775E-15,-4.1,8.4));
#10994=CARTESIAN_POINT('Origin',(-1.77635683940025E-15,-4.,8.4));
#10995=CARTESIAN_POINT('',(2.5,-4.1,8.4));
#10996=CARTESIAN_POINT('Origin',(2.5,-4.1,4.5));
#10997=CARTESIAN_POINT('',(-1.75415237890775E-15,-4.1,4.5));
#10998=CARTESIAN_POINT('Origin',(2.5,-2.4,8.5));
#10999=CARTESIAN_POINT('',(-2.46469511466785E-15,-0.9,8.5));
#11000=CARTESIAN_POINT('',(2.5,-0.899999999999999,8.5));
#11001=CARTESIAN_POINT('',(-2.1316282072803E-15,-2.4,8.5));
#11002=CARTESIAN_POINT('Origin',(2.5,-0.9,4.5));
#11003=CARTESIAN_POINT('',(-2.46469511466785E-15,-0.900000000000001,4.5));
#11004=CARTESIAN_POINT('Origin',(-2.1316282072803E-15,-2.4,4.5));
#11005=CARTESIAN_POINT('Origin',(29.520834346575,-0.499999999999996,4.5));
#11006=CARTESIAN_POINT('',(25.270834346575,-9.55193349511583,4.5));
#11007=CARTESIAN_POINT('',(29.520834346575,-9.55193349511583,8.75));
#11008=CARTESIAN_POINT('Origin',(29.520834346575,-9.55193349511583,4.5));
#11009=CARTESIAN_POINT('Origin',(29.520834346575,-9.55193349511583,4.5));
#11010=CARTESIAN_POINT('',(29.520834346575,-10.5,4.5));
#11011=CARTESIAN_POINT('Origin',(29.520834346575,-0.499999999999996,4.5));
#11012=CARTESIAN_POINT('Origin',(29.520834346575,-9.75,4.5));
#11013=CARTESIAN_POINT('',(25.270834346575,-10.,4.5));
#11014=CARTESIAN_POINT('Origin',(29.520834346575,-10.,4.5));
#11015=CARTESIAN_POINT('',(25.270834346575,-9.75,4.5));
#11016=CARTESIAN_POINT('Origin',(29.520834346575,-10.,4.5));
#11017=CARTESIAN_POINT('',(29.520834346575,-9.99999999999999,9.5));
#11018=CARTESIAN_POINT('Origin',(29.520834346575,-10.,4.5));
#11019=CARTESIAN_POINT('Origin',(29.520834346575,-7.,4.5));
#11020=CARTESIAN_POINT('',(29.520834346575,-6.99999999999999,9.5));
#11021=CARTESIAN_POINT('Origin',(29.520834346575,-7.,4.5));
#11022=CARTESIAN_POINT('',(29.520834346575,-6.99999973773956,8.575));
#11023=CARTESIAN_POINT('Origin',(29.520834346575,-6.99999973773956,4.5));
#11024=CARTESIAN_POINT('Origin',(29.520834346575,-7.5,4.5));
#11025=CARTESIAN_POINT('',(29.520834346575,-7.5,9.5));
#11026=CARTESIAN_POINT('Origin',(29.520834346575,-6.22,4.5));
#11027=CARTESIAN_POINT('',(29.520834346575,-6.21999999999999,8.575));
#11028=CARTESIAN_POINT('Origin',(29.520834346575,-6.22,4.5));
#11029=CARTESIAN_POINT('',(29.520834346575,-6.21999999999999,7.875));
#11030=CARTESIAN_POINT('Origin',(29.520834346575,-6.22,4.5));
#11031=CARTESIAN_POINT('Origin',(29.520834346575,-6.47,4.5));
#11032=CARTESIAN_POINT('',(29.520834346575,-6.46999999999999,8.575));
#11033=CARTESIAN_POINT('Origin',(29.520834346575,-5.21999999999999,4.5));
#11034=CARTESIAN_POINT('',(29.520834346575,-4.71999999999999,7.875));
#11035=CARTESIAN_POINT('',(29.520834346575,-5.21999999999999,7.875));
#11036=CARTESIAN_POINT('Origin',(29.520834346575,-4.71999999999999,4.5));
#11037=CARTESIAN_POINT('Origin',(29.520834346575,-4.71999999999999,4.5));
#11038=CARTESIAN_POINT('',(25.620834346575,-4.72,4.5));
#11039=CARTESIAN_POINT('Origin',(29.520834346575,-4.71999999999999,4.5));
#11040=CARTESIAN_POINT('Origin',(29.520834346575,-3.74999999999999,4.5));
#11041=CARTESIAN_POINT('',(25.620834346575,-2.75,4.5));
#11042=CARTESIAN_POINT('Origin',(29.520834346575,-2.74999999999999,4.5));
#11043=CARTESIAN_POINT('',(25.620834346575,-3.75,4.5));
#11044=CARTESIAN_POINT('Origin',(29.520834346575,-2.74999999999999,4.5));
#11045=CARTESIAN_POINT('',(25.520834346575,-2.74999999999999,8.5));
#11046=CARTESIAN_POINT('',(25.520834346575,-2.75,0.500000000000003));
#11047=CARTESIAN_POINT('',(25.520834346575,-2.75,4.5));
#11048=CARTESIAN_POINT('',(33.520834346575,-2.74999999999999,0.500000000000003));
#11049=CARTESIAN_POINT('',(29.520834346575,-2.75,0.500000000000003));
#11050=CARTESIAN_POINT('',(33.520834346575,-2.74999999999999,8.5));
#11051=CARTESIAN_POINT('',(33.520834346575,-2.74999999999999,4.5));
#11052=CARTESIAN_POINT('',(29.520834346575,-2.74999999999999,8.5));
#11053=CARTESIAN_POINT('Origin',(25.520834346575,-2.4,4.5));
#11054=CARTESIAN_POINT('',(25.520834346575,-0.899999999999994,8.5));
#11055=CARTESIAN_POINT('',(25.520834346575,-2.39999999999999,8.5));
#11056=CARTESIAN_POINT('',(25.520834346575,-0.899999999999996,0.500000000000002));
#11057=CARTESIAN_POINT('',(25.520834346575,-0.899999999999995,4.5));
#11058=CARTESIAN_POINT('',(25.520834346575,-2.65,0.500000000000003));
#11059=CARTESIAN_POINT('Origin',(29.520834346575,-2.4,0.500000000000002));
#11060=CARTESIAN_POINT('',(33.520834346575,-0.899999999999994,0.500000000000002));
#11061=CARTESIAN_POINT('',(29.520834346575,-0.899999999999995,0.500000000000002));
#11062=CARTESIAN_POINT('',(33.520834346575,-2.64999999999999,0.500000000000003));
#11063=CARTESIAN_POINT('Origin',(33.520834346575,-2.39999999999999,4.5));
#11064=CARTESIAN_POINT('',(33.520834346575,-0.899999999999992,8.5));
#11065=CARTESIAN_POINT('',(33.520834346575,-0.899999999999993,4.5));
#11066=CARTESIAN_POINT('',(33.520834346575,-2.64999999999999,8.5));
#11067=CARTESIAN_POINT('Origin',(29.520834346575,-2.39999999999999,8.5));
#11068=CARTESIAN_POINT('',(29.520834346575,-0.899999999999993,8.5));
#11069=CARTESIAN_POINT('Origin',(29.520834346575,-0.899999999999994,4.5));
#11070=UNCERTAINTY_MEASURE_WITH_UNIT(LENGTH_MEASURE(0.01),#11074,
'DISTANCE_ACCURACY_VALUE',
'Maximum model space distance between geometric entities at asserted c
onnectivities');
#11071=UNCERTAINTY_MEASURE_WITH_UNIT(LENGTH_MEASURE(0.01),#11074,
'DISTANCE_ACCURACY_VALUE',
'Maximum model space distance between geometric entities at asserted c
onnectivities');
#11072=(
GEOMETRIC_REPRESENTATION_CONTEXT(3)
GLOBAL_UNCERTAINTY_ASSIGNED_CONTEXT((#11070))
GLOBAL_UNIT_ASSIGNED_CONTEXT((#11074,#11076,#11077))
REPRESENTATION_CONTEXT('','3D')
);
#11073=(
GEOMETRIC_REPRESENTATION_CONTEXT(3)
GLOBAL_UNCERTAINTY_ASSIGNED_CONTEXT((#11071))
GLOBAL_UNIT_ASSIGNED_CONTEXT((#11074,#11076,#11077))
REPRESENTATION_CONTEXT('','3D')
);
#11074=(
LENGTH_UNIT()
NAMED_UNIT(*)
SI_UNIT(.MILLI.,.METRE.)
);
#11075=(
LENGTH_UNIT()
NAMED_UNIT(*)
SI_UNIT($,.METRE.)
);
#11076=(
NAMED_UNIT(*)
PLANE_ANGLE_UNIT()
SI_UNIT($,.RADIAN.)
);
#11077=(
NAMED_UNIT(*)
SI_UNIT($,.STERADIAN.)
SOLID_ANGLE_UNIT()
);
#11078=SHAPE_DEFINITION_REPRESENTATION(#11079,#11080);
#11079=PRODUCT_DEFINITION_SHAPE('',$,#11082);
#11080=SHAPE_REPRESENTATION('',(#5818),#11072);
#11081=PRODUCT_DEFINITION_CONTEXT('part definition',#11086,'design');
#11082=PRODUCT_DEFINITION('HBV-5M1825','HBV-5M1825 v10',#11083,#11081);
#11083=PRODUCT_DEFINITION_FORMATION('',$,#11088);
#11084=PRODUCT_RELATED_PRODUCT_CATEGORY('HBV-5M1825 v10',
'HBV-5M1825 v10',(#11088));
#11085=APPLICATION_PROTOCOL_DEFINITION('international standard',
'automotive_design',2009,#11086);
#11086=APPLICATION_CONTEXT(
'Core Data for Automotive Mechanical Design Process');
#11087=PRODUCT_CONTEXT('part definition',#11086,'mechanical');
#11088=PRODUCT('HBV-5M1825','HBV-5M1825 v10',$,(#11087));
#11089=PRESENTATION_STYLE_ASSIGNMENT((#11097));
#11090=PRESENTATION_STYLE_ASSIGNMENT((#11098));
#11091=PRESENTATION_STYLE_ASSIGNMENT((#11099));
#11092=PRESENTATION_STYLE_ASSIGNMENT((#11100));
#11093=PRESENTATION_STYLE_ASSIGNMENT((#11101));
#11094=PRESENTATION_STYLE_ASSIGNMENT((#11102));
#11095=PRESENTATION_STYLE_ASSIGNMENT((#11103));
#11096=PRESENTATION_STYLE_ASSIGNMENT((#11104));
#11097=SURFACE_STYLE_USAGE(.BOTH.,#11105);
#11098=SURFACE_STYLE_USAGE(.BOTH.,#11106);
#11099=SURFACE_STYLE_USAGE(.BOTH.,#11107);
#11100=SURFACE_STYLE_USAGE(.BOTH.,#11108);
#11101=SURFACE_STYLE_USAGE(.BOTH.,#11109);
#11102=SURFACE_STYLE_USAGE(.BOTH.,#11110);
#11103=SURFACE_STYLE_USAGE(.BOTH.,#11111);
#11104=SURFACE_STYLE_USAGE(.BOTH.,#11112);
#11105=SURFACE_SIDE_STYLE('',(#11113));
#11106=SURFACE_SIDE_STYLE('',(#11114));
#11107=SURFACE_SIDE_STYLE('',(#11115));
#11108=SURFACE_SIDE_STYLE('',(#11116));
#11109=SURFACE_SIDE_STYLE('',(#11117));
#11110=SURFACE_SIDE_STYLE('',(#11118));
#11111=SURFACE_SIDE_STYLE('',(#11119));
#11112=SURFACE_SIDE_STYLE('',(#11120));
#11113=SURFACE_STYLE_FILL_AREA(#11121);
#11114=SURFACE_STYLE_FILL_AREA(#11122);
#11115=SURFACE_STYLE_FILL_AREA(#11123);
#11116=SURFACE_STYLE_FILL_AREA(#11124);
#11117=SURFACE_STYLE_FILL_AREA(#11125);
#11118=SURFACE_STYLE_FILL_AREA(#11126);
#11119=SURFACE_STYLE_FILL_AREA(#11127);
#11120=SURFACE_STYLE_FILL_AREA(#11128);
#11121=FILL_AREA_STYLE('Steel - Satin',(#11129));
#11122=FILL_AREA_STYLE('FR4',(#11130));
#11123=FILL_AREA_STYLE('ABS (White)',(#11131));
#11124=FILL_AREA_STYLE('Aluminum - Anodized Glossy (Grey)',(#11132));
#11125=FILL_AREA_STYLE('Glass - Heavy Color',(#11133));
#11126=FILL_AREA_STYLE('Paek (Beige)',(#11134));
#11127=FILL_AREA_STYLE(
'PA 11 - Nylon- HP 11-30 (with EOS P 396 3D Printer)',(#11135));
#11128=FILL_AREA_STYLE('Chrome - Black',(#11136));
#11129=FILL_AREA_STYLE_COLOUR('Steel - Satin',#11137);
#11130=FILL_AREA_STYLE_COLOUR('FR4',#11138);
#11131=FILL_AREA_STYLE_COLOUR('ABS (White)',#11139);
#11132=FILL_AREA_STYLE_COLOUR('Aluminum - Anodized Glossy (Grey)',#11140);
#11133=FILL_AREA_STYLE_COLOUR('Glass - Heavy Color',#11141);
#11134=FILL_AREA_STYLE_COLOUR('Paek (Beige)',#11142);
#11135=FILL_AREA_STYLE_COLOUR(
'PA 11 - Nylon- HP 11-30 (with EOS P 396 3D Printer)',#11143);
#11136=FILL_AREA_STYLE_COLOUR('Chrome - Black',#11144);
#11137=COLOUR_RGB('Steel - Satin',0.627450980392157,0.627450980392157,0.627450980392157);
#11138=COLOUR_RGB('FR4',0.266666666666667,0.466666666666667,0.4);
#11139=COLOUR_RGB('ABS (White)',0.964705882352941,0.964705882352941,0.952941176470588);
#11140=COLOUR_RGB('Aluminum - Anodized Glossy (Grey)',0.537254901960784,
0.537254901960784,0.537254901960784);
#11141=COLOUR_RGB('Glass - Heavy Color',0.0980392156862745,0.0980392156862745,
0.0980392156862745);
#11142=COLOUR_RGB('Paek (Beige)',0.898039215686275,0.792156862745098,0.619607843137255);
#11143=COLOUR_RGB('PA 11 - Nylon- HP 11-30 (with EOS P 396 3D Printer)',
0.247058823529412,0.247058823529412,0.247058823529412);
#11144=COLOUR_RGB('Chrome - Black',0.564705882352941,0.556862745098039,
0.545098039215686);
ENDSEC;
END-ISO-10303-21;
